#{"t_start": 1745329876.818113, "env_id": "None"}
r,l,t,user_id,item_interact,item_clicks
2.191111,50,0.560877,0,"(np.int64(9244), np.int64(14289), np.int64(38378), np.int64(33218), np.int64(9355), np.int64(6836), np.int64(30076), np.int64(45846), np.int64(292), np.int64(12676), np.int64(32780), np.int64(12622), np.int64(43365), np.int64(41790), np.int64(20576), np.int64(48862), np.int64(34130), np.int64(22818), np.int64(41174), np.int64(38694), np.int64(31220), np.int64(9911), np.int64(42494), np.int64(16796), np.int64(5614), np.int64(2004), np.int64(35003), np.int64(28234), np.int64(28258), np.int64(12018), np.int64(9448), np.int64(39303), np.int64(32288), np.int64(17816), np.int64(48389), np.int64(30675), np.int64(21642), np.int64(25636), np.int64(9909), np.int64(30939), np.int64(11559), np.int64(10205), np.int64(29513), np.int64(3331), np.int64(25144), np.int64(24466), np.int64(24212), np.int64(33778), np.int64(17328), np.int64(36150))","(0, 0, 0, 0, 0, 0, 0, 1, 0, 1, 0, 0, 0, 0, 0, 0, 0, 0, 0, 0, 0, 0, 0, 0, 0, 0, 0, 0, 0, 0, 0, 0, 0, 0, 0, 0, 0, 0, 0, 0, 0, 0, 0, 0, 0, 1, 0, 0, 0, 0)"
19.759857,50,0.995814,2,"(np.int64(38911), np.int64(150), np.int64(323), np.int64(25681), np.int64(1566), np.int64(5258), np.int64(13781), np.int64(5287), np.int64(49844), np.int64(32344), np.int64(42159), np.int64(48749), np.int64(8654), np.int64(19192), np.int64(29937), np.int64(33021), np.int64(22806), np.int64(35463), np.int64(3693), np.int64(5856), np.int64(13127), np.int64(24737), np.int64(45936), np.int64(2167), np.int64(23354), np.int64(28706), np.int64(45489), np.int64(13819), np.int64(39621), np.int64(21053), np.int64(36029), np.int64(19085), np.int64(9364), np.int64(20820), np.int64(49398), np.int64(21195), np.int64(22594), np.int64(32443), np.int64(45151), np.int64(45940), np.int64(22082), np.int64(27902), np.int64(37449), np.int64(21449), np.int64(13749), np.int64(11255), np.int64(10819), np.int64(14754), np.int64(36214), np.int64(6652))","(1, 1, 1, 1, 1, 1, 0, 1, 0, 0, 0, 1, 1, 1, 0, 1, 0, 0, 1, 1, 1, 0, 0, 0, 0, 1, 0, 1, 0, 1, 0, 1, 1, 1, 1, 1, 0, 0, 0, 0, 0, 1, 1, 1, 0, 1, 1, 1, 1, 1)"
4.622804,50,1.448874,0,"(np.int64(36921), np.int64(30387), np.int64(34250), np.int64(28392), np.int64(30969), np.int64(47301), np.int64(31990), np.int64(6166), np.int64(5348), np.int64(24751), np.int64(2713), np.int64(39616), np.int64(26412), np.int64(6140), np.int64(507), np.int64(30942), np.int64(29697), np.int64(15678), np.int64(5967), np.int64(35213), np.int64(24608), np.int64(4171), np.int64(8655), np.int64(18338), np.int64(42035), np.int64(11017), np.int64(43805), np.int64(38744), np.int64(25920), np.int64(15016), np.int64(22600), np.int64(29932), np.int64(47447), np.int64(12882), np.int64(9713), np.int64(33532), np.int64(37619), np.int64(36525), np.int64(46250), np.int64(19163), np.int64(15441), np.int64(40120), np.int64(426), np.int64(2592), np.int64(21958), np.int64(38161), np.int64(41173), np.int64(31429), np.int64(24948), np.int64(20703))","(0, 0, 1, 0, 0, 0, 0, 0, 0, 1, 0, 0, 0, 1, 1, 0, 0, 0, 0, 0, 0, 0, 0, 0, 0, 0, 0, 0, 0, 0, 0, 0, 0, 0, 0, 0, 0, 0, 0, 0, 0, 0, 0, 1, 0, 0, 0, 0, 1, 0)"
18.929034,50,1.92622,6,"(np.int64(40774), np.int64(46621), np.int64(4630), np.int64(47451), np.int64(9045), np.int64(33330), np.int64(4503), np.int64(12410), np.int64(23810), np.int64(45230), np.int64(8961), np.int64(8441), np.int64(35569), np.int64(9604), np.int64(16688), np.int64(49806), np.int64(28037), np.int64(25658), np.int64(44685), np.int64(49003), np.int64(36680), np.int64(2673), np.int64(45068), np.int64(6962), np.int64(35929), np.int64(15646), np.int64(23698), np.int64(20306), np.int64(48315), np.int64(478), np.int64(20096), np.int64(9987), np.int64(27159), np.int64(41358), np.int64(26393), np.int64(6714), np.int64(16521), np.int64(42106), np.int64(7313), np.int64(15890), np.int64(30963), np.int64(10229), np.int64(3505), np.int64(1882), np.int64(30285), np.int64(44167), np.int64(4306), np.int64(9835), np.int64(15493), np.int64(14089))","(0, 1, 1, 0, 1, 1, 1, 1, 1, 0, 1, 1, 0, 1, 0, 1, 1, 1, 0, 1, 0, 1, 0, 1, 0, 1, 1, 1, 0, 1, 0, 1, 1, 0, 0, 1, 1, 0, 0, 1, 0, 1, 1, 1, 0, 0, 1, 0, 1, 1)"
21.112285,50,2.387224,5,"(np.int64(25036), np.int64(31503), np.int64(8334), np.int64(35841), np.int64(14165), np.int64(32602), np.int64(26301), np.int64(16246), np.int64(12725), np.int64(40252), np.int64(48425), np.int64(14808), np.int64(30821), np.int64(3602), np.int64(36707), np.int64(21529), np.int64(40), np.int64(33410), np.int64(15192), np.int64(14472), np.int64(19057), np.int64(48402), np.int64(7179), np.int64(39220), np.int64(17406), np.int64(22731), np.int64(10227), np.int64(26009), np.int64(18355), np.int64(48664), np.int64(21816), np.int64(9280), np.int64(9964), np.int64(23875), np.int64(20316), np.int64(26341), np.int64(5075), np.int64(36473), np.int64(28612), np.int64(48045), np.int64(39685), np.int64(15071), np.int64(37082), np.int64(38614), np.int64(12751), np.int64(41487), np.int64(4143), np.int64(3723), np.int64(24129), np.int64(49143))","(1, 1, 1, 0, 1, 1, 1, 1, 1, 0, 0, 1, 0, 1, 0, 1, 1, 1, 1, 1, 1, 0, 1, 1, 1, 0, 0, 1, 0, 1, 1, 1, 1, 1, 1, 1, 1, 0, 1, 0, 0, 1, 0, 1, 1, 1, 1, 0, 0, 0)"
19.756092,50,2.813886,5,"(np.int64(41461), np.int64(21609), np.int64(33742), np.int64(26947), np.int64(8272), np.int64(41648), np.int64(11729), np.int64(42146), np.int64(48464), np.int64(5142), np.int64(9031), np.int64(40690), np.int64(7452), np.int64(21861), np.int64(24052), np.int64(16293), np.int64(6283), np.int64(6022), np.int64(28259), np.int64(48526), np.int64(37031), np.int64(11056), np.int64(38500), np.int64(13846), np.int64(4471), np.int64(29514), np.int64(27516), np.int64(8329), np.int64(5794), np.int64(29128), np.int64(34664), np.int64(30118), np.int64(34323), np.int64(25142), np.int64(28810), np.int64(43082), np.int64(16522), np.int64(48868), np.int64(18686), np.int64(7784), np.int64(27756), np.int64(12763), np.int64(17539), np.int64(19776), np.int64(24393), np.int64(41662), np.int64(11269), np.int64(15397), np.int64(34485), np.int64(46956))","(1, 0, 0, 0, 1, 1, 1, 0, 1, 0, 1, 0, 1, 1, 1, 1, 1, 1, 0, 1, 0, 1, 1, 1, 1, 1, 0, 1, 1, 1, 0, 1, 0, 1, 1, 0, 1, 0, 1, 1, 0, 1, 0, 1, 0, 1, 0, 1, 0, 0)"
15.891987,50,3.210885,5,"(np.int64(49776), np.int64(20362), np.int64(2259), np.int64(37174), np.int64(47348), np.int64(13518), np.int64(11949), np.int64(33011), np.int64(27528), np.int64(31782), np.int64(23564), np.int64(22218), np.int64(575), np.int64(24641), np.int64(38194), np.int64(34911), np.int64(48738), np.int64(41438), np.int64(40616), np.int64(20990), np.int64(11857), np.int64(33621), np.int64(4070), np.int64(20197), np.int64(29366), np.int64(4892), np.int64(41643), np.int64(35435), np.int64(43956), np.int64(3035), np.int64(33224), np.int64(16204), np.int64(38240), np.int64(24104), np.int64(44730), np.int64(5348), np.int64(17006), np.int64(35368), np.int64(47100), np.int64(39638), np.int64(14936), np.int64(42785), np.int64(32432), np.int64(40724), np.int64(32457), np.int64(14391), np.int64(1771), np.int64(25653), np.int64(9260), np.int64(26892))","(0, 1, 1, 0, 1, 1, 1, 0, 0, 1, 0, 0, 1, 1, 0, 0, 1, 1, 0, 1, 1, 0, 1, 1, 1, 1, 0, 0, 0, 1, 0, 1, 0, 1, 0, 0, 1, 0, 1, 0, 1, 0, 0, 0, 0, 0, 1, 0, 1, 1)"
17.735794,50,3.613544,4,"(np.int64(36905), np.int64(28382), np.int64(44892), np.int64(49153), np.int64(39143), np.int64(3450), np.int64(20765), np.int64(37352), np.int64(17696), np.int64(48662), np.int64(28154), np.int64(25411), np.int64(1795), np.int64(5721), np.int64(49909), np.int64(4526), np.int64(36821), np.int64(15896), np.int64(39052), np.int64(36953), np.int64(49092), np.int64(46357), np.int64(46663), np.int64(8570), np.int64(38648), np.int64(24046), np.int64(17832), np.int64(9710), np.int64(40018), np.int64(36156), np.int64(1449), np.int64(22589), np.int64(6322), np.int64(26220), np.int64(9741), np.int64(1878), np.int64(24644), np.int64(39954), np.int64(8799), np.int64(29604), np.int64(11459), np.int64(27563), np.int64(22235), np.int64(49175), np.int64(26715), np.int64(19314), np.int64(2697), np.int64(46518), np.int64(31700), np.int64(49686))","(0, 0, 0, 1, 1, 1, 1, 0, 0, 1, 0, 1, 1, 1, 1, 1, 1, 1, 0, 0, 0, 0, 0, 1, 0, 1, 1, 1, 1, 1, 1, 0, 1, 1, 1, 1, 1, 0, 1, 1, 1, 0, 0, 0, 0, 1, 1, 0, 0, 0)"
21.946279,50,4.004521,5,"(np.int64(30205), np.int64(5499), np.int64(13654), np.int64(21029), np.int64(28356), np.int64(12936), np.int64(39849), np.int64(32206), np.int64(38169), np.int64(32422), np.int64(34633), np.int64(20811), np.int64(29135), np.int64(26245), np.int64(12268), np.int64(32295), np.int64(470), np.int64(28534), np.int64(33893), np.int64(48340), np.int64(29806), np.int64(33771), np.int64(9979), np.int64(28915), np.int64(12722), np.int64(46895), np.int64(40438), np.int64(13561), np.int64(38350), np.int64(32763), np.int64(22991), np.int64(15504), np.int64(49047), np.int64(7661), np.int64(28492), np.int64(29096), np.int64(1140), np.int64(40402), np.int64(21762), np.int64(2710), np.int64(14373), np.int64(15376), np.int64(8556), np.int64(41240), np.int64(7144), np.int64(29320), np.int64(5622), np.int64(20782), np.int64(32944), np.int64(44456))","(0, 1, 1, 0, 0, 1, 1, 0, 1, 0, 0, 1, 1, 1, 0, 1, 1, 1, 0, 0, 0, 1, 1, 1, 1, 0, 1, 1, 0, 0, 0, 1, 1, 1, 1, 1, 1, 1, 1, 1, 1, 1, 1, 1, 1, 1, 1, 1, 0, 0)"
23.544631,50,4.423103,5,"(np.int64(33945), np.int64(24283), np.int64(28838), np.int64(27951), np.int64(30078), np.int64(21011), np.int64(3425), np.int64(33109), np.int64(16328), np.int64(25350), np.int64(7092), np.int64(10353), np.int64(10319), np.int64(27907), np.int64(22066), np.int64(24025), np.int64(9206), np.int64(44652), np.int64(17738), np.int64(17880), np.int64(14159), np.int64(15786), np.int64(2091), np.int64(15998), np.int64(48750), np.int64(13725), np.int64(2143), np.int64(24647), np.int64(25384), np.int64(1373), np.int64(38007), np.int64(28889), np.int64(26389), np.int64(10289), np.int64(30035), np.int64(11557), np.int64(5556), np.int64(49798), np.int64(4357), np.int64(41302), np.int64(25589), np.int64(29307), np.int64(902), np.int64(48449), np.int64(16319), np.int64(41144), np.int64(37785), np.int64(12912), np.int64(40869), np.int64(21270))","(1, 1, 1, 1, 0, 1, 1, 0, 1, 1, 0, 1, 1, 1, 1, 1, 1, 1, 1, 1, 1, 1, 1, 1, 0, 0, 1, 1, 1, 1, 0, 1, 1, 1, 0, 1, 1, 0, 1, 0, 1, 1, 1, 0, 0, 1, 0, 1, 0, 0)"
16.223808,50,4.847517,4,"(np.int64(32602), np.int64(788), np.int64(38966), np.int64(21419), np.int64(14917), np.int64(47091), np.int64(46007), np.int64(18393), np.int64(11072), np.int64(16378), np.int64(40835), np.int64(29652), np.int64(35907), np.int64(3920), np.int64(19351), np.int64(16043), np.int64(47698), np.int64(22442), np.int64(48686), np.int64(42410), np.int64(18657), np.int64(25509), np.int64(23113), np.int64(31767), np.int64(22735), np.int64(13309), np.int64(14910), np.int64(4387), np.int64(14086), np.int64(1134), np.int64(513), np.int64(16630), np.int64(39651), np.int64(42762), np.int64(25566), np.int64(39300), np.int64(15304), np.int64(15207), np.int64(45366), np.int64(28462), np.int64(19619), np.int64(7976), np.int64(6440), np.int64(35505), np.int64(29860), np.int64(2628), np.int64(30522), np.int64(41177), np.int64(45384), np.int64(22533))","(1, 1, 1, 1, 1, 0, 0, 1, 1, 1, 0, 0, 0, 0, 1, 1, 0, 0, 1, 0, 1, 0, 0, 1, 0, 1, 1, 1, 1, 1, 1, 1, 1, 0, 0, 0, 1, 0, 0, 0, 1, 1, 1, 1, 0, 0, 0, 1, 0, 0)"
1.536919,50,5.240555,0,"(np.int64(15014), np.int64(4822), np.int64(14802), np.int64(3671), np.int64(13692), np.int64(47241), np.int64(49713), np.int64(27894), np.int64(47199), np.int64(43417), np.int64(12401), np.int64(49179), np.int64(12280), np.int64(33379), np.int64(40385), np.int64(45123), np.int64(792), np.int64(21959), np.int64(40227), np.int64(28412), np.int64(2740), np.int64(9734), np.int64(44377), np.int64(39843), np.int64(14913), np.int64(35729), np.int64(4791), np.int64(5153), np.int64(15875), np.int64(21480), np.int64(29048), np.int64(236), np.int64(17866), np.int64(29889), np.int64(18482), np.int64(7861), np.int64(32881), np.int64(42216), np.int64(35430), np.int64(33696), np.int64(27510), np.int64(34692), np.int64(33358), np.int64(34002), np.int64(43390), np.int64(36663), np.int64(44480), np.int64(44077), np.int64(18075), np.int64(18103))","(0, 0, 0, 0, 0, 0, 0, 0, 0, 0, 0, 0, 0, 0, 0, 0, 0, 0, 0, 0, 0, 0, 0, 0, 1, 0, 0, 0, 0, 0, 0, 0, 0, 0, 0, 1, 0, 0, 0, 0, 0, 0, 0, 0, 0, 0, 0, 0, 0, 0)"
18.12914,50,5.621754,6,"(np.int64(18147), np.int64(17704), np.int64(9933), np.int64(575), np.int64(48198), np.int64(3629), np.int64(31703), np.int64(21727), np.int64(13308), np.int64(43295), np.int64(24969), np.int64(26614), np.int64(27511), np.int64(8202), np.int64(10510), np.int64(42229), np.int64(29182), np.int64(34078), np.int64(47523), np.int64(37900), np.int64(4117), np.int64(45887), np.int64(20607), np.int64(12188), np.int64(47543), np.int64(36282), np.int64(47623), np.int64(19117), np.int64(43810), np.int64(19255), np.int64(24368), np.int64(38224), np.int64(28191), np.int64(38644), np.int64(9614), np.int64(3602), np.int64(9584), np.int64(15608), np.int64(28650), np.int64(625), np.int64(24487), np.int64(22275), np.int64(17563), np.int64(9928), np.int64(22458), np.int64(13418), np.int64(27747), np.int64(22331), np.int64(3237), np.int64(4552))","(0, 0, 1, 1, 0, 1, 1, 1, 1, 0, 1, 1, 0, 1, 0, 0, 1, 0, 1, 0, 1, 0, 1, 1, 1, 0, 0, 1, 0, 1, 1, 1, 0, 0, 1, 1, 1, 1, 0, 1, 1, 0, 1, 1, 0, 1, 0, 0, 1, 1)"
19.749852,50,5.994371,1,"(np.int64(35809), np.int64(28789), np.int64(31196), np.int64(7571), np.int64(15911), np.int64(47632), np.int64(27004), np.int64(33253), np.int64(21870), np.int64(31424), np.int64(3119), np.int64(16309), np.int64(46997), np.int64(6982), np.int64(27381), np.int64(15667), np.int64(1503), np.int64(41646), np.int64(16078), np.int64(6941), np.int64(9204), np.int64(13326), np.int64(49336), np.int64(38492), np.int64(29716), np.int64(40395), np.int64(40292), np.int64(41436), np.int64(26277), np.int64(26413), np.int64(1981), np.int64(36186), np.int64(42979), np.int64(16317), np.int64(11531), np.int64(29668), np.int64(34227), np.int64(48500), np.int64(30443), np.int64(7121), np.int64(4245), np.int64(26421), np.int64(11848), np.int64(12477), np.int64(36147), np.int64(20140), np.int64(17274), np.int64(22439), np.int64(31594), np.int64(28898))","(0, 1, 1, 1, 1, 1, 0, 0, 1, 1, 1, 1, 0, 1, 1, 1, 1, 1, 1, 1, 1, 1, 0, 0, 0, 0, 0, 1, 1, 1, 1, 0, 0, 1, 1, 1, 0, 0, 0, 1, 1, 1, 1, 1, 0, 0, 0, 0, 1, 0)"
16.758877,50,6.376259,5,"(np.int64(41330), np.int64(17431), np.int64(16282), np.int64(9681), np.int64(27114), np.int64(27423), np.int64(45511), np.int64(44495), np.int64(23422), np.int64(33293), np.int64(43591), np.int64(11099), np.int64(41181), np.int64(38189), np.int64(19455), np.int64(31530), np.int64(16751), np.int64(37704), np.int64(13684), np.int64(48512), np.int64(39341), np.int64(41261), np.int64(33192), np.int64(39148), np.int64(6665), np.int64(18189), np.int64(48220), np.int64(30790), np.int64(45172), np.int64(23714), np.int64(31232), np.int64(16841), np.int64(4272), np.int64(42621), np.int64(38698), np.int64(31160), np.int64(6210), np.int64(40626), np.int64(8424), np.int64(13733), np.int64(6426), np.int64(11145), np.int64(3086), np.int64(36341), np.int64(20807), np.int64(17623), np.int64(29031), np.int64(25875), np.int64(7690), np.int64(43461))","(1, 1, 1, 0, 1, 0, 0, 0, 1, 1, 0, 1, 1, 0, 0, 1, 1, 1, 0, 0, 0, 0, 0, 0, 1, 0, 0, 0, 1, 0, 1, 1, 1, 0, 1, 0, 1, 0, 1, 0, 0, 1, 1, 1, 1, 0, 1, 1, 1, 0)"
17.377134,50,6.750956,6,"(np.int64(28545), np.int64(25796), np.int64(27535), np.int64(16359), np.int64(35450), np.int64(13358), np.int64(18364), np.int64(26487), np.int64(29558), np.int64(10769), np.int64(47991), np.int64(15298), np.int64(48017), np.int64(11400), np.int64(41742), np.int64(43621), np.int64(6797), np.int64(49053), np.int64(42301), np.int64(19640), np.int64(46824), np.int64(48832), np.int64(44799), np.int64(48598), np.int64(39111), np.int64(49041), np.int64(43152), np.int64(13057), np.int64(44633), np.int64(40364), np.int64(44429), np.int64(38914), np.int64(41591), np.int64(24148), np.int64(28484), np.int64(1967), np.int64(29576), np.int64(13631), np.int64(19064), np.int64(811), np.int64(28695), np.int64(20253), np.int64(38108), np.int64(16512), np.int64(8187), np.int64(695), np.int64(43303), np.int64(31647), np.int64(9446), np.int64(14814))","(0, 0, 0, 0, 1, 1, 1, 1, 0, 1, 0, 1, 1, 1, 1, 0, 1, 1, 0, 1, 1, 0, 0, 0, 0, 0, 0, 1, 0, 1, 1, 1, 0, 0, 1, 1, 1, 1, 1, 1, 1, 1, 0, 0, 1, 1, 0, 1, 1, 1)"
14.142227,50,7.126811,7,"(np.int64(24407), np.int64(31731), np.int64(6233), np.int64(15867), np.int64(27055), np.int64(40225), np.int64(41638), np.int64(16741), np.int64(1424), np.int64(23407), np.int64(43081), np.int64(536), np.int64(23779), np.int64(45638), np.int64(47027), np.int64(17970), np.int64(25513), np.int64(42430), np.int64(13406), np.int64(23218), np.int64(44718), np.int64(37275), np.int64(25121), np.int64(29150), np.int64(39889), np.int64(16195), np.int64(17378), np.int64(14328), np.int64(4361), np.int64(2936), np.int64(25376), np.int64(8900), np.int64(20901), np.int64(16124), np.int64(17378), np.int64(37625), np.int64(20675), np.int64(31564), np.int64(38786), np.int64(31932), np.int64(30610), np.int64(5901), np.int64(48627), np.int64(14768), np.int64(7796), np.int64(7119), np.int64(10936), np.int64(30048), np.int64(38482), np.int64(40713))","(1, 0, 1, 0, 0, 0, 0, 1, 1, 0, 0, 1, 0, 0, 0, 0, 1, 0, 1, 0, 0, 1, 0, 0, 0, 1, 1, 1, 1, 1, 1, 1, 1, 1, 1, 0, 1, 0, 0, 0, 0, 1, 1, 1, 1, 1, 0, 0, 1, 0)"
8.676959,50,7.498913,8,"(np.int64(16479), np.int64(46128), np.int64(40243), np.int64(24115), np.int64(29398), np.int64(23141), np.int64(41976), np.int64(23037), np.int64(39513), np.int64(49668), np.int64(7458), np.int64(46635), np.int64(17186), np.int64(18085), np.int64(31490), np.int64(45813), np.int64(25145), np.int64(44002), np.int64(43576), np.int64(3965), np.int64(28300), np.int64(43853), np.int64(29989), np.int64(8417), np.int64(42570), np.int64(47631), np.int64(48916), np.int64(24005), np.int64(27233), np.int64(23502), np.int64(35983), np.int64(47318), np.int64(10134), np.int64(1377), np.int64(12587), np.int64(41216), np.int64(26981), np.int64(29504), np.int64(12347), np.int64(3146), np.int64(19144), np.int64(33612), np.int64(20552), np.int64(2770), np.int64(35848), np.int64(17175), np.int64(44670), np.int64(30113), np.int64(20445), np.int64(10705))","(1, 0, 0, 0, 0, 0, 0, 0, 0, 0, 0, 0, 0, 0, 1, 0, 1, 0, 0, 1, 0, 0, 0, 0, 0, 0, 0, 1, 0, 1, 0, 0, 1, 1, 1, 0, 0, 0, 1, 0, 1, 0, 1, 1, 0, 0, 0, 0, 1, 1)"
16.400335,50,7.879563,6,"(np.int64(3081), np.int64(717), np.int64(16590), np.int64(40084), np.int64(18911), np.int64(5906), np.int64(45820), np.int64(44227), np.int64(33899), np.int64(6370), np.int64(34462), np.int64(3285), np.int64(39812), np.int64(14872), np.int64(18486), np.int64(7043), np.int64(31805), np.int64(41564), np.int64(4606), np.int64(30234), np.int64(6876), np.int64(15482), np.int64(6544), np.int64(44561), np.int64(18096), np.int64(5576), np.int64(40519), np.int64(21964), np.int64(34685), np.int64(35988), np.int64(28312), np.int64(16861), np.int64(41262), np.int64(14165), np.int64(38482), np.int64(734), np.int64(10825), np.int64(26629), np.int64(24853), np.int64(45979), np.int64(9833), np.int64(29415), np.int64(2810), np.int64(1268), np.int64(12699), np.int64(4359), np.int64(22390), np.int64(40835), np.int64(31724), np.int64(15237))","(1, 1, 1, 0, 1, 1, 0, 0, 1, 1, 0, 1, 1, 0, 0, 1, 0, 0, 1, 0, 1, 1, 1, 0, 0, 1, 0, 1, 0, 0, 0, 1, 0, 1, 1, 1, 1, 0, 0, 0, 1, 0, 1, 1, 1, 1, 0, 0, 0, 1)"
16.497992,50,8.255616,3,"(np.int64(4529), np.int64(21829), np.int64(29509), np.int64(36584), np.int64(35534), np.int64(48231), np.int64(32544), np.int64(15273), np.int64(35200), np.int64(44916), np.int64(18056), np.int64(37134), np.int64(20338), np.int64(13133), np.int64(12089), np.int64(18299), np.int64(35201), np.int64(2748), np.int64(264), np.int64(15144), np.int64(15956), np.int64(40373), np.int64(13761), np.int64(49210), np.int64(48049), np.int64(23809), np.int64(13740), np.int64(12054), np.int64(34504), np.int64(35207), np.int64(47576), np.int64(936), np.int64(21386), np.int64(16857), np.int64(13732), np.int64(24693), np.int64(48420), np.int64(8327), np.int64(42581), np.int64(19584), np.int64(25029), np.int64(42346), np.int64(41317), np.int64(17355), np.int64(5145), np.int64(40827), np.int64(44116), np.int64(34133), np.int64(23134), np.int64(15145))","(1, 0, 1, 0, 1, 0, 0, 1, 0, 0, 1, 1, 1, 1, 1, 0, 0, 1, 1, 1, 1, 0, 0, 1, 1, 1, 0, 1, 1, 0, 0, 1, 1, 0, 0, 1, 0, 1, 0, 1, 1, 0, 1, 1, 1, 1, 0, 0, 0, 1)"
15.595527,50,8.801549,6,"(np.int64(11630), np.int64(31945), np.int64(7651), np.int64(24580), np.int64(12805), np.int64(39903), np.int64(3729), np.int64(10924), np.int64(20711), np.int64(21602), np.int64(42398), np.int64(40475), np.int64(18609), np.int64(37778), np.int64(40117), np.int64(43358), np.int64(23391), np.int64(44739), np.int64(2988), np.int64(9290), np.int64(50024), np.int64(42398), np.int64(27639), np.int64(43218), np.int64(17338), np.int64(38583), np.int64(29471), np.int64(24219), np.int64(15729), np.int64(15146), np.int64(42398), np.int64(26110), np.int64(16219), np.int64(15113), np.int64(28459), np.int64(20385), np.int64(18661), np.int64(2187), np.int64(8076), np.int64(47157), np.int64(42398), np.int64(43825), np.int64(40612), np.int64(31788), np.int64(45632), np.int64(28142), np.int64(36527), np.int64(34972), np.int64(45284), np.int64(25962))","(1, 1, 1, 1, 1, 0, 1, 1, 1, 1, 0, 0, 0, 0, 0, 0, 1, 0, 1, 1, 0, 0, 0, 0, 0, 0, 1, 0, 1, 1, 0, 1, 1, 1, 1, 0, 1, 1, 1, 1, 0, 0, 0, 0, 0, 1, 1, 0, 0, 1)"
1.587803,50,9.316558,0,"(np.int64(45027), np.int64(2182), np.int64(16967), np.int64(42398), np.int64(2576), np.int64(22756), np.int64(2758), np.int64(25596), np.int64(42398), np.int64(24809), np.int64(110), np.int64(30198), np.int64(42294), np.int64(8424), np.int64(5852), np.int64(25788), np.int64(42398), np.int64(28814), np.int64(28556), np.int64(15057), np.int64(40049), np.int64(12753), np.int64(507), np.int64(27574), np.int64(21278), np.int64(43517), np.int64(42398), np.int64(27975), np.int64(12812), np.int64(10583), np.int64(42398), np.int64(14013), np.int64(28207), np.int64(32124), np.int64(37669), np.int64(6272), np.int64(20829), np.int64(36348), np.int64(23903), np.int64(2775), np.int64(40107), np.int64(8980), np.int64(5401), np.int64(21658), np.int64(42454), np.int64(8062), np.int64(25770), np.int64(15089), np.int64(45783), np.int64(43032))","(0, 0, 0, 0, 0, 0, 0, 0, 0, 0, 0, 0, 0, 0, 0, 0, 0, 0, 0, 1, 0, 0, 1, 0, 0, 0, 0, 0, 0, 0, 0, 0, 0, 0, 0, 0, 0, 0, 0, 0, 0, 0, 0, 0, 0, 0, 0, 0, 0, 0)"
11.74027,50,9.844321,7,"(np.int64(31371), np.int64(10671), np.int64(16336), np.int64(16029), np.int64(21966), np.int64(35342), np.int64(26477), np.int64(30117), np.int64(29904), np.int64(33388), np.int64(42398), np.int64(15517), np.int64(48952), np.int64(46151), np.int64(42757), np.int64(21178), np.int64(17948), np.int64(19053), np.int64(45676), np.int64(14897), np.int64(42398), np.int64(24075), np.int64(36062), np.int64(16385), np.int64(26514), np.int64(42398), np.int64(21849), np.int64(24049), np.int64(42398), np.int64(2645), np.int64(16829), np.int64(19320), np.int64(11553), np.int64(46545), np.int64(24599), np.int64(25809), np.int64(49508), np.int64(30385), np.int64(17479), np.int64(42398), np.int64(36745), np.int64(39932), np.int64(30632), np.int64(39758), np.int64(20731), np.int64(42398), np.int64(42398), np.int64(37892), np.int64(42398), np.int64(19102))","(1, 1, 1, 1, 1, 0, 1, 0, 0, 0, 0, 1, 0, 0, 0, 1, 1, 1, 0, 0, 0, 1, 0, 1, 1, 0, 0, 1, 0, 1, 0, 1, 0, 0, 1, 0, 1, 0, 0, 0, 0, 0, 0, 0, 1, 0, 0, 0, 0, 1)"
15.404695,50,10.359172,8,"(np.int64(20676), np.int64(6471), np.int64(49784), np.int64(27459), np.int64(49528), np.int64(3303), np.int64(35135), np.int64(42398), np.int64(15086), np.int64(43229), np.int64(15549), np.int64(27534), np.int64(2948), np.int64(22880), np.int64(49755), np.int64(42398), np.int64(11147), np.int64(12434), np.int64(24453), np.int64(5145), np.int64(3286), np.int64(42398), np.int64(16252), np.int64(26226), np.int64(30902), np.int64(23325), np.int64(47853), np.int64(9992), np.int64(24716), np.int64(2854), np.int64(9025), np.int64(42398), np.int64(20715), np.int64(41442), np.int64(25185), np.int64(4509), np.int64(30798), np.int64(7810), np.int64(155), np.int64(3982), np.int64(32669), np.int64(30235), np.int64(38359), np.int64(19738), np.int64(449), np.int64(678), np.int64(19927), np.int64(42398), np.int64(26), np.int64(13094))","(1, 1, 0, 0, 0, 0, 0, 0, 1, 0, 0, 0, 1, 0, 0, 0, 1, 1, 1, 1, 1, 0, 1, 1, 0, 1, 0, 1, 1, 1, 1, 0, 1, 0, 0, 1, 0, 1, 1, 1, 0, 0, 0, 1, 1, 1, 0, 0, 1, 1)"
16.759326,50,10.883689,4,"(np.int64(48800), np.int64(30468), np.int64(38861), np.int64(18435), np.int64(27257), np.int64(33348), np.int64(27133), np.int64(8427), np.int64(42398), np.int64(39764), np.int64(29261), np.int64(2408), np.int64(45619), np.int64(48310), np.int64(31316), np.int64(17724), np.int64(5909), np.int64(37584), np.int64(26644), np.int64(13660), np.int64(41234), np.int64(10636), np.int64(48854), np.int64(42398), np.int64(9365), np.int64(18231), np.int64(18254), np.int64(23819), np.int64(34526), np.int64(42641), np.int64(42398), np.int64(25475), np.int64(22972), np.int64(29571), np.int64(6517), np.int64(36331), np.int64(19796), np.int64(13417), np.int64(25112), np.int64(46013), np.int64(23331), np.int64(43775), np.int64(25838), np.int64(3516), np.int64(8106), np.int64(25391), np.int64(5112), np.int64(11505), np.int64(19585), np.int64(8768))","(1, 0, 1, 1, 0, 0, 0, 1, 0, 1, 1, 0, 0, 0, 1, 1, 1, 0, 0, 1, 0, 1, 0, 0, 1, 1, 1, 1, 0, 1, 0, 0, 0, 0, 1, 0, 1, 1, 1, 0, 1, 0, 0, 1, 1, 1, 1, 1, 1, 1)"
13.924846,50,11.392317,5,"(np.int64(13559), np.int64(31040), np.int64(42398), np.int64(42398), np.int64(41870), np.int64(16352), np.int64(42398), np.int64(38277), np.int64(28284), np.int64(17686), np.int64(42398), np.int64(42398), np.int64(41110), np.int64(46722), np.int64(27191), np.int64(47139), np.int64(12575), np.int64(42398), np.int64(13568), np.int64(7273), np.int64(4276), np.int64(30734), np.int64(42398), np.int64(45459), np.int64(10826), np.int64(49420), np.int64(13147), np.int64(29873), np.int64(13302), np.int64(8174), np.int64(306), np.int64(38780), np.int64(49449), np.int64(17852), np.int64(28361), np.int64(30582), np.int64(42398), np.int64(35686), np.int64(47097), np.int64(31147), np.int64(16073), np.int64(17314), np.int64(28174), np.int64(5242), np.int64(41379), np.int64(49355), np.int64(31967), np.int64(7337), np.int64(22659), np.int64(37282))","(1, 1, 1, 1, 0, 0, 1, 1, 0, 1, 1, 1, 0, 1, 1, 1, 1, 1, 1, 1, 1, 0, 1, 1, 1, 1, 1, 0, 1, 1, 0, 0, 0, 1, 0, 0, 1, 0, 1, 0, 0, 0, 0, 1, 0, 0, 0, 1, 0, 0)"
12.129361,50,11.91704,7,"(np.int64(42398), np.int64(35789), np.int64(18757), np.int64(11835), np.int64(42398), np.int64(39268), np.int64(22200), np.int64(2844), np.int64(8327), np.int64(27766), np.int64(47574), np.int64(26374), np.int64(39811), np.int64(42905), np.int64(17387), np.int64(32778), np.int64(2001), np.int64(42398), np.int64(42398), np.int64(40836), np.int64(24632), np.int64(609), np.int64(45849), np.int64(26257), np.int64(4659), np.int64(38232), np.int64(42398), np.int64(20924), np.int64(42398), np.int64(28716), np.int64(890), np.int64(17494), np.int64(38833), np.int64(28838), np.int64(10485), np.int64(22545), np.int64(42398), np.int64(28119), np.int64(12312), np.int64(19987), np.int64(44620), np.int64(29869), np.int64(25161), np.int64(36592), np.int64(48675), np.int64(48429), np.int64(28146), np.int64(2059), np.int64(28731), np.int64(36650))","(0, 0, 1, 1, 0, 0, 0, 1, 1, 1, 0, 1, 0, 0, 0, 0, 1, 0, 0, 0, 1, 1, 0, 0, 1, 0, 0, 1, 0, 1, 1, 0, 0, 1, 1, 0, 0, 0, 1, 1, 0, 0, 0, 0, 0, 0, 1, 1, 1, 0)"
15.436469,50,12.434425,7,"(np.int64(38214), np.int64(38851), np.int64(2233), np.int64(46641), np.int64(49870), np.int64(38269), np.int64(14973), np.int64(13002), np.int64(24895), np.int64(26224), np.int64(36006), np.int64(10366), np.int64(10243), np.int64(5953), np.int64(42015), np.int64(42398), np.int64(7125), np.int64(22956), np.int64(24205), np.int64(18436), np.int64(26361), np.int64(42398), np.int64(38854), np.int64(37805), np.int64(42398), np.int64(7886), np.int64(21088), np.int64(46759), np.int64(49382), np.int64(31180), np.int64(3407), np.int64(25565), np.int64(47334), np.int64(42398), np.int64(37422), np.int64(32410), np.int64(8077), np.int64(32896), np.int64(28528), np.int64(21869), np.int64(14712), np.int64(1524), np.int64(31586), np.int64(7098), np.int64(7113), np.int64(43554), np.int64(8343), np.int64(31051), np.int64(27676), np.int64(13110))","(0, 0, 1, 0, 0, 0, 1, 1, 1, 1, 1, 1, 1, 1, 0, 0, 0, 0, 1, 1, 0, 0, 0, 1, 0, 1, 1, 0, 0, 0, 1, 1, 0, 0, 1, 0, 1, 0, 1, 1, 1, 1, 0, 1, 1, 0, 1, 1, 0, 1)"
11.363065,50,12.957471,8,"(np.int64(27610), np.int64(45585), np.int64(37900), np.int64(2691), np.int64(5443), np.int64(17571), np.int64(37900), np.int64(44289), np.int64(41498), np.int64(31056), np.int64(37900), np.int64(22693), np.int64(514), np.int64(9834), np.int64(10362), np.int64(28208), np.int64(37069), np.int64(15112), np.int64(42398), np.int64(42998), np.int64(32570), np.int64(12584), np.int64(33617), np.int64(41770), np.int64(3775), np.int64(43581), np.int64(2546), np.int64(49540), np.int64(39889), np.int64(2118), np.int64(49646), np.int64(42398), np.int64(21233), np.int64(24063), np.int64(2464), np.int64(11759), np.int64(46010), np.int64(14481), np.int64(12577), np.int64(8923), np.int64(27224), np.int64(20194), np.int64(20552), np.int64(7781), np.int64(42398), np.int64(17456), np.int64(21803), np.int64(42398), np.int64(36816), np.int64(24950))","(0, 0, 0, 1, 1, 0, 0, 0, 0, 0, 0, 0, 1, 1, 1, 0, 0, 1, 0, 0, 0, 1, 0, 0, 1, 0, 0, 0, 0, 1, 0, 0, 1, 0, 0, 1, 0, 1, 1, 0, 1, 1, 1, 1, 0, 0, 1, 0, 0, 1)"
18.499939,50,13.463267,7,"(np.int64(1898), np.int64(34494), np.int64(21799), np.int64(12355), np.int64(25450), np.int64(10877), np.int64(16269), np.int64(10620), np.int64(34926), np.int64(7591), np.int64(28914), np.int64(2840), np.int64(45906), np.int64(41781), np.int64(7923), np.int64(48077), np.int64(21859), np.int64(19024), np.int64(3940), np.int64(17304), np.int64(27935), np.int64(44809), np.int64(35953), np.int64(14149), np.int64(3500), np.int64(12350), np.int64(17627), np.int64(4747), np.int64(49416), np.int64(10000), np.int64(41669), np.int64(25146), np.int64(5302), np.int64(10304), np.int64(32624), np.int64(19523), np.int64(32183), np.int64(42398), np.int64(34848), np.int64(40063), np.int64(25548), np.int64(4940), np.int64(10166), np.int64(20835), np.int64(44600), np.int64(21093), np.int64(33007), np.int64(9874), np.int64(8409), np.int64(40598))","(1, 0, 1, 1, 1, 1, 1, 1, 0, 1, 1, 1, 0, 0, 0, 0, 1, 1, 0, 0, 1, 0, 0, 1, 1, 1, 1, 1, 1, 1, 0, 1, 1, 1, 0, 1, 0, 0, 0, 0, 1, 1, 1, 1, 0, 1, 0, 1, 1, 0)"
15.439669,50,13.979771,6,"(np.int64(43372), np.int64(13628), np.int64(39474), np.int64(20828), np.int64(6525), np.int64(21455), np.int64(29511), np.int64(26529), np.int64(28420), np.int64(1365), np.int64(34412), np.int64(21992), np.int64(1863), np.int64(46401), np.int64(28811), np.int64(49126), np.int64(27633), np.int64(12859), np.int64(15283), np.int64(46769), np.int64(21590), np.int64(2751), np.int64(4758), np.int64(30096), np.int64(49214), np.int64(28368), np.int64(289), np.int64(28553), np.int64(30677), np.int64(29363), np.int64(29168), np.int64(20679), np.int64(39771), np.int64(41298), np.int64(34358), np.int64(23507), np.int64(529), np.int64(24385), np.int64(21283), np.int64(25372), np.int64(42398), np.int64(4262), np.int64(16310), np.int64(42398), np.int64(42398), np.int64(8485), np.int64(22191), np.int64(15085), np.int64(31657), np.int64(32040))","(0, 1, 0, 1, 1, 0, 0, 0, 0, 1, 0, 0, 1, 0, 1, 0, 1, 1, 1, 0, 0, 1, 1, 0, 0, 0, 1, 1, 0, 1, 0, 1, 0, 0, 0, 1, 1, 1, 1, 1, 0, 1, 1, 0, 0, 1, 0, 1, 0, 1)"
14.108206,50,14.490669,7,"(np.int64(12173), np.int64(6389), np.int64(37238), np.int64(46463), np.int64(20741), np.int64(21217), np.int64(34072), np.int64(17602), np.int64(3002), np.int64(7470), np.int64(38999), np.int64(26500), np.int64(46692), np.int64(2584), np.int64(21801), np.int64(23975), np.int64(40304), np.int64(27519), np.int64(20385), np.int64(9491), np.int64(21294), np.int64(44002), np.int64(42398), np.int64(23401), np.int64(38593), np.int64(29157), np.int64(30457), np.int64(16333), np.int64(3272), np.int64(36230), np.int64(33902), np.int64(42732), np.int64(1416), np.int64(39029), np.int64(37278), np.int64(11535), np.int64(29949), np.int64(17916), np.int64(10603), np.int64(42398), np.int64(48252), np.int64(16291), np.int64(16758), np.int64(36573), np.int64(49490), np.int64(35219), np.int64(35348), np.int64(42398), np.int64(42398), np.int64(4854))","(1, 1, 0, 0, 1, 1, 0, 1, 1, 1, 0, 0, 0, 1, 1, 1, 0, 0, 0, 1, 1, 0, 0, 1, 0, 1, 0, 1, 1, 0, 0, 0, 1, 0, 1, 1, 0, 1, 1, 0, 0, 1, 1, 0, 0, 0, 0, 0, 0, 1)"
2.395358,50,15.016475,0,"(np.int64(28234), np.int64(13977), np.int64(24442), np.int64(4140), np.int64(4879), np.int64(24755), np.int64(27276), np.int64(49909), np.int64(40734), np.int64(48973), np.int64(42398), np.int64(36800), np.int64(46570), np.int64(46149), np.int64(20165), np.int64(19115), np.int64(22279), np.int64(4788), np.int64(6658), np.int64(14552), np.int64(20895), np.int64(48644), np.int64(42398), np.int64(27141), np.int64(30595), np.int64(39299), np.int64(38615), np.int64(21774), np.int64(42398), np.int64(39705), np.int64(42230), np.int64(42398), np.int64(7922), np.int64(10277), np.int64(14934), np.int64(42398), np.int64(42398), np.int64(11295), np.int64(36712), np.int64(25661), np.int64(24830), np.int64(42398), np.int64(42398), np.int64(35577), np.int64(33751), np.int64(34909), np.int64(19656), np.int64(18728), np.int64(42191), np.int64(35660))","(0, 0, 0, 0, 0, 0, 0, 0, 0, 0, 0, 0, 0, 0, 1, 0, 0, 0, 0, 0, 0, 0, 0, 0, 0, 0, 0, 0, 0, 0, 0, 0, 0, 1, 0, 0, 0, 0, 0, 1, 0, 0, 0, 0, 0, 0, 0, 0, 0, 0)"
15.849648,50,15.525865,3,"(np.int64(32962), np.int64(45747), np.int64(42398), np.int64(38958), np.int64(44692), np.int64(41220), np.int64(7895), np.int64(48491), np.int64(15643), np.int64(43457), np.int64(31999), np.int64(13027), np.int64(43270), np.int64(42317), np.int64(42398), np.int64(31468), np.int64(38808), np.int64(42398), np.int64(31010), np.int64(5302), np.int64(13587), np.int64(34038), np.int64(23858), np.int64(25303), np.int64(32835), np.int64(12546), np.int64(20521), np.int64(487), np.int64(42398), np.int64(42398), np.int64(36504), np.int64(13044), np.int64(17359), np.int64(4957), np.int64(48979), np.int64(25807), np.int64(801), np.int64(12402), np.int64(8056), np.int64(7813), np.int64(44031), np.int64(15968), np.int64(7407), np.int64(26054), np.int64(11400), np.int64(14027), np.int64(40734), np.int64(13471), np.int64(3169), np.int64(21730))","(0, 0, 0, 1, 0, 1, 1, 0, 1, 0, 0, 1, 0, 0, 0, 0, 0, 0, 0, 1, 1, 0, 1, 1, 1, 1, 1, 1, 0, 0, 0, 1, 0, 1, 1, 0, 1, 1, 1, 1, 0, 1, 1, 1, 1, 1, 0, 1, 1, 1)"
17.709161,50,16.043707,4,"(np.int64(47781), np.int64(19938), np.int64(22769), np.int64(42398), np.int64(28958), np.int64(8625), np.int64(9597), np.int64(23699), np.int64(41638), np.int64(24587), np.int64(42398), np.int64(40706), np.int64(19772), np.int64(19439), np.int64(20501), np.int64(27621), np.int64(28770), np.int64(49097), np.int64(20989), np.int64(45782), np.int64(7591), np.int64(24811), np.int64(42398), np.int64(39686), np.int64(21867), np.int64(14877), np.int64(8553), np.int64(45690), np.int64(12806), np.int64(2942), np.int64(5275), np.int64(16928), np.int64(16921), np.int64(10132), np.int64(17056), np.int64(4067), np.int64(29535), np.int64(42398), np.int64(42398), np.int64(14106), np.int64(6965), np.int64(16568), np.int64(3276), np.int64(32098), np.int64(9108), np.int64(6589), np.int64(46882), np.int64(42398), np.int64(16082), np.int64(22203))","(0, 1, 0, 0, 1, 1, 1, 0, 0, 1, 0, 0, 1, 1, 0, 1, 1, 0, 0, 0, 1, 1, 0, 0, 1, 1, 1, 1, 1, 1, 1, 1, 1, 1, 0, 1, 1, 0, 0, 1, 1, 0, 1, 0, 1, 1, 0, 0, 1, 0)"
11.461752,50,16.554184,7,"(np.int64(32428), np.int64(42398), np.int64(34309), np.int64(33922), np.int64(42398), np.int64(42398), np.int64(44511), np.int64(36485), np.int64(7583), np.int64(42398), np.int64(36796), np.int64(6562), np.int64(2176), np.int64(4566), np.int64(5564), np.int64(32248), np.int64(42398), np.int64(42398), np.int64(27467), np.int64(9053), np.int64(31921), np.int64(22443), np.int64(14480), np.int64(24691), np.int64(36359), np.int64(668), np.int64(42398), np.int64(26000), np.int64(6752), np.int64(30853), np.int64(2525), np.int64(34813), np.int64(42211), np.int64(24916), np.int64(49576), np.int64(42398), np.int64(17747), np.int64(5772), np.int64(19930), np.int64(36786), np.int64(42398), np.int64(1262), np.int64(42398), np.int64(41735), np.int64(5825), np.int64(15537), np.int64(36997), np.int64(36754), np.int64(48146), np.int64(5325))","(0, 0, 0, 0, 0, 0, 0, 1, 0, 0, 1, 1, 1, 1, 1, 0, 0, 0, 0, 1, 0, 0, 1, 1, 0, 1, 0, 0, 1, 0, 1, 0, 0, 1, 0, 0, 1, 1, 0, 0, 0, 1, 0, 0, 1, 1, 0, 0, 0, 1)"
21.694688,50,17.075437,2,"(np.int64(8327), np.int64(11994), np.int64(14990), np.int64(37596), np.int64(46544), np.int64(18168), np.int64(456), np.int64(47984), np.int64(10102), np.int64(3856), np.int64(40164), np.int64(15180), np.int64(27738), np.int64(6790), np.int64(27789), np.int64(40058), np.int64(2532), np.int64(9742), np.int64(31171), np.int64(45633), np.int64(3875), np.int64(26053), np.int64(24912), np.int64(12589), np.int64(10832), np.int64(15180), np.int64(39084), np.int64(4696), np.int64(46433), np.int64(43288), np.int64(29450), np.int64(21021), np.int64(43075), np.int64(28468), np.int64(32021), np.int64(15180), np.int64(16300), np.int64(9816), np.int64(20062), np.int64(16432), np.int64(7427), np.int64(43167), np.int64(31341), np.int64(29231), np.int64(36789), np.int64(6337), np.int64(26128), np.int64(38746), np.int64(15786), np.int64(23504))","(1, 1, 1, 1, 1, 1, 1, 0, 1, 1, 0, 1, 1, 1, 1, 0, 1, 1, 1, 0, 1, 0, 1, 1, 1, 1, 0, 1, 0, 0, 0, 1, 0, 1, 1, 1, 0, 0, 1, 0, 1, 0, 1, 1, 0, 1, 1, 1, 1, 1)"
16.071469,50,17.586697,2,"(np.int64(23584), np.int64(41033), np.int64(22252), np.int64(37244), np.int64(18443), np.int64(39555), np.int64(11417), np.int64(15180), np.int64(16046), np.int64(10213), np.int64(15180), np.int64(22655), np.int64(31954), np.int64(20796), np.int64(11086), np.int64(48871), np.int64(5830), np.int64(49495), np.int64(15180), np.int64(15180), np.int64(15180), np.int64(4543), np.int64(9942), np.int64(20117), np.int64(19690), np.int64(27259), np.int64(15180), np.int64(41491), np.int64(9784), np.int64(33974), np.int64(36242), np.int64(17319), np.int64(31265), np.int64(39576), np.int64(43873), np.int64(19289), np.int64(15180), np.int64(34411), np.int64(22267), np.int64(14643), np.int64(12445), np.int64(36178), np.int64(23309), np.int64(2235), np.int64(15180), np.int64(35015), np.int64(42729), np.int64(26522), np.int64(19887), np.int64(38786))","(0, 0, 0, 0, 1, 0, 0, 1, 1, 1, 1, 0, 0, 1, 1, 1, 1, 1, 1, 1, 1, 1, 1, 1, 1, 1, 1, 0, 0, 0, 0, 1, 1, 0, 0, 1, 1, 0, 0, 1, 1, 1, 1, 1, 1, 0, 1, 1, 0, 1)"
16.046013,50,18.113406,2,"(np.int64(9724), np.int64(32123), np.int64(45399), np.int64(5698), np.int64(28960), np.int64(39724), np.int64(5449), np.int64(15180), np.int64(37310), np.int64(14123), np.int64(41054), np.int64(15180), np.int64(15180), np.int64(30719), np.int64(40119), np.int64(38736), np.int64(15180), np.int64(4666), np.int64(18533), np.int64(15180), np.int64(43399), np.int64(15180), np.int64(15180), np.int64(15180), np.int64(13910), np.int64(20058), np.int64(17822), np.int64(42051), np.int64(44415), np.int64(34659), np.int64(21217), np.int64(47056), np.int64(29568), np.int64(15180), np.int64(500), np.int64(42419), np.int64(12252), np.int64(17830), np.int64(40659), np.int64(23495), np.int64(44795), np.int64(15180), np.int64(43469), np.int64(24429), np.int64(14018), np.int64(25875), np.int64(40936), np.int64(46485), np.int64(15180), np.int64(22049))","(1, 1, 0, 1, 0, 0, 1, 1, 1, 1, 1, 1, 1, 0, 0, 0, 1, 1, 1, 1, 0, 1, 1, 1, 1, 1, 1, 0, 0, 0, 1, 0, 1, 1, 1, 1, 1, 0, 0, 1, 0, 1, 0, 1, 1, 1, 1, 1, 1, 1)"
13.562638,50,18.623632,1,"(np.int64(15180), np.int64(22257), np.int64(10554), np.int64(11937), np.int64(16931), np.int64(40076), np.int64(37792), np.int64(15180), np.int64(48862), np.int64(35660), np.int64(28395), np.int64(23171), np.int64(38481), np.int64(15180), np.int64(39393), np.int64(35456), np.int64(2886), np.int64(34524), np.int64(36622), np.int64(48443), np.int64(29202), np.int64(38130), np.int64(8705), np.int64(3903), np.int64(33241), np.int64(25760), np.int64(10661), np.int64(39750), np.int64(43430), np.int64(31347), np.int64(41042), np.int64(3941), np.int64(45318), np.int64(33213), np.int64(15180), np.int64(15055), np.int64(24742), np.int64(12381), np.int64(15180), np.int64(39785), np.int64(41863), np.int64(15180), np.int64(36837), np.int64(49334), np.int64(23330), np.int64(14622), np.int64(44158), np.int64(47849), np.int64(49135), np.int64(34846))","(0, 0, 1, 1, 1, 0, 0, 0, 0, 1, 0, 0, 1, 0, 0, 1, 1, 0, 0, 0, 0, 0, 0, 1, 1, 0, 1, 0, 0, 1, 0, 1, 0, 0, 0, 1, 1, 1, 0, 0, 1, 0, 1, 1, 1, 1, 0, 1, 0, 0)"
12.941993,50,19.143578,3,"(np.int64(36295), np.int64(15180), np.int64(2276), np.int64(14694), np.int64(10260), np.int64(17800), np.int64(11587), np.int64(15180), np.int64(25741), np.int64(15180), np.int64(19402), np.int64(31180), np.int64(33963), np.int64(7318), np.int64(5174), np.int64(8167), np.int64(31294), np.int64(21812), np.int64(29259), np.int64(7640), np.int64(42192), np.int64(44318), np.int64(31219), np.int64(33963), np.int64(41038), np.int64(15459), np.int64(31957), np.int64(32677), np.int64(15180), np.int64(18049), np.int64(41966), np.int64(39144), np.int64(15180), np.int64(15180), np.int64(15180), np.int64(3204), np.int64(25362), np.int64(46151), np.int64(13712), np.int64(48394), np.int64(18493), np.int64(26697), np.int64(48333), np.int64(41107), np.int64(27848), np.int64(34254), np.int64(49290), np.int64(15180), np.int64(40277), np.int64(39359))","(0, 0, 1, 1, 1, 1, 0, 0, 0, 0, 1, 1, 1, 0, 1, 1, 1, 1, 0, 1, 1, 0, 1, 1, 0, 1, 0, 0, 0, 0, 0, 1, 0, 0, 0, 1, 1, 0, 0, 1, 1, 0, 0, 0, 1, 0, 1, 0, 0, 1)"
14.087797,50,19.655774,4,"(np.int64(15180), np.int64(16334), np.int64(34467), np.int64(22751), np.int64(11633), np.int64(691), np.int64(32532), np.int64(7218), np.int64(19205), np.int64(6192), np.int64(3510), np.int64(41499), np.int64(3569), np.int64(38183), np.int64(15180), np.int64(24481), np.int64(35561), np.int64(37373), np.int64(2694), np.int64(17781), np.int64(5323), np.int64(20220), np.int64(26759), np.int64(30343), np.int64(37118), np.int64(39006), np.int64(27744), np.int64(46759), np.int64(13974), np.int64(8591), np.int64(2809), np.int64(15180), np.int64(37266), np.int64(1898), np.int64(31557), np.int64(15180), np.int64(48033), np.int64(6064), np.int64(15180), np.int64(25898), np.int64(15180), np.int64(4814), np.int64(15180), np.int64(17708), np.int64(36472), np.int64(49712), np.int64(15180), np.int64(44862), np.int64(7668), np.int64(11781))","(0, 1, 0, 0, 1, 1, 0, 1, 0, 1, 1, 0, 1, 1, 0, 0, 1, 0, 1, 0, 1, 1, 0, 0, 1, 1, 0, 0, 0, 1, 1, 0, 0, 1, 0, 0, 0, 1, 0, 0, 0, 1, 0, 1, 0, 1, 0, 0, 1, 1)"
17.063831,50,20.194706,5,"(np.int64(15180), np.int64(15180), np.int64(15180), np.int64(10869), np.int64(25079), np.int64(35317), np.int64(12469), np.int64(19187), np.int64(15061), np.int64(2937), np.int64(15180), np.int64(4319), np.int64(47506), np.int64(2661), np.int64(26183), np.int64(15180), np.int64(37832), np.int64(15180), np.int64(348), np.int64(6136), np.int64(3924), np.int64(15180), np.int64(18807), np.int64(35422), np.int64(14425), np.int64(26596), np.int64(19489), np.int64(29547), np.int64(48640), np.int64(14947), np.int64(41414), np.int64(15180), np.int64(26329), np.int64(47508), np.int64(15180), np.int64(15180), np.int64(15180), np.int64(32604), np.int64(23658), np.int64(10862), np.int64(29865), np.int64(1912), np.int64(15180), np.int64(15180), np.int64(19510), np.int64(29889), np.int64(20280), np.int64(25707), np.int64(47622), np.int64(991))","(0, 0, 0, 0, 0, 0, 1, 1, 1, 1, 0, 1, 1, 1, 1, 0, 1, 0, 1, 1, 1, 0, 1, 1, 1, 1, 0, 1, 1, 1, 1, 0, 1, 0, 0, 0, 0, 0, 1, 1, 0, 1, 0, 0, 1, 0, 1, 0, 0, 1)"
14.635619,50,20.715969,7,"(np.int64(3648), np.int64(14456), np.int64(2386), np.int64(14526), np.int64(8883), np.int64(9437), np.int64(3414), np.int64(3445), np.int64(9134), np.int64(7524), np.int64(16316), np.int64(46915), np.int64(8603), np.int64(15180), np.int64(1131), np.int64(15180), np.int64(5099), np.int64(25361), np.int64(36115), np.int64(47025), np.int64(47227), np.int64(15180), np.int64(10488), np.int64(3755), np.int64(6316), np.int64(20237), np.int64(17464), np.int64(18691), np.int64(15180), np.int64(27562), np.int64(20827), np.int64(37322), np.int64(18840), np.int64(22783), np.int64(16673), np.int64(29450), np.int64(45806), np.int64(15180), np.int64(35339), np.int64(38109), np.int64(21651), np.int64(15180), np.int64(34792), np.int64(42992), np.int64(12357), np.int64(6814), np.int64(31455), np.int64(35060), np.int64(41884), np.int64(19745))","(1, 1, 0, 0, 1, 1, 1, 1, 1, 1, 1, 0, 1, 0, 1, 0, 1, 1, 0, 0, 0, 0, 1, 1, 1, 1, 1, 0, 0, 0, 1, 0, 1, 0, 1, 0, 0, 0, 0, 0, 0, 0, 0, 0, 1, 1, 0, 0, 0, 1)"
21.369355,50,21.246026,2,"(np.int64(1602), np.int64(2698), np.int64(8303), np.int64(6276), np.int64(15180), np.int64(38519), np.int64(8535), np.int64(15180), np.int64(33156), np.int64(28621), np.int64(19229), np.int64(21774), np.int64(15180), np.int64(18665), np.int64(12046), np.int64(13251), np.int64(12872), np.int64(17647), np.int64(15180), np.int64(13567), np.int64(20013), np.int64(37866), np.int64(2561), np.int64(17976), np.int64(46271), np.int64(13650), np.int64(47027), np.int64(9294), np.int64(15180), np.int64(47709), np.int64(15180), np.int64(28361), np.int64(15180), np.int64(15180), np.int64(15180), np.int64(7414), np.int64(14172), np.int64(37303), np.int64(35719), np.int64(16766), np.int64(48165), np.int64(34091), np.int64(14801), np.int64(31906), np.int64(38386), np.int64(15180), np.int64(15180), np.int64(38074), np.int64(23406), np.int64(26430))","(1, 1, 1, 1, 1, 0, 1, 1, 0, 1, 1, 0, 1, 1, 1, 1, 1, 1, 1, 1, 1, 1, 1, 1, 1, 1, 1, 0, 1, 0, 1, 0, 1, 1, 1, 1, 1, 1, 1, 1, 0, 0, 1, 1, 1, 1, 1, 1, 1, 1)"
13.444645,50,21.758689,5,"(np.int64(45939), np.int64(15180), np.int64(47083), np.int64(44977), np.int64(33752), np.int64(2232), np.int64(32225), np.int64(8967), np.int64(40797), np.int64(15180), np.int64(35411), np.int64(22259), np.int64(802), np.int64(15180), np.int64(44664), np.int64(15180), np.int64(46801), np.int64(15059), np.int64(42214), np.int64(18003), np.int64(11261), np.int64(4074), np.int64(35176), np.int64(38318), np.int64(49439), np.int64(15896), np.int64(28958), np.int64(11039), np.int64(15180), np.int64(3706), np.int64(4508), np.int64(44391), np.int64(15180), np.int64(22704), np.int64(15180), np.int64(45408), np.int64(41202), np.int64(26286), np.int64(15180), np.int64(48833), np.int64(863), np.int64(34425), np.int64(29361), np.int64(28331), np.int64(11522), np.int64(25863), np.int64(1848), np.int64(5288), np.int64(15180), np.int64(45668))","(0, 0, 1, 0, 0, 1, 1, 1, 0, 0, 1, 0, 1, 0, 0, 0, 0, 1, 0, 1, 0, 1, 0, 1, 0, 1, 1, 1, 0, 1, 1, 0, 0, 0, 0, 1, 0, 1, 0, 0, 1, 0, 0, 0, 1, 0, 1, 1, 0, 0)"
8.709927,50,22.286048,8,"(np.int64(32880), np.int64(10622), np.int64(15180), np.int64(31508), np.int64(33651), np.int64(15180), np.int64(29092), np.int64(22771), np.int64(15180), np.int64(25904), np.int64(17702), np.int64(2507), np.int64(30279), np.int64(7790), np.int64(2872), np.int64(47965), np.int64(23225), np.int64(15180), np.int64(15499), np.int64(3439), np.int64(20239), np.int64(4203), np.int64(38688), np.int64(16219), np.int64(40460), np.int64(583), np.int64(17898), np.int64(28441), np.int64(41987), np.int64(825), np.int64(23070), np.int64(17137), np.int64(15180), np.int64(14192), np.int64(20948), np.int64(31008), np.int64(32176), np.int64(15180), np.int64(29881), np.int64(15180), np.int64(20363), np.int64(15180), np.int64(2533), np.int64(30276), np.int64(46469), np.int64(43134), np.int64(17002), np.int64(15180), np.int64(21021), np.int64(14268))","(0, 0, 0, 0, 0, 0, 1, 0, 0, 0, 0, 0, 0, 1, 1, 0, 0, 0, 1, 1, 1, 1, 0, 1, 0, 1, 0, 0, 0, 1, 0, 0, 0, 1, 0, 0, 0, 0, 0, 0, 1, 0, 1, 0, 0, 0, 1, 0, 1, 0)"
14.723088,50,22.803823,3,"(np.int64(9218), np.int64(22333), np.int64(44818), np.int64(30259), np.int64(22345), np.int64(15510), np.int64(35237), np.int64(1337), np.int64(18160), np.int64(32793), np.int64(4947), np.int64(12933), np.int64(30958), np.int64(28467), np.int64(21011), np.int64(28486), np.int64(5157), np.int64(39645), np.int64(20538), np.int64(15180), np.int64(41561), np.int64(37141), np.int64(12795), np.int64(6257), np.int64(16721), np.int64(15180), np.int64(49569), np.int64(45240), np.int64(9952), np.int64(41615), np.int64(2924), np.int64(12462), np.int64(35690), np.int64(24661), np.int64(39295), np.int64(31949), np.int64(20055), np.int64(15103), np.int64(15180), np.int64(15180), np.int64(7430), np.int64(19531), np.int64(14024), np.int64(21701), np.int64(519), np.int64(15180), np.int64(45115), np.int64(27773), np.int64(15180), np.int64(26776))","(1, 0, 0, 0, 0, 1, 1, 1, 0, 1, 1, 1, 0, 0, 1, 0, 1, 0, 0, 0, 0, 1, 1, 1, 1, 0, 1, 0, 0, 1, 1, 1, 1, 1, 0, 1, 1, 1, 0, 0, 1, 1, 0, 1, 1, 0, 0, 0, 0, 0)"
17.092491,50,23.325867,2,"(np.int64(9889), np.int64(20766), np.int64(8336), np.int64(15180), np.int64(36168), np.int64(15131), np.int64(14633), np.int64(2668), np.int64(25397), np.int64(14865), np.int64(14570), np.int64(22010), np.int64(7875), np.int64(2270), np.int64(1493), np.int64(15180), np.int64(7416), np.int64(15180), np.int64(10864), np.int64(12804), np.int64(17717), np.int64(9895), np.int64(15180), np.int64(42081), np.int64(30669), np.int64(15180), np.int64(5904), np.int64(15180), np.int64(34832), np.int64(15180), np.int64(41938), np.int64(13459), np.int64(29704), np.int64(15180), np.int64(109), np.int64(23079), np.int64(37584), np.int64(35049), np.int64(7094), np.int64(12253), np.int64(16857), np.int64(15180), np.int64(21469), np.int64(15180), np.int64(5145), np.int64(49071), np.int64(33742), np.int64(29341), np.int64(15180), np.int64(3540))","(0, 1, 1, 1, 1, 1, 1, 1, 1, 0, 0, 1, 1, 1, 1, 1, 1, 1, 1, 0, 0, 1, 1, 0, 0, 1, 1, 1, 0, 1, 1, 1, 0, 1, 1, 0, 1, 0, 1, 1, 1, 1, 1, 1, 1, 0, 0, 1, 1, 1)"
13.317463,50,23.842943,4,"(np.int64(29977), np.int64(35069), np.int64(9428), np.int64(30060), np.int64(31281), np.int64(15180), np.int64(13523), np.int64(44723), np.int64(29590), np.int64(36146), np.int64(16580), np.int64(15180), np.int64(25671), np.int64(15180), np.int64(33900), np.int64(15180), np.int64(3016), np.int64(15792), np.int64(15180), np.int64(28554), np.int64(10514), np.int64(32052), np.int64(2885), np.int64(15180), np.int64(39948), np.int64(45040), np.int64(2163), np.int64(23920), np.int64(49023), np.int64(33735), np.int64(3429), np.int64(26709), np.int64(41652), np.int64(15180), np.int64(30069), np.int64(15180), np.int64(3129), np.int64(1181), np.int64(2831), np.int64(27832), np.int64(14038), np.int64(5288), np.int64(1070), np.int64(25141), np.int64(49073), np.int64(12348), np.int64(15180), np.int64(5145), np.int64(39837), np.int64(43432))","(0, 0, 1, 0, 1, 0, 1, 1, 0, 0, 1, 0, 1, 0, 1, 0, 1, 1, 0, 1, 1, 0, 1, 0, 0, 0, 0, 1, 0, 1, 0, 0, 1, 0, 0, 0, 0, 1, 1, 0, 1, 1, 1, 1, 0, 0, 0, 1, 0, 0)"
11.493819,50,24.377304,3,"(np.int64(21551), np.int64(36453), np.int64(39846), np.int64(17791), np.int64(2363), np.int64(6523), np.int64(18289), np.int64(27486), np.int64(42519), np.int64(18959), np.int64(14887), np.int64(28692), np.int64(2538), np.int64(3190), np.int64(43721), np.int64(15180), np.int64(32872), np.int64(10733), np.int64(15180), np.int64(15180), np.int64(15180), np.int64(21074), np.int64(40753), np.int64(41937), np.int64(48858), np.int64(37267), np.int64(38406), np.int64(15180), np.int64(41725), np.int64(17472), np.int64(12121), np.int64(13821), np.int64(39333), np.int64(35583), np.int64(35278), np.int64(15180), np.int64(5145), np.int64(28882), np.int64(4452), np.int64(9479), np.int64(15180), np.int64(5145), np.int64(32497), np.int64(26203), np.int64(9402), np.int64(12203), np.int64(27997), np.int64(15180), np.int64(11767), np.int64(43764))","(0, 0, 0, 0, 0, 1, 1, 0, 1, 1, 1, 0, 1, 1, 0, 0, 0, 1, 0, 0, 0, 0, 0, 0, 1, 0, 0, 0, 0, 0, 1, 1, 0, 1, 0, 0, 1, 1, 1, 1, 0, 1, 0, 1, 1, 1, 0, 0, 1, 0)"
15.303602,50,24.890215,5,"(np.int64(6225), np.int64(15180), np.int64(17887), np.int64(44118), np.int64(3238), np.int64(21083), np.int64(47390), np.int64(47235), np.int64(40869), np.int64(24122), np.int64(19571), np.int64(20330), np.int64(36246), np.int64(4635), np.int64(37898), np.int64(27133), np.int64(28381), np.int64(28166), np.int64(13274), np.int64(36196), np.int64(26168), np.int64(48062), np.int64(1992), np.int64(39885), np.int64(27205), np.int64(22356), np.int64(30586), np.int64(15180), np.int64(8813), np.int64(32555), np.int64(15180), np.int64(4655), np.int64(44001), np.int64(8619), np.int64(14257), np.int64(27275), np.int64(11679), np.int64(20494), np.int64(2708), np.int64(9410), np.int64(30241), np.int64(28630), np.int64(24439), np.int64(37284), np.int64(11581), np.int64(20840), np.int64(11184), np.int64(45947), np.int64(36049), np.int64(15180))","(1, 0, 1, 0, 1, 0, 0, 0, 0, 0, 1, 1, 0, 1, 0, 0, 0, 0, 1, 1, 0, 0, 0, 0, 0, 0, 0, 0, 1, 1, 0, 1, 0, 1, 0, 1, 1, 1, 1, 1, 0, 0, 1, 1, 1, 1, 1, 1, 0, 0)"
14.543109,50,25.412731,4,"(np.int64(8698), np.int64(23671), np.int64(37709), np.int64(7938), np.int64(15180), np.int64(24572), np.int64(38355), np.int64(35261), np.int64(16467), np.int64(35449), np.int64(36037), np.int64(15180), np.int64(19285), np.int64(15180), np.int64(15180), np.int64(19384), np.int64(5268), np.int64(47693), np.int64(15180), np.int64(30852), np.int64(7103), np.int64(15180), np.int64(6234), np.int64(25133), np.int64(42405), np.int64(1700), np.int64(11595), np.int64(40538), np.int64(22772), np.int64(3958), np.int64(20692), np.int64(26252), np.int64(22496), np.int64(14665), np.int64(37220), np.int64(46446), np.int64(27426), np.int64(15180), np.int64(11743), np.int64(5145), np.int64(43868), np.int64(24375), np.int64(11420), np.int64(3043), np.int64(15180), np.int64(5145), np.int64(23743), np.int64(34222), np.int64(15180), np.int64(35923))","(0, 1, 1, 1, 0, 1, 0, 0, 1, 1, 1, 0, 1, 0, 0, 1, 1, 1, 0, 0, 0, 0, 1, 1, 0, 1, 0, 0, 0, 1, 1, 0, 0, 1, 1, 0, 1, 0, 1, 1, 0, 0, 1, 1, 0, 1, 1, 0, 0, 0)"
18.545947,50,25.937049,1,"(np.int64(2512), np.int64(23402), np.int64(23597), np.int64(31034), np.int64(46321), np.int64(15180), np.int64(17745), np.int64(27909), np.int64(42090), np.int64(42832), np.int64(45813), np.int64(15180), np.int64(15180), np.int64(33109), np.int64(15180), np.int64(6253), np.int64(5145), np.int64(34460), np.int64(1198), np.int64(19131), np.int64(8023), np.int64(42574), np.int64(5145), np.int64(36406), np.int64(5145), np.int64(45741), np.int64(11506), np.int64(19717), np.int64(35297), np.int64(12134), np.int64(10940), np.int64(13918), np.int64(17637), np.int64(47010), np.int64(15455), np.int64(13229), np.int64(14739), np.int64(4842), np.int64(46006), np.int64(26874), np.int64(29804), np.int64(2652), np.int64(5145), np.int64(27140), np.int64(19091), np.int64(40853), np.int64(8379), np.int64(5145), np.int64(23351), np.int64(5145))","(0, 1, 1, 1, 1, 0, 1, 0, 0, 0, 0, 0, 0, 0, 0, 1, 1, 0, 1, 1, 1, 1, 1, 1, 1, 1, 1, 1, 0, 1, 1, 1, 1, 0, 1, 1, 1, 1, 0, 1, 0, 1, 1, 1, 1, 0, 1, 1, 1, 1)"
14.257432,50,26.465631,3,"(np.int64(44443), np.int64(22399), np.int64(15690), np.int64(22562), np.int64(46493), np.int64(5145), np.int64(19111), np.int64(19371), np.int64(18647), np.int64(5145), np.int64(5145), np.int64(47933), np.int64(28306), np.int64(32453), np.int64(5903), np.int64(23721), np.int64(13189), np.int64(5145), np.int64(19868), np.int64(7308), np.int64(24587), np.int64(10604), np.int64(5145), np.int64(41262), np.int64(5145), np.int64(8778), np.int64(36488), np.int64(20752), np.int64(5145), np.int64(30238), np.int64(46242), np.int64(10841), np.int64(28670), np.int64(27137), np.int64(39379), np.int64(24944), np.int64(36546), np.int64(5145), np.int64(22659), np.int64(19982), np.int64(47485), np.int64(35580), np.int64(22220), np.int64(18836), np.int64(38961), np.int64(4077), np.int64(8934), np.int64(48635), np.int64(374), np.int64(28587))","(0, 0, 1, 0, 0, 1, 1, 1, 1, 1, 1, 0, 0, 1, 1, 0, 1, 1, 0, 1, 1, 1, 1, 0, 1, 0, 1, 1, 1, 0, 0, 1, 1, 1, 0, 1, 0, 1, 0, 1, 0, 0, 1, 1, 1, 1, 1, 1, 1, 0)"
17.187818,50,26.985882,2,"(np.int64(41889), np.int64(43068), np.int64(21518), np.int64(38265), np.int64(6533), np.int64(5145), np.int64(21838), np.int64(23992), np.int64(28038), np.int64(5145), np.int64(5145), np.int64(42667), np.int64(27106), np.int64(32530), np.int64(5145), np.int64(5145), np.int64(34287), np.int64(5145), np.int64(20951), np.int64(14550), np.int64(19807), np.int64(49726), np.int64(20070), np.int64(38696), np.int64(40813), np.int64(38848), np.int64(26062), np.int64(5145), np.int64(7932), np.int64(19280), np.int64(17540), np.int64(21351), np.int64(43943), np.int64(43982), np.int64(26826), np.int64(3819), np.int64(40933), np.int64(15613), np.int64(48450), np.int64(5145), np.int64(44103), np.int64(5145), np.int64(25029), np.int64(5145), np.int64(23183), np.int64(33575), np.int64(38447), np.int64(10307), np.int64(5145), np.int64(5145))","(0, 0, 1, 0, 1, 1, 1, 1, 1, 1, 1, 0, 1, 1, 1, 1, 1, 1, 1, 1, 1, 1, 1, 1, 1, 0, 1, 1, 1, 1, 0, 1, 0, 0, 1, 1, 1, 1, 0, 1, 0, 1, 1, 1, 0, 0, 1, 1, 1, 1)"
5.358994,50,27.546511,8,"(np.int64(29747), np.int64(35868), np.int64(42525), np.int64(2550), np.int64(5145), np.int64(23731), np.int64(5145), np.int64(32926), np.int64(5145), np.int64(26790), np.int64(5145), np.int64(5145), np.int64(44417), np.int64(5145), np.int64(5145), np.int64(5145), np.int64(48904), np.int64(5145), np.int64(37252), np.int64(46119), np.int64(5145), np.int64(24323), np.int64(20532), np.int64(33733), np.int64(25999), np.int64(5145), np.int64(41788), np.int64(25304), np.int64(17587), np.int64(5145), np.int64(5145), np.int64(5145), np.int64(36420), np.int64(5145), np.int64(26519), np.int64(47637), np.int64(5382), np.int64(5494), np.int64(41777), np.int64(20366), np.int64(46748), np.int64(22473), np.int64(5145), np.int64(22077), np.int64(30818), np.int64(47103), np.int64(19331), np.int64(2883), np.int64(15776), np.int64(5145))","(0, 0, 0, 1, 1, 1, 1, 0, 1, 0, 1, 1, 0, 1, 1, 1, 0, 1, 0, 0, 1, 0, 0, 0, 0, 1, 0, 1, 0, 1, 1, 1, 0, 1, 0, 0, 1, 1, 0, 1, 0, 0, 1, 0, 0, 0, 1, 1, 0, 1)"
15.47684,50,28.09188,5,"(np.int64(5145), np.int64(18484), np.int64(8901), np.int64(19761), np.int64(336), np.int64(5145), np.int64(4402), np.int64(17974), np.int64(4234), np.int64(5145), np.int64(5451), np.int64(24774), np.int64(49293), np.int64(5145), np.int64(49665), np.int64(27733), np.int64(39296), np.int64(32523), np.int64(23765), np.int64(22322), np.int64(5145), np.int64(5145), np.int64(12895), np.int64(14953), np.int64(20546), np.int64(48505), np.int64(13260), np.int64(48434), np.int64(33436), np.int64(49220), np.int64(5145), np.int64(24479), np.int64(28797), np.int64(10614), np.int64(23796), np.int64(13), np.int64(47949), np.int64(10674), np.int64(1456), np.int64(5145), np.int64(40921), np.int64(48536), np.int64(30693), np.int64(5145), np.int64(40075), np.int64(5145), np.int64(42250), np.int64(619), np.int64(3884), np.int64(43934))","(1, 1, 1, 1, 1, 1, 1, 1, 1, 1, 1, 1, 1, 1, 0, 0, 0, 1, 1, 0, 1, 1, 0, 0, 1, 0, 0, 1, 0, 1, 1, 1, 1, 1, 1, 1, 0, 0, 1, 1, 0, 0, 0, 1, 0, 1, 0, 1, 1, 0)"
19.702479,50,28.62692,2,"(np.int64(33030), np.int64(5145), np.int64(23025), np.int64(43003), np.int64(5145), np.int64(10147), np.int64(23728), np.int64(40706), np.int64(15759), np.int64(34961), np.int64(10793), np.int64(11185), np.int64(14421), np.int64(12276), np.int64(13303), np.int64(5145), np.int64(19417), np.int64(26196), np.int64(8803), np.int64(47153), np.int64(31766), np.int64(29960), np.int64(15626), np.int64(37797), np.int64(40830), np.int64(642), np.int64(30687), np.int64(12577), np.int64(5145), np.int64(24325), np.int64(44589), np.int64(12315), np.int64(40276), np.int64(5145), np.int64(38749), np.int64(5145), np.int64(44162), np.int64(28459), np.int64(7222), np.int64(8580), np.int64(40999), np.int64(5145), np.int64(25791), np.int64(31667), np.int64(517), np.int64(32936), np.int64(6786), np.int64(8530), np.int64(16642), np.int64(18049))","(1, 1, 0, 0, 1, 1, 1, 0, 1, 0, 1, 1, 1, 1, 1, 1, 0, 1, 1, 1, 1, 0, 1, 1, 1, 1, 0, 1, 1, 1, 0, 1, 0, 1, 0, 1, 0, 1, 1, 1, 1, 1, 0, 1, 1, 0, 1, 1, 1, 0)"
17.192465,50,29.170748,5,"(np.int64(14837), np.int64(33562), np.int64(40446), np.int64(5145), np.int64(31485), np.int64(5145), np.int64(38878), np.int64(46120), np.int64(45506), np.int64(5145), np.int64(33818), np.int64(5436), np.int64(9927), np.int64(3349), np.int64(6520), np.int64(42943), np.int64(38878), np.int64(5145), np.int64(19954), np.int64(20508), np.int64(5329), np.int64(78), np.int64(36986), np.int64(383), np.int64(38878), np.int64(46442), np.int64(25004), np.int64(5361), np.int64(3286), np.int64(36944), np.int64(38878), np.int64(6469), np.int64(27026), np.int64(8020), np.int64(39571), np.int64(44727), np.int64(38878), np.int64(45903), np.int64(19606), np.int64(38878), np.int64(31848), np.int64(32181), np.int64(37068), np.int64(5954), np.int64(16478), np.int64(13017), np.int64(39912), np.int64(38936), np.int64(23201), np.int64(25625))","(1, 1, 0, 1, 0, 1, 0, 1, 1, 1, 0, 1, 1, 1, 1, 0, 0, 1, 1, 1, 1, 1, 1, 1, 0, 0, 1, 1, 1, 0, 0, 1, 1, 1, 0, 1, 0, 1, 1, 0, 1, 0, 0, 1, 0, 1, 0, 0, 0, 1)"
8.732206,50,29.719614,7,"(np.int64(22249), np.int64(4381), np.int64(45201), np.int64(36959), np.int64(38805), np.int64(19510), np.int64(3391), np.int64(21708), np.int64(20552), np.int64(38878), np.int64(12059), np.int64(49909), np.int64(43695), np.int64(19510), np.int64(47176), np.int64(38071), np.int64(19510), np.int64(16584), np.int64(12393), np.int64(38878), np.int64(39021), np.int64(46811), np.int64(19510), np.int64(39487), np.int64(49414), np.int64(23920), np.int64(29693), np.int64(27430), np.int64(15799), np.int64(19510), np.int64(35113), np.int64(3644), np.int64(47351), np.int64(19510), np.int64(31021), np.int64(19510), np.int64(23590), np.int64(47273), np.int64(36040), np.int64(48438), np.int64(19510), np.int64(46101), np.int64(39210), np.int64(44090), np.int64(19510), np.int64(19510), np.int64(11796), np.int64(10019), np.int64(48150), np.int64(2867))","(0, 1, 0, 0, 0, 1, 1, 1, 1, 0, 0, 0, 0, 1, 0, 0, 1, 1, 1, 0, 0, 0, 1, 0, 0, 1, 0, 1, 1, 1, 0, 1, 0, 1, 0, 1, 1, 0, 0, 0, 1, 0, 0, 0, 1, 1, 1, 1, 0, 1)"
3.096313,50,30.251655,0,"(np.int64(16620), np.int64(49988), np.int64(10708), np.int64(9690), np.int64(19510), np.int64(10775), np.int64(7898), np.int64(44149), np.int64(10789), np.int64(9529), np.int64(36817), np.int64(16065), np.int64(19510), np.int64(19510), np.int64(45232), np.int64(34042), np.int64(3964), np.int64(18039), np.int64(16207), np.int64(19610), np.int64(9515), np.int64(42759), np.int64(41875), np.int64(44646), np.int64(45695), np.int64(19510), np.int64(19510), np.int64(8532), np.int64(22831), np.int64(19510), np.int64(19510), np.int64(19510), np.int64(674), np.int64(107), np.int64(17697), np.int64(12676), np.int64(48079), np.int64(38958), np.int64(40482), np.int64(8848), np.int64(6400), np.int64(20904), np.int64(1629), np.int64(19510), np.int64(41781), np.int64(2127), np.int64(4598), np.int64(22581), np.int64(26812), np.int64(19510))","(0, 0, 1, 1, 0, 0, 0, 0, 0, 0, 0, 0, 0, 0, 0, 0, 0, 0, 0, 0, 0, 0, 0, 0, 0, 0, 0, 1, 0, 0, 0, 0, 0, 0, 0, 1, 0, 0, 0, 0, 0, 0, 0, 0, 0, 0, 0, 0, 0, 0)"
20.563988,50,30.79474,2,"(np.int64(19510), np.int64(127), np.int64(19510), np.int64(19510), np.int64(12672), np.int64(19510), np.int64(34771), np.int64(8349), np.int64(34546), np.int64(349), np.int64(39994), np.int64(42235), np.int64(46948), np.int64(14619), np.int64(41271), np.int64(19510), np.int64(38751), np.int64(43609), np.int64(1635), np.int64(19510), np.int64(13209), np.int64(7109), np.int64(30813), np.int64(19510), np.int64(42304), np.int64(384), np.int64(19510), np.int64(25446), np.int64(43869), np.int64(15395), np.int64(42293), np.int64(19510), np.int64(5145), np.int64(47058), np.int64(24178), np.int64(2084), np.int64(19510), np.int64(17670), np.int64(48786), np.int64(27118), np.int64(14991), np.int64(15079), np.int64(8817), np.int64(44107), np.int64(37507), np.int64(39850), np.int64(23449), np.int64(18648), np.int64(17691), np.int64(6926))","(1, 1, 1, 1, 1, 1, 1, 1, 1, 1, 1, 1, 0, 1, 0, 1, 0, 0, 1, 1, 1, 1, 0, 1, 0, 1, 1, 1, 0, 1, 0, 1, 1, 1, 1, 1, 1, 1, 1, 1, 1, 1, 1, 0, 1, 1, 1, 1, 1, 1)"
1.542778,50,31.328774,0,"(np.int64(28159), np.int64(2654), np.int64(23737), np.int64(19510), np.int64(40099), np.int64(40686), np.int64(19510), np.int64(44368), np.int64(6841), np.int64(5192), np.int64(19510), np.int64(47370), np.int64(32322), np.int64(6197), np.int64(40381), np.int64(46214), np.int64(27902), np.int64(43169), np.int64(6922), np.int64(28896), np.int64(19352), np.int64(19510), np.int64(3954), np.int64(37645), np.int64(43094), np.int64(32744), np.int64(19144), np.int64(19503), np.int64(19510), np.int64(1871), np.int64(3933), np.int64(26473), np.int64(38619), np.int64(17196), np.int64(18528), np.int64(29758), np.int64(11907), np.int64(19510), np.int64(19510), np.int64(13544), np.int64(9964), np.int64(8778), np.int64(42206), np.int64(19510), np.int64(12272), np.int64(46102), np.int64(19510), np.int64(48345), np.int64(1988), np.int64(3554))","(0, 0, 0, 0, 0, 0, 0, 0, 0, 0, 0, 0, 0, 0, 0, 0, 0, 0, 0, 0, 1, 0, 0, 0, 0, 0, 0, 0, 0, 0, 0, 0, 0, 0, 0, 0, 0, 0, 0, 0, 1, 0, 0, 0, 0, 0, 0, 0, 0, 0)"
14.314025,50,31.859651,6,"(np.int64(39897), np.int64(19510), np.int64(45342), np.int64(9015), np.int64(30659), np.int64(19510), np.int64(19510), np.int64(19510), np.int64(40550), np.int64(19510), np.int64(42030), np.int64(8412), np.int64(3743), np.int64(43688), np.int64(43145), np.int64(18548), np.int64(20820), np.int64(36008), np.int64(44201), np.int64(7201), np.int64(3077), np.int64(19510), np.int64(5289), np.int64(381), np.int64(20031), np.int64(19510), np.int64(19510), np.int64(43602), np.int64(27800), np.int64(32901), np.int64(44254), np.int64(39921), np.int64(4890), np.int64(33286), np.int64(7777), np.int64(16441), np.int64(42107), np.int64(46572), np.int64(10170), np.int64(37711), np.int64(10444), np.int64(39185), np.int64(16309), np.int64(16309), np.int64(39524), np.int64(16309), np.int64(8572), np.int64(28361), np.int64(15373), np.int64(16309))","(1, 1, 0, 1, 0, 1, 1, 1, 0, 1, 0, 1, 1, 0, 1, 1, 0, 0, 0, 1, 1, 1, 1, 1, 1, 1, 1, 0, 1, 0, 0, 1, 1, 0, 1, 1, 0, 1, 1, 1, 1, 0, 1, 1, 0, 1, 1, 0, 1, 1)"
10.046758,50,32.448391,7,"(np.int64(29361), np.int64(29048), np.int64(23584), np.int64(13362), np.int64(12190), np.int64(43763), np.int64(34337), np.int64(37742), np.int64(36393), np.int64(35524), np.int64(3371), np.int64(16309), np.int64(4675), np.int64(39185), np.int64(16309), np.int64(38628), np.int64(45501), np.int64(16309), np.int64(16309), np.int64(10602), np.int64(28465), np.int64(5903), np.int64(16309), np.int64(40742), np.int64(23315), np.int64(35345), np.int64(24441), np.int64(16309), np.int64(28159), np.int64(16309), np.int64(28159), np.int64(40636), np.int64(39860), np.int64(8672), np.int64(7576), np.int64(39159), np.int64(16309), np.int64(18602), np.int64(28159), np.int64(5736), np.int64(16309), np.int64(38641), np.int64(2725), np.int64(25446), np.int64(44833), np.int64(426), np.int64(16309), np.int64(22363), np.int64(37540), np.int64(29018))","(0, 1, 0, 1, 1, 0, 0, 0, 0, 1, 1, 1, 1, 0, 1, 0, 0, 1, 1, 1, 0, 1, 1, 0, 1, 0, 1, 1, 1, 1, 1, 0, 0, 0, 0, 0, 1, 0, 1, 1, 1, 0, 1, 1, 0, 1, 1, 0, 0, 1)"
17.496462,50,33.054308,1,"(np.int64(40177), np.int64(49671), np.int64(42057), np.int64(38416), np.int64(31905), np.int64(24729), np.int64(42663), np.int64(34406), np.int64(38006), np.int64(14122), np.int64(16309), np.int64(24008), np.int64(10373), np.int64(6771), np.int64(16309), np.int64(5808), np.int64(2433), np.int64(16309), np.int64(16309), np.int64(16309), np.int64(7749), np.int64(47994), np.int64(34605), np.int64(16309), np.int64(19783), np.int64(39324), np.int64(36313), np.int64(26526), np.int64(12463), np.int64(3721), np.int64(43552), np.int64(10248), np.int64(30331), np.int64(11389), np.int64(33716), np.int64(16309), np.int64(28159), np.int64(35317), np.int64(45201), np.int64(26975), np.int64(48031), np.int64(20507), np.int64(16309), np.int64(41801), np.int64(16309), np.int64(162), np.int64(25565), np.int64(16309), np.int64(4535), np.int64(25624))","(0, 0, 1, 1, 1, 0, 0, 0, 0, 1, 1, 0, 1, 1, 1, 1, 1, 1, 1, 1, 1, 1, 0, 1, 0, 0, 1, 1, 1, 1, 0, 1, 0, 1, 1, 1, 1, 0, 1, 1, 0, 1, 1, 1, 1, 1, 1, 1, 1, 1)"
3.153451,50,33.578816,0,"(np.int64(10030), np.int64(10996), np.int64(16309), np.int64(48502), np.int64(16354), np.int64(16988), np.int64(38082), np.int64(42042), np.int64(29093), np.int64(43043), np.int64(10942), np.int64(43995), np.int64(16753), np.int64(27633), np.int64(8244), np.int64(35597), np.int64(39416), np.int64(47323), np.int64(27633), np.int64(27633), np.int64(14316), np.int64(27633), np.int64(16160), np.int64(35487), np.int64(27087), np.int64(9243), np.int64(47096), np.int64(27633), np.int64(28159), np.int64(7725), np.int64(43497), np.int64(25565), np.int64(9341), np.int64(27633), np.int64(47730), np.int64(941), np.int64(33188), np.int64(5316), np.int64(2561), np.int64(25565), np.int64(18580), np.int64(13788), np.int64(36788), np.int64(25565), np.int64(27633), np.int64(26015), np.int64(46786), np.int64(24288), np.int64(45237), np.int64(9556))","(0, 0, 0, 0, 0, 1, 0, 0, 1, 0, 0, 0, 0, 0, 0, 0, 0, 0, 0, 0, 0, 0, 0, 0, 0, 0, 0, 0, 0, 0, 0, 0, 0, 0, 0, 0, 0, 0, 0, 0, 1, 0, 0, 0, 0, 0, 0, 0, 0, 1)"
13.926392,50,34.101854,6,"(np.int64(27633), np.int64(27633), np.int64(25565), np.int64(30947), np.int64(11902), np.int64(2753), np.int64(8899), np.int64(46927), np.int64(1768), np.int64(47714), np.int64(41103), np.int64(22748), np.int64(27063), np.int64(19227), np.int64(27333), np.int64(10608), np.int64(16347), np.int64(48239), np.int64(37475), np.int64(14562), np.int64(23670), np.int64(4492), np.int64(25223), np.int64(12529), np.int64(10573), np.int64(30518), np.int64(32163), np.int64(25565), np.int64(38995), np.int64(22720), np.int64(27633), np.int64(25565), np.int64(48673), np.int64(30298), np.int64(27633), np.int64(4561), np.int64(25565), np.int64(17550), np.int64(9352), np.int64(49230), np.int64(9184), np.int64(33197), np.int64(14067), np.int64(36318), np.int64(35576), np.int64(25565), np.int64(39347), np.int64(25565), np.int64(25565), np.int64(14244))","(1, 1, 1, 0, 1, 1, 1, 1, 1, 0, 0, 0, 1, 1, 1, 1, 1, 0, 0, 0, 1, 1, 0, 1, 0, 0, 1, 1, 0, 0, 1, 1, 0, 0, 1, 1, 1, 0, 1, 0, 1, 0, 1, 1, 1, 1, 0, 1, 1, 1)"
17.501987,50,34.617474,4,"(np.int64(15298), np.int64(10331), np.int64(26639), np.int64(13101), np.int64(23491), np.int64(2221), np.int64(3569), np.int64(21169), np.int64(3569), np.int64(3569), np.int64(3569), np.int64(6962), np.int64(3569), np.int64(25565), np.int64(38545), np.int64(12322), np.int64(35778), np.int64(1740), np.int64(7661), np.int64(15984), np.int64(44386), np.int64(25565), np.int64(24124), np.int64(25565), np.int64(13252), np.int64(18087), np.int64(48696), np.int64(18337), np.int64(25565), np.int64(7964), np.int64(48865), np.int64(36780), np.int64(25565), np.int64(45242), np.int64(41892), np.int64(25565), np.int64(19046), np.int64(45173), np.int64(30929), np.int64(31482), np.int64(7796), np.int64(36428), np.int64(20283), np.int64(43322), np.int64(40811), np.int64(23362), np.int64(16117), np.int64(33968), np.int64(45932), np.int64(24563))","(1, 1, 1, 1, 1, 1, 1, 1, 1, 1, 1, 1, 1, 1, 1, 1, 1, 1, 1, 1, 0, 1, 0, 1, 1, 0, 0, 1, 1, 1, 0, 0, 1, 1, 1, 1, 1, 1, 0, 0, 1, 1, 1, 0, 0, 1, 1, 0, 0, 1)"
21.175553,50,35.134821,1,"(np.int64(15298), np.int64(23902), np.int64(3224), np.int64(49425), np.int64(20311), np.int64(46899), np.int64(27957), np.int64(46572), np.int64(5102), np.int64(41692), np.int64(21418), np.int64(27467), np.int64(1345), np.int64(10136), np.int64(25565), np.int64(43043), np.int64(21282), np.int64(25565), np.int64(25565), np.int64(15509), np.int64(34034), np.int64(17803), np.int64(29927), np.int64(3762), np.int64(25565), np.int64(25565), np.int64(19023), np.int64(28060), np.int64(36545), np.int64(29460), np.int64(21850), np.int64(15131), np.int64(12169), np.int64(25565), np.int64(16749), np.int64(14611), np.int64(46458), np.int64(43895), np.int64(8265), np.int64(1673), np.int64(25565), np.int64(25565), np.int64(16859), np.int64(24478), np.int64(15379), np.int64(21969), np.int64(12361), np.int64(35690), np.int64(5042), np.int64(16824))","(1, 1, 1, 0, 1, 1, 1, 1, 1, 1, 1, 0, 1, 1, 1, 0, 0, 1, 1, 1, 0, 1, 0, 1, 1, 1, 0, 1, 0, 1, 1, 1, 1, 1, 1, 1, 0, 0, 1, 1, 1, 1, 1, 1, 0, 1, 1, 1, 1, 1)"
10.20125,50,35.64878,8,"(np.int64(26218), np.int64(33443), np.int64(25780), np.int64(25565), np.int64(25565), np.int64(25565), np.int64(7735), np.int64(25565), np.int64(29817), np.int64(19518), np.int64(26241), np.int64(25565), np.int64(46165), np.int64(25565), np.int64(41354), np.int64(15174), np.int64(42004), np.int64(1006), np.int64(21767), np.int64(25565), np.int64(36392), np.int64(43770), np.int64(28053), np.int64(25565), np.int64(504), np.int64(21739), np.int64(39577), np.int64(416), np.int64(20427), np.int64(29232), np.int64(1439), np.int64(25565), np.int64(504), np.int64(28963), np.int64(25565), np.int64(4943), np.int64(23514), np.int64(31473), np.int64(39232), np.int64(23376), np.int64(25565), np.int64(504), np.int64(25565), np.int64(5791), np.int64(46029), np.int64(36030), np.int64(19959), np.int64(45488), np.int64(25565), np.int64(504))","(1, 0, 0, 1, 1, 1, 1, 1, 0, 1, 1, 1, 0, 1, 0, 1, 0, 1, 1, 1, 0, 0, 0, 1, 1, 1, 0, 1, 0, 0, 1, 1, 1, 1, 1, 1, 1, 1, 0, 0, 1, 1, 1, 0, 0, 0, 1, 0, 1, 1)"
16.687111,50,36.17432,6,"(np.int64(15298), np.int64(16719), np.int64(16839), np.int64(44225), np.int64(14114), np.int64(47127), np.int64(8152), np.int64(46476), np.int64(25565), np.int64(6114), np.int64(2312), np.int64(24966), np.int64(144), np.int64(25565), np.int64(25565), np.int64(47104), np.int64(8302), np.int64(25565), np.int64(47104), np.int64(48255), np.int64(11414), np.int64(17074), np.int64(25565), np.int64(1800), np.int64(35288), np.int64(18755), np.int64(15298), np.int64(47104), np.int64(1857), np.int64(24248), np.int64(34894), np.int64(28433), np.int64(11280), np.int64(22979), np.int64(20987), np.int64(25851), np.int64(10654), np.int64(25826), np.int64(49500), np.int64(15298), np.int64(27774), np.int64(35461), np.int64(15298), np.int64(35485), np.int64(30411), np.int64(15298), np.int64(10588), np.int64(34074), np.int64(17697), np.int64(12084))","(1, 1, 1, 0, 1, 1, 1, 1, 1, 1, 0, 1, 1, 1, 1, 0, 1, 1, 0, 0, 1, 1, 1, 1, 1, 0, 1, 0, 1, 1, 0, 1, 0, 0, 1, 0, 1, 0, 1, 1, 1, 0, 1, 1, 0, 1, 1, 1, 1, 1)"
4.642316,50,36.705027,0,"(np.int64(38591), np.int64(15298), np.int64(19451), np.int64(15298), np.int64(30474), np.int64(15298), np.int64(27136), np.int64(9688), np.int64(8451), np.int64(10194), np.int64(15298), np.int64(43639), np.int64(15298), np.int64(823), np.int64(1237), np.int64(47645), np.int64(2420), np.int64(14677), np.int64(44361), np.int64(44453), np.int64(48629), np.int64(15298), np.int64(24095), np.int64(21710), np.int64(14087), np.int64(36863), np.int64(13536), np.int64(5010), np.int64(15298), np.int64(47035), np.int64(48671), np.int64(26283), np.int64(15298), np.int64(23119), np.int64(15298), np.int64(48645), np.int64(15298), np.int64(17632), np.int64(36600), np.int64(17663), np.int64(15298), np.int64(23360), np.int64(48823), np.int64(28650), np.int64(19886), np.int64(15298), np.int64(504), np.int64(28644), np.int64(47687), np.int64(15298))","(1, 0, 0, 0, 0, 0, 0, 0, 0, 0, 0, 0, 0, 0, 0, 0, 0, 0, 0, 0, 0, 0, 1, 0, 1, 0, 1, 0, 0, 0, 0, 0, 0, 0, 0, 0, 0, 0, 0, 1, 0, 0, 0, 0, 0, 0, 1, 0, 0, 0)"
10.061284,50,37.234051,8,"(np.int64(25250), np.int64(7258), np.int64(8597), np.int64(15298), np.int64(11738), np.int64(2102), np.int64(15298), np.int64(15298), np.int64(7850), np.int64(3585), np.int64(14648), np.int64(15298), np.int64(44522), np.int64(33810), np.int64(14960), np.int64(15298), np.int64(12323), np.int64(15298), np.int64(34557), np.int64(15298), np.int64(7219), np.int64(15298), np.int64(48694), np.int64(12467), np.int64(15298), np.int64(32143), np.int64(28514), np.int64(4890), np.int64(18818), np.int64(15298), np.int64(48642), np.int64(15298), np.int64(28634), np.int64(40643), np.int64(15298), np.int64(25440), np.int64(41584), np.int64(17938), np.int64(15298), np.int64(26634), np.int64(39191), np.int64(15298), np.int64(504), np.int64(38574), np.int64(4526), np.int64(4526), np.int64(4526), np.int64(49808), np.int64(11837), np.int64(4526))","(0, 1, 0, 1, 1, 1, 1, 1, 1, 1, 1, 1, 0, 0, 1, 1, 1, 1, 0, 1, 1, 1, 0, 1, 1, 0, 0, 1, 1, 1, 0, 1, 0, 0, 1, 1, 0, 0, 1, 0, 0, 1, 1, 0, 1, 1, 1, 0, 1, 1)"
15.376463,50,37.758827,6,"(np.int64(15298), np.int64(15298), np.int64(22526), np.int64(5560), np.int64(15589), np.int64(13519), np.int64(4526), np.int64(4526), np.int64(24011), np.int64(4526), np.int64(36863), np.int64(4527), np.int64(44858), np.int64(49231), np.int64(25724), np.int64(48330), np.int64(37620), np.int64(21479), np.int64(6270), np.int64(4526), np.int64(6840), np.int64(44707), np.int64(25414), np.int64(46806), np.int64(23064), np.int64(39406), np.int64(23391), np.int64(34129), np.int64(4526), np.int64(24929), np.int64(20943), np.int64(35451), np.int64(31098), np.int64(48017), np.int64(35948), np.int64(25317), np.int64(17729), np.int64(4526), np.int64(23439), np.int64(4526), np.int64(21723), np.int64(13107), np.int64(17730), np.int64(40885), np.int64(4526), np.int64(5639), np.int64(190), np.int64(16315), np.int64(13114), np.int64(4526))","(1, 1, 0, 1, 0, 1, 1, 1, 1, 1, 1, 1, 0, 0, 0, 0, 1, 1, 1, 1, 1, 0, 1, 0, 0, 0, 1, 0, 1, 1, 1, 1, 0, 1, 0, 1, 1, 1, 1, 1, 1, 1, 1, 0, 1, 0, 0, 1, 1, 1)"
17.404183,50,38.287998,1,"(np.int64(44561), np.int64(4526), np.int64(2327), np.int64(4526), np.int64(6814), np.int64(39185), np.int64(4526), np.int64(6814), np.int64(27114), np.int64(3251), np.int64(36202), np.int64(13075), np.int64(6814), np.int64(18674), np.int64(46825), np.int64(16838), np.int64(14505), np.int64(40857), np.int64(10531), np.int64(48675), np.int64(39089), np.int64(6814), np.int64(5157), np.int64(20210), np.int64(43800), np.int64(3819), np.int64(38780), np.int64(29249), np.int64(45422), np.int64(28995), np.int64(6814), np.int64(9923), np.int64(9923), np.int64(9923), np.int64(36536), np.int64(10995), np.int64(39185), np.int64(26294), np.int64(22767), np.int64(42722), np.int64(19469), np.int64(43551), np.int64(2072), np.int64(34180), np.int64(9923), np.int64(7612), np.int64(32230), np.int64(9657), np.int64(4262), np.int64(4844))","(0, 1, 1, 1, 1, 0, 1, 1, 1, 1, 0, 1, 1, 1, 0, 0, 1, 1, 0, 1, 1, 1, 1, 1, 0, 1, 0, 1, 0, 1, 1, 1, 1, 1, 1, 0, 0, 1, 0, 1, 1, 0, 1, 0, 1, 1, 1, 1, 1, 1)"
11.477488,50,38.830452,3,"(np.int64(17048), np.int64(8096), np.int64(9923), np.int64(39009), np.int64(22323), np.int64(6914), np.int64(29391), np.int64(9923), np.int64(27756), np.int64(21923), np.int64(6280), np.int64(27909), np.int64(25084), np.int64(49003), np.int64(9923), np.int64(6724), np.int64(9923), np.int64(31568), np.int64(9923), np.int64(43947), np.int64(9923), np.int64(9923), np.int64(12271), np.int64(2104), np.int64(33953), np.int64(14499), np.int64(4262), np.int64(39185), np.int64(33316), np.int64(3603), np.int64(36023), np.int64(34690), np.int64(28992), np.int64(34847), np.int64(4262), np.int64(42549), np.int64(25083), np.int64(6872), np.int64(27372), np.int64(35769), np.int64(4262), np.int64(4262), np.int64(14550), np.int64(34300), np.int64(4262), np.int64(39355), np.int64(4262), np.int64(11244), np.int64(43483), np.int64(15905))","(1, 1, 1, 1, 0, 1, 1, 1, 0, 1, 1, 0, 0, 0, 1, 1, 1, 0, 1, 0, 1, 1, 1, 1, 1, 1, 1, 0, 0, 0, 0, 0, 0, 0, 1, 0, 1, 1, 1, 0, 1, 1, 1, 1, 1, 0, 1, 1, 0, 0)"
15.005624,50,39.356798,4,"(np.int64(15100), np.int64(3061), np.int64(16633), np.int64(18179), np.int64(36900), np.int64(24537), np.int64(29477), np.int64(43887), np.int64(4262), np.int64(6533), np.int64(12153), np.int64(39185), np.int64(507), np.int64(4262), np.int64(4262), np.int64(1292), np.int64(4262), np.int64(39524), np.int64(507), np.int64(18669), np.int64(4262), np.int64(30752), np.int64(20876), np.int64(507), np.int64(4991), np.int64(11244), np.int64(11244), np.int64(22668), np.int64(20792), np.int64(507), np.int64(11244), np.int64(4009), np.int64(47045), np.int64(2622), np.int64(10335), np.int64(507), np.int64(1271), np.int64(34361), np.int64(759), np.int64(31357), np.int64(507), np.int64(34042), np.int64(18379), np.int64(31396), np.int64(507), np.int64(24811), np.int64(15634), np.int64(48328), np.int64(43008), np.int64(507))","(1, 1, 1, 0, 0, 1, 1, 0, 1, 1, 1, 0, 1, 1, 1, 1, 1, 0, 1, 1, 1, 0, 1, 1, 1, 1, 1, 0, 1, 1, 1, 1, 0, 1, 1, 1, 1, 1, 1, 0, 1, 1, 0, 0, 1, 1, 1, 0, 0, 1)"
11.46289,50,39.892648,3,"(np.int64(507), np.int64(19995), np.int64(48005), np.int64(9234), np.int64(42442), np.int64(45945), np.int64(507), np.int64(507), np.int64(507), np.int64(23171), np.int64(46667), np.int64(20933), np.int64(43958), np.int64(507), np.int64(507), np.int64(12369), np.int64(8523), np.int64(26335), np.int64(507), np.int64(19246), np.int64(507), np.int64(25169), np.int64(24126), np.int64(44482), np.int64(49642), np.int64(12641), np.int64(1188), np.int64(25864), np.int64(22501), np.int64(9066), np.int64(507), np.int64(35391), np.int64(3121), np.int64(38852), np.int64(14346), np.int64(507), np.int64(32008), np.int64(395), np.int64(507), np.int64(2638), np.int64(3582), np.int64(5200), np.int64(39008), np.int64(40954), np.int64(41039), np.int64(39687), np.int64(18286), np.int64(507), np.int64(26305), np.int64(43524))","(1, 1, 0, 1, 0, 0, 1, 1, 1, 0, 0, 1, 0, 1, 1, 1, 1, 1, 1, 1, 1, 0, 0, 0, 0, 1, 1, 1, 0, 1, 1, 0, 1, 1, 0, 1, 0, 1, 1, 1, 0, 1, 1, 0, 0, 1, 1, 1, 0, 0)"
2.957534,50,40.427604,0,"(np.int64(32585), np.int64(29363), np.int64(1629), np.int64(38371), np.int64(47528), np.int64(14035), np.int64(43408), np.int64(43558), np.int64(29394), np.int64(29363), np.int64(11244), np.int64(26909), np.int64(21438), np.int64(38737), np.int64(29029), np.int64(23268), np.int64(24850), np.int64(11244), np.int64(40772), np.int64(17681), np.int64(41502), np.int64(11244), np.int64(26951), np.int64(11244), np.int64(47598), np.int64(40550), np.int64(17873), np.int64(11244), np.int64(11244), np.int64(9235), np.int64(33327), np.int64(11244), np.int64(39268), np.int64(11244), np.int64(39284), np.int64(10628), np.int64(8266), np.int64(11244), np.int64(5661), np.int64(16103), np.int64(33409), np.int64(23244), np.int64(11244), np.int64(11244), np.int64(48180), np.int64(18968), np.int64(582), np.int64(11244), np.int64(28536), np.int64(48640))","(0, 0, 0, 0, 0, 0, 0, 0, 0, 0, 0, 0, 0, 0, 0, 0, 0, 0, 0, 0, 0, 0, 0, 0, 1, 0, 1, 0, 0, 0, 0, 0, 0, 0, 0, 0, 0, 0, 0, 1, 0, 0, 0, 0, 0, 1, 0, 0, 0, 0)"
14.619753,50,40.933062,4,"(np.int64(11244), np.int64(14321), np.int64(11244), np.int64(11244), np.int64(8279), np.int64(11244), np.int64(19010), np.int64(37100), np.int64(11244), np.int64(36083), np.int64(31354), np.int64(8795), np.int64(36203), np.int64(39255), np.int64(11244), np.int64(7602), np.int64(29792), np.int64(11244), np.int64(11244), np.int64(12239), np.int64(23964), np.int64(1696), np.int64(46011), np.int64(21695), np.int64(39457), np.int64(27213), np.int64(11244), np.int64(31285), np.int64(458), np.int64(3337), np.int64(11244), np.int64(20510), np.int64(39216), np.int64(37863), np.int64(7092), np.int64(38158), np.int64(34970), np.int64(26457), np.int64(48197), np.int64(11244), np.int64(1232), np.int64(31437), np.int64(11244), np.int64(14749), np.int64(13941), np.int64(34047), np.int64(11244), np.int64(33853), np.int64(14931), np.int64(10613))","(1, 1, 1, 1, 1, 1, 1, 0, 1, 1, 1, 0, 1, 1, 1, 1, 0, 1, 1, 0, 1, 1, 0, 1, 0, 1, 1, 1, 1, 0, 1, 1, 0, 0, 0, 1, 0, 0, 1, 1, 1, 0, 1, 1, 1, 0, 1, 1, 1, 1)"
9.932127,50,41.449874,4,"(np.int64(8556), np.int64(11244), np.int64(34038), np.int64(49242), np.int64(5160), np.int64(11244), np.int64(34935), np.int64(23633), np.int64(11244), np.int64(42930), np.int64(18822), np.int64(44963), np.int64(31608), np.int64(45365), np.int64(11244), np.int64(22709), np.int64(11244), np.int64(36099), np.int64(27939), np.int64(11244), np.int64(26511), np.int64(29258), np.int64(29914), np.int64(28272), np.int64(11244), np.int64(13582), np.int64(11244), np.int64(1877), np.int64(3847), np.int64(30133), np.int64(40117), np.int64(11244), np.int64(785), np.int64(10589), np.int64(13943), np.int64(16697), np.int64(20711), np.int64(41096), np.int64(47871), np.int64(11244), np.int64(35960), np.int64(42701), np.int64(37009), np.int64(20711), np.int64(32050), np.int64(39736), np.int64(11897), np.int64(38906), np.int64(15499), np.int64(41130))","(1, 1, 0, 0, 0, 1, 0, 1, 1, 0, 1, 0, 1, 0, 1, 0, 1, 0, 0, 1, 0, 1, 0, 0, 1, 1, 1, 1, 1, 0, 0, 1, 1, 0, 1, 1, 1, 1, 0, 1, 0, 0, 0, 1, 0, 0, 1, 0, 1, 0)"
14.40197,50,41.956028,5,"(np.int64(17956), np.int64(21050), np.int64(49379), np.int64(20711), np.int64(17354), np.int64(20237), np.int64(10633), np.int64(6545), np.int64(20711), np.int64(24578), np.int64(29295), np.int64(20711), np.int64(10726), np.int64(36765), np.int64(13541), np.int64(5629), np.int64(12663), np.int64(20711), np.int64(15181), np.int64(20711), np.int64(20711), np.int64(20711), np.int64(35555), np.int64(8973), np.int64(20542), np.int64(14602), np.int64(1406), np.int64(31970), np.int64(13515), np.int64(39721), np.int64(29446), np.int64(45602), np.int64(4928), np.int64(35766), np.int64(20711), np.int64(34989), np.int64(13337), np.int64(49879), np.int64(44009), np.int64(17147), np.int64(39165), np.int64(26806), np.int64(44548), np.int64(49297), np.int64(20711), np.int64(20711), np.int64(18404), np.int64(12320), np.int64(20711), np.int64(838))","(0, 1, 0, 1, 1, 1, 1, 1, 1, 1, 1, 1, 1, 0, 1, 1, 0, 1, 1, 1, 1, 1, 0, 1, 1, 1, 0, 1, 1, 0, 0, 0, 0, 1, 1, 0, 1, 0, 0, 0, 0, 0, 0, 0, 1, 1, 1, 1, 1, 1)"
16.429374,50,42.46812,1,"(np.int64(47002), np.int64(37954), np.int64(29363), np.int64(18189), np.int64(27522), np.int64(38503), np.int64(12340), np.int64(20711), np.int64(28811), np.int64(17226), np.int64(12040), np.int64(31403), np.int64(45663), np.int64(48486), np.int64(29363), np.int64(32578), np.int64(38807), np.int64(501), np.int64(23819), np.int64(3505), np.int64(48588), np.int64(35350), np.int64(20581), np.int64(29363), np.int64(40978), np.int64(13321), np.int64(38319), np.int64(4047), np.int64(9731), np.int64(25879), np.int64(29363), np.int64(23819), np.int64(23819), np.int64(46739), np.int64(23230), np.int64(15586), np.int64(44038), np.int64(29363), np.int64(32214), np.int64(5240), np.int64(11236), np.int64(10671), np.int64(18199), np.int64(29363), np.int64(34151), np.int64(23450), np.int64(19222), np.int64(47859), np.int64(29363), np.int64(25479))","(0, 0, 1, 0, 0, 1, 1, 1, 1, 1, 1, 0, 0, 0, 1, 1, 1, 1, 1, 1, 1, 0, 0, 1, 0, 1, 0, 1, 1, 0, 1, 1, 1, 1, 0, 1, 1, 1, 0, 1, 1, 1, 1, 1, 0, 1, 1, 0, 1, 0)"
13.179299,50,42.979546,6,"(np.int64(10102), np.int64(28195), np.int64(15416), np.int64(29363), np.int64(29363), np.int64(29363), np.int64(18738), np.int64(1896), np.int64(29363), np.int64(18772), np.int64(40607), np.int64(30898), np.int64(29363), np.int64(1641), np.int64(37046), np.int64(9557), np.int64(40943), np.int64(45098), np.int64(29363), np.int64(34010), np.int64(1501), np.int64(49906), np.int64(29317), np.int64(38865), np.int64(25976), np.int64(29363), np.int64(13861), np.int64(29363), np.int64(11916), np.int64(29363), np.int64(14808), np.int64(31403), np.int64(29363), np.int64(14808), np.int64(27933), np.int64(46506), np.int64(29363), np.int64(14808), np.int64(29363), np.int64(12831), np.int64(29363), np.int64(14808), np.int64(1773), np.int64(3595), np.int64(18805), np.int64(41365), np.int64(29363), np.int64(36369), np.int64(29363), np.int64(49367))","(1, 0, 1, 1, 1, 1, 1, 1, 1, 0, 0, 0, 1, 1, 0, 1, 1, 0, 1, 0, 1, 0, 1, 1, 1, 1, 1, 1, 1, 1, 1, 0, 1, 1, 1, 1, 1, 1, 1, 1, 1, 1, 1, 1, 0, 1, 1, 1, 1, 0)"
14.704614,50,43.499475,2,"(np.int64(6475), np.int64(21481), np.int64(29363), np.int64(10873), np.int64(30981), np.int64(8046), np.int64(29363), np.int64(24828), np.int64(23819), np.int64(12880), np.int64(7812), np.int64(49273), np.int64(6787), np.int64(49852), np.int64(23819), np.int64(23819), np.int64(32352), np.int64(1499), np.int64(23819), np.int64(23819), np.int64(23819), np.int64(14835), np.int64(44476), np.int64(23819), np.int64(38825), np.int64(18233), np.int64(22572), np.int64(23819), np.int64(10102), np.int64(3309), np.int64(14847), np.int64(31881), np.int64(40672), np.int64(18717), np.int64(23819), np.int64(43755), np.int64(10102), np.int64(12825), np.int64(23819), np.int64(10102), np.int64(23819), np.int64(25264), np.int64(23819), np.int64(37842), np.int64(37476), np.int64(42509), np.int64(23819), np.int64(40574), np.int64(10102), np.int64(1922))","(1, 1, 1, 1, 1, 1, 1, 1, 1, 1, 1, 0, 1, 1, 1, 1, 0, 1, 1, 1, 1, 0, 0, 1, 0, 1, 0, 1, 1, 1, 1, 1, 0, 0, 1, 0, 1, 1, 1, 1, 1, 1, 1, 1, 1, 0, 1, 0, 1, 1)"
9.660524,50,44.009916,3,"(np.int64(8831), np.int64(18020), np.int64(23819), np.int64(22064), np.int64(6889), np.int64(25488), np.int64(23819), np.int64(28918), np.int64(16176), np.int64(23819), np.int64(41909), np.int64(10102), np.int64(44232), np.int64(2929), np.int64(23819), np.int64(40710), np.int64(48065), np.int64(10102), np.int64(34418), np.int64(10102), np.int64(10637), np.int64(32251), np.int64(10102), np.int64(25798), np.int64(31753), np.int64(26371), np.int64(10102), np.int64(10102), np.int64(10102), np.int64(10102), np.int64(28161), np.int64(10102), np.int64(10102), np.int64(43068), np.int64(46919), np.int64(24038), np.int64(10102), np.int64(10102), np.int64(10102), np.int64(48370), np.int64(10102), np.int64(10102), np.int64(42533), np.int64(24884), np.int64(35725), np.int64(47615), np.int64(10102), np.int64(17386), np.int64(10102), np.int64(25721))","(1, 1, 1, 0, 1, 0, 1, 1, 1, 1, 0, 1, 0, 1, 1, 0, 0, 1, 0, 1, 1, 0, 1, 0, 1, 0, 1, 1, 1, 1, 1, 1, 1, 0, 0, 1, 1, 1, 1, 1, 1, 1, 0, 1, 1, 0, 1, 1, 1, 1)"
13.357846,50,44.529663,6,"(np.int64(48478), np.int64(36898), np.int64(28639), np.int64(2401), np.int64(2401), np.int64(17963), np.int64(2401), np.int64(19973), np.int64(44937), np.int64(2401), np.int64(46710), np.int64(42644), np.int64(2401), np.int64(896), np.int64(49101), np.int64(2401), np.int64(35513), np.int64(2401), np.int64(33317), np.int64(23898), np.int64(583), np.int64(42108), np.int64(15728), np.int64(2401), np.int64(2401), np.int64(2307), np.int64(2401), np.int64(10102), np.int64(8065), np.int64(36372), np.int64(2401), np.int64(19622), np.int64(965), np.int64(2401), np.int64(33526), np.int64(2401), np.int64(181), np.int64(27493), np.int64(2401), np.int64(6017), np.int64(40479), np.int64(2401), np.int64(2937), np.int64(4640), np.int64(11174), np.int64(2401), np.int64(41112), np.int64(2401), np.int64(32663), np.int64(566))","(0, 0, 1, 0, 0, 1, 0, 1, 0, 0, 0, 0, 0, 1, 0, 0, 1, 0, 0, 1, 1, 0, 1, 0, 0, 1, 0, 1, 1, 1, 0, 1, 1, 0, 0, 0, 1, 0, 0, 1, 0, 0, 1, 1, 1, 0, 1, 0, 1, 1)"
10.14527,50,45.040738,6,"(np.int64(42513), np.int64(2401), np.int64(2401), np.int64(2401), np.int64(15532), np.int64(36075), np.int64(29099), np.int64(2401), np.int64(2401), np.int64(25707), np.int64(4807), np.int64(40768), np.int64(49617), np.int64(25748), np.int64(25735), np.int64(20094), np.int64(9780), np.int64(33336), np.int64(33896), np.int64(2401), np.int64(7437), np.int64(42657), np.int64(27471), np.int64(21538), np.int64(7880), np.int64(12856), np.int64(21701), np.int64(25590), np.int64(42670), np.int64(46367), np.int64(12856), np.int64(12856), np.int64(12856), np.int64(39990), np.int64(28857), np.int64(2516), np.int64(21947), np.int64(12856), np.int64(13001), np.int64(12856), np.int64(520), np.int64(48617), np.int64(36813), np.int64(12856), np.int64(6017), np.int64(12856), np.int64(6017), np.int64(45742), np.int64(6017), np.int64(12856))","(0, 0, 0, 0, 1, 1, 1, 0, 0, 0, 1, 0, 0, 1, 0, 0, 1, 1, 0, 0, 1, 1, 0, 1, 0, 1, 1, 1, 0, 0, 1, 1, 1, 0, 0, 1, 1, 1, 0, 1, 1, 0, 0, 1, 1, 1, 1, 0, 1, 1)"
7.462121,50,45.563934,8,"(np.int64(21712), np.int64(12856), np.int64(26346), np.int64(12856), np.int64(29400), np.int64(38386), np.int64(18710), np.int64(38386), np.int64(45776), np.int64(38386), np.int64(37042), np.int64(41053), np.int64(13051), np.int64(48028), np.int64(38386), np.int64(13898), np.int64(38386), np.int64(38386), np.int64(18767), np.int64(36567), np.int64(15887), np.int64(29944), np.int64(38386), np.int64(38386), np.int64(38386), np.int64(8881), np.int64(45442), np.int64(47625), np.int64(2667), np.int64(48620), np.int64(35518), np.int64(13458), np.int64(31983), np.int64(13819), np.int64(43822), np.int64(44658), np.int64(13819), np.int64(9590), np.int64(38386), np.int64(38386), np.int64(15909), np.int64(45092), np.int64(11658), np.int64(772), np.int64(41179), np.int64(41066), np.int64(13819), np.int64(19587), np.int64(15716), np.int64(35385))","(1, 1, 0, 1, 1, 0, 0, 0, 0, 0, 0, 0, 1, 0, 0, 1, 0, 0, 0, 0, 1, 0, 0, 0, 0, 1, 0, 0, 0, 0, 0, 1, 0, 1, 0, 0, 1, 1, 0, 0, 0, 0, 1, 1, 0, 0, 1, 1, 0, 0)"
17.855628,50,46.076606,5,"(np.int64(13819), np.int64(24907), np.int64(16607), np.int64(41497), np.int64(2091), np.int64(7618), np.int64(30366), np.int64(13819), np.int64(18493), np.int64(13819), np.int64(21460), np.int64(18513), np.int64(13819), np.int64(35747), np.int64(15447), np.int64(29102), np.int64(13819), np.int64(13819), np.int64(43195), np.int64(16606), np.int64(4042), np.int64(13819), np.int64(13819), np.int64(13819), np.int64(6017), np.int64(26136), np.int64(48743), np.int64(13819), np.int64(5571), np.int64(13819), np.int64(12074), np.int64(13412), np.int64(38666), np.int64(13819), np.int64(2513), np.int64(30457), np.int64(43809), np.int64(30037), np.int64(44868), np.int64(90), np.int64(17515), np.int64(35142), np.int64(44508), np.int64(5047), np.int64(1926), np.int64(10644), np.int64(13819), np.int64(6017), np.int64(40708), np.int64(33538))","(1, 1, 1, 0, 1, 1, 0, 1, 1, 1, 1, 1, 1, 1, 1, 1, 1, 1, 1, 1, 0, 1, 1, 1, 1, 1, 1, 1, 1, 1, 1, 1, 0, 1, 1, 0, 0, 0, 1, 1, 0, 1, 0, 1, 1, 1, 1, 1, 1, 1)"
11.07877,50,46.600285,6,"(np.int64(11790), np.int64(13819), np.int64(10340), np.int64(48833), np.int64(13819), np.int64(13819), np.int64(33666), np.int64(13819), np.int64(1423), np.int64(48052), np.int64(37136), np.int64(13819), np.int64(16334), np.int64(11916), np.int64(13819), np.int64(16334), np.int64(38406), np.int64(31289), np.int64(39905), np.int64(13819), np.int64(5844), np.int64(24421), np.int64(29127), np.int64(2122), np.int64(38297), np.int64(29048), np.int64(33615), np.int64(13819), np.int64(16334), np.int64(38311), np.int64(8864), np.int64(16334), np.int64(16334), np.int64(16334), np.int64(212), np.int64(16334), np.int64(40497), np.int64(8568), np.int64(16334), np.int64(26246), np.int64(16334), np.int64(16334), np.int64(38962), np.int64(26184), np.int64(16334), np.int64(29261), np.int64(16334), np.int64(10862), np.int64(40176), np.int64(35079))","(1, 1, 1, 0, 1, 1, 0, 1, 0, 0, 0, 1, 1, 1, 1, 1, 0, 1, 0, 1, 1, 1, 0, 1, 0, 1, 0, 1, 1, 1, 0, 1, 1, 1, 1, 1, 0, 1, 1, 1, 1, 1, 1, 1, 1, 1, 1, 1, 0, 0)"
9.917977,50,47.106411,3,"(np.int64(31898), np.int64(43090), np.int64(29578), np.int64(31826), np.int64(7084), np.int64(12913), np.int64(13521), np.int64(10037), np.int64(39405), np.int64(14021), np.int64(16334), np.int64(5249), np.int64(47792), np.int64(16334), np.int64(16334), np.int64(12924), np.int64(16334), np.int64(44288), np.int64(48791), np.int64(20744), np.int64(10608), np.int64(48829), np.int64(25792), np.int64(20744), np.int64(12357), np.int64(33471), np.int64(33934), np.int64(20744), np.int64(34605), np.int64(20744), np.int64(45598), np.int64(29261), np.int64(39864), np.int64(20744), np.int64(14821), np.int64(32144), np.int64(29261), np.int64(31729), np.int64(20744), np.int64(15721), np.int64(45416), np.int64(2334), np.int64(37731), np.int64(20744), np.int64(38611), np.int64(33311), np.int64(29261), np.int64(29261), np.int64(29261), np.int64(40042))","(1, 0, 0, 1, 1, 1, 0, 1, 1, 0, 1, 1, 0, 1, 1, 1, 1, 0, 0, 1, 1, 0, 0, 1, 1, 0, 0, 1, 0, 1, 1, 1, 0, 1, 1, 0, 1, 0, 1, 1, 0, 1, 0, 1, 0, 1, 1, 1, 1, 0)"
12.25563,50,47.624444,5,"(np.int64(23508), np.int64(17625), np.int64(20744), np.int64(14926), np.int64(1898), np.int64(12961), np.int64(11429), np.int64(7285), np.int64(20744), np.int64(29261), np.int64(20744), np.int64(10796), np.int64(49818), np.int64(47289), np.int64(22715), np.int64(37997), np.int64(49048), np.int64(48856), np.int64(37202), np.int64(1898), np.int64(16421), np.int64(20315), np.int64(41240), np.int64(10656), np.int64(43775), np.int64(30070), np.int64(24101), np.int64(58), np.int64(1898), np.int64(1898), np.int64(12949), np.int64(1898), np.int64(5052), np.int64(1898), np.int64(1898), np.int64(46816), np.int64(1898), np.int64(34979), np.int64(1898), np.int64(29261), np.int64(47972), np.int64(1898), np.int64(29261), np.int64(1898), np.int64(29261), np.int64(13715), np.int64(24202), np.int64(1898), np.int64(29261), np.int64(39733))","(1, 1, 1, 1, 1, 1, 1, 0, 1, 1, 1, 1, 0, 1, 0, 0, 0, 1, 1, 1, 1, 0, 1, 1, 0, 0, 1, 1, 1, 1, 1, 1, 1, 1, 1, 0, 1, 0, 1, 1, 0, 1, 1, 1, 1, 0, 0, 1, 1, 1)"
9.983038,50,48.134356,8,"(np.int64(9223), np.int64(31898), np.int64(33386), np.int64(31898), np.int64(41925), np.int64(35826), np.int64(12599), np.int64(16103), np.int64(7401), np.int64(14973), np.int64(46637), np.int64(31898), np.int64(3064), np.int64(24216), np.int64(5247), np.int64(5617), np.int64(14973), np.int64(37122), np.int64(4960), np.int64(35793), np.int64(19282), np.int64(41461), np.int64(23220), np.int64(31849), np.int64(16542), np.int64(34169), np.int64(8374), np.int64(41461), np.int64(20222), np.int64(7064), np.int64(47105), np.int64(41461), np.int64(18082), np.int64(41461), np.int64(36588), np.int64(13899), np.int64(24008), np.int64(20150), np.int64(41461), np.int64(33872), np.int64(10456), np.int64(41461), np.int64(10578), np.int64(41461), np.int64(18228), np.int64(35696), np.int64(24243), np.int64(41461), np.int64(31898), np.int64(31898))","(1, 0, 0, 0, 0, 0, 1, 1, 1, 1, 0, 0, 1, 0, 1, 1, 1, 0, 1, 0, 1, 0, 0, 0, 1, 0, 1, 0, 1, 0, 0, 0, 0, 0, 0, 1, 0, 1, 0, 0, 0, 0, 1, 0, 0, 0, 1, 0, 0, 0)"
9.878095,50,48.648725,6,"(np.int64(25857), np.int64(31898), np.int64(2001), np.int64(35170), np.int64(41461), np.int64(23593), np.int64(13429), np.int64(36654), np.int64(41461), np.int64(41461), np.int64(41461), np.int64(41461), np.int64(31898), np.int64(48821), np.int64(41461), np.int64(31898), np.int64(31898), np.int64(23109), np.int64(36344), np.int64(19691), np.int64(31898), np.int64(46973), np.int64(25189), np.int64(32721), np.int64(30359), np.int64(31898), np.int64(31898), np.int64(47081), np.int64(47792), np.int64(24057), np.int64(617), np.int64(22815), np.int64(28216), np.int64(25787), np.int64(25042), np.int64(36288), np.int64(12386), np.int64(33322), np.int64(9882), np.int64(13402), np.int64(46104), np.int64(49631), np.int64(38117), np.int64(12386), np.int64(32452), np.int64(44522), np.int64(35317), np.int64(95), np.int64(37951), np.int64(12386))","(1, 1, 1, 0, 1, 1, 1, 0, 1, 1, 1, 1, 1, 1, 1, 1, 1, 0, 1, 1, 1, 0, 0, 1, 0, 1, 1, 0, 0, 1, 1, 0, 0, 0, 0, 1, 0, 0, 1, 1, 0, 0, 0, 0, 1, 0, 0, 1, 0, 0)"
14.017132,50,49.147684,4,"(np.int64(49185), np.int64(46104), np.int64(27742), np.int64(33578), np.int64(4613), np.int64(14481), np.int64(37086), np.int64(37078), np.int64(6876), np.int64(12386), np.int64(14684), np.int64(49352), np.int64(38746), np.int64(16547), np.int64(19432), np.int64(28164), np.int64(5389), np.int64(12386), np.int64(12386), np.int64(22256), np.int64(42556), np.int64(39641), np.int64(11286), np.int64(17903), np.int64(5127), np.int64(49057), np.int64(44127), np.int64(12386), np.int64(37929), np.int64(33032), np.int64(8882), np.int64(12386), np.int64(43021), np.int64(12386), np.int64(27643), np.int64(374), np.int64(12386), np.int64(27188), np.int64(23665), np.int64(10354), np.int64(49099), np.int64(12386), np.int64(18115), np.int64(12386), np.int64(12386), np.int64(18335), np.int64(21241), np.int64(12386), np.int64(17198), np.int64(47063))","(1, 0, 0, 0, 1, 1, 1, 1, 1, 0, 1, 0, 1, 0, 1, 1, 1, 0, 0, 0, 0, 0, 0, 1, 1, 1, 0, 0, 0, 1, 1, 0, 0, 0, 1, 1, 0, 1, 0, 1, 0, 0, 1, 0, 0, 1, 0, 0, 1, 0)"
12.124939,50,49.659079,5,"(np.int64(14893), np.int64(19619), np.int64(16836), np.int64(30442), np.int64(19619), np.int64(10560), np.int64(24141), np.int64(22596), np.int64(47931), np.int64(7239), np.int64(8911), np.int64(43811), np.int64(36624), np.int64(17821), np.int64(19954), np.int64(23336), np.int64(46104), np.int64(46104), np.int64(14357), np.int64(10236), np.int64(2098), np.int64(23453), np.int64(48900), np.int64(46104), np.int64(17948), np.int64(46104), np.int64(25945), np.int64(33016), np.int64(22184), np.int64(46104), np.int64(17948), np.int64(13495), np.int64(44771), np.int64(29943), np.int64(19644), np.int64(46104), np.int64(45394), np.int64(3709), np.int64(41548), np.int64(46774), np.int64(21890), np.int64(2748), np.int64(2748), np.int64(39627), np.int64(44131), np.int64(21241), np.int64(25334), np.int64(21241), np.int64(32436), np.int64(47391))","(0, 1, 1, 0, 1, 0, 0, 0, 0, 1, 0, 0, 0, 1, 1, 0, 0, 0, 1, 1, 1, 1, 1, 0, 1, 0, 1, 0, 0, 0, 1, 1, 0, 0, 1, 0, 1, 1, 1, 0, 1, 1, 1, 0, 0, 0, 0, 0, 0, 0)"
11.332157,50,50.165252,3,"(np.int64(11666), np.int64(49198), np.int64(19889), np.int64(16462), np.int64(44651), np.int64(19889), np.int64(21241), np.int64(13652), np.int64(22402), np.int64(21241), np.int64(22948), np.int64(31560), np.int64(21241), np.int64(20216), np.int64(45305), np.int64(9854), np.int64(47894), np.int64(27209), np.int64(6373), np.int64(21241), np.int64(19493), np.int64(34159), np.int64(27553), np.int64(21241), np.int64(48686), np.int64(21241), np.int64(21241), np.int64(24332), np.int64(43345), np.int64(42430), np.int64(1453), np.int64(17624), np.int64(16368), np.int64(4454), np.int64(2748), np.int64(31502), np.int64(7402), np.int64(9130), np.int64(46832), np.int64(2483), np.int64(2748), np.int64(2748), np.int64(49820), np.int64(7053), np.int64(2748), np.int64(2748), np.int64(1384), np.int64(2748), np.int64(2748), np.int64(49150))","(1, 0, 0, 1, 0, 0, 0, 1, 0, 0, 0, 1, 0, 1, 0, 1, 0, 0, 1, 0, 1, 1, 0, 0, 1, 0, 0, 1, 0, 0, 0, 1, 1, 1, 1, 0, 1, 1, 0, 0, 1, 1, 0, 1, 1, 1, 1, 1, 1, 1)"
1.467791,50,50.689814,0,"(np.int64(7553), np.int64(16286), np.int64(14122), np.int64(14026), np.int64(49610), np.int64(49332), np.int64(14889), np.int64(774), np.int64(2301), np.int64(2748), np.int64(4234), np.int64(6342), np.int64(41192), np.int64(2748), np.int64(8020), np.int64(47858), np.int64(11965), np.int64(2748), np.int64(38360), np.int64(16472), np.int64(2748), np.int64(2748), np.int64(2748), np.int64(1356), np.int64(2748), np.int64(2748), np.int64(2748), np.int64(33007), np.int64(2748), np.int64(2748), np.int64(36821), np.int64(2748), np.int64(1551), np.int64(2748), np.int64(27167), np.int64(2748), np.int64(2748), np.int64(15593), np.int64(2748), np.int64(19024), np.int64(2748), np.int64(19024), np.int64(32144), np.int64(33647), np.int64(41895), np.int64(2748), np.int64(19024), np.int64(15538), np.int64(2748), np.int64(27960))","(0, 0, 0, 0, 0, 0, 0, 1, 0, 0, 0, 0, 0, 0, 0, 0, 0, 0, 0, 0, 0, 0, 0, 0, 0, 0, 0, 0, 0, 0, 0, 0, 0, 0, 1, 0, 0, 0, 0, 0, 0, 0, 0, 0, 0, 0, 0, 0, 0, 0)"
13.979423,50,51.204237,5,"(np.int64(44169), np.int64(42564), np.int64(2748), np.int64(38410), np.int64(21766), np.int64(2748), np.int64(7898), np.int64(38028), np.int64(31924), np.int64(8639), np.int64(21011), np.int64(46457), np.int64(21011), np.int64(21011), np.int64(10584), np.int64(21011), np.int64(16040), np.int64(9330), np.int64(21011), np.int64(49811), np.int64(24192), np.int64(21011), np.int64(21011), np.int64(24835), np.int64(35032), np.int64(21011), np.int64(21011), np.int64(21011), np.int64(12995), np.int64(21011), np.int64(32292), np.int64(21011), np.int64(37537), np.int64(21011), np.int64(7861), np.int64(21011), np.int64(13112), np.int64(7467), np.int64(21011), np.int64(18392), np.int64(25848), np.int64(7264), np.int64(27623), np.int64(21011), np.int64(7861), np.int64(261), np.int64(37837), np.int64(21011), np.int64(7861), np.int64(32725))","(0, 1, 1, 1, 1, 1, 1, 1, 0, 1, 1, 0, 1, 1, 1, 1, 1, 1, 1, 0, 1, 1, 1, 0, 0, 1, 1, 1, 0, 1, 1, 1, 1, 1, 1, 1, 1, 1, 1, 1, 0, 1, 1, 1, 1, 1, 1, 1, 1, 0)"
12.844032,50,51.728654,7,"(np.int64(23195), np.int64(49615), np.int64(39606), np.int64(25579), np.int64(21011), np.int64(21011), np.int64(32508), np.int64(22481), np.int64(7861), np.int64(7142), np.int64(17787), np.int64(18701), np.int64(28279), np.int64(7861), np.int64(26378), np.int64(18066), np.int64(1505), np.int64(15019), np.int64(3875), np.int64(3875), np.int64(3875), np.int64(3875), np.int64(5507), np.int64(3875), np.int64(11229), np.int64(3875), np.int64(16387), np.int64(3875), np.int64(41367), np.int64(29120), np.int64(6132), np.int64(305), np.int64(5188), np.int64(24688), np.int64(10056), np.int64(3875), np.int64(5346), np.int64(48412), np.int64(7861), np.int64(48086), np.int64(26194), np.int64(48271), np.int64(3995), np.int64(1895), np.int64(7861), np.int64(27519), np.int64(7861), np.int64(32841), np.int64(7861), np.int64(48978))","(0, 0, 0, 0, 1, 1, 0, 0, 1, 1, 1, 0, 0, 1, 1, 1, 1, 1, 1, 1, 1, 1, 1, 1, 1, 1, 1, 1, 0, 0, 1, 1, 1, 1, 1, 1, 1, 0, 1, 0, 1, 0, 1, 1, 1, 0, 1, 0, 1, 0)"
16.083669,50,52.28677,1,"(np.int64(2213), np.int64(38504), np.int64(7861), np.int64(39808), np.int64(26565), np.int64(19566), np.int64(43912), np.int64(7861), np.int64(7861), np.int64(29395), np.int64(27146), np.int64(9840), np.int64(33103), np.int64(7861), np.int64(7861), np.int64(22159), np.int64(7861), np.int64(15008), np.int64(18568), np.int64(25814), np.int64(43895), np.int64(22034), np.int64(19982), np.int64(19982), np.int64(19982), np.int64(32557), np.int64(49776), np.int64(18490), np.int64(29190), np.int64(19982), np.int64(18371), np.int64(19982), np.int64(24183), np.int64(49776), np.int64(32805), np.int64(5681), np.int64(24220), np.int64(7026), np.int64(2323), np.int64(1602), np.int64(21714), np.int64(31123), np.int64(1602), np.int64(33599), np.int64(23164), np.int64(47812), np.int64(1602), np.int64(44076), np.int64(42714), np.int64(43311))","(1, 1, 1, 1, 1, 1, 0, 1, 1, 1, 1, 1, 1, 1, 1, 1, 1, 0, 0, 0, 0, 1, 1, 1, 1, 0, 0, 1, 1, 1, 1, 1, 0, 0, 1, 1, 1, 1, 1, 1, 1, 1, 1, 0, 0, 1, 1, 0, 0, 0)"
9.650479,50,52.817075,7,"(np.int64(1602), np.int64(12515), np.int64(37697), np.int64(37678), np.int64(31056), np.int64(37686), np.int64(1602), np.int64(7375), np.int64(20880), np.int64(46313), np.int64(1602), np.int64(3277), np.int64(1602), np.int64(10891), np.int64(1602), np.int64(1602), np.int64(37199), np.int64(1602), np.int64(6917), np.int64(40487), np.int64(5557), np.int64(1602), np.int64(22557), np.int64(38365), np.int64(42119), np.int64(1602), np.int64(1602), np.int64(41673), np.int64(17962), np.int64(33269), np.int64(43763), np.int64(35782), np.int64(1602), np.int64(21762), np.int64(12007), np.int64(1602), np.int64(18982), np.int64(5328), np.int64(1602), np.int64(45621), np.int64(31860), np.int64(16998), np.int64(1602), np.int64(3749), np.int64(8632), np.int64(15614), np.int64(38367), np.int64(35102), np.int64(42954), np.int64(1602))","(1, 1, 0, 0, 0, 1, 1, 0, 1, 0, 1, 0, 1, 1, 1, 1, 0, 1, 1, 0, 1, 1, 0, 0, 0, 1, 1, 0, 1, 0, 0, 1, 1, 1, 1, 1, 0, 1, 1, 0, 0, 1, 1, 1, 0, 1, 1, 0, 0, 1)"
12.528701,50,53.345127,5,"(np.int64(12505), np.int64(1602), np.int64(1602), np.int64(1602), np.int64(21762), np.int64(21762), np.int64(7804), np.int64(21762), np.int64(16221), np.int64(21762), np.int64(11056), np.int64(43786), np.int64(1602), np.int64(1602), np.int64(1602), np.int64(1602), np.int64(1602), np.int64(21762), np.int64(29685), np.int64(43632), np.int64(1602), np.int64(27489), np.int64(1602), np.int64(2001), np.int64(19204), np.int64(2001), np.int64(29184), np.int64(852), np.int64(16805), np.int64(6665), np.int64(6665), np.int64(6665), np.int64(208), np.int64(6665), np.int64(23898), np.int64(586), np.int64(24653), np.int64(2001), np.int64(2001), np.int64(6799), np.int64(48579), np.int64(19509), np.int64(2001), np.int64(2001), np.int64(26616), np.int64(40626), np.int64(39155), np.int64(2001), np.int64(2021), np.int64(2001))","(1, 1, 1, 1, 1, 1, 1, 1, 1, 1, 1, 0, 1, 1, 1, 1, 1, 1, 0, 0, 1, 0, 1, 1, 1, 1, 0, 1, 1, 1, 1, 1, 1, 1, 1, 1, 0, 1, 1, 1, 1, 1, 1, 1, 1, 0, 0, 1, 1, 1)"
7.871951,50,53.881885,6,"(np.int64(28789), np.int64(8191), np.int64(27722), np.int64(2001), np.int64(2001), np.int64(2001), np.int64(40231), np.int64(14887), np.int64(47530), np.int64(2001), np.int64(39965), np.int64(2001), np.int64(49630), np.int64(41010), np.int64(28789), np.int64(28789), np.int64(28789), np.int64(28789), np.int64(30469), np.int64(28789), np.int64(28789), np.int64(5285), np.int64(19146), np.int64(48181), np.int64(27503), np.int64(29406), np.int64(28789), np.int64(17028), np.int64(28789), np.int64(28789), np.int64(48231), np.int64(17061), np.int64(26674), np.int64(28789), np.int64(28789), np.int64(36510), np.int64(3536), np.int64(28789), np.int64(30812), np.int64(28789), np.int64(28789), np.int64(39991), np.int64(28789), np.int64(28789), np.int64(3458), np.int64(28789), np.int64(48600), np.int64(19116), np.int64(28789), np.int64(28789))","(1, 1, 0, 1, 1, 1, 0, 1, 1, 1, 0, 1, 0, 0, 1, 1, 1, 1, 0, 1, 1, 1, 1, 0, 0, 0, 1, 1, 1, 1, 0, 1, 1, 1, 1, 0, 1, 1, 0, 1, 1, 0, 1, 1, 1, 1, 0, 1, 1, 1)"
8.983895,50,54.408644,7,"(np.int64(28789), np.int64(28789), np.int64(12172), np.int64(28789), np.int64(20216), np.int64(8977), np.int64(28789), np.int64(28789), np.int64(2140), np.int64(28789), np.int64(49526), np.int64(47702), np.int64(19141), np.int64(32180), np.int64(28789), np.int64(28789), np.int64(13009), np.int64(46790), np.int64(14094), np.int64(41677), np.int64(28789), np.int64(44855), np.int64(28789), np.int64(25518), np.int64(26464), np.int64(28789), np.int64(28789), np.int64(28922), np.int64(46397), np.int64(7963), np.int64(32290), np.int64(28789), np.int64(47175), np.int64(28789), np.int64(28789), np.int64(28789), np.int64(2708), np.int64(28789), np.int64(6322), np.int64(28789), np.int64(6322), np.int64(28789), np.int64(6322), np.int64(10391), np.int64(25776), np.int64(734), np.int64(12348), np.int64(6909), np.int64(734), np.int64(734))","(1, 1, 1, 1, 1, 1, 1, 1, 0, 1, 0, 0, 1, 0, 1, 1, 0, 0, 1, 0, 1, 0, 1, 1, 1, 1, 1, 1, 0, 1, 0, 1, 0, 1, 1, 1, 1, 1, 1, 1, 1, 1, 1, 1, 0, 1, 0, 1, 1, 1)"
2.382527,50,54.976207,0,"(np.int64(6000), np.int64(37258), np.int64(43463), np.int64(19321), np.int64(18054), np.int64(41404), np.int64(734), np.int64(26427), np.int64(45317), np.int64(734), np.int64(27820), np.int64(734), np.int64(734), np.int64(15513), np.int64(734), np.int64(30314), np.int64(4357), np.int64(622), np.int64(20454), np.int64(45526), np.int64(27209), np.int64(734), np.int64(16088), np.int64(46671), np.int64(2778), np.int64(734), np.int64(23535), np.int64(7511), np.int64(27339), np.int64(45995), np.int64(734), np.int64(38782), np.int64(45664), np.int64(37340), np.int64(734), np.int64(31494), np.int64(6322), np.int64(3304), np.int64(38214), np.int64(10275), np.int64(47543), np.int64(47543), np.int64(47543), np.int64(33626), np.int64(47543), np.int64(6322), np.int64(16627), np.int64(38214), np.int64(38214), np.int64(28152))","(0, 0, 0, 0, 0, 0, 0, 0, 0, 0, 0, 0, 0, 0, 0, 0, 0, 0, 0, 0, 0, 0, 0, 0, 0, 0, 0, 0, 0, 0, 0, 0, 0, 0, 0, 0, 1, 1, 0, 1, 0, 0, 0, 0, 0, 1, 0, 0, 0, 0)"
13.73867,50,55.486727,5,"(np.int64(12178), np.int64(7096), np.int64(39100), np.int64(29318), np.int64(47543), np.int64(48138), np.int64(47543), np.int64(38214), np.int64(1886), np.int64(38823), np.int64(47543), np.int64(2493), np.int64(18989), np.int64(40046), np.int64(30), np.int64(47543), np.int64(30342), np.int64(28550), np.int64(38214), np.int64(38214), np.int64(6322), np.int64(38214), np.int64(6322), np.int64(8943), np.int64(38214), np.int64(41983), np.int64(40945), np.int64(39510), np.int64(24064), np.int64(17821), np.int64(38214), np.int64(6322), np.int64(49243), np.int64(38214), np.int64(6322), np.int64(6322), np.int64(38214), np.int64(6322), np.int64(6322), np.int64(6322), np.int64(6322), np.int64(25206), np.int64(49791), np.int64(22188), np.int64(38214), np.int64(4382), np.int64(2674), np.int64(38214), np.int64(38214), np.int64(2187))","(1, 1, 1, 1, 1, 0, 1, 0, 1, 0, 1, 1, 0, 1, 1, 1, 0, 0, 0, 0, 1, 0, 1, 1, 0, 1, 1, 1, 1, 1, 0, 1, 0, 0, 1, 1, 0, 1, 1, 1, 1, 1, 0, 1, 0, 1, 1, 0, 0, 1)"
7.208992,50,56.082366,4,"(np.int64(3043), np.int64(38214), np.int64(43289), np.int64(38214), np.int64(38686), np.int64(47543), np.int64(47543), np.int64(47543), np.int64(18545), np.int64(2813), np.int64(47543), np.int64(8303), np.int64(39929), np.int64(47543), np.int64(47543), np.int64(40106), np.int64(49741), np.int64(47543), np.int64(42207), np.int64(1860), np.int64(47543), np.int64(47543), np.int64(30264), np.int64(38852), np.int64(42294), np.int64(47543), np.int64(47543), np.int64(3632), np.int64(23826), np.int64(49787), np.int64(47543), np.int64(38856), np.int64(10672), np.int64(47543), np.int64(47543), np.int64(45072), np.int64(42187), np.int64(47543), np.int64(47543), np.int64(2187), np.int64(45302), np.int64(46895), np.int64(33607), np.int64(42434), np.int64(47543), np.int64(2187), np.int64(38780), np.int64(43497), np.int64(26055), np.int64(47543))","(1, 0, 0, 0, 0, 1, 1, 1, 0, 1, 1, 1, 0, 1, 1, 0, 0, 1, 0, 1, 1, 1, 0, 1, 0, 1, 1, 1, 0, 0, 1, 0, 1, 1, 1, 1, 0, 1, 1, 1, 0, 0, 1, 0, 1, 1, 0, 0, 1, 1)"
13.723102,50,56.608111,2,"(np.int64(13636), np.int64(42831), np.int64(47543), np.int64(25845), np.int64(3359), np.int64(45377), np.int64(47543), np.int64(47543), np.int64(47543), np.int64(25902), np.int64(47543), np.int64(47543), np.int64(12697), np.int64(19414), np.int64(41731), np.int64(42108), np.int64(47543), np.int64(46792), np.int64(48003), np.int64(29605), np.int64(49660), np.int64(19317), np.int64(16903), np.int64(27558), np.int64(22485), np.int64(720), np.int64(32554), np.int64(47543), np.int64(9682), np.int64(11807), np.int64(47543), np.int64(21644), np.int64(10085), np.int64(34404), np.int64(17948), np.int64(41256), np.int64(20360), np.int64(3288), np.int64(49662), np.int64(40045), np.int64(25145), np.int64(25145), np.int64(32634), np.int64(12778), np.int64(25145), np.int64(14764), np.int64(17948), np.int64(26651), np.int64(17948), np.int64(17948))","(1, 0, 1, 0, 1, 0, 1, 1, 1, 1, 1, 1, 1, 1, 0, 0, 1, 0, 1, 1, 0, 1, 1, 0, 0, 1, 0, 1, 1, 1, 1, 0, 1, 1, 1, 0, 1, 1, 0, 0, 1, 1, 0, 1, 1, 1, 1, 0, 1, 1)"
9.495148,50,57.136526,8,"(np.int64(43602), np.int64(15991), np.int64(26649), np.int64(25145), np.int64(17948), np.int64(29647), np.int64(41995), np.int64(17948), np.int64(17948), np.int64(10468), np.int64(26099), np.int64(17948), np.int64(6055), np.int64(2239), np.int64(17948), np.int64(17948), np.int64(32509), np.int64(17948), np.int64(21217), np.int64(29107), np.int64(17948), np.int64(1300), np.int64(14997), np.int64(18557), np.int64(37828), np.int64(25145), np.int64(25145), np.int64(9721), np.int64(47593), np.int64(25145), np.int64(25145), np.int64(17948), np.int64(16841), np.int64(23476), np.int64(25145), np.int64(12763), np.int64(17058), np.int64(25145), np.int64(12763), np.int64(45356), np.int64(3208), np.int64(10030), np.int64(46437), np.int64(2384), np.int64(25145), np.int64(36905), np.int64(25145), np.int64(22452), np.int64(36905), np.int64(25145))","(0, 1, 1, 1, 0, 0, 0, 0, 0, 1, 1, 0, 1, 0, 0, 0, 0, 0, 1, 1, 0, 1, 1, 0, 0, 1, 1, 1, 0, 1, 1, 0, 1, 1, 1, 1, 0, 1, 1, 0, 1, 1, 0, 0, 1, 0, 1, 0, 0, 1)"
12.073682,50,57.663431,4,"(np.int64(20785), np.int64(25145), np.int64(25145), np.int64(2338), np.int64(18708), np.int64(25145), np.int64(6711), np.int64(49787), np.int64(2725), np.int64(17702), np.int64(25145), np.int64(12763), np.int64(23060), np.int64(25145), np.int64(21038), np.int64(38758), np.int64(22516), np.int64(26187), np.int64(12763), np.int64(26842), np.int64(12763), np.int64(4836), np.int64(12763), np.int64(30864), np.int64(23850), np.int64(12763), np.int64(36905), np.int64(36905), np.int64(46788), np.int64(36905), np.int64(15728), np.int64(33743), np.int64(9987), np.int64(12763), np.int64(36905), np.int64(36905), np.int64(11865), np.int64(36905), np.int64(10488), np.int64(36905), np.int64(25669), np.int64(36905), np.int64(16841), np.int64(36905), np.int64(11622), np.int64(36905), np.int64(13854), np.int64(3439), np.int64(45913), np.int64(24506))","(1, 1, 1, 0, 0, 1, 1, 0, 1, 1, 1, 1, 0, 1, 1, 0, 0, 1, 1, 0, 1, 1, 1, 0, 1, 1, 0, 0, 0, 0, 1, 0, 1, 1, 0, 0, 1, 0, 1, 0, 0, 0, 1, 0, 1, 0, 1, 1, 1, 1)"
14.26466,50,58.197404,2,"(np.int64(33945), np.int64(6911), np.int64(36905), np.int64(32622), np.int64(28958), np.int64(28958), np.int64(28958), np.int64(40227), np.int64(33), np.int64(28958), np.int64(29019), np.int64(31013), np.int64(28929), np.int64(22790), np.int64(9597), np.int64(28958), np.int64(28958), np.int64(16841), np.int64(40481), np.int64(47083), np.int64(17976), np.int64(14614), np.int64(47065), np.int64(9597), np.int64(28958), np.int64(6587), np.int64(28958), np.int64(12026), np.int64(14984), np.int64(28958), np.int64(16841), np.int64(22676), np.int64(28958), np.int64(23296), np.int64(28958), np.int64(47723), np.int64(15018), np.int64(28958), np.int64(13556), np.int64(14910), np.int64(28958), np.int64(16841), np.int64(28958), np.int64(16841), np.int64(4676), np.int64(9597), np.int64(28958), np.int64(47214), np.int64(9597), np.int64(10307))","(1, 1, 1, 1, 1, 1, 1, 0, 1, 1, 1, 1, 1, 0, 1, 1, 1, 1, 0, 1, 1, 0, 0, 1, 1, 1, 1, 1, 1, 1, 1, 0, 1, 1, 1, 1, 0, 1, 1, 1, 1, 1, 1, 1, 1, 1, 1, 0, 1, 1)"
9.210855,50,58.717378,7,"(np.int64(33945), np.int64(19373), np.int64(32501), np.int64(376), np.int64(24429), np.int64(15182), np.int64(38747), np.int64(9597), np.int64(24429), np.int64(43546), np.int64(9597), np.int64(9597), np.int64(14440), np.int64(9597), np.int64(9597), np.int64(9597), np.int64(4561), np.int64(9597), np.int64(46986), np.int64(38378), np.int64(8870), np.int64(46709), np.int64(9597), np.int64(9597), np.int64(1912), np.int64(39050), np.int64(20229), np.int64(49715), np.int64(10316), np.int64(43097), np.int64(9597), np.int64(9597), np.int64(44094), np.int64(47760), np.int64(43922), np.int64(45289), np.int64(9597), np.int64(1912), np.int64(33160), np.int64(40767), np.int64(9597), np.int64(1912), np.int64(10471), np.int64(43887), np.int64(1740), np.int64(17643), np.int64(9597), np.int64(26358), np.int64(46880), np.int64(12285))","(0, 1, 0, 1, 1, 1, 0, 1, 1, 0, 1, 1, 1, 1, 1, 1, 1, 1, 0, 0, 1, 0, 1, 1, 1, 0, 1, 0, 1, 0, 1, 1, 0, 0, 0, 0, 1, 1, 0, 0, 1, 1, 1, 0, 1, 1, 1, 1, 0, 0)"
18.201158,50,59.315334,5,"(np.int64(9973), np.int64(33945), np.int64(33945), np.int64(5182), np.int64(14607), np.int64(33945), np.int64(28731), np.int64(22136), np.int64(2946), np.int64(30662), np.int64(31294), np.int64(24346), np.int64(40108), np.int64(22453), np.int64(38325), np.int64(33945), np.int64(46303), np.int64(41582), np.int64(41944), np.int64(48617), np.int64(42270), np.int64(20913), np.int64(33945), np.int64(3626), np.int64(38911), np.int64(33945), np.int64(37946), np.int64(33953), np.int64(2487), np.int64(38911), np.int64(13782), np.int64(15623), np.int64(6855), np.int64(8716), np.int64(12553), np.int64(27307), np.int64(45538), np.int64(17113), np.int64(33945), np.int64(5094), np.int64(7710), np.int64(45199), np.int64(38911), np.int64(22094), np.int64(38911), np.int64(38911), np.int64(17976), np.int64(38911), np.int64(11247), np.int64(16948))","(1, 1, 1, 1, 1, 1, 1, 1, 1, 0, 1, 1, 1, 0, 1, 1, 1, 0, 1, 0, 0, 1, 1, 1, 1, 1, 0, 1, 0, 1, 0, 1, 1, 0, 1, 1, 0, 0, 1, 1, 1, 1, 1, 1, 1, 1, 1, 1, 1, 1)"
11.474411,50,59.856277,5,"(np.int64(33945), np.int64(16378), np.int64(33945), np.int64(16164), np.int64(38911), np.int64(42185), np.int64(43750), np.int64(44072), np.int64(33530), np.int64(2232), np.int64(38294), np.int64(38911), np.int64(38848), np.int64(38911), np.int64(38911), np.int64(38911), np.int64(38911), np.int64(38911), np.int64(38911), np.int64(38911), np.int64(18062), np.int64(33807), np.int64(40739), np.int64(13795), np.int64(36217), np.int64(38911), np.int64(28355), np.int64(38911), np.int64(12641), np.int64(38118), np.int64(14738), np.int64(32329), np.int64(4492), np.int64(38911), np.int64(38911), np.int64(38911), np.int64(38911), np.int64(12830), np.int64(38911), np.int64(39195), np.int64(36042), np.int64(38911), np.int64(38911), np.int64(38233), np.int64(21874), np.int64(7819), np.int64(33945), np.int64(27), np.int64(48631), np.int64(42888))","(1, 1, 1, 1, 1, 1, 0, 0, 0, 1, 1, 1, 0, 1, 1, 1, 1, 1, 1, 1, 0, 0, 0, 0, 1, 1, 0, 1, 1, 0, 1, 1, 1, 1, 1, 1, 1, 1, 1, 1, 1, 1, 1, 0, 1, 1, 1, 1, 0, 0)"
9.56017,50,60.38832,1,"(np.int64(33945), np.int64(26576), np.int64(33945), np.int64(23302), np.int64(33945), np.int64(33945), np.int64(16222), np.int64(33945), np.int64(5934), np.int64(41661), np.int64(33945), np.int64(45782), np.int64(33028), np.int64(33945), np.int64(33945), np.int64(24750), np.int64(34221), np.int64(33945), np.int64(1912), np.int64(12076), np.int64(33945), np.int64(1912), np.int64(33945), np.int64(362), np.int64(6233), np.int64(33945), np.int64(26360), np.int64(6233), np.int64(40393), np.int64(6233), np.int64(16915), np.int64(6233), np.int64(42431), np.int64(6233), np.int64(32928), np.int64(6233), np.int64(6233), np.int64(6233), np.int64(17253), np.int64(6233), np.int64(6233), np.int64(1912), np.int64(6233), np.int64(1912), np.int64(1912), np.int64(8443), np.int64(6233), np.int64(1912), np.int64(1912), np.int64(23586))","(1, 0, 1, 1, 1, 1, 1, 1, 1, 0, 1, 1, 0, 1, 1, 1, 0, 1, 1, 1, 1, 1, 1, 1, 1, 1, 0, 1, 1, 1, 0, 1, 0, 1, 0, 1, 1, 1, 1, 1, 1, 1, 1, 1, 1, 1, 1, 1, 1, 1)"
12.239834,50,60.917023,8,"(np.int64(6233), np.int64(9361), np.int64(6233), np.int64(6105), np.int64(2592), np.int64(2592), np.int64(12191), np.int64(2592), np.int64(27643), np.int64(578), np.int64(2592), np.int64(7591), np.int64(44511), np.int64(4817), np.int64(29936), np.int64(37988), np.int64(6590), np.int64(2659), np.int64(35220), np.int64(2592), np.int64(1912), np.int64(35336), np.int64(2592), np.int64(1912), np.int64(10394), np.int64(2592), np.int64(24623), np.int64(1912), np.int64(1912), np.int64(9774), np.int64(2592), np.int64(48583), np.int64(4964), np.int64(862), np.int64(12779), np.int64(4676), np.int64(4676), np.int64(5103), np.int64(17107), np.int64(25883), np.int64(21610), np.int64(11099), np.int64(11099), np.int64(11099), np.int64(49525), np.int64(11099), np.int64(11099), np.int64(11099), np.int64(4676), np.int64(4676))","(1, 1, 1, 1, 1, 1, 1, 1, 0, 1, 1, 1, 0, 1, 0, 0, 1, 1, 0, 1, 1, 0, 1, 1, 1, 1, 1, 1, 1, 1, 1, 0, 1, 1, 0, 1, 1, 1, 1, 0, 0, 1, 1, 1, 0, 1, 1, 1, 1, 1)"
9.696371,50,61.523545,5,"(np.int64(12734), np.int64(36785), np.int64(11099), np.int64(11099), np.int64(11099), np.int64(2530), np.int64(20532), np.int64(11099), np.int64(35537), np.int64(31526), np.int64(11099), np.int64(12809), np.int64(25278), np.int64(4676), np.int64(11099), np.int64(11099), np.int64(14514), np.int64(4676), np.int64(4676), np.int64(36595), np.int64(4676), np.int64(4676), np.int64(33689), np.int64(4676), np.int64(30951), np.int64(4676), np.int64(25930), np.int64(4676), np.int64(4676), np.int64(13176), np.int64(30635), np.int64(9068), np.int64(4676), np.int64(4676), np.int64(4676), np.int64(8972), np.int64(15495), np.int64(37726), np.int64(47731), np.int64(4676), np.int64(33831), np.int64(4676), np.int64(4676), np.int64(4676), np.int64(4676), np.int64(31100), np.int64(4676), np.int64(26689), np.int64(4676), np.int64(7805))","(1, 0, 1, 1, 1, 1, 1, 1, 0, 1, 1, 0, 1, 1, 1, 1, 1, 1, 1, 0, 1, 1, 1, 1, 0, 1, 0, 1, 1, 1, 0, 1, 1, 1, 1, 1, 1, 0, 0, 1, 0, 1, 1, 1, 1, 0, 1, 1, 1, 1)"
9.452903,50,62.061201,6,"(np.int64(17867), np.int64(4676), np.int64(7927), np.int64(4676), np.int64(4676), np.int64(9478), np.int64(31148), np.int64(40933), np.int64(4676), np.int64(4676), np.int64(5790), np.int64(8492), np.int64(23337), np.int64(4676), np.int64(28475), np.int64(4676), np.int64(4676), np.int64(29265), np.int64(44500), np.int64(15702), np.int64(4676), np.int64(37324), np.int64(4676), np.int64(4676), np.int64(4676), np.int64(28041), np.int64(4676), np.int64(4676), np.int64(23033), np.int64(24824), np.int64(15120), np.int64(4676), np.int64(4676), np.int64(4676), np.int64(4676), np.int64(4676), np.int64(4676), np.int64(4676), np.int64(16034), np.int64(9168), np.int64(47450), np.int64(4245), np.int64(25493), np.int64(4245), np.int64(4245), np.int64(4245), np.int64(4245), np.int64(10197), np.int64(33210), np.int64(32470))","(0, 1, 1, 1, 1, 1, 0, 1, 1, 1, 1, 1, 1, 1, 1, 1, 1, 1, 0, 0, 1, 0, 1, 1, 1, 0, 1, 1, 0, 1, 1, 1, 1, 1, 1, 1, 1, 1, 1, 0, 0, 1, 1, 1, 1, 1, 1, 1, 0, 1)"
16.494277,50,62.596954,5,"(np.int64(25515), np.int64(4245), np.int64(13946), np.int64(46531), np.int64(23173), np.int64(41517), np.int64(4245), np.int64(37125), np.int64(16192), np.int64(14095), np.int64(6261), np.int64(4245), np.int64(3608), np.int64(4245), np.int64(2561), np.int64(7075), np.int64(11188), np.int64(4245), np.int64(4245), np.int64(16194), np.int64(24206), np.int64(4245), np.int64(48053), np.int64(44746), np.int64(20634), np.int64(4245), np.int64(33166), np.int64(1967), np.int64(33899), np.int64(31989), np.int64(34670), np.int64(4245), np.int64(33899), np.int64(33899), np.int64(33899), np.int64(36757), np.int64(41854), np.int64(1116), np.int64(6704), np.int64(798), np.int64(40070), np.int64(38298), np.int64(45784), np.int64(25847), np.int64(19885), np.int64(37580), np.int64(10315), np.int64(23679), np.int64(48517), np.int64(21093))","(1, 1, 1, 0, 0, 0, 1, 1, 1, 1, 1, 1, 1, 1, 1, 0, 1, 1, 1, 1, 0, 1, 0, 0, 1, 1, 0, 1, 1, 1, 0, 1, 1, 1, 1, 0, 1, 1, 1, 1, 0, 1, 1, 0, 0, 1, 1, 1, 1, 1)"
9.378803,50,63.112875,6,"(np.int64(7160), np.int64(48477), np.int64(21093), np.int64(37901), np.int64(21093), np.int64(21093), np.int64(22722), np.int64(46059), np.int64(22228), np.int64(33177), np.int64(21093), np.int64(21093), np.int64(18915), np.int64(28654), np.int64(21093), np.int64(44907), np.int64(6331), np.int64(37401), np.int64(47268), np.int64(21879), np.int64(35393), np.int64(35072), np.int64(37066), np.int64(18091), np.int64(45172), np.int64(21497), np.int64(21093), np.int64(6558), np.int64(21093), np.int64(38598), np.int64(21093), np.int64(34268), np.int64(21093), np.int64(4086), np.int64(21093), np.int64(7074), np.int64(19530), np.int64(21947), np.int64(41474), np.int64(21093), np.int64(47007), np.int64(13842), np.int64(26300), np.int64(23807), np.int64(21093), np.int64(18147), np.int64(18147), np.int64(18147), np.int64(18147), np.int64(47755))","(1, 0, 1, 1, 1, 1, 0, 0, 0, 0, 1, 1, 0, 1, 1, 0, 1, 0, 0, 1, 1, 0, 0, 1, 1, 0, 1, 1, 1, 0, 1, 0, 1, 1, 1, 0, 1, 1, 0, 1, 0, 1, 1, 0, 1, 0, 0, 0, 0, 1)"
7.750508,50,63.641319,7,"(np.int64(31078), np.int64(21093), np.int64(23442), np.int64(35368), np.int64(45625), np.int64(25697), np.int64(21093), np.int64(21093), np.int64(21093), np.int64(16148), np.int64(21093), np.int64(18147), np.int64(45361), np.int64(26304), np.int64(21093), np.int64(18147), np.int64(49361), np.int64(28848), np.int64(21093), np.int64(10667), np.int64(18147), np.int64(18147), np.int64(18147), np.int64(16603), np.int64(42219), np.int64(18147), np.int64(18147), np.int64(28213), np.int64(7668), np.int64(7668), np.int64(1939), np.int64(7668), np.int64(7668), np.int64(7668), np.int64(7668), np.int64(7668), np.int64(49845), np.int64(11797), np.int64(7668), np.int64(30919), np.int64(7668), np.int64(24754), np.int64(7668), np.int64(7668), np.int64(7668), np.int64(40335), np.int64(18970), np.int64(7668), np.int64(1922), np.int64(7668))","(0, 1, 1, 0, 0, 0, 1, 1, 1, 1, 1, 0, 0, 1, 1, 0, 0, 1, 1, 1, 0, 0, 0, 1, 0, 0, 0, 0, 1, 1, 1, 1, 1, 1, 1, 1, 0, 1, 1, 0, 1, 1, 1, 1, 1, 0, 1, 1, 1, 1)"
6.431549,50,64.155037,6,"(np.int64(7668), np.int64(1000), np.int64(7668), np.int64(7668), np.int64(7668), np.int64(7668), np.int64(7668), np.int64(7668), np.int64(7668), np.int64(7668), np.int64(7668), np.int64(30776), np.int64(7668), np.int64(7668), np.int64(6760), np.int64(7668), np.int64(24518), np.int64(7668), np.int64(8782), np.int64(7668), np.int64(7668), np.int64(7668), np.int64(38140), np.int64(28320), np.int64(40795), np.int64(47900), np.int64(7668), np.int64(7668), np.int64(7668), np.int64(30215), np.int64(1369), np.int64(7668), np.int64(7668), np.int64(675), np.int64(29532), np.int64(7668), np.int64(35371), np.int64(7668), np.int64(22523), np.int64(7668), np.int64(45297), np.int64(7668), np.int64(7668), np.int64(35237), np.int64(6862), np.int64(7668), np.int64(7668), np.int64(40182), np.int64(7668), np.int64(9690))","(1, 1, 1, 1, 1, 1, 1, 1, 1, 1, 1, 0, 1, 1, 1, 1, 1, 1, 1, 1, 1, 1, 0, 0, 0, 0, 1, 1, 1, 0, 1, 1, 1, 1, 0, 1, 0, 1, 0, 1, 0, 1, 1, 1, 1, 1, 1, 0, 1, 1)"
9.031096,50,64.677577,1,"(np.int64(43571), np.int64(13934), np.int64(7668), np.int64(31543), np.int64(7668), np.int64(7668), np.int64(33174), np.int64(7668), np.int64(7668), np.int64(7668), np.int64(49415), np.int64(21334), np.int64(29704), np.int64(16620), np.int64(16620), np.int64(16620), np.int64(43491), np.int64(5801), np.int64(16620), np.int64(16620), np.int64(40827), np.int64(16620), np.int64(40827), np.int64(1139), np.int64(43442), np.int64(16620), np.int64(2018), np.int64(29508), np.int64(16620), np.int64(22823), np.int64(16620), np.int64(40827), np.int64(40827), np.int64(46522), np.int64(40827), np.int64(43753), np.int64(40827), np.int64(31740), np.int64(5860), np.int64(45353), np.int64(1067), np.int64(40827), np.int64(40827), np.int64(30777), np.int64(40827), np.int64(40827), np.int64(10068), np.int64(40827), np.int64(17191), np.int64(7275))","(0, 1, 1, 0, 1, 1, 0, 1, 1, 1, 1, 1, 0, 0, 0, 0, 0, 1, 0, 0, 1, 0, 1, 1, 0, 0, 1, 0, 0, 0, 0, 1, 1, 1, 1, 0, 1, 0, 1, 0, 1, 1, 1, 0, 1, 1, 1, 1, 1, 1)"
6.59013,50,65.204737,7,"(np.int64(10388), np.int64(40827), np.int64(19404), np.int64(40827), np.int64(40827), np.int64(40827), np.int64(40827), np.int64(28971), np.int64(40827), np.int64(44279), np.int64(40827), np.int64(40827), np.int64(4183), np.int64(40827), np.int64(40827), np.int64(43128), np.int64(7337), np.int64(7337), np.int64(7337), np.int64(2987), np.int64(7337), np.int64(7337), np.int64(34928), np.int64(9108), np.int64(46474), np.int64(7337), np.int64(7337), np.int64(7337), np.int64(40807), np.int64(7337), np.int64(7337), np.int64(16201), np.int64(47918), np.int64(7337), np.int64(9203), np.int64(38953), np.int64(7337), np.int64(7337), np.int64(7337), np.int64(13063), np.int64(42902), np.int64(7337), np.int64(6803), np.int64(7337), np.int64(7337), np.int64(19938), np.int64(7337), np.int64(19938), np.int64(2594), np.int64(7337))","(1, 0, 1, 0, 0, 0, 0, 1, 0, 0, 0, 0, 1, 0, 0, 0, 1, 1, 1, 1, 1, 1, 0, 1, 0, 1, 1, 1, 0, 1, 1, 1, 0, 1, 1, 0, 1, 1, 1, 1, 0, 1, 0, 1, 1, 1, 1, 1, 0, 1)"
13.755949,50,65.73352,5,"(np.int64(25217), np.int64(7337), np.int64(7337), np.int64(49981), np.int64(7008), np.int64(15164), np.int64(4606), np.int64(4606), np.int64(48268), np.int64(32865), np.int64(7917), np.int64(4606), np.int64(25045), np.int64(35342), np.int64(41003), np.int64(4606), np.int64(25057), np.int64(4606), np.int64(44371), np.int64(4606), np.int64(11349), np.int64(39558), np.int64(14708), np.int64(4606), np.int64(4606), np.int64(519), np.int64(22051), np.int64(4606), np.int64(8717), np.int64(4606), np.int64(519), np.int64(4606), np.int64(48086), np.int64(27935), np.int64(27935), np.int64(27935), np.int64(27935), np.int64(44204), np.int64(27935), np.int64(23571), np.int64(24050), np.int64(40253), np.int64(3043), np.int64(38620), np.int64(49081), np.int64(24766), np.int64(3043), np.int64(3043), np.int64(7815), np.int64(3043))","(0, 1, 1, 0, 1, 1, 1, 1, 1, 1, 0, 1, 1, 0, 0, 1, 1, 1, 0, 1, 1, 0, 1, 1, 1, 1, 1, 1, 0, 1, 1, 1, 1, 1, 1, 1, 1, 0, 1, 1, 1, 0, 1, 1, 1, 1, 1, 1, 1, 1)"
10.27482,50,66.252092,6,"(np.int64(3043), np.int64(3043), np.int64(3043), np.int64(3043), np.int64(41611), np.int64(3304), np.int64(7152), np.int64(13794), np.int64(3043), np.int64(3043), np.int64(10957), np.int64(3043), np.int64(519), np.int64(35742), np.int64(3043), np.int64(27086), np.int64(3043), np.int64(519), np.int64(31593), np.int64(42047), np.int64(3043), np.int64(33170), np.int64(6614), np.int64(3043), np.int64(4935), np.int64(23544), np.int64(3043), np.int64(519), np.int64(44742), np.int64(35426), np.int64(3043), np.int64(519), np.int64(48776), np.int64(9428), np.int64(45790), np.int64(3043), np.int64(31220), np.int64(8376), np.int64(8745), np.int64(11709), np.int64(3043), np.int64(519), np.int64(35829), np.int64(9428), np.int64(33652), np.int64(3043), np.int64(35285), np.int64(9428), np.int64(9428), np.int64(9428))","(1, 1, 1, 1, 0, 1, 1, 0, 1, 1, 1, 1, 1, 0, 1, 1, 1, 1, 1, 0, 1, 0, 1, 1, 1, 1, 1, 1, 0, 1, 1, 1, 1, 1, 0, 1, 1, 1, 1, 1, 1, 1, 0, 1, 0, 1, 0, 1, 1, 1)"
13.349678,50,66.771822,2,"(np.int64(3043), np.int64(3043), np.int64(3043), np.int64(32211), np.int64(3043), np.int64(3043), np.int64(31257), np.int64(3043), np.int64(3043), np.int64(3043), np.int64(9428), np.int64(3043), np.int64(3043), np.int64(30424), np.int64(3043), np.int64(17859), np.int64(20935), np.int64(6964), np.int64(17563), np.int64(44302), np.int64(3043), np.int64(3043), np.int64(519), np.int64(3043), np.int64(30415), np.int64(3043), np.int64(519), np.int64(296), np.int64(15325), np.int64(3043), np.int64(10733), np.int64(35348), np.int64(3043), np.int64(7627), np.int64(32697), np.int64(40663), np.int64(3043), np.int64(31595), np.int64(5183), np.int64(27970), np.int64(978), np.int64(3043), np.int64(9428), np.int64(25025), np.int64(28509), np.int64(46912), np.int64(14734), np.int64(40453), np.int64(43072), np.int64(29334))","(1, 1, 1, 1, 1, 1, 1, 1, 1, 1, 1, 1, 1, 0, 1, 0, 1, 1, 1, 0, 1, 1, 1, 1, 0, 1, 1, 1, 1, 1, 1, 0, 1, 1, 0, 0, 1, 1, 1, 1, 1, 1, 1, 1, 0, 0, 1, 1, 0, 1)"
11.983499,50,67.289059,3,"(np.int64(3043), np.int64(40747), np.int64(9428), np.int64(26416), np.int64(9428), np.int64(36257), np.int64(22366), np.int64(28966), np.int64(9428), np.int64(9428), np.int64(9428), np.int64(9428), np.int64(9428), np.int64(40395), np.int64(9428), np.int64(9428), np.int64(9428), np.int64(9428), np.int64(11947), np.int64(9428), np.int64(9428), np.int64(19055), np.int64(9428), np.int64(9428), np.int64(9428), np.int64(12958), np.int64(23524), np.int64(9428), np.int64(38311), np.int64(29245), np.int64(48847), np.int64(26327), np.int64(16947), np.int64(984), np.int64(47114), np.int64(9428), np.int64(48535), np.int64(28900), np.int64(27805), np.int64(20165), np.int64(13435), np.int64(8314), np.int64(20165), np.int64(20165), np.int64(36543), np.int64(23455), np.int64(20165), np.int64(20165), np.int64(20165), np.int64(20165))","(1, 0, 1, 1, 1, 1, 0, 1, 1, 1, 1, 1, 1, 0, 1, 1, 1, 1, 1, 1, 1, 1, 1, 1, 1, 1, 1, 1, 1, 1, 1, 1, 1, 1, 0, 1, 0, 1, 0, 1, 1, 1, 1, 1, 1, 1, 1, 1, 1, 1)"
10.802792,50,67.818285,7,"(np.int64(31750), np.int64(36203), np.int64(20165), np.int64(34670), np.int64(20165), np.int64(20165), np.int64(23198), np.int64(25495), np.int64(20165), np.int64(20165), np.int64(22328), np.int64(20165), np.int64(3908), np.int64(38546), np.int64(20165), np.int64(15782), np.int64(20165), np.int64(48433), np.int64(20165), np.int64(2041), np.int64(20165), np.int64(20165), np.int64(2964), np.int64(20165), np.int64(25553), np.int64(20165), np.int64(2115), np.int64(29055), np.int64(48765), np.int64(20165), np.int64(1228), np.int64(10811), np.int64(20165), np.int64(20165), np.int64(16507), np.int64(20165), np.int64(17431), np.int64(4234), np.int64(32957), np.int64(30145), np.int64(19916), np.int64(19643), np.int64(49625), np.int64(2694), np.int64(20165), np.int64(42569), np.int64(23695), np.int64(5165), np.int64(9244), np.int64(9244))","(0, 1, 1, 0, 1, 1, 0, 1, 1, 1, 0, 1, 1, 0, 1, 1, 1, 0, 1, 1, 1, 1, 1, 1, 1, 1, 1, 0, 0, 1, 1, 1, 1, 1, 1, 1, 1, 1, 0, 0, 0, 1, 0, 1, 1, 0, 0, 1, 1, 1)"
11.392769,50,68.344152,4,"(np.int64(2826), np.int64(9244), np.int64(45568), np.int64(20986), np.int64(9244), np.int64(9244), np.int64(33003), np.int64(17066), np.int64(14974), np.int64(9244), np.int64(9244), np.int64(9244), np.int64(9244), np.int64(36738), np.int64(9244), np.int64(4070), np.int64(12144), np.int64(32837), np.int64(35085), np.int64(21857), np.int64(9244), np.int64(9244), np.int64(9244), np.int64(27595), np.int64(31313), np.int64(9244), np.int64(9244), np.int64(9244), np.int64(9244), np.int64(9244), np.int64(28165), np.int64(34186), np.int64(9244), np.int64(9244), np.int64(21407), np.int64(9244), np.int64(1913), np.int64(23798), np.int64(9244), np.int64(1557), np.int64(33541), np.int64(9244), np.int64(9244), np.int64(9244), np.int64(9244), np.int64(9244), np.int64(11147), np.int64(5104), np.int64(9244), np.int64(15357))","(1, 1, 1, 0, 1, 1, 1, 1, 1, 1, 1, 1, 1, 0, 1, 1, 1, 1, 1, 1, 1, 1, 1, 1, 1, 1, 1, 1, 1, 1, 0, 0, 1, 1, 1, 1, 1, 0, 1, 1, 0, 1, 1, 1, 1, 1, 1, 1, 1, 1)"
5.884287,50,68.88578,8,"(np.int64(20667), np.int64(9244), np.int64(9244), np.int64(9244), np.int64(33045), np.int64(15693), np.int64(43253), np.int64(9244), np.int64(11389), np.int64(9244), np.int64(9244), np.int64(9244), np.int64(34152), np.int64(17431), np.int64(25713), np.int64(43026), np.int64(3009), np.int64(17431), np.int64(17431), np.int64(32784), np.int64(19063), np.int64(17431), np.int64(17431), np.int64(17431), np.int64(17431), np.int64(25373), np.int64(17431), np.int64(17431), np.int64(14056), np.int64(17431), np.int64(17431), np.int64(17431), np.int64(11515), np.int64(14090), np.int64(35122), np.int64(17431), np.int64(38778), np.int64(17431), np.int64(49480), np.int64(17431), np.int64(8397), np.int64(36392), np.int64(17431), np.int64(17431), np.int64(17431), np.int64(17431), np.int64(6965), np.int64(17431), np.int64(17431), np.int64(6965))","(1, 1, 1, 1, 0, 1, 0, 1, 1, 1, 1, 1, 0, 0, 0, 0, 1, 0, 0, 0, 1, 0, 0, 0, 0, 0, 0, 0, 1, 0, 0, 0, 1, 0, 0, 0, 0, 0, 0, 0, 1, 0, 0, 0, 0, 0, 1, 0, 0, 1)"
12.815072,50,69.455945,2,"(np.int64(38842), np.int64(12186), np.int64(49784), np.int64(32232), np.int64(17431), np.int64(21741), np.int64(17431), np.int64(17431), np.int64(17431), np.int64(17431), np.int64(47358), np.int64(26540), np.int64(17431), np.int64(10922), np.int64(17431), np.int64(35994), np.int64(17431), np.int64(17431), np.int64(20104), np.int64(39190), np.int64(17431), np.int64(17431), np.int64(17431), np.int64(4496), np.int64(17431), np.int64(17431), np.int64(15700), np.int64(7062), np.int64(17431), np.int64(32482), np.int64(17431), np.int64(17431), np.int64(31146), np.int64(47828), np.int64(2330), np.int64(19440), np.int64(31527), np.int64(17431), np.int64(5258), np.int64(21765), np.int64(17431), np.int64(17431), np.int64(41815), np.int64(31500), np.int64(3548), np.int64(46669), np.int64(42534), np.int64(32602), np.int64(32602), np.int64(9158))","(0, 1, 0, 1, 1, 1, 1, 1, 1, 1, 0, 1, 1, 1, 1, 1, 1, 1, 1, 0, 1, 1, 1, 1, 1, 1, 0, 1, 1, 1, 1, 1, 0, 0, 1, 0, 0, 1, 1, 1, 1, 1, 1, 0, 1, 1, 1, 1, 1, 1)"
9.630439,50,70.033714,5,"(np.int64(17185), np.int64(32602), np.int64(32602), np.int64(32602), np.int64(32602), np.int64(32602), np.int64(32602), np.int64(26025), np.int64(35418), np.int64(32602), np.int64(9924), np.int64(32602), np.int64(6930), np.int64(32602), np.int64(32602), np.int64(6965), np.int64(32602), np.int64(6965), np.int64(2665), np.int64(29259), np.int64(32602), np.int64(6965), np.int64(45906), np.int64(32602), np.int64(20049), np.int64(17489), np.int64(3688), np.int64(26276), np.int64(32602), np.int64(6965), np.int64(4696), np.int64(32602), np.int64(6965), np.int64(16978), np.int64(32602), np.int64(6965), np.int64(41011), np.int64(32602), np.int64(6965), np.int64(6965), np.int64(6965), np.int64(6965), np.int64(6965), np.int64(6965), np.int64(8613), np.int64(17055), np.int64(32602), np.int64(6965), np.int64(6965), np.int64(6965))","(1, 1, 1, 1, 1, 1, 1, 1, 1, 1, 1, 1, 1, 1, 1, 1, 1, 1, 1, 0, 1, 1, 1, 1, 0, 1, 1, 1, 1, 1, 1, 1, 1, 1, 1, 1, 0, 1, 1, 1, 1, 1, 1, 1, 1, 0, 1, 1, 1, 1)"
9.22156,50,70.570391,3,"(np.int64(32602), np.int64(44639), np.int64(27206), np.int64(3500), np.int64(28374), np.int64(3500), np.int64(3982), np.int64(3982), np.int64(3982), np.int64(3982), np.int64(3982), np.int64(7698), np.int64(7481), np.int64(3982), np.int64(4845), np.int64(3982), np.int64(41650), np.int64(3982), np.int64(30607), np.int64(3982), np.int64(6965), np.int64(50009), np.int64(35589), np.int64(47838), np.int64(3982), np.int64(5062), np.int64(3982), np.int64(6965), np.int64(774), np.int64(13231), np.int64(3982), np.int64(43090), np.int64(12353), np.int64(3982), np.int64(6965), np.int64(3982), np.int64(6965), np.int64(3982), np.int64(43661), np.int64(3982), np.int64(24154), np.int64(6509), np.int64(3982), np.int64(3982), np.int64(39249), np.int64(3982), np.int64(44368), np.int64(48496), np.int64(3982), np.int64(9039))","(0, 0, 1, 1, 0, 1, 1, 1, 1, 1, 1, 1, 1, 1, 1, 1, 1, 1, 0, 1, 1, 0, 1, 0, 1, 1, 1, 1, 1, 1, 1, 0, 1, 1, 1, 1, 1, 1, 0, 1, 1, 1, 1, 1, 0, 1, 0, 0, 1, 1)"
8.624265,50,71.105587,3,"(np.int64(3190), np.int64(3500), np.int64(3500), np.int64(49640), np.int64(3500), np.int64(3500), np.int64(12751), np.int64(16359), np.int64(17380), np.int64(44020), np.int64(3500), np.int64(12751), np.int64(40242), np.int64(3500), np.int64(12751), np.int64(12751), np.int64(49446), np.int64(20670), np.int64(1224), np.int64(38516), np.int64(40213), np.int64(3500), np.int64(12751), np.int64(8726), np.int64(12751), np.int64(17282), np.int64(12751), np.int64(17270), np.int64(12751), np.int64(31392), np.int64(35522), np.int64(26318), np.int64(4840), np.int64(3500), np.int64(12751), np.int64(2698), np.int64(12751), np.int64(12751), np.int64(12751), np.int64(14922), np.int64(12751), np.int64(5419), np.int64(12751), np.int64(26427), np.int64(12751), np.int64(16479), np.int64(19122), np.int64(31066), np.int64(35324), np.int64(3500))","(1, 1, 1, 0, 1, 1, 1, 0, 1, 0, 1, 1, 0, 1, 1, 1, 0, 1, 1, 0, 1, 1, 1, 0, 1, 0, 1, 0, 1, 1, 1, 0, 1, 1, 1, 1, 1, 1, 1, 0, 1, 1, 1, 1, 1, 1, 1, 0, 0, 1)"
0.775,50,71.628145,0,"(np.int64(3500), np.int64(3500), np.int64(43754), np.int64(3500), np.int64(3500), np.int64(12751), np.int64(3500), np.int64(12751), np.int64(12751), np.int64(3481), np.int64(3500), np.int64(41044), np.int64(4052), np.int64(3500), np.int64(3500), np.int64(12751), np.int64(3500), np.int64(16479), np.int64(34264), np.int64(30012), np.int64(5258), np.int64(5258), np.int64(2128), np.int64(46408), np.int64(5258), np.int64(23143), np.int64(23976), np.int64(37809), np.int64(5258), np.int64(5258), np.int64(3381), np.int64(5258), np.int64(4726), np.int64(20625), np.int64(5258), np.int64(5258), np.int64(28272), np.int64(5258), np.int64(16479), np.int64(19872), np.int64(5258), np.int64(16479), np.int64(16479), np.int64(16479), np.int64(16479), np.int64(16479), np.int64(27219), np.int64(5258), np.int64(16479), np.int64(16479))","(0, 0, 0, 0, 0, 0, 0, 0, 0, 0, 0, 0, 0, 0, 0, 0, 0, 0, 0, 0, 0, 0, 0, 0, 0, 0, 0, 0, 0, 0, 0, 0, 0, 0, 0, 0, 0, 0, 0, 0, 0, 0, 0, 0, 0, 0, 1, 0, 0, 0)"
9.454884,50,72.164529,7,"(np.int64(7604), np.int64(3506), np.int64(49440), np.int64(21580), np.int64(2935), np.int64(5488), np.int64(4179), np.int64(19619), np.int64(13119), np.int64(24916), np.int64(24916), np.int64(24916), np.int64(24916), np.int64(2925), np.int64(24916), np.int64(24916), np.int64(33437), np.int64(24916), np.int64(24916), np.int64(49040), np.int64(18019), np.int64(22901), np.int64(24916), np.int64(31257), np.int64(24916), np.int64(42722), np.int64(24916), np.int64(24916), np.int64(24916), np.int64(49598), np.int64(14790), np.int64(24916), np.int64(24916), np.int64(24916), np.int64(24916), np.int64(24916), np.int64(13478), np.int64(32256), np.int64(24916), np.int64(40535), np.int64(49405), np.int64(33852), np.int64(24916), np.int64(25190), np.int64(25308), np.int64(24916), np.int64(24916), np.int64(1365), np.int64(42828), np.int64(1365))","(1, 1, 0, 1, 1, 0, 0, 1, 1, 1, 1, 1, 1, 1, 1, 1, 0, 1, 1, 1, 1, 0, 1, 1, 1, 0, 1, 1, 1, 0, 1, 1, 1, 1, 1, 1, 1, 0, 1, 0, 0, 0, 1, 1, 1, 1, 1, 1, 0, 1)"
7.459477,50,72.691561,8,"(np.int64(14426), np.int64(1365), np.int64(28777), np.int64(26612), np.int64(1365), np.int64(1365), np.int64(14837), np.int64(35735), np.int64(1365), np.int64(1365), np.int64(1365), np.int64(1971), np.int64(4362), np.int64(1365), np.int64(1365), np.int64(1365), np.int64(28732), np.int64(18314), np.int64(27509), np.int64(1365), np.int64(1365), np.int64(14897), np.int64(28512), np.int64(32554), np.int64(9700), np.int64(1365), np.int64(27922), np.int64(46585), np.int64(1365), np.int64(26703), np.int64(1365), np.int64(17006), np.int64(1365), np.int64(1365), np.int64(1365), np.int64(1365), np.int64(7340), np.int64(22679), np.int64(28767), np.int64(20661), np.int64(25146), np.int64(18484), np.int64(18484), np.int64(33210), np.int64(18484), np.int64(18484), np.int64(18484), np.int64(18484), np.int64(18484), np.int64(18484))","(1, 1, 1, 1, 1, 1, 1, 0, 1, 1, 1, 1, 1, 1, 1, 1, 0, 0, 0, 1, 1, 0, 0, 0, 1, 1, 0, 0, 1, 0, 1, 1, 1, 1, 1, 1, 1, 0, 1, 1, 1, 0, 0, 0, 0, 0, 0, 0, 0, 0)"
10.712092,50,73.229371,5,"(np.int64(19619), np.int64(1291), np.int64(24337), np.int64(37782), np.int64(18484), np.int64(9615), np.int64(18484), np.int64(25037), np.int64(18484), np.int64(18484), np.int64(42346), np.int64(16519), np.int64(18484), np.int64(18484), np.int64(3197), np.int64(18484), np.int64(18484), np.int64(18484), np.int64(18484), np.int64(41507), np.int64(18484), np.int64(18484), np.int64(25759), np.int64(23341), np.int64(12904), np.int64(18484), np.int64(40011), np.int64(18484), np.int64(28915), np.int64(42507), np.int64(2097), np.int64(28915), np.int64(28915), np.int64(28915), np.int64(37071), np.int64(20153), np.int64(44287), np.int64(6840), np.int64(28873), np.int64(6219), np.int64(28915), np.int64(28915), np.int64(34339), np.int64(28915), np.int64(28915), np.int64(28915), np.int64(28915), np.int64(28915), np.int64(25149), np.int64(28915))","(1, 1, 0, 1, 1, 1, 1, 1, 1, 1, 0, 1, 1, 1, 1, 1, 1, 1, 1, 0, 1, 1, 0, 0, 1, 1, 1, 1, 1, 0, 1, 1, 1, 1, 0, 0, 0, 1, 0, 1, 1, 1, 1, 1, 1, 1, 1, 1, 1, 1)"
8.515589,50,73.750205,1,"(np.int64(19341), np.int64(28915), np.int64(36417), np.int64(28915), np.int64(30393), np.int64(39589), np.int64(43132), np.int64(28915), np.int64(28915), np.int64(28915), np.int64(9857), np.int64(28915), np.int64(28915), np.int64(33461), np.int64(28915), np.int64(27855), np.int64(28915), np.int64(28915), np.int64(26998), np.int64(38011), np.int64(32579), np.int64(18604), np.int64(28915), np.int64(28915), np.int64(28915), np.int64(28915), np.int64(24826), np.int64(28915), np.int64(25450), np.int64(39519), np.int64(4655), np.int64(28915), np.int64(47132), np.int64(37211), np.int64(4655), np.int64(4655), np.int64(27188), np.int64(12652), np.int64(23969), np.int64(4655), np.int64(44306), np.int64(41202), np.int64(4655), np.int64(4655), np.int64(4655), np.int64(4655), np.int64(4655), np.int64(7065), np.int64(4655), np.int64(4655))","(1, 1, 0, 1, 0, 0, 0, 1, 1, 1, 1, 1, 1, 1, 1, 1, 1, 1, 0, 0, 1, 0, 1, 1, 1, 1, 1, 1, 1, 0, 1, 1, 0, 1, 1, 1, 1, 0, 1, 1, 0, 0, 1, 1, 1, 1, 1, 1, 1, 1)"
11.646653,50,74.27891,2,"(np.int64(49904), np.int64(4655), np.int64(4655), np.int64(4655), np.int64(4655), np.int64(4655), np.int64(22741), np.int64(6738), np.int64(40940), np.int64(17319), np.int64(17319), np.int64(36345), np.int64(17319), np.int64(45937), np.int64(17319), np.int64(17319), np.int64(17319), np.int64(47558), np.int64(17319), np.int64(17319), np.int64(44958), np.int64(17319), np.int64(17319), np.int64(25450), np.int64(42480), np.int64(20544), np.int64(1418), np.int64(17319), np.int64(39714), np.int64(316), np.int64(47166), np.int64(17958), np.int64(44544), np.int64(26451), np.int64(32428), np.int64(44745), np.int64(32428), np.int64(32428), np.int64(32428), np.int64(23284), np.int64(521), np.int64(32428), np.int64(5431), np.int64(32428), np.int64(1924), np.int64(7328), np.int64(32428), np.int64(32428), np.int64(32428), np.int64(6490))","(1, 1, 1, 1, 1, 1, 0, 0, 1, 1, 1, 1, 1, 0, 1, 1, 1, 1, 1, 1, 0, 1, 1, 1, 0, 1, 1, 1, 0, 1, 1, 1, 0, 1, 0, 0, 0, 0, 0, 0, 1, 0, 1, 0, 1, 1, 0, 0, 0, 1)"
5.784015,50,74.799015,1,"(np.int64(32428), np.int64(32428), np.int64(32428), np.int64(16682), np.int64(32428), np.int64(32428), np.int64(45833), np.int64(9961), np.int64(40311), np.int64(25223), np.int64(32428), np.int64(23371), np.int64(11116), np.int64(32428), np.int64(32428), np.int64(32428), np.int64(32428), np.int64(32428), np.int64(30239), np.int64(32428), np.int64(32428), np.int64(32428), np.int64(34093), np.int64(32428), np.int64(7214), np.int64(32428), np.int64(32428), np.int64(32428), np.int64(32428), np.int64(40737), np.int64(49371), np.int64(32428), np.int64(34156), np.int64(32428), np.int64(32428), np.int64(10594), np.int64(43960), np.int64(32428), np.int64(20947), np.int64(27683), np.int64(32428), np.int64(32428), np.int64(39365), np.int64(32428), np.int64(17387), np.int64(12925), np.int64(32428), np.int64(32428), np.int64(32428), np.int64(22348))","(0, 0, 0, 1, 0, 0, 1, 1, 0, 0, 0, 1, 1, 0, 0, 0, 0, 0, 0, 0, 0, 0, 1, 0, 0, 0, 0, 0, 0, 0, 1, 0, 0, 0, 0, 1, 1, 0, 0, 0, 0, 0, 1, 0, 0, 0, 0, 0, 0, 0)"
8.100245,50,75.329967,4,"(np.int64(13759), np.int64(32428), np.int64(32428), np.int64(32428), np.int64(32428), np.int64(30629), np.int64(32428), np.int64(32428), np.int64(40913), np.int64(32428), np.int64(32428), np.int64(2466), np.int64(23188), np.int64(46335), np.int64(14933), np.int64(35713), np.int64(29082), np.int64(32428), np.int64(32428), np.int64(32428), np.int64(21897), np.int64(34356), np.int64(32428), np.int64(635), np.int64(23584), np.int64(9933), np.int64(23584), np.int64(23584), np.int64(43835), np.int64(9249), np.int64(23584), np.int64(31239), np.int64(13560), np.int64(23584), np.int64(23584), np.int64(23584), np.int64(23584), np.int64(23584), np.int64(23584), np.int64(45023), np.int64(15445), np.int64(23584), np.int64(15777), np.int64(41132), np.int64(835), np.int64(37775), np.int64(23584), np.int64(34723), np.int64(3300), np.int64(8509))","(0, 0, 0, 0, 0, 0, 0, 0, 0, 0, 0, 0, 0, 0, 1, 1, 0, 0, 0, 0, 1, 0, 0, 1, 0, 1, 0, 0, 0, 1, 0, 1, 1, 0, 0, 0, 0, 0, 0, 1, 1, 0, 1, 0, 0, 0, 0, 1, 1, 1)"
7.762232,50,75.862481,1,"(np.int64(23584), np.int64(22568), np.int64(23584), np.int64(23584), np.int64(25556), np.int64(23584), np.int64(23584), np.int64(23584), np.int64(32058), np.int64(23584), np.int64(23584), np.int64(28838), np.int64(40633), np.int64(23584), np.int64(28838), np.int64(28838), np.int64(28838), np.int64(31477), np.int64(28838), np.int64(28838), np.int64(28838), np.int64(26679), np.int64(28838), np.int64(28838), np.int64(45051), np.int64(6462), np.int64(24053), np.int64(28838), np.int64(19543), np.int64(28838), np.int64(28838), np.int64(24007), np.int64(28838), np.int64(28838), np.int64(15171), np.int64(28838), np.int64(28838), np.int64(28838), np.int64(18256), np.int64(35261), np.int64(16275), np.int64(28838), np.int64(28838), np.int64(28838), np.int64(28838), np.int64(28838), np.int64(25029), np.int64(28838), np.int64(25029), np.int64(28838))","(0, 0, 0, 0, 0, 0, 0, 0, 1, 0, 0, 1, 0, 0, 1, 1, 1, 0, 1, 1, 1, 1, 1, 1, 0, 1, 1, 1, 1, 1, 1, 1, 1, 1, 1, 1, 1, 1, 1, 1, 1, 1, 1, 1, 1, 1, 1, 1, 1, 1)"
10.441122,50,76.397186,3,"(np.int64(36921), np.int64(36921), np.int64(11398), np.int64(36921), np.int64(36921), np.int64(46094), np.int64(36921), np.int64(36921), np.int64(36921), np.int64(24071), np.int64(36921), np.int64(36921), np.int64(19415), np.int64(36921), np.int64(29150), np.int64(36921), np.int64(28824), np.int64(41595), np.int64(34122), np.int64(36921), np.int64(14480), np.int64(26163), np.int64(36921), np.int64(14480), np.int64(802), np.int64(36921), np.int64(6056), np.int64(5995), np.int64(15614), np.int64(25014), np.int64(36921), np.int64(14480), np.int64(15547), np.int64(36921), np.int64(14480), np.int64(22984), np.int64(21263), np.int64(15014), np.int64(24310), np.int64(15014), np.int64(15014), np.int64(34778), np.int64(15014), np.int64(15014), np.int64(8464), np.int64(15014), np.int64(1641), np.int64(15014), np.int64(45842), np.int64(15014))","(1, 1, 1, 1, 1, 0, 1, 1, 1, 1, 1, 1, 0, 1, 0, 1, 1, 0, 0, 1, 1, 1, 1, 1, 1, 1, 1, 1, 1, 1, 1, 1, 1, 1, 1, 0, 1, 1, 1, 1, 1, 1, 1, 1, 1, 1, 1, 1, 0, 1)"
3.449701,50,76.929319,8,"(np.int64(15014), np.int64(15014), np.int64(15014), np.int64(26756), np.int64(31045), np.int64(15014), np.int64(15014), np.int64(15014), np.int64(2257), np.int64(15014), np.int64(15014), np.int64(2259), np.int64(47097), np.int64(24596), np.int64(15014), np.int64(15014), np.int64(109), np.int64(15014), np.int64(25029), np.int64(15014), np.int64(42039), np.int64(15014), np.int64(48485), np.int64(15014), np.int64(25029), np.int64(15014), np.int64(15976), np.int64(48425), np.int64(45071), np.int64(41379), np.int64(15587), np.int64(31517), np.int64(10482), np.int64(15014), np.int64(25029), np.int64(15014), np.int64(25029), np.int64(15014), np.int64(25029), np.int64(30660), np.int64(15014), np.int64(25029), np.int64(12642), np.int64(15014), np.int64(25029), np.int64(25029), np.int64(25029), np.int64(36705), np.int64(15014), np.int64(25029))","(1, 1, 1, 0, 0, 1, 1, 1, 0, 1, 1, 0, 0, 1, 1, 1, 0, 1, 1, 1, 0, 1, 0, 1, 1, 1, 1, 0, 0, 0, 0, 0, 1, 1, 1, 1, 1, 1, 1, 0, 1, 1, 1, 1, 1, 1, 1, 0, 1, 1)"
8.007371,50,77.460207,4,"(np.int64(35715), np.int64(15014), np.int64(547), np.int64(18366), np.int64(7240), np.int64(15014), np.int64(15014), np.int64(33383), np.int64(41128), np.int64(41969), np.int64(8654), np.int64(15014), np.int64(2259), np.int64(2259), np.int64(2259), np.int64(2259), np.int64(2259), np.int64(49816), np.int64(2259), np.int64(30227), np.int64(2259), np.int64(2259), np.int64(22167), np.int64(2259), np.int64(48777), np.int64(343), np.int64(2259), np.int64(4277), np.int64(29753), np.int64(31508), np.int64(44219), np.int64(2259), np.int64(2259), np.int64(2259), np.int64(25029), np.int64(14340), np.int64(2259), np.int64(566), np.int64(11294), np.int64(2259), np.int64(25029), np.int64(35571), np.int64(2259), np.int64(4555), np.int64(2259), np.int64(37648), np.int64(2259), np.int64(25029), np.int64(25029), np.int64(36488))","(0, 1, 0, 1, 1, 1, 1, 0, 0, 0, 1, 1, 1, 1, 1, 1, 1, 0, 1, 0, 1, 1, 1, 1, 0, 1, 1, 1, 0, 0, 0, 1, 1, 1, 1, 0, 1, 1, 0, 1, 1, 0, 1, 1, 1, 1, 1, 1, 1, 1)"
7.801246,50,77.989765,5,"(np.int64(2259), np.int64(2259), np.int64(2259), np.int64(2259), np.int64(2259), np.int64(2259), np.int64(25029), np.int64(31797), np.int64(8654), np.int64(8654), np.int64(8654), np.int64(14002), np.int64(18646), np.int64(1349), np.int64(8654), np.int64(8654), np.int64(4729), np.int64(8654), np.int64(25029), np.int64(24613), np.int64(29549), np.int64(29091), np.int64(8654), np.int64(8654), np.int64(14605), np.int64(11909), np.int64(38123), np.int64(8654), np.int64(25029), np.int64(46270), np.int64(8654), np.int64(25029), np.int64(25029), np.int64(20566), np.int64(8654), np.int64(25029), np.int64(25029), np.int64(48401), np.int64(49820), np.int64(8654), np.int64(25029), np.int64(2737), np.int64(8654), np.int64(25029), np.int64(27664), np.int64(8654), np.int64(23141), np.int64(8654), np.int64(25029), np.int64(25029))","(1, 1, 1, 1, 1, 1, 1, 0, 1, 1, 1, 0, 0, 1, 1, 1, 1, 1, 1, 1, 1, 1, 1, 1, 0, 1, 0, 1, 1, 0, 1, 1, 1, 1, 1, 1, 1, 0, 0, 1, 1, 1, 1, 1, 1, 1, 0, 1, 1, 1)"
5.892946,50,78.523917,8,"(np.int64(8654), np.int64(8654), np.int64(34582), np.int64(807), np.int64(8654), np.int64(43998), np.int64(8654), np.int64(8654), np.int64(8654), np.int64(35359), np.int64(8654), np.int64(49896), np.int64(8654), np.int64(8654), np.int64(8654), np.int64(8654), np.int64(8654), np.int64(18906), np.int64(14381), np.int64(8654), np.int64(15790), np.int64(45901), np.int64(12007), np.int64(8654), np.int64(26836), np.int64(8654), np.int64(8654), np.int64(25029), np.int64(8654), np.int64(25029), np.int64(26673), np.int64(8654), np.int64(25029), np.int64(8654), np.int64(25029), np.int64(22499), np.int64(8654), np.int64(25029), np.int64(24204), np.int64(29363), np.int64(3693), np.int64(46874), np.int64(3693), np.int64(45932), np.int64(3693), np.int64(24900), np.int64(22272), np.int64(11666), np.int64(3693), np.int64(40462))","(1, 1, 0, 1, 1, 0, 1, 1, 1, 0, 1, 0, 1, 1, 1, 1, 1, 1, 1, 1, 0, 0, 1, 1, 0, 1, 1, 1, 1, 1, 1, 1, 1, 1, 1, 0, 1, 1, 0, 1, 1, 0, 1, 0, 1, 0, 0, 1, 1, 0)"
7.077699,50,79.038136,8,"(np.int64(3693), np.int64(3693), np.int64(6000), np.int64(41521), np.int64(3693), np.int64(3693), np.int64(3693), np.int64(3693), np.int64(21203), np.int64(3693), np.int64(3693), np.int64(3693), np.int64(3693), np.int64(43674), np.int64(3693), np.int64(3693), np.int64(3693), np.int64(31806), np.int64(3693), np.int64(3693), np.int64(527), np.int64(3693), np.int64(39066), np.int64(3693), np.int64(23870), np.int64(16884), np.int64(3693), np.int64(3693), np.int64(3693), np.int64(3693), np.int64(3693), np.int64(28745), np.int64(3693), np.int64(17753), np.int64(35397), np.int64(9724), np.int64(9724), np.int64(34623), np.int64(14039), np.int64(9724), np.int64(9724), np.int64(45452), np.int64(9724), np.int64(9724), np.int64(26833), np.int64(14690), np.int64(31111), np.int64(27166), np.int64(7332), np.int64(9724))","(1, 1, 1, 0, 1, 1, 1, 1, 1, 1, 1, 1, 1, 0, 1, 1, 1, 0, 1, 1, 1, 1, 0, 1, 1, 1, 1, 1, 1, 1, 1, 1, 1, 0, 0, 1, 1, 0, 1, 1, 1, 0, 1, 1, 0, 1, 0, 1, 1, 1)"
3.14476,50,79.574945,8,"(np.int64(49804), np.int64(9724), np.int64(9724), np.int64(9724), np.int64(6375), np.int64(9724), np.int64(9724), np.int64(23465), np.int64(9724), np.int64(9724), np.int64(9724), np.int64(9724), np.int64(9724), np.int64(9724), np.int64(9724), np.int64(9724), np.int64(9724), np.int64(9724), np.int64(39948), np.int64(9724), np.int64(43034), np.int64(31617), np.int64(9724), np.int64(45506), np.int64(17875), np.int64(48224), np.int64(9724), np.int64(9724), np.int64(9724), np.int64(44381), np.int64(9724), np.int64(25633), np.int64(9724), np.int64(9724), np.int64(9724), np.int64(34381), np.int64(39343), np.int64(28472), np.int64(9724), np.int64(45027), np.int64(45027), np.int64(26066), np.int64(30457), np.int64(9724), np.int64(30524), np.int64(45027), np.int64(45027), np.int64(22560), np.int64(45027), np.int64(5477))","(0, 1, 1, 1, 1, 1, 1, 1, 1, 1, 1, 1, 1, 1, 1, 1, 1, 1, 0, 1, 0, 0, 1, 0, 0, 0, 1, 1, 1, 0, 1, 0, 1, 1, 1, 0, 0, 0, 1, 0, 0, 1, 0, 1, 0, 0, 0, 0, 0, 1)"
10.426355,50,80.10486,2,"(np.int64(14665), np.int64(45027), np.int64(14665), np.int64(14665), np.int64(8499), np.int64(45027), np.int64(49328), np.int64(48646), np.int64(14665), np.int64(14665), np.int64(14665), np.int64(39016), np.int64(43986), np.int64(14665), np.int64(750), np.int64(14665), np.int64(45027), np.int64(14665), np.int64(14665), np.int64(34027), np.int64(19406), np.int64(14665), np.int64(29500), np.int64(14665), np.int64(541), np.int64(14665), np.int64(14665), np.int64(14665), np.int64(14665), np.int64(45027), np.int64(14665), np.int64(20154), np.int64(14665), np.int64(39120), np.int64(14665), np.int64(2564), np.int64(14665), np.int64(14665), np.int64(1863), np.int64(14665), np.int64(38799), np.int64(14665), np.int64(1863), np.int64(18229), np.int64(36444), np.int64(14665), np.int64(19091), np.int64(14665), np.int64(39216), np.int64(14665))","(1, 0, 1, 1, 1, 0, 1, 1, 1, 1, 1, 1, 0, 1, 1, 1, 0, 1, 1, 1, 1, 1, 0, 1, 1, 1, 1, 1, 1, 0, 1, 1, 1, 1, 1, 1, 1, 1, 1, 1, 0, 1, 1, 1, 1, 1, 1, 1, 0, 1)"
9.186315,50,80.636949,8,"(np.int64(14665), np.int64(11060), np.int64(34966), np.int64(14665), np.int64(14665), np.int64(14665), np.int64(11230), np.int64(14665), np.int64(45086), np.int64(1863), np.int64(48571), np.int64(1863), np.int64(1863), np.int64(8265), np.int64(1863), np.int64(21854), np.int64(41414), np.int64(8327), np.int64(8327), np.int64(10117), np.int64(8327), np.int64(8327), np.int64(9158), np.int64(8327), np.int64(8327), np.int64(8327), np.int64(8327), np.int64(8327), np.int64(8327), np.int64(8327), np.int64(1262), np.int64(551), np.int64(8327), np.int64(2612), np.int64(11645), np.int64(8327), np.int64(34313), np.int64(11285), np.int64(8327), np.int64(1262), np.int64(35895), np.int64(8327), np.int64(10273), np.int64(8327), np.int64(6324), np.int64(8327), np.int64(4481), np.int64(8327), np.int64(1262), np.int64(1262))","(1, 1, 0, 1, 1, 1, 1, 1, 0, 1, 0, 1, 1, 1, 1, 0, 0, 1, 1, 1, 1, 1, 1, 1, 1, 1, 1, 1, 1, 1, 1, 1, 1, 1, 1, 1, 0, 0, 1, 1, 0, 1, 1, 1, 1, 1, 1, 1, 1, 1)"
4.306524,50,81.154696,0,"(np.int64(24900), np.int64(31048), np.int64(8327), np.int64(16928), np.int64(31216), np.int64(8327), np.int64(1262), np.int64(29830), np.int64(42914), np.int64(23796), np.int64(1262), np.int64(1262), np.int64(8429), np.int64(1262), np.int64(1262), np.int64(1262), np.int64(32852), np.int64(1262), np.int64(1262), np.int64(1262), np.int64(1262), np.int64(14378), np.int64(1262), np.int64(1262), np.int64(7252), np.int64(13174), np.int64(6211), np.int64(28736), np.int64(28440), np.int64(1262), np.int64(1262), np.int64(5766), np.int64(7503), np.int64(1262), np.int64(1262), np.int64(1262), np.int64(45063), np.int64(24469), np.int64(48170), np.int64(8125), np.int64(8916), np.int64(1262), np.int64(7870), np.int64(1262), np.int64(1262), np.int64(3086), np.int64(1262), np.int64(42306), np.int64(1262), np.int64(3086))","(0, 0, 0, 0, 0, 0, 0, 0, 0, 0, 0, 0, 0, 0, 0, 0, 1, 0, 0, 0, 0, 0, 0, 0, 0, 1, 1, 0, 1, 0, 0, 0, 1, 0, 0, 0, 0, 0, 1, 0, 0, 0, 0, 0, 0, 0, 0, 0, 0, 0)"
12.342176,50,81.687636,2,"(np.int64(1262), np.int64(1262), np.int64(48964), np.int64(1262), np.int64(1262), np.int64(1262), np.int64(1262), np.int64(1262), np.int64(22382), np.int64(12604), np.int64(19619), np.int64(39291), np.int64(25127), np.int64(27159), np.int64(37223), np.int64(27159), np.int64(27159), np.int64(32927), np.int64(35310), np.int64(11038), np.int64(39213), np.int64(27159), np.int64(6008), np.int64(38612), np.int64(19619), np.int64(19619), np.int64(19619), np.int64(49246), np.int64(27159), np.int64(501), np.int64(32094), np.int64(29443), np.int64(38988), np.int64(27159), np.int64(9806), np.int64(11946), np.int64(27159), np.int64(27159), np.int64(3086), np.int64(27159), np.int64(3086), np.int64(27159), np.int64(3086), np.int64(32848), np.int64(27159), np.int64(3086), np.int64(27159), np.int64(32950), np.int64(27159), np.int64(31248))","(1, 1, 1, 1, 1, 1, 1, 1, 0, 1, 1, 1, 1, 1, 1, 1, 1, 0, 0, 1, 1, 1, 1, 0, 1, 1, 1, 1, 1, 1, 0, 0, 1, 1, 0, 1, 1, 1, 1, 1, 1, 1, 1, 1, 1, 1, 1, 1, 1, 1)"
8.9567,50,82.209784,4,"(np.int64(27159), np.int64(47085), np.int64(23885), np.int64(31155), np.int64(24850), np.int64(27159), np.int64(47434), np.int64(27159), np.int64(27159), np.int64(27159), np.int64(31267), np.int64(42587), np.int64(27159), np.int64(28009), np.int64(26266), np.int64(3086), np.int64(27159), np.int64(5672), np.int64(32490), np.int64(3086), np.int64(3464), np.int64(3086), np.int64(40825), np.int64(28901), np.int64(3086), np.int64(3086), np.int64(3086), np.int64(3086), np.int64(43055), np.int64(3086), np.int64(3086), np.int64(3086), np.int64(3086), np.int64(3086), np.int64(45258), np.int64(3086), np.int64(3086), np.int64(3473), np.int64(29420), np.int64(24506), np.int64(3086), np.int64(3086), np.int64(45627), np.int64(43570), np.int64(18298), np.int64(3086), np.int64(46313), np.int64(3086), np.int64(3086), np.int64(3086))","(1, 0, 0, 1, 1, 1, 1, 1, 1, 1, 1, 0, 1, 1, 1, 1, 1, 1, 0, 1, 1, 1, 0, 1, 1, 1, 1, 1, 0, 1, 1, 1, 1, 1, 0, 1, 1, 1, 0, 1, 1, 1, 0, 0, 1, 1, 1, 1, 1, 1)"
7.06071,50,82.750754,2,"(np.int64(3086), np.int64(3086), np.int64(3086), np.int64(3086), np.int64(3086), np.int64(3086), np.int64(32764), np.int64(37612), np.int64(40205), np.int64(3086), np.int64(3086), np.int64(3086), np.int64(5033), np.int64(3086), np.int64(3086), np.int64(30409), np.int64(3086), np.int64(3086), np.int64(3086), np.int64(3086), np.int64(3086), np.int64(3086), np.int64(1616), np.int64(15096), np.int64(34610), np.int64(23495), np.int64(23495), np.int64(13536), np.int64(23495), np.int64(27439), np.int64(23495), np.int64(23495), np.int64(23495), np.int64(23495), np.int64(23495), np.int64(25742), np.int64(23495), np.int64(23495), np.int64(23495), np.int64(23495), np.int64(2100), np.int64(13918), np.int64(23495), np.int64(23495), np.int64(45585), np.int64(23495), np.int64(45585), np.int64(23495), np.int64(45585), np.int64(23495))","(1, 1, 1, 1, 1, 1, 0, 0, 0, 1, 1, 1, 1, 1, 1, 0, 1, 1, 1, 1, 1, 1, 1, 1, 1, 1, 1, 1, 1, 1, 1, 1, 1, 1, 1, 1, 1, 1, 1, 1, 1, 1, 1, 1, 0, 1, 0, 1, 0, 1)"
1.525101,50,83.267728,0,"(np.int64(23495), np.int64(23495), np.int64(17916), np.int64(35039), np.int64(17916), np.int64(44837), np.int64(17916), np.int64(17916), np.int64(17916), np.int64(40831), np.int64(34505), np.int64(47760), np.int64(33515), np.int64(17916), np.int64(42574), np.int64(17916), np.int64(17916), np.int64(22935), np.int64(20387), np.int64(17916), np.int64(17916), np.int64(17916), np.int64(17916), np.int64(45585), np.int64(12320), np.int64(7077), np.int64(17916), np.int64(17916), np.int64(45585), np.int64(5582), np.int64(17916), np.int64(17916), np.int64(45585), np.int64(17916), np.int64(17916), np.int64(45585), np.int64(17916), np.int64(31670), np.int64(17916), np.int64(17595), np.int64(25818), np.int64(23813), np.int64(45730), np.int64(20680), np.int64(17916), np.int64(17916), np.int64(17916), np.int64(34198), np.int64(17916), np.int64(17916))","(0, 0, 0, 0, 0, 0, 0, 0, 0, 0, 0, 0, 0, 0, 0, 0, 0, 0, 0, 0, 0, 0, 0, 0, 1, 0, 0, 0, 0, 1, 0, 0, 0, 0, 0, 0, 0, 0, 0, 0, 0, 0, 0, 0, 0, 0, 0, 0, 0, 0)"
5.206504,50,83.808339,7,"(np.int64(17916), np.int64(23397), np.int64(17916), np.int64(21225), np.int64(48694), np.int64(17916), np.int64(17916), np.int64(26299), np.int64(17916), np.int64(17953), np.int64(49011), np.int64(17916), np.int64(48982), np.int64(17916), np.int64(14671), np.int64(39496), np.int64(17916), np.int64(17916), np.int64(25979), np.int64(17916), np.int64(10223), np.int64(17916), np.int64(17916), np.int64(17916), np.int64(17916), np.int64(17916), np.int64(17916), np.int64(17916), np.int64(17916), np.int64(16254), np.int64(17916), np.int64(4157), np.int64(17916), np.int64(17916), np.int64(17916), np.int64(17916), np.int64(17916), np.int64(17916), np.int64(17916), np.int64(26823), np.int64(17916), np.int64(21217), np.int64(17916), np.int64(21217), np.int64(21217), np.int64(24038), np.int64(17916), np.int64(21217), np.int64(21217), np.int64(21217))","(1, 0, 1, 0, 0, 1, 1, 1, 1, 1, 0, 1, 0, 1, 0, 0, 1, 1, 1, 1, 1, 1, 1, 1, 1, 1, 1, 1, 1, 1, 1, 1, 1, 1, 1, 1, 1, 1, 1, 0, 1, 1, 1, 1, 1, 1, 1, 1, 1, 1)"
11.120694,50,84.337532,7,"(np.int64(21217), np.int64(21217), np.int64(26599), np.int64(29518), np.int64(21217), np.int64(16197), np.int64(21217), np.int64(21217), np.int64(7112), np.int64(21217), np.int64(21217), np.int64(21217), np.int64(21217), np.int64(21217), np.int64(21217), np.int64(16592), np.int64(21217), np.int64(21847), np.int64(21217), np.int64(47811), np.int64(21217), np.int64(31226), np.int64(21217), np.int64(21217), np.int64(21217), np.int64(21217), np.int64(2649), np.int64(28242), np.int64(29604), np.int64(39611), np.int64(4896), np.int64(33946), np.int64(34545), np.int64(44530), np.int64(8379), np.int64(6750), np.int64(24068), np.int64(21217), np.int64(21217), np.int64(21217), np.int64(16323), np.int64(37703), np.int64(21760), np.int64(13775), np.int64(28146), np.int64(28146), np.int64(2126), np.int64(7872), np.int64(6712), np.int64(42029))","(1, 1, 1, 0, 1, 1, 1, 1, 1, 1, 1, 1, 1, 1, 1, 1, 1, 1, 1, 0, 1, 1, 1, 1, 1, 1, 0, 0, 1, 0, 1, 0, 0, 0, 1, 1, 1, 1, 1, 1, 1, 1, 1, 0, 1, 1, 1, 1, 1, 0)"
1.515637,50,84.875824,0,"(np.int64(10331), np.int64(10331), np.int64(10331), np.int64(3755), np.int64(10331), np.int64(10331), np.int64(10331), np.int64(10331), np.int64(34742), np.int64(46958), np.int64(10331), np.int64(10331), np.int64(47756), np.int64(47275), np.int64(38266), np.int64(28113), np.int64(40127), np.int64(10331), np.int64(42183), np.int64(5452), np.int64(10331), np.int64(10331), np.int64(10331), np.int64(70), np.int64(7271), np.int64(38775), np.int64(10331), np.int64(10331), np.int64(10331), np.int64(10331), np.int64(24046), np.int64(10331), np.int64(11114), np.int64(27951), np.int64(27951), np.int64(27951), np.int64(27951), np.int64(19510), np.int64(27951), np.int64(774), np.int64(27951), np.int64(27951), np.int64(33243), np.int64(24097), np.int64(27951), np.int64(42380), np.int64(32614), np.int64(27951), np.int64(20808), np.int64(46238))","(0, 0, 0, 0, 0, 0, 0, 0, 0, 0, 0, 0, 0, 0, 0, 0, 0, 0, 0, 0, 0, 0, 0, 0, 0, 0, 0, 0, 0, 0, 1, 0, 0, 0, 0, 0, 0, 0, 0, 1, 0, 0, 0, 0, 0, 0, 0, 0, 0, 0)"
8.514979,50,85.411359,5,"(np.int64(16839), np.int64(7122), np.int64(16839), np.int64(25692), np.int64(16839), np.int64(18928), np.int64(28069), np.int64(41223), np.int64(16839), np.int64(16839), np.int64(16839), np.int64(16590), np.int64(16839), np.int64(38770), np.int64(16839), np.int64(788), np.int64(23838), np.int64(24875), np.int64(21954), np.int64(16839), np.int64(788), np.int64(788), np.int64(788), np.int64(788), np.int64(788), np.int64(45495), np.int64(788), np.int64(788), np.int64(788), np.int64(788), np.int64(788), np.int64(24046), np.int64(788), np.int64(788), np.int64(24046), np.int64(16590), np.int64(16590), np.int64(16590), np.int64(16590), np.int64(16590), np.int64(16590), np.int64(16590), np.int64(37073), np.int64(11788), np.int64(19226), np.int64(47829), np.int64(40774), np.int64(40774), np.int64(40774), np.int64(40774))","(1, 1, 1, 0, 1, 1, 0, 1, 1, 1, 1, 1, 1, 0, 1, 1, 1, 0, 1, 1, 1, 1, 1, 1, 1, 1, 1, 1, 1, 1, 1, 1, 1, 1, 1, 1, 1, 1, 1, 1, 1, 1, 1, 0, 1, 1, 1, 1, 1, 1)"
8.140369,50,85.962689,1,"(np.int64(34262), np.int64(40774), np.int64(40774), np.int64(19803), np.int64(40774), np.int64(40774), np.int64(600), np.int64(40774), np.int64(40774), np.int64(17170), np.int64(40774), np.int64(40774), np.int64(24046), np.int64(40774), np.int64(24046), np.int64(40774), np.int64(24046), np.int64(40774), np.int64(24046), np.int64(40774), np.int64(24046), np.int64(40774), np.int64(24046), np.int64(18983), np.int64(40774), np.int64(24046), np.int64(24046), np.int64(492), np.int64(40774), np.int64(11891), np.int64(5794), np.int64(14045), np.int64(3516), np.int64(3516), np.int64(3516), np.int64(3516), np.int64(24046), np.int64(24046), np.int64(24046), np.int64(24046), np.int64(24046), np.int64(2513), np.int64(34767), np.int64(24046), np.int64(46418), np.int64(24046), np.int64(24046), np.int64(24046), np.int64(40873), np.int64(24046))","(1, 1, 1, 1, 1, 1, 1, 1, 1, 0, 1, 1, 1, 1, 1, 1, 1, 1, 1, 1, 1, 1, 1, 1, 1, 1, 1, 1, 1, 1, 1, 1, 1, 1, 1, 1, 1, 1, 1, 1, 1, 1, 0, 1, 0, 1, 1, 1, 0, 1)"
5.00621,50,86.497161,7,"(np.int64(1771), np.int64(9666), np.int64(1771), np.int64(1771), np.int64(29006), np.int64(48531), np.int64(1771), np.int64(24046), np.int64(13612), np.int64(1771), np.int64(24046), np.int64(26353), np.int64(1771), np.int64(24046), np.int64(24046), np.int64(49926), np.int64(24046), np.int64(38941), np.int64(46315), np.int64(7810), np.int64(1771), np.int64(32698), np.int64(7810), np.int64(7810), np.int64(7810), np.int64(7810), np.int64(46739), np.int64(16883), np.int64(39308), np.int64(7810), np.int64(7810), np.int64(7810), np.int64(24984), np.int64(7810), np.int64(28332), np.int64(7810), np.int64(43751), np.int64(7810), np.int64(7810), np.int64(7810), np.int64(16952), np.int64(7810), np.int64(7810), np.int64(7810), np.int64(7810), np.int64(7810), np.int64(7810), np.int64(7810), np.int64(48682), np.int64(7810))","(1, 1, 1, 1, 1, 0, 1, 1, 1, 1, 1, 0, 1, 1, 1, 0, 1, 0, 0, 1, 1, 0, 1, 1, 1, 1, 0, 1, 0, 1, 1, 1, 0, 1, 0, 1, 0, 1, 1, 1, 1, 1, 1, 1, 1, 1, 1, 1, 0, 1)"
8.025081,50,87.034823,4,"(np.int64(1771), np.int64(31951), np.int64(1771), np.int64(18443), np.int64(18443), np.int64(13636), np.int64(18443), np.int64(18443), np.int64(20905), np.int64(18443), np.int64(47077), np.int64(18443), np.int64(26449), np.int64(18443), np.int64(18443), np.int64(18443), np.int64(20507), np.int64(31618), np.int64(7936), np.int64(14305), np.int64(18443), np.int64(18443), np.int64(13302), np.int64(18443), np.int64(18443), np.int64(38025), np.int64(18443), np.int64(32876), np.int64(18443), np.int64(9028), np.int64(18443), np.int64(13302), np.int64(237), np.int64(35641), np.int64(4407), np.int64(18443), np.int64(13302), np.int64(18443), np.int64(13302), np.int64(18443), np.int64(21774), np.int64(18443), np.int64(48027), np.int64(18443), np.int64(12282), np.int64(13302), np.int64(13302), np.int64(11615), np.int64(13302), np.int64(13302))","(1, 0, 1, 1, 1, 1, 1, 1, 1, 1, 0, 1, 0, 1, 1, 1, 1, 0, 1, 1, 1, 1, 1, 1, 1, 0, 1, 0, 1, 1, 1, 1, 1, 1, 1, 1, 1, 1, 1, 1, 0, 1, 0, 1, 0, 1, 1, 1, 1, 1)"
13.844118,50,87.552421,5,"(np.int64(1967), np.int64(1967), np.int64(13302), np.int64(37141), np.int64(27898), np.int64(15304), np.int64(15304), np.int64(34806), np.int64(15304), np.int64(47174), np.int64(15304), np.int64(24442), np.int64(27444), np.int64(16812), np.int64(21865), np.int64(15304), np.int64(13302), np.int64(24442), np.int64(36954), np.int64(15304), np.int64(13302), np.int64(43431), np.int64(7301), np.int64(15304), np.int64(18313), np.int64(41482), np.int64(10149), np.int64(15304), np.int64(13302), np.int64(27313), np.int64(12051), np.int64(15304), np.int64(4934), np.int64(15304), np.int64(6210), np.int64(44787), np.int64(49424), np.int64(15304), np.int64(36209), np.int64(6210), np.int64(6210), np.int64(28024), np.int64(15304), np.int64(4199), np.int64(6607), np.int64(15304), np.int64(10877), np.int64(13302), np.int64(13302), np.int64(13302))","(1, 1, 1, 1, 1, 1, 1, 0, 1, 1, 1, 1, 0, 1, 1, 1, 1, 1, 1, 1, 1, 0, 1, 1, 0, 0, 1, 1, 1, 1, 1, 1, 1, 1, 1, 0, 1, 1, 0, 1, 1, 1, 1, 1, 1, 1, 1, 1, 1, 1)"
0.0,50,88.089343,0,"(np.int64(15304), np.int64(40519), np.int64(15304), np.int64(15304), np.int64(15304), np.int64(15304), np.int64(15304), np.int64(13302), np.int64(18814), np.int64(15304), np.int64(13302), np.int64(15304), np.int64(22963), np.int64(43112), np.int64(15304), np.int64(24442), np.int64(24442), np.int64(6875), np.int64(8814), np.int64(9873), np.int64(24442), np.int64(24442), np.int64(37710), np.int64(24442), np.int64(3283), np.int64(24442), np.int64(41618), np.int64(24442), np.int64(40223), np.int64(35517), np.int64(24442), np.int64(1887), np.int64(38415), np.int64(15304), np.int64(24442), np.int64(45298), np.int64(24442), np.int64(24442), np.int64(47337), np.int64(24442), np.int64(24442), np.int64(13533), np.int64(24442), np.int64(24442), np.int64(5025), np.int64(24913), np.int64(43671), np.int64(15304), np.int64(24442), np.int64(4957))","(0, 0, 0, 0, 0, 0, 0, 0, 0, 0, 0, 0, 0, 0, 0, 0, 0, 0, 0, 0, 0, 0, 0, 0, 0, 0, 0, 0, 0, 0, 0, 0, 0, 0, 0, 0, 0, 0, 0, 0, 0, 0, 0, 0, 0, 0, 0, 0, 0, 0)"
8.093664,50,88.618465,5,"(np.int64(1715), np.int64(15304), np.int64(15304), np.int64(15304), np.int64(15304), np.int64(15304), np.int64(35257), np.int64(15304), np.int64(15304), np.int64(15304), np.int64(15304), np.int64(15304), np.int64(15304), np.int64(4957), np.int64(22231), np.int64(15304), np.int64(15304), np.int64(4957), np.int64(15304), np.int64(41249), np.int64(31643), np.int64(15304), np.int64(15304), np.int64(4957), np.int64(15304), np.int64(4957), np.int64(15304), np.int64(4957), np.int64(15304), np.int64(4957), np.int64(4957), np.int64(33154), np.int64(15304), np.int64(47578), np.int64(38507), np.int64(15304), np.int64(46877), np.int64(15304), np.int64(49166), np.int64(15158), np.int64(13666), np.int64(9070), np.int64(27563), np.int64(15304), np.int64(46285), np.int64(29157), np.int64(29157), np.int64(15304), np.int64(4957), np.int64(4957))","(1, 1, 1, 1, 1, 1, 0, 1, 1, 1, 1, 1, 1, 1, 1, 1, 1, 1, 1, 1, 1, 1, 1, 1, 1, 1, 1, 1, 1, 1, 1, 1, 1, 0, 0, 1, 1, 1, 0, 1, 1, 1, 0, 1, 1, 1, 1, 1, 1, 1)"
13.137803,50,89.155146,5,"(np.int64(39927), np.int64(15304), np.int64(46598), np.int64(28341), np.int64(18747), np.int64(29157), np.int64(29157), np.int64(29157), np.int64(29157), np.int64(29157), np.int64(10545), np.int64(37717), np.int64(29157), np.int64(465), np.int64(29157), np.int64(29157), np.int64(18686), np.int64(139), np.int64(29157), np.int64(42729), np.int64(18686), np.int64(29157), np.int64(45528), np.int64(12797), np.int64(38507), np.int64(29157), np.int64(43157), np.int64(29157), np.int64(22444), np.int64(29157), np.int64(9985), np.int64(15187), np.int64(4761), np.int64(29157), np.int64(49510), np.int64(23903), np.int64(29157), np.int64(29157), np.int64(31421), np.int64(29157), np.int64(29157), np.int64(32040), np.int64(29157), np.int64(18686), np.int64(29157), np.int64(16037), np.int64(31258), np.int64(7925), np.int64(1095), np.int64(29157))","(1, 1, 0, 0, 1, 1, 1, 1, 1, 1, 1, 1, 1, 1, 1, 1, 1, 1, 1, 1, 1, 1, 0, 1, 0, 1, 0, 1, 0, 1, 0, 1, 1, 1, 1, 1, 1, 1, 1, 1, 1, 1, 1, 1, 1, 1, 1, 0, 1, 1)"
7.292292,50,89.72736,5,"(np.int64(29157), np.int64(9330), np.int64(39038), np.int64(9876), np.int64(10966), np.int64(29157), np.int64(12741), np.int64(29157), np.int64(28279), np.int64(21147), np.int64(29924), np.int64(29157), np.int64(29157), np.int64(15461), np.int64(29157), np.int64(29157), np.int64(29157), np.int64(29157), np.int64(29157), np.int64(29157), np.int64(29157), np.int64(29157), np.int64(29157), np.int64(29157), np.int64(29157), np.int64(1539), np.int64(29157), np.int64(29157), np.int64(29157), np.int64(40672), np.int64(37805), np.int64(29157), np.int64(18686), np.int64(43440), np.int64(29157), np.int64(29802), np.int64(18686), np.int64(29157), np.int64(3809), np.int64(18686), np.int64(18686), np.int64(18686), np.int64(18686), np.int64(18686), np.int64(19127), np.int64(18686), np.int64(18686), np.int64(18686), np.int64(40480), np.int64(18686))","(1, 1, 0, 1, 1, 1, 1, 1, 0, 1, 0, 1, 1, 1, 1, 1, 1, 1, 1, 1, 1, 1, 1, 1, 1, 1, 1, 1, 1, 0, 1, 1, 1, 0, 1, 0, 1, 1, 1, 1, 1, 1, 1, 1, 0, 1, 1, 1, 0, 1)"
10.461994,50,90.265708,5,"(np.int64(29157), np.int64(29157), np.int64(29157), np.int64(18686), np.int64(29157), np.int64(18686), np.int64(18686), np.int64(24897), np.int64(6210), np.int64(29157), np.int64(11766), np.int64(39372), np.int64(40516), np.int64(6210), np.int64(6210), np.int64(6210), np.int64(6210), np.int64(6210), np.int64(6210), np.int64(30318), np.int64(49570), np.int64(6210), np.int64(6210), np.int64(1566), np.int64(19709), np.int64(1892), np.int64(19751), np.int64(6210), np.int64(41519), np.int64(6210), np.int64(6210), np.int64(6210), np.int64(6210), np.int64(20762), np.int64(44972), np.int64(2810), np.int64(20390), np.int64(478), np.int64(478), np.int64(478), np.int64(478), np.int64(478), np.int64(478), np.int64(478), np.int64(478), np.int64(478), np.int64(4229), np.int64(106), np.int64(32527), np.int64(2810))","(1, 1, 1, 1, 1, 1, 1, 0, 1, 1, 1, 1, 0, 1, 1, 1, 1, 1, 1, 0, 1, 1, 1, 1, 1, 1, 1, 1, 0, 1, 1, 1, 1, 1, 0, 1, 1, 1, 1, 1, 1, 1, 1, 1, 1, 1, 1, 1, 0, 1)"
0.806582,50,90.797761,0,"(np.int64(33389), np.int64(22137), np.int64(2810), np.int64(2810), np.int64(2810), np.int64(2810), np.int64(2810), np.int64(22496), np.int64(2810), np.int64(26514), np.int64(14181), np.int64(2810), np.int64(36881), np.int64(2810), np.int64(27814), np.int64(2810), np.int64(2810), np.int64(2810), np.int64(2810), np.int64(26), np.int64(2810), np.int64(2810), np.int64(2810), np.int64(2810), np.int64(4035), np.int64(2810), np.int64(2810), np.int64(2810), np.int64(2810), np.int64(2810), np.int64(6210), np.int64(6210), np.int64(2810), np.int64(6210), np.int64(6210), np.int64(6210), np.int64(18719), np.int64(11743), np.int64(6346), np.int64(36003), np.int64(11743), np.int64(11743), np.int64(11743), np.int64(41958), np.int64(11743), np.int64(11743), np.int64(11743), np.int64(11743), np.int64(11743), np.int64(11743))","(0, 0, 0, 0, 0, 0, 0, 0, 0, 0, 1, 0, 0, 0, 0, 0, 0, 0, 0, 0, 0, 0, 0, 0, 0, 0, 0, 0, 0, 0, 0, 0, 0, 0, 0, 0, 0, 0, 0, 0, 0, 0, 0, 0, 0, 0, 0, 0, 0, 0)"
9.49155,50,91.340619,2,"(np.int64(11743), np.int64(47235), np.int64(3038), np.int64(21829), np.int64(35953), np.int64(17412), np.int64(21829), np.int64(21829), np.int64(11743), np.int64(11743), np.int64(11743), np.int64(11743), np.int64(11743), np.int64(11743), np.int64(11743), np.int64(11743), np.int64(11743), np.int64(11743), np.int64(5619), np.int64(11743), np.int64(470), np.int64(470), np.int64(4123), np.int64(39538), np.int64(470), np.int64(470), np.int64(43604), np.int64(470), np.int64(44318), np.int64(30449), np.int64(470), np.int64(470), np.int64(39882), np.int64(470), np.int64(470), np.int64(470), np.int64(29155), np.int64(29599), np.int64(470), np.int64(18909), np.int64(1280), np.int64(470), np.int64(21450), np.int64(470), np.int64(5574), np.int64(470), np.int64(470), np.int64(470), np.int64(11666), np.int64(470))","(1, 0, 1, 0, 1, 1, 0, 0, 1, 1, 1, 1, 1, 1, 1, 1, 1, 1, 1, 1, 1, 1, 1, 1, 1, 1, 0, 1, 0, 0, 1, 1, 0, 1, 1, 1, 1, 1, 1, 1, 1, 1, 0, 1, 1, 1, 1, 1, 1, 1)"
8.288113,50,91.866622,4,"(np.int64(470), np.int64(34088), np.int64(470), np.int64(470), np.int64(470), np.int64(470), np.int64(35904), np.int64(42327), np.int64(32250), np.int64(11666), np.int64(6169), np.int64(11666), np.int64(11666), np.int64(11666), np.int64(11666), np.int64(11666), np.int64(11666), np.int64(11475), np.int64(470), np.int64(8571), np.int64(470), np.int64(11666), np.int64(42293), np.int64(470), np.int64(470), np.int64(470), np.int64(470), np.int64(470), np.int64(25209), np.int64(47156), np.int64(29320), np.int64(5015), np.int64(29320), np.int64(29320), np.int64(12803), np.int64(29320), np.int64(29320), np.int64(29320), np.int64(29320), np.int64(29320), np.int64(1981), np.int64(5204), np.int64(29320), np.int64(29320), np.int64(1981), np.int64(42898), np.int64(29320), np.int64(9632), np.int64(29320), np.int64(40915))","(1, 1, 1, 1, 1, 1, 1, 0, 0, 1, 1, 1, 1, 1, 1, 1, 1, 1, 1, 1, 1, 1, 0, 1, 1, 1, 1, 1, 0, 0, 1, 1, 1, 1, 1, 1, 1, 1, 1, 1, 1, 1, 1, 1, 1, 0, 1, 1, 1, 0)"
2.291952,50,92.403498,0,"(np.int64(3119), np.int64(3119), np.int64(29320), np.int64(36387), np.int64(23840), np.int64(22234), np.int64(3602), np.int64(3602), np.int64(3602), np.int64(3602), np.int64(29320), np.int64(29320), np.int64(3602), np.int64(29320), np.int64(29320), np.int64(5515), np.int64(3602), np.int64(19666), np.int64(3602), np.int64(29320), np.int64(3602), np.int64(29320), np.int64(29320), np.int64(29320), np.int64(29320), np.int64(29320), np.int64(21609), np.int64(3602), np.int64(3602), np.int64(29320), np.int64(21609), np.int64(3602), np.int64(21609), np.int64(37384), np.int64(3602), np.int64(8173), np.int64(29135), np.int64(5577), np.int64(3119), np.int64(29135), np.int64(3119), np.int64(42557), np.int64(3119), np.int64(29135), np.int64(29135), np.int64(7517), np.int64(3119), np.int64(21609), np.int64(21609), np.int64(21609))","(0, 0, 0, 0, 1, 0, 1, 1, 1, 1, 0, 0, 1, 0, 0, 0, 1, 1, 1, 0, 1, 0, 0, 0, 0, 0, 0, 1, 1, 0, 0, 1, 0, 0, 1, 0, 0, 0, 0, 0, 0, 0, 0, 0, 0, 0, 0, 0, 0, 0)"
7.032631,50,92.920546,4,"(np.int64(3119), np.int64(3119), np.int64(3119), np.int64(3119), np.int64(29135), np.int64(41379), np.int64(3119), np.int64(16951), np.int64(3119), np.int64(21609), np.int64(40602), np.int64(21505), np.int64(3119), np.int64(37344), np.int64(28176), np.int64(30799), np.int64(3119), np.int64(21609), np.int64(49858), np.int64(21609), np.int64(31486), np.int64(3119), np.int64(21609), np.int64(21609), np.int64(21609), np.int64(24470), np.int64(21171), np.int64(21609), np.int64(21609), np.int64(23132), np.int64(21609), np.int64(21609), np.int64(21609), np.int64(43785), np.int64(45274), np.int64(21609), np.int64(44191), np.int64(21609), np.int64(21609), np.int64(39148), np.int64(11002), np.int64(21609), np.int64(21609), np.int64(21609), np.int64(2076), np.int64(21609), np.int64(4624), np.int64(21609), np.int64(2067), np.int64(29069))","(1, 1, 1, 1, 1, 0, 1, 1, 1, 0, 0, 1, 1, 1, 0, 0, 1, 0, 0, 0, 0, 1, 0, 0, 0, 1, 0, 0, 0, 0, 0, 0, 0, 0, 0, 0, 0, 0, 0, 0, 1, 0, 0, 0, 1, 0, 1, 0, 1, 1)"
8.607455,50,93.464203,1,"(np.int64(2948), np.int64(2948), np.int64(2948), np.int64(2948), np.int64(2948), np.int64(2948), np.int64(2948), np.int64(23906), np.int64(17446), np.int64(928), np.int64(2948), np.int64(2948), np.int64(2948), np.int64(2948), np.int64(2948), np.int64(23090), np.int64(2948), np.int64(2948), np.int64(2948), np.int64(28442), np.int64(36020), np.int64(2948), np.int64(2948), np.int64(2948), np.int64(2948), np.int64(35271), np.int64(16294), np.int64(2948), np.int64(1957), np.int64(2948), np.int64(24881), np.int64(10355), np.int64(37461), np.int64(2948), np.int64(8472), np.int64(2948), np.int64(37954), np.int64(2948), np.int64(45076), np.int64(2948), np.int64(37954), np.int64(37954), np.int64(2619), np.int64(2948), np.int64(43741), np.int64(37954), np.int64(37954), np.int64(37954), np.int64(37954), np.int64(27554))","(1, 1, 1, 1, 1, 1, 1, 1, 1, 1, 1, 1, 1, 1, 1, 0, 1, 1, 1, 1, 0, 1, 1, 1, 1, 1, 1, 1, 1, 1, 1, 1, 1, 1, 1, 1, 0, 1, 0, 1, 0, 0, 1, 1, 0, 0, 0, 0, 0, 0)"
7.584844,50,93.983786,6,"(np.int64(37954), np.int64(37954), np.int64(37954), np.int64(37954), np.int64(24662), np.int64(37954), np.int64(37954), np.int64(37954), np.int64(37954), np.int64(45239), np.int64(11638), np.int64(37954), np.int64(37954), np.int64(3820), np.int64(37954), np.int64(37954), np.int64(38776), np.int64(37954), np.int64(37954), np.int64(37954), np.int64(10075), np.int64(37954), np.int64(37954), np.int64(24140), np.int64(37954), np.int64(2668), np.int64(37954), np.int64(37954), np.int64(37954), np.int64(12667), np.int64(37954), np.int64(37954), np.int64(37954), np.int64(37954), np.int64(22066), np.int64(21077), np.int64(16422), np.int64(4858), np.int64(37954), np.int64(14643), np.int64(37954), np.int64(14643), np.int64(3119), np.int64(3119), np.int64(20410), np.int64(14471), np.int64(3119), np.int64(3119), np.int64(3119), np.int64(3119))","(0, 0, 0, 0, 1, 0, 0, 0, 0, 0, 1, 0, 0, 1, 0, 0, 0, 0, 0, 0, 1, 0, 0, 0, 0, 1, 0, 0, 0, 0, 0, 0, 0, 0, 1, 1, 0, 1, 0, 1, 0, 1, 1, 1, 1, 1, 1, 1, 1, 1)"
7.034387,50,94.513272,3,"(np.int64(3119), np.int64(14950), np.int64(3119), np.int64(3119), np.int64(3119), np.int64(3119), np.int64(3119), np.int64(3119), np.int64(3119), np.int64(3119), np.int64(7878), np.int64(36307), np.int64(7571), np.int64(14715), np.int64(3119), np.int64(3119), np.int64(3119), np.int64(3119), np.int64(32661), np.int64(3119), np.int64(3119), np.int64(44553), np.int64(3119), np.int64(3119), np.int64(3119), np.int64(5454), np.int64(3119), np.int64(3119), np.int64(7129), np.int64(12207), np.int64(28240), np.int64(3119), np.int64(20237), np.int64(3119), np.int64(20237), np.int64(3119), np.int64(20237), np.int64(20237), np.int64(3119), np.int64(20237), np.int64(20237), np.int64(20237), np.int64(20237), np.int64(20237), np.int64(20237), np.int64(20237), np.int64(20237), np.int64(20237), np.int64(1981), np.int64(1981))","(1, 1, 1, 1, 1, 1, 1, 1, 1, 1, 1, 1, 1, 1, 1, 1, 1, 1, 1, 1, 1, 0, 1, 1, 1, 1, 1, 1, 1, 1, 0, 1, 1, 1, 1, 1, 1, 1, 1, 1, 1, 1, 1, 1, 1, 1, 1, 1, 1, 1)"
8.810744,50,95.028357,6,"(np.int64(37805), np.int64(37805), np.int64(36491), np.int64(2890), np.int64(37805), np.int64(29093), np.int64(37805), np.int64(37805), np.int64(37805), np.int64(18657), np.int64(7802), np.int64(18657), np.int64(8825), np.int64(18657), np.int64(18657), np.int64(18657), np.int64(29496), np.int64(18657), np.int64(42108), np.int64(18657), np.int64(18657), np.int64(18657), np.int64(39937), np.int64(18657), np.int64(7443), np.int64(18657), np.int64(18657), np.int64(24040), np.int64(19762), np.int64(37805), np.int64(37805), np.int64(37805), np.int64(37805), np.int64(37805), np.int64(30650), np.int64(37805), np.int64(20908), np.int64(37805), np.int64(37576), np.int64(5576), np.int64(5576), np.int64(5576), np.int64(29758), np.int64(5576), np.int64(4755), np.int64(5576), np.int64(5576), np.int64(11535), np.int64(5576), np.int64(5576))","(1, 1, 1, 1, 1, 1, 1, 1, 1, 1, 0, 1, 1, 1, 1, 1, 1, 1, 0, 1, 1, 1, 0, 1, 1, 1, 1, 1, 0, 1, 1, 1, 1, 1, 0, 1, 1, 1, 1, 1, 1, 1, 0, 1, 1, 1, 1, 1, 1, 1)"
5.616452,50,95.562738,4,"(np.int64(5576), np.int64(5576), np.int64(5576), np.int64(5576), np.int64(8092), np.int64(5576), np.int64(5576), np.int64(5576), np.int64(5576), np.int64(5576), np.int64(5576), np.int64(22436), np.int64(5576), np.int64(5576), np.int64(24065), np.int64(5576), np.int64(5576), np.int64(621), np.int64(5576), np.int64(5576), np.int64(5576), np.int64(5576), np.int64(5576), np.int64(5576), np.int64(1981), np.int64(5576), np.int64(5576), np.int64(1981), np.int64(5576), np.int64(3110), np.int64(5576), np.int64(1981), np.int64(37616), np.int64(19374), np.int64(5576), np.int64(10042), np.int64(20987), np.int64(20987), np.int64(45621), np.int64(20987), np.int64(20987), np.int64(20987), np.int64(20987), np.int64(20987), np.int64(20987), np.int64(20987), np.int64(20987), np.int64(20987), np.int64(20987), np.int64(20987))","(1, 1, 1, 1, 1, 1, 1, 1, 1, 1, 1, 0, 1, 1, 0, 1, 1, 1, 1, 1, 1, 1, 1, 1, 1, 1, 1, 1, 1, 1, 1, 1, 1, 1, 1, 1, 1, 1, 0, 1, 1, 1, 1, 1, 1, 1, 1, 1, 1, 1)"
14.078458,50,96.096713,2,"(np.int64(20987), np.int64(20987), np.int64(36485), np.int64(36485), np.int64(36485), np.int64(1602), np.int64(36485), np.int64(16770), np.int64(36485), np.int64(36485), np.int64(42376), np.int64(36485), np.int64(36485), np.int64(36485), np.int64(4992), np.int64(11242), np.int64(36485), np.int64(36485), np.int64(14643), np.int64(6790), np.int64(6790), np.int64(25228), np.int64(8343), np.int64(8343), np.int64(26194), np.int64(8343), np.int64(26973), np.int64(12099), np.int64(8343), np.int64(29726), np.int64(46183), np.int64(8343), np.int64(19495), np.int64(8343), np.int64(8343), np.int64(6790), np.int64(6790), np.int64(8343), np.int64(6790), np.int64(6790), np.int64(36181), np.int64(8343), np.int64(12750), np.int64(31644), np.int64(8343), np.int64(6790), np.int64(18636), np.int64(5302), np.int64(8343), np.int64(5302))","(1, 1, 1, 1, 1, 1, 1, 1, 1, 1, 1, 1, 1, 1, 1, 1, 1, 1, 1, 1, 1, 1, 1, 1, 1, 1, 0, 1, 1, 1, 1, 1, 1, 1, 1, 1, 1, 1, 1, 1, 1, 1, 1, 1, 1, 1, 1, 1, 1, 1)"
9.466213,50,96.635343,2,"(np.int64(14054), np.int64(14007), np.int64(8343), np.int64(8343), np.int64(49045), np.int64(6158), np.int64(5302), np.int64(5302), np.int64(5302), np.int64(5302), np.int64(5302), np.int64(5302), np.int64(21723), np.int64(5302), np.int64(5302), np.int64(5302), np.int64(5302), np.int64(5302), np.int64(5302), np.int64(5302), np.int64(5302), np.int64(5302), np.int64(10581), np.int64(22020), np.int64(28556), np.int64(5302), np.int64(5302), np.int64(45768), np.int64(27473), np.int64(5302), np.int64(24120), np.int64(5302), np.int64(37141), np.int64(5302), np.int64(35259), np.int64(5302), np.int64(42823), np.int64(37141), np.int64(8343), np.int64(8343), np.int64(37338), np.int64(30176), np.int64(8343), np.int64(8343), np.int64(6790), np.int64(8343), np.int64(23947), np.int64(8343), np.int64(6790), np.int64(47287))","(1, 1, 1, 1, 1, 1, 1, 1, 1, 1, 1, 1, 1, 1, 1, 1, 1, 1, 1, 1, 1, 1, 1, 1, 1, 1, 1, 0, 0, 1, 0, 1, 1, 1, 0, 1, 0, 1, 1, 1, 1, 0, 1, 1, 1, 1, 1, 1, 1, 1)"
10.763618,50,97.163277,3,"(np.int64(8343), np.int64(49537), np.int64(6790), np.int64(6790), np.int64(19234), np.int64(6790), np.int64(49850), np.int64(6790), np.int64(23353), np.int64(6790), np.int64(2187), np.int64(2780), np.int64(6790), np.int64(2187), np.int64(2187), np.int64(2187), np.int64(2187), np.int64(10959), np.int64(2187), np.int64(19557), np.int64(2187), np.int64(22821), np.int64(2187), np.int64(8106), np.int64(2187), np.int64(2187), np.int64(2187), np.int64(2187), np.int64(2187), np.int64(16596), np.int64(37382), np.int64(8682), np.int64(2187), np.int64(29582), np.int64(2187), np.int64(2187), np.int64(29423), np.int64(7906), np.int64(6790), np.int64(6790), np.int64(20542), np.int64(36126), np.int64(6790), np.int64(6790), np.int64(6790), np.int64(80), np.int64(6790), np.int64(37141), np.int64(6790), np.int64(37141))","(1, 1, 1, 1, 1, 1, 0, 1, 1, 1, 1, 1, 1, 1, 1, 1, 1, 1, 1, 1, 1, 0, 1, 1, 1, 1, 1, 1, 1, 1, 1, 1, 1, 1, 1, 1, 0, 1, 1, 1, 1, 1, 1, 1, 1, 1, 1, 1, 1, 1)"
8.986449,50,97.703309,4,"(np.int64(4509), np.int64(6790), np.int64(6790), np.int64(6790), np.int64(6790), np.int64(6790), np.int64(6790), np.int64(6790), np.int64(32556), np.int64(6790), np.int64(46476), np.int64(6790), np.int64(6790), np.int64(37141), np.int64(6790), np.int64(6790), np.int64(9283), np.int64(4509), np.int64(7437), np.int64(6128), np.int64(19973), np.int64(23875), np.int64(4509), np.int64(4509), np.int64(4509), np.int64(4509), np.int64(23385), np.int64(47913), np.int64(4509), np.int64(4509), np.int64(7474), np.int64(4509), np.int64(4509), np.int64(4509), np.int64(45168), np.int64(4509), np.int64(12801), np.int64(4509), np.int64(4509), np.int64(45693), np.int64(22453), np.int64(4509), np.int64(4509), np.int64(4509), np.int64(8532), np.int64(4509), np.int64(4509), np.int64(8532), np.int64(4509), np.int64(38678))","(1, 1, 1, 1, 1, 1, 1, 1, 0, 1, 1, 1, 1, 1, 1, 1, 1, 1, 1, 1, 1, 1, 1, 1, 1, 1, 1, 0, 1, 1, 1, 1, 1, 1, 1, 1, 1, 1, 1, 0, 0, 1, 1, 1, 1, 1, 1, 1, 1, 1)"
5.472443,50,98.238532,1,"(np.int64(4509), np.int64(4509), np.int64(8295), np.int64(4509), np.int64(4509), np.int64(4509), np.int64(22718), np.int64(4509), np.int64(4509), np.int64(4509), np.int64(26915), np.int64(4509), np.int64(4408), np.int64(4509), np.int64(38821), np.int64(42140), np.int64(19903), np.int64(4509), np.int64(4509), np.int64(4509), np.int64(4509), np.int64(4509), np.int64(4509), np.int64(4509), np.int64(8532), np.int64(4509), np.int64(4509), np.int64(8532), np.int64(4509), np.int64(4509), np.int64(8532), np.int64(3819), np.int64(3819), np.int64(3819), np.int64(3819), np.int64(3819), np.int64(3819), np.int64(3819), np.int64(3819), np.int64(3819), np.int64(11411), np.int64(3819), np.int64(3819), np.int64(28160), np.int64(6691), np.int64(44947), np.int64(3819), np.int64(3819), np.int64(3819), np.int64(3819))","(1, 1, 1, 1, 1, 1, 0, 1, 1, 1, 0, 1, 1, 1, 0, 0, 1, 1, 1, 1, 1, 1, 1, 1, 1, 1, 1, 1, 1, 1, 1, 1, 1, 1, 1, 1, 1, 1, 1, 1, 1, 1, 1, 0, 1, 0, 1, 1, 1, 1)"
4.12827,50,98.778863,3,"(np.int64(3819), np.int64(3819), np.int64(3819), np.int64(22440), np.int64(3819), np.int64(3819), np.int64(31628), np.int64(3819), np.int64(3819), np.int64(46010), np.int64(42221), np.int64(41663), np.int64(3819), np.int64(34531), np.int64(45198), np.int64(3819), np.int64(3819), np.int64(3819), np.int64(3819), np.int64(48946), np.int64(3819), np.int64(3819), np.int64(39613), np.int64(3819), np.int64(3819), np.int64(3819), np.int64(3819), np.int64(3819), np.int64(42869), np.int64(8554), np.int64(3819), np.int64(3819), np.int64(3819), np.int64(20458), np.int64(20944), np.int64(3819), np.int64(3819), np.int64(8532), np.int64(3819), np.int64(8532), np.int64(8532), np.int64(48017), np.int64(48017), np.int64(48017), np.int64(30968), np.int64(48017), np.int64(48017), np.int64(48017), np.int64(19734), np.int64(48017))","(1, 1, 1, 0, 1, 1, 0, 1, 1, 0, 0, 0, 1, 0, 0, 1, 1, 1, 1, 0, 1, 1, 0, 1, 1, 1, 1, 1, 0, 1, 1, 1, 1, 1, 1, 1, 1, 1, 1, 1, 1, 1, 1, 1, 0, 1, 1, 1, 1, 1)"
3.967059,50,99.311704,5,"(np.int64(48017), np.int64(48017), np.int64(48017), np.int64(49655), np.int64(38587), np.int64(48017), np.int64(48017), np.int64(1178), np.int64(32392), np.int64(48017), np.int64(8532), np.int64(8532), np.int64(48017), np.int64(8532), np.int64(8532), np.int64(8532), np.int64(8532), np.int64(8532), np.int64(8532), np.int64(8532), np.int64(8532), np.int64(8532), np.int64(8532), np.int64(24577), np.int64(8532), np.int64(43660), np.int64(8532), np.int64(8532), np.int64(8532), np.int64(8532), np.int64(8532), np.int64(8532), np.int64(8532), np.int64(7421), np.int64(8532), np.int64(8532), np.int64(8532), np.int64(8532), np.int64(8532), np.int64(8532), np.int64(8532), np.int64(8532), np.int64(8532), np.int64(8532), np.int64(8532), np.int64(8532), np.int64(8532), np.int64(11251), np.int64(8532), np.int64(8532))","(1, 1, 1, 0, 0, 1, 1, 1, 0, 1, 1, 1, 1, 1, 1, 1, 1, 1, 1, 1, 1, 1, 1, 1, 1, 0, 1, 1, 1, 1, 1, 1, 1, 1, 1, 1, 1, 1, 1, 1, 1, 1, 1, 1, 1, 1, 1, 1, 1, 1)"
9.652319,50,99.849325,2,"(np.int64(1514), np.int64(8532), np.int64(8532), np.int64(48617), np.int64(8532), np.int64(4521), np.int64(39101), np.int64(8532), np.int64(32957), np.int64(32128), np.int64(2789), np.int64(8532), np.int64(23377), np.int64(5956), np.int64(8532), np.int64(31935), np.int64(8532), np.int64(8532), np.int64(14429), np.int64(8532), np.int64(8532), np.int64(8532), np.int64(8532), np.int64(8532), np.int64(8532), np.int64(8532), np.int64(8532), np.int64(37121), np.int64(8532), np.int64(8532), np.int64(28485), np.int64(7709), np.int64(8532), np.int64(41876), np.int64(8532), np.int64(49515), np.int64(8532), np.int64(8532), np.int64(8532), np.int64(9549), np.int64(8532), np.int64(43382), np.int64(8532), np.int64(10938), np.int64(8532), np.int64(8532), np.int64(8532), np.int64(8532), np.int64(8532), np.int64(8532))","(1, 1, 1, 0, 1, 0, 1, 1, 1, 1, 1, 1, 1, 1, 1, 1, 1, 1, 1, 1, 1, 1, 1, 1, 1, 1, 1, 1, 1, 1, 1, 1, 1, 0, 1, 0, 1, 1, 1, 1, 1, 0, 1, 1, 1, 1, 1, 1, 1, 1)"
6.197462,50,100.379842,5,"(np.int64(47574), np.int64(11738), np.int64(45034), np.int64(8532), np.int64(8532), np.int64(26761), np.int64(7203), np.int64(8532), np.int64(8532), np.int64(8532), np.int64(8532), np.int64(8532), np.int64(8532), np.int64(8532), np.int64(8532), np.int64(8532), np.int64(8532), np.int64(29781), np.int64(1771), np.int64(1771), np.int64(39728), np.int64(1771), np.int64(1771), np.int64(4901), np.int64(24490), np.int64(1771), np.int64(1771), np.int64(1771), np.int64(1771), np.int64(1771), np.int64(1771), np.int64(1771), np.int64(1771), np.int64(1771), np.int64(1771), np.int64(1771), np.int64(1771), np.int64(1771), np.int64(16081), np.int64(1771), np.int64(18661), np.int64(45466), np.int64(1771), np.int64(1771), np.int64(22249), np.int64(1771), np.int64(22249), np.int64(1771), np.int64(22249), np.int64(1771))","(0, 1, 0, 1, 1, 0, 1, 1, 1, 1, 1, 1, 1, 1, 1, 1, 1, 1, 1, 1, 1, 1, 1, 1, 0, 1, 1, 1, 1, 1, 1, 1, 1, 1, 1, 1, 1, 1, 1, 1, 1, 1, 1, 1, 0, 1, 0, 1, 0, 1)"
2.193566,50,100.918764,0,"(np.int64(1771), np.int64(1771), np.int64(1771), np.int64(1771), np.int64(1771), np.int64(20228), np.int64(1771), np.int64(1771), np.int64(22249), np.int64(1771), np.int64(48602), np.int64(1771), np.int64(22249), np.int64(22249), np.int64(22249), np.int64(22249), np.int64(22249), np.int64(22249), np.int64(22249), np.int64(22249), np.int64(22249), np.int64(22249), np.int64(22249), np.int64(22249), np.int64(29398), np.int64(29398), np.int64(22249), np.int64(29398), np.int64(29398), np.int64(29398), np.int64(29398), np.int64(29398), np.int64(29398), np.int64(29398), np.int64(29398), np.int64(29398), np.int64(8473), np.int64(29398), np.int64(12470), np.int64(29398), np.int64(29398), np.int64(29398), np.int64(29398), np.int64(29398), np.int64(29398), np.int64(29398), np.int64(29398), np.int64(48750), np.int64(29398), np.int64(29398))","(0, 0, 0, 0, 0, 0, 0, 0, 0, 0, 0, 0, 0, 0, 0, 0, 0, 0, 0, 0, 0, 0, 0, 0, 0, 0, 0, 0, 0, 0, 0, 0, 0, 0, 0, 0, 1, 0, 1, 0, 0, 0, 0, 0, 0, 0, 0, 1, 0, 0)"
5.838532,50,101.441912,3,"(np.int64(29398), np.int64(29398), np.int64(29398), np.int64(36891), np.int64(29398), np.int64(29398), np.int64(29398), np.int64(29398), np.int64(38875), np.int64(29398), np.int64(13695), np.int64(29398), np.int64(29398), np.int64(29398), np.int64(29398), np.int64(29398), np.int64(29398), np.int64(29398), np.int64(29398), np.int64(29398), np.int64(29398), np.int64(29398), np.int64(29398), np.int64(12120), np.int64(29398), np.int64(9775), np.int64(13549), np.int64(2099), np.int64(3226), np.int64(29398), np.int64(8831), np.int64(29398), np.int64(29398), np.int64(29398), np.int64(29398), np.int64(29398), np.int64(29398), np.int64(29398), np.int64(39335), np.int64(14643), np.int64(14643), np.int64(14643), np.int64(31005), np.int64(31653), np.int64(14643), np.int64(14643), np.int64(14643), np.int64(14643), np.int64(5807), np.int64(14643))","(0, 0, 0, 1, 0, 0, 0, 0, 1, 0, 0, 0, 0, 0, 0, 0, 0, 0, 0, 0, 0, 0, 0, 1, 0, 1, 1, 1, 1, 0, 1, 0, 0, 0, 0, 0, 0, 0, 0, 1, 1, 1, 0, 0, 1, 1, 1, 1, 1, 1)"
1.572279,50,101.974671,0,"(np.int64(14643), np.int64(14643), np.int64(14643), np.int64(14643), np.int64(14643), np.int64(17893), np.int64(14643), np.int64(14643), np.int64(14643), np.int64(14643), np.int64(41385), np.int64(14643), np.int64(14643), np.int64(18290), np.int64(37933), np.int64(14643), np.int64(14643), np.int64(49119), np.int64(10225), np.int64(8621), np.int64(14643), np.int64(45706), np.int64(14643), np.int64(14643), np.int64(14643), np.int64(2900), np.int64(14643), np.int64(14643), np.int64(14643), np.int64(14643), np.int64(5837), np.int64(40391), np.int64(28595), np.int64(28545), np.int64(28545), np.int64(28545), np.int64(28545), np.int64(28545), np.int64(30331), np.int64(28545), np.int64(26654), np.int64(28545), np.int64(24069), np.int64(28545), np.int64(41014), np.int64(28811), np.int64(7284), np.int64(28545), np.int64(28811), np.int64(28811))","(1, 1, 1, 1, 1, 0, 1, 1, 1, 1, 0, 1, 1, 0, 0, 1, 1, 0, 0, 0, 1, 0, 1, 1, 1, 0, 1, 1, 1, 1, 0, 0, 0, 0, 0, 0, 0, 0, 0, 0, 0, 0, 0, 0, 0, 0, 1, 0, 0, 0)"
1.527654,50,102.502603,0,"(np.int64(28811), np.int64(8442), np.int64(28811), np.int64(28811), np.int64(28811), np.int64(28811), np.int64(28811), np.int64(28811), np.int64(28811), np.int64(28484), np.int64(12584), np.int64(12584), np.int64(12584), np.int64(12584), np.int64(12584), np.int64(12584), np.int64(28484), np.int64(5438), np.int64(12584), np.int64(12584), np.int64(1560), np.int64(3171), np.int64(12584), np.int64(28484), np.int64(12584), np.int64(37833), np.int64(12584), np.int64(28484), np.int64(28484), np.int64(12584), np.int64(28484), np.int64(9798), np.int64(12584), np.int64(28484), np.int64(28484), np.int64(28484), np.int64(28484), np.int64(28484), np.int64(12584), np.int64(28484), np.int64(28484), np.int64(28484), np.int64(16861), np.int64(12584), np.int64(16861), np.int64(12584), np.int64(16861), np.int64(12584), np.int64(16861), np.int64(12584))","(0, 0, 0, 0, 0, 0, 0, 0, 0, 1, 0, 0, 0, 0, 0, 0, 1, 0, 0, 0, 0, 1, 0, 1, 0, 0, 0, 1, 1, 0, 1, 0, 0, 1, 1, 1, 1, 1, 0, 1, 1, 1, 0, 0, 0, 0, 0, 0, 0, 0)"
6.316687,50,103.044773,4,"(np.int64(21233), np.int64(21233), np.int64(6287), np.int64(12584), np.int64(12584), np.int64(12584), np.int64(30435), np.int64(12584), np.int64(12584), np.int64(47454), np.int64(12584), np.int64(12584), np.int64(21233), np.int64(21233), np.int64(21233), np.int64(21233), np.int64(21233), np.int64(21233), np.int64(21233), np.int64(21233), np.int64(16861), np.int64(1967), np.int64(43501), np.int64(1967), np.int64(1967), np.int64(1967), np.int64(1967), np.int64(23505), np.int64(1751), np.int64(1967), np.int64(1967), np.int64(38893), np.int64(1967), np.int64(1967), np.int64(1967), np.int64(1967), np.int64(1967), np.int64(43501), np.int64(1967), np.int64(23784), np.int64(40081), np.int64(5907), np.int64(33500), np.int64(1967), np.int64(1967), np.int64(1967), np.int64(1967), np.int64(1967), np.int64(1967), np.int64(1967))","(1, 1, 1, 1, 1, 1, 0, 1, 1, 1, 1, 1, 1, 1, 1, 1, 1, 1, 1, 1, 1, 1, 0, 1, 1, 1, 1, 1, 1, 1, 1, 0, 1, 1, 1, 1, 1, 0, 1, 1, 0, 1, 0, 1, 1, 1, 1, 1, 1, 1)"
5.84544,50,103.582085,2,"(np.int64(47480), np.int64(1967), np.int64(1967), np.int64(1967), np.int64(1967), np.int64(1967), np.int64(1967), np.int64(24791), np.int64(1967), np.int64(9495), np.int64(1967), np.int64(30357), np.int64(1967), np.int64(1967), np.int64(23557), np.int64(1967), np.int64(1967), np.int64(1782), np.int64(1967), np.int64(1967), np.int64(1967), np.int64(1967), np.int64(1967), np.int64(1967), np.int64(1967), np.int64(1967), np.int64(14705), np.int64(1967), np.int64(1967), np.int64(1967), np.int64(1967), np.int64(1967), np.int64(1967), np.int64(1967), np.int64(24186), np.int64(1967), np.int64(46683), np.int64(1967), np.int64(1967), np.int64(1967), np.int64(1967), np.int64(35903), np.int64(1967), np.int64(1967), np.int64(1967), np.int64(5772), np.int64(1967), np.int64(1967), np.int64(5772), np.int64(1967))","(0, 1, 1, 1, 1, 1, 1, 0, 1, 1, 1, 0, 1, 1, 1, 1, 1, 1, 1, 1, 1, 1, 1, 1, 1, 1, 1, 1, 1, 1, 1, 1, 1, 1, 1, 1, 1, 1, 1, 1, 1, 1, 1, 1, 1, 1, 1, 1, 1, 1)"
6.861207,50,104.114072,5,"(np.int64(1967), np.int64(1967), np.int64(36295), np.int64(36295), np.int64(34431), np.int64(24922), np.int64(36295), np.int64(36295), np.int64(36295), np.int64(36295), np.int64(38081), np.int64(36295), np.int64(36295), np.int64(36295), np.int64(36295), np.int64(36295), np.int64(36295), np.int64(36295), np.int64(36295), np.int64(36295), np.int64(28811), np.int64(28811), np.int64(28811), np.int64(28811), np.int64(4850), np.int64(28811), np.int64(28811), np.int64(48743), np.int64(28811), np.int64(40388), np.int64(28811), np.int64(28811), np.int64(41778), np.int64(28811), np.int64(28811), np.int64(28811), np.int64(28811), np.int64(28811), np.int64(30509), np.int64(47524), np.int64(28924), np.int64(44500), np.int64(17549), np.int64(19999), np.int64(28811), np.int64(28811), np.int64(28811), np.int64(28811), np.int64(28811), np.int64(28811))","(1, 1, 0, 0, 1, 1, 0, 0, 0, 0, 0, 0, 0, 0, 0, 0, 0, 0, 0, 0, 1, 1, 1, 1, 1, 1, 1, 1, 1, 0, 1, 1, 1, 1, 1, 1, 1, 1, 0, 1, 1, 0, 1, 1, 1, 1, 1, 1, 1, 1)"
6.344609,50,104.644036,5,"(np.int64(28811), np.int64(28811), np.int64(28811), np.int64(31174), np.int64(28811), np.int64(28811), np.int64(28811), np.int64(1559), np.int64(28811), np.int64(28811), np.int64(28811), np.int64(38291), np.int64(28811), np.int64(38334), np.int64(40286), np.int64(28811), np.int64(46734), np.int64(28811), np.int64(28811), np.int64(28811), np.int64(37852), np.int64(28811), np.int64(16861), np.int64(28811), np.int64(16861), np.int64(7598), np.int64(16861), np.int64(16861), np.int64(16861), np.int64(5646), np.int64(16861), np.int64(16861), np.int64(16861), np.int64(16861), np.int64(16861), np.int64(36517), np.int64(16861), np.int64(16861), np.int64(17262), np.int64(16861), np.int64(16861), np.int64(16861), np.int64(16861), np.int64(16861), np.int64(19845), np.int64(16861), np.int64(16861), np.int64(48992), np.int64(16861), np.int64(16861))","(1, 1, 1, 0, 1, 1, 1, 1, 1, 1, 1, 0, 1, 1, 0, 1, 1, 1, 1, 1, 1, 1, 1, 1, 1, 1, 1, 1, 1, 1, 1, 1, 1, 1, 1, 0, 1, 1, 0, 1, 1, 1, 1, 1, 1, 1, 1, 1, 1, 1)"
6.099461,50,105.180872,6,"(np.int64(29363), np.int64(29363), np.int64(29363), np.int64(29363), np.int64(29363), np.int64(29363), np.int64(29363), np.int64(29363), np.int64(29363), np.int64(9193), np.int64(29363), np.int64(33046), np.int64(29363), np.int64(29363), np.int64(29363), np.int64(29363), np.int64(29363), np.int64(29363), np.int64(29363), np.int64(29363), np.int64(13544), np.int64(29363), np.int64(29363), np.int64(29048), np.int64(29363), np.int64(29048), np.int64(29363), np.int64(29048), np.int64(29363), np.int64(29048), np.int64(29363), np.int64(29048), np.int64(29363), np.int64(29048), np.int64(7382), np.int64(29363), np.int64(29048), np.int64(23977), np.int64(5935), np.int64(29363), np.int64(29048), np.int64(30675), np.int64(29363), np.int64(35508), np.int64(29363), np.int64(29048), np.int64(29363), np.int64(29048), np.int64(20744), np.int64(29363))","(1, 1, 1, 1, 1, 1, 1, 1, 1, 1, 1, 1, 1, 1, 1, 1, 1, 1, 1, 1, 1, 1, 1, 1, 1, 1, 1, 1, 1, 1, 1, 1, 1, 1, 1, 1, 1, 1, 1, 1, 1, 0, 1, 1, 1, 1, 1, 1, 1, 1)"
4.233456,50,105.711423,4,"(np.int64(29363), np.int64(29363), np.int64(29363), np.int64(20744), np.int64(15427), np.int64(29363), np.int64(20744), np.int64(20744), np.int64(20744), np.int64(20744), np.int64(20744), np.int64(20744), np.int64(20744), np.int64(42356), np.int64(20744), np.int64(20744), np.int64(20744), np.int64(20744), np.int64(20744), np.int64(20744), np.int64(20744), np.int64(20744), np.int64(20744), np.int64(20744), np.int64(20744), np.int64(20744), np.int64(20744), np.int64(20744), np.int64(45103), np.int64(20744), np.int64(40666), np.int64(20744), np.int64(26466), np.int64(49707), np.int64(20744), np.int64(20744), np.int64(20744), np.int64(26783), np.int64(49575), np.int64(20744), np.int64(20744), np.int64(20744), np.int64(20744), np.int64(20744), np.int64(20744), np.int64(20744), np.int64(42886), np.int64(20744), np.int64(49858), np.int64(20744))","(1, 1, 1, 1, 1, 1, 1, 1, 1, 1, 1, 1, 1, 0, 1, 1, 1, 1, 1, 1, 1, 1, 1, 1, 1, 1, 1, 1, 0, 1, 0, 1, 1, 1, 1, 1, 1, 1, 0, 1, 1, 1, 1, 1, 1, 1, 1, 1, 0, 1)"
4.780721,50,106.255077,8,"(np.int64(20744), np.int64(19367), np.int64(5255), np.int64(21110), np.int64(20744), np.int64(20744), np.int64(20744), np.int64(20744), np.int64(22744), np.int64(20744), np.int64(20744), np.int64(20744), np.int64(20744), np.int64(20744), np.int64(29048), np.int64(20483), np.int64(20744), np.int64(29048), np.int64(7528), np.int64(20744), np.int64(29048), np.int64(29048), np.int64(29048), np.int64(29048), np.int64(29048), np.int64(29048), np.int64(13739), np.int64(29048), np.int64(29048), np.int64(29048), np.int64(29048), np.int64(29048), np.int64(16114), np.int64(29048), np.int64(29048), np.int64(29048), np.int64(29048), np.int64(29048), np.int64(29048), np.int64(40461), np.int64(29048), np.int64(29048), np.int64(4024), np.int64(29048), np.int64(29048), np.int64(29048), np.int64(5287), np.int64(5012), np.int64(29048), np.int64(29048))","(1, 1, 1, 0, 1, 1, 1, 1, 0, 1, 1, 1, 1, 1, 1, 0, 1, 1, 1, 1, 1, 1, 1, 1, 1, 1, 0, 1, 1, 1, 1, 1, 0, 1, 1, 1, 1, 1, 1, 0, 1, 1, 1, 1, 1, 1, 1, 1, 1, 1)"
6.551382,50,106.776799,6,"(np.int64(21870), np.int64(21870), np.int64(21870), np.int64(21870), np.int64(30414), np.int64(21870), np.int64(21870), np.int64(21870), np.int64(9364), np.int64(21061), np.int64(45941), np.int64(14171), np.int64(23223), np.int64(9364), np.int64(9364), np.int64(9364), np.int64(9364), np.int64(9364), np.int64(43241), np.int64(48276), np.int64(18418), np.int64(9364), np.int64(9364), np.int64(9364), np.int64(34219), np.int64(9364), np.int64(21870), np.int64(21870), np.int64(21870), np.int64(21870), np.int64(21870), np.int64(21870), np.int64(21870), np.int64(21870), np.int64(21870), np.int64(32001), np.int64(12587), np.int64(21870), np.int64(21870), np.int64(21870), np.int64(21870), np.int64(5772), np.int64(21870), np.int64(47523), np.int64(24312), np.int64(21870), np.int64(21870), np.int64(5772), np.int64(21870), np.int64(2550))","(1, 1, 1, 1, 0, 1, 1, 1, 1, 1, 0, 1, 0, 1, 1, 1, 1, 1, 0, 0, 1, 1, 1, 1, 0, 1, 1, 1, 1, 1, 1, 1, 1, 1, 1, 1, 1, 1, 1, 1, 1, 1, 1, 1, 1, 1, 1, 1, 1, 1)"
6.298074,50,107.313911,1,"(np.int64(21870), np.int64(16064), np.int64(21870), np.int64(21870), np.int64(21870), np.int64(21870), np.int64(21514), np.int64(21870), np.int64(21870), np.int64(9217), np.int64(21870), np.int64(21870), np.int64(2550), np.int64(21870), np.int64(2550), np.int64(21870), np.int64(34524), np.int64(2550), np.int64(45532), np.int64(21870), np.int64(2550), np.int64(2550), np.int64(2550), np.int64(43649), np.int64(2550), np.int64(2550), np.int64(48083), np.int64(16599), np.int64(18541), np.int64(21870), np.int64(2550), np.int64(2550), np.int64(47549), np.int64(21870), np.int64(21870), np.int64(2550), np.int64(2550), np.int64(2550), np.int64(2550), np.int64(2550), np.int64(23858), np.int64(23858), np.int64(9325), np.int64(8553), np.int64(8553), np.int64(8553), np.int64(8553), np.int64(33775), np.int64(8553), np.int64(8553))","(1, 1, 1, 1, 1, 1, 1, 1, 1, 1, 1, 1, 1, 1, 1, 1, 0, 1, 0, 1, 1, 1, 1, 0, 1, 1, 0, 1, 0, 1, 1, 1, 1, 1, 1, 1, 1, 1, 1, 1, 1, 1, 1, 1, 1, 1, 1, 0, 1, 1)"
4.197126,50,107.844532,3,"(np.int64(8553), np.int64(28544), np.int64(8553), np.int64(8553), np.int64(6105), np.int64(8553), np.int64(8553), np.int64(2481), np.int64(8553), np.int64(8553), np.int64(8553), np.int64(8553), np.int64(27565), np.int64(8553), np.int64(8553), np.int64(8553), np.int64(8553), np.int64(8553), np.int64(8553), np.int64(513), np.int64(8553), np.int64(8553), np.int64(513), np.int64(8553), np.int64(513), np.int64(8553), np.int64(513), np.int64(8553), np.int64(513), np.int64(8553), np.int64(23422), np.int64(1936), np.int64(23422), np.int64(23422), np.int64(23422), np.int64(23422), np.int64(23422), np.int64(23422), np.int64(33879), np.int64(23422), np.int64(23422), np.int64(23422), np.int64(23422), np.int64(23422), np.int64(23422), np.int64(23422), np.int64(23422), np.int64(23422), np.int64(23422), np.int64(23422))","(1, 1, 1, 1, 1, 1, 1, 1, 1, 1, 1, 1, 0, 1, 1, 1, 1, 1, 1, 1, 1, 1, 1, 1, 1, 1, 1, 1, 1, 1, 1, 1, 1, 1, 1, 1, 1, 1, 0, 1, 1, 1, 1, 1, 1, 1, 1, 1, 1, 1)"
4.335771,50,108.391331,2,"(np.int64(26345), np.int64(23422), np.int64(23422), np.int64(4123), np.int64(23422), np.int64(23422), np.int64(23422), np.int64(49172), np.int64(23422), np.int64(23422), np.int64(23422), np.int64(21628), np.int64(23422), np.int64(23422), np.int64(23422), np.int64(39378), np.int64(23422), np.int64(23422), np.int64(23422), np.int64(23422), np.int64(23422), np.int64(23422), np.int64(23422), np.int64(23422), np.int64(21072), np.int64(23422), np.int64(23422), np.int64(23422), np.int64(23422), np.int64(23422), np.int64(23422), np.int64(36478), np.int64(23422), np.int64(31586), np.int64(23422), np.int64(23422), np.int64(18831), np.int64(23422), np.int64(23422), np.int64(23422), np.int64(23422), np.int64(23422), np.int64(23422), np.int64(23422), np.int64(23422), np.int64(4914), np.int64(40950), np.int64(23422), np.int64(23422), np.int64(23422))","(1, 1, 1, 1, 1, 1, 1, 0, 1, 1, 1, 1, 1, 1, 1, 0, 1, 1, 1, 1, 1, 1, 1, 1, 1, 1, 1, 1, 1, 1, 1, 1, 1, 0, 1, 1, 0, 1, 1, 1, 1, 1, 1, 1, 1, 1, 0, 1, 1, 1)"
8.742367,50,108.926636,2,"(np.int64(7547), np.int64(23422), np.int64(23422), np.int64(8006), np.int64(23422), np.int64(5529), np.int64(23422), np.int64(23422), np.int64(27816), np.int64(23422), np.int64(23422), np.int64(23422), np.int64(9318), np.int64(23422), np.int64(45939), np.int64(45939), np.int64(45939), np.int64(45939), np.int64(19796), np.int64(45939), np.int64(19796), np.int64(45939), np.int64(48244), np.int64(3084), np.int64(19796), np.int64(19796), np.int64(19796), np.int64(19796), np.int64(19796), np.int64(19796), np.int64(19796), np.int64(19796), np.int64(7978), np.int64(19796), np.int64(19796), np.int64(19796), np.int64(19796), np.int64(19796), np.int64(19796), np.int64(19796), np.int64(19796), np.int64(19796), np.int64(19796), np.int64(23161), np.int64(32565), np.int64(19796), np.int64(19796), np.int64(15499), np.int64(498), np.int64(13418))","(1, 1, 1, 1, 1, 1, 1, 1, 1, 1, 1, 1, 1, 1, 0, 0, 0, 0, 1, 0, 1, 0, 1, 1, 1, 1, 1, 1, 1, 1, 1, 1, 1, 1, 1, 1, 1, 1, 1, 1, 1, 1, 1, 0, 0, 1, 1, 1, 1, 1)"
2.261948,50,109.465433,4,"(np.int64(13418), np.int64(13418), np.int64(13418), np.int64(13418), np.int64(13418), np.int64(41186), np.int64(28552), np.int64(46258), np.int64(13418), np.int64(13418), np.int64(13418), np.int64(13418), np.int64(45186), np.int64(13418), np.int64(13418), np.int64(13418), np.int64(15499), np.int64(13418), np.int64(15499), np.int64(13418), np.int64(15499), np.int64(30135), np.int64(45975), np.int64(33843), np.int64(30603), np.int64(13418), np.int64(15499), np.int64(13418), np.int64(15499), np.int64(15499), np.int64(15499), np.int64(15499), np.int64(15499), np.int64(15499), np.int64(15499), np.int64(15499), np.int64(15499), np.int64(15499), np.int64(15499), np.int64(15499), np.int64(28382), np.int64(15499), np.int64(15499), np.int64(15499), np.int64(15499), np.int64(15499), np.int64(15499), np.int64(15499), np.int64(15499), np.int64(15499))","(1, 1, 1, 1, 1, 0, 1, 0, 1, 1, 1, 1, 1, 1, 1, 1, 1, 1, 1, 1, 1, 0, 0, 0, 0, 1, 1, 1, 1, 1, 1, 1, 1, 1, 1, 1, 1, 1, 1, 1, 0, 1, 1, 1, 1, 1, 1, 1, 1, 1)"
1.714572,50,109.984621,8,"(np.int64(9108), np.int64(9108), np.int64(9108), np.int64(9108), np.int64(9108), np.int64(9108), np.int64(9108), np.int64(29415), np.int64(9108), np.int64(9108), np.int64(9108), np.int64(17132), np.int64(9108), np.int64(9108), np.int64(9108), np.int64(23918), np.int64(9108), np.int64(9108), np.int64(8316), np.int64(9108), np.int64(9108), np.int64(9108), np.int64(48389), np.int64(9108), np.int64(9108), np.int64(18623), np.int64(35492), np.int64(9108), np.int64(9108), np.int64(9108), np.int64(9108), np.int64(9108), np.int64(9108), np.int64(32458), np.int64(9108), np.int64(9108), np.int64(9108), np.int64(9108), np.int64(9108), np.int64(9108), np.int64(9108), np.int64(9108), np.int64(9108), np.int64(9108), np.int64(9108), np.int64(9108), np.int64(9108), np.int64(9108), np.int64(18147), np.int64(42910))","(1, 1, 1, 1, 1, 1, 1, 0, 1, 1, 1, 0, 1, 1, 1, 1, 1, 1, 1, 1, 1, 1, 0, 1, 1, 0, 0, 1, 1, 1, 1, 1, 1, 0, 1, 1, 1, 1, 1, 1, 1, 1, 1, 1, 1, 1, 1, 1, 0, 0)"
4.952313,50,110.515808,7,"(np.int64(9108), np.int64(9108), np.int64(18777), np.int64(9108), np.int64(9108), np.int64(9108), np.int64(9108), np.int64(9108), np.int64(9108), np.int64(41822), np.int64(9108), np.int64(9108), np.int64(34419), np.int64(9108), np.int64(9108), np.int64(4693), np.int64(9108), np.int64(9108), np.int64(9108), np.int64(9108), np.int64(9108), np.int64(9108), np.int64(9108), np.int64(7972), np.int64(9108), np.int64(9108), np.int64(12748), np.int64(21564), np.int64(9108), np.int64(9108), np.int64(9108), np.int64(15360), np.int64(9108), np.int64(9108), np.int64(9108), np.int64(39097), np.int64(9108), np.int64(9108), np.int64(9108), np.int64(12577), np.int64(9108), np.int64(44348), np.int64(9108), np.int64(799), np.int64(12577), np.int64(9108), np.int64(12577), np.int64(12577), np.int64(12577), np.int64(12577))","(1, 1, 0, 1, 1, 1, 1, 1, 1, 0, 1, 1, 0, 1, 1, 1, 1, 1, 1, 1, 1, 1, 1, 1, 1, 1, 1, 1, 1, 1, 1, 1, 1, 1, 1, 0, 1, 1, 1, 1, 1, 0, 1, 1, 1, 1, 1, 1, 1, 1)"
3.72463,50,111.054567,4,"(np.int64(9108), np.int64(9108), np.int64(43372), np.int64(43372), np.int64(14165), np.int64(43372), np.int64(43372), np.int64(14165), np.int64(43372), np.int64(14165), np.int64(43372), np.int64(14165), np.int64(43372), np.int64(15493), np.int64(43372), np.int64(15493), np.int64(43372), np.int64(15493), np.int64(43372), np.int64(15493), np.int64(15493), np.int64(15493), np.int64(15493), np.int64(15493), np.int64(15493), np.int64(15493), np.int64(15493), np.int64(15493), np.int64(15493), np.int64(41631), np.int64(15760), np.int64(507), np.int64(507), np.int64(507), np.int64(507), np.int64(30800), np.int64(507), np.int64(7473), np.int64(507), np.int64(507), np.int64(507), np.int64(507), np.int64(507), np.int64(507), np.int64(48565), np.int64(507), np.int64(35112), np.int64(507), np.int64(507), np.int64(507))","(1, 1, 0, 0, 1, 0, 0, 1, 0, 1, 0, 1, 0, 1, 0, 1, 0, 1, 0, 1, 1, 1, 1, 1, 1, 1, 1, 1, 1, 0, 1, 1, 1, 1, 1, 0, 1, 1, 1, 1, 1, 1, 1, 1, 0, 1, 0, 1, 1, 1)"
1.640829,50,111.601457,0,"(np.int64(15001), np.int64(11199), np.int64(507), np.int64(5677), np.int64(507), np.int64(507), np.int64(507), np.int64(507), np.int64(507), np.int64(507), np.int64(507), np.int64(31277), np.int64(507), np.int64(507), np.int64(507), np.int64(507), np.int64(517), np.int64(507), np.int64(507), np.int64(5969), np.int64(507), np.int64(517), np.int64(39117), np.int64(507), np.int64(517), np.int64(517), np.int64(517), np.int64(517), np.int64(517), np.int64(517), np.int64(517), np.int64(517), np.int64(32349), np.int64(517), np.int64(517), np.int64(517), np.int64(517), np.int64(745), np.int64(517), np.int64(517), np.int64(517), np.int64(517), np.int64(517), np.int64(517), np.int64(25815), np.int64(517), np.int64(28192), np.int64(18458), np.int64(517), np.int64(517))","(0, 0, 1, 0, 1, 1, 1, 1, 1, 1, 1, 0, 1, 1, 1, 1, 0, 1, 1, 1, 1, 0, 0, 1, 0, 0, 0, 0, 0, 0, 0, 0, 0, 0, 0, 0, 0, 0, 0, 0, 0, 0, 0, 0, 0, 0, 0, 0, 0, 0)"
7.006652,50,112.131156,2,"(np.int64(25771), np.int64(517), np.int64(517), np.int64(517), np.int64(517), np.int64(517), np.int64(517), np.int64(517), np.int64(517), np.int64(517), np.int64(5240), np.int64(507), np.int64(507), np.int64(507), np.int64(507), np.int64(507), np.int64(507), np.int64(5351), np.int64(507), np.int64(507), np.int64(5240), np.int64(507), np.int64(5240), np.int64(507), np.int64(5240), np.int64(507), np.int64(5240), np.int64(21407), np.int64(5240), np.int64(21548), np.int64(5240), np.int64(5240), np.int64(31675), np.int64(5240), np.int64(5240), np.int64(5240), np.int64(5240), np.int64(5240), np.int64(21433), np.int64(5240), np.int64(3804), np.int64(5240), np.int64(5240), np.int64(5240), np.int64(5240), np.int64(5240), np.int64(17686), np.int64(5240), np.int64(8598), np.int64(5240))","(0, 1, 1, 1, 1, 1, 1, 1, 1, 1, 1, 1, 1, 1, 1, 1, 1, 1, 1, 1, 1, 1, 1, 1, 1, 1, 1, 1, 1, 1, 1, 1, 0, 1, 1, 1, 1, 1, 1, 1, 1, 1, 1, 1, 1, 1, 1, 1, 1, 1)"
4.239019,50,112.679959,8,"(np.int64(14165), np.int64(14165), np.int64(32193), np.int64(14165), np.int64(14165), np.int64(14165), np.int64(14165), np.int64(2729), np.int64(14165), np.int64(14165), np.int64(14165), np.int64(14165), np.int64(17687), np.int64(14165), np.int64(14165), np.int64(14165), np.int64(14165), np.int64(14165), np.int64(14165), np.int64(14165), np.int64(14165), np.int64(14165), np.int64(14165), np.int64(14165), np.int64(14165), np.int64(14165), np.int64(14165), np.int64(14165), np.int64(14165), np.int64(19242), np.int64(14165), np.int64(20873), np.int64(14165), np.int64(14165), np.int64(2872), np.int64(14165), np.int64(14165), np.int64(6028), np.int64(30385), np.int64(14165), np.int64(12577), np.int64(14165), np.int64(2872), np.int64(14165), np.int64(12577), np.int64(14165), np.int64(12577), np.int64(14165), np.int64(32009), np.int64(12577))","(1, 1, 0, 1, 1, 1, 1, 1, 1, 1, 1, 1, 0, 1, 1, 1, 1, 1, 1, 1, 1, 1, 1, 1, 1, 1, 1, 1, 1, 1, 1, 1, 1, 1, 1, 1, 1, 1, 0, 1, 1, 1, 1, 1, 1, 1, 1, 1, 0, 1)"
4.180134,50,113.215597,8,"(np.int64(14165), np.int64(14165), np.int64(14165), np.int64(14165), np.int64(14165), np.int64(14165), np.int64(12577), np.int64(47269), np.int64(2629), np.int64(12577), np.int64(12577), np.int64(12577), np.int64(12577), np.int64(12577), np.int64(12577), np.int64(12577), np.int64(12577), np.int64(12577), np.int64(12577), np.int64(12577), np.int64(12577), np.int64(12577), np.int64(30272), np.int64(4751), np.int64(12577), np.int64(45549), np.int64(12577), np.int64(12577), np.int64(12577), np.int64(30616), np.int64(30388), np.int64(12577), np.int64(12577), np.int64(11995), np.int64(26456), np.int64(12577), np.int64(14466), np.int64(39604), np.int64(12577), np.int64(12577), np.int64(12577), np.int64(12577), np.int64(12577), np.int64(12577), np.int64(12577), np.int64(12577), np.int64(12577), np.int64(12577), np.int64(12577), np.int64(12577))","(1, 1, 1, 1, 1, 1, 1, 0, 1, 1, 1, 1, 1, 1, 1, 1, 1, 1, 1, 1, 1, 1, 0, 1, 1, 0, 1, 1, 1, 0, 0, 1, 1, 1, 1, 1, 1, 0, 1, 1, 1, 1, 1, 1, 1, 1, 1, 1, 1, 1)"
2.355582,50,113.761512,3,"(np.int64(15273), np.int64(15273), np.int64(2398), np.int64(15273), np.int64(12655), np.int64(15273), np.int64(15273), np.int64(15273), np.int64(15273), np.int64(15273), np.int64(15273), np.int64(15273), np.int64(9962), np.int64(15273), np.int64(15273), np.int64(15273), np.int64(15273), np.int64(15273), np.int64(15273), np.int64(15273), np.int64(15273), np.int64(15273), np.int64(15273), np.int64(15273), np.int64(15273), np.int64(15273), np.int64(15273), np.int64(15273), np.int64(47205), np.int64(15273), np.int64(15273), np.int64(15273), np.int64(15273), np.int64(15273), np.int64(15273), np.int64(15273), np.int64(15273), np.int64(32413), np.int64(15273), np.int64(49150), np.int64(15273), np.int64(27348), np.int64(15273), np.int64(1387), np.int64(15273), np.int64(15273), np.int64(15273), np.int64(15273), np.int64(15273), np.int64(15273))","(1, 1, 0, 1, 1, 1, 1, 1, 1, 1, 1, 1, 0, 1, 1, 1, 1, 1, 1, 1, 1, 1, 1, 1, 1, 1, 1, 1, 0, 1, 1, 1, 1, 1, 1, 1, 1, 0, 1, 1, 1, 0, 1, 1, 1, 1, 1, 1, 1, 1)"
4.284072,50,114.291975,7,"(np.int64(15273), np.int64(15273), np.int64(15273), np.int64(17343), np.int64(15273), np.int64(15273), np.int64(15273), np.int64(15273), np.int64(15273), np.int64(15273), np.int64(9511), np.int64(15273), np.int64(15273), np.int64(15273), np.int64(15273), np.int64(20967), np.int64(15273), np.int64(15273), np.int64(39660), np.int64(15273), np.int64(15273), np.int64(15273), np.int64(15273), np.int64(15273), np.int64(49117), np.int64(15273), np.int64(15273), np.int64(15273), np.int64(15273), np.int64(36733), np.int64(15273), np.int64(15273), np.int64(15273), np.int64(15273), np.int64(16117), np.int64(32153), np.int64(15273), np.int64(15273), np.int64(16117), np.int64(14768), np.int64(15273), np.int64(16117), np.int64(14768), np.int64(14768), np.int64(273), np.int64(14768), np.int64(14768), np.int64(23003), np.int64(14768), np.int64(14768))","(1, 1, 1, 1, 1, 1, 1, 1, 1, 1, 1, 1, 1, 1, 1, 1, 1, 1, 0, 1, 1, 1, 1, 1, 0, 1, 1, 1, 1, 0, 1, 1, 1, 1, 1, 0, 1, 1, 1, 1, 1, 1, 1, 1, 1, 1, 1, 0, 1, 1)"
3.640164,50,114.828055,2,"(np.int64(14768), np.int64(14768), np.int64(14768), np.int64(14768), np.int64(5399), np.int64(14768), np.int64(14768), np.int64(14768), np.int64(14768), np.int64(14768), np.int64(14768), np.int64(14768), np.int64(14768), np.int64(14768), np.int64(14768), np.int64(14768), np.int64(14768), np.int64(24594), np.int64(14768), np.int64(14768), np.int64(2006), np.int64(14768), np.int64(14768), np.int64(16117), np.int64(14768), np.int64(14768), np.int64(43771), np.int64(14768), np.int64(16117), np.int64(14768), np.int64(16117), np.int64(14768), np.int64(16117), np.int64(14768), np.int64(16117), np.int64(14768), np.int64(16117), np.int64(14768), np.int64(16117), np.int64(14768), np.int64(16117), np.int64(14768), np.int64(16117), np.int64(14768), np.int64(16117), np.int64(14768), np.int64(16117), np.int64(14768), np.int64(47734), np.int64(14768))","(1, 1, 1, 1, 1, 1, 1, 1, 1, 1, 1, 1, 1, 1, 1, 1, 1, 1, 1, 1, 0, 1, 1, 1, 1, 1, 0, 1, 1, 1, 1, 1, 1, 1, 1, 1, 1, 1, 1, 1, 1, 1, 1, 1, 1, 1, 1, 1, 1, 1)"
5.813854,50,115.351656,5,"(np.int64(14768), np.int64(12387), np.int64(14768), np.int64(14768), np.int64(18601), np.int64(14768), np.int64(21294), np.int64(21294), np.int64(21294), np.int64(21294), np.int64(35449), np.int64(21294), np.int64(21294), np.int64(21294), np.int64(21294), np.int64(21294), np.int64(942), np.int64(21294), np.int64(21294), np.int64(21294), np.int64(43428), np.int64(21294), np.int64(21294), np.int64(13999), np.int64(23189), np.int64(21294), np.int64(21294), np.int64(21294), np.int64(8831), np.int64(21294), np.int64(21294), np.int64(8831), np.int64(21294), np.int64(8831), np.int64(21294), np.int64(14768), np.int64(21294), np.int64(14768), np.int64(21294), np.int64(14768), np.int64(21294), np.int64(14768), np.int64(39394), np.int64(21294), np.int64(14768), np.int64(14768), np.int64(14768), np.int64(14768), np.int64(14768), np.int64(14768))","(1, 1, 1, 1, 1, 1, 1, 1, 1, 1, 1, 1, 1, 1, 1, 1, 1, 1, 1, 1, 1, 1, 1, 1, 0, 1, 1, 1, 1, 1, 1, 1, 1, 1, 1, 1, 1, 1, 1, 1, 1, 1, 0, 1, 1, 1, 1, 1, 1, 1)"
4.914255,50,115.882725,4,"(np.int64(4017), np.int64(14768), np.int64(14768), np.int64(14768), np.int64(14768), np.int64(14768), np.int64(14768), np.int64(14768), np.int64(14768), np.int64(14768), np.int64(14768), np.int64(14768), np.int64(14768), np.int64(14768), np.int64(14768), np.int64(14768), np.int64(14768), np.int64(13986), np.int64(14768), np.int64(14768), np.int64(14768), np.int64(14768), np.int64(26472), np.int64(18), np.int64(14768), np.int64(14768), np.int64(14768), np.int64(14768), np.int64(17097), np.int64(14768), np.int64(14768), np.int64(14768), np.int64(14768), np.int64(14768), np.int64(14768), np.int64(37911), np.int64(14768), np.int64(14768), np.int64(24104), np.int64(14768), np.int64(46859), np.int64(14768), np.int64(24104), np.int64(32771), np.int64(14768), np.int64(24104), np.int64(14768), np.int64(24104), np.int64(24104), np.int64(24104))","(1, 1, 1, 1, 1, 1, 1, 1, 1, 1, 1, 1, 1, 1, 1, 1, 1, 1, 1, 1, 1, 1, 1, 1, 1, 1, 1, 1, 1, 1, 1, 1, 1, 1, 1, 0, 1, 1, 1, 1, 0, 1, 1, 1, 1, 1, 1, 1, 1, 1)"
4.496658,50,116.417623,6,"(np.int64(11244), np.int64(11244), np.int64(11244), np.int64(11244), np.int64(11244), np.int64(11244), np.int64(11244), np.int64(11244), np.int64(11244), np.int64(11244), np.int64(11244), np.int64(11244), np.int64(11244), np.int64(42402), np.int64(11244), np.int64(28601), np.int64(11244), np.int64(11244), np.int64(11244), np.int64(11244), np.int64(11244), np.int64(11244), np.int64(16754), np.int64(42902), np.int64(11244), np.int64(11244), np.int64(11244), np.int64(18314), np.int64(11244), np.int64(30408), np.int64(11244), np.int64(11244), np.int64(35511), np.int64(11244), np.int64(24104), np.int64(17159), np.int64(11244), np.int64(11244), np.int64(24104), np.int64(11244), np.int64(21643), np.int64(11244), np.int64(24104), np.int64(11244), np.int64(24104), np.int64(11244), np.int64(6795), np.int64(11244), np.int64(24104), np.int64(11244))","(1, 1, 1, 1, 1, 1, 1, 1, 1, 1, 1, 1, 1, 0, 1, 0, 1, 1, 1, 1, 1, 1, 1, 0, 1, 1, 1, 1, 1, 0, 1, 1, 0, 1, 1, 1, 1, 1, 1, 1, 1, 1, 1, 1, 1, 1, 1, 1, 1, 1)"
4.136753,50,116.964313,3,"(np.int64(11244), np.int64(11244), np.int64(14233), np.int64(11244), np.int64(11244), np.int64(33645), np.int64(11244), np.int64(11244), np.int64(11244), np.int64(11244), np.int64(27666), np.int64(11244), np.int64(11244), np.int64(11244), np.int64(11244), np.int64(11244), np.int64(11244), np.int64(11244), np.int64(11244), np.int64(11244), np.int64(11244), np.int64(11244), np.int64(11244), np.int64(11244), np.int64(24104), np.int64(11244), np.int64(24104), np.int64(11244), np.int64(24104), np.int64(11244), np.int64(24104), np.int64(11244), np.int64(8940), np.int64(42302), np.int64(11244), np.int64(24104), np.int64(11244), np.int64(24104), np.int64(11244), np.int64(24104), np.int64(11244), np.int64(2639), np.int64(11244), np.int64(2141), np.int64(34469), np.int64(11244), np.int64(24104), np.int64(24104), np.int64(24104), np.int64(24104))","(1, 1, 1, 1, 1, 0, 1, 1, 1, 1, 1, 1, 1, 1, 1, 1, 1, 1, 1, 1, 1, 1, 1, 1, 1, 1, 1, 1, 1, 1, 1, 1, 1, 0, 1, 1, 1, 1, 1, 1, 1, 1, 1, 1, 0, 1, 1, 1, 1, 1)"
6.737673,50,117.508344,2,"(np.int64(16751), np.int64(16751), np.int64(16751), np.int64(16751), np.int64(16751), np.int64(11244), np.int64(16751), np.int64(16751), np.int64(16751), np.int64(12405), np.int64(16751), np.int64(16751), np.int64(24104), np.int64(16751), np.int64(31490), np.int64(16751), np.int64(31490), np.int64(16751), np.int64(38678), np.int64(31490), np.int64(16751), np.int64(31490), np.int64(31490), np.int64(21370), np.int64(5919), np.int64(18739), np.int64(31490), np.int64(31490), np.int64(31490), np.int64(31490), np.int64(31490), np.int64(31490), np.int64(31490), np.int64(31490), np.int64(31490), np.int64(36702), np.int64(31490), np.int64(23330), np.int64(31490), np.int64(31490), np.int64(31490), np.int64(31490), np.int64(31490), np.int64(31490), np.int64(31490), np.int64(31490), np.int64(31490), np.int64(31490), np.int64(31490), np.int64(31490))","(1, 1, 1, 1, 1, 1, 1, 1, 1, 1, 1, 1, 1, 1, 1, 1, 1, 1, 1, 1, 1, 1, 1, 1, 1, 1, 1, 1, 1, 1, 1, 1, 1, 1, 1, 0, 1, 1, 1, 1, 1, 1, 1, 1, 1, 1, 1, 1, 1, 1)"
3.38237,50,118.055241,5,"(np.int64(31490), np.int64(19192), np.int64(19192), np.int64(36242), np.int64(19192), np.int64(19192), np.int64(19192), np.int64(31490), np.int64(19192), np.int64(31490), np.int64(31490), np.int64(31490), np.int64(31490), np.int64(31490), np.int64(31490), np.int64(10150), np.int64(31490), np.int64(31490), np.int64(31490), np.int64(31490), np.int64(31490), np.int64(4618), np.int64(31490), np.int64(13923), np.int64(31490), np.int64(31490), np.int64(31490), np.int64(31490), np.int64(31490), np.int64(31490), np.int64(31490), np.int64(31490), np.int64(31490), np.int64(30819), np.int64(31490), np.int64(31490), np.int64(31490), np.int64(31490), np.int64(31490), np.int64(31490), np.int64(31490), np.int64(31490), np.int64(31490), np.int64(31490), np.int64(24104), np.int64(19192), np.int64(19192), np.int64(19192), np.int64(13898), np.int64(19192))","(1, 0, 0, 0, 0, 0, 0, 1, 0, 1, 1, 1, 1, 1, 1, 1, 1, 1, 1, 1, 1, 1, 1, 0, 1, 1, 1, 1, 1, 1, 1, 1, 1, 0, 1, 1, 1, 1, 1, 1, 1, 1, 1, 1, 1, 0, 0, 0, 1, 0)"
3.522165,50,118.586896,8,"(np.int64(19192), np.int64(11221), np.int64(19192), np.int64(19192), np.int64(19192), np.int64(19480), np.int64(19192), np.int64(19192), np.int64(6872), np.int64(19192), np.int64(6872), np.int64(6872), np.int64(6872), np.int64(6872), np.int64(48294), np.int64(6872), np.int64(6872), np.int64(6872), np.int64(16117), np.int64(6872), np.int64(16117), np.int64(6872), np.int64(16117), np.int64(16117), np.int64(16117), np.int64(16117), np.int64(16117), np.int64(16117), np.int64(16117), np.int64(16117), np.int64(24104), np.int64(24104), np.int64(24104), np.int64(24104), np.int64(24104), np.int64(34631), np.int64(24104), np.int64(24104), np.int64(24104), np.int64(24104), np.int64(24104), np.int64(24104), np.int64(24104), np.int64(24104), np.int64(24104), np.int64(24104), np.int64(24104), np.int64(24104), np.int64(24104), np.int64(13866))","(0, 1, 0, 0, 0, 1, 0, 0, 1, 0, 1, 1, 1, 1, 0, 1, 1, 1, 1, 1, 1, 1, 1, 1, 1, 1, 1, 1, 1, 1, 1, 1, 1, 1, 1, 0, 1, 1, 1, 1, 1, 1, 1, 1, 1, 1, 1, 1, 1, 1)"
2.459188,50,119.113538,6,"(np.int64(24104), np.int64(24104), np.int64(24104), np.int64(24104), np.int64(24104), np.int64(24104), np.int64(45919), np.int64(24104), np.int64(24104), np.int64(24104), np.int64(24104), np.int64(24104), np.int64(24104), np.int64(24104), np.int64(24104), np.int64(24104), np.int64(1156), np.int64(24104), np.int64(24104), np.int64(24104), np.int64(24104), np.int64(24104), np.int64(24104), np.int64(24104), np.int64(24104), np.int64(24104), np.int64(24104), np.int64(24104), np.int64(24104), np.int64(24104), np.int64(24104), np.int64(21444), np.int64(24104), np.int64(24104), np.int64(38220), np.int64(24104), np.int64(24104), np.int64(24104), np.int64(13233), np.int64(24104), np.int64(24104), np.int64(24104), np.int64(24104), np.int64(24104), np.int64(24104), np.int64(24104), np.int64(24104), np.int64(24104), np.int64(24104), np.int64(24104))","(1, 1, 1, 1, 1, 1, 0, 1, 1, 1, 1, 1, 1, 1, 1, 1, 1, 1, 1, 1, 1, 1, 1, 1, 1, 1, 1, 1, 1, 1, 1, 1, 1, 1, 0, 1, 1, 1, 1, 1, 1, 1, 1, 1, 1, 1, 1, 1, 1, 1)"
1.812199,50,119.632421,7,"(np.int64(24104), np.int64(24104), np.int64(24104), np.int64(24104), np.int64(24104), np.int64(23415), np.int64(24104), np.int64(24104), np.int64(24104), np.int64(24104), np.int64(24104), np.int64(24104), np.int64(24104), np.int64(24104), np.int64(24104), np.int64(24104), np.int64(24104), np.int64(24104), np.int64(24104), np.int64(24104), np.int64(24104), np.int64(18252), np.int64(31902), np.int64(32689), np.int64(24104), np.int64(24104), np.int64(24104), np.int64(24104), np.int64(24104), np.int64(24104), np.int64(24104), np.int64(24104), np.int64(24104), np.int64(24104), np.int64(24104), np.int64(24104), np.int64(24104), np.int64(24104), np.int64(24104), np.int64(24104), np.int64(24104), np.int64(39176), np.int64(24104), np.int64(40899), np.int64(24104), np.int64(24104), np.int64(11047), np.int64(16117), np.int64(24104), np.int64(16117))","(1, 1, 1, 1, 1, 1, 1, 1, 1, 1, 1, 1, 1, 1, 1, 1, 1, 1, 1, 1, 1, 0, 0, 0, 1, 1, 1, 1, 1, 1, 1, 1, 1, 1, 1, 1, 1, 1, 1, 1, 1, 0, 1, 0, 1, 1, 0, 1, 1, 1)"
2.864412,50,120.169366,0,"(np.int64(7591), np.int64(7591), np.int64(49500), np.int64(7591), np.int64(40578), np.int64(7591), np.int64(16117), np.int64(7591), np.int64(16117), np.int64(116), np.int64(32786), np.int64(7591), np.int64(16117), np.int64(16117), np.int64(16117), np.int64(16117), np.int64(16117), np.int64(16117), np.int64(16117), np.int64(31033), np.int64(13833), np.int64(16117), np.int64(16117), np.int64(25115), np.int64(16117), np.int64(16117), np.int64(16117), np.int64(16117), np.int64(6275), np.int64(16117), np.int64(16117), np.int64(16117), np.int64(39234), np.int64(16117), np.int64(16117), np.int64(16117), np.int64(46286), np.int64(16117), np.int64(16117), np.int64(16117), np.int64(16117), np.int64(16117), np.int64(16117), np.int64(23436), np.int64(16117), np.int64(16117), np.int64(16117), np.int64(46090), np.int64(11848), np.int64(11147))","(1, 1, 0, 1, 0, 1, 0, 1, 0, 1, 0, 1, 0, 0, 0, 0, 0, 0, 0, 0, 0, 0, 0, 0, 0, 0, 0, 0, 0, 0, 0, 0, 0, 0, 0, 0, 1, 0, 0, 0, 0, 0, 0, 0, 0, 0, 0, 1, 0, 0)"
3.670595,50,120.698793,6,"(np.int64(16252), np.int64(16252), np.int64(16252), np.int64(24827), np.int64(47946), np.int64(16252), np.int64(16252), np.int64(11147), np.int64(16252), np.int64(11147), np.int64(11147), np.int64(11147), np.int64(11147), np.int64(11147), np.int64(11147), np.int64(11147), np.int64(11147), np.int64(11147), np.int64(11147), np.int64(11147), np.int64(11147), np.int64(11147), np.int64(24104), np.int64(11147), np.int64(11147), np.int64(24104), np.int64(11147), np.int64(24104), np.int64(11147), np.int64(46490), np.int64(24104), np.int64(24104), np.int64(24104), np.int64(24104), np.int64(24104), np.int64(26945), np.int64(28384), np.int64(5258), np.int64(5258), np.int64(5258), np.int64(5258), np.int64(5258), np.int64(5258), np.int64(5258), np.int64(22835), np.int64(5258), np.int64(5258), np.int64(24104), np.int64(34770), np.int64(5258))","(1, 1, 1, 1, 0, 1, 1, 1, 1, 1, 1, 1, 1, 1, 1, 1, 1, 1, 1, 1, 1, 1, 1, 1, 1, 1, 1, 1, 1, 1, 1, 1, 1, 1, 1, 0, 0, 1, 1, 1, 1, 1, 1, 1, 0, 1, 1, 1, 0, 1)"
2.4855,50,121.23516,6,"(np.int64(5258), np.int64(40666), np.int64(5258), np.int64(5258), np.int64(5258), np.int64(5258), np.int64(10134), np.int64(5258), np.int64(5258), np.int64(35176), np.int64(5258), np.int64(5258), np.int64(5258), np.int64(5258), np.int64(5258), np.int64(5258), np.int64(5258), np.int64(5258), np.int64(5258), np.int64(5258), np.int64(5258), np.int64(16751), np.int64(5258), np.int64(5258), np.int64(16751), np.int64(5258), np.int64(5258), np.int64(16751), np.int64(5258), np.int64(16751), np.int64(5258), np.int64(16751), np.int64(36937), np.int64(5258), np.int64(16751), np.int64(5258), np.int64(6442), np.int64(5258), np.int64(16751), np.int64(5258), np.int64(16751), np.int64(5258), np.int64(16751), np.int64(16751), np.int64(16751), np.int64(16751), np.int64(16751), np.int64(16751), np.int64(16751), np.int64(16751))","(1, 0, 1, 1, 1, 1, 1, 1, 1, 0, 1, 1, 1, 1, 1, 1, 1, 1, 1, 1, 1, 1, 1, 1, 1, 1, 1, 1, 1, 1, 1, 1, 0, 1, 1, 1, 1, 1, 1, 1, 1, 1, 1, 1, 1, 1, 1, 1, 1, 1)"
5.952584,50,121.752787,1,"(np.int64(5258), np.int64(5258), np.int64(5258), np.int64(26873), np.int64(5258), np.int64(5258), np.int64(18131), np.int64(16252), np.int64(16252), np.int64(13301), np.int64(22701), np.int64(16252), np.int64(16252), np.int64(16252), np.int64(16252), np.int64(16252), np.int64(16252), np.int64(16252), np.int64(11387), np.int64(16252), np.int64(29091), np.int64(16252), np.int64(16252), np.int64(16252), np.int64(16252), np.int64(12562), np.int64(16252), np.int64(16252), np.int64(40812), np.int64(16252), np.int64(16252), np.int64(16252), np.int64(35848), np.int64(16252), np.int64(16252), np.int64(16252), np.int64(40350), np.int64(16252), np.int64(33142), np.int64(16252), np.int64(16252), np.int64(16252), np.int64(11566), np.int64(16252), np.int64(35500), np.int64(16252), np.int64(16252), np.int64(14589), np.int64(16252), np.int64(16252))","(1, 1, 1, 0, 1, 1, 0, 1, 1, 1, 0, 1, 1, 1, 1, 1, 1, 1, 1, 1, 1, 1, 1, 1, 1, 1, 1, 1, 0, 1, 1, 1, 1, 1, 1, 1, 0, 1, 0, 1, 1, 1, 1, 1, 0, 1, 1, 1, 1, 1)"
4.751128,50,122.299,7,"(np.int64(16252), np.int64(16252), np.int64(16252), np.int64(16252), np.int64(16252), np.int64(8102), np.int64(16252), np.int64(16252), np.int64(7591), np.int64(7591), np.int64(7591), np.int64(7591), np.int64(20032), np.int64(7591), np.int64(7591), np.int64(7591), np.int64(7591), np.int64(18241), np.int64(7591), np.int64(7591), np.int64(7591), np.int64(7591), np.int64(7591), np.int64(7591), np.int64(7591), np.int64(9218), np.int64(7591), np.int64(7591), np.int64(9218), np.int64(7591), np.int64(9218), np.int64(34792), np.int64(7591), np.int64(7591), np.int64(9218), np.int64(7591), np.int64(9218), np.int64(9218), np.int64(9218), np.int64(9218), np.int64(9218), np.int64(4336), np.int64(4357), np.int64(45225), np.int64(4357), np.int64(4357), np.int64(4357), np.int64(4357), np.int64(4357), np.int64(4357))","(1, 1, 1, 1, 1, 1, 1, 1, 1, 1, 1, 1, 1, 1, 1, 1, 1, 1, 1, 1, 1, 1, 1, 1, 1, 1, 1, 1, 1, 1, 1, 0, 1, 1, 1, 1, 1, 1, 1, 1, 1, 1, 1, 0, 1, 1, 1, 1, 1, 1)"
0.85083,50,122.835446,0,"(np.int64(4357), np.int64(4357), np.int64(4357), np.int64(4357), np.int64(4357), np.int64(42899), np.int64(4357), np.int64(4357), np.int64(4357), np.int64(4357), np.int64(14903), np.int64(4357), np.int64(1268), np.int64(4357), np.int64(1268), np.int64(1268), np.int64(1268), np.int64(30080), np.int64(1268), np.int64(1268), np.int64(1268), np.int64(1268), np.int64(1268), np.int64(1268), np.int64(1268), np.int64(1268), np.int64(29678), np.int64(1268), np.int64(1268), np.int64(1268), np.int64(5772), np.int64(1268), np.int64(5772), np.int64(1268), np.int64(5772), np.int64(5772), np.int64(1268), np.int64(5772), np.int64(5772), np.int64(5772), np.int64(1595), np.int64(13309), np.int64(23993), np.int64(13309), np.int64(13309), np.int64(13309), np.int64(6876), np.int64(6876), np.int64(6876), np.int64(6876))","(0, 0, 0, 0, 0, 0, 0, 0, 0, 0, 0, 0, 1, 0, 1, 1, 1, 0, 1, 1, 1, 1, 1, 1, 1, 1, 0, 1, 1, 1, 0, 1, 0, 1, 0, 0, 1, 0, 0, 0, 0, 0, 0, 0, 0, 0, 0, 0, 0, 0)"
2.515456,50,123.385832,7,"(np.int64(6876), np.int64(6876), np.int64(6876), np.int64(6876), np.int64(6876), np.int64(6876), np.int64(6876), np.int64(6876), np.int64(6876), np.int64(6876), np.int64(5772), np.int64(6876), np.int64(6876), np.int64(5772), np.int64(47191), np.int64(6876), np.int64(5772), np.int64(23507), np.int64(6876), np.int64(5772), np.int64(19440), np.int64(23507), np.int64(23507), np.int64(45303), np.int64(23507), np.int64(23507), np.int64(23507), np.int64(23507), np.int64(23507), np.int64(23507), np.int64(23507), np.int64(23507), np.int64(23507), np.int64(4492), np.int64(32538), np.int64(23507), np.int64(23507), np.int64(4492), np.int64(23507), np.int64(4492), np.int64(23507), np.int64(23507), np.int64(7979), np.int64(23507), np.int64(23507), np.int64(23507), np.int64(23507), np.int64(23507), np.int64(23507), np.int64(47716))","(1, 1, 1, 1, 1, 1, 1, 1, 1, 1, 1, 1, 1, 1, 0, 1, 1, 1, 1, 1, 0, 1, 1, 0, 1, 1, 1, 1, 1, 1, 1, 1, 1, 1, 0, 1, 1, 1, 1, 1, 1, 1, 0, 1, 1, 1, 1, 1, 1, 0)"
4.950843,50,123.93133,7,"(np.int64(13443), np.int64(2917), np.int64(16333), np.int64(16333), np.int64(16333), np.int64(16333), np.int64(16333), np.int64(29018), np.int64(16333), np.int64(16333), np.int64(16333), np.int64(16333), np.int64(16333), np.int64(16333), np.int64(23507), np.int64(16333), np.int64(14105), np.int64(16333), np.int64(16333), np.int64(16333), np.int64(16333), np.int64(16333), np.int64(16333), np.int64(16333), np.int64(16333), np.int64(16333), np.int64(49668), np.int64(16333), np.int64(16333), np.int64(49668), np.int64(16333), np.int64(16333), np.int64(49668), np.int64(16333), np.int64(49668), np.int64(16333), np.int64(49668), np.int64(16333), np.int64(49668), np.int64(7861), np.int64(16333), np.int64(49668), np.int64(7861), np.int64(7861), np.int64(7861), np.int64(7861), np.int64(7861), np.int64(7861), np.int64(7861), np.int64(8878))","(1, 1, 1, 1, 1, 1, 1, 1, 1, 1, 1, 1, 1, 1, 1, 1, 1, 1, 1, 1, 1, 1, 1, 1, 1, 1, 0, 1, 1, 0, 1, 1, 0, 1, 0, 1, 0, 1, 0, 1, 1, 0, 1, 1, 1, 1, 1, 1, 1, 1)"
2.374104,50,124.479774,0,"(np.int64(7861), np.int64(7861), np.int64(7861), np.int64(7861), np.int64(7861), np.int64(7861), np.int64(7861), np.int64(7861), np.int64(34729), np.int64(7861), np.int64(7861), np.int64(7861), np.int64(7861), np.int64(30856), np.int64(7861), np.int64(7861), np.int64(7861), np.int64(7861), np.int64(3706), np.int64(4122), np.int64(7861), np.int64(9943), np.int64(7861), np.int64(7861), np.int64(5772), np.int64(7861), np.int64(7861), np.int64(5772), np.int64(7861), np.int64(5772), np.int64(7861), np.int64(23152), np.int64(49705), np.int64(24429), np.int64(24429), np.int64(24429), np.int64(24429), np.int64(12714), np.int64(24429), np.int64(31758), np.int64(35789), np.int64(35789), np.int64(35789), np.int64(35789), np.int64(24429), np.int64(24429), np.int64(24429), np.int64(24429), np.int64(24429), np.int64(7410))","(1, 1, 1, 1, 1, 1, 1, 1, 0, 1, 1, 1, 1, 0, 1, 1, 1, 1, 0, 0, 1, 1, 1, 1, 0, 1, 1, 0, 1, 0, 1, 0, 0, 1, 1, 1, 1, 0, 1, 0, 0, 0, 0, 0, 1, 1, 1, 1, 1, 0)"
3.986573,50,125.021561,1,"(np.int64(35789), np.int64(28941), np.int64(35789), np.int64(35789), np.int64(35789), np.int64(35789), np.int64(35789), np.int64(24429), np.int64(35789), np.int64(35789), np.int64(24429), np.int64(22026), np.int64(35789), np.int64(24429), np.int64(24429), np.int64(24429), np.int64(24429), np.int64(24429), np.int64(46854), np.int64(24429), np.int64(24429), np.int64(24429), np.int64(24429), np.int64(24429), np.int64(24429), np.int64(3158), np.int64(24429), np.int64(24429), np.int64(24429), np.int64(19754), np.int64(14857), np.int64(24429), np.int64(24429), np.int64(24407), np.int64(24429), np.int64(24407), np.int64(24429), np.int64(24407), np.int64(24429), np.int64(24407), np.int64(24429), np.int64(24407), np.int64(24407), np.int64(24407), np.int64(24407), np.int64(24407), np.int64(24407), np.int64(24407), np.int64(24407), np.int64(24407))","(0, 1, 0, 0, 0, 0, 0, 1, 0, 0, 1, 1, 0, 1, 1, 1, 1, 1, 0, 1, 1, 1, 1, 1, 1, 0, 1, 1, 1, 1, 1, 1, 1, 1, 1, 1, 1, 1, 1, 1, 1, 1, 1, 1, 1, 1, 1, 1, 1, 1)"
7.160162,50,125.566245,5,"(np.int64(24429), np.int64(24429), np.int64(24429), np.int64(24407), np.int64(16673), np.int64(35429), np.int64(4612), np.int64(16673), np.int64(16673), np.int64(16673), np.int64(28653), np.int64(21830), np.int64(16673), np.int64(16673), np.int64(24407), np.int64(16673), np.int64(24407), np.int64(16673), np.int64(24407), np.int64(24407), np.int64(513), np.int64(10733), np.int64(513), np.int64(513), np.int64(513), np.int64(513), np.int64(513), np.int64(513), np.int64(513), np.int64(513), np.int64(513), np.int64(24407), np.int64(22020), np.int64(513), np.int64(513), np.int64(24407), np.int64(513), np.int64(24407), np.int64(513), np.int64(24407), np.int64(513), np.int64(513), np.int64(24407), np.int64(3313), np.int64(513), np.int64(513), np.int64(513), np.int64(513), np.int64(513), np.int64(513))","(1, 1, 1, 1, 1, 1, 1, 1, 1, 1, 1, 1, 1, 1, 1, 1, 1, 1, 1, 1, 1, 1, 1, 1, 1, 1, 1, 1, 1, 1, 1, 1, 1, 1, 1, 1, 1, 1, 1, 1, 1, 1, 1, 1, 1, 1, 1, 1, 1, 1)"
2.846112,50,126.100859,2,"(np.int64(513), np.int64(513), np.int64(33227), np.int64(513), np.int64(513), np.int64(513), np.int64(513), np.int64(513), np.int64(513), np.int64(513), np.int64(513), np.int64(513), np.int64(36411), np.int64(513), np.int64(513), np.int64(513), np.int64(513), np.int64(513), np.int64(513), np.int64(40671), np.int64(513), np.int64(513), np.int64(513), np.int64(513), np.int64(513), np.int64(513), np.int64(513), np.int64(513), np.int64(513), np.int64(513), np.int64(21939), np.int64(2937), np.int64(513), np.int64(2937), np.int64(2937), np.int64(2937), np.int64(2937), np.int64(2937), np.int64(2937), np.int64(2937), np.int64(2937), np.int64(2937), np.int64(2937), np.int64(2937), np.int64(2937), np.int64(2937), np.int64(2937), np.int64(2937), np.int64(2937), np.int64(49314))","(1, 1, 1, 1, 1, 1, 1, 1, 1, 1, 1, 1, 0, 1, 1, 1, 1, 1, 1, 0, 1, 1, 1, 1, 1, 1, 1, 1, 1, 1, 1, 1, 1, 1, 1, 1, 1, 1, 1, 1, 1, 1, 1, 1, 1, 1, 1, 1, 1, 0)"
2.366739,50,126.661556,3,"(np.int64(2937), np.int64(2937), np.int64(2937), np.int64(2937), np.int64(2937), np.int64(2937), np.int64(2937), np.int64(2937), np.int64(2937), np.int64(2937), np.int64(32251), np.int64(2937), np.int64(19408), np.int64(2937), np.int64(2937), np.int64(2937), np.int64(2937), np.int64(2937), np.int64(2937), np.int64(2937), np.int64(2937), np.int64(2937), np.int64(2937), np.int64(2937), np.int64(2937), np.int64(2937), np.int64(2937), np.int64(2937), np.int64(2937), np.int64(2937), np.int64(2937), np.int64(2937), np.int64(43884), np.int64(2937), np.int64(1968), np.int64(2937), np.int64(2937), np.int64(2937), np.int64(2937), np.int64(25113), np.int64(2937), np.int64(2937), np.int64(2937), np.int64(2937), np.int64(2937), np.int64(2937), np.int64(2937), np.int64(2937), np.int64(2937), np.int64(2937))","(1, 1, 1, 1, 1, 1, 1, 1, 1, 1, 0, 1, 1, 1, 1, 1, 1, 1, 1, 1, 1, 1, 1, 1, 1, 1, 1, 1, 1, 1, 1, 1, 0, 1, 1, 1, 1, 1, 1, 1, 1, 1, 1, 1, 1, 1, 1, 1, 1, 1)"
4.793414,50,127.201956,7,"(np.int64(21727), np.int64(21727), np.int64(16312), np.int64(21727), np.int64(21727), np.int64(21727), np.int64(30810), np.int64(21727), np.int64(21727), np.int64(21727), np.int64(33466), np.int64(21727), np.int64(21727), np.int64(24445), np.int64(21727), np.int64(21727), np.int64(21727), np.int64(21727), np.int64(21727), np.int64(21727), np.int64(21727), np.int64(21727), np.int64(21727), np.int64(5654), np.int64(21727), np.int64(21727), np.int64(29432), np.int64(17940), np.int64(21727), np.int64(21727), np.int64(21727), np.int64(21727), np.int64(21727), np.int64(21727), np.int64(5287), np.int64(21727), np.int64(9753), np.int64(21727), np.int64(5287), np.int64(21727), np.int64(5287), np.int64(5287), np.int64(5287), np.int64(19619), np.int64(19619), np.int64(19619), np.int64(19619), np.int64(19619), np.int64(19619), np.int64(5287))","(1, 1, 1, 1, 1, 1, 0, 1, 1, 1, 0, 1, 1, 1, 1, 1, 1, 1, 1, 1, 1, 1, 1, 1, 1, 1, 0, 1, 1, 1, 1, 1, 1, 1, 1, 1, 1, 1, 1, 1, 1, 1, 1, 1, 1, 1, 1, 1, 1, 1)"
3.998498,50,127.747726,3,"(np.int64(19619), np.int64(19619), np.int64(19619), np.int64(19619), np.int64(5287), np.int64(19619), np.int64(5287), np.int64(19619), np.int64(25640), np.int64(40356), np.int64(43065), np.int64(23152), np.int64(5287), np.int64(40568), np.int64(5287), np.int64(5287), np.int64(5287), np.int64(5287), np.int64(5287), np.int64(5287), np.int64(5287), np.int64(5287), np.int64(5287), np.int64(9556), np.int64(5287), np.int64(5287), np.int64(5287), np.int64(5287), np.int64(5287), np.int64(5287), np.int64(2049), np.int64(5287), np.int64(5287), np.int64(5287), np.int64(5287), np.int64(14903), np.int64(5287), np.int64(5287), np.int64(5287), np.int64(5287), np.int64(37297), np.int64(5287), np.int64(5287), np.int64(5287), np.int64(5287), np.int64(5287), np.int64(5287), np.int64(5287), np.int64(19619), np.int64(19619))","(1, 1, 1, 1, 1, 1, 1, 1, 0, 0, 1, 0, 1, 0, 1, 1, 1, 1, 1, 1, 1, 1, 1, 1, 1, 1, 1, 1, 1, 1, 1, 1, 1, 1, 1, 1, 1, 1, 1, 1, 1, 1, 1, 1, 1, 1, 1, 1, 1, 1)"
2.747447,50,128.267042,1,"(np.int64(19619), np.int64(19619), np.int64(19619), np.int64(19619), np.int64(19619), np.int64(19619), np.int64(19619), np.int64(19619), np.int64(19619), np.int64(19619), np.int64(1401), np.int64(19619), np.int64(19619), np.int64(19619), np.int64(19619), np.int64(19619), np.int64(30108), np.int64(19619), np.int64(19619), np.int64(19619), np.int64(19619), np.int64(19619), np.int64(19619), np.int64(19619), np.int64(19619), np.int64(19619), np.int64(33279), np.int64(19619), np.int64(19619), np.int64(19619), np.int64(19619), np.int64(19619), np.int64(19619), np.int64(19619), np.int64(19619), np.int64(19619), np.int64(49148), np.int64(19619), np.int64(19619), np.int64(19619), np.int64(19619), np.int64(19619), np.int64(49668), np.int64(19619), np.int64(19619), np.int64(49668), np.int64(19619), np.int64(6814), np.int64(19619), np.int64(47610))","(1, 1, 1, 1, 1, 1, 1, 1, 1, 1, 1, 1, 1, 1, 1, 1, 0, 1, 1, 1, 1, 1, 1, 1, 1, 1, 0, 1, 1, 1, 1, 1, 1, 1, 1, 1, 0, 1, 1, 1, 1, 1, 1, 1, 1, 1, 1, 1, 1, 0)"
3.628084,50,128.822943,6,"(np.int64(16839), np.int64(16839), np.int64(16839), np.int64(16839), np.int64(16839), np.int64(16839), np.int64(16839), np.int64(16839), np.int64(16839), np.int64(16839), np.int64(16839), np.int64(6814), np.int64(16839), np.int64(16839), np.int64(6814), np.int64(16839), np.int64(6814), np.int64(16839), np.int64(6814), np.int64(16839), np.int64(6814), np.int64(6814), np.int64(6814), np.int64(17880), np.int64(6814), np.int64(6814), np.int64(8111), np.int64(42803), np.int64(6814), np.int64(6814), np.int64(6814), np.int64(6814), np.int64(6814), np.int64(6687), np.int64(6814), np.int64(6814), np.int64(6814), np.int64(6814), np.int64(6814), np.int64(6814), np.int64(6814), np.int64(6814), np.int64(25605), np.int64(6814), np.int64(6814), np.int64(6814), np.int64(6814), np.int64(49668), np.int64(6814), np.int64(6814))","(1, 1, 1, 1, 1, 1, 1, 1, 1, 1, 1, 1, 1, 1, 1, 1, 1, 1, 1, 1, 1, 1, 1, 1, 1, 1, 0, 0, 1, 1, 1, 1, 1, 1, 1, 1, 1, 1, 1, 1, 1, 1, 1, 1, 1, 1, 1, 1, 1, 1)"
3.173232,50,129.35736,5,"(np.int64(3043), np.int64(6814), np.int64(3043), np.int64(6814), np.int64(6814), np.int64(6814), np.int64(6814), np.int64(6814), np.int64(6814), np.int64(6814), np.int64(6814), np.int64(6814), np.int64(6814), np.int64(6814), np.int64(6814), np.int64(6814), np.int64(6814), np.int64(6814), np.int64(23391), np.int64(6814), np.int64(23391), np.int64(6814), np.int64(23391), np.int64(18659), np.int64(6814), np.int64(23391), np.int64(23391), np.int64(23391), np.int64(23391), np.int64(23391), np.int64(2341), np.int64(23391), np.int64(23391), np.int64(23391), np.int64(23391), np.int64(23391), np.int64(23391), np.int64(27667), np.int64(23391), np.int64(23391), np.int64(23391), np.int64(23391), np.int64(23391), np.int64(23391), np.int64(23391), np.int64(23391), np.int64(23391), np.int64(23391), np.int64(23391), np.int64(23391))","(1, 1, 1, 1, 1, 1, 1, 1, 1, 1, 1, 1, 1, 1, 1, 1, 1, 1, 1, 1, 1, 1, 1, 0, 1, 1, 1, 1, 1, 1, 1, 1, 1, 1, 1, 1, 1, 1, 1, 1, 1, 1, 1, 1, 1, 1, 1, 1, 1, 1)"
2.923872,50,129.906224,8,"(np.int64(23391), np.int64(23391), np.int64(23391), np.int64(23391), np.int64(23391), np.int64(23391), np.int64(23391), np.int64(23391), np.int64(23391), np.int64(23391), np.int64(23391), np.int64(23391), np.int64(23391), np.int64(23391), np.int64(8009), np.int64(23391), np.int64(23391), np.int64(23391), np.int64(23391), np.int64(23391), np.int64(17852), np.int64(24716), np.int64(12856), np.int64(12856), np.int64(12856), np.int64(12856), np.int64(12856), np.int64(12856), np.int64(12856), np.int64(12856), np.int64(12856), np.int64(12856), np.int64(12856), np.int64(12856), np.int64(12856), np.int64(12856), np.int64(12856), np.int64(12856), np.int64(12856), np.int64(12856), np.int64(12856), np.int64(12856), np.int64(17852), np.int64(46779), np.int64(12856), np.int64(25188), np.int64(39836), np.int64(12856), np.int64(12856), np.int64(7784))","(0, 0, 0, 0, 0, 0, 0, 0, 0, 0, 0, 0, 0, 0, 1, 0, 0, 0, 0, 0, 0, 1, 1, 1, 1, 1, 1, 1, 1, 1, 1, 1, 1, 1, 1, 1, 1, 1, 1, 1, 1, 1, 0, 0, 1, 1, 0, 1, 1, 1)"
3.856039,50,130.449896,6,"(np.int64(12856), np.int64(12856), np.int64(12856), np.int64(12856), np.int64(12856), np.int64(12856), np.int64(12856), np.int64(10948), np.int64(12856), np.int64(12856), np.int64(13561), np.int64(13561), np.int64(28897), np.int64(13561), np.int64(13561), np.int64(13561), np.int64(13561), np.int64(13561), np.int64(13561), np.int64(13561), np.int64(17524), np.int64(13561), np.int64(13561), np.int64(13561), np.int64(13561), np.int64(13561), np.int64(13561), np.int64(13561), np.int64(13561), np.int64(13561), np.int64(13561), np.int64(13561), np.int64(7784), np.int64(13561), np.int64(13561), np.int64(24110), np.int64(13561), np.int64(44234), np.int64(13561), np.int64(31356), np.int64(13561), np.int64(13561), np.int64(7784), np.int64(13561), np.int64(13561), np.int64(7784), np.int64(13561), np.int64(7784), np.int64(13561), np.int64(7784))","(1, 1, 1, 1, 1, 1, 1, 1, 1, 1, 1, 1, 0, 1, 1, 1, 1, 1, 1, 1, 1, 1, 1, 1, 1, 1, 1, 1, 1, 1, 1, 1, 1, 1, 1, 0, 1, 0, 1, 1, 1, 1, 1, 1, 1, 1, 1, 1, 1, 1)"
3.712889,50,130.993429,8,"(np.int64(13561), np.int64(13561), np.int64(13561), np.int64(13561), np.int64(13561), np.int64(13561), np.int64(13561), np.int64(13561), np.int64(24716), np.int64(13561), np.int64(13561), np.int64(3879), np.int64(13561), np.int64(24716), np.int64(24716), np.int64(287), np.int64(13561), np.int64(11033), np.int64(24716), np.int64(24716), np.int64(24716), np.int64(24716), np.int64(44444), np.int64(24716), np.int64(24716), np.int64(24716), np.int64(24716), np.int64(24716), np.int64(24716), np.int64(24716), np.int64(24716), np.int64(24716), np.int64(24716), np.int64(24716), np.int64(24716), np.int64(24716), np.int64(24716), np.int64(24716), np.int64(24716), np.int64(24716), np.int64(46145), np.int64(24716), np.int64(24716), np.int64(24716), np.int64(24716), np.int64(24716), np.int64(34770), np.int64(24716), np.int64(24716), np.int64(7784))","(1, 1, 1, 1, 1, 1, 1, 1, 1, 1, 1, 1, 1, 1, 1, 1, 1, 1, 1, 1, 1, 1, 0, 1, 1, 1, 1, 1, 1, 1, 1, 1, 1, 1, 1, 1, 1, 1, 1, 1, 0, 1, 1, 1, 1, 1, 0, 1, 1, 1)"
0.65,50,131.527822,0,"(np.int64(24716), np.int64(24716), np.int64(24716), np.int64(24716), np.int64(24716), np.int64(14485), np.int64(24716), np.int64(41695), np.int64(24716), np.int64(42452), np.int64(24716), np.int64(11896), np.int64(12608), np.int64(24716), np.int64(5904), np.int64(5904), np.int64(5904), np.int64(17888), np.int64(5904), np.int64(5904), np.int64(5904), np.int64(5904), np.int64(5904), np.int64(5904), np.int64(5904), np.int64(5904), np.int64(5904), np.int64(5904), np.int64(5904), np.int64(7784), np.int64(5904), np.int64(5904), np.int64(5904), np.int64(7784), np.int64(7784), np.int64(5904), np.int64(7784), np.int64(7784), np.int64(7784), np.int64(7784), np.int64(7784), np.int64(7784), np.int64(7784), np.int64(7784), np.int64(7784), np.int64(7784), np.int64(4655), np.int64(4655), np.int64(4655), np.int64(4655))","(0, 0, 0, 0, 0, 0, 0, 1, 0, 0, 0, 0, 0, 0, 0, 0, 0, 0, 0, 0, 0, 0, 0, 0, 0, 0, 0, 0, 0, 0, 0, 0, 0, 0, 0, 0, 0, 0, 0, 0, 0, 0, 0, 0, 0, 0, 0, 0, 0, 0)"
2.683295,50,132.089605,6,"(np.int64(4655), np.int64(4655), np.int64(4655), np.int64(4655), np.int64(4655), np.int64(4655), np.int64(4655), np.int64(4655), np.int64(4655), np.int64(4655), np.int64(4655), np.int64(4655), np.int64(4655), np.int64(4655), np.int64(4655), np.int64(4655), np.int64(4655), np.int64(4655), np.int64(4655), np.int64(4655), np.int64(4655), np.int64(4655), np.int64(4655), np.int64(4655), np.int64(7784), np.int64(7784), np.int64(7784), np.int64(7784), np.int64(38087), np.int64(7784), np.int64(7784), np.int64(7784), np.int64(7784), np.int64(7784), np.int64(7784), np.int64(7784), np.int64(7784), np.int64(7784), np.int64(7784), np.int64(7784), np.int64(7784), np.int64(11184), np.int64(7784), np.int64(7784), np.int64(15320), np.int64(7784), np.int64(35821), np.int64(7784), np.int64(7784), np.int64(7784))","(1, 1, 1, 1, 1, 1, 1, 1, 1, 1, 1, 1, 1, 1, 1, 1, 1, 1, 1, 1, 1, 1, 1, 1, 1, 1, 1, 1, 0, 1, 1, 1, 1, 1, 1, 1, 1, 1, 1, 1, 1, 1, 1, 1, 1, 1, 0, 1, 1, 1)"
7.013892,50,132.635742,2,"(np.int64(7784), np.int64(7784), np.int64(7784), np.int64(7784), np.int64(7784), np.int64(7784), np.int64(7784), np.int64(7784), np.int64(7784), np.int64(7784), np.int64(7784), np.int64(7784), np.int64(7784), np.int64(7784), np.int64(7784), np.int64(7784), np.int64(7784), np.int64(7784), np.int64(7784), np.int64(7784), np.int64(7784), np.int64(7784), np.int64(7784), np.int64(34128), np.int64(32829), np.int64(20927), np.int64(1863), np.int64(1863), np.int64(1863), np.int64(22230), np.int64(14289), np.int64(14289), np.int64(14289), np.int64(14289), np.int64(14289), np.int64(14289), np.int64(14289), np.int64(3049), np.int64(14289), np.int64(7861), np.int64(14289), np.int64(7861), np.int64(14016), np.int64(7861), np.int64(7861), np.int64(10018), np.int64(23809), np.int64(23809), np.int64(23809), np.int64(23809))","(1, 1, 1, 1, 1, 1, 1, 1, 1, 1, 1, 1, 1, 1, 1, 1, 1, 1, 1, 1, 1, 1, 1, 0, 1, 1, 1, 1, 1, 0, 1, 1, 1, 1, 1, 1, 1, 1, 1, 1, 1, 1, 1, 1, 1, 1, 1, 1, 1, 1)"
2.952291,50,133.231992,7,"(np.int64(9597), np.int64(9597), np.int64(9597), np.int64(23809), np.int64(9597), np.int64(23809), np.int64(23809), np.int64(23809), np.int64(23809), np.int64(23809), np.int64(31787), np.int64(23809), np.int64(23809), np.int64(37580), np.int64(5209), np.int64(9597), np.int64(9597), np.int64(23809), np.int64(37580), np.int64(9597), np.int64(9597), np.int64(37580), np.int64(9597), np.int64(35432), np.int64(9597), np.int64(37580), np.int64(9597), np.int64(37580), np.int64(9597), np.int64(37580), np.int64(37580), np.int64(37580), np.int64(37580), np.int64(37580), np.int64(37580), np.int64(37580), np.int64(37580), np.int64(37580), np.int64(37580), np.int64(37580), np.int64(37580), np.int64(37580), np.int64(20363), np.int64(37580), np.int64(37580), np.int64(37580), np.int64(48416), np.int64(37580), np.int64(37580), np.int64(37580))","(1, 1, 1, 1, 1, 1, 1, 1, 1, 1, 0, 1, 1, 1, 1, 1, 1, 1, 1, 1, 1, 1, 1, 0, 1, 1, 1, 1, 1, 1, 1, 1, 1, 1, 1, 1, 1, 1, 1, 1, 1, 1, 1, 1, 1, 1, 0, 1, 1, 1)"
3.565769,50,133.786511,3,"(np.int64(15149), np.int64(9597), np.int64(9597), np.int64(9597), np.int64(9597), np.int64(9597), np.int64(37580), np.int64(9597), np.int64(1839), np.int64(37580), np.int64(37580), np.int64(37580), np.int64(37580), np.int64(37580), np.int64(37580), np.int64(37580), np.int64(37580), np.int64(37580), np.int64(14643), np.int64(14643), np.int64(14643), np.int64(14643), np.int64(14643), np.int64(14643), np.int64(14643), np.int64(14643), np.int64(14643), np.int64(14643), np.int64(14643), np.int64(14643), np.int64(14643), np.int64(14643), np.int64(14643), np.int64(14643), np.int64(14643), np.int64(14643), np.int64(14643), np.int64(14643), np.int64(14643), np.int64(14643), np.int64(14643), np.int64(14643), np.int64(14643), np.int64(14643), np.int64(13475), np.int64(45582), np.int64(14643), np.int64(14643), np.int64(14643), np.int64(22520))","(1, 1, 1, 1, 1, 1, 1, 1, 1, 1, 1, 1, 1, 1, 1, 1, 1, 1, 1, 1, 1, 1, 1, 1, 1, 1, 1, 1, 1, 1, 1, 1, 1, 1, 1, 1, 1, 1, 1, 1, 1, 1, 1, 1, 1, 0, 1, 1, 1, 0)"
2.491861,50,134.348209,8,"(np.int64(14643), np.int64(14643), np.int64(14643), np.int64(14643), np.int64(14643), np.int64(14643), np.int64(14643), np.int64(14643), np.int64(14643), np.int64(14643), np.int64(14643), np.int64(14643), np.int64(14643), np.int64(14643), np.int64(14643), np.int64(14643), np.int64(28470), np.int64(14643), np.int64(14643), np.int64(14643), np.int64(14643), np.int64(14643), np.int64(14643), np.int64(14643), np.int64(14643), np.int64(14643), np.int64(14643), np.int64(14643), np.int64(14643), np.int64(14643), np.int64(14643), np.int64(14643), np.int64(14643), np.int64(14643), np.int64(14643), np.int64(14643), np.int64(14643), np.int64(14643), np.int64(14643), np.int64(14691), np.int64(1863), np.int64(1863), np.int64(1863), np.int64(1863), np.int64(1863), np.int64(1863), np.int64(1863), np.int64(1863), np.int64(1863), np.int64(19722))","(1, 1, 1, 1, 1, 1, 1, 1, 1, 1, 1, 1, 1, 1, 1, 1, 0, 1, 1, 1, 1, 1, 1, 1, 1, 1, 1, 1, 1, 1, 1, 1, 1, 1, 1, 1, 1, 1, 1, 1, 1, 1, 1, 1, 1, 1, 1, 1, 1, 1)"
2.163073,50,134.905833,1,"(np.int64(1863), np.int64(1863), np.int64(1863), np.int64(1863), np.int64(1863), np.int64(1863), np.int64(1863), np.int64(4479), np.int64(1863), np.int64(1863), np.int64(1863), np.int64(1863), np.int64(1863), np.int64(1863), np.int64(33777), np.int64(3724), np.int64(1863), np.int64(1863), np.int64(1863), np.int64(1863), np.int64(1863), np.int64(1863), np.int64(1863), np.int64(1863), np.int64(1863), np.int64(1863), np.int64(1863), np.int64(1863), np.int64(1863), np.int64(1863), np.int64(1863), np.int64(1863), np.int64(1863), np.int64(1863), np.int64(1863), np.int64(1863), np.int64(1863), np.int64(1863), np.int64(1863), np.int64(1863), np.int64(1863), np.int64(1863), np.int64(1863), np.int64(1863), np.int64(1863), np.int64(1863), np.int64(1863), np.int64(1863), np.int64(1863), np.int64(1863))","(1, 1, 1, 1, 1, 1, 1, 1, 1, 1, 1, 1, 1, 1, 0, 1, 1, 1, 1, 1, 1, 1, 1, 1, 1, 1, 1, 1, 1, 1, 1, 1, 1, 1, 1, 1, 1, 1, 1, 1, 1, 1, 1, 1, 1, 1, 1, 1, 1, 1)"
3.796337,50,135.459099,4,"(np.int64(1863), np.int64(1863), np.int64(1863), np.int64(1863), np.int64(1863), np.int64(1863), np.int64(1863), np.int64(1863), np.int64(1863), np.int64(1863), np.int64(1863), np.int64(1863), np.int64(1863), np.int64(1863), np.int64(1863), np.int64(1863), np.int64(1863), np.int64(1863), np.int64(1863), np.int64(1863), np.int64(1863), np.int64(1863), np.int64(1863), np.int64(1863), np.int64(37358), np.int64(1863), np.int64(7878), np.int64(1863), np.int64(49668), np.int64(29261), np.int64(3043), np.int64(3043), np.int64(3043), np.int64(3043), np.int64(3043), np.int64(3043), np.int64(3043), np.int64(3043), np.int64(3043), np.int64(29261), np.int64(3043), np.int64(3043), np.int64(29261), np.int64(3043), np.int64(29261), np.int64(3043), np.int64(29261), np.int64(3043), np.int64(29261), np.int64(29261))","(1, 1, 1, 1, 1, 1, 1, 1, 1, 1, 1, 1, 1, 1, 1, 1, 1, 1, 1, 1, 1, 1, 1, 1, 1, 1, 1, 1, 1, 1, 1, 1, 1, 1, 1, 1, 1, 1, 1, 1, 1, 1, 1, 1, 1, 1, 1, 1, 1, 1)"
4.811714,50,135.98381,2,"(np.int64(8849), np.int64(30423), np.int64(3043), np.int64(3043), np.int64(3043), np.int64(3043), np.int64(3043), np.int64(3043), np.int64(3043), np.int64(3043), np.int64(29261), np.int64(3043), np.int64(29261), np.int64(3043), np.int64(29261), np.int64(15146), np.int64(3043), np.int64(15155), np.int64(3043), np.int64(24599), np.int64(3043), np.int64(16166), np.int64(24599), np.int64(24599), np.int64(3043), np.int64(24599), np.int64(49166), np.int64(24599), np.int64(24599), np.int64(24599), np.int64(24599), np.int64(24599), np.int64(24599), np.int64(24599), np.int64(24599), np.int64(24599), np.int64(24599), np.int64(24599), np.int64(24599), np.int64(24599), np.int64(24599), np.int64(24599), np.int64(41299), np.int64(24599), np.int64(24599), np.int64(14451), np.int64(24599), np.int64(24599), np.int64(24599), np.int64(24599))","(1, 0, 1, 1, 1, 1, 1, 1, 1, 1, 1, 1, 1, 1, 1, 1, 1, 0, 1, 1, 1, 1, 1, 1, 1, 1, 0, 1, 1, 1, 1, 1, 1, 1, 1, 1, 1, 1, 1, 1, 1, 1, 0, 1, 1, 1, 1, 1, 1, 1)"
5.656289,50,136.522916,5,"(np.int64(24599), np.int64(24599), np.int64(24599), np.int64(24599), np.int64(24599), np.int64(24599), np.int64(24599), np.int64(24599), np.int64(24599), np.int64(45091), np.int64(6604), np.int64(24599), np.int64(24599), np.int64(24599), np.int64(47901), np.int64(24599), np.int64(24599), np.int64(24599), np.int64(24599), np.int64(24599), np.int64(24599), np.int64(16149), np.int64(22998), np.int64(24599), np.int64(24599), np.int64(24599), np.int64(24599), np.int64(24599), np.int64(24599), np.int64(24599), np.int64(24599), np.int64(24599), np.int64(5126), np.int64(42001), np.int64(24599), np.int64(24599), np.int64(24599), np.int64(24599), np.int64(24599), np.int64(24599), np.int64(15213), np.int64(24599), np.int64(24599), np.int64(24599), np.int64(8202), np.int64(36103), np.int64(24599), np.int64(8202), np.int64(8202), np.int64(24599))","(1, 1, 1, 1, 1, 1, 1, 1, 1, 0, 1, 1, 1, 1, 1, 1, 1, 1, 1, 1, 1, 1, 0, 1, 1, 1, 1, 1, 1, 1, 1, 1, 1, 1, 1, 1, 1, 1, 1, 1, 1, 1, 1, 1, 1, 1, 1, 1, 1, 1)"
3.973321,50,137.047553,3,"(np.int64(24599), np.int64(24599), np.int64(24599), np.int64(24599), np.int64(8202), np.int64(24599), np.int64(8202), np.int64(35092), np.int64(8202), np.int64(8202), np.int64(8202), np.int64(24291), np.int64(8202), np.int64(8202), np.int64(8202), np.int64(8202), np.int64(8202), np.int64(8202), np.int64(27263), np.int64(8202), np.int64(8202), np.int64(8202), np.int64(8202), np.int64(8202), np.int64(8202), np.int64(8202), np.int64(39656), np.int64(8202), np.int64(34909), np.int64(8202), np.int64(8202), np.int64(8202), np.int64(8202), np.int64(8202), np.int64(8202), np.int64(8202), np.int64(8202), np.int64(8202), np.int64(8202), np.int64(1281), np.int64(21083), np.int64(21083), np.int64(43258), np.int64(21083), np.int64(21083), np.int64(21083), np.int64(21083), np.int64(21083), np.int64(31354), np.int64(21083))","(1, 1, 1, 1, 1, 1, 1, 0, 1, 1, 1, 1, 1, 1, 1, 1, 1, 1, 0, 1, 1, 1, 1, 1, 1, 1, 0, 1, 1, 1, 1, 1, 1, 1, 1, 1, 1, 1, 1, 1, 0, 0, 1, 0, 0, 0, 0, 0, 1, 0)"
0.71307,50,137.601899,0,"(np.int64(46848), np.int64(21083), np.int64(21083), np.int64(21083), np.int64(21083), np.int64(21083), np.int64(21083), np.int64(21083), np.int64(21083), np.int64(30730), np.int64(21083), np.int64(21083), np.int64(3659), np.int64(21083), np.int64(2001), np.int64(21083), np.int64(2001), np.int64(2001), np.int64(2001), np.int64(2001), np.int64(2001), np.int64(2001), np.int64(2001), np.int64(2001), np.int64(2001), np.int64(2001), np.int64(2001), np.int64(2001), np.int64(3355), np.int64(2001), np.int64(27162), np.int64(2001), np.int64(2001), np.int64(31059), np.int64(2001), np.int64(2001), np.int64(2001), np.int64(2001), np.int64(15873), np.int64(2001), np.int64(2001), np.int64(2001), np.int64(2001), np.int64(10008), np.int64(2001), np.int64(2001), np.int64(2001), np.int64(2001), np.int64(2001), np.int64(2001))","(0, 0, 0, 0, 0, 0, 0, 0, 0, 0, 0, 0, 0, 0, 0, 0, 0, 0, 0, 0, 0, 0, 0, 0, 0, 0, 0, 0, 1, 0, 0, 0, 0, 0, 0, 0, 0, 0, 0, 0, 0, 0, 0, 0, 0, 0, 0, 0, 0, 0)"
3.535915,50,138.156975,1,"(np.int64(5145), np.int64(2001), np.int64(5145), np.int64(5145), np.int64(5145), np.int64(2001), np.int64(5145), np.int64(5145), np.int64(5145), np.int64(5145), np.int64(5145), np.int64(5145), np.int64(2001), np.int64(5145), np.int64(5145), np.int64(5145), np.int64(5145), np.int64(5145), np.int64(5145), np.int64(5145), np.int64(13103), np.int64(5145), np.int64(5145), np.int64(5145), np.int64(5145), np.int64(5145), np.int64(5145), np.int64(5145), np.int64(5145), np.int64(5145), np.int64(5145), np.int64(5145), np.int64(5145), np.int64(5145), np.int64(5145), np.int64(5145), np.int64(5145), np.int64(5145), np.int64(6322), np.int64(5145), np.int64(5145), np.int64(6322), np.int64(5145), np.int64(5145), np.int64(25029), np.int64(5145), np.int64(26461), np.int64(5145), np.int64(5145), np.int64(25029))","(1, 1, 1, 1, 1, 1, 1, 1, 1, 1, 1, 1, 1, 1, 1, 1, 1, 1, 1, 1, 0, 1, 1, 1, 1, 1, 1, 1, 1, 1, 1, 1, 1, 1, 1, 1, 1, 1, 1, 1, 1, 1, 1, 1, 1, 1, 1, 1, 1, 1)"
3.062172,50,138.716402,7,"(np.int64(21581), np.int64(5145), np.int64(5145), np.int64(5145), np.int64(5145), np.int64(5145), np.int64(5145), np.int64(5145), np.int64(5145), np.int64(5145), np.int64(5145), np.int64(5145), np.int64(12357), np.int64(12357), np.int64(5145), np.int64(34867), np.int64(41238), np.int64(5145), np.int64(6322), np.int64(12357), np.int64(6322), np.int64(6322), np.int64(6322), np.int64(6322), np.int64(6322), np.int64(6322), np.int64(6322), np.int64(37920), np.int64(6322), np.int64(6322), np.int64(6322), np.int64(18580), np.int64(18580), np.int64(6322), np.int64(18580), np.int64(18580), np.int64(18580), np.int64(18580), np.int64(18580), np.int64(18580), np.int64(18580), np.int64(18580), np.int64(18580), np.int64(8569), np.int64(18580), np.int64(18580), np.int64(18580), np.int64(18580), np.int64(18580), np.int64(18580))","(0, 1, 1, 1, 1, 1, 1, 1, 1, 1, 1, 1, 1, 1, 1, 0, 0, 1, 1, 1, 1, 1, 1, 1, 1, 1, 1, 0, 1, 1, 1, 1, 1, 1, 1, 1, 1, 1, 1, 1, 1, 1, 1, 1, 1, 1, 1, 1, 1, 1)"
4.004297,50,139.266283,5,"(np.int64(18580), np.int64(5107), np.int64(18580), np.int64(18580), np.int64(18580), np.int64(18580), np.int64(18580), np.int64(18580), np.int64(21293), np.int64(18580), np.int64(18580), np.int64(18580), np.int64(18580), np.int64(18580), np.int64(18580), np.int64(18580), np.int64(18580), np.int64(18580), np.int64(21340), np.int64(18580), np.int64(38610), np.int64(18580), np.int64(18580), np.int64(18580), np.int64(18580), np.int64(18580), np.int64(18580), np.int64(18580), np.int64(18580), np.int64(18580), np.int64(18580), np.int64(18580), np.int64(18580), np.int64(18580), np.int64(18580), np.int64(31072), np.int64(18580), np.int64(18580), np.int64(18580), np.int64(18580), np.int64(18580), np.int64(18580), np.int64(18580), np.int64(18580), np.int64(4515), np.int64(18580), np.int64(18580), np.int64(18580), np.int64(18580), np.int64(18580))","(1, 1, 1, 1, 1, 1, 1, 1, 1, 1, 1, 1, 1, 1, 1, 1, 1, 1, 1, 1, 0, 1, 1, 1, 1, 1, 1, 1, 1, 1, 1, 1, 1, 1, 1, 1, 1, 1, 1, 1, 1, 1, 1, 1, 1, 1, 1, 1, 1, 1)"
0.853926,50,139.824768,0,"(np.int64(18493), np.int64(18493), np.int64(23490), np.int64(18493), np.int64(18493), np.int64(6322), np.int64(18493), np.int64(6322), np.int64(15504), np.int64(15504), np.int64(15504), np.int64(15504), np.int64(15504), np.int64(15504), np.int64(15504), np.int64(15504), np.int64(15504), np.int64(15504), np.int64(35814), np.int64(15504), np.int64(15504), np.int64(15504), np.int64(15504), np.int64(15504), np.int64(15504), np.int64(15504), np.int64(15504), np.int64(15504), np.int64(2872), np.int64(15504), np.int64(15504), np.int64(2872), np.int64(15504), np.int64(47231), np.int64(15504), np.int64(15504), np.int64(2872), np.int64(15504), np.int64(2872), np.int64(15504), np.int64(2872), np.int64(45013), np.int64(8986), np.int64(15504), np.int64(15504), np.int64(16720), np.int64(15504), np.int64(17860), np.int64(15504), np.int64(2872))","(0, 0, 0, 0, 0, 1, 0, 1, 0, 0, 0, 0, 0, 0, 0, 0, 0, 0, 0, 0, 0, 0, 0, 0, 0, 0, 0, 0, 0, 0, 0, 0, 0, 0, 0, 0, 0, 0, 0, 0, 0, 0, 0, 0, 0, 0, 0, 0, 0, 0)"
4.492867,50,140.377836,5,"(np.int64(15504), np.int64(11420), np.int64(15504), np.int64(15504), np.int64(15504), np.int64(15504), np.int64(15504), np.int64(15504), np.int64(15504), np.int64(15504), np.int64(15504), np.int64(15504), np.int64(15504), np.int64(15504), np.int64(15504), np.int64(15504), np.int64(19539), np.int64(15504), np.int64(15504), np.int64(15504), np.int64(13466), np.int64(15504), np.int64(2872), np.int64(18493), np.int64(18493), np.int64(18493), np.int64(18493), np.int64(18493), np.int64(18493), np.int64(18493), np.int64(18493), np.int64(18493), np.int64(18493), np.int64(18493), np.int64(18493), np.int64(18493), np.int64(2872), np.int64(18493), np.int64(2872), np.int64(18493), np.int64(2872), np.int64(18493), np.int64(2872), np.int64(35450), np.int64(35450), np.int64(35450), np.int64(35450), np.int64(35450), np.int64(35450), np.int64(35450))","(1, 1, 1, 1, 1, 1, 1, 1, 1, 1, 1, 1, 1, 1, 1, 1, 1, 1, 1, 1, 1, 1, 1, 1, 1, 1, 1, 1, 1, 1, 1, 1, 1, 1, 1, 1, 1, 1, 1, 1, 1, 1, 1, 1, 1, 1, 1, 1, 1, 1)"
3.286911,50,140.951687,3,"(np.int64(35450), np.int64(35450), np.int64(35450), np.int64(35450), np.int64(6322), np.int64(6322), np.int64(6322), np.int64(6322), np.int64(6322), np.int64(6322), np.int64(6322), np.int64(6322), np.int64(6322), np.int64(6322), np.int64(6322), np.int64(6322), np.int64(6322), np.int64(6322), np.int64(6322), np.int64(6322), np.int64(6322), np.int64(6322), np.int64(40011), np.int64(17063), np.int64(6322), np.int64(48892), np.int64(6322), np.int64(6322), np.int64(2872), np.int64(6322), np.int64(6322), np.int64(2872), np.int64(6322), np.int64(38000), np.int64(6322), np.int64(2872), np.int64(31021), np.int64(6322), np.int64(6322), np.int64(2872), np.int64(35450), np.int64(35450), np.int64(35450), np.int64(35450), np.int64(35450), np.int64(35450), np.int64(35450), np.int64(35450), np.int64(35450), np.int64(35450))","(1, 1, 1, 1, 1, 1, 1, 1, 1, 1, 1, 1, 1, 1, 1, 1, 1, 1, 1, 1, 1, 1, 1, 0, 1, 1, 1, 1, 1, 1, 1, 1, 1, 0, 1, 1, 1, 1, 1, 1, 1, 1, 1, 1, 1, 1, 1, 1, 1, 1)"
1.170502,50,141.5158,8,"(np.int64(35450), np.int64(35450), np.int64(35450), np.int64(35450), np.int64(35450), np.int64(35450), np.int64(35450), np.int64(35450), np.int64(35450), np.int64(35450), np.int64(35450), np.int64(35450), np.int64(35450), np.int64(12897), np.int64(22274), np.int64(35450), np.int64(35450), np.int64(35450), np.int64(49668), np.int64(35450), np.int64(49668), np.int64(35450), np.int64(49668), np.int64(6064), np.int64(35450), np.int64(49668), np.int64(49668), np.int64(6064), np.int64(6064), np.int64(6064), np.int64(6064), np.int64(6064), np.int64(6064), np.int64(6064), np.int64(49668), np.int64(49668), np.int64(49668), np.int64(49668), np.int64(49668), np.int64(49668), np.int64(49668), np.int64(49668), np.int64(23069), np.int64(49668), np.int64(49668), np.int64(49668), np.int64(46953), np.int64(49668), np.int64(49668), np.int64(49668))","(0, 0, 0, 0, 0, 0, 0, 0, 0, 0, 0, 0, 0, 1, 0, 0, 0, 0, 0, 0, 0, 0, 0, 1, 0, 0, 0, 1, 1, 1, 1, 1, 1, 1, 0, 0, 0, 0, 0, 0, 0, 0, 0, 0, 0, 0, 0, 0, 0, 0)"
2.267865,50,142.144261,3,"(np.int64(49668), np.int64(49668), np.int64(49668), np.int64(49668), np.int64(49668), np.int64(49668), np.int64(49668), np.int64(49668), np.int64(49668), np.int64(49668), np.int64(49668), np.int64(49668), np.int64(49668), np.int64(49668), np.int64(49668), np.int64(49668), np.int64(49668), np.int64(49668), np.int64(49668), np.int64(49668), np.int64(21491), np.int64(49668), np.int64(49668), np.int64(49668), np.int64(49668), np.int64(49668), np.int64(49668), np.int64(49668), np.int64(49668), np.int64(49668), np.int64(49668), np.int64(49668), np.int64(49668), np.int64(49668), np.int64(49668), np.int64(49668), np.int64(49668), np.int64(49668), np.int64(49668), np.int64(49668), np.int64(49668), np.int64(49668), np.int64(49668), np.int64(49668), np.int64(1248), np.int64(6064), np.int64(6064), np.int64(6064), np.int64(6064), np.int64(6064))","(1, 1, 1, 1, 1, 1, 1, 1, 1, 1, 1, 1, 1, 1, 1, 1, 1, 1, 1, 1, 1, 1, 1, 1, 1, 1, 1, 1, 1, 1, 1, 1, 1, 1, 1, 1, 1, 1, 1, 1, 1, 1, 1, 1, 1, 1, 1, 1, 1, 1)"
1.845584,50,142.69104,7,"(np.int64(6064), np.int64(6064), np.int64(6064), np.int64(6064), np.int64(6064), np.int64(6064), np.int64(6064), np.int64(6064), np.int64(6064), np.int64(6064), np.int64(6064), np.int64(6064), np.int64(6064), np.int64(6064), np.int64(6064), np.int64(6064), np.int64(6064), np.int64(35319), np.int64(6064), np.int64(6064), np.int64(6064), np.int64(6064), np.int64(6064), np.int64(6064), np.int64(6064), np.int64(6064), np.int64(49668), np.int64(6064), np.int64(6064), np.int64(49668), np.int64(6064), np.int64(6064), np.int64(9385), np.int64(6064), np.int64(6064), np.int64(49668), np.int64(6064), np.int64(24437), np.int64(6064), np.int64(49668), np.int64(6064), np.int64(49668), np.int64(6064), np.int64(49668), np.int64(6064), np.int64(49668), np.int64(6064), np.int64(49668), np.int64(6064), np.int64(48365))","(1, 1, 1, 1, 1, 1, 1, 1, 1, 1, 1, 1, 1, 1, 1, 1, 1, 0, 1, 1, 1, 1, 1, 1, 1, 1, 0, 1, 1, 0, 1, 1, 1, 1, 1, 0, 1, 1, 1, 0, 1, 0, 1, 0, 1, 0, 1, 0, 1, 0)"
2.718696,50,143.261524,1,"(np.int64(6064), np.int64(6064), np.int64(6064), np.int64(6064), np.int64(6064), np.int64(13642), np.int64(6064), np.int64(6064), np.int64(6064), np.int64(6064), np.int64(6064), np.int64(6064), np.int64(6064), np.int64(6064), np.int64(6064), np.int64(6064), np.int64(10102), np.int64(10102), np.int64(10102), np.int64(42), np.int64(10102), np.int64(10102), np.int64(10102), np.int64(10102), np.int64(10102), np.int64(10102), np.int64(10102), np.int64(10102), np.int64(10102), np.int64(10102), np.int64(10102), np.int64(10102), np.int64(10102), np.int64(10102), np.int64(10102), np.int64(10102), np.int64(10102), np.int64(10102), np.int64(10102), np.int64(10102), np.int64(10102), np.int64(10102), np.int64(10102), np.int64(10102), np.int64(10102), np.int64(10102), np.int64(10102), np.int64(10102), np.int64(10102), np.int64(10102))","(1, 1, 1, 1, 1, 1, 1, 1, 1, 1, 1, 1, 1, 1, 1, 1, 1, 1, 1, 1, 1, 1, 1, 1, 1, 1, 1, 1, 1, 1, 1, 1, 1, 1, 1, 1, 1, 1, 1, 1, 1, 1, 1, 1, 1, 1, 1, 1, 1, 1)"
0.0,50,143.796203,0,"(np.int64(10102), np.int64(10102), np.int64(12251), np.int64(10102), np.int64(10102), np.int64(10102), np.int64(10102), np.int64(13752), np.int64(10102), np.int64(10102), np.int64(10102), np.int64(10102), np.int64(10102), np.int64(10102), np.int64(10102), np.int64(10102), np.int64(10102), np.int64(10102), np.int64(10102), np.int64(10102), np.int64(10102), np.int64(10102), np.int64(10102), np.int64(10102), np.int64(10102), np.int64(10102), np.int64(10102), np.int64(10102), np.int64(10102), np.int64(10102), np.int64(10102), np.int64(10102), np.int64(10102), np.int64(10102), np.int64(10102), np.int64(31872), np.int64(10102), np.int64(10102), np.int64(12641), np.int64(10102), np.int64(12641), np.int64(10102), np.int64(12641), np.int64(12641), np.int64(13417), np.int64(15298), np.int64(15298), np.int64(15298), np.int64(15298), np.int64(15298))","(0, 0, 0, 0, 0, 0, 0, 0, 0, 0, 0, 0, 0, 0, 0, 0, 0, 0, 0, 0, 0, 0, 0, 0, 0, 0, 0, 0, 0, 0, 0, 0, 0, 0, 0, 0, 0, 0, 0, 0, 0, 0, 0, 0, 0, 0, 0, 0, 0, 0)"
1.83022,50,144.344989,8,"(np.int64(15298), np.int64(15298), np.int64(15298), np.int64(15298), np.int64(15298), np.int64(15298), np.int64(15298), np.int64(15298), np.int64(15298), np.int64(15298), np.int64(12641), np.int64(15298), np.int64(27678), np.int64(15298), np.int64(12641), np.int64(15298), np.int64(12641), np.int64(40680), np.int64(15298), np.int64(12641), np.int64(15298), np.int64(12641), np.int64(15298), np.int64(11967), np.int64(15298), np.int64(12641), np.int64(12641), np.int64(12641), np.int64(12641), np.int64(12641), np.int64(12641), np.int64(12641), np.int64(12641), np.int64(12641), np.int64(12641), np.int64(12641), np.int64(12641), np.int64(12641), np.int64(12641), np.int64(12641), np.int64(12641), np.int64(12641), np.int64(12641), np.int64(12641), np.int64(12641), np.int64(12641), np.int64(12641), np.int64(12641), np.int64(12641), np.int64(12641))","(1, 1, 1, 1, 1, 1, 1, 1, 1, 1, 1, 1, 0, 1, 1, 1, 1, 0, 1, 1, 1, 1, 1, 1, 1, 1, 1, 1, 1, 1, 1, 1, 1, 1, 1, 1, 1, 1, 1, 1, 1, 1, 1, 1, 1, 1, 1, 1, 1, 1)"
3.873249,50,144.876865,5,"(np.int64(15298), np.int64(15298), np.int64(15298), np.int64(15298), np.int64(15298), np.int64(12641), np.int64(15298), np.int64(12641), np.int64(15298), np.int64(12641), np.int64(15298), np.int64(12641), np.int64(15298), np.int64(14518), np.int64(15298), np.int64(13417), np.int64(15298), np.int64(13417), np.int64(17319), np.int64(15298), np.int64(13417), np.int64(17319), np.int64(17319), np.int64(17319), np.int64(17319), np.int64(17319), np.int64(13417), np.int64(13417), np.int64(13417), np.int64(13417), np.int64(13417), np.int64(13417), np.int64(13417), np.int64(13417), np.int64(13417), np.int64(13417), np.int64(34643), np.int64(13417), np.int64(13417), np.int64(13417), np.int64(13417), np.int64(13417), np.int64(14529), np.int64(13417), np.int64(13417), np.int64(13417), np.int64(13417), np.int64(13417), np.int64(13417), np.int64(13417))","(1, 1, 1, 1, 1, 1, 1, 1, 1, 1, 1, 1, 1, 1, 1, 1, 1, 1, 1, 1, 1, 1, 1, 1, 1, 1, 1, 1, 1, 1, 1, 1, 1, 1, 1, 1, 0, 1, 1, 1, 1, 1, 1, 1, 1, 1, 1, 1, 1, 1)"
2.791338,50,145.422,3,"(np.int64(11255), np.int64(11255), np.int64(11255), np.int64(11255), np.int64(30545), np.int64(11255), np.int64(11255), np.int64(11255), np.int64(11255), np.int64(11255), np.int64(11255), np.int64(11255), np.int64(9874), np.int64(11255), np.int64(11255), np.int64(9874), np.int64(11255), np.int64(9874), np.int64(11255), np.int64(9874), np.int64(11255), np.int64(9874), np.int64(11255), np.int64(9874), np.int64(11255), np.int64(9874), np.int64(9874), np.int64(11255), np.int64(9874), np.int64(9874), np.int64(9874), np.int64(30208), np.int64(11255), np.int64(9874), np.int64(9874), np.int64(9874), np.int64(9874), np.int64(41642), np.int64(17724), np.int64(49013), np.int64(25145), np.int64(25145), np.int64(25145), np.int64(25145), np.int64(25145), np.int64(25145), np.int64(25145), np.int64(25145), np.int64(25145), np.int64(25145))","(1, 1, 1, 1, 0, 1, 1, 1, 1, 1, 1, 1, 1, 1, 1, 1, 1, 1, 1, 1, 1, 1, 1, 1, 1, 1, 1, 1, 1, 1, 1, 0, 1, 1, 1, 1, 1, 0, 1, 1, 1, 1, 1, 1, 1, 1, 1, 1, 1, 1)"
2.897367,50,145.956597,7,"(np.int64(25145), np.int64(25145), np.int64(25145), np.int64(25145), np.int64(25145), np.int64(25145), np.int64(5782), np.int64(25145), np.int64(25145), np.int64(25145), np.int64(25145), np.int64(25145), np.int64(25145), np.int64(25145), np.int64(25145), np.int64(25145), np.int64(24494), np.int64(25145), np.int64(8424), np.int64(25145), np.int64(8424), np.int64(25145), np.int64(8424), np.int64(8424), np.int64(8424), np.int64(8424), np.int64(8424), np.int64(27088), np.int64(8424), np.int64(8424), np.int64(10718), np.int64(8424), np.int64(8424), np.int64(8424), np.int64(8424), np.int64(8424), np.int64(8424), np.int64(8424), np.int64(8424), np.int64(8424), np.int64(8424), np.int64(8424), np.int64(44396), np.int64(8424), np.int64(8424), np.int64(8424), np.int64(8424), np.int64(8424), np.int64(8424), np.int64(8424))","(1, 1, 1, 1, 1, 1, 1, 1, 1, 1, 1, 1, 1, 1, 1, 1, 1, 1, 1, 1, 1, 1, 1, 1, 1, 1, 1, 1, 1, 1, 0, 1, 1, 1, 1, 1, 1, 1, 1, 1, 1, 1, 0, 1, 1, 1, 1, 1, 1, 1)"
5.957783,50,146.526218,1,"(np.int64(8424), np.int64(8424), np.int64(8424), np.int64(8424), np.int64(8424), np.int64(42141), np.int64(25020), np.int64(8424), np.int64(8424), np.int64(15119), np.int64(8424), np.int64(8424), np.int64(8424), np.int64(8424), np.int64(8424), np.int64(8424), np.int64(8424), np.int64(8424), np.int64(8424), np.int64(8424), np.int64(8424), np.int64(8424), np.int64(8424), np.int64(8424), np.int64(45962), np.int64(8424), np.int64(8424), np.int64(8424), np.int64(96), np.int64(8424), np.int64(8424), np.int64(13302), np.int64(11255), np.int64(11255), np.int64(11255), np.int64(11255), np.int64(11255), np.int64(11255), np.int64(11255), np.int64(11255), np.int64(12312), np.int64(17786), np.int64(11255), np.int64(12312), np.int64(11255), np.int64(12312), np.int64(18649), np.int64(11255), np.int64(11255), np.int64(12312))","(1, 1, 1, 1, 1, 0, 1, 1, 1, 1, 1, 1, 1, 1, 1, 1, 1, 1, 1, 1, 1, 1, 1, 1, 0, 1, 1, 1, 1, 1, 1, 1, 1, 1, 1, 1, 1, 1, 1, 1, 1, 1, 1, 1, 1, 1, 1, 1, 1, 1)"
3.632867,50,147.073068,4,"(np.int64(11255), np.int64(6700), np.int64(11255), np.int64(47241), np.int64(11255), np.int64(11255), np.int64(12312), np.int64(29308), np.int64(11255), np.int64(12312), np.int64(12312), np.int64(12312), np.int64(12312), np.int64(12312), np.int64(12312), np.int64(12312), np.int64(12312), np.int64(32996), np.int64(12312), np.int64(12312), np.int64(12312), np.int64(32622), np.int64(12312), np.int64(12312), np.int64(12312), np.int64(12312), np.int64(12312), np.int64(12312), np.int64(12312), np.int64(12312), np.int64(12312), np.int64(12312), np.int64(12312), np.int64(42080), np.int64(12312), np.int64(12312), np.int64(12312), np.int64(20570), np.int64(12312), np.int64(12312), np.int64(12312), np.int64(12312), np.int64(12312), np.int64(12312), np.int64(12312), np.int64(12312), np.int64(12312), np.int64(12312), np.int64(12312), np.int64(12312))","(1, 1, 1, 0, 1, 1, 1, 1, 1, 1, 1, 1, 1, 1, 1, 1, 1, 0, 1, 1, 1, 1, 1, 1, 1, 1, 1, 1, 1, 1, 1, 1, 1, 0, 1, 1, 1, 1, 1, 1, 1, 1, 1, 1, 1, 1, 1, 1, 1, 1)"
2.984375,50,147.643091,7,"(np.int64(12312), np.int64(12312), np.int64(12312), np.int64(12312), np.int64(12312), np.int64(10463), np.int64(12312), np.int64(12312), np.int64(12312), np.int64(12312), np.int64(12312), np.int64(12312), np.int64(12312), np.int64(12312), np.int64(12312), np.int64(12312), np.int64(12312), np.int64(4504), np.int64(12312), np.int64(12312), np.int64(12312), np.int64(12312), np.int64(12312), np.int64(12312), np.int64(29498), np.int64(1898), np.int64(1898), np.int64(1898), np.int64(1898), np.int64(1898), np.int64(1898), np.int64(1898), np.int64(1898), np.int64(1898), np.int64(1898), np.int64(1898), np.int64(1898), np.int64(1898), np.int64(1898), np.int64(36860), np.int64(9874), np.int64(9874), np.int64(9874), np.int64(9874), np.int64(9874), np.int64(9874), np.int64(9874), np.int64(9874), np.int64(9874), np.int64(9874))","(1, 1, 1, 1, 1, 0, 1, 1, 1, 1, 1, 1, 1, 1, 1, 1, 1, 1, 1, 1, 1, 1, 1, 1, 0, 1, 1, 1, 1, 1, 1, 1, 1, 1, 1, 1, 1, 1, 1, 1, 1, 1, 1, 1, 1, 1, 1, 1, 1, 1)"
6.832121,50,148.195909,2,"(np.int64(9874), np.int64(9874), np.int64(9874), np.int64(9660), np.int64(9874), np.int64(9874), np.int64(9874), np.int64(9874), np.int64(4555), np.int64(32262), np.int64(9874), np.int64(9874), np.int64(9874), np.int64(9874), np.int64(10555), np.int64(9874), np.int64(9874), np.int64(9874), np.int64(35303), np.int64(9874), np.int64(9874), np.int64(9874), np.int64(4040), np.int64(9874), np.int64(9874), np.int64(9874), np.int64(39841), np.int64(9874), np.int64(9874), np.int64(9874), np.int64(9874), np.int64(9874), np.int64(9874), np.int64(9874), np.int64(9874), np.int64(9874), np.int64(9874), np.int64(33918), np.int64(9874), np.int64(9874), np.int64(41645), np.int64(15431), np.int64(9874), np.int64(4492), np.int64(9874), np.int64(17000), np.int64(4492), np.int64(9874), np.int64(4492), np.int64(4492))","(1, 1, 1, 1, 1, 1, 1, 1, 1, 1, 1, 1, 1, 1, 1, 1, 1, 1, 1, 1, 1, 1, 1, 1, 1, 1, 1, 1, 1, 1, 1, 1, 1, 1, 1, 1, 1, 1, 1, 1, 0, 0, 1, 1, 1, 1, 1, 1, 1, 1)"
2.508381,50,148.765161,8,"(np.int64(15298), np.int64(15298), np.int64(15298), np.int64(15298), np.int64(15298), np.int64(15298), np.int64(15298), np.int64(15298), np.int64(15298), np.int64(15298), np.int64(15298), np.int64(15298), np.int64(15298), np.int64(4492), np.int64(15298), np.int64(14225), np.int64(15298), np.int64(15298), np.int64(4492), np.int64(15298), np.int64(9726), np.int64(49359), np.int64(15298), np.int64(4492), np.int64(15298), np.int64(4492), np.int64(15298), np.int64(4492), np.int64(4492), np.int64(15298), np.int64(4492), np.int64(4492), np.int64(4492), np.int64(4492), np.int64(4492), np.int64(26695), np.int64(15298), np.int64(4492), np.int64(4492), np.int64(4492), np.int64(4492), np.int64(4492), np.int64(4492), np.int64(4492), np.int64(4492), np.int64(4492), np.int64(4492), np.int64(4492), np.int64(4492), np.int64(4492))","(1, 1, 1, 1, 1, 1, 1, 1, 1, 1, 1, 1, 1, 1, 1, 1, 1, 1, 1, 1, 1, 0, 1, 1, 1, 1, 1, 1, 1, 1, 1, 1, 1, 1, 1, 0, 1, 1, 1, 1, 1, 1, 1, 1, 1, 1, 1, 1, 1, 1)"
8.60775,50,149.316634,2,"(np.int64(15298), np.int64(15298), np.int64(15298), np.int64(9597), np.int64(9597), np.int64(9597), np.int64(9597), np.int64(9597), np.int64(9597), np.int64(9597), np.int64(12615), np.int64(9597), np.int64(9597), np.int64(9597), np.int64(9741), np.int64(9597), np.int64(9597), np.int64(4492), np.int64(294), np.int64(9597), np.int64(9597), np.int64(4492), np.int64(9597), np.int64(4492), np.int64(11134), np.int64(9597), np.int64(4492), np.int64(4492), np.int64(9597), np.int64(4492), np.int64(4492), np.int64(4492), np.int64(4492), np.int64(4492), np.int64(44724), np.int64(16839), np.int64(27638), np.int64(16839), np.int64(16839), np.int64(16839), np.int64(16839), np.int64(16839), np.int64(7101), np.int64(16839), np.int64(16839), np.int64(2092), np.int64(16839), np.int64(31691), np.int64(16839), np.int64(4492))","(1, 1, 1, 1, 1, 1, 1, 1, 1, 1, 1, 1, 1, 1, 1, 1, 1, 1, 1, 1, 1, 1, 1, 1, 1, 1, 1, 1, 1, 1, 1, 1, 1, 1, 1, 1, 1, 1, 1, 1, 1, 1, 1, 1, 1, 1, 1, 1, 1, 1)"
4.024319,50,149.875229,5,"(np.int64(16839), np.int64(16839), np.int64(16839), np.int64(16839), np.int64(16839), np.int64(4492), np.int64(16839), np.int64(4492), np.int64(22886), np.int64(16839), np.int64(4492), np.int64(4492), np.int64(17013), np.int64(4492), np.int64(4492), np.int64(4492), np.int64(4492), np.int64(4492), np.int64(4492), np.int64(4492), np.int64(4492), np.int64(4492), np.int64(4492), np.int64(4492), np.int64(4492), np.int64(4492), np.int64(4492), np.int64(4492), np.int64(4492), np.int64(4530), np.int64(21708), np.int64(4492), np.int64(4492), np.int64(4492), np.int64(4492), np.int64(4492), np.int64(4492), np.int64(4492), np.int64(4492), np.int64(46313), np.int64(4492), np.int64(4492), np.int64(4492), np.int64(4492), np.int64(4492), np.int64(4492), np.int64(4492), np.int64(4492), np.int64(4492), np.int64(4492))","(1, 1, 1, 1, 1, 1, 1, 1, 0, 1, 1, 1, 1, 1, 1, 1, 1, 1, 1, 1, 1, 1, 1, 1, 1, 1, 1, 1, 1, 1, 1, 1, 1, 1, 1, 1, 1, 1, 1, 1, 1, 1, 1, 1, 1, 1, 1, 1, 1, 1)"
0.0,50,150.396163,0,"(np.int64(21241), np.int64(21241), np.int64(21241), np.int64(21241), np.int64(39288), np.int64(35978), np.int64(21241), np.int64(21241), np.int64(21241), np.int64(21241), np.int64(44407), np.int64(21241), np.int64(21241), np.int64(21241), np.int64(21241), np.int64(21241), np.int64(21241), np.int64(21241), np.int64(21241), np.int64(21241), np.int64(21241), np.int64(21241), np.int64(21241), np.int64(21241), np.int64(21241), np.int64(21241), np.int64(21241), np.int64(21241), np.int64(21241), np.int64(21241), np.int64(21241), np.int64(21241), np.int64(21241), np.int64(21241), np.int64(21241), np.int64(21241), np.int64(21241), np.int64(21241), np.int64(21241), np.int64(21241), np.int64(21241), np.int64(21241), np.int64(21241), np.int64(21241), np.int64(21241), np.int64(42982), np.int64(21241), np.int64(21241), np.int64(21241), np.int64(21241))","(0, 0, 0, 0, 0, 0, 0, 0, 0, 0, 0, 0, 0, 0, 0, 0, 0, 0, 0, 0, 0, 0, 0, 0, 0, 0, 0, 0, 0, 0, 0, 0, 0, 0, 0, 0, 0, 0, 0, 0, 0, 0, 0, 0, 0, 0, 0, 0, 0, 0)"
5.210611,50,150.931376,2,"(np.int64(21241), np.int64(21241), np.int64(21241), np.int64(21241), np.int64(21241), np.int64(21241), np.int64(21241), np.int64(21241), np.int64(21241), np.int64(21241), np.int64(19137), np.int64(21241), np.int64(21241), np.int64(21241), np.int64(32855), np.int64(21241), np.int64(2259), np.int64(33653), np.int64(4526), np.int64(4526), np.int64(4526), np.int64(4526), np.int64(4526), np.int64(4526), np.int64(31106), np.int64(4526), np.int64(19783), np.int64(4526), np.int64(4526), np.int64(4526), np.int64(4526), np.int64(2259), np.int64(4526), np.int64(4526), np.int64(2259), np.int64(32872), np.int64(4526), np.int64(2259), np.int64(3851), np.int64(4526), np.int64(4526), np.int64(43309), np.int64(4526), np.int64(2259), np.int64(2259), np.int64(4526), np.int64(2259), np.int64(2259), np.int64(3190), np.int64(4526))","(1, 1, 1, 1, 1, 1, 1, 1, 1, 1, 1, 1, 1, 1, 0, 1, 1, 1, 1, 1, 1, 1, 1, 1, 0, 1, 1, 1, 1, 1, 1, 1, 1, 1, 1, 0, 1, 1, 1, 1, 1, 0, 1, 1, 1, 1, 1, 1, 1, 1)"
2.450717,50,151.477409,3,"(np.int64(4526), np.int64(4526), np.int64(4526), np.int64(4526), np.int64(4526), np.int64(40448), np.int64(4526), np.int64(4526), np.int64(3190), np.int64(48008), np.int64(4526), np.int64(3190), np.int64(36401), np.int64(4526), np.int64(3190), np.int64(3190), np.int64(3190), np.int64(3190), np.int64(3190), np.int64(3190), np.int64(3190), np.int64(3190), np.int64(3190), np.int64(3190), np.int64(3190), np.int64(3190), np.int64(3190), np.int64(3190), np.int64(3190), np.int64(3190), np.int64(3190), np.int64(3190), np.int64(3190), np.int64(3190), np.int64(3190), np.int64(3190), np.int64(3190), np.int64(3190), np.int64(3190), np.int64(3190), np.int64(3190), np.int64(3190), np.int64(3190), np.int64(3190), np.int64(3190), np.int64(3190), np.int64(19510), np.int64(6233), np.int64(23153), np.int64(6233))","(1, 1, 1, 1, 1, 0, 1, 1, 1, 0, 1, 1, 0, 1, 1, 1, 1, 1, 1, 1, 1, 1, 1, 1, 1, 1, 1, 1, 1, 1, 1, 1, 1, 1, 1, 1, 1, 1, 1, 1, 1, 1, 1, 1, 1, 1, 1, 1, 0, 1)"
4.609957,50,152.012395,2,"(np.int64(6233), np.int64(6233), np.int64(32548), np.int64(6233), np.int64(6233), np.int64(6233), np.int64(6233), np.int64(6233), np.int64(6233), np.int64(6233), np.int64(11248), np.int64(6233), np.int64(6233), np.int64(6233), np.int64(6233), np.int64(6233), np.int64(6233), np.int64(19022), np.int64(6233), np.int64(6233), np.int64(6233), np.int64(36899), np.int64(6233), np.int64(15804), np.int64(6233), np.int64(6233), np.int64(6233), np.int64(6233), np.int64(6233), np.int64(6233), np.int64(39460), np.int64(6233), np.int64(6233), np.int64(6233), np.int64(6233), np.int64(6233), np.int64(6233), np.int64(6233), np.int64(6233), np.int64(6233), np.int64(6233), np.int64(6233), np.int64(49727), np.int64(6233), np.int64(6233), np.int64(18051), np.int64(6233), np.int64(6233), np.int64(6233), np.int64(13302))","(1, 1, 0, 1, 1, 1, 1, 1, 1, 1, 1, 1, 1, 1, 1, 1, 1, 0, 1, 1, 1, 1, 1, 1, 1, 1, 1, 1, 1, 1, 1, 1, 1, 1, 1, 1, 1, 1, 1, 1, 1, 1, 0, 1, 1, 1, 1, 1, 1, 1)"
1.906474,50,152.55128,7,"(np.int64(6233), np.int64(6233), np.int64(6233), np.int64(6233), np.int64(6233), np.int64(6233), np.int64(6233), np.int64(30290), np.int64(6233), np.int64(6233), np.int64(6233), np.int64(6233), np.int64(6233), np.int64(6233), np.int64(6233), np.int64(33392), np.int64(46170), np.int64(6233), np.int64(6233), np.int64(6233), np.int64(6233), np.int64(10486), np.int64(6233), np.int64(6233), np.int64(6233), np.int64(6233), np.int64(19510), np.int64(6233), np.int64(6233), np.int64(19510), np.int64(6233), np.int64(19510), np.int64(6233), np.int64(19510), np.int64(19510), np.int64(6233), np.int64(19510), np.int64(19510), np.int64(19510), np.int64(19510), np.int64(19510), np.int64(19510), np.int64(19510), np.int64(19510), np.int64(19510), np.int64(19510), np.int64(19510), np.int64(39068), np.int64(19510), np.int64(19510))","(1, 1, 1, 1, 1, 1, 1, 0, 1, 1, 1, 1, 1, 1, 1, 0, 0, 1, 1, 1, 1, 1, 1, 1, 1, 1, 1, 1, 1, 1, 1, 1, 1, 1, 1, 1, 1, 1, 1, 1, 1, 1, 1, 1, 1, 1, 1, 0, 1, 1)"
3.432702,50,153.108097,1,"(np.int64(19510), np.int64(19510), np.int64(19510), np.int64(19510), np.int64(19510), np.int64(13932), np.int64(19510), np.int64(19510), np.int64(19510), np.int64(19510), np.int64(19510), np.int64(19510), np.int64(19510), np.int64(19510), np.int64(19510), np.int64(19510), np.int64(19510), np.int64(8563), np.int64(19510), np.int64(19510), np.int64(19510), np.int64(19510), np.int64(19510), np.int64(19510), np.int64(24969), np.int64(24969), np.int64(24969), np.int64(24969), np.int64(24969), np.int64(24969), np.int64(24969), np.int64(24969), np.int64(26094), np.int64(24969), np.int64(24969), np.int64(24969), np.int64(24969), np.int64(19430), np.int64(24969), np.int64(24969), np.int64(24969), np.int64(24969), np.int64(24969), np.int64(24969), np.int64(24969), np.int64(24969), np.int64(24969), np.int64(24969), np.int64(24969), np.int64(43445))","(1, 1, 1, 1, 1, 0, 1, 1, 1, 1, 1, 1, 1, 1, 1, 1, 1, 1, 1, 1, 1, 1, 1, 1, 1, 1, 1, 1, 1, 1, 1, 1, 1, 1, 1, 1, 1, 1, 1, 1, 1, 1, 1, 1, 1, 1, 1, 1, 1, 0)"
4.13544,50,153.652412,7,"(np.int64(24969), np.int64(24969), np.int64(24969), np.int64(24969), np.int64(24969), np.int64(24969), np.int64(24969), np.int64(24969), np.int64(24969), np.int64(24969), np.int64(16219), np.int64(16219), np.int64(16219), np.int64(16219), np.int64(16219), np.int64(16219), np.int64(16219), np.int64(16219), np.int64(16219), np.int64(16219), np.int64(16219), np.int64(16219), np.int64(16219), np.int64(3397), np.int64(16219), np.int64(16219), np.int64(16219), np.int64(16219), np.int64(16219), np.int64(16219), np.int64(16219), np.int64(16219), np.int64(20237), np.int64(16219), np.int64(16219), np.int64(16219), np.int64(16219), np.int64(16219), np.int64(16219), np.int64(6253), np.int64(6253), np.int64(15732), np.int64(6253), np.int64(34643), np.int64(6253), np.int64(26313), np.int64(27633), np.int64(27633), np.int64(27633), np.int64(27633))","(1, 1, 1, 1, 1, 1, 1, 1, 1, 1, 1, 1, 1, 1, 1, 1, 1, 1, 1, 1, 1, 1, 1, 1, 1, 1, 1, 1, 1, 1, 1, 1, 1, 1, 1, 1, 1, 1, 1, 1, 1, 1, 1, 0, 1, 1, 0, 0, 0, 0)"
1.183189,50,154.190441,3,"(np.int64(27633), np.int64(16090), np.int64(27633), np.int64(27633), np.int64(27633), np.int64(27633), np.int64(27633), np.int64(27633), np.int64(27633), np.int64(27633), np.int64(27633), np.int64(27633), np.int64(27633), np.int64(27633), np.int64(27633), np.int64(27633), np.int64(27633), np.int64(27633), np.int64(27633), np.int64(27633), np.int64(27633), np.int64(27633), np.int64(27633), np.int64(27633), np.int64(27633), np.int64(27633), np.int64(27633), np.int64(5698), np.int64(27633), np.int64(27633), np.int64(5698), np.int64(6277), np.int64(27633), np.int64(27633), np.int64(5698), np.int64(27633), np.int64(5698), np.int64(27633), np.int64(5698), np.int64(27633), np.int64(5698), np.int64(27633), np.int64(5698), np.int64(27633), np.int64(48342), np.int64(27633), np.int64(5698), np.int64(27633), np.int64(5698), np.int64(27633))","(0, 0, 0, 0, 0, 0, 0, 0, 0, 0, 0, 0, 0, 0, 0, 0, 0, 0, 0, 0, 0, 0, 0, 0, 0, 0, 0, 1, 0, 0, 1, 1, 0, 0, 1, 0, 1, 0, 1, 0, 1, 0, 1, 0, 0, 0, 1, 0, 1, 0)"
2.452069,50,154.725817,8,"(np.int64(27633), np.int64(27633), np.int64(27633), np.int64(27633), np.int64(27633), np.int64(27633), np.int64(27633), np.int64(27633), np.int64(27633), np.int64(27633), np.int64(27633), np.int64(27633), np.int64(27633), np.int64(27633), np.int64(27633), np.int64(5698), np.int64(27633), np.int64(27633), np.int64(5698), np.int64(27633), np.int64(5698), np.int64(32250), np.int64(27633), np.int64(5698), np.int64(39497), np.int64(27633), np.int64(5698), np.int64(5698), np.int64(575), np.int64(575), np.int64(575), np.int64(575), np.int64(5570), np.int64(575), np.int64(575), np.int64(27113), np.int64(575), np.int64(575), np.int64(575), np.int64(575), np.int64(575), np.int64(575), np.int64(42350), np.int64(575), np.int64(575), np.int64(5698), np.int64(5807), np.int64(575), np.int64(5698), np.int64(575))","(0, 0, 0, 0, 0, 0, 0, 0, 0, 0, 0, 0, 0, 0, 0, 1, 0, 0, 1, 0, 1, 0, 0, 1, 0, 0, 1, 1, 1, 1, 1, 1, 1, 1, 1, 0, 1, 1, 1, 1, 1, 1, 0, 1, 1, 1, 1, 1, 1, 1)"
3.935832,50,155.272064,5,"(np.int64(575), np.int64(575), np.int64(575), np.int64(575), np.int64(575), np.int64(575), np.int64(575), np.int64(575), np.int64(575), np.int64(575), np.int64(575), np.int64(575), np.int64(28803), np.int64(575), np.int64(575), np.int64(575), np.int64(575), np.int64(575), np.int64(575), np.int64(575), np.int64(575), np.int64(575), np.int64(575), np.int64(5698), np.int64(575), np.int64(575), np.int64(575), np.int64(5698), np.int64(29375), np.int64(575), np.int64(575), np.int64(575), np.int64(5698), np.int64(575), np.int64(575), np.int64(14261), np.int64(29271), np.int64(575), np.int64(575), np.int64(5698), np.int64(575), np.int64(575), np.int64(5698), np.int64(575), np.int64(575), np.int64(5698), np.int64(28146), np.int64(28146), np.int64(28146), np.int64(28146))","(1, 1, 1, 1, 1, 1, 1, 1, 1, 1, 1, 1, 1, 1, 1, 1, 1, 1, 1, 1, 1, 1, 1, 1, 1, 1, 1, 1, 0, 1, 1, 1, 1, 1, 1, 1, 1, 1, 1, 1, 1, 1, 1, 1, 1, 1, 1, 1, 1, 1)"
3.332859,50,155.799568,2,"(np.int64(28146), np.int64(28146), np.int64(28146), np.int64(28146), np.int64(28146), np.int64(28146), np.int64(28146), np.int64(28146), np.int64(28146), np.int64(28146), np.int64(28146), np.int64(28146), np.int64(28146), np.int64(28146), np.int64(28146), np.int64(28146), np.int64(28146), np.int64(28146), np.int64(28146), np.int64(7342), np.int64(28146), np.int64(28146), np.int64(28146), np.int64(28146), np.int64(28146), np.int64(16299), np.int64(28146), np.int64(28146), np.int64(8831), np.int64(28146), np.int64(8831), np.int64(28146), np.int64(8831), np.int64(28146), np.int64(8831), np.int64(28146), np.int64(8831), np.int64(28146), np.int64(8831), np.int64(28146), np.int64(29013), np.int64(28146), np.int64(8831), np.int64(8831), np.int64(28146), np.int64(8831), np.int64(8831), np.int64(8831), np.int64(8831), np.int64(8831))","(1, 1, 1, 1, 1, 1, 1, 1, 1, 1, 1, 1, 1, 1, 1, 1, 1, 1, 1, 1, 1, 1, 1, 1, 1, 1, 1, 1, 1, 1, 1, 1, 1, 1, 1, 1, 1, 1, 1, 1, 1, 1, 1, 1, 1, 1, 1, 1, 1, 1)"
3.265409,50,156.349367,4,"(np.int64(28146), np.int64(28146), np.int64(28146), np.int64(28146), np.int64(49619), np.int64(28146), np.int64(28146), np.int64(47684), np.int64(28146), np.int64(28146), np.int64(28146), np.int64(28146), np.int64(8831), np.int64(28146), np.int64(8831), np.int64(28146), np.int64(8831), np.int64(8831), np.int64(28146), np.int64(8831), np.int64(8831), np.int64(8831), np.int64(8831), np.int64(8831), np.int64(8831), np.int64(8831), np.int64(20508), np.int64(8831), np.int64(8831), np.int64(8831), np.int64(8831), np.int64(8831), np.int64(8831), np.int64(8831), np.int64(8831), np.int64(8831), np.int64(8831), np.int64(8831), np.int64(8831), np.int64(8831), np.int64(8831), np.int64(8831), np.int64(8831), np.int64(8831), np.int64(504), np.int64(6253), np.int64(6253), np.int64(6253), np.int64(48349), np.int64(6253))","(1, 1, 1, 1, 0, 1, 1, 0, 1, 1, 1, 1, 1, 1, 1, 1, 1, 1, 1, 1, 1, 1, 1, 1, 1, 1, 1, 1, 1, 1, 1, 1, 1, 1, 1, 1, 1, 1, 1, 1, 1, 1, 1, 1, 1, 1, 1, 1, 0, 1)"
6.086129,50,156.887151,2,"(np.int64(21093), np.int64(6253), np.int64(6253), np.int64(45215), np.int64(27105), np.int64(6253), np.int64(6253), np.int64(6253), np.int64(6253), np.int64(7289), np.int64(6253), np.int64(6253), np.int64(6253), np.int64(6253), np.int64(16790), np.int64(6253), np.int64(6253), np.int64(6253), np.int64(6253), np.int64(6253), np.int64(6253), np.int64(6253), np.int64(17821), np.int64(6253), np.int64(41007), np.int64(6253), np.int64(17821), np.int64(6253), np.int64(17821), np.int64(6253), np.int64(17821), np.int64(33932), np.int64(37561), np.int64(21093), np.int64(21093), np.int64(21093), np.int64(21093), np.int64(35797), np.int64(21093), np.int64(21093), np.int64(21093), np.int64(13015), np.int64(21093), np.int64(21093), np.int64(21093), np.int64(21093), np.int64(21093), np.int64(504), np.int64(37116), np.int64(21093))","(1, 1, 1, 0, 0, 1, 1, 1, 1, 0, 1, 1, 1, 1, 1, 1, 1, 1, 1, 1, 1, 1, 1, 1, 0, 1, 1, 1, 1, 1, 1, 1, 1, 1, 1, 1, 1, 0, 1, 1, 1, 1, 1, 1, 1, 1, 1, 1, 1, 1)"
5.23954,50,157.437026,1,"(np.int64(21093), np.int64(21093), np.int64(21093), np.int64(21093), np.int64(21093), np.int64(21093), np.int64(21093), np.int64(21093), np.int64(21093), np.int64(21093), np.int64(21093), np.int64(21093), np.int64(21093), np.int64(504), np.int64(972), np.int64(50011), np.int64(18354), np.int64(21093), np.int64(21093), np.int64(21093), np.int64(504), np.int64(21093), np.int64(504), np.int64(21093), np.int64(504), np.int64(21093), np.int64(504), np.int64(21093), np.int64(504), np.int64(21093), np.int64(504), np.int64(21093), np.int64(504), np.int64(36975), np.int64(21093), np.int64(504), np.int64(504), np.int64(504), np.int64(38841), np.int64(21093), np.int64(569), np.int64(21093), np.int64(504), np.int64(47660), np.int64(504), np.int64(504), np.int64(504), np.int64(504), np.int64(5041), np.int64(504))","(1, 1, 1, 1, 1, 1, 1, 1, 1, 1, 1, 1, 1, 1, 1, 1, 1, 1, 1, 1, 1, 1, 1, 1, 1, 1, 1, 1, 1, 1, 1, 1, 1, 1, 1, 1, 1, 1, 0, 1, 1, 1, 1, 0, 1, 1, 1, 1, 1, 1)"
2.853551,50,157.984757,1,"(np.int64(21093), np.int64(21093), np.int64(21093), np.int64(21093), np.int64(21093), np.int64(21093), np.int64(14486), np.int64(21093), np.int64(504), np.int64(21093), np.int64(504), np.int64(504), np.int64(504), np.int64(33645), np.int64(504), np.int64(504), np.int64(504), np.int64(504), np.int64(504), np.int64(504), np.int64(504), np.int64(504), np.int64(504), np.int64(504), np.int64(504), np.int64(504), np.int64(504), np.int64(504), np.int64(45603), np.int64(504), np.int64(504), np.int64(504), np.int64(504), np.int64(504), np.int64(504), np.int64(504), np.int64(504), np.int64(504), np.int64(504), np.int64(504), np.int64(504), np.int64(504), np.int64(504), np.int64(504), np.int64(504), np.int64(504), np.int64(26877), np.int64(504), np.int64(504), np.int64(504))","(1, 1, 1, 1, 1, 1, 1, 1, 1, 1, 1, 1, 1, 0, 1, 1, 1, 1, 1, 1, 1, 1, 1, 1, 1, 1, 1, 1, 0, 1, 1, 1, 1, 1, 1, 1, 1, 1, 1, 1, 1, 1, 1, 1, 1, 1, 1, 1, 1, 1)"
3.159726,50,158.54445,7,"(np.int64(3500), np.int64(3500), np.int64(3500), np.int64(3500), np.int64(3500), np.int64(12109), np.int64(3500), np.int64(3500), np.int64(3500), np.int64(3500), np.int64(3500), np.int64(504), np.int64(3500), np.int64(504), np.int64(3500), np.int64(6750), np.int64(504), np.int64(504), np.int64(504), np.int64(504), np.int64(504), np.int64(504), np.int64(504), np.int64(504), np.int64(504), np.int64(504), np.int64(504), np.int64(504), np.int64(504), np.int64(504), np.int64(504), np.int64(504), np.int64(504), np.int64(504), np.int64(504), np.int64(47312), np.int64(3500), np.int64(504), np.int64(504), np.int64(504), np.int64(504), np.int64(504), np.int64(504), np.int64(504), np.int64(504), np.int64(504), np.int64(504), np.int64(504), np.int64(2725), np.int64(2725))","(1, 1, 1, 1, 1, 1, 1, 1, 1, 1, 1, 1, 1, 1, 1, 1, 1, 1, 1, 1, 1, 1, 1, 1, 1, 1, 1, 1, 1, 1, 1, 1, 1, 1, 1, 0, 1, 1, 1, 1, 1, 1, 1, 1, 1, 1, 1, 1, 1, 1)"
0.0,50,159.06992,0,"(np.int64(2725), np.int64(5160), np.int64(2725), np.int64(2725), np.int64(2725), np.int64(2725), np.int64(2725), np.int64(2725), np.int64(2725), np.int64(2725), np.int64(2725), np.int64(2725), np.int64(2725), np.int64(2725), np.int64(2725), np.int64(2725), np.int64(2725), np.int64(2725), np.int64(2725), np.int64(2725), np.int64(2725), np.int64(2725), np.int64(2725), np.int64(2725), np.int64(2725), np.int64(2725), np.int64(2725), np.int64(2725), np.int64(2725), np.int64(34936), np.int64(2725), np.int64(2725), np.int64(15646), np.int64(2725), np.int64(15646), np.int64(16773), np.int64(2725), np.int64(15646), np.int64(15646), np.int64(2725), np.int64(14980), np.int64(15646), np.int64(15646), np.int64(15646), np.int64(15646), np.int64(15646), np.int64(15646), np.int64(15646), np.int64(15646), np.int64(15646))","(0, 0, 0, 0, 0, 0, 0, 0, 0, 0, 0, 0, 0, 0, 0, 0, 0, 0, 0, 0, 0, 0, 0, 0, 0, 0, 0, 0, 0, 0, 0, 0, 0, 0, 0, 0, 0, 0, 0, 0, 0, 0, 0, 0, 0, 0, 0, 0, 0, 0)"
5.30818,50,159.615291,3,"(np.int64(15646), np.int64(15646), np.int64(15646), np.int64(15646), np.int64(15646), np.int64(15646), np.int64(15646), np.int64(15646), np.int64(42093), np.int64(3500), np.int64(3500), np.int64(3500), np.int64(3500), np.int64(3500), np.int64(3500), np.int64(3500), np.int64(3500), np.int64(3500), np.int64(3500), np.int64(17864), np.int64(3500), np.int64(3500), np.int64(3500), np.int64(3500), np.int64(3500), np.int64(5335), np.int64(3500), np.int64(3500), np.int64(6296), np.int64(30695), np.int64(3500), np.int64(3500), np.int64(3500), np.int64(29368), np.int64(11063), np.int64(3500), np.int64(3500), np.int64(3500), np.int64(3500), np.int64(25029), np.int64(3500), np.int64(3500), np.int64(25029), np.int64(11310), np.int64(3500), np.int64(3500), np.int64(25029), np.int64(49589), np.int64(3500), np.int64(25029))","(1, 1, 1, 1, 1, 1, 1, 1, 0, 1, 1, 1, 1, 1, 1, 1, 1, 1, 1, 1, 1, 1, 1, 1, 1, 1, 1, 1, 1, 0, 1, 1, 1, 1, 1, 1, 1, 1, 1, 1, 1, 1, 1, 1, 1, 1, 1, 0, 1, 1)"
2.690626,50,160.154597,2,"(np.int64(3500), np.int64(3500), np.int64(3500), np.int64(3500), np.int64(3500), np.int64(3500), np.int64(3500), np.int64(3500), np.int64(3500), np.int64(3500), np.int64(3500), np.int64(3500), np.int64(3500), np.int64(3500), np.int64(3500), np.int64(25029), np.int64(3500), np.int64(3500), np.int64(25029), np.int64(45646), np.int64(3500), np.int64(3500), np.int64(25029), np.int64(10485), np.int64(10485), np.int64(10485), np.int64(10485), np.int64(10485), np.int64(10485), np.int64(10485), np.int64(10485), np.int64(10485), np.int64(10485), np.int64(10485), np.int64(10485), np.int64(10485), np.int64(10485), np.int64(10485), np.int64(10485), np.int64(10485), np.int64(22422), np.int64(10485), np.int64(25029), np.int64(10485), np.int64(10485), np.int64(25029), np.int64(10485), np.int64(25029), np.int64(10485), np.int64(25029))","(1, 1, 1, 1, 1, 1, 1, 1, 1, 1, 1, 1, 1, 1, 1, 1, 1, 1, 1, 1, 1, 1, 1, 1, 1, 1, 1, 1, 1, 1, 1, 1, 1, 1, 1, 1, 1, 1, 1, 1, 0, 1, 1, 1, 1, 1, 1, 1, 1, 1)"
4.133018,50,160.688559,1,"(np.int64(36658), np.int64(3119), np.int64(3119), np.int64(3119), np.int64(3119), np.int64(23611), np.int64(3119), np.int64(3119), np.int64(43380), np.int64(3119), np.int64(3119), np.int64(39856), np.int64(3119), np.int64(3119), np.int64(3119), np.int64(3119), np.int64(3119), np.int64(3119), np.int64(3119), np.int64(3119), np.int64(3119), np.int64(25029), np.int64(3119), np.int64(3119), np.int64(3119), np.int64(20061), np.int64(3119), np.int64(3119), np.int64(25029), np.int64(3119), np.int64(3119), np.int64(9621), np.int64(3119), np.int64(3119), np.int64(25029), np.int64(22990), np.int64(3119), np.int64(3119), np.int64(25029), np.int64(3119), np.int64(25029), np.int64(3119), np.int64(25029), np.int64(3119), np.int64(25029), np.int64(3119), np.int64(25029), np.int64(3119), np.int64(25029), np.int64(3119))","(0, 1, 1, 1, 1, 1, 1, 1, 0, 1, 1, 1, 1, 1, 1, 1, 1, 1, 1, 1, 1, 1, 1, 1, 1, 1, 1, 1, 1, 1, 1, 1, 1, 1, 1, 0, 1, 1, 1, 1, 1, 1, 1, 1, 1, 1, 1, 1, 1, 1)"
3.494924,50,161.214222,2,"(np.int64(3119), np.int64(3119), np.int64(23507), np.int64(3119), np.int64(3119), np.int64(3119), np.int64(3119), np.int64(3119), np.int64(3119), np.int64(3119), np.int64(3119), np.int64(3119), np.int64(3119), np.int64(3119), np.int64(3119), np.int64(3119), np.int64(3119), np.int64(2819), np.int64(3119), np.int64(3119), np.int64(3119), np.int64(31534), np.int64(3119), np.int64(25029), np.int64(3119), np.int64(3119), np.int64(25029), np.int64(3119), np.int64(45830), np.int64(3119), np.int64(40184), np.int64(3119), np.int64(25029), np.int64(3119), np.int64(5698), np.int64(3119), np.int64(5698), np.int64(3119), np.int64(5698), np.int64(5698), np.int64(3119), np.int64(5698), np.int64(5698), np.int64(5698), np.int64(5698), np.int64(5698), np.int64(5698), np.int64(5698), np.int64(5698), np.int64(5698))","(1, 1, 1, 1, 1, 1, 1, 1, 1, 1, 1, 1, 1, 1, 1, 1, 1, 1, 1, 1, 1, 0, 1, 1, 1, 1, 1, 1, 0, 1, 0, 1, 1, 1, 1, 1, 1, 1, 1, 1, 1, 1, 1, 1, 1, 1, 1, 1, 1, 1)"
2.569383,50,161.754215,1,"(np.int64(3119), np.int64(42679), np.int64(3119), np.int64(3119), np.int64(5698), np.int64(3119), np.int64(43918), np.int64(3119), np.int64(5698), np.int64(5698), np.int64(5698), np.int64(5698), np.int64(5698), np.int64(5698), np.int64(5698), np.int64(5698), np.int64(5698), np.int64(5698), np.int64(5698), np.int64(5698), np.int64(25029), np.int64(5698), np.int64(44616), np.int64(20443), np.int64(5698), np.int64(25029), np.int64(25029), np.int64(5698), np.int64(25029), np.int64(25029), np.int64(25029), np.int64(25029), np.int64(25029), np.int64(25029), np.int64(25029), np.int64(39884), np.int64(25029), np.int64(25029), np.int64(25029), np.int64(25029), np.int64(25029), np.int64(25029), np.int64(25029), np.int64(25029), np.int64(25029), np.int64(25029), np.int64(25029), np.int64(25029), np.int64(25029), np.int64(25029))","(1, 0, 1, 1, 1, 1, 0, 1, 1, 1, 1, 1, 1, 1, 1, 1, 1, 1, 1, 1, 1, 1, 0, 1, 1, 1, 1, 1, 1, 1, 1, 1, 1, 1, 1, 0, 1, 1, 1, 1, 1, 1, 1, 1, 1, 1, 1, 1, 1, 1)"
1.175635,50,162.277413,3,"(np.int64(25029), np.int64(25029), np.int64(25029), np.int64(25029), np.int64(25029), np.int64(25029), np.int64(25029), np.int64(25029), np.int64(25029), np.int64(25029), np.int64(25029), np.int64(21078), np.int64(25029), np.int64(25029), np.int64(25029), np.int64(25029), np.int64(25029), np.int64(25029), np.int64(25029), np.int64(25029), np.int64(25029), np.int64(25029), np.int64(25029), np.int64(25029), np.int64(25029), np.int64(25029), np.int64(25029), np.int64(25029), np.int64(25029), np.int64(25029), np.int64(25029), np.int64(25029), np.int64(25029), np.int64(38086), np.int64(25029), np.int64(25029), np.int64(25029), np.int64(25029), np.int64(25029), np.int64(25029), np.int64(25029), np.int64(25029), np.int64(25029), np.int64(25029), np.int64(44113), np.int64(25029), np.int64(25029), np.int64(25029), np.int64(25029), np.int64(25029))","(1, 1, 1, 1, 1, 1, 1, 1, 1, 1, 1, 1, 1, 1, 1, 1, 1, 1, 1, 1, 1, 1, 1, 1, 1, 1, 1, 1, 1, 1, 1, 1, 1, 0, 1, 1, 1, 1, 1, 1, 1, 1, 1, 1, 0, 1, 1, 1, 1, 1)"
2.537226,50,162.814195,8,"(np.int64(5698), np.int64(5698), np.int64(19304), np.int64(5698), np.int64(5698), np.int64(5698), np.int64(5698), np.int64(5698), np.int64(5698), np.int64(5698), np.int64(5698), np.int64(25029), np.int64(5698), np.int64(5698), np.int64(5698), np.int64(25029), np.int64(5698), np.int64(5698), np.int64(25029), np.int64(5698), np.int64(48189), np.int64(5698), np.int64(5698), np.int64(25029), np.int64(5698), np.int64(25029), np.int64(5698), np.int64(25029), np.int64(25029), np.int64(25029), np.int64(25029), np.int64(25029), np.int64(25029), np.int64(25029), np.int64(25029), np.int64(25029), np.int64(25029), np.int64(25029), np.int64(2001), np.int64(5698), np.int64(25029), np.int64(25029), np.int64(25029), np.int64(25029), np.int64(5698), np.int64(25029), np.int64(25029), np.int64(25029), np.int64(5698), np.int64(5698))","(1, 1, 1, 1, 1, 1, 1, 1, 1, 1, 1, 1, 1, 1, 1, 1, 1, 1, 1, 1, 0, 1, 1, 1, 1, 1, 1, 1, 1, 1, 1, 1, 1, 1, 1, 1, 1, 1, 1, 1, 1, 1, 1, 1, 1, 1, 1, 1, 1, 1)"
2.648449,50,163.351517,2,"(np.int64(5698), np.int64(5698), np.int64(5698), np.int64(5698), np.int64(5698), np.int64(5698), np.int64(5698), np.int64(5698), np.int64(5698), np.int64(5698), np.int64(5698), np.int64(5698), np.int64(5698), np.int64(5698), np.int64(5698), np.int64(5698), np.int64(5698), np.int64(5698), np.int64(5698), np.int64(5698), np.int64(5698), np.int64(5698), np.int64(2872), np.int64(2872), np.int64(5698), np.int64(2872), np.int64(2872), np.int64(2872), np.int64(2872), np.int64(2872), np.int64(2872), np.int64(22869), np.int64(2872), np.int64(2872), np.int64(2872), np.int64(2872), np.int64(2872), np.int64(2872), np.int64(2872), np.int64(2872), np.int64(2872), np.int64(11098), np.int64(2872), np.int64(2872), np.int64(21582), np.int64(36762), np.int64(2872), np.int64(2872), np.int64(2872), np.int64(2872))","(1, 1, 1, 1, 1, 1, 1, 1, 1, 1, 1, 1, 1, 1, 1, 1, 1, 1, 1, 1, 1, 1, 1, 1, 1, 1, 1, 1, 1, 1, 1, 0, 1, 1, 1, 1, 1, 1, 1, 1, 1, 1, 1, 1, 1, 0, 1, 1, 1, 1)"
2.981368,50,163.900452,6,"(np.int64(2872), np.int64(2872), np.int64(42895), np.int64(2872), np.int64(2872), np.int64(2872), np.int64(45411), np.int64(2872), np.int64(2872), np.int64(2872), np.int64(2872), np.int64(2872), np.int64(2872), np.int64(2872), np.int64(2872), np.int64(2872), np.int64(2872), np.int64(2872), np.int64(2872), np.int64(2872), np.int64(2872), np.int64(2872), np.int64(2872), np.int64(2872), np.int64(2872), np.int64(2872), np.int64(2872), np.int64(2872), np.int64(2872), np.int64(2872), np.int64(2872), np.int64(2872), np.int64(2872), np.int64(2872), np.int64(2872), np.int64(45862), np.int64(2872), np.int64(28654), np.int64(2872), np.int64(2872), np.int64(2872), np.int64(2872), np.int64(48651), np.int64(2872), np.int64(2872), np.int64(2872), np.int64(2872), np.int64(3539), np.int64(31594), np.int64(31594))","(1, 1, 0, 1, 1, 1, 0, 1, 1, 1, 1, 1, 1, 1, 1, 1, 1, 1, 1, 1, 1, 1, 1, 1, 1, 1, 1, 1, 1, 1, 1, 1, 1, 1, 1, 0, 1, 1, 1, 1, 1, 1, 1, 1, 1, 1, 1, 1, 1, 1)"
3.586449,50,164.440331,7,"(np.int64(1416), np.int64(1416), np.int64(1416), np.int64(11274), np.int64(1416), np.int64(8888), np.int64(1416), np.int64(37241), np.int64(1416), np.int64(14117), np.int64(1416), np.int64(1416), np.int64(1416), np.int64(1416), np.int64(1416), np.int64(1416), np.int64(30398), np.int64(25022), np.int64(1416), np.int64(1416), np.int64(46971), np.int64(1416), np.int64(1416), np.int64(15599), np.int64(1416), np.int64(1416), np.int64(1416), np.int64(1416), np.int64(1416), np.int64(1416), np.int64(1416), np.int64(1416), np.int64(1416), np.int64(1416), np.int64(1416), np.int64(1416), np.int64(1416), np.int64(1416), np.int64(1416), np.int64(1416), np.int64(1416), np.int64(1416), np.int64(25029), np.int64(7956), np.int64(1416), np.int64(1416), np.int64(25029), np.int64(1416), np.int64(25029), np.int64(1416))","(1, 1, 1, 0, 1, 1, 1, 0, 1, 1, 1, 1, 1, 1, 1, 1, 0, 1, 1, 1, 0, 1, 1, 1, 1, 1, 1, 1, 1, 1, 1, 1, 1, 1, 1, 1, 1, 1, 1, 1, 1, 1, 1, 0, 1, 1, 1, 1, 1, 1)"
2.48665,50,164.975018,0,"(np.int64(3766), np.int64(1416), np.int64(1416), np.int64(1416), np.int64(47543), np.int64(47543), np.int64(47543), np.int64(47543), np.int64(47543), np.int64(1875), np.int64(47543), np.int64(47543), np.int64(47543), np.int64(47543), np.int64(25029), np.int64(47543), np.int64(47543), np.int64(25029), np.int64(24862), np.int64(47543), np.int64(47543), np.int64(25032), np.int64(47543), np.int64(25029), np.int64(47543), np.int64(25029), np.int64(47543), np.int64(25029), np.int64(47543), np.int64(46397), np.int64(47543), np.int64(25029), np.int64(47543), np.int64(25029), np.int64(47543), np.int64(4826), np.int64(47543), np.int64(25029), np.int64(1365), np.int64(47543), np.int64(8730), np.int64(47543), np.int64(25029), np.int64(1365), np.int64(47543), np.int64(1365), np.int64(47543), np.int64(1365), np.int64(1365), np.int64(47543))","(1, 0, 0, 0, 0, 0, 0, 0, 0, 0, 0, 0, 0, 0, 0, 0, 0, 0, 0, 0, 0, 1, 0, 0, 0, 0, 0, 0, 0, 0, 0, 0, 0, 0, 0, 0, 0, 0, 1, 0, 0, 0, 0, 1, 0, 1, 0, 1, 1, 0)"
3.530578,50,165.497817,3,"(np.int64(47543), np.int64(47543), np.int64(47543), np.int64(47543), np.int64(47543), np.int64(47543), np.int64(47543), np.int64(47543), np.int64(1365), np.int64(47543), np.int64(19102), np.int64(4526), np.int64(25188), np.int64(4526), np.int64(4526), np.int64(4526), np.int64(4526), np.int64(8024), np.int64(4526), np.int64(4526), np.int64(4526), np.int64(1602), np.int64(4526), np.int64(1602), np.int64(4526), np.int64(1602), np.int64(4526), np.int64(1602), np.int64(1602), np.int64(1602), np.int64(1602), np.int64(1602), np.int64(1602), np.int64(1602), np.int64(1602), np.int64(1602), np.int64(1602), np.int64(1602), np.int64(1602), np.int64(1602), np.int64(1602), np.int64(1365), np.int64(1602), np.int64(1602), np.int64(1602), np.int64(1365), np.int64(1602), np.int64(1602), np.int64(1365), np.int64(1602))","(1, 1, 1, 1, 1, 1, 1, 1, 1, 1, 1, 1, 1, 1, 1, 1, 1, 0, 1, 1, 1, 1, 1, 1, 1, 1, 1, 1, 1, 1, 1, 1, 1, 1, 1, 1, 1, 1, 1, 1, 1, 1, 1, 1, 1, 1, 1, 1, 1, 1)"
0.867207,50,166.043315,0,"(np.int64(4526), np.int64(4526), np.int64(4526), np.int64(4526), np.int64(4526), np.int64(4526), np.int64(1602), np.int64(4526), np.int64(1602), np.int64(4526), np.int64(1602), np.int64(4526), np.int64(1602), np.int64(1602), np.int64(1602), np.int64(1602), np.int64(1602), np.int64(1602), np.int64(1602), np.int64(1365), np.int64(1602), np.int64(1365), np.int64(4526), np.int64(1365), np.int64(1365), np.int64(1365), np.int64(1365), np.int64(1365), np.int64(1365), np.int64(1365), np.int64(1365), np.int64(1365), np.int64(1365), np.int64(1365), np.int64(1365), np.int64(1365), np.int64(1365), np.int64(1365), np.int64(1365), np.int64(1365), np.int64(1365), np.int64(1365), np.int64(1365), np.int64(1365), np.int64(1365), np.int64(1365), np.int64(1365), np.int64(1365), np.int64(1365), np.int64(1365))","(0, 0, 0, 0, 0, 0, 0, 0, 0, 0, 0, 0, 0, 0, 0, 0, 0, 0, 0, 1, 0, 1, 0, 1, 1, 1, 1, 1, 1, 1, 1, 1, 1, 1, 1, 1, 1, 1, 1, 1, 1, 1, 1, 1, 1, 1, 1, 1, 1, 1)"
2.966732,50,166.580283,4,"(np.int64(32801), np.int64(1365), np.int64(41787), np.int64(1365), np.int64(1365), np.int64(1365), np.int64(1365), np.int64(1365), np.int64(1365), np.int64(1365), np.int64(1365), np.int64(1365), np.int64(1365), np.int64(1365), np.int64(1365), np.int64(24762), np.int64(1365), np.int64(1365), np.int64(1365), np.int64(1365), np.int64(1365), np.int64(1365), np.int64(1365), np.int64(1365), np.int64(1365), np.int64(1365), np.int64(1365), np.int64(1365), np.int64(1365), np.int64(1365), np.int64(1365), np.int64(1365), np.int64(35990), np.int64(1365), np.int64(1365), np.int64(1365), np.int64(1365), np.int64(1365), np.int64(1365), np.int64(22613), np.int64(1365), np.int64(1365), np.int64(1365), np.int64(1365), np.int64(1365), np.int64(17809), np.int64(1365), np.int64(1365), np.int64(32264), np.int64(1365))","(0, 1, 1, 1, 1, 1, 1, 1, 1, 1, 1, 1, 1, 1, 1, 0, 1, 1, 1, 1, 1, 1, 1, 1, 1, 1, 1, 1, 1, 1, 1, 1, 1, 1, 1, 1, 1, 1, 1, 0, 1, 1, 1, 1, 1, 1, 1, 1, 1, 1)"
1.883858,50,167.127345,7,"(np.int64(1365), np.int64(1365), np.int64(1365), np.int64(1365), np.int64(1365), np.int64(1365), np.int64(1365), np.int64(1365), np.int64(1365), np.int64(1365), np.int64(1365), np.int64(1365), np.int64(1365), np.int64(1365), np.int64(1365), np.int64(12448), np.int64(1365), np.int64(1365), np.int64(1365), np.int64(1365), np.int64(1365), np.int64(1365), np.int64(1365), np.int64(1365), np.int64(1365), np.int64(1365), np.int64(1365), np.int64(3428), np.int64(1365), np.int64(1365), np.int64(1365), np.int64(40378), np.int64(1365), np.int64(1365), np.int64(1365), np.int64(40278), np.int64(1365), np.int64(1365), np.int64(1365), np.int64(1365), np.int64(1365), np.int64(1365), np.int64(1365), np.int64(1365), np.int64(1365), np.int64(1365), np.int64(1365), np.int64(1365), np.int64(1365), np.int64(1365))","(1, 1, 1, 1, 1, 1, 1, 1, 1, 1, 1, 1, 1, 1, 1, 1, 1, 1, 1, 1, 1, 1, 1, 1, 1, 1, 1, 1, 1, 1, 1, 0, 1, 1, 1, 0, 1, 1, 1, 1, 1, 1, 1, 1, 1, 1, 1, 1, 1, 1)"
1.951084,50,167.660007,4,"(np.int64(1365), np.int64(1365), np.int64(1365), np.int64(1365), np.int64(1365), np.int64(1365), np.int64(1365), np.int64(1365), np.int64(1365), np.int64(1365), np.int64(22847), np.int64(1365), np.int64(1365), np.int64(1365), np.int64(48017), np.int64(48017), np.int64(48017), np.int64(48017), np.int64(48017), np.int64(48017), np.int64(48017), np.int64(48017), np.int64(48017), np.int64(48017), np.int64(48017), np.int64(48017), np.int64(48017), np.int64(48017), np.int64(29608), np.int64(48017), np.int64(48017), np.int64(48017), np.int64(48017), np.int64(48017), np.int64(8485), np.int64(8485), np.int64(8485), np.int64(8485), np.int64(8485), np.int64(8485), np.int64(8485), np.int64(8485), np.int64(8485), np.int64(8485), np.int64(8485), np.int64(8485), np.int64(8485), np.int64(8485), np.int64(8485), np.int64(8485))","(1, 1, 1, 1, 1, 1, 1, 1, 1, 1, 0, 1, 1, 1, 1, 1, 1, 1, 1, 1, 1, 1, 1, 1, 1, 1, 1, 1, 0, 1, 1, 1, 1, 1, 1, 1, 1, 1, 1, 1, 1, 1, 1, 1, 1, 1, 1, 1, 1, 1)"
3.068889,50,168.197312,7,"(np.int64(8485), np.int64(8485), np.int64(8485), np.int64(8485), np.int64(734), np.int64(734), np.int64(734), np.int64(734), np.int64(734), np.int64(734), np.int64(734), np.int64(734), np.int64(734), np.int64(734), np.int64(734), np.int64(734), np.int64(734), np.int64(40899), np.int64(734), np.int64(734), np.int64(734), np.int64(734), np.int64(734), np.int64(734), np.int64(734), np.int64(734), np.int64(734), np.int64(734), np.int64(28159), np.int64(734), np.int64(734), np.int64(12385), np.int64(734), np.int64(734), np.int64(28159), np.int64(734), np.int64(6234), np.int64(734), np.int64(6234), np.int64(734), np.int64(6234), np.int64(734), np.int64(6234), np.int64(36906), np.int64(734), np.int64(6234), np.int64(6234), np.int64(734), np.int64(6234), np.int64(6234))","(1, 1, 1, 1, 1, 1, 1, 1, 1, 1, 1, 1, 1, 1, 1, 1, 1, 0, 1, 1, 1, 1, 1, 1, 1, 1, 1, 1, 1, 1, 1, 1, 1, 1, 1, 1, 1, 1, 1, 1, 1, 1, 1, 0, 1, 1, 1, 1, 1, 1)"
6.090525,50,168.72151,6,"(np.int64(11759), np.int64(734), np.int64(6234), np.int64(6234), np.int64(6234), np.int64(6234), np.int64(4955), np.int64(6234), np.int64(11211), np.int64(31276), np.int64(6234), np.int64(6234), np.int64(6234), np.int64(46625), np.int64(6234), np.int64(6234), np.int64(6234), np.int64(6234), np.int64(6234), np.int64(6234), np.int64(48977), np.int64(7713), np.int64(6234), np.int64(35342), np.int64(6234), np.int64(6234), np.int64(6234), np.int64(6234), np.int64(41494), np.int64(6234), np.int64(6234), np.int64(6234), np.int64(6234), np.int64(6234), np.int64(26408), np.int64(6234), np.int64(6234), np.int64(6234), np.int64(47420), np.int64(6234), np.int64(6234), np.int64(6234), np.int64(36458), np.int64(31922), np.int64(6234), np.int64(6234), np.int64(7194), np.int64(6234), np.int64(6234), np.int64(6234))","(1, 1, 1, 1, 1, 1, 1, 1, 1, 1, 1, 1, 1, 0, 1, 1, 1, 1, 1, 1, 1, 1, 1, 0, 1, 1, 1, 1, 0, 1, 1, 1, 1, 1, 0, 1, 1, 1, 0, 1, 1, 1, 0, 1, 1, 1, 1, 1, 1, 1)"
3.912642,50,169.254502,5,"(np.int64(6234), np.int64(4500), np.int64(20765), np.int64(6234), np.int64(6234), np.int64(9919), np.int64(6234), np.int64(6234), np.int64(6234), np.int64(6234), np.int64(6234), np.int64(6234), np.int64(6234), np.int64(6234), np.int64(6234), np.int64(6234), np.int64(6234), np.int64(6234), np.int64(6234), np.int64(6234), np.int64(6234), np.int64(6234), np.int64(6234), np.int64(6234), np.int64(6234), np.int64(5893), np.int64(6234), np.int64(6234), np.int64(6234), np.int64(6234), np.int64(6234), np.int64(6234), np.int64(6234), np.int64(6234), np.int64(6234), np.int64(6234), np.int64(6234), np.int64(6234), np.int64(6234), np.int64(6234), np.int64(6234), np.int64(6234), np.int64(6234), np.int64(6234), np.int64(6234), np.int64(6234), np.int64(6234), np.int64(6234), np.int64(6234), np.int64(33594))","(1, 1, 1, 1, 1, 1, 1, 1, 1, 1, 1, 1, 1, 1, 1, 1, 1, 1, 1, 1, 1, 1, 1, 1, 1, 1, 1, 1, 1, 1, 1, 1, 1, 1, 1, 1, 1, 1, 1, 1, 1, 1, 1, 1, 1, 1, 1, 1, 1, 1)"
0.681911,50,169.778971,4,"(np.int64(6234), np.int64(6234), np.int64(6234), np.int64(6234), np.int64(6234), np.int64(6234), np.int64(6234), np.int64(6234), np.int64(6234), np.int64(6234), np.int64(6234), np.int64(6234), np.int64(6234), np.int64(6234), np.int64(6234), np.int64(6234), np.int64(6234), np.int64(6234), np.int64(6234), np.int64(6234), np.int64(6234), np.int64(6234), np.int64(6234), np.int64(6234), np.int64(6234), np.int64(6234), np.int64(6234), np.int64(6234), np.int64(6234), np.int64(6234), np.int64(6234), np.int64(6234), np.int64(6234), np.int64(6234), np.int64(6234), np.int64(6234), np.int64(6234), np.int64(6234), np.int64(6234), np.int64(6234), np.int64(6234), np.int64(6234), np.int64(6234), np.int64(6234), np.int64(6234), np.int64(6234), np.int64(6234), np.int64(6234), np.int64(6234), np.int64(6234))","(1, 1, 1, 1, 1, 1, 1, 1, 1, 1, 1, 1, 1, 1, 1, 1, 1, 1, 1, 1, 1, 1, 1, 1, 1, 1, 1, 1, 1, 1, 1, 1, 1, 1, 1, 1, 1, 1, 1, 1, 1, 1, 1, 1, 1, 1, 1, 1, 1, 1)"
1.907394,50,170.323206,4,"(np.int64(6234), np.int64(6234), np.int64(6234), np.int64(6234), np.int64(6234), np.int64(6234), np.int64(6234), np.int64(6234), np.int64(6234), np.int64(6234), np.int64(6234), np.int64(6234), np.int64(6234), np.int64(6234), np.int64(6234), np.int64(29740), np.int64(3602), np.int64(3602), np.int64(3602), np.int64(3602), np.int64(3602), np.int64(3602), np.int64(3602), np.int64(3602), np.int64(3602), np.int64(3602), np.int64(3602), np.int64(3602), np.int64(3602), np.int64(3602), np.int64(3602), np.int64(3602), np.int64(3602), np.int64(20345), np.int64(3602), np.int64(3602), np.int64(3602), np.int64(3602), np.int64(3602), np.int64(3602), np.int64(3602), np.int64(3602), np.int64(3602), np.int64(3602), np.int64(3602), np.int64(3602), np.int64(3602), np.int64(3602), np.int64(3602), np.int64(3602))","(1, 1, 1, 1, 1, 1, 1, 1, 1, 1, 1, 1, 1, 1, 1, 0, 1, 1, 1, 1, 1, 1, 1, 1, 1, 1, 1, 1, 1, 1, 1, 1, 1, 1, 1, 1, 1, 1, 1, 1, 1, 1, 1, 1, 1, 1, 1, 1, 1, 1)"
1.785725,50,170.860308,3,"(np.int64(3602), np.int64(3602), np.int64(3602), np.int64(3602), np.int64(3602), np.int64(3602), np.int64(3602), np.int64(11413), np.int64(3602), np.int64(3602), np.int64(3602), np.int64(3602), np.int64(3602), np.int64(3602), np.int64(3602), np.int64(30311), np.int64(3602), np.int64(3602), np.int64(3602), np.int64(3602), np.int64(3602), np.int64(3602), np.int64(3602), np.int64(3602), np.int64(3602), np.int64(3602), np.int64(3602), np.int64(3602), np.int64(45799), np.int64(3602), np.int64(3602), np.int64(3602), np.int64(3602), np.int64(3602), np.int64(2576), np.int64(42910), np.int64(3602), np.int64(3602), np.int64(2576), np.int64(3602), np.int64(2576), np.int64(3602), np.int64(2576), np.int64(3602), np.int64(2576), np.int64(3602), np.int64(15646), np.int64(2576), np.int64(35037), np.int64(2576))","(1, 1, 1, 1, 1, 1, 1, 0, 1, 1, 1, 1, 1, 1, 1, 0, 1, 1, 1, 1, 1, 1, 1, 1, 1, 1, 1, 1, 0, 1, 1, 1, 1, 1, 1, 0, 1, 1, 1, 1, 1, 1, 1, 1, 1, 1, 1, 1, 0, 1)"
1.219953,50,171.396255,7,"(np.int64(2576), np.int64(2576), np.int64(2576), np.int64(2576), np.int64(2576), np.int64(2576), np.int64(2576), np.int64(21027), np.int64(15646), np.int64(15646), np.int64(15646), np.int64(46249), np.int64(15646), np.int64(15646), np.int64(15646), np.int64(15646), np.int64(15646), np.int64(15646), np.int64(15646), np.int64(44648), np.int64(15646), np.int64(15646), np.int64(15646), np.int64(15646), np.int64(15646), np.int64(15646), np.int64(15646), np.int64(15646), np.int64(15646), np.int64(15646), np.int64(15646), np.int64(15646), np.int64(15646), np.int64(15646), np.int64(15646), np.int64(15646), np.int64(15646), np.int64(15646), np.int64(15646), np.int64(15646), np.int64(15646), np.int64(15646), np.int64(15646), np.int64(15646), np.int64(15646), np.int64(15646), np.int64(15646), np.int64(15646), np.int64(15646), np.int64(15646))","(1, 1, 1, 1, 1, 1, 1, 0, 1, 1, 1, 0, 1, 1, 1, 1, 1, 1, 1, 0, 1, 1, 1, 1, 1, 1, 1, 1, 1, 1, 1, 1, 1, 1, 1, 1, 1, 1, 1, 1, 1, 1, 1, 1, 1, 1, 1, 1, 1, 1)"
1.721518,50,171.922232,7,"(np.int64(2576), np.int64(3288), np.int64(2576), np.int64(2576), np.int64(2576), np.int64(2576), np.int64(2576), np.int64(2576), np.int64(2576), np.int64(2576), np.int64(2576), np.int64(2576), np.int64(2576), np.int64(2576), np.int64(2576), np.int64(2576), np.int64(2576), np.int64(11314), np.int64(2576), np.int64(35265), np.int64(2576), np.int64(2576), np.int64(2576), np.int64(2576), np.int64(2576), np.int64(2576), np.int64(2576), np.int64(2576), np.int64(2576), np.int64(2576), np.int64(2576), np.int64(2576), np.int64(2576), np.int64(2576), np.int64(40183), np.int64(2576), np.int64(47418), np.int64(2576), np.int64(2576), np.int64(2576), np.int64(2576), np.int64(2576), np.int64(2576), np.int64(2576), np.int64(2576), np.int64(2576), np.int64(2576), np.int64(2576), np.int64(2576), np.int64(2576))","(1, 1, 1, 1, 1, 1, 1, 1, 1, 1, 1, 1, 1, 1, 1, 1, 1, 1, 1, 0, 1, 1, 1, 1, 1, 1, 1, 1, 1, 1, 1, 1, 1, 1, 0, 1, 0, 1, 1, 1, 1, 1, 1, 1, 1, 1, 1, 1, 1, 1)"
2.245096,50,172.456134,8,"(np.int64(2576), np.int64(2576), np.int64(2576), np.int64(2576), np.int64(2576), np.int64(2576), np.int64(2576), np.int64(2576), np.int64(2576), np.int64(2576), np.int64(2576), np.int64(2576), np.int64(2576), np.int64(2576), np.int64(2576), np.int64(2576), np.int64(2576), np.int64(2576), np.int64(2576), np.int64(2576), np.int64(2576), np.int64(2576), np.int64(2576), np.int64(2576), np.int64(2576), np.int64(2576), np.int64(2576), np.int64(2576), np.int64(2576), np.int64(2576), np.int64(2576), np.int64(18371), np.int64(40836), np.int64(2576), np.int64(21048), np.int64(2576), np.int64(2576), np.int64(4112), np.int64(2576), np.int64(2576), np.int64(2576), np.int64(2576), np.int64(2576), np.int64(2576), np.int64(2576), np.int64(27309), np.int64(2576), np.int64(2576), np.int64(2576), np.int64(35950))","(1, 1, 1, 1, 1, 1, 1, 1, 1, 1, 1, 1, 1, 1, 1, 1, 1, 1, 1, 1, 1, 1, 1, 1, 1, 1, 1, 1, 1, 1, 1, 0, 0, 1, 1, 1, 1, 1, 1, 1, 1, 1, 1, 1, 1, 1, 1, 1, 1, 0)"
1.871116,50,172.996934,6,"(np.int64(2576), np.int64(2576), np.int64(2576), np.int64(26239), np.int64(2576), np.int64(2576), np.int64(2576), np.int64(2576), np.int64(22403), np.int64(2576), np.int64(2576), np.int64(2576), np.int64(2576), np.int64(2576), np.int64(11759), np.int64(11759), np.int64(11759), np.int64(11759), np.int64(11759), np.int64(11759), np.int64(11759), np.int64(11759), np.int64(11759), np.int64(11759), np.int64(11759), np.int64(11759), np.int64(11759), np.int64(11759), np.int64(11759), np.int64(11759), np.int64(11759), np.int64(11759), np.int64(11759), np.int64(11759), np.int64(11759), np.int64(11759), np.int64(11759), np.int64(11759), np.int64(11759), np.int64(11759), np.int64(11759), np.int64(28159), np.int64(11759), np.int64(11759), np.int64(28159), np.int64(11759), np.int64(28159), np.int64(11759), np.int64(28159), np.int64(11759))","(1, 1, 1, 0, 1, 1, 1, 1, 0, 1, 1, 1, 1, 1, 1, 1, 1, 1, 1, 1, 1, 1, 1, 1, 1, 1, 1, 1, 1, 1, 1, 1, 1, 1, 1, 1, 1, 1, 1, 1, 1, 1, 1, 1, 1, 1, 1, 1, 1, 1)"
3.351762,50,173.539892,1,"(np.int64(11759), np.int64(11759), np.int64(11759), np.int64(11759), np.int64(34838), np.int64(11759), np.int64(11759), np.int64(11759), np.int64(11759), np.int64(11759), np.int64(11759), np.int64(26045), np.int64(34445), np.int64(11759), np.int64(11759), np.int64(11759), np.int64(28159), np.int64(11759), np.int64(28159), np.int64(11759), np.int64(28159), np.int64(28159), np.int64(28159), np.int64(28159), np.int64(28159), np.int64(28159), np.int64(28159), np.int64(28159), np.int64(28159), np.int64(28159), np.int64(28159), np.int64(2085), np.int64(28159), np.int64(28159), np.int64(18795), np.int64(28159), np.int64(28159), np.int64(28159), np.int64(28159), np.int64(28159), np.int64(28159), np.int64(28159), np.int64(32233), np.int64(28159), np.int64(28159), np.int64(28159), np.int64(28159), np.int64(28159), np.int64(28159), np.int64(28159))","(1, 1, 1, 1, 1, 1, 1, 1, 1, 1, 1, 1, 0, 1, 1, 1, 1, 1, 1, 1, 1, 1, 1, 1, 1, 1, 1, 1, 1, 1, 1, 1, 1, 1, 0, 1, 1, 1, 1, 1, 1, 1, 0, 1, 1, 1, 1, 1, 1, 1)"
1.869822,50,174.06346,2,"(np.int64(28159), np.int64(28159), np.int64(28159), np.int64(28159), np.int64(28159), np.int64(28159), np.int64(28159), np.int64(28159), np.int64(28159), np.int64(28159), np.int64(28159), np.int64(28159), np.int64(28159), np.int64(28159), np.int64(28159), np.int64(28159), np.int64(28159), np.int64(28159), np.int64(28159), np.int64(28159), np.int64(28159), np.int64(28159), np.int64(28159), np.int64(13004), np.int64(28159), np.int64(28159), np.int64(28159), np.int64(28159), np.int64(28159), np.int64(28159), np.int64(28159), np.int64(28159), np.int64(28159), np.int64(28159), np.int64(28159), np.int64(28159), np.int64(28159), np.int64(28159), np.int64(28159), np.int64(28159), np.int64(35943), np.int64(28159), np.int64(28159), np.int64(28159), np.int64(28159), np.int64(28159), np.int64(28159), np.int64(28159), np.int64(28159), np.int64(28159))","(1, 1, 1, 1, 1, 1, 1, 1, 1, 1, 1, 1, 1, 1, 1, 1, 1, 1, 1, 1, 1, 1, 1, 1, 1, 1, 1, 1, 1, 1, 1, 1, 1, 1, 1, 1, 1, 1, 1, 1, 1, 1, 1, 1, 1, 1, 1, 1, 1, 1)"
1.905264,50,174.594763,6,"(np.int64(10488), np.int64(10488), np.int64(10488), np.int64(10488), np.int64(10488), np.int64(10488), np.int64(10488), np.int64(10488), np.int64(10488), np.int64(10488), np.int64(10488), np.int64(10488), np.int64(14481), np.int64(46964), np.int64(10488), np.int64(10488), np.int64(14481), np.int64(10488), np.int64(14481), np.int64(10488), np.int64(14481), np.int64(10488), np.int64(14481), np.int64(10488), np.int64(38114), np.int64(10488), np.int64(14481), np.int64(10488), np.int64(36642), np.int64(10488), np.int64(14481), np.int64(14481), np.int64(10488), np.int64(14481), np.int64(14481), np.int64(14481), np.int64(14481), np.int64(14481), np.int64(14481), np.int64(41598), np.int64(10488), np.int64(37392), np.int64(10488), np.int64(14481), np.int64(14481), np.int64(14481), np.int64(14481), np.int64(14481), np.int64(14481), np.int64(14481))","(1, 1, 1, 1, 1, 1, 1, 1, 1, 1, 1, 1, 1, 0, 1, 1, 1, 1, 1, 1, 1, 1, 1, 1, 0, 1, 1, 1, 0, 1, 1, 1, 1, 1, 1, 1, 1, 1, 1, 0, 1, 1, 1, 1, 1, 1, 1, 1, 1, 1)"
4.383287,50,175.117923,1,"(np.int64(35761), np.int64(10488), np.int64(10488), np.int64(14481), np.int64(14481), np.int64(14481), np.int64(14481), np.int64(14481), np.int64(14481), np.int64(14481), np.int64(14481), np.int64(14481), np.int64(14481), np.int64(35355), np.int64(14481), np.int64(45930), np.int64(14481), np.int64(14481), np.int64(14481), np.int64(15890), np.int64(14481), np.int64(14481), np.int64(14481), np.int64(14481), np.int64(14481), np.int64(14481), np.int64(14481), np.int64(14481), np.int64(14481), np.int64(14481), np.int64(14481), np.int64(14481), np.int64(14481), np.int64(14481), np.int64(14481), np.int64(14481), np.int64(14481), np.int64(32079), np.int64(14481), np.int64(14481), np.int64(14481), np.int64(14481), np.int64(14481), np.int64(14481), np.int64(14481), np.int64(14481), np.int64(14481), np.int64(14481), np.int64(14481), np.int64(14481))","(1, 1, 1, 1, 1, 1, 1, 1, 1, 1, 1, 1, 1, 1, 1, 1, 1, 1, 1, 1, 1, 1, 1, 1, 1, 1, 1, 1, 1, 1, 1, 1, 1, 1, 1, 1, 1, 1, 1, 1, 1, 1, 1, 1, 1, 1, 1, 1, 1, 1)"
3.05255,50,175.658115,7,"(np.int64(22884), np.int64(9923), np.int64(31242), np.int64(9923), np.int64(9923), np.int64(3475), np.int64(9923), np.int64(3693), np.int64(36644), np.int64(9923), np.int64(9923), np.int64(3693), np.int64(9923), np.int64(9923), np.int64(3693), np.int64(9923), np.int64(20820), np.int64(13009), np.int64(9923), np.int64(20820), np.int64(9923), np.int64(9923), np.int64(20820), np.int64(9923), np.int64(1768), np.int64(9923), np.int64(9923), np.int64(43253), np.int64(9923), np.int64(9923), np.int64(9923), np.int64(9923), np.int64(9923), np.int64(44354), np.int64(9923), np.int64(9923), np.int64(9923), np.int64(9923), np.int64(9923), np.int64(9923), np.int64(20820), np.int64(20820), np.int64(9923), np.int64(28165), np.int64(20820), np.int64(20820), np.int64(20820), np.int64(20820), np.int64(20820), np.int64(20820))","(0, 1, 1, 1, 1, 1, 1, 1, 0, 1, 1, 1, 1, 1, 1, 1, 0, 0, 1, 0, 1, 1, 0, 1, 1, 1, 1, 0, 1, 1, 1, 1, 1, 0, 1, 1, 1, 1, 1, 1, 0, 0, 1, 0, 0, 0, 0, 0, 0, 0)"
2.198472,50,176.188917,5,"(np.int64(3043), np.int64(3043), np.int64(3043), np.int64(3043), np.int64(20820), np.int64(3043), np.int64(20820), np.int64(3043), np.int64(20820), np.int64(20820), np.int64(20820), np.int64(20820), np.int64(20820), np.int64(20820), np.int64(20820), np.int64(20820), np.int64(20820), np.int64(20820), np.int64(20820), np.int64(20820), np.int64(20820), np.int64(20820), np.int64(20820), np.int64(20820), np.int64(20820), np.int64(20820), np.int64(20820), np.int64(20820), np.int64(20820), np.int64(20820), np.int64(519), np.int64(20820), np.int64(20820), np.int64(519), np.int64(20820), np.int64(8803), np.int64(20820), np.int64(519), np.int64(20820), np.int64(519), np.int64(20820), np.int64(519), np.int64(20820), np.int64(519), np.int64(20820), np.int64(519), np.int64(519), np.int64(519), np.int64(519), np.int64(519))","(1, 1, 1, 1, 0, 1, 0, 1, 0, 0, 0, 0, 0, 0, 0, 0, 0, 0, 0, 0, 0, 0, 0, 0, 0, 0, 0, 0, 0, 0, 1, 0, 0, 1, 0, 1, 0, 1, 0, 1, 0, 1, 0, 1, 0, 1, 1, 1, 1, 1)"
2.945745,50,176.747348,3,"(np.int64(4245), np.int64(4245), np.int64(4245), np.int64(4245), np.int64(4245), np.int64(6983), np.int64(4245), np.int64(4245), np.int64(4245), np.int64(4245), np.int64(4245), np.int64(519), np.int64(4245), np.int64(4245), np.int64(33055), np.int64(4245), np.int64(4245), np.int64(4245), np.int64(20711), np.int64(4245), np.int64(4245), np.int64(20711), np.int64(4245), np.int64(20711), np.int64(4245), np.int64(20711), np.int64(38459), np.int64(4245), np.int64(4245), np.int64(20711), np.int64(4245), np.int64(20711), np.int64(20711), np.int64(4245), np.int64(20711), np.int64(20711), np.int64(20711), np.int64(20711), np.int64(20711), np.int64(20711), np.int64(20711), np.int64(20711), np.int64(20711), np.int64(20711), np.int64(20711), np.int64(20711), np.int64(20711), np.int64(20711), np.int64(20711), np.int64(20711))","(1, 1, 1, 1, 1, 1, 1, 1, 1, 1, 1, 1, 1, 1, 1, 1, 1, 1, 1, 1, 1, 1, 1, 1, 1, 1, 0, 1, 1, 1, 1, 1, 1, 1, 1, 1, 1, 1, 1, 1, 1, 1, 1, 1, 1, 1, 1, 1, 1, 1)"
2.861999,50,177.301298,1,"(np.int64(4606), np.int64(4606), np.int64(4606), np.int64(4606), np.int64(4606), np.int64(4606), np.int64(4606), np.int64(4606), np.int64(4606), np.int64(4606), np.int64(4606), np.int64(4606), np.int64(4606), np.int64(4606), np.int64(4606), np.int64(4606), np.int64(4606), np.int64(6853), np.int64(4606), np.int64(4606), np.int64(4606), np.int64(4606), np.int64(4606), np.int64(4606), np.int64(20711), np.int64(4606), np.int64(4606), np.int64(519), np.int64(4606), np.int64(4606), np.int64(519), np.int64(4606), np.int64(4606), np.int64(519), np.int64(4606), np.int64(519), np.int64(4606), np.int64(519), np.int64(4606), np.int64(519), np.int64(4606), np.int64(519), np.int64(519), np.int64(4606), np.int64(519), np.int64(519), np.int64(519), np.int64(519), np.int64(519), np.int64(519))","(1, 1, 1, 1, 1, 1, 1, 1, 1, 1, 1, 1, 1, 1, 1, 1, 1, 1, 1, 1, 1, 1, 1, 1, 1, 1, 1, 1, 1, 1, 1, 1, 1, 1, 1, 1, 1, 1, 1, 1, 1, 1, 1, 1, 1, 1, 1, 1, 1, 1)"
3.12099,50,177.859227,6,"(np.int64(4606), np.int64(4606), np.int64(4606), np.int64(4606), np.int64(4606), np.int64(4606), np.int64(4606), np.int64(4606), np.int64(519), np.int64(4606), np.int64(4606), np.int64(519), np.int64(4606), np.int64(519), np.int64(4606), np.int64(519), np.int64(4606), np.int64(519), np.int64(519), np.int64(2727), np.int64(4606), np.int64(519), np.int64(519), np.int64(519), np.int64(519), np.int64(519), np.int64(519), np.int64(38243), np.int64(519), np.int64(519), np.int64(519), np.int64(519), np.int64(519), np.int64(519), np.int64(519), np.int64(519), np.int64(519), np.int64(519), np.int64(519), np.int64(519), np.int64(9513), np.int64(25631), np.int64(519), np.int64(519), np.int64(519), np.int64(519), np.int64(519), np.int64(519), np.int64(519), np.int64(519))","(1, 1, 1, 1, 1, 1, 1, 1, 1, 1, 1, 1, 1, 1, 1, 1, 1, 1, 1, 1, 1, 1, 1, 1, 1, 1, 1, 0, 1, 1, 1, 1, 1, 1, 1, 1, 1, 1, 1, 1, 1, 1, 1, 1, 1, 1, 1, 1, 1, 1)"
1.472257,50,178.385485,0,"(np.int64(519), np.int64(519), np.int64(519), np.int64(519), np.int64(519), np.int64(519), np.int64(17821), np.int64(17821), np.int64(26234), np.int64(519), np.int64(17821), np.int64(17821), np.int64(17821), np.int64(36689), np.int64(17821), np.int64(17821), np.int64(17821), np.int64(41328), np.int64(17821), np.int64(17821), np.int64(17821), np.int64(17821), np.int64(17821), np.int64(17821), np.int64(17821), np.int64(17821), np.int64(17821), np.int64(17821), np.int64(17821), np.int64(11984), np.int64(17821), np.int64(17821), np.int64(17821), np.int64(17821), np.int64(1378), np.int64(17821), np.int64(17821), np.int64(17821), np.int64(17821), np.int64(17821), np.int64(17821), np.int64(17821), np.int64(17821), np.int64(17821), np.int64(17821), np.int64(38070), np.int64(17821), np.int64(29202), np.int64(17821), np.int64(17821))","(0, 0, 0, 0, 0, 0, 0, 0, 1, 0, 0, 0, 0, 0, 0, 0, 0, 0, 0, 0, 0, 0, 0, 0, 0, 0, 0, 0, 0, 0, 0, 0, 0, 0, 0, 0, 0, 0, 0, 0, 0, 0, 0, 0, 0, 1, 0, 0, 0, 0)"
2.42526,50,178.921377,6,"(np.int64(33535), np.int64(17821), np.int64(17821), np.int64(17821), np.int64(17821), np.int64(17821), np.int64(49059), np.int64(17821), np.int64(17821), np.int64(17821), np.int64(17821), np.int64(17821), np.int64(17821), np.int64(39034), np.int64(17821), np.int64(17821), np.int64(17821), np.int64(17821), np.int64(17821), np.int64(17821), np.int64(17821), np.int64(17821), np.int64(5481), np.int64(17821), np.int64(17821), np.int64(17821), np.int64(17821), np.int64(17821), np.int64(17821), np.int64(17821), np.int64(17821), np.int64(17821), np.int64(17821), np.int64(17821), np.int64(17821), np.int64(17821), np.int64(17821), np.int64(17821), np.int64(17821), np.int64(17821), np.int64(17821), np.int64(17821), np.int64(17821), np.int64(17821), np.int64(17821), np.int64(17821), np.int64(17821), np.int64(10679), np.int64(17821), np.int64(17821))","(1, 1, 1, 1, 1, 1, 0, 1, 1, 1, 1, 1, 1, 0, 1, 1, 1, 1, 1, 1, 1, 1, 1, 1, 1, 1, 1, 1, 1, 1, 1, 1, 1, 1, 1, 1, 1, 1, 1, 1, 1, 1, 1, 1, 1, 1, 1, 1, 1, 1)"
4.313251,50,179.470982,7,"(np.int64(3043), np.int64(7452), np.int64(7452), np.int64(7452), np.int64(7452), np.int64(7452), np.int64(7452), np.int64(28958), np.int64(7452), np.int64(28958), np.int64(7452), np.int64(7452), np.int64(7452), np.int64(28958), np.int64(7452), np.int64(519), np.int64(7452), np.int64(519), np.int64(30414), np.int64(7452), np.int64(519), np.int64(519), np.int64(519), np.int64(28955), np.int64(519), np.int64(519), np.int64(519), np.int64(519), np.int64(9379), np.int64(519), np.int64(519), np.int64(519), np.int64(519), np.int64(519), np.int64(519), np.int64(519), np.int64(519), np.int64(519), np.int64(519), np.int64(519), np.int64(519), np.int64(519), np.int64(519), np.int64(519), np.int64(519), np.int64(519), np.int64(519), np.int64(21329), np.int64(519), np.int64(519))","(1, 1, 1, 1, 1, 1, 1, 1, 1, 1, 1, 1, 1, 1, 1, 1, 1, 1, 0, 1, 1, 1, 1, 1, 1, 1, 1, 1, 1, 1, 1, 1, 1, 1, 1, 1, 1, 1, 1, 1, 1, 1, 1, 1, 1, 1, 1, 1, 1, 1)"
0.731031,50,180.031432,0,"(np.int64(519), np.int64(519), np.int64(519), np.int64(43547), np.int64(519), np.int64(519), np.int64(519), np.int64(519), np.int64(519), np.int64(519), np.int64(519), np.int64(519), np.int64(519), np.int64(519), np.int64(519), np.int64(49649), np.int64(519), np.int64(519), np.int64(519), np.int64(519), np.int64(519), np.int64(519), np.int64(519), np.int64(519), np.int64(519), np.int64(519), np.int64(47729), np.int64(519), np.int64(519), np.int64(519), np.int64(519), np.int64(519), np.int64(519), np.int64(519), np.int64(1622), np.int64(519), np.int64(519), np.int64(519), np.int64(519), np.int64(519), np.int64(47330), np.int64(519), np.int64(519), np.int64(519), np.int64(519), np.int64(519), np.int64(519), np.int64(519), np.int64(519), np.int64(519))","(0, 0, 0, 0, 0, 0, 0, 0, 0, 0, 0, 0, 0, 0, 0, 0, 0, 0, 0, 0, 0, 0, 0, 0, 0, 0, 0, 0, 0, 0, 0, 0, 0, 0, 1, 0, 0, 0, 0, 0, 0, 0, 0, 0, 0, 0, 0, 0, 0, 0)"
0.849276,50,180.572848,0,"(np.int64(519), np.int64(519), np.int64(519), np.int64(519), np.int64(519), np.int64(519), np.int64(519), np.int64(519), np.int64(519), np.int64(519), np.int64(519), np.int64(6413), np.int64(519), np.int64(519), np.int64(519), np.int64(519), np.int64(32938), np.int64(519), np.int64(519), np.int64(519), np.int64(519), np.int64(519), np.int64(519), np.int64(519), np.int64(519), np.int64(519), np.int64(519), np.int64(519), np.int64(519), np.int64(519), np.int64(519), np.int64(519), np.int64(519), np.int64(519), np.int64(17477), np.int64(519), np.int64(19597), np.int64(519), np.int64(519), np.int64(519), np.int64(519), np.int64(519), np.int64(3982), np.int64(29037), np.int64(3043), np.int64(3043), np.int64(3043), np.int64(3043), np.int64(3043), np.int64(3043))","(0, 0, 0, 0, 0, 0, 0, 0, 0, 0, 0, 0, 0, 0, 0, 0, 0, 0, 0, 0, 0, 0, 0, 0, 0, 0, 0, 0, 0, 0, 0, 0, 0, 0, 0, 0, 0, 0, 0, 0, 0, 0, 1, 0, 0, 0, 0, 0, 0, 0)"
0.858712,50,181.113295,0,"(np.int64(49117), np.int64(38303), np.int64(3043), np.int64(3043), np.int64(3043), np.int64(3043), np.int64(3043), np.int64(3043), np.int64(3043), np.int64(3043), np.int64(3043), np.int64(3043), np.int64(3043), np.int64(3043), np.int64(3043), np.int64(3043), np.int64(3043), np.int64(3043), np.int64(3043), np.int64(3982), np.int64(3043), np.int64(12248), np.int64(3043), np.int64(3982), np.int64(3043), np.int64(3982), np.int64(28811), np.int64(3043), np.int64(3982), np.int64(3982), np.int64(28811), np.int64(3043), np.int64(3982), np.int64(3982), np.int64(3982), np.int64(3982), np.int64(3982), np.int64(3982), np.int64(26057), np.int64(3982), np.int64(3982), np.int64(59), np.int64(3982), np.int64(3982), np.int64(3982), np.int64(3982), np.int64(3982), np.int64(3982), np.int64(3982), np.int64(3982))","(0, 0, 0, 0, 0, 0, 0, 0, 0, 0, 0, 0, 0, 0, 0, 0, 0, 0, 0, 1, 0, 0, 0, 1, 0, 1, 0, 0, 1, 1, 0, 0, 1, 1, 1, 1, 1, 1, 0, 1, 1, 0, 1, 1, 1, 1, 1, 1, 1, 1)"
4.384472,50,181.655955,5,"(np.int64(28811), np.int64(28811), np.int64(1912), np.int64(1912), np.int64(1912), np.int64(1912), np.int64(1912), np.int64(1912), np.int64(42802), np.int64(1912), np.int64(1912), np.int64(1912), np.int64(1912), np.int64(1912), np.int64(1912), np.int64(1912), np.int64(1912), np.int64(1912), np.int64(1912), np.int64(1912), np.int64(1912), np.int64(1912), np.int64(1912), np.int64(6433), np.int64(1912), np.int64(1912), np.int64(1912), np.int64(1912), np.int64(1912), np.int64(21435), np.int64(1912), np.int64(1912), np.int64(20308), np.int64(1912), np.int64(49634), np.int64(1912), np.int64(11577), np.int64(1912), np.int64(1912), np.int64(1912), np.int64(1912), np.int64(1912), np.int64(1912), np.int64(1912), np.int64(1912), np.int64(1912), np.int64(1912), np.int64(1912), np.int64(1912), np.int64(1912))","(1, 1, 1, 1, 1, 1, 1, 1, 1, 1, 1, 1, 1, 1, 1, 1, 1, 1, 1, 1, 1, 1, 1, 0, 1, 1, 1, 1, 1, 1, 1, 1, 1, 1, 1, 1, 1, 1, 1, 1, 1, 1, 1, 1, 1, 1, 1, 1, 1, 1)"
1.750413,50,182.210151,3,"(np.int64(1912), np.int64(1912), np.int64(1912), np.int64(1912), np.int64(1912), np.int64(1912), np.int64(1912), np.int64(1912), np.int64(1912), np.int64(1912), np.int64(1912), np.int64(1912), np.int64(1912), np.int64(1912), np.int64(1912), np.int64(25631), np.int64(1912), np.int64(12365), np.int64(1912), np.int64(1912), np.int64(1912), np.int64(1912), np.int64(1912), np.int64(1912), np.int64(1912), np.int64(1912), np.int64(1912), np.int64(1912), np.int64(1912), np.int64(1912), np.int64(1912), np.int64(1912), np.int64(1912), np.int64(1912), np.int64(1912), np.int64(1912), np.int64(20711), np.int64(20711), np.int64(20711), np.int64(20711), np.int64(20711), np.int64(20711), np.int64(20711), np.int64(20711), np.int64(20711), np.int64(20711), np.int64(20711), np.int64(20711), np.int64(20711), np.int64(20711))","(1, 1, 1, 1, 1, 1, 1, 1, 1, 1, 1, 1, 1, 1, 1, 1, 1, 0, 1, 1, 1, 1, 1, 1, 1, 1, 1, 1, 1, 1, 1, 1, 1, 1, 1, 1, 1, 1, 1, 1, 1, 1, 1, 1, 1, 1, 1, 1, 1, 1)"
0.0,50,182.755274,0,"(np.int64(16839), np.int64(16839), np.int64(16839), np.int64(16839), np.int64(20711), np.int64(16839), np.int64(20711), np.int64(20711), np.int64(20711), np.int64(20711), np.int64(41532), np.int64(20711), np.int64(20711), np.int64(20711), np.int64(20711), np.int64(28606), np.int64(20711), np.int64(20711), np.int64(19978), np.int64(20711), np.int64(20711), np.int64(20711), np.int64(20711), np.int64(20711), np.int64(20711), np.int64(20711), np.int64(20711), np.int64(20711), np.int64(20711), np.int64(7993), np.int64(20711), np.int64(20711), np.int64(20711), np.int64(7852), np.int64(20711), np.int64(20711), np.int64(20711), np.int64(20711), np.int64(20711), np.int64(20711), np.int64(20711), np.int64(20711), np.int64(20711), np.int64(20711), np.int64(20711), np.int64(20711), np.int64(20711), np.int64(20711), np.int64(20711), np.int64(20711))","(0, 0, 0, 0, 0, 0, 0, 0, 0, 0, 0, 0, 0, 0, 0, 0, 0, 0, 0, 0, 0, 0, 0, 0, 0, 0, 0, 0, 0, 0, 0, 0, 0, 0, 0, 0, 0, 0, 0, 0, 0, 0, 0, 0, 0, 0, 0, 0, 0, 0)"
3.645416,50,183.287878,8,"(np.int64(28958), np.int64(28958), np.int64(28958), np.int64(28958), np.int64(28958), np.int64(28958), np.int64(28958), np.int64(6887), np.int64(28958), np.int64(28958), np.int64(28958), np.int64(28958), np.int64(28958), np.int64(28958), np.int64(28958), np.int64(28958), np.int64(28958), np.int64(28958), np.int64(28958), np.int64(28958), np.int64(1981), np.int64(28958), np.int64(28958), np.int64(1981), np.int64(28958), np.int64(1981), np.int64(28958), np.int64(16903), np.int64(28958), np.int64(1981), np.int64(16904), np.int64(28958), np.int64(2012), np.int64(28958), np.int64(1981), np.int64(8713), np.int64(28958), np.int64(1981), np.int64(1981), np.int64(1981), np.int64(1981), np.int64(1981), np.int64(1981), np.int64(1981), np.int64(1981), np.int64(1981), np.int64(1981), np.int64(1981), np.int64(1981), np.int64(1981))","(1, 1, 1, 1, 1, 1, 1, 1, 1, 1, 1, 1, 1, 1, 1, 1, 1, 1, 1, 1, 1, 1, 1, 1, 1, 1, 1, 1, 1, 1, 1, 1, 1, 1, 1, 0, 1, 1, 1, 1, 1, 1, 1, 1, 1, 1, 1, 1, 1, 1)"
2.392332,50,183.811373,8,"(np.int64(28958), np.int64(28958), np.int64(28958), np.int64(28958), np.int64(28958), np.int64(28958), np.int64(1981), np.int64(28958), np.int64(28958), np.int64(1981), np.int64(28958), np.int64(1981), np.int64(28958), np.int64(1981), np.int64(1981), np.int64(1981), np.int64(1981), np.int64(1981), np.int64(1981), np.int64(1981), np.int64(1981), np.int64(1981), np.int64(1981), np.int64(1981), np.int64(1981), np.int64(1981), np.int64(1981), np.int64(1981), np.int64(1981), np.int64(1981), np.int64(1981), np.int64(1981), np.int64(1981), np.int64(1981), np.int64(1981), np.int64(1981), np.int64(1981), np.int64(1981), np.int64(1981), np.int64(1981), np.int64(1981), np.int64(1981), np.int64(1981), np.int64(5560), np.int64(1981), np.int64(1981), np.int64(1981), np.int64(14964), np.int64(1981), np.int64(1981))","(1, 1, 1, 1, 1, 1, 1, 1, 1, 1, 1, 1, 1, 1, 1, 1, 1, 1, 1, 1, 1, 1, 1, 1, 1, 1, 1, 1, 1, 1, 1, 1, 1, 1, 1, 1, 1, 1, 1, 1, 1, 1, 1, 1, 1, 1, 1, 1, 1, 1)"
4.025952,50,184.346646,2,"(np.int64(1981), np.int64(1981), np.int64(1981), np.int64(1981), np.int64(1981), np.int64(1981), np.int64(1981), np.int64(1981), np.int64(1981), np.int64(1981), np.int64(1981), np.int64(1981), np.int64(31871), np.int64(49058), np.int64(1981), np.int64(1981), np.int64(1981), np.int64(1981), np.int64(1981), np.int64(26114), np.int64(1981), np.int64(1981), np.int64(1981), np.int64(1981), np.int64(1981), np.int64(1981), np.int64(1981), np.int64(1981), np.int64(1981), np.int64(24643), np.int64(1981), np.int64(1981), np.int64(1981), np.int64(1981), np.int64(39704), np.int64(1981), np.int64(1981), np.int64(1981), np.int64(1972), np.int64(1981), np.int64(1981), np.int64(10493), np.int64(1981), np.int64(1981), np.int64(1981), np.int64(1981), np.int64(1981), np.int64(1981), np.int64(1981), np.int64(1981))","(1, 1, 1, 1, 1, 1, 1, 1, 1, 1, 1, 1, 1, 1, 1, 1, 1, 1, 1, 1, 1, 1, 1, 1, 1, 1, 1, 1, 1, 0, 1, 1, 1, 1, 0, 1, 1, 1, 1, 1, 1, 1, 1, 1, 1, 1, 1, 1, 1, 1)"
0.0,50,184.872369,0,"(np.int64(26526), np.int64(26526), np.int64(26526), np.int64(26526), np.int64(26526), np.int64(26526), np.int64(26526), np.int64(26526), np.int64(26526), np.int64(26526), np.int64(26526), np.int64(26526), np.int64(26526), np.int64(26526), np.int64(29576), np.int64(26526), np.int64(26526), np.int64(29576), np.int64(26526), np.int64(29576), np.int64(26526), np.int64(29576), np.int64(26526), np.int64(29576), np.int64(26526), np.int64(13302), np.int64(29576), np.int64(26526), np.int64(29576), np.int64(29576), np.int64(8147), np.int64(29576), np.int64(29576), np.int64(29576), np.int64(29576), np.int64(29576), np.int64(38130), np.int64(29576), np.int64(29576), np.int64(29576), np.int64(13302), np.int64(29576), np.int64(29576), np.int64(13302), np.int64(29576), np.int64(13302), np.int64(29576), np.int64(13302), np.int64(29576), np.int64(13302))","(0, 0, 0, 0, 0, 0, 0, 0, 0, 0, 0, 0, 0, 0, 0, 0, 0, 0, 0, 0, 0, 0, 0, 0, 0, 0, 0, 0, 0, 0, 0, 0, 0, 0, 0, 0, 0, 0, 0, 0, 0, 0, 0, 0, 0, 0, 0, 0, 0, 0)"
4.656067,50,185.417493,1,"(np.int64(29576), np.int64(29576), np.int64(29576), np.int64(29576), np.int64(29576), np.int64(29576), np.int64(29576), np.int64(29576), np.int64(29576), np.int64(29576), np.int64(13302), np.int64(29576), np.int64(13302), np.int64(29576), np.int64(13302), np.int64(34264), np.int64(4526), np.int64(4526), np.int64(4526), np.int64(4526), np.int64(4526), np.int64(4526), np.int64(4526), np.int64(4526), np.int64(12630), np.int64(4526), np.int64(13302), np.int64(29012), np.int64(28789), np.int64(28789), np.int64(28789), np.int64(28789), np.int64(28789), np.int64(28789), np.int64(28789), np.int64(28789), np.int64(29576), np.int64(13302), np.int64(29576), np.int64(13302), np.int64(29576), np.int64(13302), np.int64(29576), np.int64(13302), np.int64(13302), np.int64(13302), np.int64(13302), np.int64(13302), np.int64(13302), np.int64(13302))","(1, 1, 1, 1, 1, 1, 1, 1, 1, 1, 1, 1, 1, 1, 1, 1, 1, 1, 1, 1, 1, 1, 1, 1, 1, 1, 1, 1, 1, 1, 1, 1, 1, 1, 1, 1, 1, 1, 1, 1, 1, 1, 1, 1, 1, 1, 1, 1, 1, 1)"
2.310876,50,185.953064,3,"(np.int64(5655), np.int64(28789), np.int64(28789), np.int64(28789), np.int64(28789), np.int64(28789), np.int64(28789), np.int64(28789), np.int64(28789), np.int64(28789), np.int64(28789), np.int64(28789), np.int64(13302), np.int64(28789), np.int64(28789), np.int64(13302), np.int64(28789), np.int64(13302), np.int64(28789), np.int64(13302), np.int64(28789), np.int64(13302), np.int64(28789), np.int64(13302), np.int64(28789), np.int64(13302), np.int64(28789), np.int64(13302), np.int64(28789), np.int64(13302), np.int64(30937), np.int64(28789), np.int64(13302), np.int64(28789), np.int64(13302), np.int64(13302), np.int64(44513), np.int64(28789), np.int64(13302), np.int64(26235), np.int64(28789), np.int64(13302), np.int64(13302), np.int64(13302), np.int64(13302), np.int64(13302), np.int64(13302), np.int64(13302), np.int64(13302), np.int64(27377))","(1, 1, 1, 1, 1, 1, 1, 1, 1, 1, 1, 1, 1, 1, 1, 1, 1, 1, 1, 1, 1, 1, 1, 1, 1, 1, 1, 1, 1, 1, 0, 1, 1, 1, 1, 1, 0, 1, 1, 0, 1, 1, 1, 1, 1, 1, 1, 1, 1, 1)"
3.415243,50,186.487633,2,"(np.int64(28789), np.int64(28789), np.int64(28789), np.int64(2259), np.int64(2259), np.int64(2259), np.int64(2259), np.int64(2259), np.int64(29261), np.int64(2259), np.int64(29261), np.int64(2259), np.int64(29261), np.int64(36490), np.int64(29261), np.int64(7545), np.int64(29261), np.int64(29261), np.int64(29261), np.int64(29261), np.int64(29261), np.int64(29261), np.int64(29261), np.int64(29261), np.int64(29261), np.int64(29261), np.int64(29261), np.int64(29261), np.int64(29261), np.int64(29261), np.int64(29261), np.int64(29261), np.int64(29261), np.int64(29261), np.int64(29261), np.int64(29261), np.int64(29261), np.int64(29261), np.int64(29261), np.int64(29261), np.int64(29261), np.int64(29261), np.int64(29261), np.int64(14047), np.int64(29261), np.int64(29261), np.int64(29261), np.int64(29261), np.int64(29261), np.int64(29261))","(1, 1, 1, 1, 1, 1, 1, 1, 1, 1, 1, 1, 1, 1, 1, 1, 1, 1, 1, 1, 1, 1, 1, 1, 1, 1, 1, 1, 1, 1, 1, 1, 1, 1, 1, 1, 1, 1, 1, 1, 1, 1, 1, 0, 1, 1, 1, 1, 1, 1)"
3.145757,50,187.012461,1,"(np.int64(29261), np.int64(29261), np.int64(29261), np.int64(29261), np.int64(29261), np.int64(29261), np.int64(29261), np.int64(29261), np.int64(29261), np.int64(29261), np.int64(29261), np.int64(29261), np.int64(29261), np.int64(29261), np.int64(29261), np.int64(29261), np.int64(29261), np.int64(29261), np.int64(29261), np.int64(29261), np.int64(7988), np.int64(29261), np.int64(29261), np.int64(29261), np.int64(29261), np.int64(29261), np.int64(29261), np.int64(29261), np.int64(25609), np.int64(29261), np.int64(29261), np.int64(29261), np.int64(29261), np.int64(29261), np.int64(29261), np.int64(29261), np.int64(29261), np.int64(29261), np.int64(40774), np.int64(29261), np.int64(29261), np.int64(29261), np.int64(29261), np.int64(22881), np.int64(29261), np.int64(29261), np.int64(29261), np.int64(6965), np.int64(29261), np.int64(29261))","(1, 1, 1, 1, 1, 1, 1, 1, 1, 1, 1, 1, 1, 1, 1, 1, 1, 1, 1, 1, 1, 1, 1, 1, 1, 1, 1, 1, 1, 1, 1, 1, 1, 1, 1, 1, 1, 1, 1, 1, 1, 1, 1, 0, 1, 1, 1, 1, 1, 1)"
2.508419,50,187.564056,6,"(np.int64(15180), np.int64(15180), np.int64(15180), np.int64(15180), np.int64(15180), np.int64(42010), np.int64(15180), np.int64(12849), np.int64(15180), np.int64(15180), np.int64(15180), np.int64(15180), np.int64(15180), np.int64(15180), np.int64(15180), np.int64(15180), np.int64(15180), np.int64(15180), np.int64(15180), np.int64(15180), np.int64(15180), np.int64(15180), np.int64(15180), np.int64(15180), np.int64(15180), np.int64(15180), np.int64(15180), np.int64(6965), np.int64(15180), np.int64(15180), np.int64(2233), np.int64(15180), np.int64(15180), np.int64(6965), np.int64(15180), np.int64(15180), np.int64(6965), np.int64(15180), np.int64(6965), np.int64(15180), np.int64(42003), np.int64(31608), np.int64(15180), np.int64(6965), np.int64(15180), np.int64(6965), np.int64(15180), np.int64(6965), np.int64(15180), np.int64(6965))","(0, 0, 0, 0, 0, 0, 0, 1, 0, 0, 0, 0, 0, 0, 0, 0, 0, 0, 0, 0, 0, 0, 0, 0, 0, 0, 0, 1, 0, 0, 1, 0, 0, 1, 0, 0, 1, 0, 1, 0, 0, 1, 0, 1, 0, 1, 0, 1, 0, 1)"
1.771704,50,188.105536,8,"(np.int64(22227), np.int64(15180), np.int64(15180), np.int64(15180), np.int64(15180), np.int64(15180), np.int64(15180), np.int64(15180), np.int64(15180), np.int64(15180), np.int64(15180), np.int64(16050), np.int64(15180), np.int64(15180), np.int64(16835), np.int64(15180), np.int64(15180), np.int64(15180), np.int64(15180), np.int64(15180), np.int64(49666), np.int64(15180), np.int64(15180), np.int64(6965), np.int64(15180), np.int64(6965), np.int64(15180), np.int64(6965), np.int64(15180), np.int64(6965), np.int64(15180), np.int64(23100), np.int64(15180), np.int64(6965), np.int64(15180), np.int64(30872), np.int64(15180), np.int64(6965), np.int64(6965), np.int64(6965), np.int64(15180), np.int64(6965), np.int64(6965), np.int64(43575), np.int64(6965), np.int64(6965), np.int64(6965), np.int64(6965), np.int64(6965), np.int64(6965))","(0, 0, 0, 0, 0, 0, 0, 0, 0, 0, 0, 1, 0, 0, 1, 0, 0, 0, 0, 0, 0, 0, 0, 1, 0, 1, 0, 1, 0, 1, 0, 0, 0, 1, 0, 0, 0, 1, 1, 1, 0, 1, 1, 0, 1, 1, 1, 1, 1, 1)"
2.526728,50,188.661444,8,"(np.int64(15180), np.int64(15180), np.int64(6965), np.int64(30808), np.int64(6965), np.int64(6965), np.int64(6965), np.int64(6283), np.int64(6965), np.int64(6965), np.int64(6965), np.int64(6467), np.int64(6965), np.int64(6965), np.int64(6965), np.int64(6965), np.int64(6965), np.int64(6965), np.int64(6965), np.int64(17675), np.int64(6965), np.int64(6965), np.int64(6965), np.int64(6965), np.int64(6965), np.int64(6965), np.int64(6965), np.int64(6965), np.int64(6965), np.int64(6226), np.int64(6965), np.int64(6965), np.int64(6965), np.int64(6965), np.int64(6965), np.int64(6965), np.int64(6965), np.int64(6965), np.int64(6965), np.int64(6965), np.int64(35318), np.int64(6965), np.int64(6965), np.int64(6965), np.int64(6965), np.int64(6965), np.int64(6965), np.int64(6965), np.int64(6965), np.int64(6965))","(0, 0, 1, 0, 1, 1, 1, 1, 1, 1, 1, 1, 1, 1, 1, 1, 1, 1, 1, 0, 1, 1, 1, 1, 1, 1, 1, 1, 1, 1, 1, 1, 1, 1, 1, 1, 1, 1, 1, 1, 0, 1, 1, 1, 1, 1, 1, 1, 1, 1)"
3.790106,50,189.205573,2,"(np.int64(6965), np.int64(6965), np.int64(6965), np.int64(6965), np.int64(6965), np.int64(6965), np.int64(6965), np.int64(6965), np.int64(6965), np.int64(6965), np.int64(6965), np.int64(6965), np.int64(6965), np.int64(24295), np.int64(6965), np.int64(28493), np.int64(6965), np.int64(6965), np.int64(6965), np.int64(6965), np.int64(6965), np.int64(6965), np.int64(6965), np.int64(6965), np.int64(11925), np.int64(6965), np.int64(6965), np.int64(13082), np.int64(4569), np.int64(6965), np.int64(6965), np.int64(6965), np.int64(6965), np.int64(6965), np.int64(6965), np.int64(6965), np.int64(6965), np.int64(6965), np.int64(6965), np.int64(6965), np.int64(6965), np.int64(6965), np.int64(6965), np.int64(6965), np.int64(6965), np.int64(6965), np.int64(6965), np.int64(6965), np.int64(6965), np.int64(6965))","(1, 1, 1, 1, 1, 1, 1, 1, 1, 1, 1, 1, 1, 1, 1, 1, 1, 1, 1, 1, 1, 1, 1, 1, 1, 1, 1, 1, 1, 1, 1, 1, 1, 1, 1, 1, 1, 1, 1, 1, 1, 1, 1, 1, 1, 1, 1, 1, 1, 1)"
0.0,50,189.754365,0,"(np.int64(13302), np.int64(13302), np.int64(13302), np.int64(26468), np.int64(13302), np.int64(13302), np.int64(13302), np.int64(13302), np.int64(13302), np.int64(13302), np.int64(13302), np.int64(13302), np.int64(13302), np.int64(13302), np.int64(27452), np.int64(13302), np.int64(13302), np.int64(13302), np.int64(13302), np.int64(13302), np.int64(13302), np.int64(13302), np.int64(13302), np.int64(13302), np.int64(13302), np.int64(13302), np.int64(13302), np.int64(13302), np.int64(28037), np.int64(13302), np.int64(13302), np.int64(13302), np.int64(13302), np.int64(13302), np.int64(13302), np.int64(13302), np.int64(13302), np.int64(22780), np.int64(13302), np.int64(13302), np.int64(13302), np.int64(13302), np.int64(13302), np.int64(13302), np.int64(13302), np.int64(13302), np.int64(13302), np.int64(13302), np.int64(13302), np.int64(13302))","(0, 0, 0, 0, 0, 0, 0, 0, 0, 0, 0, 0, 0, 0, 0, 0, 0, 0, 0, 0, 0, 0, 0, 0, 0, 0, 0, 0, 0, 0, 0, 0, 0, 0, 0, 0, 0, 0, 0, 0, 0, 0, 0, 0, 0, 0, 0, 0, 0, 0)"
2.395843,50,190.298981,4,"(np.int64(5401), np.int64(5401), np.int64(42792), np.int64(5401), np.int64(5401), np.int64(5401), np.int64(5401), np.int64(5401), np.int64(5401), np.int64(5401), np.int64(5401), np.int64(32975), np.int64(5401), np.int64(5401), np.int64(5401), np.int64(5401), np.int64(5401), np.int64(23218), np.int64(5401), np.int64(5401), np.int64(5401), np.int64(5401), np.int64(5401), np.int64(5401), np.int64(5401), np.int64(689), np.int64(5401), np.int64(39130), np.int64(5401), np.int64(5401), np.int64(5401), np.int64(5401), np.int64(5401), np.int64(5401), np.int64(5401), np.int64(5401), np.int64(5401), np.int64(5401), np.int64(5401), np.int64(5401), np.int64(5401), np.int64(5401), np.int64(5401), np.int64(5401), np.int64(37096), np.int64(5401), np.int64(5401), np.int64(5401), np.int64(5401), np.int64(5401))","(1, 1, 0, 1, 1, 1, 1, 1, 1, 1, 1, 1, 1, 1, 1, 1, 1, 0, 1, 1, 1, 1, 1, 1, 1, 1, 1, 0, 1, 1, 1, 1, 1, 1, 1, 1, 1, 1, 1, 1, 1, 1, 1, 1, 1, 1, 1, 1, 1, 1)"
4.083339,50,190.839454,2,"(np.int64(21623), np.int64(5401), np.int64(5401), np.int64(5401), np.int64(5401), np.int64(5401), np.int64(5401), np.int64(5401), np.int64(5401), np.int64(5401), np.int64(5401), np.int64(19938), np.int64(19938), np.int64(19938), np.int64(12311), np.int64(19938), np.int64(19938), np.int64(7025), np.int64(19938), np.int64(19938), np.int64(19938), np.int64(19938), np.int64(19938), np.int64(19938), np.int64(19938), np.int64(19938), np.int64(47805), np.int64(19938), np.int64(3238), np.int64(19938), np.int64(19938), np.int64(19938), np.int64(19938), np.int64(19938), np.int64(19938), np.int64(19938), np.int64(19938), np.int64(19938), np.int64(19938), np.int64(19938), np.int64(19938), np.int64(19938), np.int64(19938), np.int64(19938), np.int64(19938), np.int64(19938), np.int64(19938), np.int64(19938), np.int64(19938), np.int64(14354))","(0, 1, 1, 1, 1, 1, 1, 1, 1, 1, 1, 1, 1, 1, 1, 1, 1, 1, 1, 1, 1, 1, 1, 1, 1, 1, 0, 1, 1, 1, 1, 1, 1, 1, 1, 1, 1, 1, 1, 1, 1, 1, 1, 1, 1, 1, 1, 1, 1, 1)"
2.447228,50,191.366181,1,"(np.int64(19938), np.int64(19938), np.int64(19938), np.int64(38369), np.int64(19938), np.int64(19938), np.int64(19938), np.int64(19938), np.int64(19938), np.int64(19938), np.int64(19938), np.int64(19938), np.int64(19938), np.int64(19938), np.int64(19938), np.int64(19938), np.int64(19938), np.int64(19938), np.int64(19938), np.int64(19938), np.int64(29045), np.int64(19938), np.int64(19938), np.int64(19938), np.int64(19938), np.int64(40097), np.int64(19938), np.int64(19938), np.int64(19938), np.int64(19938), np.int64(19938), np.int64(19938), np.int64(19938), np.int64(19938), np.int64(19938), np.int64(19938), np.int64(19938), np.int64(19938), np.int64(19938), np.int64(19938), np.int64(31544), np.int64(32752), np.int64(11099), np.int64(11099), np.int64(11099), np.int64(11099), np.int64(11099), np.int64(11099), np.int64(11099), np.int64(119))","(1, 1, 1, 0, 1, 1, 1, 1, 1, 1, 1, 1, 1, 1, 1, 1, 1, 1, 1, 1, 0, 1, 1, 1, 1, 0, 1, 1, 1, 1, 1, 1, 1, 1, 1, 1, 1, 1, 1, 1, 0, 1, 1, 1, 1, 1, 1, 1, 1, 1)"
3.686271,50,191.923318,7,"(np.int64(33945), np.int64(33945), np.int64(33945), np.int64(11099), np.int64(11099), np.int64(11099), np.int64(11099), np.int64(11099), np.int64(6017), np.int64(6017), np.int64(6017), np.int64(6017), np.int64(6017), np.int64(6017), np.int64(6017), np.int64(26614), np.int64(6017), np.int64(6017), np.int64(27042), np.int64(6017), np.int64(11099), np.int64(11099), np.int64(11099), np.int64(11099), np.int64(11099), np.int64(11099), np.int64(30728), np.int64(11099), np.int64(11099), np.int64(11099), np.int64(11099), np.int64(11099), np.int64(11099), np.int64(11099), np.int64(11099), np.int64(11099), np.int64(4207), np.int64(11099), np.int64(11099), np.int64(11099), np.int64(11099), np.int64(11099), np.int64(11099), np.int64(11099), np.int64(11099), np.int64(11099), np.int64(12033), np.int64(11099), np.int64(11099), np.int64(11099))","(0, 0, 0, 1, 1, 1, 1, 1, 1, 1, 1, 1, 1, 1, 1, 1, 1, 1, 1, 1, 1, 1, 1, 1, 1, 1, 0, 1, 1, 1, 1, 1, 1, 1, 1, 1, 1, 1, 1, 1, 1, 1, 1, 1, 1, 1, 1, 1, 1, 1)"
3.08734,50,192.4689,4,"(np.int64(11099), np.int64(11099), np.int64(11099), np.int64(24677), np.int64(11099), np.int64(11099), np.int64(11099), np.int64(11099), np.int64(11099), np.int64(11099), np.int64(11099), np.int64(11099), np.int64(11099), np.int64(11099), np.int64(37235), np.int64(11099), np.int64(11099), np.int64(36457), np.int64(11099), np.int64(11099), np.int64(11099), np.int64(11099), np.int64(47731), np.int64(11099), np.int64(11099), np.int64(11099), np.int64(36931), np.int64(11099), np.int64(11099), np.int64(40232), np.int64(11099), np.int64(11099), np.int64(11099), np.int64(11099), np.int64(11099), np.int64(11099), np.int64(11099), np.int64(11099), np.int64(11099), np.int64(11099), np.int64(11099), np.int64(11099), np.int64(9364), np.int64(11099), np.int64(11099), np.int64(11099), np.int64(9364), np.int64(11099), np.int64(9364), np.int64(11099))","(1, 1, 1, 1, 1, 1, 1, 1, 1, 1, 1, 1, 1, 1, 0, 1, 1, 1, 1, 1, 1, 1, 0, 1, 1, 1, 1, 1, 1, 0, 1, 1, 1, 1, 1, 1, 1, 1, 1, 1, 1, 1, 1, 1, 1, 1, 1, 1, 1, 1)"
0.0,50,193.006273,0,"(np.int64(6714), np.int64(11099), np.int64(11099), np.int64(11099), np.int64(29363), np.int64(29363), np.int64(29363), np.int64(29363), np.int64(47148), np.int64(29363), np.int64(29363), np.int64(29363), np.int64(29363), np.int64(29363), np.int64(29363), np.int64(29363), np.int64(29363), np.int64(29363), np.int64(29363), np.int64(4895), np.int64(29363), np.int64(29363), np.int64(29363), np.int64(29363), np.int64(29363), np.int64(23808), np.int64(29363), np.int64(29363), np.int64(29363), np.int64(29363), np.int64(29363), np.int64(29363), np.int64(29363), np.int64(29363), np.int64(29363), np.int64(29363), np.int64(29363), np.int64(29363), np.int64(29363), np.int64(29363), np.int64(9364), np.int64(29363), np.int64(29363), np.int64(9364), np.int64(29363), np.int64(9364), np.int64(29363), np.int64(9364), np.int64(29363), np.int64(9364))","(0, 0, 0, 0, 0, 0, 0, 0, 0, 0, 0, 0, 0, 0, 0, 0, 0, 0, 0, 0, 0, 0, 0, 0, 0, 0, 0, 0, 0, 0, 0, 0, 0, 0, 0, 0, 0, 0, 0, 0, 0, 0, 0, 0, 0, 0, 0, 0, 0, 0)"
3.075032,50,193.529217,7,"(np.int64(29363), np.int64(29363), np.int64(29363), np.int64(29363), np.int64(29363), np.int64(29363), np.int64(29363), np.int64(29363), np.int64(29363), np.int64(29363), np.int64(9364), np.int64(29363), np.int64(9364), np.int64(29363), np.int64(9364), np.int64(18185), np.int64(16710), np.int64(9364), np.int64(9364), np.int64(9364), np.int64(9364), np.int64(9364), np.int64(9364), np.int64(26947), np.int64(9364), np.int64(9364), np.int64(4629), np.int64(9364), np.int64(9364), np.int64(9364), np.int64(9364), np.int64(9364), np.int64(9364), np.int64(9364), np.int64(9364), np.int64(9364), np.int64(9364), np.int64(9364), np.int64(9364), np.int64(9364), np.int64(9364), np.int64(9364), np.int64(9364), np.int64(9364), np.int64(9364), np.int64(9364), np.int64(9364), np.int64(9364), np.int64(9364), np.int64(9364))","(1, 1, 1, 1, 1, 1, 1, 1, 1, 1, 1, 1, 1, 1, 1, 1, 1, 1, 1, 1, 1, 1, 1, 0, 1, 1, 1, 1, 1, 1, 1, 1, 1, 1, 1, 1, 1, 1, 1, 1, 1, 1, 1, 1, 1, 1, 1, 1, 1, 1)"
1.82742,50,194.06156,8,"(np.int64(9364), np.int64(9364), np.int64(9364), np.int64(9364), np.int64(9364), np.int64(9364), np.int64(9364), np.int64(9364), np.int64(9364), np.int64(9364), np.int64(1446), np.int64(9364), np.int64(9364), np.int64(9364), np.int64(9364), np.int64(9364), np.int64(28357), np.int64(9364), np.int64(9364), np.int64(9364), np.int64(9364), np.int64(9364), np.int64(48992), np.int64(9364), np.int64(9364), np.int64(9364), np.int64(9364), np.int64(9364), np.int64(9364), np.int64(9364), np.int64(9364), np.int64(9364), np.int64(9364), np.int64(9364), np.int64(9364), np.int64(9364), np.int64(38628), np.int64(9364), np.int64(9364), np.int64(9364), np.int64(9364), np.int64(9364), np.int64(9364), np.int64(9364), np.int64(6210), np.int64(19192), np.int64(19192), np.int64(19192), np.int64(19192), np.int64(19192))","(1, 1, 1, 1, 1, 1, 1, 1, 1, 1, 1, 1, 1, 1, 1, 1, 0, 1, 1, 1, 1, 1, 0, 1, 1, 1, 1, 1, 1, 1, 1, 1, 1, 1, 1, 1, 0, 1, 1, 1, 1, 1, 1, 1, 1, 0, 0, 0, 0, 0)"
1.9584,50,194.595081,6,"(np.int64(8554), np.int64(19192), np.int64(19192), np.int64(19192), np.int64(19192), np.int64(19192), np.int64(19192), np.int64(19192), np.int64(19192), np.int64(19192), np.int64(19192), np.int64(19192), np.int64(19192), np.int64(19192), np.int64(6057), np.int64(19192), np.int64(19192), np.int64(19192), np.int64(12007), np.int64(19192), np.int64(12007), np.int64(19192), np.int64(12007), np.int64(12007), np.int64(12007), np.int64(12007), np.int64(12007), np.int64(12007), np.int64(12007), np.int64(12007), np.int64(12007), np.int64(12007), np.int64(12007), np.int64(12007), np.int64(12007), np.int64(12007), np.int64(12007), np.int64(12007), np.int64(12007), np.int64(12007), np.int64(12007), np.int64(12007), np.int64(12007), np.int64(14061), np.int64(12007), np.int64(12007), np.int64(12007), np.int64(12007), np.int64(23808), np.int64(12007))","(1, 0, 0, 0, 0, 0, 0, 0, 0, 0, 0, 0, 0, 0, 1, 0, 0, 0, 1, 0, 1, 0, 1, 1, 1, 1, 1, 1, 1, 1, 1, 1, 1, 1, 1, 1, 1, 1, 1, 1, 1, 1, 1, 0, 1, 1, 1, 1, 0, 1)"
1.860799,50,195.149315,6,"(np.int64(42466), np.int64(12007), np.int64(12007), np.int64(12007), np.int64(12007), np.int64(46518), np.int64(12007), np.int64(12007), np.int64(12007), np.int64(12007), np.int64(12007), np.int64(12007), np.int64(12007), np.int64(12007), np.int64(12007), np.int64(44121), np.int64(12007), np.int64(12007), np.int64(12007), np.int64(12007), np.int64(26043), np.int64(12007), np.int64(12007), np.int64(12007), np.int64(12007), np.int64(12007), np.int64(12007), np.int64(12007), np.int64(12007), np.int64(29416), np.int64(12007), np.int64(12007), np.int64(12007), np.int64(12007), np.int64(12007), np.int64(12007), np.int64(12007), np.int64(286), np.int64(12007), np.int64(12007), np.int64(12007), np.int64(12007), np.int64(12007), np.int64(31265), np.int64(12007), np.int64(31265), np.int64(12007), np.int64(31265), np.int64(12007), np.int64(31265))","(0, 1, 1, 1, 1, 0, 1, 1, 1, 1, 1, 1, 1, 1, 1, 0, 1, 1, 1, 1, 1, 1, 1, 1, 1, 1, 1, 1, 1, 0, 1, 1, 1, 1, 1, 1, 1, 1, 1, 1, 1, 1, 1, 0, 1, 0, 1, 0, 1, 0)"
5.318208,50,195.677639,1,"(np.int64(12007), np.int64(12007), np.int64(12007), np.int64(12007), np.int64(12007), np.int64(12007), np.int64(12007), np.int64(21415), np.int64(12007), np.int64(12007), np.int64(31265), np.int64(31265), np.int64(37993), np.int64(25145), np.int64(25145), np.int64(25145), np.int64(25145), np.int64(25145), np.int64(548), np.int64(25145), np.int64(25145), np.int64(25145), np.int64(19142), np.int64(25145), np.int64(25145), np.int64(25145), np.int64(25145), np.int64(25145), np.int64(2728), np.int64(25145), np.int64(25145), np.int64(25145), np.int64(31265), np.int64(5013), np.int64(25145), np.int64(25145), np.int64(25145), np.int64(31265), np.int64(25145), np.int64(25145), np.int64(25145), np.int64(25517), np.int64(25145), np.int64(23301), np.int64(796), np.int64(25145), np.int64(25145), np.int64(25145), np.int64(21762), np.int64(25145))","(1, 1, 1, 1, 1, 1, 1, 1, 1, 1, 0, 0, 0, 1, 1, 1, 1, 1, 1, 1, 1, 1, 1, 1, 1, 1, 1, 1, 1, 1, 1, 1, 0, 0, 1, 1, 1, 0, 1, 1, 1, 0, 1, 0, 1, 1, 1, 1, 1, 1)"
3.740852,50,196.212596,4,"(np.int64(47831), np.int64(25145), np.int64(29757), np.int64(25145), np.int64(25145), np.int64(25145), np.int64(25145), np.int64(25145), np.int64(25145), np.int64(25145), np.int64(25145), np.int64(25145), np.int64(25145), np.int64(25145), np.int64(25145), np.int64(25145), np.int64(25145), np.int64(24508), np.int64(25145), np.int64(25145), np.int64(25145), np.int64(25145), np.int64(25145), np.int64(25145), np.int64(25145), np.int64(25145), np.int64(25145), np.int64(25145), np.int64(470), np.int64(25145), np.int64(25145), np.int64(470), np.int64(25145), np.int64(470), np.int64(25145), np.int64(470), np.int64(470), np.int64(5258), np.int64(5258), np.int64(22375), np.int64(5258), np.int64(32735), np.int64(5258), np.int64(5258), np.int64(5258), np.int64(5258), np.int64(5258), np.int64(5258), np.int64(5258), np.int64(48713))","(0, 1, 0, 1, 1, 1, 1, 1, 1, 1, 1, 1, 1, 1, 1, 1, 1, 1, 1, 1, 1, 1, 1, 1, 1, 1, 1, 1, 1, 1, 1, 1, 1, 1, 1, 1, 1, 1, 1, 0, 1, 1, 1, 1, 1, 1, 1, 1, 1, 1)"
3.232501,50,196.735302,5,"(np.int64(5258), np.int64(5258), np.int64(5258), np.int64(5258), np.int64(5258), np.int64(5258), np.int64(5258), np.int64(5258), np.int64(5258), np.int64(5258), np.int64(5258), np.int64(5258), np.int64(5258), np.int64(5258), np.int64(5258), np.int64(5258), np.int64(5258), np.int64(29669), np.int64(5258), np.int64(5258), np.int64(5258), np.int64(5258), np.int64(5258), np.int64(5258), np.int64(5258), np.int64(28915), np.int64(5258), np.int64(13908), np.int64(5258), np.int64(5258), np.int64(28915), np.int64(33258), np.int64(5258), np.int64(5258), np.int64(28915), np.int64(5258), np.int64(28915), np.int64(18031), np.int64(5258), np.int64(28915), np.int64(5258), np.int64(28915), np.int64(5258), np.int64(28915), np.int64(28915), np.int64(5258), np.int64(28915), np.int64(21331), np.int64(48374), np.int64(5258))","(1, 1, 1, 1, 1, 1, 1, 1, 1, 1, 1, 1, 1, 1, 1, 1, 1, 1, 1, 1, 1, 1, 1, 1, 1, 1, 1, 1, 1, 1, 1, 0, 1, 1, 1, 1, 1, 0, 1, 1, 1, 1, 1, 1, 1, 1, 1, 1, 0, 1)"
0.852165,50,197.279945,0,"(np.int64(5258), np.int64(5258), np.int64(5258), np.int64(5258), np.int64(5258), np.int64(5258), np.int64(5258), np.int64(5258), np.int64(28915), np.int64(5258), np.int64(5258), np.int64(28915), np.int64(5258), np.int64(28915), np.int64(5258), np.int64(28915), np.int64(470), np.int64(5258), np.int64(470), np.int64(5258), np.int64(470), np.int64(470), np.int64(470), np.int64(470), np.int64(470), np.int64(10999), np.int64(470), np.int64(470), np.int64(470), np.int64(470), np.int64(470), np.int64(470), np.int64(470), np.int64(470), np.int64(470), np.int64(470), np.int64(470), np.int64(470), np.int64(470), np.int64(470), np.int64(470), np.int64(470), np.int64(470), np.int64(470), np.int64(12136), np.int64(21937), np.int64(470), np.int64(470), np.int64(27543), np.int64(470))","(0, 0, 0, 0, 0, 0, 0, 0, 0, 0, 0, 0, 0, 0, 0, 0, 1, 0, 1, 0, 1, 1, 1, 1, 1, 0, 1, 1, 1, 1, 1, 1, 1, 1, 1, 1, 1, 1, 1, 1, 1, 1, 1, 1, 0, 0, 1, 1, 0, 1)"
0.852165,50,197.819323,0,"(np.int64(470), np.int64(470), np.int64(17360), np.int64(470), np.int64(2899), np.int64(470), np.int64(470), np.int64(470), np.int64(470), np.int64(470), np.int64(470), np.int64(470), np.int64(470), np.int64(13345), np.int64(470), np.int64(470), np.int64(470), np.int64(470), np.int64(470), np.int64(470), np.int64(470), np.int64(470), np.int64(48231), np.int64(13939), np.int64(470), np.int64(13502), np.int64(14480), np.int64(14480), np.int64(470), np.int64(14480), np.int64(14480), np.int64(14480), np.int64(14480), np.int64(30340), np.int64(14480), np.int64(14480), np.int64(14480), np.int64(14480), np.int64(14480), np.int64(14480), np.int64(14480), np.int64(14480), np.int64(14480), np.int64(14480), np.int64(46306), np.int64(14480), np.int64(14480), np.int64(41083), np.int64(14480), np.int64(14480))","(1, 1, 0, 1, 0, 1, 1, 1, 1, 1, 1, 1, 1, 0, 1, 1, 1, 1, 1, 1, 1, 1, 0, 0, 1, 0, 0, 0, 1, 0, 0, 0, 0, 0, 0, 0, 0, 0, 0, 0, 0, 0, 0, 0, 0, 0, 0, 0, 0, 0)"
5.31541,50,198.362374,2,"(np.int64(28915), np.int64(6677), np.int64(34118), np.int64(28915), np.int64(28915), np.int64(28915), np.int64(3086), np.int64(28915), np.int64(3086), np.int64(33508), np.int64(15480), np.int64(3086), np.int64(3086), np.int64(3086), np.int64(3086), np.int64(3086), np.int64(3086), np.int64(3086), np.int64(3086), np.int64(3086), np.int64(3086), np.int64(3086), np.int64(3086), np.int64(3086), np.int64(3086), np.int64(44066), np.int64(32089), np.int64(3086), np.int64(3086), np.int64(3086), np.int64(3086), np.int64(3086), np.int64(3086), np.int64(3086), np.int64(3086), np.int64(3086), np.int64(11666), np.int64(3086), np.int64(3086), np.int64(11666), np.int64(3086), np.int64(39608), np.int64(3086), np.int64(11666), np.int64(3086), np.int64(11666), np.int64(3086), np.int64(32524), np.int64(11666), np.int64(3086))","(1, 1, 0, 1, 1, 1, 1, 1, 1, 0, 1, 1, 1, 1, 1, 1, 1, 1, 1, 1, 1, 1, 1, 1, 1, 0, 1, 1, 1, 1, 1, 1, 1, 1, 1, 1, 1, 1, 1, 1, 1, 1, 1, 1, 1, 1, 1, 1, 1, 1)"
2.381509,50,198.902917,3,"(np.int64(3086), np.int64(3086), np.int64(3086), np.int64(3086), np.int64(3086), np.int64(3086), np.int64(11666), np.int64(11666), np.int64(11666), np.int64(32595), np.int64(11666), np.int64(11666), np.int64(11666), np.int64(11666), np.int64(11666), np.int64(11666), np.int64(11666), np.int64(11666), np.int64(11666), np.int64(11666), np.int64(11666), np.int64(11666), np.int64(11666), np.int64(11666), np.int64(11666), np.int64(11666), np.int64(11666), np.int64(4), np.int64(11666), np.int64(11666), np.int64(11666), np.int64(11666), np.int64(11666), np.int64(27273), np.int64(11666), np.int64(11666), np.int64(11666), np.int64(11666), np.int64(11666), np.int64(11666), np.int64(11666), np.int64(11666), np.int64(11666), np.int64(11666), np.int64(11666), np.int64(11666), np.int64(11666), np.int64(11666), np.int64(11666), np.int64(11666))","(1, 1, 1, 1, 1, 1, 1, 1, 1, 0, 1, 1, 1, 1, 1, 1, 1, 1, 1, 1, 1, 1, 1, 1, 1, 1, 1, 1, 1, 1, 1, 1, 1, 1, 1, 1, 1, 1, 1, 1, 1, 1, 1, 1, 1, 1, 1, 1, 1, 1)"
2.010409,50,199.456054,5,"(np.int64(11666), np.int64(11666), np.int64(11666), np.int64(11666), np.int64(36866), np.int64(11666), np.int64(11666), np.int64(11666), np.int64(11666), np.int64(11018), np.int64(11666), np.int64(11666), np.int64(11666), np.int64(11666), np.int64(11666), np.int64(11666), np.int64(11666), np.int64(11666), np.int64(11666), np.int64(11666), np.int64(11666), np.int64(11666), np.int64(11666), np.int64(11666), np.int64(11666), np.int64(11666), np.int64(11666), np.int64(11666), np.int64(11666), np.int64(11666), np.int64(11666), np.int64(11666), np.int64(11666), np.int64(11666), np.int64(11666), np.int64(11666), np.int64(11666), np.int64(11666), np.int64(11666), np.int64(11666), np.int64(11666), np.int64(11666), np.int64(11666), np.int64(11666), np.int64(11666), np.int64(11666), np.int64(11666), np.int64(11666), np.int64(11666), np.int64(11666))","(1, 1, 1, 1, 1, 1, 1, 1, 1, 1, 1, 1, 1, 1, 1, 1, 1, 1, 1, 1, 1, 1, 1, 1, 1, 1, 1, 1, 1, 1, 1, 1, 1, 1, 1, 1, 1, 1, 1, 1, 1, 1, 1, 1, 1, 1, 1, 1, 1, 1)"
2.306825,50,199.98946,3,"(np.int64(1533), np.int64(28915), np.int64(28915), np.int64(28915), np.int64(28915), np.int64(28915), np.int64(28915), np.int64(28915), np.int64(28915), np.int64(28915), np.int64(28915), np.int64(37141), np.int64(28915), np.int64(28915), np.int64(37141), np.int64(28915), np.int64(7882), np.int64(28915), np.int64(37141), np.int64(37141), np.int64(36948), np.int64(28915), np.int64(37141), np.int64(37141), np.int64(37141), np.int64(37141), np.int64(44709), np.int64(31265), np.int64(31265), np.int64(31265), np.int64(31265), np.int64(31265), np.int64(31265), np.int64(31265), np.int64(31265), np.int64(31265), np.int64(31265), np.int64(31265), np.int64(31265), np.int64(31265), np.int64(31265), np.int64(31265), np.int64(31265), np.int64(31265), np.int64(29653), np.int64(31265), np.int64(31265), np.int64(31265), np.int64(31265), np.int64(31265))","(1, 1, 1, 1, 1, 1, 1, 1, 1, 1, 1, 1, 1, 1, 1, 1, 1, 1, 1, 1, 0, 1, 1, 1, 1, 1, 0, 0, 0, 0, 0, 0, 0, 0, 0, 0, 0, 0, 0, 0, 0, 0, 0, 0, 0, 0, 0, 0, 0, 0)"
1.807788,50,200.530927,6,"(np.int64(31265), np.int64(31265), np.int64(25944), np.int64(31265), np.int64(31265), np.int64(31265), np.int64(31265), np.int64(31265), np.int64(31265), np.int64(17316), np.int64(31265), np.int64(31265), np.int64(31265), np.int64(31265), np.int64(31265), np.int64(31265), np.int64(31265), np.int64(31265), np.int64(31265), np.int64(31265), np.int64(25029), np.int64(31265), np.int64(25029), np.int64(31265), np.int64(25029), np.int64(25029), np.int64(4262), np.int64(4262), np.int64(4262), np.int64(4262), np.int64(4262), np.int64(4262), np.int64(4262), np.int64(25029), np.int64(4262), np.int64(25029), np.int64(25029), np.int64(25029), np.int64(25029), np.int64(25029), np.int64(25029), np.int64(25029), np.int64(25029), np.int64(25029), np.int64(25029), np.int64(25029), np.int64(25029), np.int64(25029), np.int64(25029), np.int64(25029))","(0, 0, 1, 0, 0, 0, 0, 0, 0, 0, 0, 0, 0, 0, 0, 0, 0, 0, 0, 0, 1, 0, 1, 0, 1, 1, 1, 1, 1, 1, 1, 1, 1, 1, 1, 1, 1, 1, 1, 1, 1, 1, 1, 1, 1, 1, 1, 1, 1, 1)"
4.799727,50,201.060187,5,"(np.int64(4262), np.int64(4262), np.int64(4262), np.int64(4262), np.int64(4262), np.int64(4262), np.int64(25029), np.int64(4262), np.int64(25029), np.int64(4262), np.int64(5530), np.int64(24214), np.int64(4262), np.int64(20128), np.int64(4262), np.int64(25029), np.int64(8922), np.int64(4262), np.int64(20849), np.int64(4262), np.int64(25029), np.int64(25029), np.int64(4262), np.int64(25029), np.int64(25029), np.int64(25029), np.int64(25029), np.int64(25029), np.int64(25029), np.int64(25029), np.int64(25029), np.int64(25029), np.int64(25029), np.int64(25029), np.int64(25029), np.int64(25029), np.int64(25029), np.int64(25029), np.int64(25029), np.int64(25029), np.int64(25029), np.int64(25029), np.int64(49912), np.int64(29361), np.int64(29361), np.int64(29361), np.int64(29361), np.int64(29361), np.int64(29361), np.int64(29361))","(1, 1, 1, 1, 1, 1, 1, 1, 1, 1, 1, 1, 1, 1, 1, 1, 1, 1, 1, 1, 1, 1, 1, 1, 1, 1, 1, 1, 1, 1, 1, 1, 1, 1, 1, 1, 1, 1, 1, 1, 1, 1, 0, 0, 0, 0, 0, 0, 0, 0)"
2.381774,50,201.607594,7,"(np.int64(29361), np.int64(29361), np.int64(29361), np.int64(29361), np.int64(29361), np.int64(29361), np.int64(29361), np.int64(49771), np.int64(29361), np.int64(29361), np.int64(29361), np.int64(29361), np.int64(29361), np.int64(29361), np.int64(29361), np.int64(29361), np.int64(5772), np.int64(29361), np.int64(29361), np.int64(28769), np.int64(29361), np.int64(5772), np.int64(29361), np.int64(5772), np.int64(29361), np.int64(34929), np.int64(29361), np.int64(5772), np.int64(29361), np.int64(5772), np.int64(5772), np.int64(29361), np.int64(5772), np.int64(19934), np.int64(29361), np.int64(5772), np.int64(5772), np.int64(5772), np.int64(5772), np.int64(5772), np.int64(5772), np.int64(5772), np.int64(5772), np.int64(5394), np.int64(5772), np.int64(5772), np.int64(5772), np.int64(5772), np.int64(49242), np.int64(5772))","(0, 0, 0, 0, 0, 0, 0, 0, 0, 0, 0, 0, 0, 0, 0, 0, 1, 0, 0, 1, 0, 1, 0, 1, 0, 0, 0, 1, 0, 1, 1, 0, 1, 1, 0, 1, 1, 1, 1, 1, 1, 1, 1, 1, 1, 1, 1, 1, 0, 1)"
4.508829,50,202.148252,2,"(np.int64(29361), np.int64(26198), np.int64(22077), np.int64(22077), np.int64(22077), np.int64(22077), np.int64(22077), np.int64(5772), np.int64(7576), np.int64(22077), np.int64(5772), np.int64(22077), np.int64(5772), np.int64(5772), np.int64(5772), np.int64(5772), np.int64(5772), np.int64(5772), np.int64(5772), np.int64(5772), np.int64(5772), np.int64(6856), np.int64(2694), np.int64(2694), np.int64(2694), np.int64(2694), np.int64(2694), np.int64(2694), np.int64(2694), np.int64(2694), np.int64(34490), np.int64(2694), np.int64(2694), np.int64(2694), np.int64(2694), np.int64(2694), np.int64(2694), np.int64(2694), np.int64(2694), np.int64(2694), np.int64(2694), np.int64(15901), np.int64(2694), np.int64(2694), np.int64(2694), np.int64(2694), np.int64(2694), np.int64(43706), np.int64(2694), np.int64(2694))","(1, 1, 0, 0, 0, 0, 0, 1, 0, 0, 1, 0, 1, 1, 1, 1, 1, 1, 1, 1, 1, 1, 1, 1, 1, 1, 1, 1, 1, 1, 1, 1, 1, 1, 1, 1, 1, 1, 1, 1, 1, 1, 1, 1, 1, 1, 1, 0, 1, 1)"
3.010676,50,202.749251,2,"(np.int64(2694), np.int64(2694), np.int64(2694), np.int64(2694), np.int64(2694), np.int64(2694), np.int64(2694), np.int64(8807), np.int64(2694), np.int64(2694), np.int64(2694), np.int64(2694), np.int64(2694), np.int64(27544), np.int64(2694), np.int64(2694), np.int64(2694), np.int64(2694), np.int64(2694), np.int64(2694), np.int64(2694), np.int64(2694), np.int64(2694), np.int64(2694), np.int64(2694), np.int64(2694), np.int64(2694), np.int64(2694), np.int64(2694), np.int64(2694), np.int64(2694), np.int64(32310), np.int64(2694), np.int64(2694), np.int64(23211), np.int64(2694), np.int64(2694), np.int64(2694), np.int64(2694), np.int64(2694), np.int64(16841), np.int64(31552), np.int64(2694), np.int64(2694), np.int64(16841), np.int64(2694), np.int64(2694), np.int64(16841), np.int64(2694), np.int64(16841))","(1, 1, 1, 1, 1, 1, 1, 1, 1, 1, 1, 1, 1, 0, 1, 1, 1, 1, 1, 1, 1, 1, 1, 1, 1, 1, 1, 1, 1, 1, 1, 1, 1, 1, 0, 1, 1, 1, 1, 1, 1, 1, 1, 1, 1, 1, 1, 1, 1, 1)"
0.750556,50,203.347886,0,"(np.int64(2694), np.int64(2694), np.int64(2694), np.int64(2694), np.int64(2694), np.int64(2694), np.int64(5348), np.int64(9741), np.int64(9741), np.int64(9741), np.int64(9741), np.int64(9741), np.int64(9741), np.int64(9741), np.int64(9741), np.int64(9741), np.int64(5348), np.int64(9741), np.int64(9741), np.int64(5348), np.int64(9741), np.int64(9741), np.int64(5348), np.int64(25314), np.int64(9741), np.int64(9741), np.int64(9741), np.int64(5348), np.int64(9741), np.int64(5348), np.int64(9741), np.int64(9741), np.int64(5348), np.int64(9741), np.int64(9741), np.int64(9741), np.int64(9741), np.int64(9741), np.int64(9741), np.int64(9741), np.int64(9741), np.int64(23858), np.int64(9741), np.int64(23858), np.int64(42133), np.int64(9741), np.int64(23858), np.int64(23858), np.int64(9741), np.int64(17203))","(0, 0, 0, 0, 0, 0, 0, 0, 0, 0, 0, 0, 0, 0, 0, 0, 0, 0, 0, 0, 0, 0, 0, 1, 0, 0, 0, 0, 0, 0, 0, 0, 0, 0, 0, 0, 0, 0, 0, 0, 0, 0, 0, 0, 0, 0, 0, 0, 0, 0)"
3.210989,50,203.955524,1,"(np.int64(23858), np.int64(23858), np.int64(23858), np.int64(23858), np.int64(23858), np.int64(23858), np.int64(23858), np.int64(23858), np.int64(23858), np.int64(40493), np.int64(23858), np.int64(23858), np.int64(23858), np.int64(23858), np.int64(23858), np.int64(23858), np.int64(23858), np.int64(23858), np.int64(23858), np.int64(23858), np.int64(23858), np.int64(23858), np.int64(23858), np.int64(23858), np.int64(2748), np.int64(23858), np.int64(23858), np.int64(23858), np.int64(23858), np.int64(23858), np.int64(23026), np.int64(23858), np.int64(23858), np.int64(959), np.int64(25567), np.int64(23858), np.int64(23858), np.int64(23858), np.int64(23858), np.int64(23858), np.int64(23858), np.int64(23858), np.int64(23858), np.int64(21645), np.int64(23858), np.int64(23858), np.int64(23858), np.int64(23858), np.int64(23858), np.int64(23858))","(1, 1, 1, 1, 1, 1, 1, 1, 1, 0, 1, 1, 1, 1, 1, 1, 1, 1, 1, 1, 1, 1, 1, 1, 1, 1, 1, 1, 1, 1, 0, 1, 1, 1, 1, 1, 1, 1, 1, 1, 1, 1, 1, 1, 1, 1, 1, 1, 1, 1)"
1.735249,50,204.497282,6,"(np.int64(85), np.int64(23858), np.int64(23858), np.int64(23858), np.int64(23858), np.int64(23858), np.int64(23858), np.int64(23858), np.int64(32439), np.int64(23858), np.int64(23858), np.int64(23858), np.int64(23858), np.int64(23858), np.int64(23858), np.int64(23858), np.int64(23858), np.int64(23858), np.int64(23858), np.int64(23858), np.int64(23858), np.int64(23858), np.int64(23858), np.int64(23858), np.int64(23858), np.int64(23858), np.int64(23858), np.int64(23858), np.int64(23858), np.int64(23858), np.int64(23858), np.int64(23858), np.int64(23858), np.int64(23858), np.int64(23858), np.int64(23858), np.int64(23858), np.int64(23858), np.int64(23858), np.int64(23858), np.int64(23858), np.int64(23858), np.int64(23858), np.int64(23858), np.int64(23858), np.int64(23858), np.int64(23858), np.int64(23858), np.int64(23858), np.int64(23858))","(1, 1, 1, 1, 1, 1, 1, 1, 1, 1, 1, 1, 1, 1, 1, 1, 1, 1, 1, 1, 1, 1, 1, 1, 1, 1, 1, 1, 1, 1, 1, 1, 1, 1, 1, 1, 1, 1, 1, 1, 1, 1, 1, 1, 1, 1, 1, 1, 1, 1)"
1.824317,50,205.040135,6,"(np.int64(45665), np.int64(23858), np.int64(23858), np.int64(23858), np.int64(23858), np.int64(23858), np.int64(23858), np.int64(23858), np.int64(23858), np.int64(23858), np.int64(23858), np.int64(23858), np.int64(23858), np.int64(23858), np.int64(23858), np.int64(23858), np.int64(6210), np.int64(23858), np.int64(6210), np.int64(23858), np.int64(6210), np.int64(6210), np.int64(6210), np.int64(6210), np.int64(6210), np.int64(6210), np.int64(6210), np.int64(6210), np.int64(6210), np.int64(6210), np.int64(44062), np.int64(6210), np.int64(6210), np.int64(6210), np.int64(6210), np.int64(6210), np.int64(6210), np.int64(6210), np.int64(6210), np.int64(6210), np.int64(6210), np.int64(6210), np.int64(6210), np.int64(6210), np.int64(6210), np.int64(6210), np.int64(6210), np.int64(15989), np.int64(6210), np.int64(6210))","(0, 1, 1, 1, 1, 1, 1, 1, 1, 1, 1, 1, 1, 1, 1, 1, 1, 1, 1, 1, 1, 1, 1, 1, 1, 1, 1, 1, 1, 1, 0, 1, 1, 1, 1, 1, 1, 1, 1, 1, 1, 1, 1, 1, 1, 1, 1, 1, 1, 1)"
0.809512,50,205.588711,0,"(np.int64(6210), np.int64(6210), np.int64(6210), np.int64(6210), np.int64(6210), np.int64(6210), np.int64(19269), np.int64(6210), np.int64(6210), np.int64(6210), np.int64(6210), np.int64(6210), np.int64(6210), np.int64(6210), np.int64(6210), np.int64(40858), np.int64(6210), np.int64(6210), np.int64(6210), np.int64(6210), np.int64(6210), np.int64(6210), np.int64(11749), np.int64(6210), np.int64(6210), np.int64(6210), np.int64(6210), np.int64(6210), np.int64(6210), np.int64(6210), np.int64(6210), np.int64(6210), np.int64(6210), np.int64(6210), np.int64(6210), np.int64(6210), np.int64(6210), np.int64(6210), np.int64(6210), np.int64(38729), np.int64(6210), np.int64(6210), np.int64(6210), np.int64(6210), np.int64(6210), np.int64(6210), np.int64(6210), np.int64(24972), np.int64(6210), np.int64(6210))","(0, 0, 0, 0, 0, 0, 0, 0, 0, 0, 0, 0, 0, 0, 0, 0, 0, 0, 0, 0, 0, 0, 0, 0, 0, 0, 0, 0, 0, 0, 0, 0, 0, 0, 0, 0, 0, 0, 0, 0, 0, 0, 0, 0, 0, 0, 0, 1, 0, 0)"
1.941393,50,206.126588,7,"(np.int64(6210), np.int64(6210), np.int64(6210), np.int64(6210), np.int64(6210), np.int64(6210), np.int64(6210), np.int64(6210), np.int64(6210), np.int64(6210), np.int64(6210), np.int64(6210), np.int64(6210), np.int64(6210), np.int64(6210), np.int64(2211), np.int64(6210), np.int64(6210), np.int64(6210), np.int64(6210), np.int64(6210), np.int64(6210), np.int64(6210), np.int64(6210), np.int64(6210), np.int64(6210), np.int64(6210), np.int64(6210), np.int64(6210), np.int64(6210), np.int64(6210), np.int64(6210), np.int64(6210), np.int64(6210), np.int64(6210), np.int64(6210), np.int64(6210), np.int64(6210), np.int64(6210), np.int64(6210), np.int64(6210), np.int64(6210), np.int64(6210), np.int64(6210), np.int64(6210), np.int64(6210), np.int64(6210), np.int64(8355), np.int64(18609), np.int64(18609))","(1, 1, 1, 1, 1, 1, 1, 1, 1, 1, 1, 1, 1, 1, 1, 1, 1, 1, 1, 1, 1, 1, 1, 1, 1, 1, 1, 1, 1, 1, 1, 1, 1, 1, 1, 1, 1, 1, 1, 1, 1, 1, 1, 1, 1, 1, 1, 1, 0, 0)"
2.431117,50,206.642191,1,"(np.int64(18609), np.int64(18609), np.int64(5160), np.int64(5160), np.int64(5160), np.int64(5160), np.int64(5160), np.int64(45666), np.int64(5160), np.int64(5160), np.int64(5160), np.int64(29300), np.int64(5160), np.int64(5160), np.int64(5160), np.int64(5160), np.int64(45489), np.int64(5160), np.int64(5160), np.int64(5160), np.int64(5160), np.int64(5160), np.int64(5160), np.int64(5160), np.int64(5160), np.int64(5006), np.int64(5160), np.int64(35873), np.int64(5160), np.int64(5160), np.int64(5160), np.int64(5160), np.int64(5160), np.int64(5160), np.int64(5160), np.int64(5160), np.int64(5160), np.int64(5160), np.int64(5160), np.int64(5160), np.int64(5160), np.int64(5160), np.int64(5160), np.int64(5160), np.int64(5160), np.int64(5160), np.int64(12440), np.int64(5160), np.int64(5160), np.int64(5160))","(0, 0, 0, 0, 0, 0, 0, 1, 0, 0, 0, 1, 0, 0, 0, 0, 0, 0, 0, 0, 0, 0, 0, 0, 0, 1, 0, 0, 0, 0, 0, 0, 0, 0, 0, 0, 0, 0, 0, 0, 0, 0, 0, 0, 0, 0, 1, 0, 0, 0)"
1.654187,50,207.175224,3,"(np.int64(5160), np.int64(5160), np.int64(5160), np.int64(5160), np.int64(5160), np.int64(5160), np.int64(5160), np.int64(5160), np.int64(5160), np.int64(5160), np.int64(5160), np.int64(5160), np.int64(5160), np.int64(5160), np.int64(5160), np.int64(5160), np.int64(5160), np.int64(5160), np.int64(21127), np.int64(41676), np.int64(5160), np.int64(5160), np.int64(5160), np.int64(5160), np.int64(5160), np.int64(37141), np.int64(5160), np.int64(5160), np.int64(37141), np.int64(5160), np.int64(5160), np.int64(37141), np.int64(5160), np.int64(37141), np.int64(5160), np.int64(37141), np.int64(5160), np.int64(37141), np.int64(5160), np.int64(37141), np.int64(48792), np.int64(19144), np.int64(19144), np.int64(19144), np.int64(19144), np.int64(19144), np.int64(19144), np.int64(19144), np.int64(19144), np.int64(19144))","(0, 0, 0, 0, 0, 0, 0, 0, 0, 0, 0, 0, 0, 0, 0, 0, 0, 0, 0, 0, 0, 0, 0, 0, 0, 1, 0, 0, 1, 0, 0, 1, 0, 1, 0, 1, 0, 1, 0, 1, 1, 1, 1, 1, 1, 1, 1, 1, 1, 1)"
3.270005,50,207.726555,5,"(np.int64(19144), np.int64(1879), np.int64(19144), np.int64(19144), np.int64(19144), np.int64(19144), np.int64(19144), np.int64(19144), np.int64(19144), np.int64(19144), np.int64(19144), np.int64(19144), np.int64(19144), np.int64(19144), np.int64(19144), np.int64(19144), np.int64(19144), np.int64(19144), np.int64(19144), np.int64(19144), np.int64(19144), np.int64(19144), np.int64(19144), np.int64(17588), np.int64(19144), np.int64(19144), np.int64(37141), np.int64(19144), np.int64(37141), np.int64(19144), np.int64(18609), np.int64(37), np.int64(18609), np.int64(18609), np.int64(18609), np.int64(18609), np.int64(18609), np.int64(18609), np.int64(18609), np.int64(18609), np.int64(18609), np.int64(18609), np.int64(18609), np.int64(18609), np.int64(18609), np.int64(18609), np.int64(18609), np.int64(18609), np.int64(18609), np.int64(18609))","(1, 1, 1, 1, 1, 1, 1, 1, 1, 1, 1, 1, 1, 1, 1, 1, 1, 1, 1, 1, 1, 1, 1, 1, 1, 1, 1, 1, 1, 1, 0, 1, 0, 0, 0, 0, 0, 0, 0, 0, 0, 0, 0, 0, 0, 0, 0, 0, 0, 0)"
1.198441,50,208.268888,8,"(np.int64(18609), np.int64(18609), np.int64(18609), np.int64(39875), np.int64(18609), np.int64(18609), np.int64(18609), np.int64(18609), np.int64(18609), np.int64(18609), np.int64(18609), np.int64(18609), np.int64(18609), np.int64(18609), np.int64(18609), np.int64(14123), np.int64(18609), np.int64(18609), np.int64(18609), np.int64(18609), np.int64(18609), np.int64(18609), np.int64(18609), np.int64(37141), np.int64(18609), np.int64(37141), np.int64(18609), np.int64(37141), np.int64(5576), np.int64(5576), np.int64(5576), np.int64(5576), np.int64(5576), np.int64(5576), np.int64(5576), np.int64(48497), np.int64(5576), np.int64(5576), np.int64(5576), np.int64(5576), np.int64(5576), np.int64(5576), np.int64(5576), np.int64(37141), np.int64(5576), np.int64(37141), np.int64(5576), np.int64(37141), np.int64(5576), np.int64(37141))","(0, 0, 0, 0, 0, 0, 0, 0, 0, 0, 0, 0, 0, 0, 0, 1, 0, 0, 0, 0, 0, 0, 0, 0, 0, 0, 0, 0, 1, 1, 1, 1, 1, 1, 1, 0, 1, 1, 1, 1, 1, 1, 1, 0, 1, 0, 1, 0, 1, 0)"
2.400883,50,208.804232,6,"(np.int64(5576), np.int64(5576), np.int64(5576), np.int64(5576), np.int64(5576), np.int64(5576), np.int64(5576), np.int64(5576), np.int64(5576), np.int64(5576), np.int64(37141), np.int64(5576), np.int64(37141), np.int64(5576), np.int64(37141), np.int64(5576), np.int64(37141), np.int64(5576), np.int64(37141), np.int64(37141), np.int64(37141), np.int64(37141), np.int64(37141), np.int64(37141), np.int64(37141), np.int64(37141), np.int64(37141), np.int64(37141), np.int64(37141), np.int64(37141), np.int64(37141), np.int64(48107), np.int64(37141), np.int64(37141), np.int64(37141), np.int64(37141), np.int64(37141), np.int64(37141), np.int64(37141), np.int64(37141), np.int64(37141), np.int64(37141), np.int64(5910), np.int64(37141), np.int64(37141), np.int64(37141), np.int64(37141), np.int64(37141), np.int64(37141), np.int64(37141))","(1, 1, 1, 1, 1, 1, 1, 1, 1, 1, 1, 1, 1, 1, 1, 1, 1, 1, 1, 1, 1, 1, 1, 1, 1, 1, 1, 1, 1, 1, 1, 1, 1, 1, 1, 1, 1, 1, 1, 1, 1, 1, 1, 1, 1, 1, 1, 1, 1, 1)"
2.538689,50,209.341139,7,"(np.int64(19144), np.int64(19144), np.int64(19144), np.int64(20632), np.int64(19144), np.int64(19144), np.int64(19144), np.int64(19144), np.int64(19144), np.int64(19144), np.int64(37141), np.int64(19144), np.int64(5576), np.int64(5576), np.int64(42849), np.int64(5576), np.int64(5576), np.int64(5576), np.int64(5576), np.int64(5576), np.int64(5576), np.int64(5576), np.int64(46984), np.int64(5576), np.int64(47775), np.int64(5576), np.int64(5576), np.int64(5576), np.int64(5576), np.int64(5576), np.int64(5576), np.int64(49619), np.int64(5576), np.int64(5576), np.int64(5576), np.int64(21647), np.int64(5576), np.int64(5576), np.int64(5576), np.int64(5576), np.int64(10257), np.int64(5576), np.int64(38040), np.int64(5576), np.int64(5576), np.int64(5576), np.int64(5576), np.int64(5576), np.int64(5576), np.int64(5576))","(1, 1, 1, 1, 1, 1, 1, 1, 1, 1, 0, 1, 1, 1, 0, 1, 1, 1, 1, 1, 1, 1, 0, 1, 0, 1, 1, 1, 1, 1, 1, 0, 1, 1, 1, 0, 1, 1, 1, 1, 1, 1, 0, 1, 1, 1, 1, 1, 1, 1)"
2.055722,50,209.867668,1,"(np.int64(5576), np.int64(5576), np.int64(5576), np.int64(5576), np.int64(5576), np.int64(5576), np.int64(5576), np.int64(5576), np.int64(12703), np.int64(5576), np.int64(5576), np.int64(39351), np.int64(5576), np.int64(5576), np.int64(5576), np.int64(5576), np.int64(5576), np.int64(5576), np.int64(5576), np.int64(5576), np.int64(5576), np.int64(5576), np.int64(5576), np.int64(5576), np.int64(5576), np.int64(5576), np.int64(5576), np.int64(5576), np.int64(5576), np.int64(5576), np.int64(28915), np.int64(5576), np.int64(5576), np.int64(28915), np.int64(5576), np.int64(5576), np.int64(28915), np.int64(5576), np.int64(5576), np.int64(5576), np.int64(28915), np.int64(5576), np.int64(5576), np.int64(5576), np.int64(28915), np.int64(5576), np.int64(5576), np.int64(28915), np.int64(17716), np.int64(42547))","(1, 1, 1, 1, 1, 1, 1, 1, 1, 1, 1, 0, 1, 1, 1, 1, 1, 1, 1, 1, 1, 1, 1, 1, 1, 1, 1, 1, 1, 1, 1, 1, 1, 1, 1, 1, 1, 1, 1, 1, 1, 1, 1, 1, 1, 1, 1, 1, 0, 0)"
0.781734,50,210.414094,0,"(np.int64(5576), np.int64(5576), np.int64(5576), np.int64(5576), np.int64(5576), np.int64(25802), np.int64(5576), np.int64(5576), np.int64(5576), np.int64(21484), np.int64(5576), np.int64(5576), np.int64(28915), np.int64(28915), np.int64(28915), np.int64(44994), np.int64(28915), np.int64(28915), np.int64(21671), np.int64(28915), np.int64(40464), np.int64(28915), np.int64(28915), np.int64(28915), np.int64(28915), np.int64(28915), np.int64(28915), np.int64(28915), np.int64(28915), np.int64(28915), np.int64(28915), np.int64(28915), np.int64(28915), np.int64(20966), np.int64(28915), np.int64(23762), np.int64(28915), np.int64(28915), np.int64(28915), np.int64(30699), np.int64(28915), np.int64(38889), np.int64(24214), np.int64(28915), np.int64(28915), np.int64(28915), np.int64(28915), np.int64(28915), np.int64(28915), np.int64(28915))","(0, 0, 0, 0, 0, 0, 0, 0, 0, 0, 0, 0, 0, 0, 0, 0, 0, 0, 0, 0, 0, 0, 0, 0, 0, 0, 0, 0, 0, 0, 0, 0, 0, 0, 0, 1, 0, 0, 0, 0, 0, 0, 0, 0, 0, 0, 0, 0, 0, 0)"
4.414292,50,210.936614,5,"(np.int64(28915), np.int64(28915), np.int64(28915), np.int64(28915), np.int64(28915), np.int64(49141), np.int64(28915), np.int64(20622), np.int64(28915), np.int64(28915), np.int64(48562), np.int64(18911), np.int64(18911), np.int64(18911), np.int64(18911), np.int64(18911), np.int64(18911), np.int64(18911), np.int64(25018), np.int64(18911), np.int64(18911), np.int64(18911), np.int64(18911), np.int64(18911), np.int64(18911), np.int64(18911), np.int64(18911), np.int64(18911), np.int64(18911), np.int64(18911), np.int64(18911), np.int64(18911), np.int64(18911), np.int64(18911), np.int64(18911), np.int64(18911), np.int64(18911), np.int64(18911), np.int64(18911), np.int64(18911), np.int64(18911), np.int64(18911), np.int64(18911), np.int64(18911), np.int64(18911), np.int64(9203), np.int64(6872), np.int64(27364), np.int64(6872), np.int64(6872))","(1, 1, 1, 1, 1, 0, 1, 1, 1, 1, 0, 1, 1, 1, 1, 1, 1, 1, 1, 1, 1, 1, 1, 1, 1, 1, 1, 1, 1, 1, 1, 1, 1, 1, 1, 1, 1, 1, 1, 1, 1, 1, 1, 1, 1, 1, 1, 1, 1, 1)"
3.975908,50,211.488672,1,"(np.int64(3597), np.int64(3114), np.int64(6872), np.int64(6872), np.int64(6872), np.int64(6872), np.int64(6872), np.int64(6872), np.int64(6872), np.int64(6872), np.int64(6872), np.int64(6872), np.int64(6872), np.int64(6872), np.int64(6872), np.int64(6872), np.int64(6872), np.int64(6872), np.int64(6872), np.int64(6872), np.int64(6872), np.int64(3434), np.int64(6872), np.int64(6872), np.int64(6872), np.int64(6872), np.int64(3883), np.int64(18919), np.int64(6872), np.int64(6872), np.int64(6872), np.int64(6872), np.int64(6872), np.int64(6872), np.int64(6872), np.int64(6872), np.int64(6872), np.int64(6872), np.int64(6872), np.int64(6872), np.int64(6872), np.int64(6872), np.int64(6872), np.int64(6872), np.int64(6872), np.int64(6872), np.int64(28557), np.int64(6872), np.int64(6872), np.int64(40085))","(1, 1, 1, 1, 1, 1, 1, 1, 1, 1, 1, 1, 1, 1, 1, 1, 1, 1, 1, 1, 1, 1, 1, 1, 1, 1, 1, 1, 1, 1, 1, 1, 1, 1, 1, 1, 1, 1, 1, 1, 1, 1, 1, 1, 1, 1, 0, 1, 1, 0)"
4.610011,50,212.031284,4,"(np.int64(507), np.int64(507), np.int64(507), np.int64(507), np.int64(507), np.int64(507), np.int64(507), np.int64(507), np.int64(43409), np.int64(507), np.int64(507), np.int64(507), np.int64(507), np.int64(507), np.int64(507), np.int64(507), np.int64(507), np.int64(507), np.int64(24052), np.int64(16334), np.int64(16334), np.int64(16334), np.int64(16334), np.int64(9654), np.int64(16334), np.int64(16334), np.int64(16334), np.int64(21027), np.int64(16334), np.int64(16334), np.int64(16334), np.int64(16334), np.int64(16334), np.int64(16334), np.int64(786), np.int64(16334), np.int64(16334), np.int64(24052), np.int64(38644), np.int64(16334), np.int64(16334), np.int64(11994), np.int64(16334), np.int64(24052), np.int64(16334), np.int64(24052), np.int64(16334), np.int64(23974), np.int64(16334), np.int64(24052))","(1, 1, 1, 1, 1, 1, 1, 1, 0, 1, 1, 1, 1, 1, 1, 1, 1, 1, 1, 1, 1, 1, 1, 1, 1, 1, 1, 0, 1, 1, 1, 1, 1, 1, 1, 1, 1, 1, 0, 1, 1, 1, 1, 1, 1, 1, 1, 1, 1, 1)"
17.805422,50,212.444576,2,"(np.int64(49401), np.int64(33046), np.int64(13098), np.int64(41773), np.int64(27926), np.int64(22045), np.int64(44067), np.int64(6666), np.int64(45022), np.int64(48440), np.int64(12548), np.int64(23893), np.int64(36495), np.int64(25195), np.int64(34601), np.int64(13611), np.int64(13649), np.int64(27927), np.int64(23616), np.int64(5487), np.int64(26462), np.int64(18498), np.int64(17304), np.int64(368), np.int64(11499), np.int64(23298), np.int64(49833), np.int64(29342), np.int64(41599), np.int64(47637), np.int64(17097), np.int64(9487), np.int64(23344), np.int64(40382), np.int64(24792), np.int64(34312), np.int64(19012), np.int64(38223), np.int64(22655), np.int64(3007), np.int64(19849), np.int64(27074), np.int64(18488), np.int64(35219), np.int64(18532), np.int64(46156), np.int64(32751), np.int64(32226), np.int64(16603), np.int64(22235))","(0, 1, 0, 0, 1, 0, 0, 1, 0, 1, 1, 1, 0, 1, 0, 1, 1, 1, 0, 0, 1, 0, 1, 1, 1, 1, 0, 1, 0, 0, 1, 1, 0, 0, 1, 1, 0, 1, 0, 1, 1, 1, 1, 0, 1, 0, 1, 0, 1, 0)"
18.6906,50,212.826094,3,"(np.int64(15522), np.int64(337), np.int64(8567), np.int64(28481), np.int64(8309), np.int64(11706), np.int64(16837), np.int64(24039), np.int64(13209), np.int64(26359), np.int64(27269), np.int64(40500), np.int64(18333), np.int64(42434), np.int64(5933), np.int64(40475), np.int64(17199), np.int64(32668), np.int64(33242), np.int64(29535), np.int64(21946), np.int64(3216), np.int64(5523), np.int64(31615), np.int64(35981), np.int64(34156), np.int64(7994), np.int64(37856), np.int64(39261), np.int64(29112), np.int64(10694), np.int64(22810), np.int64(37022), np.int64(23685), np.int64(13623), np.int64(44065), np.int64(48909), np.int64(48075), np.int64(38645), np.int64(38879), np.int64(4109), np.int64(5942), np.int64(42437), np.int64(22822), np.int64(3773), np.int64(34775), np.int64(39414), np.int64(13959), np.int64(45200), np.int64(28636))","(1, 1, 1, 1, 1, 1, 0, 1, 1, 1, 1, 0, 1, 0, 1, 0, 1, 1, 0, 1, 1, 1, 1, 1, 0, 0, 1, 1, 0, 1, 1, 0, 1, 0, 1, 0, 1, 1, 0, 0, 1, 1, 0, 0, 1, 0, 0, 1, 1, 1)"
22.557858,50,213.208063,2,"(np.int64(13015), np.int64(41116), np.int64(6561), np.int64(29778), np.int64(10424), np.int64(15926), np.int64(12657), np.int64(50014), np.int64(14729), np.int64(37546), np.int64(43283), np.int64(44665), np.int64(11516), np.int64(6623), np.int64(4177), np.int64(26095), np.int64(21648), np.int64(3725), np.int64(47493), np.int64(187), np.int64(41132), np.int64(1753), np.int64(16186), np.int64(15990), np.int64(17113), np.int64(12046), np.int64(35250), np.int64(43974), np.int64(45642), np.int64(4414), np.int64(48546), np.int64(21387), np.int64(42965), np.int64(37838), np.int64(45866), np.int64(41065), np.int64(7277), np.int64(25098), np.int64(24444), np.int64(12978), np.int64(38041), np.int64(11364), np.int64(175), np.int64(39848), np.int64(32494), np.int64(23863), np.int64(2646), np.int64(17725), np.int64(6747), np.int64(6692))","(1, 0, 1, 1, 1, 1, 1, 0, 1, 0, 0, 0, 1, 1, 1, 1, 1, 1, 0, 1, 0, 1, 1, 1, 0, 1, 1, 0, 1, 1, 0, 1, 0, 1, 1, 0, 1, 1, 1, 0, 0, 1, 1, 0, 1, 1, 1, 1, 1, 1)"
19.131731,50,213.597061,7,"(np.int64(6285), np.int64(15008), np.int64(3273), np.int64(23501), np.int64(27830), np.int64(49947), np.int64(16933), np.int64(15340), np.int64(34092), np.int64(21652), np.int64(26689), np.int64(12885), np.int64(11767), np.int64(14136), np.int64(12532), np.int64(3658), np.int64(37878), np.int64(19845), np.int64(2575), np.int64(38346), np.int64(4568), np.int64(47481), np.int64(16801), np.int64(3727), np.int64(49958), np.int64(20081), np.int64(4376), np.int64(28814), np.int64(29615), np.int64(12734), np.int64(20704), np.int64(25124), np.int64(8589), np.int64(47447), np.int64(9849), np.int64(37109), np.int64(41304), np.int64(11869), np.int64(20646), np.int64(25681), np.int64(34101), np.int64(33733), np.int64(44414), np.int64(35432), np.int64(7376), np.int64(47790), np.int64(19486), np.int64(13356), np.int64(32683), np.int64(24649))","(1, 0, 1, 0, 1, 0, 1, 1, 0, 0, 1, 0, 1, 1, 1, 1, 0, 1, 1, 1, 1, 0, 1, 1, 0, 1, 1, 1, 1, 1, 1, 1, 1, 0, 1, 1, 0, 1, 1, 1, 0, 0, 0, 0, 0, 0, 1, 1, 0, 1)"
15.701367,50,213.975708,5,"(np.int64(21435), np.int64(48384), np.int64(36956), np.int64(22208), np.int64(6091), np.int64(27523), np.int64(40759), np.int64(5707), np.int64(48753), np.int64(30949), np.int64(479), np.int64(6807), np.int64(4872), np.int64(15938), np.int64(9993), np.int64(46176), np.int64(6183), np.int64(17730), np.int64(31741), np.int64(17716), np.int64(22273), np.int64(44876), np.int64(24158), np.int64(18570), np.int64(46921), np.int64(33363), np.int64(38565), np.int64(10198), np.int64(20777), np.int64(26481), np.int64(2482), np.int64(19991), np.int64(30954), np.int64(44609), np.int64(26806), np.int64(41603), np.int64(9497), np.int64(6029), np.int64(48981), np.int64(16448), np.int64(48999), np.int64(30492), np.int64(42766), np.int64(26983), np.int64(49980), np.int64(14964), np.int64(43667), np.int64(31064), np.int64(19189), np.int64(44125))","(1, 1, 1, 1, 1, 0, 0, 1, 1, 0, 0, 1, 0, 0, 1, 0, 1, 1, 0, 0, 0, 0, 1, 0, 0, 1, 1, 1, 1, 1, 1, 1, 0, 0, 0, 0, 1, 1, 0, 1, 0, 0, 0, 0, 0, 1, 0, 1, 1, 0)"
19.867458,50,214.362226,2,"(np.int64(40506), np.int64(795), np.int64(47719), np.int64(34048), np.int64(43562), np.int64(46266), np.int64(14368), np.int64(1186), np.int64(42624), np.int64(30809), np.int64(1595), np.int64(837), np.int64(12344), np.int64(17656), np.int64(19890), np.int64(31682), np.int64(12837), np.int64(27188), np.int64(2313), np.int64(15265), np.int64(38196), np.int64(33407), np.int64(43291), np.int64(39812), np.int64(43128), np.int64(49129), np.int64(43165), np.int64(9891), np.int64(48500), np.int64(45413), np.int64(31894), np.int64(9155), np.int64(5197), np.int64(48349), np.int64(1519), np.int64(42231), np.int64(20378), np.int64(37476), np.int64(46702), np.int64(34601), np.int64(1018), np.int64(28767), np.int64(2427), np.int64(30037), np.int64(47067), np.int64(48066), np.int64(34765), np.int64(12503), np.int64(10114), np.int64(1740))","(0, 1, 0, 0, 0, 1, 1, 1, 0, 0, 1, 1, 1, 1, 0, 1, 1, 1, 1, 1, 0, 0, 0, 1, 0, 1, 0, 1, 0, 0, 1, 1, 1, 1, 1, 0, 0, 1, 1, 0, 1, 1, 1, 0, 1, 1, 0, 1, 1, 1)"
17.833266,50,214.815928,3,"(np.int64(739), np.int64(14403), np.int64(17834), np.int64(49753), np.int64(4042), np.int64(13140), np.int64(36592), np.int64(41876), np.int64(16458), np.int64(26046), np.int64(8854), np.int64(29351), np.int64(35057), np.int64(35584), np.int64(40710), np.int64(14227), np.int64(16429), np.int64(2483), np.int64(9579), np.int64(5928), np.int64(46833), np.int64(20215), np.int64(38980), np.int64(12957), np.int64(19890), np.int64(21963), np.int64(39280), np.int64(35101), np.int64(11598), np.int64(36122), np.int64(7788), np.int64(4085), np.int64(1037), np.int64(21764), np.int64(23597), np.int64(14083), np.int64(48937), np.int64(25506), np.int64(46630), np.int64(17906), np.int64(38606), np.int64(46671), np.int64(21279), np.int64(19678), np.int64(9346), np.int64(22277), np.int64(24915), np.int64(632), np.int64(13088), np.int64(42779))","(1, 1, 1, 0, 0, 1, 0, 0, 0, 1, 1, 1, 0, 0, 0, 1, 0, 0, 1, 1, 0, 1, 1, 1, 0, 1, 0, 0, 1, 1, 1, 1, 1, 1, 1, 1, 1, 1, 0, 1, 0, 0, 1, 1, 1, 0, 1, 1, 1, 0)"
21.492079,50,215.206721,2,"(np.int64(42871), np.int64(7775), np.int64(12083), np.int64(47128), np.int64(7972), np.int64(39252), np.int64(45166), np.int64(8154), np.int64(26022), np.int64(27267), np.int64(48190), np.int64(14302), np.int64(18831), np.int64(19476), np.int64(40013), np.int64(39415), np.int64(49302), np.int64(10636), np.int64(23451), np.int64(43115), np.int64(2260), np.int64(41478), np.int64(45933), np.int64(16522), np.int64(3553), np.int64(48740), np.int64(19915), np.int64(40342), np.int64(42472), np.int64(12624), np.int64(31369), np.int64(12803), np.int64(24944), np.int64(41449), np.int64(22000), np.int64(45734), np.int64(32868), np.int64(9827), np.int64(45059), np.int64(294), np.int64(12217), np.int64(44799), np.int64(24319), np.int64(31823), np.int64(26328), np.int64(40135), np.int64(30627), np.int64(41000), np.int64(11288), np.int64(2433))","(1, 1, 1, 1, 1, 1, 1, 1, 1, 1, 1, 0, 0, 1, 1, 0, 1, 1, 1, 0, 1, 0, 0, 1, 1, 1, 1, 1, 0, 1, 0, 1, 1, 0, 1, 1, 1, 1, 0, 1, 1, 0, 1, 1, 1, 0, 0, 0, 0, 1)"
3.381813,50,215.60964,0,"(np.int64(3403), np.int64(32241), np.int64(20712), np.int64(14936), np.int64(30224), np.int64(25542), np.int64(25909), np.int64(15626), np.int64(19755), np.int64(29478), np.int64(29663), np.int64(40196), np.int64(44342), np.int64(30226), np.int64(19272), np.int64(31680), np.int64(22831), np.int64(5793), np.int64(32671), np.int64(3577), np.int64(10714), np.int64(39614), np.int64(1565), np.int64(24373), np.int64(38777), np.int64(2023), np.int64(12917), np.int64(2013), np.int64(47149), np.int64(34268), np.int64(30548), np.int64(18520), np.int64(26514), np.int64(2583), np.int64(8223), np.int64(46044), np.int64(13008), np.int64(43432), np.int64(19039), np.int64(29038), np.int64(34250), np.int64(38571), np.int64(16842), np.int64(11054), np.int64(26788), np.int64(12011), np.int64(45519), np.int64(5075), np.int64(35152), np.int64(29232))","(0, 0, 0, 0, 0, 0, 0, 0, 0, 0, 0, 0, 0, 1, 0, 0, 0, 0, 0, 0, 0, 0, 0, 1, 0, 0, 0, 0, 0, 0, 0, 0, 0, 0, 1, 0, 0, 0, 1, 0, 1, 0, 0, 0, 0, 0, 0, 0, 0, 0)"
10.841769,50,215.991051,8,"(np.int64(6699), np.int64(17460), np.int64(12778), np.int64(23576), np.int64(7195), np.int64(26984), np.int64(20676), np.int64(22597), np.int64(43565), np.int64(46194), np.int64(17953), np.int64(36194), np.int64(44579), np.int64(42451), np.int64(41377), np.int64(28839), np.int64(33266), np.int64(15908), np.int64(25742), np.int64(3030), np.int64(20888), np.int64(16284), np.int64(27331), np.int64(26493), np.int64(38821), np.int64(40688), np.int64(9628), np.int64(8478), np.int64(30469), np.int64(45201), np.int64(48711), np.int64(26112), np.int64(49784), np.int64(40907), np.int64(26881), np.int64(966), np.int64(49278), np.int64(10425), np.int64(19897), np.int64(23103), np.int64(33615), np.int64(5030), np.int64(46652), np.int64(37139), np.int64(14586), np.int64(8867), np.int64(12094), np.int64(48859), np.int64(6573), np.int64(26223))","(1, 0, 1, 0, 1, 0, 1, 0, 0, 0, 0, 0, 0, 0, 0, 1, 0, 0, 0, 1, 1, 1, 0, 0, 0, 0, 1, 1, 0, 0, 0, 1, 0, 0, 0, 1, 0, 1, 0, 0, 0, 1, 0, 0, 0, 1, 1, 0, 1, 1)"
22.21949,50,216.368179,1,"(np.int64(38785), np.int64(11162), np.int64(45357), np.int64(10657), np.int64(20629), np.int64(35375), np.int64(123), np.int64(49047), np.int64(27927), np.int64(22222), np.int64(40258), np.int64(3256), np.int64(25555), np.int64(435), np.int64(31673), np.int64(14008), np.int64(27795), np.int64(26480), np.int64(22177), np.int64(47757), np.int64(46542), np.int64(31961), np.int64(3177), np.int64(32975), np.int64(5163), np.int64(80), np.int64(35113), np.int64(6142), np.int64(15033), np.int64(28657), np.int64(10056), np.int64(26778), np.int64(1032), np.int64(42229), np.int64(31341), np.int64(11888), np.int64(35022), np.int64(39615), np.int64(41817), np.int64(4904), np.int64(43152), np.int64(33821), np.int64(48119), np.int64(15892), np.int64(14724), np.int64(24548), np.int64(32512), np.int64(37671), np.int64(687), np.int64(39037))","(1, 1, 0, 1, 1, 1, 1, 1, 1, 1, 0, 1, 1, 1, 1, 1, 0, 1, 1, 0, 1, 0, 1, 1, 1, 1, 0, 1, 1, 1, 1, 0, 1, 1, 1, 1, 0, 0, 0, 1, 1, 0, 1, 1, 1, 0, 0, 1, 0, 0)"
19.841376,50,216.747248,1,"(np.int64(36474), np.int64(40944), np.int64(9424), np.int64(38577), np.int64(45554), np.int64(10843), np.int64(3780), np.int64(16701), np.int64(29359), np.int64(29985), np.int64(31114), np.int64(17910), np.int64(6775), np.int64(17700), np.int64(38734), np.int64(47362), np.int64(19731), np.int64(8307), np.int64(38818), np.int64(9886), np.int64(14983), np.int64(25558), np.int64(49514), np.int64(4066), np.int64(32982), np.int64(28096), np.int64(11228), np.int64(34367), np.int64(43683), np.int64(49635), np.int64(19708), np.int64(2391), np.int64(3655), np.int64(21815), np.int64(2596), np.int64(13103), np.int64(47610), np.int64(21907), np.int64(6595), np.int64(41208), np.int64(26301), np.int64(17511), np.int64(41262), np.int64(43935), np.int64(46918), np.int64(30156), np.int64(8741), np.int64(23780), np.int64(8788), np.int64(43158))","(0, 1, 1, 0, 1, 1, 1, 1, 1, 0, 1, 1, 1, 1, 0, 0, 1, 1, 1, 1, 1, 0, 1, 1, 0, 1, 1, 0, 0, 0, 1, 1, 1, 0, 1, 0, 0, 1, 1, 0, 1, 0, 0, 0, 0, 1, 1, 0, 1, 0)"
11.064719,50,217.12517,8,"(np.int64(1553), np.int64(17000), np.int64(16744), np.int64(39119), np.int64(30508), np.int64(30233), np.int64(42295), np.int64(47586), np.int64(34468), np.int64(26760), np.int64(49833), np.int64(33628), np.int64(41745), np.int64(43492), np.int64(26255), np.int64(3412), np.int64(45210), np.int64(44802), np.int64(41212), np.int64(32985), np.int64(5516), np.int64(20230), np.int64(48270), np.int64(47172), np.int64(39631), np.int64(10034), np.int64(11286), np.int64(27377), np.int64(49653), np.int64(36981), np.int64(21792), np.int64(8460), np.int64(36712), np.int64(45559), np.int64(40771), np.int64(6145), np.int64(44507), np.int64(12368), np.int64(38871), np.int64(25786), np.int64(22222), np.int64(6821), np.int64(25971), np.int64(33472), np.int64(17054), np.int64(13972), np.int64(660), np.int64(8436), np.int64(6508), np.int64(15493))","(1, 1, 1, 0, 0, 0, 0, 0, 0, 1, 0, 0, 0, 0, 1, 1, 0, 0, 0, 0, 0, 1, 0, 0, 0, 1, 0, 0, 0, 0, 1, 1, 0, 0, 0, 1, 0, 0, 0, 0, 1, 1, 0, 0, 1, 1, 1, 1, 1, 1)"
13.612276,50,217.504349,8,"(np.int64(39901), np.int64(14716), np.int64(40127), np.int64(9175), np.int64(31431), np.int64(11885), np.int64(2030), np.int64(9272), np.int64(4861), np.int64(6551), np.int64(19820), np.int64(15955), np.int64(7905), np.int64(26283), np.int64(29849), np.int64(48675), np.int64(38540), np.int64(34514), np.int64(39140), np.int64(3317), np.int64(3060), np.int64(47883), np.int64(12653), np.int64(47598), np.int64(13013), np.int64(44441), np.int64(40260), np.int64(40618), np.int64(10106), np.int64(44742), np.int64(2212), np.int64(34384), np.int64(23858), np.int64(26667), np.int64(6403), np.int64(45217), np.int64(48968), np.int64(11218), np.int64(49185), np.int64(8566), np.int64(22064), np.int64(12025), np.int64(36478), np.int64(25582), np.int64(42741), np.int64(34618), np.int64(33323), np.int64(20037), np.int64(36352), np.int64(7671))","(0, 1, 0, 0, 1, 1, 1, 1, 1, 1, 1, 1, 1, 0, 0, 0, 0, 0, 0, 1, 1, 0, 1, 0, 1, 0, 0, 0, 0, 0, 1, 0, 1, 0, 1, 0, 0, 1, 0, 1, 0, 1, 0, 1, 0, 0, 0, 1, 0, 1)"
20.41257,50,217.87907,5,"(np.int64(27069), np.int64(25562), np.int64(23050), np.int64(33193), np.int64(38482), np.int64(49242), np.int64(18214), np.int64(28126), np.int64(10309), np.int64(44154), np.int64(49387), np.int64(44445), np.int64(4763), np.int64(21048), np.int64(34624), np.int64(41006), np.int64(28707), np.int64(44440), np.int64(9180), np.int64(11499), np.int64(2618), np.int64(9468), np.int64(36808), np.int64(978), np.int64(41508), np.int64(25865), np.int64(38605), np.int64(2633), np.int64(17001), np.int64(38042), np.int64(42653), np.int64(8874), np.int64(21151), np.int64(2553), np.int64(35423), np.int64(16957), np.int64(45981), np.int64(26290), np.int64(15246), np.int64(42355), np.int64(3476), np.int64(19501), np.int64(27849), np.int64(46000), np.int64(549), np.int64(23930), np.int64(44874), np.int64(25401), np.int64(23478), np.int64(26925))","(0, 1, 0, 0, 1, 0, 1, 1, 0, 0, 0, 0, 1, 1, 0, 1, 1, 0, 1, 1, 1, 1, 1, 1, 1, 1, 0, 1, 0, 0, 0, 1, 1, 1, 1, 1, 1, 1, 1, 1, 1, 1, 0, 0, 1, 1, 0, 1, 1, 1)"
5.9452,50,218.254367,0,"(np.int64(32698), np.int64(14713), np.int64(41995), np.int64(5587), np.int64(24724), np.int64(19339), np.int64(10052), np.int64(32371), np.int64(13530), np.int64(23613), np.int64(6766), np.int64(26082), np.int64(36205), np.int64(12704), np.int64(12819), np.int64(7132), np.int64(10164), np.int64(41467), np.int64(23735), np.int64(34904), np.int64(13888), np.int64(34888), np.int64(33538), np.int64(26803), np.int64(32116), np.int64(25899), np.int64(28365), np.int64(26105), np.int64(13209), np.int64(36905), np.int64(3315), np.int64(27891), np.int64(2054), np.int64(46946), np.int64(6878), np.int64(14746), np.int64(9014), np.int64(31873), np.int64(47331), np.int64(15629), np.int64(7850), np.int64(5080), np.int64(14744), np.int64(42673), np.int64(19940), np.int64(34797), np.int64(12909), np.int64(48035), np.int64(49607), np.int64(40540))","(0, 0, 1, 0, 0, 0, 0, 1, 0, 0, 0, 0, 0, 1, 0, 0, 0, 0, 0, 1, 0, 0, 0, 0, 0, 0, 0, 0, 0, 0, 0, 0, 1, 1, 0, 1, 0, 0, 0, 0, 1, 0, 0, 0, 0, 0, 0, 0, 0, 0)"
24.273723,50,218.630136,2,"(np.int64(2698), np.int64(11418), np.int64(35863), np.int64(18807), np.int64(17892), np.int64(39404), np.int64(39882), np.int64(10267), np.int64(45846), np.int64(16573), np.int64(37333), np.int64(3504), np.int64(11362), np.int64(22006), np.int64(27486), np.int64(38142), np.int64(43442), np.int64(46207), np.int64(42884), np.int64(19573), np.int64(25702), np.int64(34127), np.int64(1726), np.int64(27481), np.int64(16967), np.int64(6285), np.int64(20417), np.int64(16740), np.int64(1050), np.int64(6282), np.int64(1302), np.int64(38140), np.int64(3691), np.int64(31795), np.int64(18322), np.int64(19008), np.int64(34240), np.int64(6841), np.int64(10051), np.int64(46514), np.int64(35515), np.int64(15828), np.int64(38461), np.int64(21767), np.int64(43138), np.int64(3095), np.int64(42529), np.int64(2003), np.int64(39111), np.int64(17575))","(1, 1, 1, 1, 1, 0, 0, 1, 1, 0, 1, 1, 1, 1, 0, 1, 0, 1, 1, 1, 1, 1, 1, 0, 1, 1, 1, 1, 1, 1, 1, 0, 1, 1, 1, 1, 0, 1, 1, 1, 1, 1, 0, 1, 0, 1, 0, 1, 0, 1)"
13.252603,50,219.001887,7,"(np.int64(36757), np.int64(49050), np.int64(41588), np.int64(6377), np.int64(9538), np.int64(32645), np.int64(39500), np.int64(24404), np.int64(49445), np.int64(8871), np.int64(6684), np.int64(12125), np.int64(17790), np.int64(47122), np.int64(22489), np.int64(34530), np.int64(36457), np.int64(44357), np.int64(32389), np.int64(16952), np.int64(20050), np.int64(49837), np.int64(39056), np.int64(19892), np.int64(30772), np.int64(44413), np.int64(11306), np.int64(40556), np.int64(10481), np.int64(27440), np.int64(36989), np.int64(21715), np.int64(42334), np.int64(44364), np.int64(33004), np.int64(18506), np.int64(18802), np.int64(3428), np.int64(33764), np.int64(13440), np.int64(32325), np.int64(17310), np.int64(37685), np.int64(17187), np.int64(5106), np.int64(32114), np.int64(10778), np.int64(33717), np.int64(33734), np.int64(9441))","(0, 0, 0, 1, 1, 0, 0, 0, 0, 1, 1, 1, 0, 0, 0, 0, 1, 0, 0, 1, 1, 0, 0, 1, 0, 0, 1, 0, 1, 1, 0, 1, 0, 0, 0, 1, 1, 1, 0, 1, 0, 1, 1, 1, 1, 0, 1, 0, 0, 1)"
10.20647,50,219.374546,8,"(np.int64(47898), np.int64(35528), np.int64(7058), np.int64(2881), np.int64(32753), np.int64(18938), np.int64(21585), np.int64(28322), np.int64(40800), np.int64(24396), np.int64(22683), np.int64(39296), np.int64(26828), np.int64(36091), np.int64(33975), np.int64(9186), np.int64(22279), np.int64(17284), np.int64(7285), np.int64(7923), np.int64(30621), np.int64(13996), np.int64(25523), np.int64(44352), np.int64(489), np.int64(41252), np.int64(31342), np.int64(28674), np.int64(20941), np.int64(48336), np.int64(5243), np.int64(35372), np.int64(11946), np.int64(32379), np.int64(39529), np.int64(40745), np.int64(27769), np.int64(35712), np.int64(1420), np.int64(39547), np.int64(12706), np.int64(44944), np.int64(24590), np.int64(24510), np.int64(15559), np.int64(3122), np.int64(19977), np.int64(3972), np.int64(32392), np.int64(11664))","(0, 0, 1, 1, 0, 1, 0, 0, 0, 0, 0, 0, 0, 0, 0, 1, 0, 0, 0, 0, 0, 1, 0, 0, 1, 0, 1, 1, 1, 0, 1, 0, 1, 0, 0, 0, 0, 0, 0, 0, 1, 0, 1, 1, 1, 1, 0, 1, 0, 0)"
14.877532,50,219.747463,8,"(np.int64(36161), np.int64(13328), np.int64(4945), np.int64(23767), np.int64(29168), np.int64(12375), np.int64(48426), np.int64(18819), np.int64(1533), np.int64(28740), np.int64(49997), np.int64(24957), np.int64(15968), np.int64(17169), np.int64(22087), np.int64(36291), np.int64(8167), np.int64(49076), np.int64(47670), np.int64(24995), np.int64(36744), np.int64(38), np.int64(26887), np.int64(4247), np.int64(35298), np.int64(2294), np.int64(12531), np.int64(9820), np.int64(12109), np.int64(27295), np.int64(33132), np.int64(46915), np.int64(34627), np.int64(13022), np.int64(7112), np.int64(11148), np.int64(19909), np.int64(7034), np.int64(27959), np.int64(19216), np.int64(18988), np.int64(13162), np.int64(32702), np.int64(32593), np.int64(3585), np.int64(42386), np.int64(11385), np.int64(38915), np.int64(35733), np.int64(5768))","(0, 1, 1, 1, 0, 1, 0, 0, 1, 1, 0, 1, 1, 0, 0, 0, 1, 0, 0, 1, 0, 1, 0, 1, 0, 0, 0, 1, 1, 1, 0, 0, 0, 1, 1, 1, 1, 1, 0, 1, 1, 1, 0, 0, 1, 0, 1, 0, 0, 1)"
15.000544,50,220.259338,3,"(np.int64(27278), np.int64(20658), np.int64(48414), np.int64(9101), np.int64(35998), np.int64(18267), np.int64(17790), np.int64(29157), np.int64(23728), np.int64(45603), np.int64(11327), np.int64(36715), np.int64(45028), np.int64(37339), np.int64(9498), np.int64(46024), np.int64(42598), np.int64(36972), np.int64(32795), np.int64(23840), np.int64(5592), np.int64(21597), np.int64(22485), np.int64(43741), np.int64(16731), np.int64(13094), np.int64(49765), np.int64(42159), np.int64(17021), np.int64(20294), np.int64(43160), np.int64(21406), np.int64(48681), np.int64(32153), np.int64(34308), np.int64(9806), np.int64(23568), np.int64(47106), np.int64(23728), np.int64(43320), np.int64(36368), np.int64(33403), np.int64(36025), np.int64(42188), np.int64(49625), np.int64(15024), np.int64(16458), np.int64(17908), np.int64(2248), np.int64(19138))","(1, 1, 1, 1, 1, 0, 0, 1, 1, 0, 1, 0, 0, 1, 1, 0, 0, 1, 1, 1, 0, 0, 0, 0, 1, 1, 0, 0, 1, 1, 1, 1, 0, 1, 1, 0, 1, 0, 1, 0, 1, 0, 0, 0, 0, 1, 0, 1, 1, 1)"
10.594879,50,220.801146,7,"(np.int64(40727), np.int64(44466), np.int64(40252), np.int64(23603), np.int64(22638), np.int64(17646), np.int64(29427), np.int64(27441), np.int64(28421), np.int64(21485), np.int64(39350), np.int64(14555), np.int64(42726), np.int64(22539), np.int64(49072), np.int64(26241), np.int64(39902), np.int64(5112), np.int64(20118), np.int64(23728), np.int64(46822), np.int64(26819), np.int64(34795), np.int64(13941), np.int64(46409), np.int64(36309), np.int64(28895), np.int64(23939), np.int64(19271), np.int64(22265), np.int64(35256), np.int64(26073), np.int64(45817), np.int64(30488), np.int64(27337), np.int64(37018), np.int64(43001), np.int64(45232), np.int64(43544), np.int64(2095), np.int64(36296), np.int64(1687), np.int64(69), np.int64(43513), np.int64(46595), np.int64(46283), np.int64(40285), np.int64(5970), np.int64(6011), np.int64(21705))","(0, 0, 0, 1, 0, 0, 0, 0, 1, 1, 0, 1, 0, 0, 0, 1, 0, 1, 1, 1, 0, 0, 0, 1, 0, 0, 1, 1, 1, 0, 0, 0, 0, 0, 0, 1, 0, 0, 0, 0, 0, 1, 1, 0, 0, 0, 0, 1, 1, 1)"
14.785398,50,221.343658,7,"(np.int64(297), np.int64(23728), np.int64(16363), np.int64(33401), np.int64(10383), np.int64(15277), np.int64(20580), np.int64(17963), np.int64(21967), np.int64(29465), np.int64(48402), np.int64(30727), np.int64(30083), np.int64(32208), np.int64(11909), np.int64(4782), np.int64(39868), np.int64(23728), np.int64(30653), np.int64(46017), np.int64(10078), np.int64(25171), np.int64(9520), np.int64(5152), np.int64(38505), np.int64(23728), np.int64(11002), np.int64(6862), np.int64(9551), np.int64(2125), np.int64(32685), np.int64(16160), np.int64(34695), np.int64(8712), np.int64(39850), np.int64(12993), np.int64(34131), np.int64(9172), np.int64(48100), np.int64(15297), np.int64(24826), np.int64(12551), np.int64(24764), np.int64(8033), np.int64(23918), np.int64(43895), np.int64(10394), np.int64(12445), np.int64(4664), np.int64(45904))","(1, 1, 1, 0, 1, 1, 0, 1, 0, 0, 0, 0, 0, 0, 1, 1, 0, 1, 0, 0, 1, 0, 1, 1, 0, 1, 1, 1, 1, 1, 0, 1, 0, 0, 0, 1, 0, 0, 0, 1, 1, 1, 0, 0, 1, 0, 1, 1, 1, 0)"
17.16458,50,221.850193,2,"(np.int64(28293), np.int64(3235), np.int64(40172), np.int64(38095), np.int64(7576), np.int64(48158), np.int64(32309), np.int64(35137), np.int64(17601), np.int64(12788), np.int64(23728), np.int64(31688), np.int64(22076), np.int64(44285), np.int64(35030), np.int64(30407), np.int64(30712), np.int64(21575), np.int64(28957), np.int64(32310), np.int64(42777), np.int64(23629), np.int64(34006), np.int64(9821), np.int64(27747), np.int64(49068), np.int64(22181), np.int64(34741), np.int64(19145), np.int64(25460), np.int64(22726), np.int64(21892), np.int64(25884), np.int64(37347), np.int64(6120), np.int64(26864), np.int64(4897), np.int64(40680), np.int64(47519), np.int64(42039), np.int64(40965), np.int64(46723), np.int64(40641), np.int64(20948), np.int64(23728), np.int64(23728), np.int64(8073), np.int64(23728), np.int64(33614), np.int64(703))","(0, 1, 0, 0, 0, 1, 1, 1, 1, 1, 1, 0, 1, 0, 0, 0, 0, 0, 1, 1, 0, 1, 0, 1, 0, 1, 0, 0, 1, 1, 0, 1, 1, 1, 1, 1, 1, 0, 1, 1, 1, 0, 1, 0, 1, 1, 1, 1, 1, 1)"
18.368829,50,222.367985,3,"(np.int64(39697), np.int64(34702), np.int64(2989), np.int64(6500), np.int64(2600), np.int64(40153), np.int64(5396), np.int64(10023), np.int64(18548), np.int64(36941), np.int64(32914), np.int64(3759), np.int64(5314), np.int64(23728), np.int64(27858), np.int64(2719), np.int64(21295), np.int64(22028), np.int64(32304), np.int64(3574), np.int64(4468), np.int64(42790), np.int64(21048), np.int64(42890), np.int64(1663), np.int64(31287), np.int64(33654), np.int64(19803), np.int64(22146), np.int64(18746), np.int64(47091), np.int64(22363), np.int64(896), np.int64(14103), np.int64(19729), np.int64(20564), np.int64(32417), np.int64(23728), np.int64(30731), np.int64(6149), np.int64(9651), np.int64(41747), np.int64(39374), np.int64(10107), np.int64(23728), np.int64(2112), np.int64(22665), np.int64(23728), np.int64(49471), np.int64(22593))","(1, 0, 1, 1, 1, 0, 1, 1, 1, 1, 0, 1, 1, 1, 0, 1, 1, 1, 0, 1, 0, 0, 1, 0, 1, 1, 1, 1, 1, 1, 0, 0, 1, 1, 1, 1, 1, 1, 0, 1, 1, 0, 1, 1, 1, 1, 0, 1, 0, 0)"
3.811348,50,222.882276,0,"(np.int64(12654), np.int64(31494), np.int64(31318), np.int64(7499), np.int64(23728), np.int64(13231), np.int64(38711), np.int64(13446), np.int64(2685), np.int64(48736), np.int64(48697), np.int64(7855), np.int64(23728), np.int64(10382), np.int64(701), np.int64(17171), np.int64(28867), np.int64(13302), np.int64(46614), np.int64(18889), np.int64(23728), np.int64(30053), np.int64(19515), np.int64(26976), np.int64(7548), np.int64(37360), np.int64(41569), np.int64(23886), np.int64(17236), np.int64(31600), np.int64(3037), np.int64(23728), np.int64(14443), np.int64(28332), np.int64(15500), np.int64(1960), np.int64(16846), np.int64(23728), np.int64(25581), np.int64(41322), np.int64(41787), np.int64(45644), np.int64(23053), np.int64(2616), np.int64(3793), np.int64(24001), np.int64(47559), np.int64(22779), np.int64(4985), np.int64(20991))","(0, 0, 0, 0, 1, 0, 0, 0, 0, 0, 0, 0, 1, 0, 0, 0, 0, 0, 0, 1, 1, 0, 0, 0, 0, 0, 0, 0, 0, 0, 0, 1, 1, 0, 0, 1, 0, 1, 1, 0, 0, 0, 0, 0, 0, 0, 0, 0, 0, 0)"
17.643924,50,223.40604,5,"(np.int64(12520), np.int64(15367), np.int64(23728), np.int64(23728), np.int64(31782), np.int64(23728), np.int64(40691), np.int64(23728), np.int64(33542), np.int64(33641), np.int64(7589), np.int64(22593), np.int64(8263), np.int64(30425), np.int64(23728), np.int64(23728), np.int64(279), np.int64(3495), np.int64(16608), np.int64(23728), np.int64(3053), np.int64(30323), np.int64(23728), np.int64(49118), np.int64(23728), np.int64(14071), np.int64(16588), np.int64(37501), np.int64(43715), np.int64(33678), np.int64(3516), np.int64(16267), np.int64(5022), np.int64(47995), np.int64(35979), np.int64(49639), np.int64(12773), np.int64(22001), np.int64(44428), np.int64(43901), np.int64(6247), np.int64(48496), np.int64(15128), np.int64(48645), np.int64(48371), np.int64(18371), np.int64(23728), np.int64(24482), np.int64(9956), np.int64(32405))","(1, 1, 1, 1, 1, 1, 0, 1, 0, 0, 1, 0, 1, 0, 1, 1, 1, 1, 0, 1, 1, 0, 1, 0, 1, 1, 0, 1, 0, 1, 1, 1, 1, 1, 1, 0, 1, 1, 0, 0, 1, 0, 1, 1, 1, 1, 1, 1, 1, 1)"
12.846566,50,223.912683,8,"(np.int64(16901), np.int64(7689), np.int64(4512), np.int64(23706), np.int64(36582), np.int64(2565), np.int64(23489), np.int64(37574), np.int64(22674), np.int64(37716), np.int64(6737), np.int64(23331), np.int64(22793), np.int64(23728), np.int64(9572), np.int64(31948), np.int64(23302), np.int64(33785), np.int64(24891), np.int64(21873), np.int64(34172), np.int64(23728), np.int64(35403), np.int64(23728), np.int64(23956), np.int64(32595), np.int64(44607), np.int64(41585), np.int64(19112), np.int64(977), np.int64(19044), np.int64(33560), np.int64(33278), np.int64(24885), np.int64(7705), np.int64(28881), np.int64(46665), np.int64(20846), np.int64(25904), np.int64(5757), np.int64(14094), np.int64(21534), np.int64(13233), np.int64(27052), np.int64(17286), np.int64(23728), np.int64(24077), np.int64(20009), np.int64(33996), np.int64(26865))","(0, 1, 1, 1, 0, 1, 1, 0, 0, 0, 1, 1, 0, 1, 1, 0, 1, 0, 0, 0, 0, 1, 0, 1, 1, 0, 0, 0, 1, 1, 1, 0, 0, 0, 1, 1, 0, 1, 0, 1, 1, 0, 1, 0, 0, 1, 1, 1, 0, 0)"
13.714242,50,224.435273,3,"(np.int64(7376), np.int64(36003), np.int64(13535), np.int64(106), np.int64(10561), np.int64(26785), np.int64(23728), np.int64(22291), np.int64(23728), np.int64(21866), np.int64(23728), np.int64(39029), np.int64(41301), np.int64(27422), np.int64(25705), np.int64(46344), np.int64(23728), np.int64(28751), np.int64(17766), np.int64(12649), np.int64(12891), np.int64(9740), np.int64(31217), np.int64(42076), np.int64(48405), np.int64(41284), np.int64(23728), np.int64(49217), np.int64(25312), np.int64(249), np.int64(39040), np.int64(23728), np.int64(13279), np.int64(23728), np.int64(4481), np.int64(46250), np.int64(10882), np.int64(19639), np.int64(44141), np.int64(30450), np.int64(2666), np.int64(30299), np.int64(31428), np.int64(4472), np.int64(31433), np.int64(23448), np.int64(24200), np.int64(47029), np.int64(17120), np.int64(48829))","(0, 0, 1, 1, 1, 1, 1, 0, 1, 1, 1, 1, 0, 0, 1, 0, 1, 0, 0, 1, 0, 1, 0, 0, 1, 0, 1, 0, 1, 1, 0, 1, 1, 1, 1, 0, 1, 0, 0, 0, 1, 0, 1, 1, 1, 1, 1, 1, 1, 0)"
17.859405,50,224.937028,4,"(np.int64(33061), np.int64(49302), np.int64(7222), np.int64(10748), np.int64(9101), np.int64(26758), np.int64(4474), np.int64(10380), np.int64(43069), np.int64(28741), np.int64(41453), np.int64(41368), np.int64(12065), np.int64(46135), np.int64(40707), np.int64(1256), np.int64(23728), np.int64(44065), np.int64(35830), np.int64(33272), np.int64(47247), np.int64(17414), np.int64(4163), np.int64(27825), np.int64(8013), np.int64(21890), np.int64(3984), np.int64(32352), np.int64(12365), np.int64(47196), np.int64(23237), np.int64(23728), np.int64(40200), np.int64(10405), np.int64(897), np.int64(2606), np.int64(15762), np.int64(16717), np.int64(28065), np.int64(23728), np.int64(23728), np.int64(38895), np.int64(20867), np.int64(11182), np.int64(17553), np.int64(12700), np.int64(24773), np.int64(40975), np.int64(45933), np.int64(23728))","(1, 1, 1, 1, 1, 1, 1, 1, 1, 1, 0, 1, 0, 0, 0, 1, 1, 0, 0, 0, 0, 0, 0, 1, 1, 1, 1, 0, 0, 1, 0, 1, 0, 1, 1, 1, 1, 1, 0, 1, 1, 1, 1, 1, 1, 1, 1, 1, 0, 1)"
16.509096,50,225.454204,5,"(np.int64(30737), np.int64(35493), np.int64(23728), np.int64(38397), np.int64(24365), np.int64(37416), np.int64(2921), np.int64(1186), np.int64(28796), np.int64(24861), np.int64(10246), np.int64(7144), np.int64(9230), np.int64(23728), np.int64(27112), np.int64(42405), np.int64(23728), np.int64(47177), np.int64(20834), np.int64(11695), np.int64(23728), np.int64(11156), np.int64(36166), np.int64(25853), np.int64(16411), np.int64(16002), np.int64(1433), np.int64(22649), np.int64(20474), np.int64(34442), np.int64(15185), np.int64(18945), np.int64(38104), np.int64(36323), np.int64(30665), np.int64(139), np.int64(23728), np.int64(46927), np.int64(23728), np.int64(45611), np.int64(49582), np.int64(47605), np.int64(25700), np.int64(29721), np.int64(17258), np.int64(504), np.int64(49647), np.int64(34364), np.int64(43476), np.int64(41254))","(0, 1, 1, 1, 0, 1, 1, 1, 0, 1, 1, 1, 1, 1, 1, 0, 1, 1, 1, 1, 1, 0, 0, 1, 0, 1, 1, 0, 1, 0, 1, 0, 1, 1, 0, 1, 1, 1, 1, 0, 1, 0, 1, 0, 0, 1, 0, 0, 0, 0)"
15.45854,50,225.975684,1,"(np.int64(1763), np.int64(41970), np.int64(23728), np.int64(14089), np.int64(19536), np.int64(23728), np.int64(44278), np.int64(46661), np.int64(21729), np.int64(17971), np.int64(43932), np.int64(13257), np.int64(37083), np.int64(29286), np.int64(27957), np.int64(33408), np.int64(12911), np.int64(23728), np.int64(23728), np.int64(23728), np.int64(23728), np.int64(10176), np.int64(30785), np.int64(49445), np.int64(2557), np.int64(23834), np.int64(9916), np.int64(6842), np.int64(41221), np.int64(42680), np.int64(25046), np.int64(18680), np.int64(3261), np.int64(48722), np.int64(9119), np.int64(8975), np.int64(48163), np.int64(5972), np.int64(22560), np.int64(30906), np.int64(23728), np.int64(9187), np.int64(34379), np.int64(39494), np.int64(44799), np.int64(25500), np.int64(49378), np.int64(8650), np.int64(20742), np.int64(49747))","(1, 0, 1, 1, 1, 1, 0, 0, 1, 0, 0, 1, 1, 1, 1, 0, 1, 1, 1, 1, 1, 1, 0, 0, 1, 1, 1, 1, 1, 0, 0, 1, 0, 0, 0, 1, 0, 1, 0, 0, 1, 1, 1, 0, 0, 1, 0, 1, 0, 0)"
15.316922,50,226.498501,1,"(np.int64(23728), np.int64(40366), np.int64(29523), np.int64(26845), np.int64(25513), np.int64(2709), np.int64(39935), np.int64(23728), np.int64(23728), np.int64(37080), np.int64(1991), np.int64(19659), np.int64(43045), np.int64(26260), np.int64(23728), np.int64(4239), np.int64(48279), np.int64(9620), np.int64(20806), np.int64(23728), np.int64(23728), np.int64(11706), np.int64(19772), np.int64(18419), np.int64(6650), np.int64(23728), np.int64(33243), np.int64(38990), np.int64(23512), np.int64(32272), np.int64(29087), np.int64(34207), np.int64(20348), np.int64(22061), np.int64(1549), np.int64(30019), np.int64(25250), np.int64(33680), np.int64(3153), np.int64(8342), np.int64(17660), np.int64(23728), np.int64(4981), np.int64(42752), np.int64(33855), np.int64(37879), np.int64(40884), np.int64(30618), np.int64(41363), np.int64(23728))","(1, 0, 0, 0, 1, 1, 0, 1, 1, 0, 1, 1, 0, 1, 1, 1, 1, 1, 0, 1, 1, 1, 1, 0, 1, 1, 0, 1, 1, 0, 1, 1, 0, 1, 0, 0, 0, 0, 1, 1, 0, 1, 1, 0, 0, 1, 1, 0, 1, 1)"
23.126849,50,227.006025,2,"(np.int64(30863), np.int64(41674), np.int64(37220), np.int64(35770), np.int64(3730), np.int64(23728), np.int64(23728), np.int64(21647), np.int64(6097), np.int64(11364), np.int64(6595), np.int64(4298), np.int64(2356), np.int64(31188), np.int64(46547), np.int64(35830), np.int64(40390), np.int64(23012), np.int64(21407), np.int64(31015), np.int64(17614), np.int64(15801), np.int64(37633), np.int64(1805), np.int64(35852), np.int64(10290), np.int64(11524), np.int64(13030), np.int64(23728), np.int64(42841), np.int64(11489), np.int64(35542), np.int64(15491), np.int64(20516), np.int64(8984), np.int64(49366), np.int64(23728), np.int64(9295), np.int64(2432), np.int64(36324), np.int64(42096), np.int64(23728), np.int64(1557), np.int64(1751), np.int64(18118), np.int64(6251), np.int64(23815), np.int64(3120), np.int64(35798), np.int64(21489))","(0, 0, 1, 0, 1, 1, 1, 0, 1, 1, 1, 1, 1, 1, 1, 1, 1, 0, 1, 1, 1, 1, 1, 1, 1, 1, 1, 1, 1, 0, 1, 0, 1, 1, 1, 0, 1, 1, 1, 1, 0, 1, 1, 1, 1, 1, 1, 1, 0, 1)"
14.303337,50,227.534484,8,"(np.int64(39617), np.int64(37234), np.int64(35071), np.int64(33644), np.int64(2374), np.int64(45727), np.int64(28814), np.int64(23728), np.int64(31872), np.int64(23728), np.int64(23413), np.int64(11904), np.int64(10788), np.int64(3263), np.int64(23728), np.int64(23728), np.int64(27197), np.int64(47509), np.int64(6446), np.int64(23728), np.int64(26153), np.int64(11927), np.int64(37802), np.int64(3181), np.int64(10995), np.int64(31695), np.int64(15609), np.int64(34824), np.int64(5066), np.int64(3879), np.int64(21891), np.int64(9521), np.int64(20888), np.int64(8487), np.int64(24659), np.int64(9213), np.int64(43969), np.int64(26474), np.int64(32920), np.int64(2651), np.int64(12725), np.int64(23041), np.int64(11729), np.int64(25349), np.int64(23728), np.int64(23728), np.int64(5998), np.int64(41867), np.int64(22821), np.int64(30657))","(0, 0, 0, 0, 0, 0, 1, 1, 0, 1, 1, 1, 0, 1, 1, 1, 1, 0, 1, 1, 1, 1, 0, 1, 0, 0, 1, 0, 1, 1, 0, 1, 1, 1, 1, 1, 0, 1, 0, 1, 1, 0, 1, 1, 1, 1, 1, 0, 0, 0)"
12.689941,50,228.049259,4,"(np.int64(36057), np.int64(30977), np.int64(23728), np.int64(20048), np.int64(23728), np.int64(23728), np.int64(33807), np.int64(27135), np.int64(11275), np.int64(46167), np.int64(35351), np.int64(35761), np.int64(36860), np.int64(2919), np.int64(30179), np.int64(39333), np.int64(23728), np.int64(6379), np.int64(41665), np.int64(3677), np.int64(3380), np.int64(39515), np.int64(37920), np.int64(23945), np.int64(23728), np.int64(8059), np.int64(36151), np.int64(27448), np.int64(23728), np.int64(21533), np.int64(23728), np.int64(1412), np.int64(8598), np.int64(20686), np.int64(26777), np.int64(23728), np.int64(38494), np.int64(31293), np.int64(23503), np.int64(32272), np.int64(42073), np.int64(21604), np.int64(40774), np.int64(23728), np.int64(23728), np.int64(40434), np.int64(7801), np.int64(11197), np.int64(21053), np.int64(5809))","(1, 0, 1, 0, 1, 1, 0, 1, 0, 0, 0, 1, 1, 1, 0, 0, 1, 1, 0, 1, 1, 0, 0, 0, 1, 1, 0, 0, 1, 1, 1, 1, 1, 1, 0, 1, 1, 1, 1, 0, 0, 1, 0, 1, 1, 0, 0, 1, 1, 1)"
12.70355,50,228.577716,1,"(np.int64(23728), np.int64(29714), np.int64(23728), np.int64(39215), np.int64(49955), np.int64(17384), np.int64(24503), np.int64(32025), np.int64(44707), np.int64(31283), np.int64(999), np.int64(23728), np.int64(27339), np.int64(23728), np.int64(13632), np.int64(37698), np.int64(48490), np.int64(1105), np.int64(14924), np.int64(47444), np.int64(45677), np.int64(34889), np.int64(15071), np.int64(1171), np.int64(35692), np.int64(23728), np.int64(6130), np.int64(41660), np.int64(23728), np.int64(19723), np.int64(17132), np.int64(5804), np.int64(20892), np.int64(42114), np.int64(5), np.int64(23728), np.int64(23728), np.int64(46811), np.int64(32949), np.int64(7332), np.int64(49355), np.int64(23728), np.int64(7422), np.int64(49260), np.int64(32929), np.int64(23728), np.int64(46112), np.int64(38307), np.int64(6234), np.int64(27250))","(1, 0, 1, 0, 0, 0, 1, 0, 0, 1, 1, 1, 0, 1, 1, 0, 0, 0, 1, 0, 0, 0, 1, 1, 0, 1, 0, 0, 1, 1, 1, 1, 0, 0, 1, 1, 1, 1, 1, 1, 0, 1, 1, 1, 0, 1, 1, 0, 1, 1)"
16.461615,50,229.10463,4,"(np.int64(16937), np.int64(44591), np.int64(45092), np.int64(48375), np.int64(5460), np.int64(23728), np.int64(12806), np.int64(23728), np.int64(29786), np.int64(48121), np.int64(32111), np.int64(30563), np.int64(35674), np.int64(39812), np.int64(41288), np.int64(23728), np.int64(8078), np.int64(23728), np.int64(17281), np.int64(23728), np.int64(44238), np.int64(24855), np.int64(16881), np.int64(7782), np.int64(12186), np.int64(17332), np.int64(46715), np.int64(1923), np.int64(5263), np.int64(23728), np.int64(8574), np.int64(47662), np.int64(13481), np.int64(5467), np.int64(35696), np.int64(38987), np.int64(23728), np.int64(26255), np.int64(11264), np.int64(41028), np.int64(45165), np.int64(29109), np.int64(10752), np.int64(43143), np.int64(10636), np.int64(35520), np.int64(23728), np.int64(15254), np.int64(24190), np.int64(20171))","(1, 0, 0, 1, 1, 1, 1, 1, 1, 0, 0, 0, 1, 1, 1, 1, 0, 1, 0, 1, 0, 0, 1, 1, 1, 1, 1, 1, 1, 1, 1, 0, 1, 1, 0, 0, 1, 1, 0, 0, 0, 1, 1, 1, 1, 1, 1, 1, 1, 0)"
10.355393,50,229.62192,8,"(np.int64(25215), np.int64(40698), np.int64(48151), np.int64(19824), np.int64(1581), np.int64(43612), np.int64(43339), np.int64(23728), np.int64(23455), np.int64(3900), np.int64(44179), np.int64(41918), np.int64(43569), np.int64(23728), np.int64(10754), np.int64(28281), np.int64(32174), np.int64(45282), np.int64(31153), np.int64(21549), np.int64(19739), np.int64(1330), np.int64(11760), np.int64(3205), np.int64(3461), np.int64(7465), np.int64(17300), np.int64(23728), np.int64(34458), np.int64(3676), np.int64(33892), np.int64(30866), np.int64(45886), np.int64(41511), np.int64(44031), np.int64(11661), np.int64(23728), np.int64(48309), np.int64(49987), np.int64(46772), np.int64(22317), np.int64(39066), np.int64(22346), np.int64(39364), np.int64(23728), np.int64(37968), np.int64(25935), np.int64(1380), np.int64(30165), np.int64(2810))","(0, 0, 0, 1, 1, 0, 0, 1, 1, 1, 0, 0, 0, 1, 1, 0, 0, 0, 0, 1, 1, 1, 1, 1, 1, 1, 0, 1, 0, 1, 0, 0, 0, 0, 0, 1, 1, 0, 0, 0, 0, 0, 0, 0, 1, 0, 0, 1, 0, 1)"
13.437671,50,230.134626,7,"(np.int64(3217), np.int64(45454), np.int64(22098), np.int64(23728), np.int64(21387), np.int64(23728), np.int64(5294), np.int64(33287), np.int64(35938), np.int64(48127), np.int64(20969), np.int64(27642), np.int64(23728), np.int64(23728), np.int64(27222), np.int64(45930), np.int64(5122), np.int64(23728), np.int64(23728), np.int64(23995), np.int64(45315), np.int64(2470), np.int64(3790), np.int64(21935), np.int64(27971), np.int64(3089), np.int64(23728), np.int64(30077), np.int64(23177), np.int64(23728), np.int64(17955), np.int64(20613), np.int64(11826), np.int64(46030), np.int64(15626), np.int64(23728), np.int64(49070), np.int64(21895), np.int64(211), np.int64(34710), np.int64(23728), np.int64(23728), np.int64(17010), np.int64(48745), np.int64(7044), np.int64(425), np.int64(28916), np.int64(30745), np.int64(24701), np.int64(23728))","(1, 0, 1, 1, 1, 1, 1, 0, 0, 0, 1, 0, 1, 1, 1, 0, 1, 1, 1, 1, 0, 1, 1, 0, 1, 1, 1, 0, 0, 1, 0, 1, 1, 0, 1, 1, 1, 1, 1, 0, 1, 1, 1, 0, 1, 1, 0, 0, 0, 1)"
18.703656,50,230.659065,2,"(np.int64(9159), np.int64(45698), np.int64(3455), np.int64(5574), np.int64(333), np.int64(30129), np.int64(48333), np.int64(49818), np.int64(39169), np.int64(23728), np.int64(23728), np.int64(12181), np.int64(37503), np.int64(49924), np.int64(23466), np.int64(23728), np.int64(14995), np.int64(25138), np.int64(27803), np.int64(23728), np.int64(39923), np.int64(23728), np.int64(20262), np.int64(5478), np.int64(23149), np.int64(47646), np.int64(11949), np.int64(40235), np.int64(1569), np.int64(22820), np.int64(31813), np.int64(33154), np.int64(41041), np.int64(2211), np.int64(2842), np.int64(46376), np.int64(6048), np.int64(1739), np.int64(39851), np.int64(23728), np.int64(40732), np.int64(41306), np.int64(29558), np.int64(28316), np.int64(20446), np.int64(219), np.int64(33967), np.int64(14351), np.int64(23728), np.int64(23728))","(1, 1, 1, 1, 1, 0, 0, 1, 0, 1, 1, 1, 1, 0, 1, 1, 1, 1, 0, 1, 0, 1, 1, 1, 0, 0, 1, 0, 1, 0, 1, 1, 1, 1, 1, 1, 1, 1, 1, 1, 0, 0, 0, 0, 1, 1, 1, 1, 1, 1)"
17.327853,50,231.17366,5,"(np.int64(7007), np.int64(46470), np.int64(5274), np.int64(11386), np.int64(28957), np.int64(24667), np.int64(34157), np.int64(11500), np.int64(23728), np.int64(23728), np.int64(15715), np.int64(2089), np.int64(23728), np.int64(48366), np.int64(43886), np.int64(23728), np.int64(16944), np.int64(44346), np.int64(27454), np.int64(23728), np.int64(34672), np.int64(23728), np.int64(23728), np.int64(32153), np.int64(24113), np.int64(11819), np.int64(37071), np.int64(10224), np.int64(23728), np.int64(15363), np.int64(27502), np.int64(36876), np.int64(46010), np.int64(7301), np.int64(23728), np.int64(20565), np.int64(49456), np.int64(23728), np.int64(35003), np.int64(27536), np.int64(34819), np.int64(43235), np.int64(7806), np.int64(44959), np.int64(3397), np.int64(18833), np.int64(21726), np.int64(44250), np.int64(20777), np.int64(41226))","(1, 1, 1, 1, 1, 1, 0, 1, 1, 1, 0, 1, 1, 0, 0, 1, 1, 0, 0, 1, 0, 1, 1, 1, 1, 1, 0, 1, 1, 1, 0, 1, 1, 1, 1, 1, 1, 1, 1, 0, 0, 0, 1, 0, 1, 1, 1, 0, 1, 1)"
10.563524,50,231.697089,7,"(np.int64(38493), np.int64(15782), np.int64(48428), np.int64(12670), np.int64(43491), np.int64(17200), np.int64(33732), np.int64(8575), np.int64(37012), np.int64(31113), np.int64(22942), np.int64(23728), np.int64(48653), np.int64(22468), np.int64(45587), np.int64(27332), np.int64(23728), np.int64(35881), np.int64(39862), np.int64(23728), np.int64(48836), np.int64(17384), np.int64(23728), np.int64(5745), np.int64(29117), np.int64(13898), np.int64(11460), np.int64(40568), np.int64(39534), np.int64(36564), np.int64(29324), np.int64(23728), np.int64(19358), np.int64(14276), np.int64(23728), np.int64(23728), np.int64(32153), np.int64(7838), np.int64(31701), np.int64(23728), np.int64(26501), np.int64(24516), np.int64(16308), np.int64(23728), np.int64(15178), np.int64(23728), np.int64(36899), np.int64(16849), np.int64(1470), np.int64(405))","(0, 1, 0, 1, 0, 1, 0, 1, 0, 0, 0, 1, 0, 0, 0, 1, 1, 0, 0, 1, 0, 0, 1, 1, 0, 1, 1, 0, 0, 0, 1, 1, 1, 1, 1, 1, 0, 0, 0, 1, 0, 0, 1, 1, 1, 1, 1, 1, 1, 1)"
2.287019,50,232.209923,0,"(np.int64(3704), np.int64(48957), np.int64(23728), np.int64(23728), np.int64(23728), np.int64(5334), np.int64(49675), np.int64(39578), np.int64(26348), np.int64(3901), np.int64(46672), np.int64(23728), np.int64(23728), np.int64(41640), np.int64(6600), np.int64(7029), np.int64(44233), np.int64(4157), np.int64(23728), np.int64(32084), np.int64(44208), np.int64(23728), np.int64(48421), np.int64(23728), np.int64(32153), np.int64(23728), np.int64(40702), np.int64(33034), np.int64(46352), np.int64(5348), np.int64(46801), np.int64(14381), np.int64(21710), np.int64(45123), np.int64(42416), np.int64(20928), np.int64(8626), np.int64(34504), np.int64(18681), np.int64(7229), np.int64(48499), np.int64(31757), np.int64(26054), np.int64(569), np.int64(12549), np.int64(7097), np.int64(23728), np.int64(18873), np.int64(29315), np.int64(1677))","(0, 0, 1, 1, 1, 0, 0, 0, 0, 0, 0, 1, 1, 0, 0, 0, 0, 0, 1, 0, 0, 1, 0, 1, 0, 1, 0, 0, 0, 0, 0, 0, 0, 0, 0, 0, 0, 0, 1, 0, 0, 0, 0, 0, 0, 1, 1, 0, 0, 0)"
16.667457,50,232.719325,4,"(np.int64(28075), np.int64(11491), np.int64(25121), np.int64(43878), np.int64(24098), np.int64(36761), np.int64(25247), np.int64(32234), np.int64(23728), np.int64(19046), np.int64(8916), np.int64(39430), np.int64(23728), np.int64(27435), np.int64(10510), np.int64(28247), np.int64(40858), np.int64(17805), np.int64(40515), np.int64(27365), np.int64(3101), np.int64(25545), np.int64(21573), np.int64(39089), np.int64(46729), np.int64(39917), np.int64(23728), np.int64(35778), np.int64(49030), np.int64(23728), np.int64(2655), np.int64(46417), np.int64(10598), np.int64(29283), np.int64(28624), np.int64(14825), np.int64(24778), np.int64(23526), np.int64(45881), np.int64(46387), np.int64(23728), np.int64(46434), np.int64(15712), np.int64(9432), np.int64(23728), np.int64(45822), np.int64(36991), np.int64(46659), np.int64(42645), np.int64(40341))","(1, 1, 0, 0, 1, 0, 1, 1, 1, 1, 1, 0, 1, 0, 0, 0, 1, 1, 0, 1, 1, 1, 1, 1, 0, 0, 1, 1, 0, 1, 1, 1, 1, 1, 1, 1, 1, 1, 0, 1, 1, 1, 0, 1, 1, 0, 0, 1, 0, 0)"
7.568073,50,233.237363,8,"(np.int64(1810), np.int64(48164), np.int64(49447), np.int64(29414), np.int64(38354), np.int64(37397), np.int64(23728), np.int64(48098), np.int64(24117), np.int64(14496), np.int64(12255), np.int64(411), np.int64(44282), np.int64(23728), np.int64(23728), np.int64(23728), np.int64(12469), np.int64(12490), np.int64(31767), np.int64(46127), np.int64(23728), np.int64(47478), np.int64(24214), np.int64(23728), np.int64(40262), np.int64(45407), np.int64(37633), np.int64(43376), np.int64(20550), np.int64(23728), np.int64(48219), np.int64(23728), np.int64(28895), np.int64(2839), np.int64(4192), np.int64(36194), np.int64(13899), np.int64(23728), np.int64(42232), np.int64(27098), np.int64(23728), np.int64(19520), np.int64(9875), np.int64(48766), np.int64(9756), np.int64(23728), np.int64(42327), np.int64(7178), np.int64(3598), np.int64(48927))","(1, 0, 0, 0, 0, 0, 1, 0, 0, 1, 0, 1, 0, 1, 1, 1, 1, 1, 0, 0, 1, 0, 0, 1, 0, 0, 0, 0, 0, 1, 0, 1, 1, 1, 1, 0, 1, 1, 0, 0, 1, 1, 0, 0, 1, 1, 0, 0, 1, 0)"
16.425059,50,233.760063,5,"(np.int64(38540), np.int64(6790), np.int64(23728), np.int64(7133), np.int64(5198), np.int64(23728), np.int64(37060), np.int64(26935), np.int64(25609), np.int64(23728), np.int64(34018), np.int64(13915), np.int64(42068), np.int64(31814), np.int64(23053), np.int64(7826), np.int64(41255), np.int64(29028), np.int64(24707), np.int64(39906), np.int64(23728), np.int64(5539), np.int64(31060), np.int64(28036), np.int64(23728), np.int64(5298), np.int64(66), np.int64(5310), np.int64(19505), np.int64(17729), np.int64(21357), np.int64(24783), np.int64(41928), np.int64(24863), np.int64(49426), np.int64(2251), np.int64(38760), np.int64(2993), np.int64(28995), np.int64(25489), np.int64(23728), np.int64(32153), np.int64(12604), np.int64(23728), np.int64(35293), np.int64(16533), np.int64(23728), np.int64(40651), np.int64(34109), np.int64(1368))","(1, 1, 1, 0, 1, 1, 1, 0, 1, 1, 0, 0, 0, 0, 0, 0, 0, 1, 1, 0, 1, 0, 0, 1, 1, 1, 0, 1, 1, 1, 1, 0, 1, 1, 0, 1, 0, 1, 1, 1, 1, 1, 1, 1, 0, 1, 1, 0, 1, 1)"
2.884932,50,234.27809,0,"(np.int64(5847), np.int64(23728), np.int64(12922), np.int64(21794), np.int64(29523), np.int64(934), np.int64(26203), np.int64(31724), np.int64(43132), np.int64(10781), np.int64(1933), np.int64(44807), np.int64(33063), np.int64(1762), np.int64(49365), np.int64(38256), np.int64(25723), np.int64(3859), np.int64(6274), np.int64(23728), np.int64(20896), np.int64(12737), np.int64(19995), np.int64(42756), np.int64(28983), np.int64(34223), np.int64(23728), np.int64(13305), np.int64(22269), np.int64(7401), np.int64(8584), np.int64(3325), np.int64(49148), np.int64(25340), np.int64(15566), np.int64(49169), np.int64(23728), np.int64(30094), np.int64(23728), np.int64(3345), np.int64(39232), np.int64(38183), np.int64(34516), np.int64(23728), np.int64(437), np.int64(47568), np.int64(22993), np.int64(41994), np.int64(14239), np.int64(13137))","(0, 1, 1, 0, 0, 0, 0, 0, 0, 0, 0, 0, 0, 0, 0, 0, 0, 0, 0, 1, 0, 0, 1, 0, 0, 0, 1, 0, 0, 0, 0, 0, 0, 0, 0, 0, 1, 0, 1, 0, 0, 0, 0, 1, 0, 0, 0, 0, 0, 1)"
18.024512,50,234.802274,5,"(np.int64(23728), np.int64(4951), np.int64(36009), np.int64(6718), np.int64(14316), np.int64(23728), np.int64(23728), np.int64(49996), np.int64(22068), np.int64(8628), np.int64(23728), np.int64(30610), np.int64(13724), np.int64(5376), np.int64(13853), np.int64(45330), np.int64(9564), np.int64(2815), np.int64(1613), np.int64(690), np.int64(23728), np.int64(48581), np.int64(43174), np.int64(48057), np.int64(5602), np.int64(36747), np.int64(48634), np.int64(23728), np.int64(13339), np.int64(23728), np.int64(41297), np.int64(23728), np.int64(36838), np.int64(277), np.int64(23728), np.int64(41822), np.int64(3307), np.int64(44483), np.int64(3928), np.int64(26751), np.int64(24435), np.int64(22563), np.int64(24387), np.int64(33577), np.int64(9072), np.int64(41694), np.int64(21179), np.int64(17621), np.int64(40213), np.int64(6536))","(1, 1, 1, 1, 1, 1, 1, 0, 1, 1, 1, 0, 0, 1, 1, 0, 1, 1, 1, 1, 1, 0, 1, 0, 1, 0, 1, 1, 1, 1, 0, 1, 1, 1, 1, 1, 0, 0, 1, 0, 1, 0, 1, 1, 1, 0, 1, 0, 1, 1)"
17.899136,50,235.309785,2,"(np.int64(30307), np.int64(17943), np.int64(23728), np.int64(46225), np.int64(9518), np.int64(14036), np.int64(45808), np.int64(3025), np.int64(40618), np.int64(23728), np.int64(46340), np.int64(4752), np.int64(16355), np.int64(15262), np.int64(16628), np.int64(23728), np.int64(25387), np.int64(13248), np.int64(40460), np.int64(3473), np.int64(27974), np.int64(19610), np.int64(26837), np.int64(37271), np.int64(23728), np.int64(7053), np.int64(25496), np.int64(35834), np.int64(23728), np.int64(23394), np.int64(26657), np.int64(26025), np.int64(36777), np.int64(32505), np.int64(14534), np.int64(2214), np.int64(17859), np.int64(23728), np.int64(40362), np.int64(10751), np.int64(23728), np.int64(44131), np.int64(13768), np.int64(49375), np.int64(40803), np.int64(23728), np.int64(32153), np.int64(41297), np.int64(32839), np.int64(2036))","(0, 0, 1, 1, 1, 0, 0, 1, 0, 1, 0, 1, 1, 1, 1, 1, 1, 1, 0, 1, 1, 1, 1, 0, 1, 1, 1, 1, 1, 1, 1, 1, 0, 1, 1, 1, 0, 1, 0, 1, 1, 0, 0, 0, 0, 1, 1, 0, 1, 1)"
12.437009,50,235.828922,7,"(np.int64(14105), np.int64(42110), np.int64(21984), np.int64(23728), np.int64(27216), np.int64(29867), np.int64(32680), np.int64(23181), np.int64(2392), np.int64(23728), np.int64(23728), np.int64(15888), np.int64(42983), np.int64(6289), np.int64(24615), np.int64(20075), np.int64(5001), np.int64(14066), np.int64(23728), np.int64(18281), np.int64(33942), np.int64(26497), np.int64(34203), np.int64(44262), np.int64(40315), np.int64(39153), np.int64(30941), np.int64(29988), np.int64(15534), np.int64(6841), np.int64(11351), np.int64(23728), np.int64(10828), np.int64(15507), np.int64(42951), np.int64(22261), np.int64(47258), np.int64(30218), np.int64(8676), np.int64(23728), np.int64(18531), np.int64(37154), np.int64(42971), np.int64(1538), np.int64(32754), np.int64(40512), np.int64(22274), np.int64(48047), np.int64(15773), np.int64(21298))","(1, 0, 1, 1, 1, 0, 0, 0, 0, 1, 1, 1, 0, 1, 1, 1, 1, 1, 1, 1, 1, 0, 0, 0, 0, 0, 0, 0, 1, 1, 1, 1, 1, 1, 0, 0, 0, 0, 1, 1, 0, 0, 0, 1, 0, 0, 0, 0, 1, 1)"
4.753676,50,236.343721,0,"(np.int64(14338), np.int64(35484), np.int64(34932), np.int64(41646), np.int64(9533), np.int64(23728), np.int64(11151), np.int64(39601), np.int64(17687), np.int64(34321), np.int64(48836), np.int64(23728), np.int64(46561), np.int64(14388), np.int64(22113), np.int64(4971), np.int64(30867), np.int64(31042), np.int64(23332), np.int64(23728), np.int64(30952), np.int64(5070), np.int64(12736), np.int64(23728), np.int64(18675), np.int64(39462), np.int64(44773), np.int64(4624), np.int64(10425), np.int64(23728), np.int64(17327), np.int64(15908), np.int64(8150), np.int64(13675), np.int64(13026), np.int64(8754), np.int64(41070), np.int64(41340), np.int64(23728), np.int64(36707), np.int64(29869), np.int64(23728), np.int64(16824), np.int64(6280), np.int64(4852), np.int64(23728), np.int64(11542), np.int64(37489), np.int64(19459), np.int64(28186))","(0, 0, 0, 0, 0, 1, 0, 0, 0, 0, 0, 1, 0, 0, 0, 0, 0, 0, 0, 1, 0, 0, 0, 1, 0, 0, 0, 1, 1, 1, 0, 0, 0, 0, 0, 1, 0, 0, 1, 0, 0, 1, 0, 0, 0, 1, 1, 0, 1, 0)"
9.780436,50,236.877223,8,"(np.int64(3603), np.int64(25762), np.int64(22821), np.int64(45856), np.int64(43738), np.int64(42139), np.int64(39694), np.int64(48393), np.int64(20007), np.int64(9070), np.int64(47679), np.int64(10986), np.int64(23728), np.int64(16141), np.int64(6608), np.int64(46923), np.int64(44588), np.int64(16751), np.int64(36571), np.int64(48633), np.int64(23728), np.int64(23728), np.int64(44691), np.int64(46129), np.int64(23728), np.int64(43684), np.int64(23728), np.int64(39930), np.int64(27634), np.int64(2373), np.int64(4416), np.int64(45559), np.int64(15243), np.int64(16309), np.int64(29245), np.int64(3380), np.int64(23728), np.int64(32153), np.int64(6846), np.int64(46759), np.int64(706), np.int64(23728), np.int64(4207), np.int64(32153), np.int64(25196), np.int64(47156), np.int64(15484), np.int64(15980), np.int64(38643), np.int64(39691))","(0, 0, 0, 0, 0, 0, 0, 0, 1, 1, 0, 0, 1, 1, 1, 0, 0, 1, 0, 0, 1, 1, 0, 0, 1, 0, 1, 0, 0, 0, 1, 0, 1, 1, 1, 1, 1, 0, 1, 0, 1, 1, 1, 0, 1, 0, 1, 1, 0, 0)"
19.766716,50,237.384212,5,"(np.int64(28991), np.int64(35278), np.int64(5475), np.int64(19434), np.int64(36213), np.int64(3894), np.int64(41388), np.int64(29099), np.int64(33921), np.int64(14852), np.int64(23728), np.int64(44988), np.int64(33510), np.int64(36532), np.int64(105), np.int64(31884), np.int64(23728), np.int64(49524), np.int64(10422), np.int64(27518), np.int64(43602), np.int64(19072), np.int64(36203), np.int64(37051), np.int64(22313), np.int64(23728), np.int64(18425), np.int64(31778), np.int64(14270), np.int64(25446), np.int64(7027), np.int64(17685), np.int64(40261), np.int64(43120), np.int64(23728), np.int64(32176), np.int64(602), np.int64(23728), np.int64(11862), np.int64(39021), np.int64(1921), np.int64(49409), np.int64(11237), np.int64(23728), np.int64(32153), np.int64(37576), np.int64(16181), np.int64(32841), np.int64(17899), np.int64(7272))","(0, 0, 1, 1, 1, 1, 1, 1, 0, 1, 1, 0, 1, 1, 1, 0, 1, 0, 1, 0, 0, 0, 1, 1, 0, 1, 0, 1, 1, 1, 1, 1, 0, 0, 1, 1, 1, 1, 1, 0, 1, 0, 1, 1, 1, 1, 1, 1, 1, 1)"
15.410882,50,237.906143,1,"(np.int64(25678), np.int64(18561), np.int64(26411), np.int64(9261), np.int64(23728), np.int64(25717), np.int64(23728), np.int64(23115), np.int64(22850), np.int64(23728), np.int64(32153), np.int64(3353), np.int64(20845), np.int64(18247), np.int64(17994), np.int64(46855), np.int64(42080), np.int64(32135), np.int64(16495), np.int64(23728), np.int64(41639), np.int64(32153), np.int64(48804), np.int64(32153), np.int64(33519), np.int64(38323), np.int64(12146), np.int64(32153), np.int64(32108), np.int64(13373), np.int64(39017), np.int64(32153), np.int64(13886), np.int64(28285), np.int64(29900), np.int64(21870), np.int64(37911), np.int64(32153), np.int64(6487), np.int64(2805), np.int64(32153), np.int64(32153), np.int64(12136), np.int64(35857), np.int64(1060), np.int64(49797), np.int64(34572), np.int64(32153), np.int64(20291), np.int64(17591))","(0, 1, 0, 1, 1, 1, 1, 0, 0, 1, 1, 1, 1, 1, 1, 0, 0, 0, 0, 1, 1, 1, 0, 1, 0, 0, 1, 1, 1, 1, 1, 1, 1, 0, 0, 1, 0, 1, 1, 1, 1, 1, 1, 1, 1, 0, 1, 1, 1, 1)"
6.060909,50,238.426075,0,"(np.int64(17757), np.int64(31293), np.int64(32153), np.int64(46456), np.int64(33261), np.int64(32153), np.int64(18436), np.int64(12472), np.int64(13726), np.int64(32153), np.int64(32153), np.int64(9986), np.int64(17805), np.int64(32153), np.int64(32153), np.int64(32153), np.int64(19713), np.int64(32153), np.int64(29586), np.int64(36831), np.int64(33447), np.int64(32153), np.int64(26808), np.int64(28474), np.int64(16099), np.int64(32153), np.int64(14016), np.int64(28618), np.int64(24312), np.int64(39414), np.int64(32153), np.int64(19266), np.int64(22239), np.int64(37506), np.int64(5367), np.int64(27613), np.int64(39034), np.int64(32153), np.int64(37408), np.int64(34358), np.int64(32153), np.int64(45189), np.int64(11226), np.int64(32153), np.int64(32153), np.int64(35348), np.int64(9343), np.int64(48815), np.int64(42517), np.int64(30005))","(1, 0, 0, 0, 0, 0, 0, 0, 0, 0, 0, 1, 1, 0, 0, 0, 1, 0, 0, 0, 0, 0, 0, 0, 1, 0, 0, 0, 1, 0, 0, 1, 0, 0, 0, 0, 0, 0, 1, 0, 0, 0, 0, 0, 0, 0, 0, 0, 0, 0)"
15.569574,50,238.949675,2,"(np.int64(13219), np.int64(9350), np.int64(25663), np.int64(40581), np.int64(10369), np.int64(46535), np.int64(40707), np.int64(28656), np.int64(16890), np.int64(32153), np.int64(47778), np.int64(36980), np.int64(36031), np.int64(15727), np.int64(4805), np.int64(17417), np.int64(20280), np.int64(9458), np.int64(19160), np.int64(32153), np.int64(32153), np.int64(35004), np.int64(2365), np.int64(20029), np.int64(2357), np.int64(32153), np.int64(30671), np.int64(17528), np.int64(1586), np.int64(12959), np.int64(33297), np.int64(47112), np.int64(32153), np.int64(4774), np.int64(32153), np.int64(19515), np.int64(32153), np.int64(36533), np.int64(46378), np.int64(33464), np.int64(45145), np.int64(18747), np.int64(36655), np.int64(32153), np.int64(44095), np.int64(36287), np.int64(2834), np.int64(23247), np.int64(32153), np.int64(47892))","(0, 1, 1, 0, 1, 1, 0, 0, 1, 1, 0, 1, 1, 1, 1, 0, 1, 1, 1, 1, 1, 0, 0, 1, 0, 1, 0, 0, 1, 1, 0, 0, 1, 1, 1, 1, 1, 1, 1, 0, 0, 1, 1, 1, 0, 1, 1, 0, 1, 1)"
10.508658,50,239.462511,8,"(np.int64(3379), np.int64(3442), np.int64(28258), np.int64(18799), np.int64(30862), np.int64(27256), np.int64(34193), np.int64(28604), np.int64(13866), np.int64(31219), np.int64(1971), np.int64(27039), np.int64(12725), np.int64(19433), np.int64(651), np.int64(18767), np.int64(18767), np.int64(37748), np.int64(47161), np.int64(3882), np.int64(45705), np.int64(33042), np.int64(30250), np.int64(32153), np.int64(14909), np.int64(4773), np.int64(1965), np.int64(19709), np.int64(522), np.int64(18767), np.int64(19515), np.int64(19515), np.int64(48143), np.int64(17721), np.int64(47850), np.int64(27041), np.int64(2673), np.int64(2345), np.int64(24061), np.int64(18767), np.int64(19515), np.int64(19515), np.int64(19515), np.int64(49678), np.int64(12910), np.int64(19515), np.int64(19515), np.int64(25601), np.int64(17236), np.int64(19515))","(1, 1, 0, 1, 0, 0, 0, 1, 1, 1, 1, 0, 1, 1, 1, 0, 0, 0, 0, 1, 0, 0, 0, 0, 0, 1, 1, 1, 0, 0, 1, 1, 0, 0, 0, 0, 1, 0, 1, 0, 1, 1, 1, 0, 1, 1, 1, 0, 0, 1)"
10.984979,50,239.986087,4,"(np.int64(49475), np.int64(23170), np.int64(19515), np.int64(20537), np.int64(38032), np.int64(13765), np.int64(46231), np.int64(11166), np.int64(23340), np.int64(19515), np.int64(41816), np.int64(33011), np.int64(19515), np.int64(19515), np.int64(19515), np.int64(31431), np.int64(19515), np.int64(47134), np.int64(1184), np.int64(17987), np.int64(34735), np.int64(46205), np.int64(19515), np.int64(19515), np.int64(19515), np.int64(37407), np.int64(44631), np.int64(110), np.int64(43774), np.int64(35773), np.int64(9355), np.int64(19515), np.int64(6589), np.int64(39299), np.int64(31228), np.int64(27116), np.int64(19515), np.int64(21157), np.int64(24304), np.int64(19515), np.int64(19515), np.int64(3556), np.int64(19515), np.int64(12704), np.int64(38146), np.int64(19515), np.int64(31767), np.int64(20572), np.int64(23380), np.int64(44563))","(1, 0, 1, 1, 1, 0, 0, 1, 0, 1, 0, 0, 1, 1, 1, 1, 1, 0, 1, 1, 0, 0, 1, 1, 1, 0, 0, 0, 0, 1, 1, 1, 1, 0, 1, 0, 1, 1, 1, 1, 1, 1, 1, 1, 0, 1, 1, 1, 0, 0)"
16.233481,50,240.491367,4,"(np.int64(30811), np.int64(2847), np.int64(2585), np.int64(11032), np.int64(25721), np.int64(18767), np.int64(20531), np.int64(7874), np.int64(9857), np.int64(7566), np.int64(18767), np.int64(44057), np.int64(3763), np.int64(18767), np.int64(48706), np.int64(44337), np.int64(3982), np.int64(43306), np.int64(48035), np.int64(22039), np.int64(13471), np.int64(46703), np.int64(15267), np.int64(21334), np.int64(14968), np.int64(12996), np.int64(18767), np.int64(3422), np.int64(28160), np.int64(33492), np.int64(19515), np.int64(14145), np.int64(18767), np.int64(5650), np.int64(19988), np.int64(19515), np.int64(33982), np.int64(42930), np.int64(5112), np.int64(18767), np.int64(19515), np.int64(33832), np.int64(49968), np.int64(31238), np.int64(19061), np.int64(17906), np.int64(29768), np.int64(4432), np.int64(19141), np.int64(2839))","(0, 1, 1, 1, 1, 0, 1, 1, 1, 1, 0, 0, 1, 0, 1, 0, 1, 0, 0, 1, 1, 1, 1, 1, 0, 0, 0, 1, 0, 0, 1, 1, 0, 1, 0, 1, 0, 0, 1, 0, 1, 0, 0, 1, 0, 1, 0, 1, 1, 1)"
3.694524,50,241.01549,0,"(np.int64(34730), np.int64(13917), np.int64(5112), np.int64(23768), np.int64(45760), np.int64(5112), np.int64(45720), np.int64(49601), np.int64(19587), np.int64(23670), np.int64(1570), np.int64(36022), np.int64(32463), np.int64(4870), np.int64(5112), np.int64(17906), np.int64(24694), np.int64(17906), np.int64(47311), np.int64(17906), np.int64(19071), np.int64(17906), np.int64(45855), np.int64(17906), np.int64(28328), np.int64(12609), np.int64(13808), np.int64(46521), np.int64(5112), np.int64(43755), np.int64(17906), np.int64(28510), np.int64(45855), np.int64(35209), np.int64(13121), np.int64(14620), np.int64(30706), np.int64(47880), np.int64(12138), np.int64(29027), np.int64(31643), np.int64(12770), np.int64(39565), np.int64(34924), np.int64(18586), np.int64(22465), np.int64(26804), np.int64(38276), np.int64(1934), np.int64(5112))","(0, 1, 1, 0, 0, 1, 0, 0, 0, 0, 0, 0, 0, 1, 1, 0, 1, 0, 0, 0, 0, 0, 0, 0, 0, 0, 0, 0, 1, 0, 0, 0, 0, 0, 0, 0, 0, 0, 0, 0, 0, 0, 0, 0, 0, 0, 0, 1, 0, 1)"
10.7125,50,241.529508,3,"(np.int64(37062), np.int64(5112), np.int64(18405), np.int64(5112), np.int64(17906), np.int64(37578), np.int64(24559), np.int64(17315), np.int64(43793), np.int64(29197), np.int64(27512), np.int64(35740), np.int64(15112), np.int64(22012), np.int64(41759), np.int64(45734), np.int64(38651), np.int64(5112), np.int64(17906), np.int64(17906), np.int64(18191), np.int64(29213), np.int64(5712), np.int64(30613), np.int64(48407), np.int64(5112), np.int64(32180), np.int64(18189), np.int64(5112), np.int64(27822), np.int64(37131), np.int64(42123), np.int64(5112), np.int64(46658), np.int64(35131), np.int64(3329), np.int64(19350), np.int64(17906), np.int64(27065), np.int64(17906), np.int64(12441), np.int64(39009), np.int64(17906), np.int64(24547), np.int64(17906), np.int64(28756), np.int64(21253), np.int64(41063), np.int64(17906), np.int64(29196))","(1, 1, 0, 1, 1, 1, 1, 0, 0, 1, 0, 0, 1, 1, 0, 0, 0, 1, 1, 1, 0, 1, 1, 0, 0, 1, 0, 0, 1, 0, 0, 0, 1, 1, 0, 1, 1, 1, 1, 1, 1, 1, 1, 1, 1, 0, 0, 1, 1, 1)"
3.872836,50,242.051667,0,"(np.int64(25415), np.int64(21689), np.int64(22271), np.int64(37087), np.int64(6114), np.int64(5112), np.int64(17906), np.int64(17906), np.int64(16067), np.int64(26298), np.int64(35524), np.int64(30897), np.int64(21490), np.int64(24022), np.int64(42704), np.int64(5112), np.int64(17906), np.int64(12823), np.int64(17906), np.int64(17906), np.int64(17906), np.int64(45836), np.int64(40309), np.int64(31457), np.int64(1369), np.int64(41618), np.int64(17906), np.int64(14118), np.int64(48772), np.int64(36636), np.int64(3636), np.int64(17906), np.int64(5274), np.int64(17906), np.int64(12366), np.int64(19921), np.int64(17906), np.int64(24211), np.int64(17685), np.int64(17906), np.int64(24985), np.int64(2001), np.int64(41789), np.int64(898), np.int64(366), np.int64(34836), np.int64(33782), np.int64(3420), np.int64(17906), np.int64(12566))","(0, 0, 0, 0, 0, 1, 0, 0, 0, 0, 0, 0, 1, 0, 0, 1, 0, 1, 0, 0, 0, 0, 0, 0, 1, 0, 0, 0, 0, 0, 0, 0, 0, 0, 0, 0, 0, 0, 0, 0, 0, 0, 0, 0, 0, 0, 0, 1, 0, 0)"
15.909735,50,242.562111,5,"(np.int64(41822), np.int64(5112), np.int64(1187), np.int64(45247), np.int64(25098), np.int64(36015), np.int64(11623), np.int64(49708), np.int64(14946), np.int64(17906), np.int64(23053), np.int64(49482), np.int64(4387), np.int64(13454), np.int64(32748), np.int64(17906), np.int64(16250), np.int64(29008), np.int64(17906), np.int64(14943), np.int64(10529), np.int64(21366), np.int64(27656), np.int64(15777), np.int64(21825), np.int64(17906), np.int64(17906), np.int64(33587), np.int64(28999), np.int64(35926), np.int64(17906), np.int64(36035), np.int64(17906), np.int64(29169), np.int64(6413), np.int64(17906), np.int64(2550), np.int64(18070), np.int64(41775), np.int64(23192), np.int64(14983), np.int64(17906), np.int64(17906), np.int64(28294), np.int64(31356), np.int64(37973), np.int64(19800), np.int64(10744), np.int64(39904), np.int64(36684))","(1, 1, 1, 0, 1, 1, 1, 0, 1, 1, 0, 0, 1, 1, 0, 1, 1, 1, 1, 0, 1, 1, 0, 1, 0, 1, 1, 0, 1, 1, 1, 0, 1, 0, 1, 1, 1, 1, 0, 0, 1, 1, 1, 0, 1, 0, 1, 1, 1, 0)"
5.35695,50,243.088093,0,"(np.int64(25791), np.int64(5112), np.int64(5112), np.int64(37854), np.int64(17906), np.int64(42366), np.int64(15677), np.int64(41436), np.int64(16233), np.int64(23863), np.int64(19705), np.int64(7974), np.int64(20557), np.int64(39138), np.int64(4313), np.int64(48607), np.int64(32604), np.int64(35627), np.int64(6084), np.int64(40408), np.int64(6760), np.int64(34289), np.int64(46957), np.int64(7155), np.int64(19861), np.int64(5112), np.int64(36412), np.int64(3373), np.int64(5112), np.int64(48164), np.int64(1357), np.int64(24157), np.int64(47424), np.int64(24089), np.int64(5112), np.int64(11920), np.int64(42150), np.int64(5112), np.int64(24318), np.int64(17906), np.int64(23750), np.int64(33464), np.int64(5112), np.int64(33650), np.int64(4870), np.int64(6534), np.int64(5112), np.int64(17906), np.int64(17906), np.int64(18033))","(0, 1, 1, 0, 0, 1, 1, 0, 0, 0, 0, 0, 1, 0, 0, 0, 0, 0, 0, 0, 0, 0, 0, 0, 0, 1, 0, 0, 1, 0, 1, 0, 0, 1, 1, 0, 0, 1, 0, 0, 0, 0, 1, 0, 1, 0, 1, 0, 0, 0)"
3.007871,50,243.607639,0,"(np.int64(5112), np.int64(12544), np.int64(4889), np.int64(14518), np.int64(45229), np.int64(34227), np.int64(5112), np.int64(5112), np.int64(25189), np.int64(5112), np.int64(14710), np.int64(22056), np.int64(5112), np.int64(42211), np.int64(5688), np.int64(29804), np.int64(5112), np.int64(4836), np.int64(36707), np.int64(5112), np.int64(17906), np.int64(17906), np.int64(5112), np.int64(19106), np.int64(33555), np.int64(39060), np.int64(5112), np.int64(31004), np.int64(9685), np.int64(5112), np.int64(45855), np.int64(9773), np.int64(5112), np.int64(8664), np.int64(43688), np.int64(5226), np.int64(18304), np.int64(23338), np.int64(10067), np.int64(17288), np.int64(46950), np.int64(46245), np.int64(8580), np.int64(5112), np.int64(27153), np.int64(19515), np.int64(24689), np.int64(5112), np.int64(32854), np.int64(18595))","(1, 0, 0, 0, 0, 0, 1, 1, 0, 1, 0, 0, 1, 0, 0, 0, 1, 0, 0, 1, 0, 0, 1, 1, 0, 0, 1, 1, 0, 1, 0, 0, 1, 0, 0, 0, 0, 0, 0, 0, 0, 0, 0, 1, 1, 0, 0, 1, 0, 0)"
13.180761,50,244.124418,7,"(np.int64(5112), np.int64(49718), np.int64(5112), np.int64(5112), np.int64(9663), np.int64(5112), np.int64(14175), np.int64(41097), np.int64(25085), np.int64(15394), np.int64(15583), np.int64(49204), np.int64(27443), np.int64(45958), np.int64(22779), np.int64(5112), np.int64(34166), np.int64(13556), np.int64(7823), np.int64(14729), np.int64(5112), np.int64(5937), np.int64(24671), np.int64(4811), np.int64(31389), np.int64(49482), np.int64(11966), np.int64(5112), np.int64(29010), np.int64(39735), np.int64(28487), np.int64(6463), np.int64(47779), np.int64(46794), np.int64(23411), np.int64(5112), np.int64(45855), np.int64(45855), np.int64(22534), np.int64(8468), np.int64(28355), np.int64(44351), np.int64(46227), np.int64(25649), np.int64(39563), np.int64(10295), np.int64(28449), np.int64(5703), np.int64(5112), np.int64(22232))","(1, 0, 1, 1, 1, 1, 1, 0, 1, 1, 1, 1, 0, 0, 0, 1, 0, 1, 0, 1, 1, 1, 1, 1, 1, 0, 1, 1, 1, 0, 1, 1, 0, 0, 1, 1, 0, 0, 0, 1, 0, 0, 0, 1, 0, 1, 0, 1, 1, 0)"
15.637777,50,244.634484,6,"(np.int64(15413), np.int64(5112), np.int64(19511), np.int64(14866), np.int64(5112), np.int64(6841), np.int64(34463), np.int64(1573), np.int64(6841), np.int64(41991), np.int64(39660), np.int64(16742), np.int64(12226), np.int64(23106), np.int64(17033), np.int64(38157), np.int64(4565), np.int64(6841), np.int64(40183), np.int64(6841), np.int64(19942), np.int64(7919), np.int64(20389), np.int64(46364), np.int64(6841), np.int64(45855), np.int64(32568), np.int64(14292), np.int64(14484), np.int64(21731), np.int64(49250), np.int64(24754), np.int64(6841), np.int64(6927), np.int64(4840), np.int64(43182), np.int64(45945), np.int64(4196), np.int64(5403), np.int64(31842), np.int64(3410), np.int64(6841), np.int64(36529), np.int64(48573), np.int64(23011), np.int64(6159), np.int64(6841), np.int64(10731), np.int64(32705), np.int64(6841))","(1, 1, 1, 1, 1, 1, 0, 1, 1, 0, 0, 1, 1, 0, 1, 0, 1, 1, 0, 1, 1, 1, 1, 0, 1, 0, 0, 1, 1, 1, 1, 1, 1, 1, 1, 0, 0, 1, 1, 0, 1, 1, 0, 0, 0, 1, 1, 1, 1, 1)"
14.184991,50,245.151146,7,"(np.int64(22646), np.int64(36864), np.int64(6841), np.int64(34838), np.int64(26916), np.int64(1075), np.int64(6841), np.int64(6841), np.int64(17802), np.int64(13476), np.int64(6841), np.int64(6841), np.int64(45855), np.int64(15743), np.int64(6841), np.int64(16132), np.int64(5189), np.int64(31619), np.int64(46014), np.int64(11008), np.int64(25323), np.int64(6841), np.int64(49322), np.int64(10488), np.int64(42745), np.int64(37854), np.int64(10351), np.int64(20558), np.int64(41880), np.int64(35327), np.int64(15647), np.int64(18438), np.int64(6841), np.int64(39206), np.int64(19512), np.int64(9163), np.int64(6841), np.int64(16427), np.int64(10965), np.int64(39299), np.int64(21226), np.int64(14537), np.int64(10707), np.int64(18215), np.int64(46780), np.int64(6841), np.int64(45855), np.int64(2675), np.int64(1736), np.int64(10050))","(0, 0, 1, 0, 1, 1, 1, 1, 1, 1, 1, 1, 0, 1, 1, 1, 1, 0, 0, 1, 0, 1, 0, 1, 0, 1, 1, 1, 0, 0, 1, 1, 1, 0, 1, 1, 1, 1, 1, 0, 1, 1, 1, 0, 0, 1, 0, 0, 1, 1)"
13.61999,50,245.663843,6,"(np.int64(21361), np.int64(6841), np.int64(43379), np.int64(20078), np.int64(28379), np.int64(6841), np.int64(8801), np.int64(12149), np.int64(6841), np.int64(21151), np.int64(21151), np.int64(9497), np.int64(22235), np.int64(3576), np.int64(10319), np.int64(32416), np.int64(44113), np.int64(27539), np.int64(6746), np.int64(21151), np.int64(16265), np.int64(38797), np.int64(43809), np.int64(19958), np.int64(33503), np.int64(23331), np.int64(39649), np.int64(38367), np.int64(42331), np.int64(6431), np.int64(4207), np.int64(28757), np.int64(5132), np.int64(46842), np.int64(38543), np.int64(40083), np.int64(30149), np.int64(35938), np.int64(12433), np.int64(9847), np.int64(21151), np.int64(6793), np.int64(21151), np.int64(21151), np.int64(21847), np.int64(21151), np.int64(46372), np.int64(21151), np.int64(46372), np.int64(13017))","(1, 1, 0, 1, 0, 1, 0, 0, 1, 1, 1, 1, 0, 1, 1, 1, 0, 0, 1, 1, 1, 0, 0, 0, 1, 1, 1, 1, 0, 1, 1, 1, 1, 0, 1, 0, 0, 0, 1, 0, 1, 1, 1, 1, 1, 1, 0, 1, 0, 1)"
12.898246,50,246.188451,1,"(np.int64(43426), np.int64(21847), np.int64(42749), np.int64(3065), np.int64(17996), np.int64(7125), np.int64(21954), np.int64(21151), np.int64(9576), np.int64(45788), np.int64(26159), np.int64(9128), np.int64(35349), np.int64(16019), np.int64(17265), np.int64(35024), np.int64(21151), np.int64(49445), np.int64(21151), np.int64(180), np.int64(14345), np.int64(21151), np.int64(21151), np.int64(21847), np.int64(38217), np.int64(21151), np.int64(21126), np.int64(35143), np.int64(14764), np.int64(19355), np.int64(21151), np.int64(28458), np.int64(21151), np.int64(9445), np.int64(6764), np.int64(21151), np.int64(45542), np.int64(21847), np.int64(38897), np.int64(21151), np.int64(47109), np.int64(11341), np.int64(39131), np.int64(11549), np.int64(21151), np.int64(354), np.int64(38507), np.int64(12812), np.int64(21151), np.int64(45855))","(0, 1, 0, 0, 0, 0, 1, 1, 1, 1, 1, 1, 0, 1, 0, 0, 1, 0, 1, 1, 0, 1, 1, 1, 0, 1, 0, 0, 1, 1, 1, 1, 1, 1, 1, 1, 0, 1, 1, 1, 0, 0, 0, 1, 1, 1, 1, 1, 1, 1)"
17.982532,50,246.702686,1,"(np.int64(22192), np.int64(24691), np.int64(21151), np.int64(15089), np.int64(40063), np.int64(27155), np.int64(33110), np.int64(31720), np.int64(21151), np.int64(21151), np.int64(35683), np.int64(2791), np.int64(6743), np.int64(18023), np.int64(34043), np.int64(35150), np.int64(21151), np.int64(31410), np.int64(24522), np.int64(27596), np.int64(19956), np.int64(17856), np.int64(21151), np.int64(23940), np.int64(32705), np.int64(21151), np.int64(678), np.int64(38658), np.int64(31030), np.int64(10708), np.int64(6128), np.int64(20267), np.int64(37131), np.int64(12025), np.int64(20130), np.int64(33486), np.int64(44016), np.int64(21151), np.int64(21847), np.int64(38195), np.int64(21151), np.int64(2309), np.int64(6674), np.int64(45318), np.int64(15523), np.int64(45599), np.int64(40706), np.int64(3095), np.int64(35574), np.int64(2082))","(1, 1, 1, 0, 0, 1, 0, 1, 1, 1, 1, 1, 1, 1, 0, 0, 1, 1, 1, 1, 1, 0, 1, 0, 1, 1, 1, 0, 0, 1, 1, 1, 0, 1, 1, 1, 0, 1, 1, 0, 1, 1, 1, 0, 0, 0, 0, 1, 1, 1)"
15.641724,50,247.230339,1,"(np.int64(13429), np.int64(33938), np.int64(3095), np.int64(33293), np.int64(13237), np.int64(1657), np.int64(3095), np.int64(33060), np.int64(41075), np.int64(3095), np.int64(21847), np.int64(3095), np.int64(45316), np.int64(44614), np.int64(23508), np.int64(21194), np.int64(3095), np.int64(5940), np.int64(3095), np.int64(21847), np.int64(39784), np.int64(47891), np.int64(3095), np.int64(41728), np.int64(21847), np.int64(18680), np.int64(16331), np.int64(3095), np.int64(18064), np.int64(34502), np.int64(7261), np.int64(3095), np.int64(1463), np.int64(21847), np.int64(20077), np.int64(13639), np.int64(35866), np.int64(41731), np.int64(3095), np.int64(19277), np.int64(33056), np.int64(23045), np.int64(21847), np.int64(1588), np.int64(30998), np.int64(3095), np.int64(21847), np.int64(20072), np.int64(33631), np.int64(21847))","(1, 1, 1, 1, 0, 1, 1, 1, 0, 1, 1, 1, 1, 0, 1, 1, 1, 1, 1, 1, 0, 1, 1, 1, 1, 1, 1, 1, 1, 0, 1, 1, 1, 1, 1, 1, 0, 0, 1, 1, 0, 0, 1, 1, 1, 1, 1, 1, 0, 1)"
11.798368,50,247.747581,5,"(np.int64(3095), np.int64(3095), np.int64(3095), np.int64(1394), np.int64(3095), np.int64(20880), np.int64(2366), np.int64(3095), np.int64(16423), np.int64(21847), np.int64(37535), np.int64(26548), np.int64(44777), np.int64(49405), np.int64(38757), np.int64(3095), np.int64(11994), np.int64(48710), np.int64(21847), np.int64(21847), np.int64(21847), np.int64(21847), np.int64(39605), np.int64(194), np.int64(38289), np.int64(40659), np.int64(19367), np.int64(3095), np.int64(36210), np.int64(23816), np.int64(586), np.int64(26126), np.int64(33533), np.int64(3586), np.int64(9968), np.int64(44251), np.int64(46022), np.int64(39728), np.int64(39484), np.int64(35325), np.int64(3095), np.int64(21847), np.int64(40086), np.int64(21847), np.int64(15683), np.int64(18752), np.int64(21847), np.int64(21847), np.int64(22870), np.int64(21847))","(1, 1, 1, 1, 1, 1, 1, 1, 0, 1, 0, 1, 0, 0, 1, 1, 1, 0, 1, 1, 1, 1, 0, 1, 0, 0, 1, 1, 0, 1, 1, 1, 0, 1, 1, 0, 0, 1, 0, 0, 1, 1, 1, 1, 1, 0, 1, 1, 0, 1)"
2.345937,50,248.2768,0,"(np.int64(15606), np.int64(24798), np.int64(42438), np.int64(32238), np.int64(3095), np.int64(21441), np.int64(41109), np.int64(8028), np.int64(42374), np.int64(23678), np.int64(3095), np.int64(21847), np.int64(30526), np.int64(32060), np.int64(42095), np.int64(5731), np.int64(3095), np.int64(35005), np.int64(21847), np.int64(33276), np.int64(43127), np.int64(3095), np.int64(21847), np.int64(21847), np.int64(47694), np.int64(16129), np.int64(12962), np.int64(17584), np.int64(44860), np.int64(30789), np.int64(38821), np.int64(24073), np.int64(27135), np.int64(3095), np.int64(249), np.int64(3095), np.int64(6891), np.int64(249), np.int64(21342), np.int64(3095), np.int64(48447), np.int64(8169), np.int64(3095), np.int64(4295), np.int64(249), np.int64(6258), np.int64(17743), np.int64(13546), np.int64(17132), np.int64(32243))","(0, 0, 0, 0, 0, 0, 0, 1, 0, 0, 0, 0, 0, 0, 0, 0, 0, 0, 0, 0, 0, 0, 0, 0, 0, 0, 0, 0, 0, 0, 0, 0, 0, 0, 0, 0, 0, 0, 1, 0, 0, 0, 0, 0, 0, 0, 0, 1, 0, 0)"
14.5194,50,248.78558,1,"(np.int64(13726), np.int64(41440), np.int64(27339), np.int64(17132), np.int64(13284), np.int64(37141), np.int64(17132), np.int64(25520), np.int64(30175), np.int64(17132), np.int64(29130), np.int64(17132), np.int64(20382), np.int64(14759), np.int64(9873), np.int64(18010), np.int64(26380), np.int64(17132), np.int64(30513), np.int64(28901), np.int64(48623), np.int64(6427), np.int64(7178), np.int64(13899), np.int64(39143), np.int64(17132), np.int64(13838), np.int64(11002), np.int64(29499), np.int64(26876), np.int64(36150), np.int64(37022), np.int64(37022), np.int64(6051), np.int64(2698), np.int64(18697), np.int64(37022), np.int64(39843), np.int64(28847), np.int64(12422), np.int64(24868), np.int64(20733), np.int64(8020), np.int64(14955), np.int64(46980), np.int64(10349), np.int64(44264), np.int64(45848), np.int64(37022), np.int64(46043))","(0, 1, 0, 1, 1, 1, 1, 0, 0, 1, 1, 1, 0, 1, 1, 1, 1, 1, 0, 1, 0, 1, 0, 1, 1, 1, 1, 1, 0, 0, 0, 1, 1, 1, 1, 0, 1, 0, 0, 1, 1, 1, 1, 0, 0, 1, 0, 0, 1, 0)"
15.208161,50,249.302548,5,"(np.int64(31961), np.int64(37022), np.int64(37022), np.int64(28272), np.int64(37022), np.int64(6981), np.int64(39895), np.int64(37022), np.int64(9453), np.int64(37955), np.int64(42052), np.int64(42782), np.int64(37022), np.int64(28847), np.int64(35459), np.int64(10065), np.int64(3011), np.int64(11002), np.int64(11002), np.int64(6671), np.int64(24184), np.int64(32454), np.int64(46086), np.int64(37022), np.int64(28847), np.int64(14813), np.int64(22711), np.int64(36314), np.int64(37022), np.int64(482), np.int64(6675), np.int64(11002), np.int64(11259), np.int64(24302), np.int64(11002), np.int64(11002), np.int64(40865), np.int64(11002), np.int64(6709), np.int64(22073), np.int64(17628), np.int64(45694), np.int64(16709), np.int64(8913), np.int64(25726), np.int64(7786), np.int64(48755), np.int64(8732), np.int64(37011), np.int64(9099))","(0, 1, 1, 0, 1, 1, 0, 1, 1, 0, 0, 0, 1, 0, 1, 1, 1, 1, 1, 1, 1, 1, 0, 1, 0, 0, 0, 0, 1, 1, 1, 1, 0, 1, 1, 1, 1, 1, 1, 1, 1, 0, 1, 1, 0, 1, 1, 1, 0, 1)"
9.556118,50,249.813379,8,"(np.int64(38707), np.int64(8636), np.int64(37022), np.int64(47413), np.int64(46654), np.int64(37843), np.int64(37022), np.int64(14367), np.int64(47765), np.int64(37022), np.int64(24813), np.int64(28847), np.int64(48706), np.int64(37022), np.int64(10055), np.int64(30060), np.int64(1014), np.int64(5945), np.int64(11002), np.int64(9783), np.int64(31814), np.int64(48398), np.int64(1302), np.int64(27751), np.int64(30101), np.int64(12062), np.int64(29613), np.int64(5067), np.int64(44315), np.int64(28847), np.int64(16121), np.int64(14953), np.int64(966), np.int64(11002), np.int64(16141), np.int64(49827), np.int64(11002), np.int64(11002), np.int64(11002), np.int64(11002), np.int64(11002), np.int64(17856), np.int64(19017), np.int64(20293), np.int64(43490), np.int64(9567), np.int64(11002), np.int64(5772), np.int64(11002), np.int64(28187))","(0, 1, 0, 0, 0, 0, 0, 1, 0, 0, 0, 0, 0, 0, 1, 0, 1, 1, 1, 1, 0, 0, 1, 0, 0, 0, 0, 1, 0, 0, 1, 0, 1, 1, 1, 0, 1, 1, 1, 1, 1, 0, 1, 1, 0, 1, 1, 1, 1, 0)"
11.832379,50,250.332088,8,"(np.int64(44958), np.int64(38084), np.int64(43695), np.int64(20002), np.int64(23828), np.int64(48466), np.int64(47239), np.int64(28847), np.int64(21277), np.int64(6910), np.int64(18979), np.int64(41024), np.int64(3460), np.int64(21478), np.int64(33683), np.int64(28847), np.int64(15143), np.int64(46625), np.int64(11945), np.int64(28847), np.int64(4302), np.int64(4937), np.int64(28847), np.int64(26115), np.int64(28847), np.int64(28847), np.int64(48823), np.int64(49511), np.int64(38501), np.int64(28847), np.int64(14697), np.int64(37331), np.int64(28847), np.int64(16131), np.int64(4031), np.int64(31793), np.int64(31793), np.int64(3679), np.int64(16814), np.int64(23167), np.int64(40288), np.int64(20994), np.int64(5099), np.int64(28816), np.int64(3773), np.int64(2775), np.int64(5099), np.int64(31793), np.int64(26450), np.int64(5542))","(0, 0, 0, 1, 0, 0, 0, 0, 0, 1, 1, 0, 1, 0, 0, 0, 1, 0, 1, 0, 1, 1, 0, 1, 0, 0, 0, 0, 0, 0, 1, 0, 0, 1, 1, 0, 0, 1, 1, 0, 0, 1, 1, 1, 1, 1, 1, 0, 0, 1)"
16.706981,50,250.846578,2,"(np.int64(5630), np.int64(5099), np.int64(34479), np.int64(3429), np.int64(37729), np.int64(41326), np.int64(12222), np.int64(43883), np.int64(49154), np.int64(5099), np.int64(968), np.int64(33702), np.int64(34407), np.int64(47657), np.int64(5099), np.int64(16035), np.int64(26404), np.int64(5099), np.int64(29461), np.int64(12370), np.int64(49288), np.int64(31793), np.int64(1730), np.int64(31793), np.int64(48793), np.int64(31793), np.int64(31793), np.int64(25891), np.int64(31793), np.int64(23051), np.int64(29503), np.int64(27181), np.int64(31793), np.int64(18529), np.int64(4234), np.int64(4874), np.int64(19972), np.int64(26795), np.int64(26796), np.int64(37001), np.int64(31793), np.int64(25821), np.int64(26782), np.int64(38770), np.int64(18378), np.int64(17758), np.int64(17758), np.int64(11576), np.int64(21672), np.int64(28663))","(1, 1, 0, 0, 1, 1, 1, 0, 1, 1, 1, 1, 0, 1, 1, 1, 1, 1, 0, 1, 0, 1, 1, 1, 1, 1, 1, 0, 1, 0, 0, 1, 1, 1, 1, 1, 1, 1, 1, 0, 1, 0, 1, 0, 1, 0, 0, 1, 1, 1)"
12.291662,50,251.371787,4,"(np.int64(37531), np.int64(29595), np.int64(36040), np.int64(17758), np.int64(39866), np.int64(11232), np.int64(16047), np.int64(38399), np.int64(7812), np.int64(874), np.int64(39934), np.int64(4177), np.int64(41771), np.int64(36412), np.int64(18838), np.int64(31578), np.int64(17758), np.int64(35070), np.int64(17758), np.int64(24980), np.int64(991), np.int64(29881), np.int64(17758), np.int64(14136), np.int64(20093), np.int64(17758), np.int64(33434), np.int64(47740), np.int64(14136), np.int64(21452), np.int64(12678), np.int64(41426), np.int64(35260), np.int64(14136), np.int64(8007), np.int64(14136), np.int64(44166), np.int64(35185), np.int64(32497), np.int64(34619), np.int64(14136), np.int64(13061), np.int64(14136), np.int64(14136), np.int64(49077), np.int64(14136), np.int64(38925), np.int64(14136), np.int64(20433), np.int64(19806))","(0, 1, 1, 0, 1, 1, 0, 0, 1, 1, 0, 1, 1, 0, 1, 1, 0, 1, 0, 1, 1, 0, 0, 1, 1, 0, 0, 0, 1, 1, 1, 0, 0, 1, 0, 1, 0, 1, 0, 0, 1, 1, 1, 1, 0, 1, 0, 1, 1, 1)"
1.660101,50,251.885364,0,"(np.int64(21661), np.int64(12265), np.int64(14136), np.int64(22528), np.int64(14136), np.int64(44522), np.int64(27904), np.int64(14136), np.int64(14136), np.int64(5449), np.int64(38289), np.int64(21762), np.int64(42852), np.int64(14136), np.int64(30957), np.int64(7378), np.int64(17149), np.int64(44699), np.int64(14136), np.int64(17613), np.int64(39495), np.int64(9720), np.int64(35796), np.int64(32755), np.int64(11065), np.int64(13102), np.int64(33088), np.int64(32089), np.int64(34267), np.int64(14136), np.int64(23251), np.int64(14136), np.int64(31986), np.int64(20349), np.int64(11552), np.int64(26026), np.int64(34701), np.int64(14136), np.int64(25495), np.int64(18108), np.int64(28585), np.int64(33946), np.int64(14136), np.int64(25932), np.int64(38365), np.int64(37220), np.int64(14136), np.int64(14136), np.int64(9675), np.int64(14136))","(0, 0, 0, 0, 0, 0, 0, 0, 0, 0, 0, 0, 0, 0, 0, 0, 0, 0, 0, 0, 0, 1, 0, 0, 1, 0, 0, 0, 0, 0, 0, 0, 0, 0, 0, 0, 0, 0, 0, 0, 0, 0, 0, 0, 0, 0, 0, 0, 0, 0)"
10.680268,50,252.412937,4,"(np.int64(48648), np.int64(7497), np.int64(48948), np.int64(1336), np.int64(30029), np.int64(2053), np.int64(8068), np.int64(41270), np.int64(2812), np.int64(14701), np.int64(32793), np.int64(5212), np.int64(23884), np.int64(38609), np.int64(14136), np.int64(19859), np.int64(24898), np.int64(14136), np.int64(13207), np.int64(14136), np.int64(14136), np.int64(48365), np.int64(37224), np.int64(45197), np.int64(14136), np.int64(14136), np.int64(14136), np.int64(14136), np.int64(10055), np.int64(14136), np.int64(14136), np.int64(38210), np.int64(49100), np.int64(14136), np.int64(4713), np.int64(14136), np.int64(22507), np.int64(4316), np.int64(22840), np.int64(14136), np.int64(28173), np.int64(26638), np.int64(36715), np.int64(14136), np.int64(14136), np.int64(14136), np.int64(30052), np.int64(49938), np.int64(22611), np.int64(16396))","(1, 0, 0, 0, 0, 1, 1, 0, 1, 0, 1, 1, 1, 1, 1, 0, 0, 1, 1, 1, 1, 1, 1, 1, 1, 1, 1, 1, 1, 1, 1, 0, 1, 1, 1, 1, 0, 1, 0, 1, 1, 0, 0, 1, 1, 1, 0, 0, 0, 0)"
20.597704,50,252.972813,2,"(np.int64(4177), np.int64(38089), np.int64(4177), np.int64(37074), np.int64(7241), np.int64(14136), np.int64(14136), np.int64(37626), np.int64(43390), np.int64(6477), np.int64(12594), np.int64(17219), np.int64(49634), np.int64(5257), np.int64(14136), np.int64(5102), np.int64(25878), np.int64(39662), np.int64(4177), np.int64(46323), np.int64(18257), np.int64(26255), np.int64(26255), np.int64(26255), np.int64(24553), np.int64(22973), np.int64(26255), np.int64(26255), np.int64(17745), np.int64(36512), np.int64(48526), np.int64(16622), np.int64(36017), np.int64(39428), np.int64(883), np.int64(38156), np.int64(3951), np.int64(7145), np.int64(26255), np.int64(43272), np.int64(43656), np.int64(9380), np.int64(15016), np.int64(39270), np.int64(33367), np.int64(16285), np.int64(28850), np.int64(24036), np.int64(30759), np.int64(26255))","(1, 1, 1, 1, 1, 1, 1, 1, 0, 1, 1, 1, 1, 1, 1, 1, 0, 1, 1, 1, 1, 1, 1, 1, 1, 0, 1, 1, 1, 1, 1, 1, 1, 0, 1, 0, 1, 1, 1, 0, 0, 1, 1, 1, 1, 1, 1, 1, 0, 1)"
14.752019,50,253.550618,2,"(np.int64(44577), np.int64(29157), np.int64(26255), np.int64(8145), np.int64(43009), np.int64(15704), np.int64(29636), np.int64(44212), np.int64(48063), np.int64(2307), np.int64(26255), np.int64(24684), np.int64(15388), np.int64(20969), np.int64(11750), np.int64(18133), np.int64(47083), np.int64(26255), np.int64(26255), np.int64(12377), np.int64(22303), np.int64(37083), np.int64(9011), np.int64(46587), np.int64(16413), np.int64(26255), np.int64(32483), np.int64(26255), np.int64(22250), np.int64(33674), np.int64(26255), np.int64(4933), np.int64(38140), np.int64(37318), np.int64(36104), np.int64(26255), np.int64(15996), np.int64(4363), np.int64(26255), np.int64(19534), np.int64(26255), np.int64(26255), np.int64(7165), np.int64(26255), np.int64(26255), np.int64(8188), np.int64(26255), np.int64(39756), np.int64(26255), np.int64(40455))","(0, 1, 1, 1, 0, 0, 0, 0, 1, 1, 1, 1, 1, 1, 1, 1, 1, 1, 1, 1, 0, 1, 1, 1, 0, 1, 0, 1, 0, 0, 1, 1, 0, 1, 1, 1, 1, 1, 1, 1, 1, 1, 1, 1, 1, 1, 1, 0, 1, 0)"
13.372319,50,254.271936,7,"(np.int64(17944), np.int64(18552), np.int64(1070), np.int64(44011), np.int64(18034), np.int64(26255), np.int64(44526), np.int64(26255), np.int64(3642), np.int64(15068), np.int64(26255), np.int64(26255), np.int64(26255), np.int64(26255), np.int64(26255), np.int64(26255), np.int64(47136), np.int64(26255), np.int64(18617), np.int64(42275), np.int64(13429), np.int64(5744), np.int64(42049), np.int64(29157), np.int64(42003), np.int64(29157), np.int64(4326), np.int64(43182), np.int64(29157), np.int64(48896), np.int64(13137), np.int64(3118), np.int64(26645), np.int64(20746), np.int64(16019), np.int64(16019), np.int64(5153), np.int64(6481), np.int64(23781), np.int64(18250), np.int64(16019), np.int64(16019), np.int64(38477), np.int64(16019), np.int64(38477), np.int64(12854), np.int64(9514), np.int64(39786), np.int64(5885), np.int64(3379))","(1, 0, 1, 0, 1, 1, 0, 1, 1, 1, 1, 1, 1, 1, 1, 1, 0, 1, 1, 0, 1, 1, 0, 1, 0, 1, 1, 0, 1, 0, 1, 1, 0, 1, 1, 1, 1, 1, 0, 1, 1, 1, 0, 1, 0, 1, 1, 0, 1, 1)"
3.79399,50,254.808452,0,"(np.int64(26500), np.int64(13685), np.int64(29157), np.int64(6336), np.int64(16724), np.int64(28835), np.int64(29157), np.int64(16019), np.int64(29157), np.int64(38477), np.int64(14227), np.int64(20834), np.int64(5013), np.int64(26903), np.int64(24064), np.int64(11392), np.int64(12252), np.int64(47427), np.int64(27829), np.int64(29157), np.int64(25228), np.int64(20834), np.int64(773), np.int64(32523), np.int64(26905), np.int64(27653), np.int64(40740), np.int64(48949), np.int64(46361), np.int64(29157), np.int64(14809), np.int64(12104), np.int64(46500), np.int64(16717), np.int64(16717), np.int64(30778), np.int64(16717), np.int64(38477), np.int64(13744), np.int64(34511), np.int64(9243), np.int64(20208), np.int64(15072), np.int64(20488), np.int64(16717), np.int64(38477), np.int64(45936), np.int64(12994), np.int64(18725), np.int64(20992))","(0, 0, 0, 0, 1, 0, 0, 0, 0, 0, 0, 0, 0, 0, 0, 1, 0, 0, 0, 0, 0, 0, 1, 0, 0, 0, 0, 0, 0, 0, 0, 1, 0, 0, 0, 0, 0, 0, 0, 0, 0, 0, 0, 0, 0, 0, 0, 1, 0, 0)"
3.152525,50,255.471115,0,"(np.int64(4004), np.int64(19591), np.int64(16717), np.int64(30973), np.int64(39015), np.int64(2413), np.int64(37628), np.int64(14306), np.int64(33465), np.int64(1806), np.int64(16717), np.int64(16717), np.int64(25737), np.int64(9263), np.int64(16717), np.int64(38477), np.int64(40804), np.int64(26014), np.int64(31305), np.int64(38344), np.int64(35762), np.int64(7347), np.int64(21315), np.int64(16717), np.int64(38477), np.int64(22157), np.int64(38477), np.int64(22204), np.int64(4853), np.int64(49945), np.int64(6360), np.int64(16717), np.int64(13474), np.int64(23922), np.int64(16717), np.int64(24826), np.int64(38477), np.int64(14566), np.int64(21906), np.int64(16717), np.int64(38477), np.int64(38477), np.int64(38477), np.int64(14047), np.int64(22737), np.int64(21211), np.int64(38477), np.int64(38477), np.int64(38477), np.int64(34945))","(1, 0, 0, 0, 0, 0, 1, 1, 1, 0, 0, 0, 0, 0, 0, 0, 0, 0, 0, 0, 0, 0, 0, 0, 0, 0, 0, 0, 0, 0, 0, 0, 0, 0, 0, 0, 0, 0, 0, 0, 0, 0, 0, 0, 0, 0, 0, 0, 0, 0)"
1.638355,50,256.10572,0,"(np.int64(29157), np.int64(1708), np.int64(43994), np.int64(16139), np.int64(18971), np.int64(37393), np.int64(6295), np.int64(33714), np.int64(37365), np.int64(16139), np.int64(46244), np.int64(16139), np.int64(14718), np.int64(38686), np.int64(16963), np.int64(16139), np.int64(7689), np.int64(7689), np.int64(7689), np.int64(7689), np.int64(38607), np.int64(41548), np.int64(19364), np.int64(42418), np.int64(7689), np.int64(17963), np.int64(38936), np.int64(29227), np.int64(33814), np.int64(9256), np.int64(7689), np.int64(17963), np.int64(25966), np.int64(8063), np.int64(7689), np.int64(27784), np.int64(40596), np.int64(7689), np.int64(17963), np.int64(19021), np.int64(7689), np.int64(20658), np.int64(44268), np.int64(12372), np.int64(11259), np.int64(7689), np.int64(32055), np.int64(17963), np.int64(6412), np.int64(8855))","(0, 0, 0, 0, 0, 0, 0, 0, 0, 0, 0, 0, 1, 0, 0, 0, 0, 0, 0, 0, 0, 0, 0, 0, 0, 1, 0, 0, 0, 0, 0, 1, 0, 0, 0, 0, 0, 0, 1, 0, 0, 0, 0, 0, 0, 0, 0, 1, 0, 0)"
16.246407,50,256.642717,4,"(np.int64(5099), np.int64(5099), np.int64(7689), np.int64(15448), np.int64(7689), np.int64(12357), np.int64(34757), np.int64(17019), np.int64(13412), np.int64(43479), np.int64(3215), np.int64(41388), np.int64(7689), np.int64(42667), np.int64(31074), np.int64(35262), np.int64(7348), np.int64(7689), np.int64(46827), np.int64(2910), np.int64(7689), np.int64(18021), np.int64(28536), np.int64(21074), np.int64(43982), np.int64(7689), np.int64(7689), np.int64(17963), np.int64(5555), np.int64(7689), np.int64(29204), np.int64(7689), np.int64(45164), np.int64(40684), np.int64(7689), np.int64(11698), np.int64(7689), np.int64(20658), np.int64(17695), np.int64(7689), np.int64(12445), np.int64(23263), np.int64(237), np.int64(9365), np.int64(45922), np.int64(20929), np.int64(46100), np.int64(16160), np.int64(16160), np.int64(8235))","(1, 1, 1, 1, 1, 1, 0, 1, 1, 0, 1, 1, 1, 0, 1, 0, 1, 1, 1, 1, 1, 1, 1, 0, 0, 1, 1, 1, 1, 1, 1, 1, 1, 0, 1, 1, 1, 1, 0, 1, 1, 0, 1, 1, 1, 1, 0, 1, 1, 1)"
9.663959,50,257.220268,7,"(np.int64(22058), np.int64(40316), np.int64(46472), np.int64(40486), np.int64(42849), np.int64(16160), np.int64(33754), np.int64(42069), np.int64(21664), np.int64(16160), np.int64(38389), np.int64(16160), np.int64(555), np.int64(28919), np.int64(16160), np.int64(44192), np.int64(42897), np.int64(7159), np.int64(31437), np.int64(16160), np.int64(7689), np.int64(49603), np.int64(11795), np.int64(9223), np.int64(1213), np.int64(24937), np.int64(37008), np.int64(46392), np.int64(16160), np.int64(7689), np.int64(19237), np.int64(16160), np.int64(5960), np.int64(7689), np.int64(46712), np.int64(28978), np.int64(16160), np.int64(7689), np.int64(11118), np.int64(7689), np.int64(7689), np.int64(46769), np.int64(32441), np.int64(16160), np.int64(27365), np.int64(17103), np.int64(4165), np.int64(34800), np.int64(31002), np.int64(15278))","(1, 0, 0, 0, 0, 1, 0, 0, 0, 1, 0, 1, 1, 1, 1, 0, 0, 0, 0, 1, 1, 0, 1, 1, 1, 1, 0, 0, 1, 1, 0, 1, 1, 1, 0, 1, 1, 1, 1, 1, 1, 0, 0, 1, 1, 1, 1, 0, 0, 1)"
14.016232,50,257.762302,5,"(np.int64(4177), np.int64(4177), np.int64(3768), np.int64(4321), np.int64(13335), np.int64(16160), np.int64(4177), np.int64(16160), np.int64(2465), np.int64(15270), np.int64(35473), np.int64(17239), np.int64(23908), np.int64(4177), np.int64(36252), np.int64(39644), np.int64(5954), np.int64(12734), np.int64(16160), np.int64(16160), np.int64(7924), np.int64(16160), np.int64(37656), np.int64(16160), np.int64(21116), np.int64(49423), np.int64(16160), np.int64(27365), np.int64(16160), np.int64(27365), np.int64(12218), np.int64(8932), np.int64(16270), np.int64(16160), np.int64(30981), np.int64(29815), np.int64(30514), np.int64(16160), np.int64(48894), np.int64(4345), np.int64(16160), np.int64(21890), np.int64(16160), np.int64(42916), np.int64(45231), np.int64(21383), np.int64(16160), np.int64(9761), np.int64(33062), np.int64(16160))","(1, 1, 1, 1, 1, 1, 1, 1, 1, 1, 1, 0, 0, 1, 1, 0, 1, 1, 1, 1, 1, 1, 1, 1, 0, 0, 1, 1, 1, 1, 0, 1, 1, 1, 1, 0, 0, 1, 0, 1, 1, 1, 1, 0, 0, 1, 1, 1, 0, 1)"
14.865433,50,258.296193,4,"(np.int64(49316), np.int64(16160), np.int64(26727), np.int64(46149), np.int64(9054), np.int64(46844), np.int64(33757), np.int64(4360), np.int64(16160), np.int64(16160), np.int64(23360), np.int64(6415), np.int64(25630), np.int64(16160), np.int64(16160), np.int64(25549), np.int64(5143), np.int64(45067), np.int64(16160), np.int64(16160), np.int64(21850), np.int64(27790), np.int64(11181), np.int64(3230), np.int64(16160), np.int64(16160), np.int64(38676), np.int64(7326), np.int64(26518), np.int64(2949), np.int64(24351), np.int64(48756), np.int64(16160), np.int64(27365), np.int64(9731), np.int64(1630), np.int64(16160), np.int64(27365), np.int64(41920), np.int64(3881), np.int64(7448), np.int64(8821), np.int64(8683), np.int64(35610), np.int64(16160), np.int64(48645), np.int64(16160), np.int64(44448), np.int64(7499), np.int64(14496))","(0, 1, 0, 0, 1, 0, 0, 1, 1, 1, 0, 1, 1, 1, 1, 1, 1, 0, 1, 1, 1, 1, 1, 0, 1, 1, 0, 1, 1, 1, 0, 1, 1, 1, 1, 1, 1, 1, 0, 1, 1, 1, 1, 0, 1, 1, 1, 0, 1, 1)"
9.925504,50,258.850736,3,"(np.int64(8649), np.int64(7358), np.int64(3928), np.int64(14496), np.int64(38518), np.int64(14496), np.int64(14496), np.int64(14496), np.int64(11388), np.int64(16465), np.int64(267), np.int64(7164), np.int64(39410), np.int64(14496), np.int64(14496), np.int64(8926), np.int64(31337), np.int64(14496), np.int64(6378), np.int64(18400), np.int64(46154), np.int64(14496), np.int64(48645), np.int64(14496), np.int64(39313), np.int64(21260), np.int64(14496), np.int64(13546), np.int64(35297), np.int64(30135), np.int64(22924), np.int64(39874), np.int64(44476), np.int64(43739), np.int64(6817), np.int64(39136), np.int64(14496), np.int64(16105), np.int64(26418), np.int64(14496), np.int64(29930), np.int64(48645), np.int64(14496), np.int64(35039), np.int64(28671), np.int64(21794), np.int64(6503), np.int64(25345), np.int64(14496), np.int64(14211))","(1, 1, 1, 1, 0, 1, 1, 1, 1, 0, 1, 1, 0, 1, 1, 0, 1, 1, 1, 0, 0, 1, 1, 1, 0, 0, 1, 1, 0, 0, 0, 0, 0, 0, 1, 0, 1, 1, 1, 1, 0, 1, 1, 0, 0, 1, 1, 0, 1, 1)"
19.349915,50,259.392093,2,"(np.int64(14496), np.int64(26722), np.int64(25135), np.int64(32999), np.int64(14496), np.int64(14496), np.int64(14839), np.int64(16744), np.int64(14496), np.int64(2117), np.int64(21270), np.int64(12004), np.int64(8965), np.int64(18356), np.int64(19600), np.int64(14496), np.int64(36235), np.int64(8454), np.int64(2306), np.int64(14496), np.int64(47519), np.int64(14496), np.int64(47519), np.int64(18856), np.int64(14496), np.int64(33154), np.int64(47519), np.int64(18695), np.int64(14496), np.int64(30158), np.int64(7147), np.int64(18738), np.int64(14496), np.int64(34913), np.int64(13438), np.int64(48407), np.int64(45557), np.int64(15811), np.int64(4256), np.int64(14496), np.int64(548), np.int64(47519), np.int64(8285), np.int64(26727), np.int64(17611), np.int64(47519), np.int64(41320), np.int64(32448), np.int64(19284), np.int64(41872))","(1, 1, 1, 1, 1, 1, 1, 1, 1, 1, 0, 1, 1, 1, 1, 1, 1, 1, 1, 1, 1, 1, 1, 1, 1, 1, 1, 1, 1, 0, 1, 1, 1, 1, 1, 0, 0, 1, 1, 1, 1, 1, 1, 1, 1, 1, 0, 1, 1, 1)"
7.428966,50,259.926223,0,"(np.int64(14496), np.int64(16140), np.int64(45926), np.int64(10750), np.int64(35920), np.int64(8478), np.int64(8478), np.int64(36529), np.int64(38766), np.int64(47071), np.int64(28263), np.int64(49037), np.int64(10034), np.int64(23618), np.int64(24369), np.int64(5067), np.int64(2936), np.int64(37606), np.int64(44413), np.int64(8478), np.int64(34111), np.int64(5022), np.int64(42385), np.int64(13097), np.int64(33716), np.int64(6684), np.int64(8936), np.int64(45307), np.int64(845), np.int64(37), np.int64(8478), np.int64(14953), np.int64(15632), np.int64(26548), np.int64(32755), np.int64(8188), np.int64(7066), np.int64(43997), np.int64(13917), np.int64(13917), np.int64(49379), np.int64(9066), np.int64(13917), np.int64(11696), np.int64(33072), np.int64(13917), np.int64(26574), np.int64(13917), np.int64(44093), np.int64(28386))","(0, 0, 0, 0, 0, 1, 1, 1, 0, 0, 0, 0, 0, 0, 0, 0, 1, 0, 0, 1, 0, 1, 0, 1, 1, 0, 1, 0, 1, 0, 1, 0, 0, 0, 0, 0, 0, 1, 1, 1, 0, 0, 1, 0, 0, 1, 0, 1, 0, 0)"
13.334183,50,260.489282,4,"(np.int64(13917), np.int64(13917), np.int64(13917), np.int64(16071), np.int64(8014), np.int64(9434), np.int64(21279), np.int64(42351), np.int64(21279), np.int64(39729), np.int64(2799), np.int64(21279), np.int64(21279), np.int64(49254), np.int64(8533), np.int64(21279), np.int64(36453), np.int64(21279), np.int64(33154), np.int64(19787), np.int64(21279), np.int64(3773), np.int64(5883), np.int64(25149), np.int64(22990), np.int64(13917), np.int64(20585), np.int64(13917), np.int64(45242), np.int64(33154), np.int64(16590), np.int64(471), np.int64(27550), np.int64(13917), np.int64(47007), np.int64(35816), np.int64(13917), np.int64(33154), np.int64(28121), np.int64(36925), np.int64(13917), np.int64(7210), np.int64(47914), np.int64(17791), np.int64(13917), np.int64(33154), np.int64(44127), np.int64(20098), np.int64(31695), np.int64(13917))","(1, 1, 1, 1, 1, 1, 1, 0, 1, 0, 1, 1, 1, 1, 1, 1, 0, 1, 1, 1, 1, 1, 1, 1, 0, 1, 0, 1, 1, 1, 1, 1, 0, 1, 0, 1, 1, 1, 1, 1, 1, 1, 0, 0, 1, 1, 0, 1, 1, 1)"
3.597281,50,261.028129,0,"(np.int64(30424), np.int64(13917), np.int64(31676), np.int64(13917), np.int64(23672), np.int64(13917), np.int64(23334), np.int64(32613), np.int64(13917), np.int64(3165), np.int64(46302), np.int64(44033), np.int64(13917), np.int64(13917), np.int64(37223), np.int64(13917), np.int64(34459), np.int64(32142), np.int64(13917), np.int64(392), np.int64(14857), np.int64(22845), np.int64(3947), np.int64(13917), np.int64(48645), np.int64(45728), np.int64(40387), np.int64(12590), np.int64(12590), np.int64(4779), np.int64(11250), np.int64(40183), np.int64(6684), np.int64(8907), np.int64(4405), np.int64(6684), np.int64(12590), np.int64(5102), np.int64(26893), np.int64(11818), np.int64(12590), np.int64(5945), np.int64(15196), np.int64(12590), np.int64(36440), np.int64(43797), np.int64(31970), np.int64(23086), np.int64(44291), np.int64(44388))","(0, 1, 0, 1, 0, 1, 0, 0, 1, 0, 0, 0, 1, 1, 0, 1, 0, 0, 1, 1, 0, 0, 0, 1, 0, 1, 0, 0, 0, 0, 0, 1, 0, 0, 0, 0, 0, 0, 0, 0, 0, 0, 0, 0, 1, 0, 0, 0, 0, 0)"
7.8369,50,261.566313,8,"(np.int64(23536), np.int64(6684), np.int64(6684), np.int64(21792), np.int64(6684), np.int64(30605), np.int64(3180), np.int64(6684), np.int64(2228), np.int64(48316), np.int64(3944), np.int64(46918), np.int64(26362), np.int64(36963), np.int64(39027), np.int64(49788), np.int64(6684), np.int64(2916), np.int64(30605), np.int64(40033), np.int64(15003), np.int64(6684), np.int64(30605), np.int64(35810), np.int64(16708), np.int64(32053), np.int64(13055), np.int64(27765), np.int64(47479), np.int64(6684), np.int64(30605), np.int64(30605), np.int64(17105), np.int64(37058), np.int64(46119), np.int64(10107), np.int64(6684), np.int64(41031), np.int64(30956), np.int64(34280), np.int64(6684), np.int64(8511), np.int64(30605), np.int64(7632), np.int64(30605), np.int64(19742), np.int64(30605), np.int64(346), np.int64(2361), np.int64(30605))","(1, 1, 1, 1, 1, 0, 1, 1, 0, 0, 1, 0, 0, 0, 0, 0, 1, 1, 0, 0, 0, 1, 0, 0, 1, 0, 1, 0, 0, 1, 0, 0, 1, 0, 0, 1, 1, 0, 0, 0, 1, 1, 0, 0, 0, 1, 0, 1, 0, 0)"
11.860415,50,262.089658,5,"(np.int64(6684), np.int64(46474), np.int64(6684), np.int64(6684), np.int64(30605), np.int64(21177), np.int64(6684), np.int64(30605), np.int64(30605), np.int64(30605), np.int64(20727), np.int64(774), np.int64(28881), np.int64(23116), np.int64(24519), np.int64(48723), np.int64(28881), np.int64(30605), np.int64(32342), np.int64(16198), np.int64(22667), np.int64(2620), np.int64(49113), np.int64(6780), np.int64(28881), np.int64(30605), np.int64(30605), np.int64(25895), np.int64(29640), np.int64(30605), np.int64(19742), np.int64(4560), np.int64(30605), np.int64(19742), np.int64(2110), np.int64(42481), np.int64(10962), np.int64(27760), np.int64(2829), np.int64(28881), np.int64(23810), np.int64(48560), np.int64(28881), np.int64(42895), np.int64(13123), np.int64(28881), np.int64(46208), np.int64(21562), np.int64(15341), np.int64(28881))","(1, 0, 1, 1, 0, 1, 1, 0, 0, 0, 0, 1, 1, 0, 0, 0, 1, 0, 1, 1, 0, 1, 0, 1, 1, 0, 0, 1, 0, 0, 1, 1, 0, 1, 1, 0, 1, 0, 1, 1, 1, 0, 1, 0, 1, 1, 0, 1, 1, 1)"
12.96161,50,262.620807,6,"(np.int64(6749), np.int64(9176), np.int64(12770), np.int64(29552), np.int64(28881), np.int64(44177), np.int64(23781), np.int64(28881), np.int64(33388), np.int64(31868), np.int64(7933), np.int64(22225), np.int64(21653), np.int64(33878), np.int64(49913), np.int64(28881), np.int64(15870), np.int64(41054), np.int64(26114), np.int64(21187), np.int64(33202), np.int64(49831), np.int64(32929), np.int64(31940), np.int64(29424), np.int64(1790), np.int64(28881), np.int64(28881), np.int64(33643), np.int64(15924), np.int64(28881), np.int64(19742), np.int64(28881), np.int64(19742), np.int64(28881), np.int64(17623), np.int64(43230), np.int64(48129), np.int64(28881), np.int64(753), np.int64(28881), np.int64(19742), np.int64(23857), np.int64(26004), np.int64(24665), np.int64(20479), np.int64(42707), np.int64(48980), np.int64(10327), np.int64(18051))","(1, 1, 1, 1, 1, 0, 0, 1, 1, 0, 1, 0, 1, 0, 0, 1, 1, 1, 1, 1, 0, 0, 0, 1, 0, 1, 1, 1, 1, 1, 1, 1, 1, 1, 1, 0, 0, 0, 1, 1, 1, 1, 1, 1, 1, 0, 0, 0, 0, 1)"
9.176334,50,263.145504,6,"(np.int64(28881), np.int64(28881), np.int64(30522), np.int64(28881), np.int64(44833), np.int64(28881), np.int64(30398), np.int64(31439), np.int64(28881), np.int64(25562), np.int64(462), np.int64(31146), np.int64(28881), np.int64(24245), np.int64(25562), np.int64(25562), np.int64(38307), np.int64(11535), np.int64(45062), np.int64(40075), np.int64(30261), np.int64(20472), np.int64(26767), np.int64(28881), np.int64(36104), np.int64(22039), np.int64(28881), np.int64(39172), np.int64(3791), np.int64(9654), np.int64(22797), np.int64(28881), np.int64(25562), np.int64(25562), np.int64(12636), np.int64(30157), np.int64(39944), np.int64(30658), np.int64(17414), np.int64(28881), np.int64(20888), np.int64(29958), np.int64(24498), np.int64(28881), np.int64(33154), np.int64(10449), np.int64(21767), np.int64(28881), np.int64(38091), np.int64(41721))","(1, 1, 0, 1, 0, 1, 0, 0, 1, 1, 1, 0, 1, 1, 1, 1, 0, 1, 0, 0, 0, 0, 0, 1, 0, 1, 1, 0, 1, 1, 0, 1, 1, 1, 1, 0, 0, 0, 0, 1, 1, 0, 1, 1, 1, 1, 1, 1, 0, 1)"
12.095111,50,263.688796,2,"(np.int64(25562), np.int64(1807), np.int64(39723), np.int64(29706), np.int64(25562), np.int64(45038), np.int64(25562), np.int64(46557), np.int64(25562), np.int64(25562), np.int64(7806), np.int64(7806), np.int64(30985), np.int64(36398), np.int64(22375), np.int64(27259), np.int64(7806), np.int64(7806), np.int64(1500), np.int64(7806), np.int64(27366), np.int64(19026), np.int64(26613), np.int64(2006), np.int64(25476), np.int64(31803), np.int64(4830), np.int64(30715), np.int64(41302), np.int64(47693), np.int64(45528), np.int64(11197), np.int64(32531), np.int64(49133), np.int64(17716), np.int64(1097), np.int64(26175), np.int64(33500), np.int64(12207), np.int64(11197), np.int64(4740), np.int64(11197), np.int64(16475), np.int64(11197), np.int64(11197), np.int64(46957), np.int64(11197), np.int64(21024), np.int64(11197), np.int64(37826))","(1, 1, 0, 1, 1, 0, 1, 0, 1, 1, 1, 1, 1, 1, 0, 1, 1, 1, 1, 1, 1, 1, 1, 0, 1, 0, 1, 0, 0, 1, 0, 1, 0, 0, 0, 0, 1, 0, 1, 1, 0, 1, 1, 1, 1, 0, 1, 1, 1, 0)"
12.744209,50,264.217619,6,"(np.int64(4779), np.int64(2009), np.int64(21531), np.int64(11197), np.int64(39495), np.int64(11197), np.int64(7806), np.int64(42100), np.int64(18301), np.int64(40054), np.int64(47275), np.int64(25799), np.int64(44403), np.int64(844), np.int64(7806), np.int64(7806), np.int64(18559), np.int64(43498), np.int64(32875), np.int64(14163), np.int64(35512), np.int64(7806), np.int64(33497), np.int64(7806), np.int64(28868), np.int64(7806), np.int64(28297), np.int64(15073), np.int64(20777), np.int64(33195), np.int64(21509), np.int64(19125), np.int64(20777), np.int64(20777), np.int64(20777), np.int64(37814), np.int64(14479), np.int64(20777), np.int64(20777), np.int64(20888), np.int64(20777), np.int64(43675), np.int64(20888), np.int64(3184), np.int64(37619), np.int64(26017), np.int64(15202), np.int64(6630), np.int64(42828), np.int64(20777))","(1, 1, 0, 1, 1, 1, 1, 0, 1, 0, 1, 0, 0, 1, 1, 1, 1, 0, 1, 0, 0, 1, 0, 1, 1, 1, 0, 1, 1, 0, 1, 1, 1, 1, 1, 0, 0, 1, 1, 1, 1, 0, 1, 1, 1, 0, 1, 1, 1, 1)"
9.004462,50,264.75337,8,"(np.int64(35480), np.int64(20888), np.int64(20777), np.int64(3096), np.int64(16478), np.int64(20777), np.int64(9386), np.int64(20777), np.int64(13760), np.int64(20777), np.int64(2924), np.int64(5078), np.int64(18902), np.int64(20777), np.int64(6727), np.int64(20777), np.int64(20888), np.int64(17641), np.int64(20777), np.int64(20888), np.int64(20888), np.int64(20888), np.int64(46279), np.int64(10904), np.int64(47501), np.int64(32189), np.int64(29137), np.int64(2609), np.int64(8640), np.int64(44042), np.int64(20888), np.int64(7429), np.int64(34479), np.int64(20888), np.int64(47901), np.int64(20888), np.int64(41017), np.int64(11841), np.int64(40011), np.int64(29070), np.int64(42488), np.int64(25668), np.int64(16074), np.int64(20888), np.int64(20888), np.int64(20139), np.int64(43459), np.int64(20888), np.int64(48915), np.int64(23931))","(0, 1, 1, 1, 0, 1, 1, 1, 0, 1, 1, 1, 1, 1, 1, 1, 1, 0, 1, 1, 1, 1, 0, 1, 0, 0, 1, 1, 1, 0, 1, 1, 0, 1, 0, 1, 0, 0, 0, 1, 0, 0, 1, 1, 1, 0, 0, 1, 0, 0)"
9.576401,50,265.280665,7,"(np.int64(49302), np.int64(43037), np.int64(49302), np.int64(49245), np.int64(18554), np.int64(44793), np.int64(49302), np.int64(49302), np.int64(7565), np.int64(44972), np.int64(20335), np.int64(28633), np.int64(10278), np.int64(49302), np.int64(17460), np.int64(20497), np.int64(11581), np.int64(32458), np.int64(49302), np.int64(692), np.int64(49302), np.int64(36046), np.int64(35340), np.int64(49302), np.int64(40294), np.int64(49302), np.int64(23478), np.int64(26771), np.int64(9523), np.int64(49302), np.int64(23478), np.int64(49302), np.int64(48924), np.int64(49302), np.int64(5327), np.int64(7133), np.int64(49302), np.int64(23478), np.int64(23478), np.int64(49396), np.int64(49302), np.int64(23478), np.int64(1571), np.int64(42227), np.int64(21376), np.int64(49302), np.int64(2089), np.int64(49302), np.int64(46135), np.int64(23478))","(0, 0, 0, 0, 1, 0, 0, 0, 1, 0, 1, 1, 1, 0, 1, 0, 1, 0, 0, 1, 0, 1, 0, 0, 0, 0, 1, 0, 1, 0, 1, 0, 1, 0, 1, 0, 0, 1, 1, 0, 0, 1, 1, 0, 1, 0, 1, 0, 0, 1)"
8.487488,50,265.818862,2,"(np.int64(24027), np.int64(7834), np.int64(28147), np.int64(49302), np.int64(49302), np.int64(49302), np.int64(33321), np.int64(49302), np.int64(49302), np.int64(43861), np.int64(15614), np.int64(25462), np.int64(12651), np.int64(49302), np.int64(37997), np.int64(40650), np.int64(49302), np.int64(49302), np.int64(15646), np.int64(49302), np.int64(31802), np.int64(49302), np.int64(49302), np.int64(23696), np.int64(45502), np.int64(46605), np.int64(49302), np.int64(49302), np.int64(23696), np.int64(49302), np.int64(23696), np.int64(49302), np.int64(23696), np.int64(23696), np.int64(17191), np.int64(33020), np.int64(47898), np.int64(5868), np.int64(49302), np.int64(31944), np.int64(49302), np.int64(40772), np.int64(20024), np.int64(49302), np.int64(23696), np.int64(23696), np.int64(35399), np.int64(5520), np.int64(23177), np.int64(22631))","(1, 0, 0, 1, 1, 1, 1, 1, 1, 0, 1, 0, 1, 1, 0, 0, 1, 1, 1, 1, 1, 1, 1, 1, 0, 0, 1, 1, 1, 1, 1, 1, 1, 1, 1, 1, 0, 1, 1, 0, 1, 0, 1, 1, 1, 1, 0, 1, 0, 0)"
3.014628,50,266.346007,0,"(np.int64(44218), np.int64(42750), np.int64(41224), np.int64(21726), np.int64(21726), np.int64(5636), np.int64(21726), np.int64(948), np.int64(21726), np.int64(45450), np.int64(43945), np.int64(41650), np.int64(35604), np.int64(21726), np.int64(40387), np.int64(21726), np.int64(16587), np.int64(21726), np.int64(49401), np.int64(21726), np.int64(49401), np.int64(46033), np.int64(37842), np.int64(44874), np.int64(21726), np.int64(49401), np.int64(21726), np.int64(15265), np.int64(44814), np.int64(4866), np.int64(21726), np.int64(10126), np.int64(48827), np.int64(26614), np.int64(17806), np.int64(21726), np.int64(15265), np.int64(29614), np.int64(1982), np.int64(28990), np.int64(25594), np.int64(27644), np.int64(3217), np.int64(31368), np.int64(3217), np.int64(169), np.int64(19262), np.int64(3217), np.int64(3217), np.int64(3217))","(0, 0, 0, 1, 1, 0, 1, 1, 1, 1, 0, 0, 0, 1, 0, 1, 0, 1, 0, 1, 0, 0, 0, 0, 1, 0, 1, 0, 0, 0, 1, 1, 0, 0, 0, 1, 0, 0, 0, 0, 0, 0, 0, 0, 0, 0, 0, 0, 0, 0)"
10.826422,50,266.897834,1,"(np.int64(26159), np.int64(29932), np.int64(3217), np.int64(3217), np.int64(48310), np.int64(3217), np.int64(23634), np.int64(3217), np.int64(3217), np.int64(3217), np.int64(15265), np.int64(3217), np.int64(15265), np.int64(32601), np.int64(48377), np.int64(3217), np.int64(15265), np.int64(2054), np.int64(14839), np.int64(3217), np.int64(15265), np.int64(15265), np.int64(38036), np.int64(2054), np.int64(2054), np.int64(2054), np.int64(32894), np.int64(12844), np.int64(2054), np.int64(31116), np.int64(2054), np.int64(15265), np.int64(26604), np.int64(4742), np.int64(29951), np.int64(2054), np.int64(42417), np.int64(40082), np.int64(18337), np.int64(23082), np.int64(21406), np.int64(41337), np.int64(21406), np.int64(41113), np.int64(36665), np.int64(47697), np.int64(21406), np.int64(2054), np.int64(15265), np.int64(15265))","(1, 0, 1, 1, 0, 1, 1, 1, 1, 1, 1, 1, 1, 0, 1, 1, 1, 1, 1, 1, 1, 1, 0, 1, 1, 1, 1, 1, 1, 0, 1, 1, 1, 1, 0, 1, 0, 1, 1, 0, 1, 0, 1, 1, 0, 1, 1, 1, 1, 1)"
16.137222,50,267.42942,2,"(np.int64(47609), np.int64(49651), np.int64(21406), np.int64(9425), np.int64(26656), np.int64(10490), np.int64(2054), np.int64(14182), np.int64(47036), np.int64(44272), np.int64(31062), np.int64(39730), np.int64(19298), np.int64(21406), np.int64(46819), np.int64(21406), np.int64(21406), np.int64(15265), np.int64(21406), np.int64(8695), np.int64(21406), np.int64(15265), np.int64(15265), np.int64(15265), np.int64(15265), np.int64(15265), np.int64(15265), np.int64(34446), np.int64(29111), np.int64(22743), np.int64(12654), np.int64(36972), np.int64(20980), np.int64(36972), np.int64(12654), np.int64(12654), np.int64(12654), np.int64(12654), np.int64(7072), np.int64(12654), np.int64(12654), np.int64(15265), np.int64(10255), np.int64(13323), np.int64(36087), np.int64(8975), np.int64(36972), np.int64(40886), np.int64(38043), np.int64(20976))","(0, 0, 1, 1, 1, 1, 1, 1, 1, 0, 1, 0, 1, 1, 1, 1, 1, 1, 1, 1, 1, 1, 1, 1, 1, 1, 1, 1, 1, 0, 1, 1, 1, 1, 1, 1, 1, 1, 0, 1, 1, 1, 1, 1, 1, 1, 1, 1, 1, 1)"
9.030142,50,267.967068,6,"(np.int64(23143), np.int64(26838), np.int64(43528), np.int64(12654), np.int64(19226), np.int64(21842), np.int64(18475), np.int64(12654), np.int64(13626), np.int64(50016), np.int64(12654), np.int64(29290), np.int64(38971), np.int64(41744), np.int64(42316), np.int64(12654), np.int64(12654), np.int64(12654), np.int64(2553), np.int64(12654), np.int64(32960), np.int64(31151), np.int64(12654), np.int64(12654), np.int64(12654), np.int64(12654), np.int64(41400), np.int64(26331), np.int64(28626), np.int64(12209), np.int64(12654), np.int64(12654), np.int64(39688), np.int64(12654), np.int64(48229), np.int64(5571), np.int64(7188), np.int64(12654), np.int64(12654), np.int64(27823), np.int64(12654), np.int64(12654), np.int64(12654), np.int64(18910), np.int64(12654), np.int64(10345), np.int64(12654), np.int64(30022), np.int64(49908), np.int64(29189))","(0, 1, 0, 1, 1, 1, 0, 1, 1, 1, 1, 1, 0, 1, 0, 1, 1, 1, 1, 1, 0, 0, 1, 1, 1, 1, 0, 0, 1, 0, 1, 1, 1, 1, 0, 1, 1, 1, 1, 0, 1, 1, 1, 0, 1, 1, 1, 0, 0, 1)"
12.030356,50,268.497651,6,"(np.int64(6059), np.int64(47542), np.int64(12654), np.int64(48621), np.int64(12654), np.int64(12654), np.int64(41656), np.int64(42812), np.int64(452), np.int64(44457), np.int64(2761), np.int64(14111), np.int64(12654), np.int64(12654), np.int64(39924), np.int64(12654), np.int64(36451), np.int64(8975), np.int64(31776), np.int64(39979), np.int64(8975), np.int64(13374), np.int64(7477), np.int64(8975), np.int64(40677), np.int64(23660), np.int64(32115), np.int64(8975), np.int64(8975), np.int64(7570), np.int64(1622), np.int64(24398), np.int64(8975), np.int64(8975), np.int64(22345), np.int64(8975), np.int64(8975), np.int64(8975), np.int64(8975), np.int64(8975), np.int64(29189), np.int64(8975), np.int64(25310), np.int64(6428), np.int64(8975), np.int64(8975), np.int64(44516), np.int64(28666), np.int64(3215), np.int64(8975))","(1, 0, 1, 0, 1, 1, 1, 0, 1, 0, 0, 1, 1, 1, 0, 1, 1, 1, 1, 1, 1, 1, 1, 1, 0, 1, 0, 1, 1, 1, 1, 1, 1, 1, 0, 1, 1, 1, 1, 1, 1, 1, 1, 1, 1, 1, 0, 1, 1, 1)"
8.996208,50,269.067887,8,"(np.int64(28498), np.int64(15197), np.int64(19842), np.int64(48212), np.int64(3550), np.int64(3579), np.int64(14958), np.int64(32332), np.int64(8975), np.int64(5007), np.int64(46868), np.int64(1853), np.int64(8975), np.int64(9442), np.int64(8975), np.int64(46529), np.int64(8975), np.int64(8975), np.int64(27425), np.int64(36385), np.int64(8975), np.int64(37753), np.int64(8975), np.int64(8975), np.int64(13503), np.int64(23244), np.int64(8975), np.int64(8975), np.int64(8975), np.int64(7936), np.int64(8975), np.int64(2271), np.int64(8975), np.int64(8975), np.int64(35520), np.int64(25014), np.int64(1033), np.int64(21406), np.int64(21406), np.int64(21406), np.int64(3976), np.int64(21406), np.int64(21406), np.int64(1742), np.int64(22557), np.int64(21630), np.int64(10762), np.int64(22675), np.int64(25027), np.int64(33736))","(0, 1, 1, 0, 1, 1, 1, 0, 1, 1, 0, 1, 1, 1, 1, 0, 1, 1, 0, 0, 1, 0, 1, 1, 0, 0, 1, 1, 1, 1, 1, 0, 1, 1, 0, 1, 0, 1, 1, 1, 1, 1, 1, 1, 0, 0, 1, 0, 0, 0)"
9.967393,50,269.614458,8,"(np.int64(21406), np.int64(11301), np.int64(37151), np.int64(40752), np.int64(7384), np.int64(22690), np.int64(45263), np.int64(21406), np.int64(36996), np.int64(21406), np.int64(2798), np.int64(21406), np.int64(21406), np.int64(21406), np.int64(21406), np.int64(14501), np.int64(11111), np.int64(45972), np.int64(15870), np.int64(3512), np.int64(21406), np.int64(17041), np.int64(28909), np.int64(21406), np.int64(7709), np.int64(2965), np.int64(21406), np.int64(48264), np.int64(12213), np.int64(28653), np.int64(21406), np.int64(35520), np.int64(32728), np.int64(13196), np.int64(21406), np.int64(35520), np.int64(8525), np.int64(44351), np.int64(27155), np.int64(27155), np.int64(20394), np.int64(15516), np.int64(27155), np.int64(35520), np.int64(49067), np.int64(6739), np.int64(20553), np.int64(44413), np.int64(27155), np.int64(41618))","(1, 1, 0, 0, 1, 0, 0, 1, 0, 1, 1, 1, 1, 1, 1, 1, 1, 0, 0, 1, 1, 0, 1, 1, 1, 1, 1, 0, 1, 1, 1, 0, 0, 1, 1, 0, 1, 0, 1, 1, 0, 1, 1, 0, 0, 1, 0, 0, 1, 0)"
18.553596,50,270.174057,1,"(np.int64(28002), np.int64(30159), np.int64(31287), np.int64(27155), np.int64(27155), np.int64(12406), np.int64(10016), np.int64(34413), np.int64(19322), np.int64(21898), np.int64(6960), np.int64(27155), np.int64(35520), np.int64(1143), np.int64(27155), np.int64(35520), np.int64(25012), np.int64(35520), np.int64(10185), np.int64(38711), np.int64(10116), np.int64(27155), np.int64(35520), np.int64(35520), np.int64(21901), np.int64(22784), np.int64(27155), np.int64(16509), np.int64(28814), np.int64(27155), np.int64(19112), np.int64(12850), np.int64(12765), np.int64(3269), np.int64(27155), np.int64(19112), np.int64(935), np.int64(40081), np.int64(27155), np.int64(17073), np.int64(46459), np.int64(41783), np.int64(29161), np.int64(5194), np.int64(2712), np.int64(16603), np.int64(24689), np.int64(6021), np.int64(11976), np.int64(16603))","(1, 1, 1, 1, 1, 1, 1, 0, 1, 1, 1, 1, 1, 1, 1, 1, 1, 1, 1, 0, 1, 1, 1, 1, 1, 0, 1, 0, 1, 1, 1, 1, 1, 1, 1, 1, 1, 0, 1, 1, 0, 0, 0, 1, 1, 1, 1, 1, 1, 1)"
12.777522,50,270.717277,1,"(np.int64(28814), np.int64(28814), np.int64(22055), np.int64(28814), np.int64(28814), np.int64(28814), np.int64(24563), np.int64(31135), np.int64(28814), np.int64(28814), np.int64(22537), np.int64(31975), np.int64(24487), np.int64(30228), np.int64(24749), np.int64(8319), np.int64(25850), np.int64(33163), np.int64(28814), np.int64(30206), np.int64(10575), np.int64(19954), np.int64(15323), np.int64(16603), np.int64(4480), np.int64(16603), np.int64(16603), np.int64(2142), np.int64(16603), np.int64(3235), np.int64(16603), np.int64(9628), np.int64(13282), np.int64(25226), np.int64(41515), np.int64(49410), np.int64(16603), np.int64(2823), np.int64(9628), np.int64(16603), np.int64(9628), np.int64(45942), np.int64(47579), np.int64(13484), np.int64(16603), np.int64(16574), np.int64(9628), np.int64(39874), np.int64(9628), np.int64(9628))","(1, 1, 0, 1, 1, 1, 1, 0, 1, 1, 0, 0, 1, 0, 0, 1, 0, 0, 1, 0, 1, 1, 1, 1, 1, 1, 1, 1, 1, 1, 1, 1, 1, 1, 0, 0, 1, 1, 1, 1, 1, 1, 1, 1, 1, 1, 1, 0, 1, 1)"
11.82146,50,271.345355,5,"(np.int64(28998), np.int64(1763), np.int64(1763), np.int64(3381), np.int64(1763), np.int64(34500), np.int64(1763), np.int64(16580), np.int64(20525), np.int64(1763), np.int64(13642), np.int64(5963), np.int64(1763), np.int64(17300), np.int64(12821), np.int64(9628), np.int64(1763), np.int64(15540), np.int64(9628), np.int64(48968), np.int64(9628), np.int64(9628), np.int64(9628), np.int64(9628), np.int64(7343), np.int64(9628), np.int64(9628), np.int64(29080), np.int64(4474), np.int64(9628), np.int64(17672), np.int64(39714), np.int64(31481), np.int64(9628), np.int64(9628), np.int64(9628), np.int64(20858), np.int64(894), np.int64(9628), np.int64(9628), np.int64(9628), np.int64(28306), np.int64(9628), np.int64(9628), np.int64(9628), np.int64(5274), np.int64(9628), np.int64(9628), np.int64(5274), np.int64(9628))","(1, 1, 1, 1, 1, 1, 1, 1, 1, 1, 1, 1, 1, 1, 1, 1, 1, 1, 1, 1, 1, 1, 1, 1, 1, 1, 1, 0, 1, 1, 1, 0, 0, 1, 1, 1, 1, 0, 1, 1, 1, 0, 1, 1, 1, 1, 1, 1, 1, 1)"
11.094862,50,271.898677,4,"(np.int64(31366), np.int64(3235), np.int64(11485), np.int64(48361), np.int64(297), np.int64(11448), np.int64(297), np.int64(297), np.int64(297), np.int64(35116), np.int64(5687), np.int64(44965), np.int64(297), np.int64(297), np.int64(27976), np.int64(40764), np.int64(297), np.int64(38075), np.int64(49011), np.int64(18765), np.int64(27218), np.int64(297), np.int64(45228), np.int64(19013), np.int64(297), np.int64(297), np.int64(297), np.int64(30340), np.int64(297), np.int64(13693), np.int64(3235), np.int64(3235), np.int64(3235), np.int64(3235), np.int64(3235), np.int64(1081), np.int64(3235), np.int64(22612), np.int64(1693), np.int64(3235), np.int64(47049), np.int64(27642), np.int64(31593), np.int64(16300), np.int64(38604), np.int64(26612), np.int64(34858), np.int64(3235), np.int64(23649), np.int64(3235))","(1, 1, 1, 1, 1, 1, 1, 1, 1, 0, 1, 0, 1, 1, 1, 0, 1, 0, 1, 1, 1, 1, 0, 1, 1, 1, 1, 0, 1, 0, 1, 1, 1, 1, 1, 1, 1, 0, 1, 1, 1, 0, 1, 0, 1, 1, 0, 1, 1, 1)"
14.622514,50,272.462915,4,"(np.int64(3235), np.int64(28527), np.int64(1140), np.int64(28431), np.int64(3235), np.int64(2786), np.int64(39742), np.int64(3235), np.int64(32056), np.int64(12147), np.int64(41815), np.int64(12575), np.int64(7705), np.int64(10372), np.int64(17557), np.int64(6972), np.int64(7705), np.int64(7016), np.int64(7705), np.int64(7705), np.int64(14396), np.int64(7705), np.int64(7705), np.int64(41056), np.int64(7705), np.int64(15083), np.int64(29464), np.int64(7705), np.int64(29551), np.int64(7705), np.int64(19573), np.int64(3017), np.int64(3837), np.int64(27076), np.int64(7705), np.int64(10691), np.int64(17450), np.int64(35543), np.int64(7705), np.int64(19573), np.int64(39340), np.int64(7705), np.int64(19573), np.int64(19573), np.int64(48671), np.int64(31287), np.int64(9270), np.int64(37092), np.int64(31287), np.int64(42152))","(1, 0, 1, 0, 1, 1, 0, 1, 0, 1, 1, 1, 1, 1, 1, 1, 1, 0, 1, 1, 1, 1, 1, 0, 1, 1, 1, 1, 1, 1, 1, 1, 1, 1, 1, 1, 1, 0, 1, 1, 1, 1, 1, 1, 0, 1, 1, 0, 1, 1)"
11.993177,50,273.018234,2,"(np.int64(25837), np.int64(31287), np.int64(31287), np.int64(5183), np.int64(31287), np.int64(35515), np.int64(35887), np.int64(31287), np.int64(33851), np.int64(31287), np.int64(26652), np.int64(31287), np.int64(48671), np.int64(25167), np.int64(14713), np.int64(31287), np.int64(48671), np.int64(31287), np.int64(48671), np.int64(48671), np.int64(26606), np.int64(18984), np.int64(5197), np.int64(3293), np.int64(5197), np.int64(30180), np.int64(5197), np.int64(27933), np.int64(5197), np.int64(5197), np.int64(4368), np.int64(29778), np.int64(42962), np.int64(5197), np.int64(47474), np.int64(5197), np.int64(45392), np.int64(48671), np.int64(48671), np.int64(48671), np.int64(48671), np.int64(41144), np.int64(6113), np.int64(5197), np.int64(21299), np.int64(5197), np.int64(660), np.int64(5197), np.int64(32530), np.int64(48671))","(0, 1, 1, 1, 1, 1, 1, 1, 0, 1, 0, 1, 0, 1, 1, 1, 0, 1, 0, 0, 1, 1, 1, 1, 1, 0, 1, 1, 1, 1, 1, 1, 0, 1, 1, 1, 0, 0, 0, 0, 0, 1, 1, 1, 1, 1, 1, 1, 1, 0)"
1.437121,50,273.577682,0,"(np.int64(5581), np.int64(5197), np.int64(5197), np.int64(5197), np.int64(7036), np.int64(5197), np.int64(22815), np.int64(40173), np.int64(27162), np.int64(4970), np.int64(5197), np.int64(5197), np.int64(7752), np.int64(31406), np.int64(3288), np.int64(12725), np.int64(38130), np.int64(22351), np.int64(46592), np.int64(5197), np.int64(1550), np.int64(11107), np.int64(5197), np.int64(4464), np.int64(5197), np.int64(28936), np.int64(5197), np.int64(48995), np.int64(21307), np.int64(5197), np.int64(41144), np.int64(12231), np.int64(5197), np.int64(41144), np.int64(5197), np.int64(41144), np.int64(9520), np.int64(38482), np.int64(5197), np.int64(17591), np.int64(16839), np.int64(5197), np.int64(46561), np.int64(3218), np.int64(38876), np.int64(5197), np.int64(26656), np.int64(34708), np.int64(12257), np.int64(5197))","(0, 0, 0, 0, 0, 0, 0, 0, 0, 0, 0, 0, 1, 0, 0, 0, 0, 0, 0, 0, 0, 0, 0, 0, 0, 0, 0, 0, 0, 0, 0, 0, 0, 0, 0, 0, 0, 0, 0, 0, 0, 0, 0, 0, 1, 0, 0, 0, 0, 0)"
9.828195,50,274.172797,4,"(np.int64(7705), np.int64(5197), np.int64(17995), np.int64(5197), np.int64(5197), np.int64(5197), np.int64(49067), np.int64(34806), np.int64(9065), np.int64(41716), np.int64(10383), np.int64(26781), np.int64(7705), np.int64(48027), np.int64(7705), np.int64(42780), np.int64(13883), np.int64(7705), np.int64(43594), np.int64(16236), np.int64(18737), np.int64(43295), np.int64(7705), np.int64(22061), np.int64(6211), np.int64(47785), np.int64(7705), np.int64(22061), np.int64(48420), np.int64(36251), np.int64(7705), np.int64(14230), np.int64(10579), np.int64(40867), np.int64(30323), np.int64(29921), np.int64(40758), np.int64(28957), np.int64(9839), np.int64(28957), np.int64(46073), np.int64(28957), np.int64(22061), np.int64(22061), np.int64(22061), np.int64(22061), np.int64(22061), np.int64(12411), np.int64(22061), np.int64(13004))","(1, 1, 1, 1, 1, 1, 0, 0, 1, 0, 1, 0, 1, 0, 1, 0, 1, 1, 0, 0, 1, 0, 1, 1, 1, 0, 1, 1, 0, 1, 1, 1, 1, 0, 0, 0, 0, 1, 1, 1, 0, 1, 1, 1, 1, 1, 1, 1, 1, 1)"
12.810959,50,274.737209,2,"(np.int64(6425), np.int64(28957), np.int64(28957), np.int64(34868), np.int64(2173), np.int64(38615), np.int64(13370), np.int64(48331), np.int64(28957), np.int64(28957), np.int64(22061), np.int64(27974), np.int64(28957), np.int64(22061), np.int64(28957), np.int64(12965), np.int64(37257), np.int64(9907), np.int64(47927), np.int64(28957), np.int64(22061), np.int64(22061), np.int64(22061), np.int64(2842), np.int64(46757), np.int64(16942), np.int64(28957), np.int64(34108), np.int64(28957), np.int64(22061), np.int64(39841), np.int64(28957), np.int64(22061), np.int64(22061), np.int64(22061), np.int64(42038), np.int64(6524), np.int64(28957), np.int64(8867), np.int64(13574), np.int64(28957), np.int64(18574), np.int64(8867), np.int64(28957), np.int64(43799), np.int64(45325), np.int64(42958), np.int64(28957), np.int64(23249), np.int64(33345))","(0, 1, 1, 0, 1, 1, 1, 1, 1, 1, 1, 1, 1, 1, 1, 1, 1, 1, 1, 1, 1, 1, 1, 1, 0, 1, 1, 1, 1, 1, 1, 1, 1, 1, 1, 0, 0, 1, 1, 1, 1, 1, 1, 1, 0, 1, 1, 1, 0, 0)"
9.433881,50,275.289134,1,"(np.int64(28957), np.int64(10592), np.int64(19526), np.int64(28957), np.int64(5107), np.int64(28957), np.int64(28957), np.int64(40584), np.int64(1152), np.int64(28957), np.int64(28957), np.int64(8867), np.int64(28957), np.int64(21649), np.int64(7371), np.int64(47230), np.int64(45678), np.int64(28957), np.int64(35897), np.int64(4325), np.int64(27352), np.int64(28957), np.int64(8867), np.int64(28957), np.int64(8867), np.int64(8867), np.int64(8867), np.int64(8867), np.int64(25999), np.int64(28957), np.int64(8867), np.int64(43237), np.int64(24399), np.int64(4638), np.int64(28957), np.int64(8867), np.int64(8867), np.int64(5154), np.int64(11757), np.int64(28957), np.int64(8867), np.int64(11341), np.int64(4705), np.int64(28957), np.int64(5321), np.int64(8867), np.int64(8867), np.int64(12267), np.int64(13505), np.int64(28957))","(1, 1, 1, 1, 1, 1, 1, 0, 1, 1, 1, 1, 1, 0, 1, 0, 0, 1, 0, 1, 1, 1, 1, 1, 1, 1, 1, 1, 0, 1, 1, 0, 0, 1, 1, 1, 1, 1, 1, 1, 1, 0, 1, 1, 1, 1, 1, 0, 0, 1)"
11.8276,50,275.845258,2,"(np.int64(28957), np.int64(28151), np.int64(1982), np.int64(28957), np.int64(43571), np.int64(28957), np.int64(39519), np.int64(28957), np.int64(33336), np.int64(7672), np.int64(13500), np.int64(578), np.int64(22989), np.int64(28957), np.int64(28957), np.int64(8867), np.int64(28957), np.int64(15855), np.int64(28957), np.int64(39837), np.int64(15248), np.int64(44905), np.int64(28957), np.int64(6623), np.int64(33193), np.int64(28957), np.int64(29774), np.int64(20086), np.int64(6623), np.int64(3317), np.int64(28957), np.int64(6623), np.int64(6623), np.int64(6623), np.int64(8631), np.int64(41866), np.int64(6623), np.int64(6623), np.int64(17049), np.int64(6623), np.int64(8379), np.int64(6623), np.int64(6623), np.int64(6623), np.int64(6623), np.int64(11307), np.int64(6623), np.int64(26867), np.int64(44774), np.int64(6623))","(1, 1, 1, 1, 0, 1, 1, 1, 1, 1, 1, 1, 0, 1, 1, 1, 1, 1, 1, 0, 1, 0, 1, 1, 0, 1, 0, 1, 1, 1, 1, 1, 1, 1, 1, 0, 1, 1, 0, 1, 1, 1, 1, 1, 1, 1, 1, 1, 0, 1)"
9.596447,50,276.39398,7,"(np.int64(41410), np.int64(6623), np.int64(11883), np.int64(29125), np.int64(6623), np.int64(6623), np.int64(6623), np.int64(6075), np.int64(6623), np.int64(6623), np.int64(2413), np.int64(48906), np.int64(6623), np.int64(11386), np.int64(11386), np.int64(13417), np.int64(5825), np.int64(4814), np.int64(28587), np.int64(795), np.int64(45439), np.int64(795), np.int64(795), np.int64(42210), np.int64(795), np.int64(24842), np.int64(795), np.int64(8946), np.int64(6577), np.int64(29), np.int64(26772), np.int64(795), np.int64(49964), np.int64(795), np.int64(23455), np.int64(27913), np.int64(33112), np.int64(43733), np.int64(795), np.int64(1803), np.int64(31726), np.int64(778), np.int64(9362), np.int64(795), np.int64(23455), np.int64(795), np.int64(23455), np.int64(23455), np.int64(32481), np.int64(795))","(0, 1, 1, 1, 1, 1, 1, 1, 1, 1, 0, 0, 1, 1, 1, 1, 1, 1, 0, 1, 0, 1, 1, 0, 1, 1, 1, 1, 1, 0, 0, 1, 0, 1, 1, 0, 0, 0, 1, 1, 0, 1, 1, 1, 1, 1, 1, 1, 0, 1)"
11.954513,50,276.943732,2,"(np.int64(27080), np.int64(795), np.int64(2836), np.int64(795), np.int64(3606), np.int64(795), np.int64(44574), np.int64(795), np.int64(31968), np.int64(42697), np.int64(28466), np.int64(30655), np.int64(795), np.int64(22946), np.int64(795), np.int64(9159), np.int64(23455), np.int64(795), np.int64(23455), np.int64(44263), np.int64(15059), np.int64(21560), np.int64(795), np.int64(23455), np.int64(43487), np.int64(27308), np.int64(23455), np.int64(23455), np.int64(23455), np.int64(47857), np.int64(19008), np.int64(39799), np.int64(23455), np.int64(1309), np.int64(23455), np.int64(1631), np.int64(32899), np.int64(41165), np.int64(38959), np.int64(23455), np.int64(5524), np.int64(11415), np.int64(23455), np.int64(32899), np.int64(32899), np.int64(23455), np.int64(32899), np.int64(6431), np.int64(32899), np.int64(10522))","(0, 1, 1, 1, 1, 1, 0, 1, 0, 0, 1, 0, 1, 0, 1, 1, 1, 1, 1, 0, 1, 1, 1, 1, 0, 1, 1, 1, 1, 1, 1, 1, 1, 1, 1, 1, 0, 0, 1, 1, 1, 1, 1, 0, 0, 1, 0, 1, 0, 1)"
10.013736,50,277.491886,1,"(np.int64(24345), np.int64(4322), np.int64(32899), np.int64(22316), np.int64(23455), np.int64(23455), np.int64(32899), np.int64(32899), np.int64(44703), np.int64(23455), np.int64(32899), np.int64(3959), np.int64(32899), np.int64(32899), np.int64(43333), np.int64(32899), np.int64(32899), np.int64(32899), np.int64(23677), np.int64(32899), np.int64(15340), np.int64(39199), np.int64(15802), np.int64(32899), np.int64(33352), np.int64(32899), np.int64(15340), np.int64(43528), np.int64(32899), np.int64(28097), np.int64(23455), np.int64(23455), np.int64(41471), np.int64(14215), np.int64(23455), np.int64(23455), np.int64(1916), np.int64(23455), np.int64(15337), np.int64(23455), np.int64(43571), np.int64(30887), np.int64(23455), np.int64(23608), np.int64(47155), np.int64(39566), np.int64(6739), np.int64(23455), np.int64(23455), np.int64(4647))","(1, 1, 0, 0, 1, 1, 0, 0, 0, 1, 0, 1, 0, 0, 0, 0, 0, 0, 1, 0, 1, 1, 1, 0, 0, 0, 1, 0, 0, 0, 1, 1, 0, 1, 1, 1, 1, 1, 1, 1, 0, 0, 1, 1, 0, 1, 1, 1, 1, 1)"
14.521259,50,278.051087,1,"(np.int64(23455), np.int64(47249), np.int64(33985), np.int64(41720), np.int64(11488), np.int64(23455), np.int64(6242), np.int64(15374), np.int64(41443), np.int64(23455), np.int64(47972), np.int64(23455), np.int64(12439), np.int64(23455), np.int64(9781), np.int64(23455), np.int64(14110), np.int64(23455), np.int64(25700), np.int64(4135), np.int64(32853), np.int64(9538), np.int64(9538), np.int64(9538), np.int64(6476), np.int64(30496), np.int64(9538), np.int64(9538), np.int64(12670), np.int64(9538), np.int64(12670), np.int64(12670), np.int64(1364), np.int64(9538), np.int64(12670), np.int64(7150), np.int64(9538), np.int64(12670), np.int64(34469), np.int64(34510), np.int64(9538), np.int64(42583), np.int64(3053), np.int64(9538), np.int64(23799), np.int64(12670), np.int64(20190), np.int64(37386), np.int64(9538), np.int64(12670))","(1, 1, 0, 1, 1, 1, 1, 1, 1, 1, 0, 1, 1, 1, 1, 1, 1, 1, 1, 1, 0, 1, 1, 1, 1, 0, 1, 1, 1, 1, 1, 1, 1, 1, 1, 0, 1, 1, 0, 1, 1, 1, 1, 1, 1, 1, 1, 1, 1, 1)"
12.06689,50,278.596655,5,"(np.int64(9538), np.int64(9538), np.int64(24747), np.int64(9538), np.int64(9538), np.int64(36961), np.int64(9538), np.int64(2502), np.int64(9538), np.int64(12670), np.int64(9538), np.int64(12670), np.int64(12670), np.int64(29836), np.int64(40732), np.int64(44673), np.int64(2908), np.int64(29329), np.int64(47898), np.int64(18629), np.int64(47898), np.int64(47898), np.int64(13397), np.int64(47898), np.int64(47898), np.int64(38267), np.int64(47898), np.int64(10938), np.int64(47898), np.int64(34604), np.int64(10938), np.int64(30420), np.int64(47898), np.int64(10938), np.int64(6936), np.int64(10149), np.int64(47898), np.int64(21361), np.int64(16937), np.int64(23644), np.int64(16937), np.int64(16937), np.int64(16937), np.int64(16937), np.int64(16937), np.int64(1190), np.int64(16937), np.int64(20578), np.int64(16937), np.int64(9049))","(1, 1, 1, 1, 1, 1, 1, 1, 1, 1, 1, 1, 1, 0, 0, 0, 1, 1, 0, 1, 0, 0, 1, 0, 0, 1, 0, 1, 0, 0, 1, 0, 0, 1, 1, 1, 0, 1, 1, 1, 1, 1, 1, 1, 1, 1, 1, 0, 1, 1)"
8.456976,50,279.223398,3,"(np.int64(17119), np.int64(12963), np.int64(46896), np.int64(16937), np.int64(16937), np.int64(16937), np.int64(42790), np.int64(16937), np.int64(16937), np.int64(6482), np.int64(48831), np.int64(16937), np.int64(16937), np.int64(16937), np.int64(21361), np.int64(28199), np.int64(16937), np.int64(16937), np.int64(44168), np.int64(41858), np.int64(16937), np.int64(21361), np.int64(16937), np.int64(21361), np.int64(2588), np.int64(1099), np.int64(16937), np.int64(21361), np.int64(16881), np.int64(16937), np.int64(21361), np.int64(26651), np.int64(22036), np.int64(16881), np.int64(16881), np.int64(16881), np.int64(26595), np.int64(16881), np.int64(27341), np.int64(38560), np.int64(16881), np.int64(16881), np.int64(16881), np.int64(48773), np.int64(16881), np.int64(19038), np.int64(459), np.int64(16881), np.int64(21435), np.int64(21435))","(1, 1, 1, 1, 1, 1, 0, 1, 1, 0, 1, 1, 1, 1, 1, 0, 1, 1, 0, 0, 1, 1, 1, 1, 1, 1, 1, 1, 1, 1, 1, 0, 1, 1, 1, 1, 1, 1, 1, 0, 1, 1, 1, 0, 1, 1, 1, 1, 1, 1)"
12.359639,50,279.767355,7,"(np.int64(10327), np.int64(28202), np.int64(23206), np.int64(21435), np.int64(21435), np.int64(44776), np.int64(43824), np.int64(21435), np.int64(26667), np.int64(39341), np.int64(21435), np.int64(21435), np.int64(18141), np.int64(21435), np.int64(32289), np.int64(21435), np.int64(13441), np.int64(13534), np.int64(12738), np.int64(21435), np.int64(10412), np.int64(41006), np.int64(24992), np.int64(23534), np.int64(8298), np.int64(9162), np.int64(42555), np.int64(15951), np.int64(30670), np.int64(24795), np.int64(15367), np.int64(41988), np.int64(2625), np.int64(38978), np.int64(21850), np.int64(15367), np.int64(2881), np.int64(35488), np.int64(2881), np.int64(22646), np.int64(48919), np.int64(2881), np.int64(15687), np.int64(2881), np.int64(33744), np.int64(21435), np.int64(9621), np.int64(21435), np.int64(10882), np.int64(29750))","(0, 0, 0, 1, 1, 0, 0, 1, 1, 0, 1, 1, 0, 1, 0, 1, 1, 1, 1, 1, 1, 0, 1, 1, 1, 1, 0, 1, 0, 1, 1, 0, 1, 0, 1, 1, 1, 1, 1, 0, 1, 1, 1, 1, 0, 1, 1, 1, 1, 0)"
11.859559,50,280.328982,3,"(np.int64(15367), np.int64(11978), np.int64(15367), np.int64(6374), np.int64(15367), np.int64(49111), np.int64(12240), np.int64(2003), np.int64(2881), np.int64(15367), np.int64(33673), np.int64(2881), np.int64(7303), np.int64(2881), np.int64(2881), np.int64(2881), np.int64(40328), np.int64(49757), np.int64(49877), np.int64(2881), np.int64(43043), np.int64(14182), np.int64(15367), np.int64(10882), np.int64(15367), np.int64(26811), np.int64(15367), np.int64(2657), np.int64(47046), np.int64(15367), np.int64(10882), np.int64(10882), np.int64(33736), np.int64(10882), np.int64(49472), np.int64(4796), np.int64(28839), np.int64(29654), np.int64(19484), np.int64(38098), np.int64(21580), np.int64(28839), np.int64(15212), np.int64(28839), np.int64(28839), np.int64(28839), np.int64(28839), np.int64(11636), np.int64(32465), np.int64(17558))","(1, 0, 1, 1, 1, 1, 1, 1, 1, 1, 1, 1, 1, 1, 1, 1, 1, 0, 1, 1, 0, 1, 1, 1, 1, 1, 1, 1, 1, 1, 1, 1, 0, 1, 0, 1, 1, 0, 1, 0, 1, 1, 1, 1, 1, 1, 1, 1, 0, 0)"
0.644833,50,280.859932,0,"(np.int64(28839), np.int64(14979), np.int64(19346), np.int64(28839), np.int64(9326), np.int64(49949), np.int64(4425), np.int64(11814), np.int64(28839), np.int64(45123), np.int64(20683), np.int64(34506), np.int64(13227), np.int64(3925), np.int64(32433), np.int64(7294), np.int64(7376), np.int64(36337), np.int64(7376), np.int64(2959), np.int64(38955), np.int64(7376), np.int64(27379), np.int64(7376), np.int64(3943), np.int64(22529), np.int64(7376), np.int64(34074), np.int64(27369), np.int64(7376), np.int64(9518), np.int64(7376), np.int64(13429), np.int64(7376), np.int64(42632), np.int64(9518), np.int64(7376), np.int64(13429), np.int64(20496), np.int64(7376), np.int64(13429), np.int64(13429), np.int64(28909), np.int64(42385), np.int64(7376), np.int64(5607), np.int64(47959), np.int64(12420), np.int64(7376), np.int64(30279))","(0, 0, 0, 0, 0, 0, 0, 0, 0, 0, 0, 0, 0, 0, 0, 0, 0, 0, 0, 0, 0, 0, 0, 0, 0, 0, 0, 0, 0, 0, 0, 0, 0, 0, 1, 0, 0, 0, 0, 0, 0, 0, 0, 0, 0, 0, 0, 0, 0, 0)"
9.083019,50,281.40016,4,"(np.int64(47636), np.int64(7376), np.int64(7376), np.int64(13867), np.int64(7376), np.int64(49978), np.int64(7376), np.int64(13429), np.int64(47080), np.int64(7376), np.int64(13429), np.int64(2644), np.int64(17215), np.int64(3838), np.int64(19041), np.int64(11497), np.int64(5099), np.int64(5099), np.int64(31290), np.int64(35868), np.int64(15020), np.int64(5099), np.int64(9284), np.int64(15185), np.int64(5099), np.int64(30055), np.int64(15185), np.int64(15185), np.int64(13429), np.int64(13429), np.int64(13429), np.int64(13429), np.int64(39510), np.int64(37652), np.int64(15185), np.int64(13429), np.int64(8529), np.int64(46897), np.int64(33454), np.int64(35212), np.int64(40022), np.int64(15185), np.int64(13429), np.int64(17194), np.int64(13429), np.int64(32837), np.int64(13429), np.int64(13429), np.int64(34068), np.int64(13429))","(0, 0, 0, 1, 0, 0, 0, 1, 0, 0, 1, 1, 1, 1, 1, 0, 1, 1, 1, 0, 1, 1, 1, 1, 1, 0, 1, 1, 1, 1, 1, 1, 1, 0, 1, 1, 1, 0, 0, 0, 0, 1, 1, 1, 1, 1, 1, 1, 0, 1)"
13.371678,50,281.927835,5,"(np.int64(21552), np.int64(13829), np.int64(31656), np.int64(5099), np.int64(5099), np.int64(10615), np.int64(5099), np.int64(35950), np.int64(48469), np.int64(8523), np.int64(5099), np.int64(15185), np.int64(28011), np.int64(15185), np.int64(27510), np.int64(15185), np.int64(23790), np.int64(15185), np.int64(15185), np.int64(15185), np.int64(10062), np.int64(15185), np.int64(9518), np.int64(9518), np.int64(9518), np.int64(9518), np.int64(9082), np.int64(9518), np.int64(40013), np.int64(1071), np.int64(9518), np.int64(9131), np.int64(9518), np.int64(9518), np.int64(9518), np.int64(9518), np.int64(9518), np.int64(9518), np.int64(3583), np.int64(32850), np.int64(9518), np.int64(9518), np.int64(23128), np.int64(9518), np.int64(27927), np.int64(29024), np.int64(49707), np.int64(16731), np.int64(47309), np.int64(16731))","(0, 1, 1, 1, 1, 1, 1, 1, 1, 1, 1, 1, 1, 1, 0, 1, 1, 1, 1, 1, 1, 1, 1, 1, 1, 1, 1, 1, 1, 1, 1, 1, 1, 1, 1, 1, 1, 1, 1, 1, 1, 1, 0, 1, 1, 0, 1, 1, 0, 1)"
2.355175,50,282.463526,0,"(np.int64(16731), np.int64(16731), np.int64(14342), np.int64(16731), np.int64(2660), np.int64(16731), np.int64(16173), np.int64(16731), np.int64(16731), np.int64(14565), np.int64(16731), np.int64(1018), np.int64(16731), np.int64(1018), np.int64(16731), np.int64(40256), np.int64(26846), np.int64(16731), np.int64(38644), np.int64(16731), np.int64(27927), np.int64(1018), np.int64(1018), np.int64(16417), np.int64(26256), np.int64(47910), np.int64(48645), np.int64(8986), np.int64(48831), np.int64(14368), np.int64(14213), np.int64(14368), np.int64(14368), np.int64(41249), np.int64(565), np.int64(16702), np.int64(14368), np.int64(10246), np.int64(9202), np.int64(15533), np.int64(14368), np.int64(22190), np.int64(34130), np.int64(10316), np.int64(14368), np.int64(20833), np.int64(10246), np.int64(10246), np.int64(10246), np.int64(1835))","(0, 0, 0, 0, 0, 0, 0, 0, 0, 0, 0, 1, 0, 1, 0, 0, 0, 0, 0, 0, 1, 1, 1, 0, 0, 0, 0, 0, 0, 0, 0, 0, 0, 0, 0, 0, 0, 0, 0, 0, 0, 0, 0, 0, 0, 1, 0, 0, 0, 0)"
12.948431,50,282.996169,5,"(np.int64(6699), np.int64(14368), np.int64(6699), np.int64(1288), np.int64(5267), np.int64(10246), np.int64(10246), np.int64(36760), np.int64(10246), np.int64(10246), np.int64(10246), np.int64(10246), np.int64(10246), np.int64(37069), np.int64(12374), np.int64(10246), np.int64(36212), np.int64(10246), np.int64(10246), np.int64(29958), np.int64(10246), np.int64(10246), np.int64(7230), np.int64(10246), np.int64(10246), np.int64(10246), np.int64(44347), np.int64(10246), np.int64(49132), np.int64(10246), np.int64(10246), np.int64(19225), np.int64(33413), np.int64(10246), np.int64(10246), np.int64(10246), np.int64(12725), np.int64(10246), np.int64(679), np.int64(40493), np.int64(27046), np.int64(10246), np.int64(10246), np.int64(22907), np.int64(43096), np.int64(21304), np.int64(13236), np.int64(19708), np.int64(7445), np.int64(10246))","(1, 1, 1, 1, 1, 1, 1, 1, 1, 1, 1, 1, 1, 1, 1, 1, 1, 1, 1, 0, 1, 1, 1, 1, 1, 1, 0, 1, 1, 1, 1, 1, 1, 1, 1, 1, 1, 1, 1, 0, 1, 1, 1, 0, 1, 0, 1, 1, 1, 1)"
11.07181,50,283.538071,2,"(np.int64(21575), np.int64(21575), np.int64(10246), np.int64(32888), np.int64(21575), np.int64(9322), np.int64(20143), np.int64(12937), np.int64(21575), np.int64(7172), np.int64(21575), np.int64(21575), np.int64(21575), np.int64(28548), np.int64(38505), np.int64(21575), np.int64(21575), np.int64(21575), np.int64(21575), np.int64(21575), np.int64(3460), np.int64(21575), np.int64(21575), np.int64(21575), np.int64(4754), np.int64(19410), np.int64(21575), np.int64(21575), np.int64(4598), np.int64(21575), np.int64(15801), np.int64(21575), np.int64(15801), np.int64(22612), np.int64(29446), np.int64(17200), np.int64(17200), np.int64(17200), np.int64(24954), np.int64(31366), np.int64(10657), np.int64(10657), np.int64(10657), np.int64(17200), np.int64(17200), np.int64(17200), np.int64(46263), np.int64(17200), np.int64(8741), np.int64(1238))","(0, 0, 1, 1, 0, 1, 1, 1, 0, 1, 0, 0, 0, 0, 0, 0, 0, 0, 0, 0, 1, 0, 0, 0, 1, 1, 0, 0, 1, 0, 1, 0, 1, 0, 0, 1, 1, 1, 1, 1, 1, 1, 1, 1, 1, 1, 0, 1, 1, 1)"
14.220387,50,284.065883,6,"(np.int64(12303), np.int64(17200), np.int64(10657), np.int64(11174), np.int64(4415), np.int64(10657), np.int64(10657), np.int64(16732), np.int64(10657), np.int64(9327), np.int64(1926), np.int64(42923), np.int64(10657), np.int64(46377), np.int64(17200), np.int64(15407), np.int64(18522), np.int64(10657), np.int64(17200), np.int64(12771), np.int64(17200), np.int64(22867), np.int64(17200), np.int64(28265), np.int64(10094), np.int64(23566), np.int64(11746), np.int64(12602), np.int64(10657), np.int64(17200), np.int64(25314), np.int64(6844), np.int64(17200), np.int64(7572), np.int64(17200), np.int64(17200), np.int64(39821), np.int64(17200), np.int64(15014), np.int64(17200), np.int64(49006), np.int64(43775), np.int64(17200), np.int64(17200), np.int64(15292), np.int64(17200), np.int64(17200), np.int64(15801), np.int64(25367), np.int64(13095))","(1, 1, 1, 1, 1, 1, 1, 1, 1, 1, 1, 0, 1, 0, 1, 1, 0, 1, 1, 1, 1, 0, 1, 0, 1, 1, 1, 1, 1, 1, 1, 1, 1, 1, 1, 1, 0, 1, 1, 1, 1, 0, 1, 1, 1, 1, 1, 1, 1, 1)"
7.462721,50,284.61066,6,"(np.int64(49083), np.int64(38515), np.int64(18448), np.int64(17200), np.int64(43344), np.int64(17200), np.int64(17200), np.int64(17200), np.int64(29532), np.int64(17200), np.int64(17200), np.int64(26788), np.int64(42727), np.int64(28126), np.int64(40128), np.int64(17200), np.int64(29137), np.int64(28126), np.int64(28126), np.int64(28126), np.int64(28126), np.int64(20247), np.int64(28126), np.int64(28126), np.int64(14682), np.int64(28126), np.int64(28126), np.int64(28126), np.int64(34661), np.int64(28126), np.int64(2304), np.int64(48557), np.int64(28126), np.int64(8161), np.int64(28126), np.int64(28126), np.int64(28126), np.int64(28126), np.int64(28126), np.int64(28126), np.int64(41784), np.int64(28126), np.int64(21213), np.int64(41069), np.int64(6120), np.int64(179), np.int64(6120), np.int64(29152), np.int64(8173), np.int64(6120))","(0, 0, 1, 1, 0, 1, 1, 1, 0, 1, 1, 0, 1, 1, 0, 1, 1, 1, 1, 1, 1, 0, 1, 1, 1, 1, 1, 1, 0, 1, 0, 0, 1, 1, 1, 1, 1, 1, 1, 1, 0, 1, 1, 0, 1, 1, 1, 1, 1, 1)"
9.119276,50,285.136303,3,"(np.int64(31923), np.int64(6120), np.int64(6120), np.int64(6120), np.int64(14927), np.int64(6120), np.int64(6120), np.int64(6120), np.int64(6120), np.int64(31655), np.int64(6120), np.int64(6120), np.int64(5198), np.int64(6120), np.int64(33725), np.int64(6120), np.int64(40764), np.int64(6120), np.int64(36863), np.int64(4989), np.int64(10596), np.int64(4276), np.int64(18617), np.int64(10107), np.int64(9771), np.int64(6120), np.int64(10107), np.int64(32481), np.int64(10107), np.int64(44263), np.int64(10107), np.int64(10107), np.int64(39339), np.int64(10107), np.int64(47793), np.int64(10107), np.int64(10107), np.int64(17631), np.int64(10107), np.int64(48279), np.int64(10107), np.int64(47712), np.int64(16153), np.int64(28604), np.int64(28604), np.int64(9958), np.int64(28604), np.int64(24104), np.int64(28604), np.int64(28916))","(0, 1, 1, 1, 1, 1, 1, 1, 1, 0, 1, 1, 1, 1, 0, 1, 0, 1, 1, 1, 1, 1, 1, 1, 1, 1, 1, 1, 1, 0, 1, 1, 1, 1, 0, 1, 1, 0, 1, 0, 1, 0, 1, 1, 1, 1, 1, 1, 1, 0)"
8.575118,50,285.669209,4,"(np.int64(28604), np.int64(28604), np.int64(28604), np.int64(18452), np.int64(15960), np.int64(28604), np.int64(13096), np.int64(39382), np.int64(28604), np.int64(28604), np.int64(24451), np.int64(28604), np.int64(28604), np.int64(3595), np.int64(28604), np.int64(28604), np.int64(28604), np.int64(34466), np.int64(28604), np.int64(28604), np.int64(8383), np.int64(31544), np.int64(9534), np.int64(28604), np.int64(40443), np.int64(29913), np.int64(28604), np.int64(28604), np.int64(28604), np.int64(28604), np.int64(27109), np.int64(20658), np.int64(30081), np.int64(28604), np.int64(28604), np.int64(16977), np.int64(16785), np.int64(28604), np.int64(28604), np.int64(6747), np.int64(28604), np.int64(6747), np.int64(28604), np.int64(48762), np.int64(28604), np.int64(14902), np.int64(23575), np.int64(4826), np.int64(42786), np.int64(30684))","(1, 1, 1, 0, 1, 1, 1, 1, 1, 1, 1, 1, 1, 1, 1, 1, 1, 0, 1, 1, 1, 0, 1, 1, 0, 0, 1, 1, 1, 1, 0, 1, 0, 1, 1, 1, 1, 1, 1, 1, 1, 1, 1, 0, 1, 1, 0, 1, 0, 0)"
2.934059,50,286.19551,8,"(np.int64(28604), np.int64(10587), np.int64(35271), np.int64(28604), np.int64(28604), np.int64(49161), np.int64(28604), np.int64(28604), np.int64(39380), np.int64(28604), np.int64(403), np.int64(28604), np.int64(40835), np.int64(28604), np.int64(28604), np.int64(36474), np.int64(28604), np.int64(36474), np.int64(36474), np.int64(36474), np.int64(36474), np.int64(36474), np.int64(35099), np.int64(43168), np.int64(36474), np.int64(36474), np.int64(47641), np.int64(36474), np.int64(17473), np.int64(36474), np.int64(36474), np.int64(48800), np.int64(36474), np.int64(36474), np.int64(39471), np.int64(36474), np.int64(15169), np.int64(30819), np.int64(36474), np.int64(28081), np.int64(36474), np.int64(36474), np.int64(27698), np.int64(36474), np.int64(36474), np.int64(16672), np.int64(36474), np.int64(30020), np.int64(36474), np.int64(36474))","(1, 1, 0, 1, 1, 0, 1, 1, 0, 1, 1, 1, 0, 1, 1, 0, 1, 0, 0, 0, 0, 0, 0, 0, 0, 0, 0, 0, 0, 0, 0, 0, 0, 0, 0, 0, 1, 0, 0, 0, 0, 0, 0, 0, 0, 1, 0, 0, 0, 0)"
7.573767,50,286.733518,5,"(np.int64(36474), np.int64(36474), np.int64(39787), np.int64(36474), np.int64(34251), np.int64(27795), np.int64(36474), np.int64(36474), np.int64(36474), np.int64(36474), np.int64(5863), np.int64(36474), np.int64(36474), np.int64(36474), np.int64(36474), np.int64(36474), np.int64(10160), np.int64(44569), np.int64(5881), np.int64(36474), np.int64(25397), np.int64(36474), np.int64(44190), np.int64(46595), np.int64(36474), np.int64(36474), np.int64(36474), np.int64(16485), np.int64(36474), np.int64(36474), np.int64(47958), np.int64(47551), np.int64(30041), np.int64(9237), np.int64(36474), np.int64(36474), np.int64(36474), np.int64(3186), np.int64(36474), np.int64(39657), np.int64(47431), np.int64(145), np.int64(35998), np.int64(35998), np.int64(35998), np.int64(35998), np.int64(35998), np.int64(35998), np.int64(35998), np.int64(35998))","(0, 0, 0, 0, 0, 0, 0, 0, 0, 0, 1, 0, 0, 0, 0, 0, 1, 0, 1, 0, 1, 0, 0, 1, 0, 0, 0, 1, 0, 0, 0, 0, 0, 1, 0, 0, 0, 1, 0, 1, 1, 1, 1, 1, 1, 1, 1, 1, 1, 1)"
8.800268,50,287.266966,5,"(np.int64(35998), np.int64(26293), np.int64(36161), np.int64(23956), np.int64(36161), np.int64(35998), np.int64(30928), np.int64(36161), np.int64(35998), np.int64(35998), np.int64(35998), np.int64(47714), np.int64(8600), np.int64(36161), np.int64(35998), np.int64(39599), np.int64(35998), np.int64(37830), np.int64(3441), np.int64(33773), np.int64(3187), np.int64(36161), np.int64(36161), np.int64(44693), np.int64(36161), np.int64(23433), np.int64(36161), np.int64(19189), np.int64(36161), np.int64(19189), np.int64(6699), np.int64(6699), np.int64(1687), np.int64(6699), np.int64(6699), np.int64(6699), np.int64(19275), np.int64(24455), np.int64(39244), np.int64(6699), np.int64(6699), np.int64(6699), np.int64(6699), np.int64(6699), np.int64(6699), np.int64(6699), np.int64(25273), np.int64(6699), np.int64(6699), np.int64(30169))","(1, 1, 1, 1, 1, 1, 0, 1, 1, 1, 1, 0, 1, 1, 1, 0, 1, 1, 1, 0, 1, 1, 1, 0, 1, 1, 1, 1, 1, 1, 1, 1, 1, 1, 1, 1, 1, 0, 0, 1, 1, 1, 1, 1, 1, 1, 0, 1, 1, 0)"
8.814135,50,287.804838,7,"(np.int64(6699), np.int64(28055), np.int64(6699), np.int64(155), np.int64(6699), np.int64(19489), np.int64(29394), np.int64(41705), np.int64(6699), np.int64(6396), np.int64(22345), np.int64(6699), np.int64(30211), np.int64(6699), np.int64(6699), np.int64(6699), np.int64(34537), np.int64(6699), np.int64(6699), np.int64(6699), np.int64(19189), np.int64(1594), np.int64(6699), np.int64(6699), np.int64(7589), np.int64(12527), np.int64(12223), np.int64(6699), np.int64(19189), np.int64(19189), np.int64(19189), np.int64(4415), np.int64(4112), np.int64(19189), np.int64(13163), np.int64(19189), np.int64(19189), np.int64(4434), np.int64(5161), np.int64(19189), np.int64(19539), np.int64(19189), np.int64(19189), np.int64(19189), np.int64(35946), np.int64(17952), np.int64(47758), np.int64(19189), np.int64(34294), np.int64(19189))","(1, 1, 1, 1, 1, 0, 0, 0, 1, 1, 0, 1, 0, 1, 1, 1, 0, 1, 1, 1, 1, 1, 1, 1, 1, 0, 1, 1, 1, 1, 1, 1, 1, 1, 1, 1, 1, 1, 1, 1, 1, 1, 1, 1, 1, 0, 0, 1, 0, 1)"
6.078509,50,288.327837,6,"(np.int64(19189), np.int64(19189), np.int64(19189), np.int64(19189), np.int64(19189), np.int64(19189), np.int64(48208), np.int64(36709), np.int64(19189), np.int64(43856), np.int64(19189), np.int64(19189), np.int64(19189), np.int64(19189), np.int64(19189), np.int64(19189), np.int64(19189), np.int64(19189), np.int64(19733), np.int64(19189), np.int64(19189), np.int64(15773), np.int64(25742), np.int64(19189), np.int64(42943), np.int64(3694), np.int64(27804), np.int64(19189), np.int64(15773), np.int64(10584), np.int64(39901), np.int64(39901), np.int64(1572), np.int64(39901), np.int64(39901), np.int64(39901), np.int64(39901), np.int64(1140), np.int64(39901), np.int64(39901), np.int64(3370), np.int64(39901), np.int64(15773), np.int64(39901), np.int64(15773), np.int64(39901), np.int64(15773), np.int64(39901), np.int64(12096), np.int64(39901))","(1, 1, 1, 1, 1, 1, 0, 0, 1, 0, 1, 1, 1, 1, 1, 1, 1, 1, 1, 1, 1, 1, 0, 1, 0, 1, 1, 1, 1, 1, 0, 0, 1, 0, 0, 0, 0, 1, 0, 0, 1, 0, 1, 0, 1, 0, 1, 0, 1, 0)"
6.707215,50,288.864591,8,"(np.int64(11218), np.int64(11218), np.int64(3536), np.int64(12994), np.int64(38279), np.int64(35604), np.int64(11218), np.int64(32996), np.int64(11218), np.int64(15773), np.int64(11218), np.int64(44019), np.int64(40976), np.int64(11218), np.int64(15773), np.int64(869), np.int64(30780), np.int64(11218), np.int64(15773), np.int64(8138), np.int64(35945), np.int64(15773), np.int64(15773), np.int64(6754), np.int64(15773), np.int64(40198), np.int64(15773), np.int64(15773), np.int64(15773), np.int64(15773), np.int64(5292), np.int64(15773), np.int64(15773), np.int64(15773), np.int64(15773), np.int64(13196), np.int64(17739), np.int64(43410), np.int64(36967), np.int64(15773), np.int64(15773), np.int64(11949), np.int64(28343), np.int64(34402), np.int64(49886), np.int64(12778), np.int64(9613), np.int64(27528), np.int64(12778), np.int64(12778))","(1, 1, 1, 0, 0, 0, 1, 0, 1, 1, 1, 0, 0, 1, 1, 1, 0, 1, 1, 1, 0, 1, 1, 1, 1, 0, 1, 1, 1, 1, 1, 1, 1, 1, 1, 1, 0, 0, 0, 1, 1, 1, 0, 0, 0, 1, 1, 0, 1, 1)"
7.697631,50,289.397784,7,"(np.int64(12778), np.int64(12778), np.int64(11257), np.int64(26831), np.int64(12778), np.int64(12778), np.int64(12778), np.int64(12778), np.int64(12778), np.int64(30935), np.int64(17513), np.int64(24641), np.int64(12778), np.int64(19213), np.int64(12778), np.int64(12778), np.int64(12778), np.int64(12778), np.int64(6348), np.int64(12778), np.int64(11949), np.int64(12778), np.int64(11949), np.int64(8824), np.int64(26821), np.int64(12778), np.int64(12983), np.int64(12778), np.int64(10015), np.int64(12778), np.int64(11949), np.int64(12778), np.int64(11949), np.int64(28644), np.int64(32183), np.int64(12778), np.int64(28436), np.int64(12778), np.int64(11949), np.int64(12778), np.int64(38222), np.int64(12778), np.int64(19561), np.int64(12778), np.int64(29224), np.int64(19849), np.int64(12778), np.int64(11949), np.int64(32719), np.int64(12778))","(1, 1, 0, 1, 1, 1, 1, 1, 1, 0, 0, 1, 1, 1, 1, 1, 1, 1, 0, 1, 1, 1, 1, 1, 1, 1, 1, 1, 1, 1, 1, 1, 1, 1, 0, 1, 0, 1, 1, 1, 0, 1, 1, 1, 1, 1, 1, 1, 0, 1)"
7.814427,50,289.931905,6,"(np.int64(1960), np.int64(1960), np.int64(25225), np.int64(1960), np.int64(13514), np.int64(47522), np.int64(1960), np.int64(38996), np.int64(42014), np.int64(22833), np.int64(38458), np.int64(1960), np.int64(7159), np.int64(1960), np.int64(11418), np.int64(1960), np.int64(5458), np.int64(34458), np.int64(3353), np.int64(33926), np.int64(3353), np.int64(36106), np.int64(3353), np.int64(6986), np.int64(49202), np.int64(5894), np.int64(3353), np.int64(3353), np.int64(3353), np.int64(11949), np.int64(44882), np.int64(3353), np.int64(17624), np.int64(3353), np.int64(46233), np.int64(43565), np.int64(44142), np.int64(27533), np.int64(3353), np.int64(11420), np.int64(3353), np.int64(29827), np.int64(143), np.int64(3353), np.int64(11949), np.int64(3353), np.int64(11949), np.int64(11949), np.int64(3353), np.int64(5216))","(1, 1, 1, 1, 0, 1, 1, 0, 0, 0, 0, 1, 0, 1, 1, 1, 0, 0, 1, 0, 1, 0, 1, 1, 0, 1, 1, 1, 1, 1, 0, 1, 1, 1, 1, 0, 0, 0, 1, 1, 1, 0, 1, 1, 1, 1, 1, 1, 1, 1)"
9.185312,50,290.457664,5,"(np.int64(14500), np.int64(3353), np.int64(3353), np.int64(17881), np.int64(18514), np.int64(3353), np.int64(1960), np.int64(1960), np.int64(1960), np.int64(1960), np.int64(8419), np.int64(2662), np.int64(1960), np.int64(15773), np.int64(1960), np.int64(40659), np.int64(15773), np.int64(1960), np.int64(15773), np.int64(34008), np.int64(15773), np.int64(8355), np.int64(15773), np.int64(6487), np.int64(15773), np.int64(25415), np.int64(15773), np.int64(15773), np.int64(15773), np.int64(10480), np.int64(15773), np.int64(15773), np.int64(15773), np.int64(11949), np.int64(25145), np.int64(1960), np.int64(8753), np.int64(1960), np.int64(15773), np.int64(15773), np.int64(11949), np.int64(15773), np.int64(11949), np.int64(1960), np.int64(786), np.int64(1960), np.int64(6993), np.int64(1960), np.int64(1960), np.int64(48908))","(0, 1, 1, 1, 1, 1, 1, 1, 1, 1, 1, 1, 1, 1, 1, 0, 1, 1, 1, 0, 1, 1, 1, 1, 1, 1, 1, 1, 1, 1, 1, 1, 1, 1, 1, 1, 0, 1, 1, 1, 1, 1, 1, 1, 1, 1, 0, 1, 1, 0)"
1.65464,50,290.990388,0,"(np.int64(1960), np.int64(1960), np.int64(35929), np.int64(1960), np.int64(1960), np.int64(46759), np.int64(1960), np.int64(24488), np.int64(7738), np.int64(22604), np.int64(1960), np.int64(30377), np.int64(1960), np.int64(42084), np.int64(23766), np.int64(1960), np.int64(35453), np.int64(1960), np.int64(1904), np.int64(38331), np.int64(28076), np.int64(1960), np.int64(1960), np.int64(28477), np.int64(6234), np.int64(1960), np.int64(26903), np.int64(6234), np.int64(6234), np.int64(6234), np.int64(41059), np.int64(1960), np.int64(6234), np.int64(6234), np.int64(6234), np.int64(6234), np.int64(25920), np.int64(14726), np.int64(6234), np.int64(6234), np.int64(6234), np.int64(6234), np.int64(15053), np.int64(6234), np.int64(6234), np.int64(6234), np.int64(6234), np.int64(38777), np.int64(28991), np.int64(28991))","(1, 1, 0, 1, 1, 0, 1, 0, 0, 0, 1, 0, 1, 0, 0, 1, 0, 1, 0, 0, 0, 1, 1, 0, 0, 1, 0, 0, 0, 0, 0, 1, 0, 0, 0, 0, 0, 1, 0, 0, 0, 0, 0, 0, 0, 0, 0, 0, 0, 0)"
0.0,50,291.520739,0,"(np.int64(10898), np.int64(28991), np.int64(28991), np.int64(15992), np.int64(45906), np.int64(28991), np.int64(28991), np.int64(28991), np.int64(28991), np.int64(28991), np.int64(13960), np.int64(28991), np.int64(28991), np.int64(28991), np.int64(28991), np.int64(28991), np.int64(6183), np.int64(28991), np.int64(45673), np.int64(28991), np.int64(28991), np.int64(6183), np.int64(6183), np.int64(45966), np.int64(6183), np.int64(6183), np.int64(6377), np.int64(6377), np.int64(35877), np.int64(6377), np.int64(31197), np.int64(6377), np.int64(6377), np.int64(30872), np.int64(6377), np.int64(6377), np.int64(6377), np.int64(6377), np.int64(6377), np.int64(6377), np.int64(43249), np.int64(6377), np.int64(6377), np.int64(6377), np.int64(6377), np.int64(6377), np.int64(6183), np.int64(48173), np.int64(6183), np.int64(6183))","(0, 0, 0, 0, 0, 0, 0, 0, 0, 0, 0, 0, 0, 0, 0, 0, 0, 0, 0, 0, 0, 0, 0, 0, 0, 0, 0, 0, 0, 0, 0, 0, 0, 0, 0, 0, 0, 0, 0, 0, 0, 0, 0, 0, 0, 0, 0, 0, 0, 0)"
1.512222,50,292.049552,0,"(np.int64(13996), np.int64(6737), np.int64(6737), np.int64(2290), np.int64(6737), np.int64(24898), np.int64(20928), np.int64(25136), np.int64(7950), np.int64(31665), np.int64(39258), np.int64(38407), np.int64(17608), np.int64(6737), np.int64(16145), np.int64(36086), np.int64(27445), np.int64(37670), np.int64(43403), np.int64(36147), np.int64(44759), np.int64(6737), np.int64(20928), np.int64(39987), np.int64(302), np.int64(34950), np.int64(20928), np.int64(20928), np.int64(938), np.int64(34201), np.int64(49453), np.int64(40866), np.int64(16901), np.int64(16901), np.int64(16901), np.int64(12927), np.int64(16901), np.int64(20928), np.int64(20928), np.int64(36242), np.int64(20928), np.int64(20928), np.int64(20928), np.int64(20928), np.int64(37504), np.int64(2847), np.int64(16901), np.int64(47505), np.int64(16901), np.int64(48384))","(0, 0, 0, 1, 0, 0, 0, 0, 0, 0, 0, 0, 0, 0, 0, 0, 0, 0, 0, 0, 0, 0, 0, 0, 0, 0, 0, 0, 0, 1, 0, 0, 0, 0, 0, 0, 0, 0, 0, 0, 0, 0, 0, 0, 0, 0, 0, 0, 0, 0)"
11.552333,50,292.576247,1,"(np.int64(16901), np.int64(16901), np.int64(16901), np.int64(14736), np.int64(16901), np.int64(23138), np.int64(31717), np.int64(16901), np.int64(16901), np.int64(5655), np.int64(16901), np.int64(47508), np.int64(16901), np.int64(20928), np.int64(16901), np.int64(22492), np.int64(16182), np.int64(10231), np.int64(7411), np.int64(16901), np.int64(16901), np.int64(20928), np.int64(47382), np.int64(7160), np.int64(16901), np.int64(20928), np.int64(16901), np.int64(20928), np.int64(16901), np.int64(40159), np.int64(16901), np.int64(6183), np.int64(16901), np.int64(37414), np.int64(22161), np.int64(16901), np.int64(6183), np.int64(6183), np.int64(5789), np.int64(6183), np.int64(22398), np.int64(14525), np.int64(6183), np.int64(2), np.int64(6183), np.int64(6183), np.int64(23903), np.int64(3496), np.int64(9978), np.int64(6183))","(0, 0, 0, 1, 0, 0, 1, 0, 0, 1, 0, 0, 0, 1, 0, 0, 1, 1, 1, 0, 0, 1, 0, 1, 0, 1, 0, 1, 0, 1, 0, 1, 0, 1, 1, 0, 1, 1, 1, 1, 0, 1, 1, 1, 1, 1, 1, 1, 1, 1)"
9.834183,50,293.120762,3,"(np.int64(7980), np.int64(27578), np.int64(6183), np.int64(6183), np.int64(37443), np.int64(6183), np.int64(29715), np.int64(6183), np.int64(12801), np.int64(6183), np.int64(20774), np.int64(6183), np.int64(6666), np.int64(6666), np.int64(35854), np.int64(5409), np.int64(49032), np.int64(13996), np.int64(13996), np.int64(13996), np.int64(13996), np.int64(5577), np.int64(13996), np.int64(13996), np.int64(6666), np.int64(44933), np.int64(47543), np.int64(6666), np.int64(3900), np.int64(3900), np.int64(3900), np.int64(34692), np.int64(37697), np.int64(3138), np.int64(3900), np.int64(3900), np.int64(3900), np.int64(3900), np.int64(34298), np.int64(3900), np.int64(3900), np.int64(3900), np.int64(17896), np.int64(3900), np.int64(4625), np.int64(12664), np.int64(44542), np.int64(3900), np.int64(31869), np.int64(3900))","(1, 0, 1, 1, 1, 1, 1, 1, 1, 1, 1, 1, 1, 1, 0, 1, 1, 1, 1, 1, 1, 0, 1, 1, 1, 0, 1, 1, 1, 1, 1, 0, 0, 1, 1, 1, 1, 1, 1, 1, 1, 1, 1, 1, 1, 1, 0, 1, 0, 1)"
9.358821,50,293.654216,3,"(np.int64(15522), np.int64(23250), np.int64(15522), np.int64(15522), np.int64(6130), np.int64(1119), np.int64(15522), np.int64(28906), np.int64(14039), np.int64(15522), np.int64(3900), np.int64(7513), np.int64(15522), np.int64(3900), np.int64(15522), np.int64(3900), np.int64(3900), np.int64(513), np.int64(16201), np.int64(15522), np.int64(3900), np.int64(1219), np.int64(20250), np.int64(37865), np.int64(15522), np.int64(14220), np.int64(15522), np.int64(3900), np.int64(3900), np.int64(3900), np.int64(46633), np.int64(3900), np.int64(3306), np.int64(6006), np.int64(13117), np.int64(15522), np.int64(3900), np.int64(2052), np.int64(3900), np.int64(3238), np.int64(21013), np.int64(15522), np.int64(48977), np.int64(12942), np.int64(15522), np.int64(37945), np.int64(35249), np.int64(15522), np.int64(3900), np.int64(3900))","(1, 0, 1, 1, 0, 0, 1, 0, 1, 1, 1, 1, 1, 1, 1, 1, 1, 1, 1, 1, 1, 1, 1, 0, 1, 1, 1, 1, 1, 1, 0, 1, 1, 1, 0, 1, 1, 1, 1, 1, 1, 1, 1, 1, 1, 0, 0, 1, 1, 1)"
7.258647,50,294.198643,7,"(np.int64(15522), np.int64(15522), np.int64(15522), np.int64(15522), np.int64(15522), np.int64(3900), np.int64(15522), np.int64(3900), np.int64(15522), np.int64(3900), np.int64(15522), np.int64(3900), np.int64(21971), np.int64(48597), np.int64(30258), np.int64(36487), np.int64(15522), np.int64(2684), np.int64(1385), np.int64(14868), np.int64(15522), np.int64(33943), np.int64(15522), np.int64(3900), np.int64(15522), np.int64(41440), np.int64(19389), np.int64(15522), np.int64(15522), np.int64(41440), np.int64(15522), np.int64(48681), np.int64(15522), np.int64(31400), np.int64(15522), np.int64(41440), np.int64(15522), np.int64(41440), np.int64(34669), np.int64(15522), np.int64(8246), np.int64(5433), np.int64(15522), np.int64(41440), np.int64(41440), np.int64(12285), np.int64(41440), np.int64(10810), np.int64(41440), np.int64(41440))","(1, 1, 1, 1, 1, 1, 1, 1, 1, 1, 1, 1, 1, 0, 0, 1, 1, 1, 1, 1, 1, 0, 1, 1, 1, 0, 1, 1, 1, 0, 1, 0, 1, 1, 1, 0, 1, 0, 0, 1, 1, 1, 1, 0, 0, 0, 0, 1, 0, 0)"
11.537807,50,294.723627,6,"(np.int64(15522), np.int64(15522), np.int64(39900), np.int64(41440), np.int64(41440), np.int64(809), np.int64(49153), np.int64(44428), np.int64(45051), np.int64(41440), np.int64(18893), np.int64(41440), np.int64(25111), np.int64(41440), np.int64(36308), np.int64(18391), np.int64(5707), np.int64(538), np.int64(5707), np.int64(5707), np.int64(5707), np.int64(5707), np.int64(47096), np.int64(34547), np.int64(37723), np.int64(7933), np.int64(49006), np.int64(5707), np.int64(5707), np.int64(5707), np.int64(7007), np.int64(35649), np.int64(5707), np.int64(5707), np.int64(6285), np.int64(5707), np.int64(16795), np.int64(5707), np.int64(21747), np.int64(1173), np.int64(7462), np.int64(5707), np.int64(6285), np.int64(6285), np.int64(24454), np.int64(5707), np.int64(40653), np.int64(48606), np.int64(16547), np.int64(27762))","(1, 1, 0, 0, 0, 1, 1, 0, 0, 0, 0, 0, 1, 0, 1, 1, 1, 1, 1, 1, 1, 1, 0, 0, 1, 1, 1, 1, 1, 1, 1, 1, 1, 1, 1, 1, 1, 1, 0, 1, 1, 1, 1, 1, 1, 1, 0, 1, 0, 0)"
5.382111,50,295.266361,2,"(np.int64(6285), np.int64(49551), np.int64(5707), np.int64(18121), np.int64(47087), np.int64(6285), np.int64(6285), np.int64(6285), np.int64(21831), np.int64(6285), np.int64(6285), np.int64(6285), np.int64(8862), np.int64(6285), np.int64(23393), np.int64(20492), np.int64(6285), np.int64(6285), np.int64(23250), np.int64(6285), np.int64(6285), np.int64(6285), np.int64(6285), np.int64(4730), np.int64(6285), np.int64(6285), np.int64(31089), np.int64(6285), np.int64(6285), np.int64(6285), np.int64(6285), np.int64(6285), np.int64(6285), np.int64(6285), np.int64(43235), np.int64(6285), np.int64(6285), np.int64(6285), np.int64(41606), np.int64(31403), np.int64(6285), np.int64(6285), np.int64(21678), np.int64(6285), np.int64(33734), np.int64(6285), np.int64(6285), np.int64(6285), np.int64(6285), np.int64(6285))","(1, 1, 1, 1, 0, 1, 1, 1, 1, 1, 1, 1, 1, 1, 0, 1, 1, 1, 0, 1, 1, 1, 1, 0, 1, 1, 0, 1, 1, 1, 1, 1, 1, 1, 0, 1, 1, 1, 0, 0, 1, 1, 1, 1, 0, 1, 1, 1, 1, 1)"
4.97853,50,295.800084,7,"(np.int64(6285), np.int64(6285), np.int64(6285), np.int64(6285), np.int64(46199), np.int64(12305), np.int64(45898), np.int64(6285), np.int64(6441), np.int64(6285), np.int64(6285), np.int64(11121), np.int64(6291), np.int64(6285), np.int64(6285), np.int64(25798), np.int64(6285), np.int64(6285), np.int64(6285), np.int64(6285), np.int64(11369), np.int64(6285), np.int64(6285), np.int64(48449), np.int64(6285), np.int64(6285), np.int64(6285), np.int64(13435), np.int64(35474), np.int64(3030), np.int64(3030), np.int64(3030), np.int64(3030), np.int64(3030), np.int64(47296), np.int64(43893), np.int64(3030), np.int64(3030), np.int64(3030), np.int64(3030), np.int64(6285), np.int64(6285), np.int64(6285), np.int64(36494), np.int64(6285), np.int64(6285), np.int64(6285), np.int64(16634), np.int64(6285), np.int64(6285))","(1, 1, 1, 1, 0, 0, 0, 1, 0, 1, 1, 1, 1, 1, 1, 0, 1, 1, 1, 1, 0, 1, 1, 0, 1, 1, 1, 1, 1, 1, 1, 1, 1, 1, 0, 0, 1, 1, 1, 1, 1, 1, 1, 1, 1, 1, 1, 1, 1, 1)"
8.718794,50,296.331766,8,"(np.int64(36551), np.int64(46909), np.int64(9770), np.int64(33616), np.int64(8498), np.int64(1156), np.int64(1357), np.int64(1357), np.int64(1357), np.int64(1357), np.int64(1357), np.int64(1357), np.int64(1357), np.int64(1357), np.int64(1357), np.int64(19809), np.int64(1357), np.int64(1357), np.int64(24145), np.int64(35650), np.int64(45202), np.int64(1357), np.int64(23258), np.int64(6274), np.int64(9355), np.int64(34030), np.int64(29157), np.int64(29157), np.int64(29157), np.int64(25604), np.int64(23377), np.int64(29852), np.int64(46381), np.int64(29157), np.int64(3315), np.int64(21729), np.int64(4173), np.int64(48294), np.int64(21729), np.int64(40727), np.int64(13535), np.int64(8701), np.int64(39200), np.int64(10033), np.int64(8643), np.int64(14943), np.int64(13535), np.int64(13068), np.int64(13535), np.int64(13535))","(0, 0, 1, 0, 1, 1, 1, 1, 1, 1, 1, 1, 1, 1, 1, 1, 1, 1, 0, 0, 0, 1, 0, 1, 1, 0, 1, 1, 1, 0, 0, 0, 0, 1, 1, 1, 1, 0, 1, 0, 1, 0, 0, 1, 1, 0, 1, 0, 1, 1)"
5.877228,50,296.847264,2,"(np.int64(37060), np.int64(592), np.int64(13535), np.int64(13535), np.int64(3254), np.int64(13535), np.int64(13535), np.int64(46179), np.int64(43329), np.int64(13535), np.int64(13535), np.int64(38516), np.int64(13535), np.int64(13535), np.int64(32501), np.int64(13535), np.int64(13535), np.int64(41028), np.int64(34009), np.int64(13535), np.int64(13535), np.int64(23455), np.int64(29436), np.int64(13535), np.int64(13535), np.int64(13535), np.int64(13535), np.int64(13535), np.int64(13535), np.int64(46949), np.int64(13535), np.int64(13535), np.int64(48538), np.int64(41367), np.int64(13535), np.int64(13535), np.int64(13893), np.int64(13535), np.int64(14858), np.int64(41532), np.int64(13535), np.int64(13535), np.int64(36491), np.int64(13535), np.int64(13535), np.int64(13535), np.int64(13535), np.int64(13535), np.int64(13535), np.int64(13535))","(1, 1, 1, 1, 1, 1, 1, 1, 0, 1, 1, 0, 1, 1, 0, 1, 1, 0, 0, 1, 1, 1, 0, 1, 1, 1, 1, 1, 1, 1, 1, 1, 0, 0, 1, 1, 0, 1, 1, 0, 1, 1, 1, 1, 1, 1, 1, 1, 1, 1)"
8.091874,50,297.38895,8,"(np.int64(17353), np.int64(5112), np.int64(8792), np.int64(35674), np.int64(5112), np.int64(35674), np.int64(5112), np.int64(8276), np.int64(5112), np.int64(5112), np.int64(5112), np.int64(8287), np.int64(5112), np.int64(5112), np.int64(12647), np.int64(5112), np.int64(35674), np.int64(35674), np.int64(25601), np.int64(5112), np.int64(35674), np.int64(25367), np.int64(35674), np.int64(35674), np.int64(35674), np.int64(35674), np.int64(10090), np.int64(35674), np.int64(15751), np.int64(49543), np.int64(35674), np.int64(14379), np.int64(47072), np.int64(35674), np.int64(688), np.int64(35674), np.int64(9891), np.int64(19912), np.int64(7244), np.int64(35674), np.int64(35674), np.int64(9891), np.int64(18862), np.int64(35674), np.int64(9891), np.int64(35674), np.int64(31121), np.int64(19630), np.int64(35674), np.int64(9891))","(0, 1, 1, 0, 1, 0, 1, 1, 1, 1, 1, 1, 1, 1, 1, 1, 0, 0, 0, 1, 0, 1, 0, 0, 0, 0, 1, 0, 1, 0, 0, 1, 0, 0, 1, 0, 1, 1, 1, 0, 0, 1, 0, 0, 1, 0, 0, 1, 0, 1)"
0.832845,50,297.916346,0,"(np.int64(35674), np.int64(13135), np.int64(29438), np.int64(35674), np.int64(39007), np.int64(35674), np.int64(35674), np.int64(35674), np.int64(35674), np.int64(35674), np.int64(35674), np.int64(35674), np.int64(36739), np.int64(4190), np.int64(8983), np.int64(35674), np.int64(47109), np.int64(35674), np.int64(23146), np.int64(24497), np.int64(35674), np.int64(8590), np.int64(35674), np.int64(11729), np.int64(35674), np.int64(14453), np.int64(14639), np.int64(17221), np.int64(35674), np.int64(11729), np.int64(32476), np.int64(11729), np.int64(33510), np.int64(11729), np.int64(11729), np.int64(11729), np.int64(17295), np.int64(34736), np.int64(2393), np.int64(15626), np.int64(29888), np.int64(15626), np.int64(48499), np.int64(15626), np.int64(15626), np.int64(15626), np.int64(21302), np.int64(15626), np.int64(21273), np.int64(28558))","(0, 0, 0, 0, 0, 0, 0, 0, 0, 0, 0, 0, 0, 0, 0, 0, 0, 0, 0, 0, 0, 0, 0, 0, 0, 0, 1, 0, 0, 0, 0, 0, 0, 0, 0, 0, 0, 0, 0, 0, 0, 0, 0, 0, 0, 0, 0, 0, 0, 0)"
4.112602,50,298.45595,8,"(np.int64(40468), np.int64(15626), np.int64(36267), np.int64(15626), np.int64(1587), np.int64(15626), np.int64(15626), np.int64(15626), np.int64(31428), np.int64(7332), np.int64(15626), np.int64(31428), np.int64(9899), np.int64(15626), np.int64(31428), np.int64(47305), np.int64(45451), np.int64(35232), np.int64(15626), np.int64(31428), np.int64(31428), np.int64(31428), np.int64(18022), np.int64(31428), np.int64(31428), np.int64(31428), np.int64(31428), np.int64(31428), np.int64(31428), np.int64(31428), np.int64(31428), np.int64(31428), np.int64(8034), np.int64(40837), np.int64(8923), np.int64(34377), np.int64(18396), np.int64(15626), np.int64(31428), np.int64(46965), np.int64(31428), np.int64(31428), np.int64(21689), np.int64(31428), np.int64(31428), np.int64(21689), np.int64(45028), np.int64(31428), np.int64(9096), np.int64(12544))","(0, 1, 0, 1, 1, 1, 1, 1, 1, 1, 1, 1, 0, 1, 1, 0, 0, 0, 1, 1, 1, 1, 0, 1, 1, 1, 1, 1, 1, 1, 1, 1, 1, 0, 0, 0, 0, 1, 1, 0, 1, 1, 1, 1, 1, 1, 0, 1, 0, 1)"
3.743153,50,298.979702,7,"(np.int64(1004), np.int64(24018), np.int64(12544), np.int64(45846), np.int64(12544), np.int64(12544), np.int64(12544), np.int64(12544), np.int64(34419), np.int64(7319), np.int64(12544), np.int64(12544), np.int64(12544), np.int64(12544), np.int64(3864), np.int64(12544), np.int64(38281), np.int64(12544), np.int64(21689), np.int64(12544), np.int64(21689), np.int64(32274), np.int64(12544), np.int64(21689), np.int64(44664), np.int64(12544), np.int64(21689), np.int64(44803), np.int64(12544), np.int64(43658), np.int64(35184), np.int64(12544), np.int64(47708), np.int64(12544), np.int64(21689), np.int64(21689), np.int64(21689), np.int64(21689), np.int64(21689), np.int64(21689), np.int64(21689), np.int64(21689), np.int64(21689), np.int64(24899), np.int64(21689), np.int64(21689), np.int64(21689), np.int64(21689), np.int64(21689), np.int64(21689))","(1, 1, 1, 0, 1, 1, 1, 1, 0, 1, 1, 1, 1, 1, 1, 1, 0, 1, 1, 1, 1, 0, 1, 1, 0, 1, 1, 0, 1, 0, 0, 1, 0, 1, 1, 1, 1, 1, 1, 1, 1, 1, 1, 0, 1, 1, 1, 1, 1, 1)"
8.515043,50,299.522215,2,"(np.int64(12544), np.int64(33428), np.int64(35627), np.int64(12544), np.int64(12544), np.int64(12544), np.int64(12544), np.int64(12544), np.int64(12544), np.int64(12544), np.int64(29336), np.int64(49353), np.int64(12544), np.int64(12544), np.int64(42045), np.int64(21550), np.int64(31283), np.int64(31283), np.int64(31283), np.int64(31283), np.int64(31283), np.int64(31283), np.int64(5376), np.int64(49356), np.int64(31283), np.int64(16306), np.int64(31283), np.int64(25957), np.int64(31283), np.int64(19718), np.int64(31283), np.int64(40912), np.int64(5376), np.int64(31283), np.int64(5376), np.int64(5376), np.int64(23830), np.int64(11426), np.int64(31283), np.int64(5376), np.int64(5376), np.int64(41738), np.int64(5376), np.int64(5376), np.int64(5376), np.int64(5376), np.int64(5376), np.int64(5376), np.int64(39964), np.int64(9135))","(1, 0, 1, 1, 1, 1, 1, 1, 1, 1, 0, 1, 1, 1, 1, 1, 1, 1, 1, 1, 1, 1, 1, 0, 1, 1, 1, 1, 1, 1, 1, 0, 1, 1, 1, 1, 1, 1, 1, 1, 1, 1, 1, 1, 1, 1, 1, 1, 0, 1)"
5.262177,50,300.055515,8,"(np.int64(45319), np.int64(31283), np.int64(31283), np.int64(31283), np.int64(22998), np.int64(31283), np.int64(5376), np.int64(31283), np.int64(5376), np.int64(5376), np.int64(5376), np.int64(5376), np.int64(5376), np.int64(5376), np.int64(5376), np.int64(21427), np.int64(14987), np.int64(42236), np.int64(5376), np.int64(5376), np.int64(686), np.int64(5376), np.int64(35477), np.int64(5376), np.int64(5376), np.int64(5376), np.int64(4040), np.int64(27696), np.int64(10224), np.int64(5376), np.int64(13988), np.int64(15743), np.int64(29492), np.int64(5376), np.int64(5376), np.int64(5376), np.int64(5376), np.int64(5376), np.int64(32302), np.int64(15175), np.int64(1557), np.int64(5376), np.int64(5376), np.int64(5376), np.int64(5376), np.int64(5376), np.int64(5376), np.int64(5376), np.int64(5376), np.int64(5376))","(0, 1, 1, 1, 0, 1, 1, 1, 1, 1, 1, 1, 1, 1, 1, 0, 1, 0, 1, 1, 1, 1, 0, 1, 1, 1, 1, 0, 1, 1, 0, 1, 0, 1, 1, 1, 1, 1, 0, 1, 1, 1, 1, 1, 1, 1, 1, 1, 1, 1)"
3.590268,50,300.597339,8,"(np.int64(31283), np.int64(31283), np.int64(31283), np.int64(13311), np.int64(31283), np.int64(7960), np.int64(31283), np.int64(31283), np.int64(31283), np.int64(5376), np.int64(31283), np.int64(17688), np.int64(27278), np.int64(39008), np.int64(41662), np.int64(17133), np.int64(31283), np.int64(38362), np.int64(27278), np.int64(27278), np.int64(27278), np.int64(27278), np.int64(27278), np.int64(27278), np.int64(5376), np.int64(27278), np.int64(27278), np.int64(5376), np.int64(27278), np.int64(5376), np.int64(27278), np.int64(5376), np.int64(5376), np.int64(27278), np.int64(5376), np.int64(5376), np.int64(5376), np.int64(34519), np.int64(27278), np.int64(38562), np.int64(35201), np.int64(31283), np.int64(48994), np.int64(822), np.int64(31283), np.int64(5376), np.int64(16308), np.int64(31283), np.int64(5376), np.int64(5376))","(1, 1, 1, 1, 1, 1, 1, 1, 1, 1, 1, 0, 1, 0, 0, 0, 1, 0, 1, 1, 1, 1, 1, 1, 1, 1, 1, 1, 1, 1, 1, 1, 1, 1, 1, 1, 1, 0, 1, 0, 0, 1, 0, 0, 1, 1, 1, 1, 1, 1)"
7.191987,50,301.13035,4,"(np.int64(1492), np.int64(31283), np.int64(46745), np.int64(31283), np.int64(31283), np.int64(31283), np.int64(31283), np.int64(31283), np.int64(34062), np.int64(1368), np.int64(31283), np.int64(19748), np.int64(41150), np.int64(31283), np.int64(20309), np.int64(24732), np.int64(31283), np.int64(36764), np.int64(31283), np.int64(31283), np.int64(31283), np.int64(31283), np.int64(31283), np.int64(9380), np.int64(31283), np.int64(31283), np.int64(22231), np.int64(47706), np.int64(31283), np.int64(31283), np.int64(9380), np.int64(43791), np.int64(31283), np.int64(31283), np.int64(9380), np.int64(25754), np.int64(31283), np.int64(9380), np.int64(31283), np.int64(21709), np.int64(28094), np.int64(31283), np.int64(9380), np.int64(31867), np.int64(31283), np.int64(9380), np.int64(31283), np.int64(9380), np.int64(31283), np.int64(9380))","(1, 1, 1, 1, 1, 1, 1, 1, 0, 1, 1, 1, 0, 1, 1, 1, 1, 0, 1, 1, 1, 1, 1, 1, 1, 1, 1, 0, 1, 1, 1, 1, 1, 1, 1, 0, 1, 1, 1, 1, 0, 1, 1, 1, 1, 1, 1, 1, 1, 1)"
7.297572,50,301.67077,4,"(np.int64(31283), np.int64(31283), np.int64(31283), np.int64(31283), np.int64(31283), np.int64(31283), np.int64(31283), np.int64(31283), np.int64(31283), np.int64(31283), np.int64(31283), np.int64(31283), np.int64(31283), np.int64(31283), np.int64(31283), np.int64(24656), np.int64(35981), np.int64(41288), np.int64(41288), np.int64(41288), np.int64(10387), np.int64(41288), np.int64(41288), np.int64(41288), np.int64(41288), np.int64(44424), np.int64(16616), np.int64(19003), np.int64(41288), np.int64(41288), np.int64(15431), np.int64(41288), np.int64(41288), np.int64(41288), np.int64(41288), np.int64(41288), np.int64(41288), np.int64(41288), np.int64(10876), np.int64(41288), np.int64(32824), np.int64(28215), np.int64(4198), np.int64(13657), np.int64(41288), np.int64(610), np.int64(41288), np.int64(12585), np.int64(41288), np.int64(40685))","(1, 1, 1, 1, 1, 1, 1, 1, 1, 1, 1, 1, 1, 1, 1, 1, 0, 1, 1, 1, 1, 1, 1, 1, 1, 0, 1, 1, 1, 1, 0, 1, 1, 1, 1, 1, 1, 1, 1, 1, 1, 0, 1, 1, 1, 1, 1, 1, 1, 0)"
2.361331,50,302.198811,0,"(np.int64(41288), np.int64(41288), np.int64(41288), np.int64(41288), np.int64(41288), np.int64(41288), np.int64(41288), np.int64(41288), np.int64(41288), np.int64(41288), np.int64(2068), np.int64(41288), np.int64(43591), np.int64(41288), np.int64(41288), np.int64(4176), np.int64(41288), np.int64(36080), np.int64(41288), np.int64(35551), np.int64(41288), np.int64(9891), np.int64(41288), np.int64(9891), np.int64(41897), np.int64(41288), np.int64(9891), np.int64(28587), np.int64(3165), np.int64(41288), np.int64(19712), np.int64(41288), np.int64(9891), np.int64(11442), np.int64(41288), np.int64(9891), np.int64(41288), np.int64(9891), np.int64(21726), np.int64(133), np.int64(21726), np.int64(31390), np.int64(21726), np.int64(21726), np.int64(1150), np.int64(44511), np.int64(21726), np.int64(11892), np.int64(21726), np.int64(21726))","(0, 0, 0, 0, 0, 0, 0, 0, 0, 0, 0, 0, 0, 0, 0, 0, 0, 0, 0, 0, 0, 0, 0, 0, 0, 0, 0, 0, 0, 0, 1, 0, 0, 1, 0, 0, 0, 0, 1, 0, 1, 0, 1, 1, 0, 0, 1, 0, 1, 1)"
5.207187,50,302.731848,3,"(np.int64(3802), np.int64(21726), np.int64(21726), np.int64(21726), np.int64(12828), np.int64(21726), np.int64(21726), np.int64(31672), np.int64(21726), np.int64(26899), np.int64(38765), np.int64(42967), np.int64(21726), np.int64(8719), np.int64(21726), np.int64(10549), np.int64(21726), np.int64(21726), np.int64(21726), np.int64(41529), np.int64(45768), np.int64(21726), np.int64(21726), np.int64(26523), np.int64(45480), np.int64(21726), np.int64(34664), np.int64(21726), np.int64(39353), np.int64(18812), np.int64(21726), np.int64(2616), np.int64(23396), np.int64(18582), np.int64(5067), np.int64(21726), np.int64(2616), np.int64(21726), np.int64(35621), np.int64(21726), np.int64(47069), np.int64(2616), np.int64(2616), np.int64(27691), np.int64(21726), np.int64(23151), np.int64(19762), np.int64(2616), np.int64(2616), np.int64(2616))","(1, 1, 1, 1, 1, 1, 1, 0, 1, 1, 0, 0, 1, 0, 1, 0, 1, 1, 1, 0, 0, 1, 1, 1, 0, 1, 0, 1, 0, 1, 1, 1, 0, 1, 1, 1, 1, 1, 0, 1, 0, 1, 1, 0, 1, 0, 0, 1, 1, 1)"
6.196539,50,303.263514,7,"(np.int64(6718), np.int64(6718), np.int64(6718), np.int64(6718), np.int64(2616), np.int64(6718), np.int64(2616), np.int64(26105), np.int64(6718), np.int64(2616), np.int64(2616), np.int64(13427), np.int64(6718), np.int64(2616), np.int64(2616), np.int64(2616), np.int64(28409), np.int64(2616), np.int64(2616), np.int64(14360), np.int64(2616), np.int64(2616), np.int64(49215), np.int64(1393), np.int64(2616), np.int64(2616), np.int64(29939), np.int64(2616), np.int64(31630), np.int64(2616), np.int64(2616), np.int64(40506), np.int64(2616), np.int64(2616), np.int64(27839), np.int64(2616), np.int64(40506), np.int64(9561), np.int64(2616), np.int64(17111), np.int64(2616), np.int64(40506), np.int64(12095), np.int64(2616), np.int64(40506), np.int64(22586), np.int64(40506), np.int64(40506), np.int64(33254), np.int64(5365))","(1, 1, 1, 1, 1, 1, 1, 1, 1, 1, 1, 1, 1, 1, 1, 1, 0, 1, 1, 1, 1, 1, 0, 1, 1, 1, 0, 1, 0, 1, 1, 0, 1, 1, 0, 1, 0, 1, 1, 1, 1, 0, 1, 1, 0, 0, 0, 0, 0, 1)"
1.450271,50,303.801682,0,"(np.int64(6718), np.int64(6718), np.int64(6718), np.int64(24528), np.int64(43997), np.int64(6718), np.int64(6718), np.int64(6718), np.int64(40506), np.int64(16731), np.int64(25016), np.int64(6718), np.int64(3007), np.int64(6718), np.int64(17123), np.int64(6718), np.int64(10248), np.int64(13799), np.int64(6718), np.int64(40506), np.int64(14589), np.int64(6718), np.int64(40506), np.int64(39644), np.int64(6718), np.int64(40506), np.int64(40506), np.int64(40506), np.int64(40506), np.int64(40506), np.int64(40506), np.int64(40506), np.int64(40506), np.int64(40506), np.int64(18759), np.int64(40506), np.int64(24443), np.int64(1513), np.int64(6718), np.int64(40506), np.int64(40506), np.int64(40506), np.int64(40506), np.int64(11229), np.int64(40506), np.int64(40506), np.int64(40506), np.int64(40506), np.int64(40506), np.int64(40506))","(0, 0, 0, 0, 1, 0, 0, 0, 0, 0, 0, 0, 0, 0, 0, 0, 0, 0, 0, 0, 0, 0, 0, 0, 0, 0, 0, 0, 0, 0, 0, 0, 0, 0, 0, 0, 0, 0, 0, 0, 0, 0, 0, 1, 0, 0, 0, 0, 0, 0)"
7.461228,50,304.331626,6,"(np.int64(49050), np.int64(44241), np.int64(49050), np.int64(49050), np.int64(3007), np.int64(49050), np.int64(3007), np.int64(5875), np.int64(9765), np.int64(49050), np.int64(3007), np.int64(49989), np.int64(11586), np.int64(49050), np.int64(11072), np.int64(3007), np.int64(3007), np.int64(3007), np.int64(3007), np.int64(17215), np.int64(31520), np.int64(49050), np.int64(3007), np.int64(3007), np.int64(38785), np.int64(3007), np.int64(49743), np.int64(9495), np.int64(3732), np.int64(1825), np.int64(49050), np.int64(42123), np.int64(38785), np.int64(21469), np.int64(13347), np.int64(38785), np.int64(38785), np.int64(38785), np.int64(38785), np.int64(27707), np.int64(38785), np.int64(38785), np.int64(38785), np.int64(38785), np.int64(35133), np.int64(38785), np.int64(38785), np.int64(38785), np.int64(38785), np.int64(38785))","(1, 0, 1, 1, 1, 1, 1, 1, 0, 1, 1, 0, 1, 1, 1, 1, 1, 1, 1, 1, 0, 1, 1, 1, 0, 1, 0, 1, 1, 1, 1, 0, 0, 1, 1, 0, 0, 0, 0, 1, 0, 0, 0, 0, 0, 0, 0, 0, 0, 0)"
7.849224,50,304.895537,5,"(np.int64(38785), np.int64(11579), np.int64(38785), np.int64(38785), np.int64(38785), np.int64(742), np.int64(37369), np.int64(38785), np.int64(38785), np.int64(38785), np.int64(38785), np.int64(24041), np.int64(37358), np.int64(38785), np.int64(38785), np.int64(38785), np.int64(38785), np.int64(38785), np.int64(38785), np.int64(38785), np.int64(6461), np.int64(38785), np.int64(38785), np.int64(32022), np.int64(9315), np.int64(38785), np.int64(38785), np.int64(38785), np.int64(38785), np.int64(47178), np.int64(38785), np.int64(38785), np.int64(38785), np.int64(39116), np.int64(42828), np.int64(38785), np.int64(38785), np.int64(38785), np.int64(38785), np.int64(38785), np.int64(38785), np.int64(38785), np.int64(38785), np.int64(46851), np.int64(38785), np.int64(41896), np.int64(19933), np.int64(38785), np.int64(7924), np.int64(16342))","(1, 1, 1, 1, 1, 1, 1, 1, 1, 1, 1, 0, 1, 1, 1, 1, 1, 1, 1, 1, 1, 1, 1, 1, 1, 1, 1, 1, 1, 0, 1, 1, 1, 1, 1, 1, 1, 1, 1, 1, 1, 1, 1, 0, 1, 0, 1, 1, 1, 1)"
6.99804,50,305.455567,5,"(np.int64(47760), np.int64(38785), np.int64(3007), np.int64(3007), np.int64(3007), np.int64(37375), np.int64(3007), np.int64(3007), np.int64(24691), np.int64(19592), np.int64(3007), np.int64(24691), np.int64(3007), np.int64(24691), np.int64(24691), np.int64(13688), np.int64(3007), np.int64(24691), np.int64(19280), np.int64(48301), np.int64(3007), np.int64(24691), np.int64(24691), np.int64(24691), np.int64(4015), np.int64(9137), np.int64(24691), np.int64(24691), np.int64(24691), np.int64(24691), np.int64(22440), np.int64(24691), np.int64(24691), np.int64(24691), np.int64(24691), np.int64(24691), np.int64(25002), np.int64(24691), np.int64(24691), np.int64(24691), np.int64(24691), np.int64(24691), np.int64(24691), np.int64(24691), np.int64(24691), np.int64(24691), np.int64(24691), np.int64(42007), np.int64(24691), np.int64(24691))","(1, 1, 1, 1, 1, 1, 1, 1, 1, 0, 1, 1, 1, 1, 1, 0, 1, 1, 1, 1, 1, 1, 1, 1, 1, 1, 1, 1, 1, 1, 0, 1, 1, 1, 1, 1, 1, 1, 1, 1, 1, 1, 1, 1, 1, 1, 1, 1, 1, 1)"
6.761127,50,306.020503,2,"(np.int64(24691), np.int64(24691), np.int64(24691), np.int64(24691), np.int64(24691), np.int64(18170), np.int64(24691), np.int64(24691), np.int64(24691), np.int64(24691), np.int64(31567), np.int64(8550), np.int64(24691), np.int64(24691), np.int64(49302), np.int64(24691), np.int64(24691), np.int64(17966), np.int64(24691), np.int64(48281), np.int64(24691), np.int64(33353), np.int64(47244), np.int64(24691), np.int64(24691), np.int64(24691), np.int64(24691), np.int64(24691), np.int64(24691), np.int64(35441), np.int64(24691), np.int64(24691), np.int64(24691), np.int64(24691), np.int64(24691), np.int64(16544), np.int64(24691), np.int64(24691), np.int64(26052), np.int64(459), np.int64(20751), np.int64(3007), np.int64(3007), np.int64(3007), np.int64(3007), np.int64(3007), np.int64(3007), np.int64(3007), np.int64(3007), np.int64(24691))","(1, 1, 1, 1, 1, 0, 1, 1, 1, 1, 1, 1, 1, 1, 1, 1, 1, 1, 1, 0, 1, 0, 1, 1, 1, 1, 1, 1, 1, 0, 1, 1, 1, 1, 1, 1, 1, 1, 0, 1, 1, 1, 1, 1, 1, 1, 1, 1, 1, 1)"
7.16653,50,306.570618,5,"(np.int64(3991), np.int64(3007), np.int64(3007), np.int64(3007), np.int64(3007), np.int64(3007), np.int64(3007), np.int64(3007), np.int64(3007), np.int64(23941), np.int64(35046), np.int64(3007), np.int64(20751), np.int64(3007), np.int64(3007), np.int64(30417), np.int64(3007), np.int64(3007), np.int64(24691), np.int64(3007), np.int64(25436), np.int64(3007), np.int64(41783), np.int64(24691), np.int64(3007), np.int64(1860), np.int64(24691), np.int64(10965), np.int64(24691), np.int64(24691), np.int64(14946), np.int64(14946), np.int64(14946), np.int64(32382), np.int64(14946), np.int64(14946), np.int64(14946), np.int64(14946), np.int64(48559), np.int64(14946), np.int64(14946), np.int64(14946), np.int64(14946), np.int64(14946), np.int64(2637), np.int64(14946), np.int64(14946), np.int64(14946), np.int64(14946), np.int64(18744))","(1, 1, 1, 1, 1, 1, 1, 1, 1, 1, 0, 1, 1, 1, 1, 0, 1, 1, 1, 1, 1, 1, 0, 1, 1, 1, 1, 1, 1, 1, 1, 1, 1, 1, 1, 1, 1, 1, 0, 1, 1, 1, 1, 1, 1, 1, 1, 1, 1, 0)"
7.955576,50,307.109087,3,"(np.int64(14946), np.int64(14946), np.int64(14946), np.int64(14946), np.int64(18754), np.int64(46388), np.int64(14946), np.int64(755), np.int64(14946), np.int64(14946), np.int64(14946), np.int64(14946), np.int64(26453), np.int64(14946), np.int64(25306), np.int64(14946), np.int64(11440), np.int64(37835), np.int64(35162), np.int64(11630), np.int64(14946), np.int64(14946), np.int64(41606), np.int64(14946), np.int64(4649), np.int64(17610), np.int64(14946), np.int64(14946), np.int64(14946), np.int64(14946), np.int64(14946), np.int64(14946), np.int64(47933), np.int64(14946), np.int64(10437), np.int64(14946), np.int64(39458), np.int64(14946), np.int64(32393), np.int64(14946), np.int64(14708), np.int64(14946), np.int64(5094), np.int64(14946), np.int64(37339), np.int64(22765), np.int64(14946), np.int64(37339), np.int64(15057), np.int64(29157))","(1, 1, 1, 1, 1, 0, 1, 1, 1, 1, 1, 1, 1, 1, 1, 1, 0, 0, 0, 1, 1, 1, 0, 1, 1, 0, 1, 1, 1, 1, 1, 1, 0, 1, 1, 1, 1, 1, 0, 1, 1, 1, 1, 1, 1, 0, 1, 1, 1, 1)"
9.670992,50,307.645202,5,"(np.int64(29157), np.int64(1934), np.int64(11328), np.int64(1934), np.int64(6977), np.int64(19373), np.int64(1934), np.int64(1934), np.int64(29157), np.int64(1934), np.int64(1934), np.int64(29157), np.int64(22060), np.int64(1934), np.int64(39794), np.int64(1934), np.int64(37339), np.int64(13029), np.int64(1934), np.int64(37339), np.int64(1934), np.int64(37339), np.int64(9819), np.int64(23294), np.int64(1934), np.int64(37339), np.int64(29841), np.int64(5030), np.int64(5030), np.int64(5030), np.int64(25041), np.int64(14581), np.int64(5030), np.int64(5030), np.int64(5030), np.int64(5030), np.int64(5030), np.int64(5030), np.int64(5052), np.int64(17629), np.int64(20275), np.int64(5030), np.int64(5030), np.int64(5030), np.int64(5030), np.int64(5030), np.int64(40018), np.int64(5030), np.int64(5030), np.int64(5030))","(1, 1, 1, 1, 1, 1, 1, 1, 1, 1, 1, 1, 1, 1, 0, 1, 1, 0, 1, 1, 1, 1, 1, 1, 1, 1, 0, 1, 1, 1, 1, 0, 1, 1, 1, 1, 1, 1, 1, 1, 1, 1, 1, 1, 1, 1, 1, 1, 1, 1)"
5.078039,50,308.185536,4,"(np.int64(5030), np.int64(5030), np.int64(5030), np.int64(5030), np.int64(5030), np.int64(5030), np.int64(5030), np.int64(20756), np.int64(5030), np.int64(5030), np.int64(9169), np.int64(43828), np.int64(5030), np.int64(5030), np.int64(5030), np.int64(5030), np.int64(5030), np.int64(5030), np.int64(45582), np.int64(5030), np.int64(5030), np.int64(5030), np.int64(15194), np.int64(2089), np.int64(2089), np.int64(6323), np.int64(2089), np.int64(35690), np.int64(48587), np.int64(16268), np.int64(2089), np.int64(2089), np.int64(2089), np.int64(2089), np.int64(32484), np.int64(2089), np.int64(2089), np.int64(2089), np.int64(2089), np.int64(2089), np.int64(2089), np.int64(2089), np.int64(2089), np.int64(29771), np.int64(2556), np.int64(35989), np.int64(27605), np.int64(32181), np.int64(2089), np.int64(2089))","(1, 1, 1, 1, 1, 1, 1, 1, 1, 1, 0, 0, 1, 1, 1, 1, 1, 1, 0, 1, 1, 1, 1, 1, 1, 1, 1, 1, 0, 1, 1, 1, 1, 1, 0, 1, 1, 1, 1, 1, 1, 1, 1, 0, 1, 0, 0, 0, 1, 1)"
3.354044,50,308.725145,5,"(np.int64(2089), np.int64(42863), np.int64(40563), np.int64(2089), np.int64(2089), np.int64(2089), np.int64(2089), np.int64(9254), np.int64(2089), np.int64(2089), np.int64(44082), np.int64(2089), np.int64(2089), np.int64(2089), np.int64(6821), np.int64(6821), np.int64(6821), np.int64(6821), np.int64(6821), np.int64(6821), np.int64(6821), np.int64(6821), np.int64(6821), np.int64(6821), np.int64(35743), np.int64(6821), np.int64(6821), np.int64(6821), np.int64(6821), np.int64(6821), np.int64(1187), np.int64(6821), np.int64(6821), np.int64(19205), np.int64(6821), np.int64(1187), np.int64(6821), np.int64(29853), np.int64(6821), np.int64(1187), np.int64(6821), np.int64(49418), np.int64(30173), np.int64(6821), np.int64(1187), np.int64(1187), np.int64(6821), np.int64(1187), np.int64(1187), np.int64(1187))","(1, 1, 0, 1, 1, 1, 1, 0, 1, 1, 0, 1, 1, 1, 1, 1, 1, 1, 1, 1, 1, 1, 1, 1, 1, 1, 1, 1, 1, 1, 1, 1, 1, 0, 1, 1, 1, 0, 1, 1, 1, 0, 0, 1, 1, 1, 1, 1, 1, 1)"
6.987981,50,309.278126,5,"(np.int64(17021), np.int64(33690), np.int64(6821), np.int64(6821), np.int64(39592), np.int64(6821), np.int64(6821), np.int64(6821), np.int64(27032), np.int64(44798), np.int64(17021), np.int64(17021), np.int64(17021), np.int64(17021), np.int64(17021), np.int64(1187), np.int64(17021), np.int64(9095), np.int64(17021), np.int64(1187), np.int64(17021), np.int64(1187), np.int64(17021), np.int64(1187), np.int64(1187), np.int64(1329), np.int64(48245), np.int64(17021), np.int64(44177), np.int64(17021), np.int64(1187), np.int64(35559), np.int64(34382), np.int64(17021), np.int64(1187), np.int64(1187), np.int64(1187), np.int64(33249), np.int64(978), np.int64(6426), np.int64(17021), np.int64(1183), np.int64(8478), np.int64(17021), np.int64(2119), np.int64(8478), np.int64(8478), np.int64(38119), np.int64(8478), np.int64(8478))","(1, 0, 1, 1, 1, 1, 1, 1, 0, 0, 1, 1, 1, 1, 1, 1, 1, 1, 1, 1, 1, 1, 1, 1, 1, 1, 0, 1, 0, 1, 1, 0, 1, 1, 1, 1, 1, 0, 1, 0, 1, 1, 1, 1, 1, 1, 1, 0, 1, 1)"
4.648402,50,309.868779,3,"(np.int64(11321), np.int64(27851), np.int64(8478), np.int64(39693), np.int64(34177), np.int64(8478), np.int64(39681), np.int64(14649), np.int64(8478), np.int64(8478), np.int64(8478), np.int64(8478), np.int64(8478), np.int64(7865), np.int64(8478), np.int64(40274), np.int64(8478), np.int64(8478), np.int64(8478), np.int64(8478), np.int64(15340), np.int64(37469), np.int64(8478), np.int64(8478), np.int64(15340), np.int64(8478), np.int64(15340), np.int64(8478), np.int64(15340), np.int64(8478), np.int64(15340), np.int64(8478), np.int64(25808), np.int64(39965), np.int64(8478), np.int64(15340), np.int64(48467), np.int64(28054), np.int64(8478), np.int64(26923), np.int64(8478), np.int64(15340), np.int64(8478), np.int64(15340), np.int64(25625), np.int64(8478), np.int64(16855), np.int64(8478), np.int64(15340), np.int64(8478))","(1, 0, 1, 0, 1, 1, 0, 1, 1, 1, 1, 1, 1, 1, 1, 0, 1, 1, 1, 1, 1, 0, 1, 1, 1, 1, 1, 1, 1, 1, 1, 1, 0, 0, 1, 1, 0, 0, 1, 0, 1, 1, 1, 1, 1, 1, 1, 1, 1, 1)"
3.311952,50,310.427446,5,"(np.int64(8478), np.int64(8478), np.int64(8478), np.int64(8478), np.int64(8478), np.int64(8478), np.int64(8478), np.int64(8478), np.int64(28293), np.int64(8478), np.int64(28293), np.int64(28293), np.int64(1411), np.int64(28293), np.int64(28293), np.int64(28293), np.int64(41462), np.int64(17281), np.int64(28293), np.int64(28293), np.int64(28293), np.int64(28293), np.int64(28293), np.int64(5037), np.int64(28293), np.int64(42600), np.int64(28293), np.int64(28293), np.int64(28067), np.int64(28293), np.int64(28293), np.int64(28293), np.int64(28293), np.int64(28293), np.int64(28293), np.int64(28293), np.int64(6145), np.int64(44924), np.int64(28293), np.int64(28293), np.int64(6145), np.int64(28293), np.int64(28293), np.int64(6145), np.int64(28293), np.int64(28293), np.int64(6145), np.int64(28293), np.int64(6145), np.int64(28293))","(1, 1, 1, 1, 1, 1, 1, 1, 0, 1, 0, 0, 1, 0, 0, 0, 1, 0, 0, 0, 0, 0, 0, 1, 0, 0, 0, 0, 0, 0, 0, 0, 0, 0, 0, 0, 1, 0, 0, 0, 1, 0, 0, 1, 0, 0, 1, 0, 1, 0)"
8.130522,50,310.967,1,"(np.int64(10481), np.int64(23311), np.int64(10481), np.int64(34989), np.int64(10481), np.int64(45686), np.int64(37060), np.int64(37060), np.int64(37060), np.int64(37060), np.int64(37060), np.int64(40439), np.int64(8281), np.int64(37060), np.int64(37060), np.int64(37060), np.int64(37060), np.int64(37060), np.int64(1924), np.int64(37060), np.int64(37060), np.int64(38042), np.int64(37060), np.int64(42384), np.int64(14885), np.int64(25345), np.int64(37060), np.int64(37060), np.int64(37060), np.int64(37060), np.int64(37060), np.int64(37060), np.int64(37060), np.int64(37060), np.int64(37060), np.int64(37060), np.int64(37060), np.int64(37060), np.int64(37060), np.int64(35839), np.int64(37060), np.int64(37060), np.int64(28959), np.int64(37060), np.int64(37060), np.int64(6145), np.int64(13622), np.int64(37060), np.int64(37060), np.int64(6145))","(1, 1, 1, 0, 1, 1, 1, 1, 1, 1, 1, 0, 1, 1, 1, 1, 1, 1, 1, 1, 1, 1, 1, 0, 1, 0, 1, 1, 1, 1, 1, 1, 1, 1, 1, 1, 1, 1, 1, 1, 1, 1, 1, 1, 1, 1, 1, 1, 1, 1)"
4.020824,50,311.518629,5,"(np.int64(37060), np.int64(26407), np.int64(37060), np.int64(37060), np.int64(37060), np.int64(37060), np.int64(37060), np.int64(37060), np.int64(37060), np.int64(37060), np.int64(37060), np.int64(37060), np.int64(37060), np.int64(28299), np.int64(37060), np.int64(24712), np.int64(37060), np.int64(37060), np.int64(37060), np.int64(37060), np.int64(37060), np.int64(37060), np.int64(26655), np.int64(37060), np.int64(37060), np.int64(37060), np.int64(37060), np.int64(37060), np.int64(37060), np.int64(37060), np.int64(14416), np.int64(37060), np.int64(26554), np.int64(37060), np.int64(37060), np.int64(37060), np.int64(37060), np.int64(43954), np.int64(30235), np.int64(37060), np.int64(37060), np.int64(37060), np.int64(37060), np.int64(7337), np.int64(37060), np.int64(15340), np.int64(37060), np.int64(37060), np.int64(3980), np.int64(37060))","(1, 0, 1, 1, 1, 1, 1, 1, 1, 1, 1, 1, 1, 0, 1, 0, 1, 1, 1, 1, 1, 1, 1, 1, 1, 1, 1, 1, 1, 1, 1, 1, 0, 1, 1, 1, 1, 0, 0, 1, 1, 1, 1, 1, 1, 1, 1, 1, 1, 1)"
6.858682,50,312.048671,4,"(np.int64(10481), np.int64(37060), np.int64(10481), np.int64(10481), np.int64(37060), np.int64(37060), np.int64(10481), np.int64(10481), np.int64(10481), np.int64(4826), np.int64(10481), np.int64(10481), np.int64(15340), np.int64(10481), np.int64(15340), np.int64(1590), np.int64(10481), np.int64(15340), np.int64(15340), np.int64(3923), np.int64(20320), np.int64(22137), np.int64(10912), np.int64(44806), np.int64(10481), np.int64(15340), np.int64(15340), np.int64(32900), np.int64(10511), np.int64(10481), np.int64(12413), np.int64(15340), np.int64(15340), np.int64(15340), np.int64(15340), np.int64(15340), np.int64(15340), np.int64(15340), np.int64(15340), np.int64(15340), np.int64(36335), np.int64(15340), np.int64(34088), np.int64(15340), np.int64(15340), np.int64(15340), np.int64(15340), np.int64(15340), np.int64(34041), np.int64(15340))","(1, 1, 1, 1, 1, 1, 1, 1, 1, 1, 1, 1, 1, 1, 1, 1, 1, 1, 1, 1, 1, 0, 1, 0, 1, 1, 1, 0, 1, 1, 1, 1, 1, 1, 1, 1, 1, 1, 1, 1, 0, 1, 1, 1, 1, 1, 1, 1, 0, 1)"
5.418699,50,312.590253,7,"(np.int64(10481), np.int64(25446), np.int64(15340), np.int64(15340), np.int64(15340), np.int64(15340), np.int64(15340), np.int64(16351), np.int64(25803), np.int64(15340), np.int64(5072), np.int64(15340), np.int64(15340), np.int64(30224), np.int64(15340), np.int64(15340), np.int64(15340), np.int64(15340), np.int64(15340), np.int64(15340), np.int64(15340), np.int64(15340), np.int64(15340), np.int64(15340), np.int64(15340), np.int64(15340), np.int64(3545), np.int64(29541), np.int64(15340), np.int64(15340), np.int64(4012), np.int64(26247), np.int64(10481), np.int64(49327), np.int64(10481), np.int64(10481), np.int64(10481), np.int64(10481), np.int64(35048), np.int64(10481), np.int64(39843), np.int64(10481), np.int64(13917), np.int64(10481), np.int64(13917), np.int64(13917), np.int64(13917), np.int64(13917), np.int64(36851), np.int64(13917))","(1, 1, 1, 1, 1, 1, 1, 1, 0, 1, 0, 1, 1, 0, 1, 1, 1, 1, 1, 1, 1, 1, 1, 1, 1, 1, 1, 1, 1, 1, 1, 1, 1, 0, 1, 1, 1, 1, 0, 1, 0, 1, 1, 1, 1, 1, 1, 1, 0, 1)"
5.315666,50,313.133669,7,"(np.int64(8790), np.int64(13917), np.int64(1708), np.int64(1708), np.int64(13917), np.int64(13917), np.int64(13917), np.int64(13917), np.int64(3116), np.int64(14983), np.int64(14983), np.int64(14983), np.int64(21602), np.int64(14983), np.int64(14983), np.int64(14983), np.int64(14983), np.int64(39070), np.int64(14983), np.int64(14983), np.int64(14983), np.int64(14983), np.int64(14983), np.int64(14983), np.int64(14983), np.int64(14983), np.int64(14983), np.int64(698), np.int64(14983), np.int64(14983), np.int64(14983), np.int64(14983), np.int64(13917), np.int64(14983), np.int64(14983), np.int64(14983), np.int64(2637), np.int64(14983), np.int64(14983), np.int64(14983), np.int64(29973), np.int64(14983), np.int64(14983), np.int64(6145), np.int64(18418), np.int64(14983), np.int64(14983), np.int64(6145), np.int64(14983), np.int64(6145))","(1, 1, 0, 0, 1, 1, 1, 1, 1, 1, 1, 1, 1, 1, 1, 1, 1, 0, 1, 1, 1, 1, 1, 1, 1, 1, 1, 1, 1, 1, 1, 1, 1, 1, 1, 1, 1, 1, 1, 1, 0, 1, 1, 1, 1, 1, 1, 1, 1, 1)"
3.934726,50,313.683575,0,"(np.int64(14983), np.int64(24747), np.int64(14983), np.int64(14983), np.int64(14983), np.int64(14983), np.int64(14983), np.int64(14983), np.int64(14983), np.int64(20430), np.int64(14983), np.int64(14983), np.int64(14983), np.int64(14983), np.int64(45832), np.int64(49439), np.int64(14983), np.int64(504), np.int64(28941), np.int64(14983), np.int64(504), np.int64(504), np.int64(11441), np.int64(504), np.int64(504), np.int64(15105), np.int64(49222), np.int64(23902), np.int64(1708), np.int64(1708), np.int64(1708), np.int64(504), np.int64(504), np.int64(504), np.int64(504), np.int64(504), np.int64(25946), np.int64(504), np.int64(504), np.int64(6145), np.int64(6485), np.int64(504), np.int64(6145), np.int64(504), np.int64(21180), np.int64(43791), np.int64(27416), np.int64(504), np.int64(3724), np.int64(6145))","(0, 0, 0, 0, 0, 0, 0, 0, 0, 0, 0, 0, 0, 0, 0, 0, 0, 1, 1, 0, 1, 1, 1, 1, 1, 0, 0, 0, 0, 0, 0, 1, 1, 1, 1, 1, 0, 1, 1, 1, 1, 1, 1, 1, 0, 0, 0, 1, 0, 1)"
9.224701,50,314.224034,1,"(np.int64(1708), np.int64(48744), np.int64(1708), np.int64(1708), np.int64(21328), np.int64(6446), np.int64(1708), np.int64(10297), np.int64(1708), np.int64(6145), np.int64(14900), np.int64(1708), np.int64(6145), np.int64(6145), np.int64(6145), np.int64(6145), np.int64(25532), np.int64(24460), np.int64(6145), np.int64(6145), np.int64(6145), np.int64(6145), np.int64(44990), np.int64(6145), np.int64(6145), np.int64(6145), np.int64(29641), np.int64(40202), np.int64(6145), np.int64(39652), np.int64(44042), np.int64(1708), np.int64(6145), np.int64(26953), np.int64(6145), np.int64(6145), np.int64(6145), np.int64(11755), np.int64(6145), np.int64(6145), np.int64(14142), np.int64(6145), np.int64(16437), np.int64(6145), np.int64(6145), np.int64(6145), np.int64(6623), np.int64(6145), np.int64(4972), np.int64(6145))","(0, 0, 0, 0, 1, 1, 0, 1, 0, 1, 1, 0, 1, 1, 1, 1, 1, 0, 1, 1, 1, 1, 0, 1, 1, 1, 1, 0, 1, 1, 0, 0, 1, 1, 1, 1, 1, 1, 1, 1, 1, 1, 1, 1, 1, 1, 1, 1, 1, 1)"
5.593676,50,314.768542,2,"(np.int64(3759), np.int64(3759), np.int64(3759), np.int64(3759), np.int64(3759), np.int64(3759), np.int64(19965), np.int64(24865), np.int64(11228), np.int64(44100), np.int64(11228), np.int64(11228), np.int64(11228), np.int64(48966), np.int64(11228), np.int64(11228), np.int64(11228), np.int64(11228), np.int64(11228), np.int64(20481), np.int64(11228), np.int64(11228), np.int64(11228), np.int64(24590), np.int64(11228), np.int64(11228), np.int64(24590), np.int64(11228), np.int64(12889), np.int64(11228), np.int64(47059), np.int64(11228), np.int64(24590), np.int64(13801), np.int64(11228), np.int64(24590), np.int64(11228), np.int64(24590), np.int64(11228), np.int64(24590), np.int64(24777), np.int64(11228), np.int64(24590), np.int64(11228), np.int64(23953), np.int64(11228), np.int64(7722), np.int64(11228), np.int64(26728), np.int64(11228))","(1, 1, 1, 1, 1, 1, 0, 1, 1, 0, 1, 1, 1, 1, 1, 1, 1, 1, 1, 1, 1, 1, 1, 1, 1, 1, 1, 1, 0, 1, 1, 1, 1, 0, 1, 1, 1, 1, 1, 1, 1, 1, 1, 1, 0, 1, 1, 1, 0, 1)"
4.072014,50,315.319795,8,"(np.int64(11228), np.int64(11228), np.int64(11228), np.int64(36222), np.int64(11228), np.int64(11228), np.int64(11228), np.int64(11228), np.int64(11228), np.int64(11228), np.int64(11228), np.int64(11228), np.int64(9708), np.int64(48439), np.int64(11228), np.int64(11228), np.int64(4095), np.int64(11228), np.int64(28467), np.int64(11228), np.int64(11228), np.int64(11228), np.int64(24590), np.int64(11228), np.int64(45149), np.int64(11228), np.int64(11228), np.int64(37685), np.int64(11228), np.int64(24590), np.int64(11228), np.int64(24590), np.int64(40040), np.int64(11228), np.int64(11228), np.int64(4830), np.int64(11228), np.int64(37685), np.int64(11228), np.int64(31618), np.int64(46777), np.int64(11228), np.int64(37685), np.int64(24590), np.int64(24590), np.int64(24590), np.int64(24590), np.int64(24590), np.int64(32743), np.int64(22222))","(1, 1, 1, 0, 1, 1, 1, 1, 1, 1, 1, 1, 1, 0, 1, 1, 1, 1, 0, 1, 1, 1, 1, 1, 0, 1, 1, 0, 1, 1, 1, 1, 1, 1, 1, 1, 1, 0, 1, 0, 0, 1, 0, 1, 1, 1, 1, 1, 0, 1)"
0.0,50,315.874188,0,"(np.int64(9599), np.int64(36757), np.int64(22222), np.int64(22222), np.int64(22222), np.int64(22222), np.int64(22222), np.int64(24590), np.int64(20084), np.int64(22222), np.int64(24590), np.int64(22693), np.int64(36757), np.int64(36757), np.int64(4234), np.int64(8212), np.int64(36757), np.int64(36757), np.int64(29299), np.int64(36757), np.int64(24590), np.int64(36757), np.int64(24590), np.int64(24590), np.int64(27926), np.int64(36757), np.int64(27926), np.int64(36757), np.int64(27926), np.int64(27926), np.int64(27926), np.int64(27926), np.int64(4388), np.int64(19714), np.int64(36757), np.int64(27926), np.int64(27926), np.int64(7786), np.int64(27926), np.int64(27926), np.int64(7689), np.int64(16806), np.int64(27926), np.int64(27926), np.int64(31319), np.int64(27926), np.int64(27926), np.int64(27926), np.int64(27926), np.int64(27926))","(0, 0, 0, 0, 0, 0, 0, 0, 0, 0, 0, 0, 0, 0, 0, 0, 0, 0, 0, 0, 0, 0, 0, 0, 0, 0, 0, 0, 0, 0, 0, 0, 0, 0, 0, 0, 0, 0, 0, 0, 0, 0, 0, 0, 0, 0, 0, 0, 0, 0)"
4.08153,50,316.400937,8,"(np.int64(36757), np.int64(27926), np.int64(27926), np.int64(27926), np.int64(27926), np.int64(27926), np.int64(27926), np.int64(27926), np.int64(27926), np.int64(27926), np.int64(27926), np.int64(27926), np.int64(27926), np.int64(27926), np.int64(27926), np.int64(27926), np.int64(27926), np.int64(27926), np.int64(27926), np.int64(27926), np.int64(27926), np.int64(27926), np.int64(27926), np.int64(27926), np.int64(531), np.int64(27926), np.int64(27926), np.int64(27926), np.int64(27926), np.int64(27926), np.int64(27926), np.int64(27926), np.int64(27926), np.int64(19280), np.int64(27926), np.int64(27926), np.int64(21762), np.int64(27926), np.int64(27926), np.int64(27926), np.int64(27926), np.int64(27926), np.int64(3417), np.int64(2352), np.int64(14713), np.int64(8005), np.int64(14713), np.int64(14713), np.int64(14713), np.int64(39106))","(0, 1, 1, 1, 1, 1, 1, 1, 1, 1, 1, 1, 1, 1, 1, 1, 1, 1, 1, 1, 1, 1, 1, 1, 1, 1, 1, 1, 1, 1, 1, 1, 1, 1, 1, 1, 1, 1, 1, 1, 1, 1, 1, 0, 1, 1, 1, 1, 1, 0)"
3.03775,50,316.952667,8,"(np.int64(14713), np.int64(14713), np.int64(14713), np.int64(14713), np.int64(14713), np.int64(45428), np.int64(14713), np.int64(14713), np.int64(11754), np.int64(14713), np.int64(36991), np.int64(14713), np.int64(14713), np.int64(41385), np.int64(14713), np.int64(14713), np.int64(1951), np.int64(14713), np.int64(14713), np.int64(14713), np.int64(14713), np.int64(40593), np.int64(20271), np.int64(14713), np.int64(14713), np.int64(14713), np.int64(14713), np.int64(14713), np.int64(38266), np.int64(14713), np.int64(14713), np.int64(40673), np.int64(14713), np.int64(14713), np.int64(3437), np.int64(14713), np.int64(14713), np.int64(35761), np.int64(14713), np.int64(17607), np.int64(14713), np.int64(29970), np.int64(14713), np.int64(35761), np.int64(35761), np.int64(14713), np.int64(35761), np.int64(35761), np.int64(35761), np.int64(35761))","(1, 1, 1, 1, 1, 0, 1, 1, 1, 1, 0, 1, 1, 0, 1, 1, 1, 1, 1, 1, 1, 0, 1, 1, 1, 1, 1, 1, 0, 1, 1, 0, 1, 1, 1, 1, 1, 0, 1, 0, 1, 0, 1, 0, 0, 1, 0, 0, 0, 0)"
4.223258,50,317.491713,7,"(np.int64(14713), np.int64(14713), np.int64(35761), np.int64(35761), np.int64(35761), np.int64(35761), np.int64(35761), np.int64(35761), np.int64(35761), np.int64(35761), np.int64(24590), np.int64(1126), np.int64(24590), np.int64(24590), np.int64(24590), np.int64(24590), np.int64(24590), np.int64(24590), np.int64(24590), np.int64(26855), np.int64(24590), np.int64(24590), np.int64(24590), np.int64(24590), np.int64(25647), np.int64(44571), np.int64(32303), np.int64(24590), np.int64(24590), np.int64(24590), np.int64(24590), np.int64(24590), np.int64(24590), np.int64(24590), np.int64(24590), np.int64(24590), np.int64(33472), np.int64(24590), np.int64(24590), np.int64(24590), np.int64(24590), np.int64(24590), np.int64(8986), np.int64(906), np.int64(24590), np.int64(24590), np.int64(19496), np.int64(24590), np.int64(24590), np.int64(24590))","(1, 1, 1, 1, 1, 1, 1, 1, 1, 1, 1, 1, 1, 1, 1, 1, 1, 1, 1, 0, 1, 1, 1, 1, 0, 0, 0, 1, 1, 1, 1, 1, 1, 1, 1, 1, 0, 1, 1, 1, 1, 1, 1, 1, 1, 1, 1, 1, 1, 1)"
5.91401,50,318.026537,2,"(np.int64(28930), np.int64(24590), np.int64(34036), np.int64(24590), np.int64(45192), np.int64(35761), np.int64(35761), np.int64(35761), np.int64(2159), np.int64(35761), np.int64(35761), np.int64(35761), np.int64(35761), np.int64(35761), np.int64(35761), np.int64(35761), np.int64(35761), np.int64(35761), np.int64(35761), np.int64(35761), np.int64(34001), np.int64(35761), np.int64(35761), np.int64(35761), np.int64(35761), np.int64(35761), np.int64(35761), np.int64(35761), np.int64(35761), np.int64(35761), np.int64(35761), np.int64(35761), np.int64(35761), np.int64(35761), np.int64(35761), np.int64(35761), np.int64(15264), np.int64(35761), np.int64(35761), np.int64(35563), np.int64(6684), np.int64(12747), np.int64(6684), np.int64(7295), np.int64(27707), np.int64(6684), np.int64(6684), np.int64(31410), np.int64(6684), np.int64(6684))","(1, 1, 0, 1, 0, 1, 1, 1, 1, 1, 1, 1, 1, 1, 1, 1, 1, 1, 1, 1, 0, 1, 1, 1, 1, 1, 1, 1, 1, 1, 1, 1, 1, 1, 1, 1, 1, 1, 1, 0, 1, 1, 1, 0, 1, 1, 1, 1, 1, 1)"
3.535351,50,318.550901,3,"(np.int64(6684), np.int64(24877), np.int64(49191), np.int64(6684), np.int64(6684), np.int64(6684), np.int64(3102), np.int64(6684), np.int64(6684), np.int64(38276), np.int64(6684), np.int64(1869), np.int64(6684), np.int64(16828), np.int64(6684), np.int64(6684), np.int64(29451), np.int64(6684), np.int64(6684), np.int64(6684), np.int64(6684), np.int64(6684), np.int64(6684), np.int64(6684), np.int64(6684), np.int64(6684), np.int64(6684), np.int64(6684), np.int64(6684), np.int64(6684), np.int64(6684), np.int64(6684), np.int64(34462), np.int64(6684), np.int64(6684), np.int64(6684), np.int64(6684), np.int64(6684), np.int64(6684), np.int64(6684), np.int64(6684), np.int64(6684), np.int64(1213), np.int64(6684), np.int64(6684), np.int64(1213), np.int64(45020), np.int64(6684), np.int64(28371), np.int64(6684))","(1, 0, 0, 1, 1, 1, 1, 1, 1, 0, 1, 1, 1, 1, 1, 1, 1, 1, 1, 1, 1, 1, 1, 1, 1, 1, 1, 1, 1, 1, 1, 1, 0, 1, 1, 1, 1, 1, 1, 1, 1, 1, 1, 1, 1, 1, 0, 1, 0, 1)"
6.712816,50,319.099313,5,"(np.int64(23728), np.int64(23728), np.int64(23728), np.int64(23513), np.int64(23728), np.int64(23728), np.int64(20250), np.int64(23728), np.int64(23728), np.int64(23728), np.int64(23728), np.int64(23728), np.int64(23728), np.int64(23728), np.int64(23728), np.int64(35616), np.int64(23728), np.int64(47741), np.int64(29163), np.int64(23728), np.int64(1708), np.int64(27352), np.int64(23728), np.int64(1708), np.int64(23728), np.int64(1213), np.int64(1708), np.int64(23728), np.int64(1213), np.int64(1708), np.int64(1708), np.int64(23728), np.int64(1213), np.int64(3025), np.int64(6737), np.int64(23728), np.int64(1213), np.int64(6841), np.int64(6841), np.int64(6841), np.int64(6841), np.int64(6841), np.int64(6841), np.int64(6841), np.int64(6841), np.int64(6841), np.int64(6841), np.int64(6841), np.int64(19263), np.int64(33066))","(1, 1, 1, 1, 1, 1, 1, 1, 1, 1, 1, 1, 1, 1, 1, 1, 1, 0, 0, 1, 0, 1, 1, 0, 1, 1, 0, 1, 1, 0, 0, 1, 1, 1, 1, 1, 1, 1, 1, 1, 1, 1, 1, 1, 1, 1, 1, 1, 1, 0)"
5.641471,50,319.634049,8,"(np.int64(6841), np.int64(6841), np.int64(6841), np.int64(6841), np.int64(6841), np.int64(6841), np.int64(27554), np.int64(6841), np.int64(6841), np.int64(6841), np.int64(6841), np.int64(6841), np.int64(6841), np.int64(6841), np.int64(6841), np.int64(6841), np.int64(6841), np.int64(1213), np.int64(6841), np.int64(6841), np.int64(1213), np.int64(6841), np.int64(1213), np.int64(6841), np.int64(1213), np.int64(6841), np.int64(38425), np.int64(6841), np.int64(1213), np.int64(6841), np.int64(20939), np.int64(3025), np.int64(3025), np.int64(652), np.int64(3025), np.int64(3025), np.int64(3025), np.int64(3025), np.int64(41806), np.int64(3025), np.int64(3025), np.int64(3025), np.int64(2030), np.int64(3025), np.int64(7771), np.int64(16197), np.int64(6737), np.int64(6737), np.int64(6737), np.int64(6737))","(1, 1, 1, 1, 1, 1, 0, 1, 1, 1, 1, 1, 1, 1, 1, 1, 1, 1, 1, 1, 1, 1, 1, 1, 1, 1, 0, 1, 1, 1, 1, 1, 1, 1, 1, 1, 1, 1, 0, 1, 1, 1, 1, 1, 1, 1, 1, 1, 1, 1)"
5.827758,50,320.177225,1,"(np.int64(5112), np.int64(5112), np.int64(6737), np.int64(48678), np.int64(6737), np.int64(6737), np.int64(6737), np.int64(6737), np.int64(40046), np.int64(6737), np.int64(6737), np.int64(6737), np.int64(6737), np.int64(6737), np.int64(6737), np.int64(6737), np.int64(16160), np.int64(6737), np.int64(10014), np.int64(21033), np.int64(16160), np.int64(16160), np.int64(34169), np.int64(16160), np.int64(27525), np.int64(16160), np.int64(16160), np.int64(16160), np.int64(16160), np.int64(16160), np.int64(13367), np.int64(16160), np.int64(16160), np.int64(16160), np.int64(16160), np.int64(16160), np.int64(16160), np.int64(16160), np.int64(16160), np.int64(16160), np.int64(16160), np.int64(16160), np.int64(28318), np.int64(16160), np.int64(16160), np.int64(16160), np.int64(37062), np.int64(16160), np.int64(16160), np.int64(37062))","(1, 1, 1, 1, 1, 1, 1, 1, 1, 1, 1, 1, 1, 1, 1, 1, 1, 1, 1, 1, 1, 1, 1, 1, 0, 1, 1, 1, 1, 1, 0, 1, 1, 1, 1, 1, 1, 1, 1, 1, 1, 1, 0, 1, 1, 1, 1, 1, 1, 1)"
2.808089,50,320.715018,3,"(np.int64(16160), np.int64(16160), np.int64(16160), np.int64(16160), np.int64(18311), np.int64(16160), np.int64(16160), np.int64(16160), np.int64(16160), np.int64(16160), np.int64(16160), np.int64(16160), np.int64(16160), np.int64(16160), np.int64(16160), np.int64(15024), np.int64(16160), np.int64(16160), np.int64(15024), np.int64(16160), np.int64(15024), np.int64(16160), np.int64(15024), np.int64(15024), np.int64(16160), np.int64(15024), np.int64(15024), np.int64(15024), np.int64(15024), np.int64(15024), np.int64(15024), np.int64(15024), np.int64(20605), np.int64(15024), np.int64(15024), np.int64(15024), np.int64(15024), np.int64(15024), np.int64(15024), np.int64(15024), np.int64(15024), np.int64(15024), np.int64(23110), np.int64(15024), np.int64(15024), np.int64(37062), np.int64(15024), np.int64(15024), np.int64(37062), np.int64(15024))","(1, 1, 1, 1, 1, 1, 1, 1, 1, 1, 1, 1, 1, 1, 1, 1, 1, 1, 1, 1, 1, 1, 1, 1, 1, 1, 1, 1, 1, 1, 1, 1, 1, 1, 1, 1, 1, 1, 1, 1, 1, 1, 0, 1, 1, 1, 1, 1, 1, 1)"
6.426963,50,321.252185,1,"(np.int64(3095), np.int64(3095), np.int64(3095), np.int64(12624), np.int64(3095), np.int64(12624), np.int64(12624), np.int64(12624), np.int64(28040), np.int64(12624), np.int64(12624), np.int64(12624), np.int64(12624), np.int64(12624), np.int64(31305), np.int64(12624), np.int64(31305), np.int64(12624), np.int64(31305), np.int64(12624), np.int64(31305), np.int64(12624), np.int64(31305), np.int64(31305), np.int64(19454), np.int64(12624), np.int64(31305), np.int64(31305), np.int64(31305), np.int64(4537), np.int64(12624), np.int64(13101), np.int64(12624), np.int64(29028), np.int64(12624), np.int64(29028), np.int64(12624), np.int64(41233), np.int64(32533), np.int64(12624), np.int64(29028), np.int64(31305), np.int64(29028), np.int64(12624), np.int64(27826), np.int64(31305), np.int64(31305), np.int64(31305), np.int64(31305), np.int64(31305))","(1, 1, 1, 1, 1, 1, 1, 1, 1, 1, 1, 1, 1, 1, 1, 1, 1, 1, 1, 1, 1, 1, 1, 1, 1, 1, 1, 1, 1, 1, 1, 1, 1, 1, 1, 1, 1, 1, 1, 1, 1, 1, 1, 1, 0, 1, 1, 1, 1, 1)"
6.030068,50,321.790216,8,"(np.int64(46502), np.int64(3095), np.int64(3095), np.int64(12624), np.int64(12624), np.int64(12624), np.int64(12624), np.int64(12624), np.int64(12624), np.int64(12624), np.int64(12624), np.int64(12624), np.int64(31305), np.int64(12624), np.int64(12624), np.int64(12624), np.int64(19272), np.int64(12624), np.int64(19272), np.int64(12624), np.int64(19272), np.int64(12624), np.int64(19272), np.int64(12624), np.int64(19272), np.int64(19272), np.int64(12624), np.int64(19272), np.int64(19272), np.int64(19272), np.int64(19272), np.int64(19272), np.int64(19648), np.int64(12624), np.int64(8871), np.int64(12624), np.int64(8871), np.int64(12624), np.int64(17087), np.int64(12624), np.int64(8871), np.int64(8871), np.int64(12624), np.int64(10425), np.int64(16053), np.int64(12624), np.int64(10425), np.int64(10425), np.int64(6149), np.int64(6149))","(0, 1, 1, 1, 1, 1, 1, 1, 1, 1, 1, 1, 1, 1, 1, 1, 1, 1, 1, 1, 1, 1, 1, 1, 1, 1, 1, 1, 1, 1, 1, 1, 1, 1, 1, 1, 1, 1, 1, 1, 1, 1, 1, 1, 1, 1, 1, 1, 1, 1)"
5.674836,50,322.361926,6,"(np.int64(3095), np.int64(3095), np.int64(5183), np.int64(6149), np.int64(5152), np.int64(6149), np.int64(6149), np.int64(6149), np.int64(6149), np.int64(6149), np.int64(44573), np.int64(6149), np.int64(6149), np.int64(10425), np.int64(6149), np.int64(10425), np.int64(6149), np.int64(10425), np.int64(6149), np.int64(10425), np.int64(6149), np.int64(10425), np.int64(10425), np.int64(10425), np.int64(22658), np.int64(6149), np.int64(25125), np.int64(6149), np.int64(6149), np.int64(6149), np.int64(6149), np.int64(6149), np.int64(6149), np.int64(6149), np.int64(6149), np.int64(15059), np.int64(6149), np.int64(6149), np.int64(6149), np.int64(9380), np.int64(6149), np.int64(6149), np.int64(9380), np.int64(6149), np.int64(6149), np.int64(9380), np.int64(9841), np.int64(6149), np.int64(6149), np.int64(13954))","(1, 1, 1, 1, 1, 1, 1, 1, 1, 1, 0, 1, 1, 1, 1, 1, 1, 1, 1, 1, 1, 1, 1, 1, 0, 1, 1, 1, 1, 1, 1, 1, 1, 1, 1, 1, 1, 1, 1, 1, 1, 1, 1, 1, 1, 1, 0, 1, 1, 1)"
8.159372,50,322.924301,2,"(np.int64(3095), np.int64(6149), np.int64(6149), np.int64(285), np.int64(6149), np.int64(6149), np.int64(6149), np.int64(38383), np.int64(6149), np.int64(7846), np.int64(17216), np.int64(6149), np.int64(6149), np.int64(33099), np.int64(6149), np.int64(6149), np.int64(6149), np.int64(14341), np.int64(2432), np.int64(6149), np.int64(6149), np.int64(6149), np.int64(6149), np.int64(12038), np.int64(6149), np.int64(6149), np.int64(6149), np.int64(6149), np.int64(16594), np.int64(32954), np.int64(6149), np.int64(6149), np.int64(45040), np.int64(6149), np.int64(6149), np.int64(9380), np.int64(41395), np.int64(3095), np.int64(3095), np.int64(3095), np.int64(3095), np.int64(3095), np.int64(3095), np.int64(3095), np.int64(14331), np.int64(3095), np.int64(3095), np.int64(3095), np.int64(3095), np.int64(3095))","(1, 1, 1, 1, 1, 1, 1, 0, 1, 1, 1, 1, 1, 1, 1, 1, 1, 1, 1, 1, 1, 1, 1, 1, 1, 1, 1, 1, 1, 0, 1, 1, 0, 1, 1, 1, 0, 1, 1, 1, 1, 1, 1, 1, 1, 1, 1, 1, 1, 1)"
3.638818,50,323.495928,8,"(np.int64(3095), np.int64(3095), np.int64(3095), np.int64(3095), np.int64(3095), np.int64(3095), np.int64(3095), np.int64(3095), np.int64(3095), np.int64(3095), np.int64(3095), np.int64(22101), np.int64(8303), np.int64(46843), np.int64(3095), np.int64(3095), np.int64(3095), np.int64(3095), np.int64(37022), np.int64(3095), np.int64(3095), np.int64(37022), np.int64(3095), np.int64(26345), np.int64(3095), np.int64(37022), np.int64(3095), np.int64(37022), np.int64(3095), np.int64(37022), np.int64(3095), np.int64(37022), np.int64(3095), np.int64(37022), np.int64(3095), np.int64(37022), np.int64(37022), np.int64(3095), np.int64(14136), np.int64(3095), np.int64(14136), np.int64(19687), np.int64(48758), np.int64(3095), np.int64(14136), np.int64(3095), np.int64(14136), np.int64(13248), np.int64(3095), np.int64(14136))","(1, 1, 1, 1, 1, 1, 1, 1, 1, 1, 1, 1, 1, 0, 1, 1, 1, 1, 0, 1, 1, 0, 1, 0, 1, 0, 1, 0, 1, 0, 1, 0, 1, 0, 1, 0, 0, 1, 1, 1, 1, 1, 0, 1, 1, 1, 1, 1, 1, 1)"
3.186228,50,324.053061,4,"(np.int64(3095), np.int64(3095), np.int64(3095), np.int64(3095), np.int64(3095), np.int64(3095), np.int64(3095), np.int64(14136), np.int64(3095), np.int64(14136), np.int64(3095), np.int64(14136), np.int64(14136), np.int64(3095), np.int64(14136), np.int64(14136), np.int64(14136), np.int64(14136), np.int64(14136), np.int64(27982), np.int64(14136), np.int64(14136), np.int64(14136), np.int64(14160), np.int64(14136), np.int64(14136), np.int64(14136), np.int64(14136), np.int64(14136), np.int64(18070), np.int64(14136), np.int64(14136), np.int64(14136), np.int64(29901), np.int64(14136), np.int64(14136), np.int64(26839), np.int64(40141), np.int64(14136), np.int64(14136), np.int64(14136), np.int64(14136), np.int64(14136), np.int64(14136), np.int64(14136), np.int64(14136), np.int64(14136), np.int64(14136), np.int64(14136), np.int64(1903))","(1, 1, 1, 1, 1, 1, 1, 1, 1, 1, 1, 1, 1, 1, 1, 1, 1, 1, 1, 1, 1, 1, 1, 0, 1, 1, 1, 1, 1, 1, 1, 1, 1, 0, 1, 1, 0, 0, 1, 1, 1, 1, 1, 1, 1, 1, 1, 1, 1, 1)"
5.717268,50,324.612438,2,"(np.int64(18941), np.int64(37522), np.int64(6718), np.int64(6718), np.int64(6718), np.int64(6718), np.int64(6718), np.int64(6718), np.int64(6718), np.int64(6718), np.int64(39767), np.int64(6718), np.int64(6718), np.int64(6718), np.int64(32796), np.int64(6718), np.int64(6718), np.int64(6718), np.int64(13917), np.int64(6718), np.int64(49566), np.int64(6718), np.int64(43011), np.int64(6718), np.int64(34308), np.int64(6718), np.int64(13917), np.int64(6718), np.int64(13917), np.int64(6718), np.int64(13917), np.int64(13917), np.int64(13917), np.int64(13917), np.int64(6486), np.int64(6718), np.int64(13917), np.int64(13917), np.int64(13917), np.int64(13917), np.int64(13917), np.int64(13917), np.int64(13917), np.int64(13917), np.int64(24764), np.int64(13917), np.int64(22864), np.int64(13917), np.int64(4985), np.int64(13917))","(1, 1, 1, 1, 1, 1, 1, 1, 1, 1, 0, 1, 1, 1, 1, 1, 1, 1, 1, 1, 1, 1, 0, 1, 1, 1, 1, 1, 1, 1, 1, 1, 1, 1, 1, 1, 1, 1, 1, 1, 1, 1, 1, 1, 0, 1, 0, 1, 1, 1)"
5.200532,50,325.161986,3,"(np.int64(795), np.int64(3442), np.int64(795), np.int64(25335), np.int64(795), np.int64(795), np.int64(795), np.int64(795), np.int64(46159), np.int64(13981), np.int64(795), np.int64(5112), np.int64(795), np.int64(5112), np.int64(5112), np.int64(5112), np.int64(5112), np.int64(5112), np.int64(8000), np.int64(5112), np.int64(5112), np.int64(39446), np.int64(5112), np.int64(5112), np.int64(27490), np.int64(5112), np.int64(297), np.int64(5112), np.int64(297), np.int64(5112), np.int64(297), np.int64(5112), np.int64(22933), np.int64(5112), np.int64(896), np.int64(5112), np.int64(896), np.int64(5112), np.int64(896), np.int64(297), np.int64(5112), np.int64(896), np.int64(896), np.int64(8325), np.int64(5112), np.int64(27839), np.int64(896), np.int64(896), np.int64(896), np.int64(896))","(1, 1, 1, 0, 1, 1, 1, 1, 0, 1, 1, 1, 1, 1, 1, 1, 1, 1, 1, 1, 1, 0, 1, 1, 0, 1, 1, 1, 1, 1, 1, 1, 0, 1, 1, 1, 1, 1, 1, 1, 1, 1, 1, 1, 1, 1, 1, 1, 1, 1)"
4.153072,50,325.726054,1,"(np.int64(44541), np.int64(5112), np.int64(5112), np.int64(5112), np.int64(19192), np.int64(29409), np.int64(5112), np.int64(5112), np.int64(21283), np.int64(5112), np.int64(896), np.int64(5112), np.int64(896), np.int64(896), np.int64(20748), np.int64(5112), np.int64(896), np.int64(896), np.int64(22371), np.int64(896), np.int64(896), np.int64(896), np.int64(896), np.int64(896), np.int64(48924), np.int64(3759), np.int64(3759), np.int64(3759), np.int64(3759), np.int64(25429), np.int64(3759), np.int64(3759), np.int64(3759), np.int64(18384), np.int64(3759), np.int64(3759), np.int64(3759), np.int64(3759), np.int64(3759), np.int64(896), np.int64(3759), np.int64(3759), np.int64(4985), np.int64(20997), np.int64(5112), np.int64(5112), np.int64(3759), np.int64(3759), np.int64(4985), np.int64(5112))","(0, 1, 1, 1, 0, 0, 1, 1, 1, 1, 1, 1, 1, 1, 0, 1, 1, 1, 0, 1, 1, 1, 1, 1, 1, 1, 1, 1, 1, 0, 1, 1, 1, 0, 1, 1, 1, 1, 1, 1, 1, 1, 1, 0, 1, 1, 1, 1, 1, 1)"
5.37699,50,326.289421,6,"(np.int64(5112), np.int64(5112), np.int64(5112), np.int64(5112), np.int64(10862), np.int64(34338), np.int64(5112), np.int64(5112), np.int64(5112), np.int64(5112), np.int64(5112), np.int64(5112), np.int64(27040), np.int64(5112), np.int64(5112), np.int64(5112), np.int64(5112), np.int64(5112), np.int64(12094), np.int64(5112), np.int64(32877), np.int64(5112), np.int64(5112), np.int64(4985), np.int64(5112), np.int64(4985), np.int64(24448), np.int64(31519), np.int64(5112), np.int64(5112), np.int64(4985), np.int64(5112), np.int64(4985), np.int64(5112), np.int64(4985), np.int64(38120), np.int64(5112), np.int64(4985), np.int64(5112), np.int64(4985), np.int64(5112), np.int64(4985), np.int64(5112), np.int64(4985), np.int64(4985), np.int64(4100), np.int64(5112), np.int64(4985), np.int64(4985), np.int64(5112))","(1, 1, 1, 1, 1, 1, 1, 1, 1, 1, 1, 1, 1, 1, 1, 1, 1, 1, 1, 1, 0, 1, 1, 1, 1, 1, 1, 0, 1, 1, 1, 1, 1, 1, 1, 1, 1, 1, 1, 1, 1, 1, 1, 1, 1, 1, 1, 1, 1, 1)"
4.172958,50,326.885369,3,"(np.int64(9335), np.int64(5112), np.int64(5112), np.int64(46865), np.int64(5112), np.int64(5112), np.int64(5112), np.int64(5112), np.int64(4579), np.int64(5112), np.int64(5112), np.int64(45400), np.int64(5112), np.int64(21762), np.int64(5112), np.int64(21762), np.int64(21762), np.int64(21762), np.int64(21762), np.int64(21762), np.int64(21762), np.int64(21762), np.int64(21762), np.int64(21762), np.int64(21762), np.int64(21762), np.int64(21762), np.int64(21762), np.int64(21762), np.int64(21762), np.int64(21762), np.int64(21762), np.int64(21762), np.int64(23418), np.int64(12103), np.int64(21762), np.int64(21762), np.int64(21762), np.int64(33369), np.int64(21762), np.int64(21762), np.int64(21762), np.int64(21762), np.int64(21762), np.int64(21762), np.int64(22774), np.int64(21762), np.int64(21762), np.int64(18647), np.int64(21762))","(1, 1, 1, 0, 1, 1, 1, 1, 1, 1, 1, 0, 1, 1, 1, 1, 1, 1, 1, 1, 1, 1, 1, 1, 1, 1, 1, 1, 1, 1, 1, 1, 1, 1, 1, 1, 1, 1, 0, 1, 1, 1, 1, 1, 1, 0, 1, 1, 1, 1)"
4.905106,50,327.442137,8,"(np.int64(10267), np.int64(10267), np.int64(34887), np.int64(10267), np.int64(10267), np.int64(10267), np.int64(21762), np.int64(10267), np.int64(21762), np.int64(10267), np.int64(21762), np.int64(10267), np.int64(21762), np.int64(34288), np.int64(10267), np.int64(21762), np.int64(21742), np.int64(10267), np.int64(36457), np.int64(10267), np.int64(21762), np.int64(36457), np.int64(10267), np.int64(14652), np.int64(10267), np.int64(3765), np.int64(10267), np.int64(36457), np.int64(36457), np.int64(10267), np.int64(36457), np.int64(36457), np.int64(36457), np.int64(36457), np.int64(36457), np.int64(4855), np.int64(3784), np.int64(12826), np.int64(10267), np.int64(36457), np.int64(36457), np.int64(36457), np.int64(36457), np.int64(21762), np.int64(10267), np.int64(21762), np.int64(10267), np.int64(21762), np.int64(10267), np.int64(21762))","(1, 1, 0, 1, 1, 1, 1, 1, 1, 1, 1, 1, 1, 0, 1, 1, 1, 1, 0, 1, 1, 0, 1, 1, 1, 1, 1, 0, 0, 1, 0, 0, 0, 0, 0, 1, 1, 1, 1, 0, 0, 0, 0, 1, 1, 1, 1, 1, 1, 1)"
5.491881,50,328.004873,6,"(np.int64(10267), np.int64(10267), np.int64(10267), np.int64(10267), np.int64(10267), np.int64(10267), np.int64(10267), np.int64(10267), np.int64(10267), np.int64(10267), np.int64(10267), np.int64(10267), np.int64(10267), np.int64(28064), np.int64(10267), np.int64(23684), np.int64(10267), np.int64(19731), np.int64(10267), np.int64(19731), np.int64(19731), np.int64(32898), np.int64(10267), np.int64(19731), np.int64(10267), np.int64(19731), np.int64(19731), np.int64(10554), np.int64(10267), np.int64(19731), np.int64(10267), np.int64(11377), np.int64(10267), np.int64(19731), np.int64(9603), np.int64(10267), np.int64(26718), np.int64(10267), np.int64(19731), np.int64(10267), np.int64(40899), np.int64(10267), np.int64(10267), np.int64(14005), np.int64(10267), np.int64(10267), np.int64(9380), np.int64(10267), np.int64(10267), np.int64(10267))","(1, 1, 1, 1, 1, 1, 1, 1, 1, 1, 1, 1, 1, 1, 1, 1, 1, 1, 1, 1, 1, 1, 1, 1, 1, 1, 1, 1, 1, 1, 1, 0, 1, 1, 1, 1, 0, 1, 1, 1, 0, 1, 1, 1, 1, 1, 1, 1, 1, 1)"
4.276942,50,328.553287,2,"(np.int64(10267), np.int64(10267), np.int64(10267), np.int64(10267), np.int64(10267), np.int64(10267), np.int64(10267), np.int64(10267), np.int64(10267), np.int64(10267), np.int64(10267), np.int64(10267), np.int64(10267), np.int64(10267), np.int64(10267), np.int64(10267), np.int64(10267), np.int64(10267), np.int64(10267), np.int64(10267), np.int64(10267), np.int64(7406), np.int64(10267), np.int64(10267), np.int64(10267), np.int64(10267), np.int64(10267), np.int64(10267), np.int64(12728), np.int64(17704), np.int64(10267), np.int64(10267), np.int64(10267), np.int64(10267), np.int64(10267), np.int64(10267), np.int64(10267), np.int64(10267), np.int64(19731), np.int64(10267), np.int64(18008), np.int64(24013), np.int64(19731), np.int64(10267), np.int64(19731), np.int64(19731), np.int64(19731), np.int64(19731), np.int64(19731), np.int64(19731))","(1, 1, 1, 1, 1, 1, 1, 1, 1, 1, 1, 1, 1, 1, 1, 1, 1, 1, 1, 1, 1, 1, 1, 1, 1, 1, 1, 1, 1, 0, 1, 1, 1, 1, 1, 1, 1, 1, 1, 1, 1, 1, 1, 1, 1, 1, 1, 1, 1, 1)"
0.81,50,329.144689,0,"(np.int64(19731), np.int64(19731), np.int64(19731), np.int64(19731), np.int64(10391), np.int64(19731), np.int64(19731), np.int64(19731), np.int64(19731), np.int64(19731), np.int64(19731), np.int64(19731), np.int64(19731), np.int64(19731), np.int64(19731), np.int64(25391), np.int64(19731), np.int64(19731), np.int64(19731), np.int64(19731), np.int64(19731), np.int64(19731), np.int64(19731), np.int64(19731), np.int64(19731), np.int64(19731), np.int64(19731), np.int64(19731), np.int64(14994), np.int64(49747), np.int64(19731), np.int64(19731), np.int64(19731), np.int64(19731), np.int64(19731), np.int64(47149), np.int64(19731), np.int64(19329), np.int64(19731), np.int64(19731), np.int64(19731), np.int64(1213), np.int64(19731), np.int64(19731), np.int64(4574), np.int64(19731), np.int64(1213), np.int64(19731), np.int64(1213), np.int64(1213))","(0, 0, 0, 0, 0, 0, 0, 0, 0, 0, 0, 0, 0, 0, 0, 0, 0, 0, 0, 0, 0, 0, 0, 0, 0, 0, 0, 0, 0, 0, 0, 0, 0, 0, 0, 0, 0, 1, 0, 0, 0, 0, 0, 0, 0, 0, 0, 0, 0, 0)"
3.090404,50,329.734895,8,"(np.int64(38258), np.int64(19731), np.int64(795), np.int64(795), np.int64(795), np.int64(14496), np.int64(14496), np.int64(14496), np.int64(14496), np.int64(14496), np.int64(14496), np.int64(1213), np.int64(14496), np.int64(1213), np.int64(14496), np.int64(1213), np.int64(14496), np.int64(1213), np.int64(14496), np.int64(1213), np.int64(1213), np.int64(1213), np.int64(14496), np.int64(1213), np.int64(1213), np.int64(1213), np.int64(1213), np.int64(1213), np.int64(1213), np.int64(1213), np.int64(1213), np.int64(1213), np.int64(25426), np.int64(1213), np.int64(1213), np.int64(1213), np.int64(1213), np.int64(1213), np.int64(1213), np.int64(1213), np.int64(1213), np.int64(1213), np.int64(9380), np.int64(795), np.int64(795), np.int64(795), np.int64(795), np.int64(795), np.int64(795), np.int64(795))","(0, 1, 1, 1, 1, 1, 1, 1, 1, 1, 1, 1, 1, 1, 1, 1, 1, 1, 1, 1, 1, 1, 1, 1, 1, 1, 1, 1, 1, 1, 1, 1, 0, 1, 1, 1, 1, 1, 1, 1, 1, 1, 1, 1, 1, 1, 1, 1, 1, 1)"
5.863296,50,330.28994,1,"(np.int64(795), np.int64(795), np.int64(795), np.int64(13879), np.int64(795), np.int64(31969), np.int64(47660), np.int64(795), np.int64(13826), np.int64(795), np.int64(795), np.int64(795), np.int64(795), np.int64(795), np.int64(795), np.int64(795), np.int64(795), np.int64(795), np.int64(795), np.int64(795), np.int64(795), np.int64(10477), np.int64(795), np.int64(795), np.int64(29713), np.int64(795), np.int64(795), np.int64(19050), np.int64(795), np.int64(795), np.int64(9380), np.int64(795), np.int64(795), np.int64(9380), np.int64(32023), np.int64(795), np.int64(795), np.int64(9380), np.int64(795), np.int64(9380), np.int64(795), np.int64(9380), np.int64(795), np.int64(9380), np.int64(795), np.int64(9380), np.int64(795), np.int64(9380), np.int64(795), np.int64(3928))","(1, 1, 1, 1, 1, 1, 0, 1, 1, 1, 1, 1, 1, 1, 1, 1, 1, 1, 1, 1, 1, 1, 1, 1, 1, 1, 1, 1, 1, 1, 1, 1, 1, 1, 0, 1, 1, 1, 1, 1, 1, 1, 1, 1, 1, 1, 1, 1, 1, 1)"
2.695051,50,330.84256,5,"(np.int64(795), np.int64(795), np.int64(795), np.int64(795), np.int64(795), np.int64(795), np.int64(795), np.int64(795), np.int64(795), np.int64(795), np.int64(795), np.int64(795), np.int64(3928), np.int64(795), np.int64(3928), np.int64(795), np.int64(3928), np.int64(795), np.int64(3928), np.int64(795), np.int64(3928), np.int64(3928), np.int64(3928), np.int64(3928), np.int64(3928), np.int64(3928), np.int64(18817), np.int64(3928), np.int64(3928), np.int64(3928), np.int64(3928), np.int64(3928), np.int64(3928), np.int64(3928), np.int64(5396), np.int64(3928), np.int64(3928), np.int64(26917), np.int64(36630), np.int64(3928), np.int64(5396), np.int64(36711), np.int64(3928), np.int64(5396), np.int64(3928), np.int64(5396), np.int64(5396), np.int64(5396), np.int64(5396), np.int64(5396))","(1, 1, 1, 1, 1, 1, 1, 1, 1, 1, 1, 1, 1, 1, 1, 1, 1, 1, 1, 1, 1, 1, 1, 1, 1, 1, 1, 1, 1, 1, 1, 1, 1, 1, 1, 1, 1, 0, 0, 1, 1, 0, 1, 1, 1, 1, 1, 1, 1, 1)"
5.012181,50,331.404599,2,"(np.int64(3928), np.int64(3928), np.int64(20407), np.int64(3928), np.int64(5396), np.int64(5396), np.int64(5396), np.int64(5396), np.int64(5396), np.int64(5396), np.int64(5396), np.int64(5396), np.int64(5396), np.int64(5396), np.int64(5396), np.int64(5396), np.int64(5396), np.int64(5396), np.int64(5396), np.int64(5396), np.int64(5396), np.int64(5396), np.int64(5396), np.int64(5396), np.int64(11002), np.int64(26293), np.int64(26293), np.int64(13233), np.int64(26293), np.int64(26293), np.int64(26293), np.int64(26293), np.int64(26293), np.int64(26293), np.int64(26293), np.int64(26293), np.int64(26293), np.int64(26293), np.int64(26293), np.int64(26293), np.int64(26293), np.int64(26293), np.int64(37517), np.int64(26293), np.int64(13018), np.int64(26293), np.int64(26293), np.int64(26293), np.int64(26293), np.int64(26293))","(1, 1, 1, 1, 1, 1, 1, 1, 1, 1, 1, 1, 1, 1, 1, 1, 1, 1, 1, 1, 1, 1, 1, 1, 1, 1, 1, 1, 1, 1, 1, 1, 1, 1, 1, 1, 1, 1, 1, 1, 1, 1, 1, 1, 0, 1, 1, 1, 1, 1)"
5.88544,50,331.939419,1,"(np.int64(26293), np.int64(26293), np.int64(68), np.int64(26293), np.int64(26293), np.int64(26293), np.int64(26293), np.int64(10408), np.int64(26293), np.int64(41016), np.int64(37022), np.int64(37022), np.int64(37022), np.int64(37022), np.int64(37022), np.int64(37022), np.int64(37022), np.int64(37022), np.int64(37022), np.int64(37022), np.int64(37022), np.int64(37022), np.int64(37022), np.int64(37022), np.int64(37022), np.int64(18501), np.int64(37022), np.int64(37022), np.int64(37022), np.int64(37022), np.int64(37022), np.int64(20050), np.int64(37022), np.int64(37022), np.int64(20050), np.int64(37022), np.int64(48660), np.int64(37022), np.int64(20050), np.int64(37022), np.int64(20050), np.int64(37022), np.int64(20050), np.int64(37022), np.int64(20050), np.int64(37022), np.int64(20050), np.int64(20050), np.int64(37022), np.int64(24383))","(1, 1, 1, 1, 1, 1, 1, 1, 1, 1, 1, 1, 1, 1, 1, 1, 1, 1, 1, 1, 1, 1, 1, 1, 1, 1, 1, 1, 1, 1, 1, 1, 1, 1, 1, 1, 1, 1, 1, 1, 1, 1, 1, 1, 1, 1, 1, 1, 1, 1)"
9.54652,50,332.494943,1,"(np.int64(14351), np.int64(12675), np.int64(14351), np.int64(14351), np.int64(19796), np.int64(14351), np.int64(14351), np.int64(37022), np.int64(2075), np.int64(14351), np.int64(14351), np.int64(37022), np.int64(14351), np.int64(17044), np.int64(14351), np.int64(20050), np.int64(14351), np.int64(20050), np.int64(14351), np.int64(20050), np.int64(14351), np.int64(20050), np.int64(20050), np.int64(20050), np.int64(23622), np.int64(14351), np.int64(20050), np.int64(20050), np.int64(20050), np.int64(20050), np.int64(20050), np.int64(20050), np.int64(20050), np.int64(20050), np.int64(20050), np.int64(20050), np.int64(9380), np.int64(2798), np.int64(28881), np.int64(33630), np.int64(28881), np.int64(28881), np.int64(28881), np.int64(28881), np.int64(2798), np.int64(13671), np.int64(21370), np.int64(28881), np.int64(20294), np.int64(20294))","(1, 1, 1, 1, 1, 1, 1, 1, 1, 1, 1, 1, 1, 1, 1, 1, 1, 1, 1, 1, 1, 1, 1, 1, 1, 1, 1, 1, 1, 1, 1, 1, 1, 1, 1, 1, 1, 1, 1, 0, 1, 1, 1, 1, 1, 1, 1, 1, 1, 1)"
4.77867,50,333.022897,1,"(np.int64(15367), np.int64(15367), np.int64(20294), np.int64(20294), np.int64(20294), np.int64(20294), np.int64(20294), np.int64(20294), np.int64(20294), np.int64(20294), np.int64(20294), np.int64(20294), np.int64(20294), np.int64(20294), np.int64(9380), np.int64(20294), np.int64(20294), np.int64(44112), np.int64(2798), np.int64(15367), np.int64(15367), np.int64(2798), np.int64(15367), np.int64(15367), np.int64(15367), np.int64(15367), np.int64(15367), np.int64(11406), np.int64(15367), np.int64(15367), np.int64(9380), np.int64(15367), np.int64(24455), np.int64(15367), np.int64(9380), np.int64(15367), np.int64(9380), np.int64(15367), np.int64(9380), np.int64(15367), np.int64(9380), np.int64(9380), np.int64(15367), np.int64(3707), np.int64(15367), np.int64(9380), np.int64(443), np.int64(15367), np.int64(9380), np.int64(9380))","(1, 1, 1, 1, 1, 1, 1, 1, 1, 1, 1, 1, 1, 1, 1, 1, 1, 0, 1, 1, 1, 1, 1, 1, 1, 1, 1, 1, 1, 1, 1, 1, 0, 1, 1, 1, 1, 1, 1, 1, 1, 1, 1, 1, 1, 1, 1, 1, 1, 1)"
0.0,50,333.568502,0,"(np.int64(15367), np.int64(49912), np.int64(15367), np.int64(15367), np.int64(15367), np.int64(15367), np.int64(15367), np.int64(15367), np.int64(15367), np.int64(15367), np.int64(9380), np.int64(15367), np.int64(15367), np.int64(9380), np.int64(15367), np.int64(9380), np.int64(15367), np.int64(9380), np.int64(15367), np.int64(9380), np.int64(15367), np.int64(9380), np.int64(9380), np.int64(9380), np.int64(9380), np.int64(9380), np.int64(9380), np.int64(9380), np.int64(9380), np.int64(9380), np.int64(9380), np.int64(9380), np.int64(9380), np.int64(9380), np.int64(9380), np.int64(9380), np.int64(9380), np.int64(9380), np.int64(9380), np.int64(9380), np.int64(9380), np.int64(9380), np.int64(9380), np.int64(18510), np.int64(9380), np.int64(9380), np.int64(9380), np.int64(20922), np.int64(9380), np.int64(9380))","(0, 0, 0, 0, 0, 0, 0, 0, 0, 0, 0, 0, 0, 0, 0, 0, 0, 0, 0, 0, 0, 0, 0, 0, 0, 0, 0, 0, 0, 0, 0, 0, 0, 0, 0, 0, 0, 0, 0, 0, 0, 0, 0, 0, 0, 0, 0, 0, 0, 0)"
2.632546,50,334.096136,1,"(np.int64(15367), np.int64(15367), np.int64(15367), np.int64(15367), np.int64(15367), np.int64(15367), np.int64(15367), np.int64(15367), np.int64(9380), np.int64(15367), np.int64(9380), np.int64(15367), np.int64(9380), np.int64(48215), np.int64(41688), np.int64(15367), np.int64(9380), np.int64(9380), np.int64(9380), np.int64(9380), np.int64(9380), np.int64(9380), np.int64(9380), np.int64(9380), np.int64(9380), np.int64(9380), np.int64(9380), np.int64(9380), np.int64(9380), np.int64(9380), np.int64(9380), np.int64(9380), np.int64(9380), np.int64(9380), np.int64(9380), np.int64(9380), np.int64(9380), np.int64(9380), np.int64(9380), np.int64(9380), np.int64(9380), np.int64(9380), np.int64(30916), np.int64(37487), np.int64(31576), np.int64(11218), np.int64(11218), np.int64(11218), np.int64(11218), np.int64(11218))","(1, 1, 1, 1, 1, 1, 1, 1, 1, 1, 1, 1, 1, 0, 1, 1, 1, 1, 1, 1, 1, 1, 1, 1, 1, 1, 1, 1, 1, 1, 1, 1, 1, 1, 1, 1, 1, 1, 1, 1, 1, 1, 0, 0, 0, 1, 1, 1, 1, 1)"
4.91754,50,334.71348,1,"(np.int64(11218), np.int64(11218), np.int64(11218), np.int64(11218), np.int64(16436), np.int64(11218), np.int64(3487), np.int64(11218), np.int64(21729), np.int64(21729), np.int64(21729), np.int64(21729), np.int64(21729), np.int64(21729), np.int64(21729), np.int64(1165), np.int64(21729), np.int64(21729), np.int64(21729), np.int64(21729), np.int64(21729), np.int64(21729), np.int64(21729), np.int64(21729), np.int64(21729), np.int64(21729), np.int64(21729), np.int64(21729), np.int64(21729), np.int64(21729), np.int64(21729), np.int64(21729), np.int64(21729), np.int64(21729), np.int64(21729), np.int64(21729), np.int64(21729), np.int64(15672), np.int64(21729), np.int64(21729), np.int64(21729), np.int64(32102), np.int64(21729), np.int64(21729), np.int64(21729), np.int64(21729), np.int64(21729), np.int64(21729), np.int64(21729), np.int64(21729))","(1, 1, 1, 1, 1, 1, 1, 1, 1, 1, 1, 1, 1, 1, 1, 1, 1, 1, 1, 1, 1, 1, 1, 1, 1, 1, 1, 1, 1, 1, 1, 1, 1, 1, 1, 1, 1, 1, 1, 1, 1, 1, 1, 1, 1, 1, 1, 1, 1, 1)"
3.081662,50,335.264238,7,"(np.int64(21729), np.int64(21729), np.int64(21729), np.int64(21729), np.int64(21729), np.int64(21729), np.int64(21729), np.int64(21729), np.int64(21729), np.int64(21729), np.int64(21729), np.int64(21729), np.int64(21729), np.int64(21729), np.int64(21729), np.int64(21729), np.int64(27958), np.int64(21729), np.int64(21729), np.int64(21729), np.int64(21729), np.int64(21729), np.int64(21729), np.int64(21729), np.int64(21729), np.int64(21729), np.int64(21729), np.int64(21729), np.int64(21729), np.int64(21729), np.int64(21729), np.int64(21729), np.int64(21729), np.int64(21729), np.int64(21729), np.int64(21729), np.int64(21729), np.int64(17716), np.int64(11218), np.int64(3760), np.int64(11218), np.int64(11218), np.int64(11218), np.int64(26387), np.int64(11218), np.int64(11218), np.int64(11218), np.int64(11218), np.int64(11218), np.int64(11218))","(1, 1, 1, 1, 1, 1, 1, 1, 1, 1, 1, 1, 1, 1, 1, 1, 1, 1, 1, 1, 1, 1, 1, 1, 1, 1, 1, 1, 1, 1, 1, 1, 1, 1, 1, 1, 1, 0, 1, 1, 1, 1, 1, 1, 1, 1, 1, 1, 1, 1)"
5.378335,50,335.838049,8,"(np.int64(22475), np.int64(23728), np.int64(11218), np.int64(11218), np.int64(11218), np.int64(11218), np.int64(11218), np.int64(13346), np.int64(23728), np.int64(23728), np.int64(20346), np.int64(23728), np.int64(23728), np.int64(628), np.int64(11461), np.int64(23728), np.int64(23728), np.int64(11197), np.int64(2921), np.int64(23728), np.int64(11197), np.int64(7487), np.int64(2921), np.int64(2921), np.int64(2921), np.int64(2921), np.int64(34268), np.int64(2921), np.int64(11197), np.int64(2921), np.int64(11197), np.int64(11197), np.int64(11197), np.int64(11197), np.int64(11197), np.int64(11197), np.int64(11197), np.int64(11197), np.int64(43102), np.int64(38052), np.int64(2921), np.int64(11197), np.int64(11197), np.int64(11197), np.int64(11197), np.int64(11197), np.int64(11197), np.int64(11197), np.int64(11197), np.int64(11197))","(0, 1, 1, 1, 1, 1, 1, 1, 1, 1, 1, 1, 1, 1, 1, 1, 1, 1, 1, 1, 1, 1, 1, 1, 1, 1, 0, 1, 1, 1, 1, 1, 1, 1, 1, 1, 1, 1, 0, 0, 1, 1, 1, 1, 1, 1, 1, 1, 1, 1)"
5.072624,50,336.403587,1,"(np.int64(23728), np.int64(23728), np.int64(23728), np.int64(2921), np.int64(2921), np.int64(2921), np.int64(4565), np.int64(2921), np.int64(2921), np.int64(11197), np.int64(2921), np.int64(11197), np.int64(2921), np.int64(11197), np.int64(36318), np.int64(2921), np.int64(11197), np.int64(11197), np.int64(11197), np.int64(11197), np.int64(11197), np.int64(11197), np.int64(11197), np.int64(11197), np.int64(11197), np.int64(11197), np.int64(11197), np.int64(11197), np.int64(11197), np.int64(11197), np.int64(11197), np.int64(11197), np.int64(11197), np.int64(11197), np.int64(11197), np.int64(11197), np.int64(11197), np.int64(11197), np.int64(46225), np.int64(2921), np.int64(2921), np.int64(2921), np.int64(2921), np.int64(2921), np.int64(1960), np.int64(23728), np.int64(23728), np.int64(23728), np.int64(23728), np.int64(23728))","(1, 1, 1, 1, 1, 1, 1, 1, 1, 1, 1, 1, 1, 1, 1, 1, 1, 1, 1, 1, 1, 1, 1, 1, 1, 1, 1, 1, 1, 1, 1, 1, 1, 1, 1, 1, 1, 1, 1, 1, 1, 1, 1, 1, 1, 1, 1, 1, 1, 1)"
3.826523,50,336.982444,6,"(np.int64(23728), np.int64(23728), np.int64(23728), np.int64(23728), np.int64(23728), np.int64(23728), np.int64(23728), np.int64(23728), np.int64(20328), np.int64(23728), np.int64(23728), np.int64(23728), np.int64(23728), np.int64(1960), np.int64(23728), np.int64(23728), np.int64(1960), np.int64(23728), np.int64(1960), np.int64(23728), np.int64(1960), np.int64(302), np.int64(23728), np.int64(1960), np.int64(2921), np.int64(2921), np.int64(2921), np.int64(2921), np.int64(2921), np.int64(2921), np.int64(2921), np.int64(2921), np.int64(2921), np.int64(2921), np.int64(2921), np.int64(2921), np.int64(31287), np.int64(2921), np.int64(2921), np.int64(31287), np.int64(2921), np.int64(31287), np.int64(2921), np.int64(31287), np.int64(2921), np.int64(31287), np.int64(2921), np.int64(31287), np.int64(31287), np.int64(31287))","(1, 1, 1, 1, 1, 1, 1, 1, 1, 1, 1, 1, 1, 1, 1, 1, 1, 1, 1, 1, 1, 1, 1, 1, 1, 1, 1, 1, 1, 1, 1, 1, 1, 1, 1, 1, 1, 1, 1, 1, 1, 1, 1, 1, 1, 1, 1, 1, 1, 1)"
0.75729,50,337.545598,0,"(np.int64(2921), np.int64(2921), np.int64(2921), np.int64(2921), np.int64(2921), np.int64(2921), np.int64(31287), np.int64(2921), np.int64(31287), np.int64(21925), np.int64(2921), np.int64(31287), np.int64(31287), np.int64(2921), np.int64(43781), np.int64(2921), np.int64(31287), np.int64(31287), np.int64(31287), np.int64(31287), np.int64(31287), np.int64(31287), np.int64(31287), np.int64(31287), np.int64(31287), np.int64(31287), np.int64(31287), np.int64(31287), np.int64(31287), np.int64(40559), np.int64(5099), np.int64(5099), np.int64(5099), np.int64(5099), np.int64(5099), np.int64(5099), np.int64(5099), np.int64(5099), np.int64(21100), np.int64(5099), np.int64(5099), np.int64(5099), np.int64(5066), np.int64(5099), np.int64(5099), np.int64(5066), np.int64(5099), np.int64(5066), np.int64(5099), np.int64(5066))","(0, 0, 0, 0, 0, 0, 0, 0, 0, 1, 0, 0, 0, 0, 0, 0, 0, 0, 0, 0, 0, 0, 0, 0, 0, 0, 0, 0, 0, 0, 0, 0, 0, 0, 0, 0, 0, 0, 0, 0, 0, 0, 0, 0, 0, 0, 0, 0, 0, 0)"
2.508919,50,338.139279,6,"(np.int64(5099), np.int64(5099), np.int64(5099), np.int64(5099), np.int64(5099), np.int64(5099), np.int64(5099), np.int64(5099), np.int64(5099), np.int64(5099), np.int64(29157), np.int64(5099), np.int64(29157), np.int64(5099), np.int64(29157), np.int64(5099), np.int64(29157), np.int64(29157), np.int64(29157), np.int64(29157), np.int64(29157), np.int64(29157), np.int64(29157), np.int64(29157), np.int64(3420), np.int64(1960), np.int64(1960), np.int64(29157), np.int64(29157), np.int64(3420), np.int64(1960), np.int64(37926), np.int64(1960), np.int64(29157), np.int64(29157), np.int64(3420), np.int64(1960), np.int64(1960), np.int64(1960), np.int64(1960), np.int64(1960), np.int64(1960), np.int64(1960), np.int64(3420), np.int64(1960), np.int64(1960), np.int64(3420), np.int64(1960), np.int64(3420), np.int64(1960))","(1, 1, 1, 1, 1, 1, 1, 1, 1, 1, 1, 1, 1, 1, 1, 1, 1, 1, 1, 1, 1, 1, 1, 1, 1, 1, 1, 1, 1, 1, 1, 0, 1, 1, 1, 1, 1, 1, 1, 1, 1, 1, 1, 1, 1, 1, 1, 1, 1, 1)"
1.750696,50,338.678186,3,"(np.int64(29157), np.int64(29157), np.int64(29157), np.int64(29157), np.int64(29157), np.int64(29157), np.int64(29157), np.int64(29157), np.int64(3420), np.int64(29157), np.int64(3420), np.int64(29157), np.int64(3420), np.int64(29157), np.int64(3420), np.int64(3420), np.int64(3420), np.int64(3420), np.int64(3420), np.int64(3420), np.int64(3420), np.int64(3420), np.int64(3420), np.int64(3420), np.int64(3420), np.int64(3420), np.int64(3420), np.int64(5933), np.int64(3420), np.int64(3420), np.int64(5933), np.int64(3420), np.int64(5933), np.int64(3420), np.int64(5933), np.int64(3420), np.int64(5933), np.int64(3420), np.int64(5933), np.int64(3420), np.int64(5933), np.int64(5933), np.int64(3420), np.int64(5933), np.int64(5933), np.int64(5933), np.int64(5933), np.int64(5933), np.int64(5933), np.int64(5933))","(1, 1, 1, 1, 1, 1, 1, 1, 1, 1, 1, 1, 1, 1, 1, 1, 1, 1, 1, 1, 1, 1, 1, 1, 1, 1, 1, 1, 1, 1, 1, 1, 1, 1, 1, 1, 1, 1, 1, 1, 1, 1, 1, 1, 1, 1, 1, 1, 1, 1)"
0.737303,50,339.218445,0,"(np.int64(29342), np.int64(3420), np.int64(3420), np.int64(3420), np.int64(3420), np.int64(3420), np.int64(3420), np.int64(3420), np.int64(5933), np.int64(6973), np.int64(29342), np.int64(29342), np.int64(29342), np.int64(29342), np.int64(5933), np.int64(29342), np.int64(5933), np.int64(5933), np.int64(5933), np.int64(5933), np.int64(7378), np.int64(29342), np.int64(5933), np.int64(5933), np.int64(5933), np.int64(5933), np.int64(5933), np.int64(5933), np.int64(5933), np.int64(5933), np.int64(17716), np.int64(5933), np.int64(17716), np.int64(11002), np.int64(11002), np.int64(37980), np.int64(11002), np.int64(11002), np.int64(11002), np.int64(11002), np.int64(11002), np.int64(11002), np.int64(11002), np.int64(11002), np.int64(17716), np.int64(11002), np.int64(17716), np.int64(11002), np.int64(17716), np.int64(11002))","(0, 1, 1, 1, 1, 1, 1, 1, 0, 0, 0, 0, 0, 0, 0, 0, 0, 0, 0, 0, 0, 0, 0, 0, 0, 0, 0, 0, 0, 0, 0, 0, 0, 0, 0, 0, 0, 0, 0, 0, 0, 0, 0, 0, 0, 0, 0, 0, 0, 0)"
1.95176,50,339.74253,4,"(np.int64(11002), np.int64(11002), np.int64(11002), np.int64(11002), np.int64(11002), np.int64(11002), np.int64(11002), np.int64(11002), np.int64(11002), np.int64(11002), np.int64(17716), np.int64(11002), np.int64(11002), np.int64(17716), np.int64(11002), np.int64(17716), np.int64(11002), np.int64(17716), np.int64(11002), np.int64(17716), np.int64(17716), np.int64(11002), np.int64(17716), np.int64(17716), np.int64(17716), np.int64(17716), np.int64(17716), np.int64(17716), np.int64(17716), np.int64(17716), np.int64(17716), np.int64(17716), np.int64(17716), np.int64(17716), np.int64(17716), np.int64(17716), np.int64(17716), np.int64(9732), np.int64(11002), np.int64(11002), np.int64(11002), np.int64(13429), np.int64(11002), np.int64(11002), np.int64(13429), np.int64(11002), np.int64(13429), np.int64(11002), np.int64(13429), np.int64(11002))","(1, 1, 1, 1, 1, 1, 1, 1, 1, 1, 0, 1, 1, 0, 1, 0, 1, 0, 1, 0, 0, 1, 0, 0, 0, 0, 0, 0, 0, 0, 0, 0, 0, 0, 0, 0, 0, 1, 1, 1, 1, 1, 1, 1, 1, 1, 1, 1, 1, 1)"
2.727955,50,340.308895,5,"(np.int64(23728), np.int64(23728), np.int64(23728), np.int64(23728), np.int64(23728), np.int64(23728), np.int64(23728), np.int64(23728), np.int64(21726), np.int64(23728), np.int64(21726), np.int64(23728), np.int64(21726), np.int64(21726), np.int64(23728), np.int64(21726), np.int64(21726), np.int64(21726), np.int64(21726), np.int64(21726), np.int64(25281), np.int64(21726), np.int64(21726), np.int64(21726), np.int64(21726), np.int64(21726), np.int64(21726), np.int64(21726), np.int64(21726), np.int64(21726), np.int64(21726), np.int64(33309), np.int64(21726), np.int64(21726), np.int64(21726), np.int64(21726), np.int64(21726), np.int64(21726), np.int64(21726), np.int64(23478), np.int64(21726), np.int64(21726), np.int64(23478), np.int64(21726), np.int64(23478), np.int64(21726), np.int64(23478), np.int64(21726), np.int64(23478), np.int64(21726))","(1, 1, 1, 1, 1, 1, 1, 1, 1, 1, 1, 1, 1, 1, 1, 1, 1, 1, 1, 1, 0, 1, 1, 1, 1, 1, 1, 1, 1, 1, 1, 1, 1, 1, 1, 1, 1, 1, 1, 1, 1, 1, 1, 1, 1, 1, 1, 1, 1, 1)"
2.959591,50,340.855275,8,"(np.int64(23728), np.int64(21726), np.int64(16861), np.int64(21726), np.int64(21726), np.int64(21726), np.int64(21726), np.int64(21726), np.int64(21726), np.int64(21726), np.int64(12025), np.int64(12025), np.int64(12025), np.int64(12025), np.int64(12025), np.int64(12025), np.int64(12025), np.int64(12025), np.int64(12025), np.int64(12025), np.int64(12025), np.int64(12025), np.int64(12025), np.int64(12025), np.int64(12025), np.int64(23478), np.int64(12025), np.int64(12025), np.int64(23478), np.int64(12025), np.int64(12025), np.int64(23478), np.int64(12025), np.int64(23478), np.int64(12025), np.int64(23478), np.int64(12025), np.int64(23478), np.int64(12025), np.int64(23478), np.int64(23478), np.int64(12025), np.int64(23478), np.int64(23478), np.int64(23478), np.int64(23478), np.int64(23478), np.int64(23478), np.int64(23478), np.int64(23478))","(1, 1, 1, 1, 1, 1, 1, 1, 1, 1, 1, 1, 1, 1, 1, 1, 1, 1, 1, 1, 1, 1, 1, 1, 1, 1, 1, 1, 1, 1, 1, 1, 1, 1, 1, 1, 1, 1, 1, 1, 1, 1, 1, 1, 1, 1, 1, 1, 1, 1)"
3.178146,50,341.410394,7,"(np.int64(998), np.int64(23728), np.int64(23728), np.int64(4838), np.int64(23728), np.int64(23728), np.int64(23728), np.int64(2850), np.int64(23728), np.int64(23728), np.int64(23478), np.int64(23728), np.int64(23728), np.int64(23478), np.int64(23728), np.int64(23478), np.int64(23728), np.int64(23478), np.int64(23728), np.int64(23478), np.int64(23728), np.int64(23478), np.int64(23478), np.int64(23728), np.int64(23478), np.int64(23478), np.int64(23478), np.int64(23478), np.int64(23478), np.int64(23478), np.int64(23478), np.int64(23478), np.int64(23478), np.int64(23478), np.int64(23478), np.int64(23478), np.int64(23478), np.int64(23478), np.int64(23478), np.int64(23478), np.int64(23478), np.int64(23478), np.int64(23478), np.int64(23478), np.int64(23478), np.int64(23478), np.int64(23478), np.int64(23478), np.int64(23478), np.int64(23478))","(1, 1, 1, 1, 1, 1, 1, 1, 1, 1, 1, 1, 1, 1, 1, 1, 1, 1, 1, 1, 1, 1, 1, 1, 1, 1, 1, 1, 1, 1, 1, 1, 1, 1, 1, 1, 1, 1, 1, 1, 1, 1, 1, 1, 1, 1, 1, 1, 1, 1)"
0.79042,50,342.013208,0,"(np.int64(23728), np.int64(23728), np.int64(23728), np.int64(23728), np.int64(23728), np.int64(23728), np.int64(23728), np.int64(23728), np.int64(23728), np.int64(23728), np.int64(23728), np.int64(23728), np.int64(23728), np.int64(23728), np.int64(23728), np.int64(23728), np.int64(24503), np.int64(23728), np.int64(23728), np.int64(24503), np.int64(23728), np.int64(23728), np.int64(20888), np.int64(23728), np.int64(19563), np.int64(23728), np.int64(20888), np.int64(23728), np.int64(20888), np.int64(23728), np.int64(20888), np.int64(23728), np.int64(20888), np.int64(23728), np.int64(20888), np.int64(23728), np.int64(20888), np.int64(20888), np.int64(23728), np.int64(20888), np.int64(20888), np.int64(36326), np.int64(23728), np.int64(20888), np.int64(20888), np.int64(20888), np.int64(20888), np.int64(20888), np.int64(20888), np.int64(20888))","(1, 1, 1, 1, 1, 1, 1, 1, 1, 1, 1, 1, 1, 1, 1, 1, 0, 1, 1, 0, 1, 1, 0, 1, 0, 1, 0, 1, 0, 1, 0, 1, 0, 1, 0, 1, 0, 0, 1, 0, 0, 0, 1, 0, 0, 0, 0, 0, 0, 0)"
2.690989,50,342.607941,2,"(np.int64(23728), np.int64(23728), np.int64(23728), np.int64(23728), np.int64(23728), np.int64(23728), np.int64(23728), np.int64(23728), np.int64(23728), np.int64(23728), np.int64(4109), np.int64(23728), np.int64(4109), np.int64(23728), np.int64(4109), np.int64(23728), np.int64(4109), np.int64(4109), np.int64(12499), np.int64(23728), np.int64(4109), np.int64(4109), np.int64(4109), np.int64(4109), np.int64(4109), np.int64(4109), np.int64(4109), np.int64(4109), np.int64(4109), np.int64(4109), np.int64(4109), np.int64(26064), np.int64(4109), np.int64(4109), np.int64(4109), np.int64(4109), np.int64(4109), np.int64(4109), np.int64(4109), np.int64(42759), np.int64(4109), np.int64(4109), np.int64(4109), np.int64(4109), np.int64(4109), np.int64(4109), np.int64(4109), np.int64(4109), np.int64(4109), np.int64(4109))","(1, 1, 1, 1, 1, 1, 1, 1, 1, 1, 1, 1, 1, 1, 1, 1, 1, 1, 1, 1, 1, 1, 1, 1, 1, 1, 1, 1, 1, 1, 1, 1, 1, 1, 1, 1, 1, 1, 1, 0, 1, 1, 1, 1, 1, 1, 1, 1, 1, 1)"
2.352214,50,343.180244,8,"(np.int64(23728), np.int64(23728), np.int64(23728), np.int64(23728), np.int64(23728), np.int64(23728), np.int64(23728), np.int64(23728), np.int64(20888), np.int64(23728), np.int64(844), np.int64(23728), np.int64(844), np.int64(23728), np.int64(844), np.int64(844), np.int64(844), np.int64(844), np.int64(844), np.int64(844), np.int64(844), np.int64(844), np.int64(844), np.int64(844), np.int64(844), np.int64(844), np.int64(844), np.int64(844), np.int64(844), np.int64(844), np.int64(10454), np.int64(844), np.int64(844), np.int64(844), np.int64(844), np.int64(844), np.int64(844), np.int64(844), np.int64(844), np.int64(844), np.int64(844), np.int64(844), np.int64(24503), np.int64(844), np.int64(24503), np.int64(844), np.int64(24503), np.int64(24503), np.int64(844), np.int64(24503))","(1, 1, 1, 1, 1, 1, 1, 1, 1, 1, 1, 1, 1, 1, 1, 1, 1, 1, 1, 1, 1, 1, 1, 1, 1, 1, 1, 1, 1, 1, 0, 1, 1, 1, 1, 1, 1, 1, 1, 1, 1, 1, 1, 1, 1, 1, 1, 1, 1, 1)"
2.404244,50,343.740238,4,"(np.int64(844), np.int64(844), np.int64(844), np.int64(24503), np.int64(24503), np.int64(24503), np.int64(24503), np.int64(24503), np.int64(844), np.int64(844), np.int64(844), np.int64(844), np.int64(844), np.int64(844), np.int64(844), np.int64(844), np.int64(844), np.int64(844), np.int64(844), np.int64(844), np.int64(844), np.int64(844), np.int64(844), np.int64(844), np.int64(844), np.int64(844), np.int64(844), np.int64(15071), np.int64(39697), np.int64(39697), np.int64(39697), np.int64(39697), np.int64(39697), np.int64(39697), np.int64(39697), np.int64(39697), np.int64(39697), np.int64(39697), np.int64(39697), np.int64(39697), np.int64(39697), np.int64(15071), np.int64(39697), np.int64(39697), np.int64(15071), np.int64(39697), np.int64(15071), np.int64(39697), np.int64(32303), np.int64(39697))","(1, 1, 1, 1, 1, 1, 1, 1, 1, 1, 1, 1, 1, 1, 1, 1, 1, 1, 1, 1, 1, 1, 1, 1, 1, 1, 1, 1, 1, 1, 1, 1, 1, 1, 1, 1, 1, 1, 1, 1, 1, 1, 1, 1, 1, 1, 1, 1, 0, 1)"
3.048801,50,344.297554,4,"(np.int64(39697), np.int64(39697), np.int64(39697), np.int64(39697), np.int64(39697), np.int64(39697), np.int64(39697), np.int64(39697), np.int64(39697), np.int64(39697), np.int64(39697), np.int64(39697), np.int64(39697), np.int64(15071), np.int64(39697), np.int64(39697), np.int64(15071), np.int64(39697), np.int64(7806), np.int64(17009), np.int64(39697), np.int64(7806), np.int64(7806), np.int64(7806), np.int64(7806), np.int64(7806), np.int64(7806), np.int64(7806), np.int64(7806), np.int64(7806), np.int64(7806), np.int64(7806), np.int64(7806), np.int64(7806), np.int64(7806), np.int64(7806), np.int64(7806), np.int64(7806), np.int64(7806), np.int64(7806), np.int64(7806), np.int64(7806), np.int64(1663), np.int64(7806), np.int64(7806), np.int64(42102), np.int64(7806), np.int64(7806), np.int64(1663), np.int64(7806))","(1, 1, 1, 1, 1, 1, 1, 1, 1, 1, 1, 1, 1, 1, 1, 1, 1, 1, 1, 1, 1, 1, 1, 1, 1, 1, 1, 1, 1, 1, 1, 1, 1, 1, 1, 1, 1, 1, 1, 1, 1, 1, 1, 1, 1, 0, 1, 1, 1, 1)"
3.914156,50,344.856705,5,"(np.int64(7806), np.int64(7806), np.int64(7806), np.int64(7806), np.int64(7806), np.int64(7806), np.int64(7806), np.int64(7806), np.int64(7806), np.int64(7806), np.int64(7806), np.int64(7806), np.int64(7806), np.int64(7806), np.int64(7806), np.int64(12420), np.int64(7806), np.int64(7463), np.int64(7806), np.int64(7806), np.int64(7806), np.int64(7806), np.int64(7806), np.int64(7806), np.int64(27971), np.int64(7806), np.int64(7806), np.int64(27971), np.int64(7806), np.int64(7806), np.int64(27971), np.int64(7806), np.int64(7806), np.int64(27971), np.int64(7806), np.int64(7806), np.int64(27971), np.int64(7806), np.int64(29864), np.int64(7806), np.int64(1663), np.int64(7806), np.int64(1663), np.int64(22946), np.int64(7806), np.int64(1663), np.int64(7806), np.int64(1663), np.int64(7806), np.int64(10107))","(1, 1, 1, 1, 1, 1, 1, 1, 1, 1, 1, 1, 1, 1, 1, 1, 1, 1, 1, 1, 1, 1, 1, 1, 1, 1, 1, 1, 1, 1, 1, 1, 1, 1, 1, 1, 1, 1, 0, 1, 1, 1, 1, 0, 1, 1, 1, 1, 1, 1)"
2.378195,50,345.384762,3,"(np.int64(21406), np.int64(1763), np.int64(1763), np.int64(1763), np.int64(1763), np.int64(1763), np.int64(1763), np.int64(21406), np.int64(1763), np.int64(21406), np.int64(26116), np.int64(1763), np.int64(10107), np.int64(1763), np.int64(10107), np.int64(10107), np.int64(10107), np.int64(10107), np.int64(10107), np.int64(10107), np.int64(10107), np.int64(10107), np.int64(10107), np.int64(10107), np.int64(10107), np.int64(10107), np.int64(10107), np.int64(10107), np.int64(10107), np.int64(10107), np.int64(10107), np.int64(10107), np.int64(10107), np.int64(10107), np.int64(10107), np.int64(43407), np.int64(10107), np.int64(10107), np.int64(10107), np.int64(10107), np.int64(10107), np.int64(10107), np.int64(10107), np.int64(10107), np.int64(10107), np.int64(10107), np.int64(10107), np.int64(10107), np.int64(10107), np.int64(10107))","(1, 1, 1, 1, 1, 1, 1, 1, 1, 1, 1, 1, 1, 1, 1, 1, 1, 1, 1, 1, 1, 1, 1, 1, 1, 1, 1, 1, 1, 1, 1, 1, 1, 1, 1, 0, 1, 1, 1, 1, 1, 1, 1, 1, 1, 1, 1, 1, 1, 1)"
1.166545,50,345.944005,3,"(np.int64(10107), np.int64(10107), np.int64(10107), np.int64(10107), np.int64(10107), np.int64(10107), np.int64(10107), np.int64(10107), np.int64(10107), np.int64(10107), np.int64(10107), np.int64(10107), np.int64(1663), np.int64(10107), np.int64(1663), np.int64(10107), np.int64(1663), np.int64(10107), np.int64(1663), np.int64(1663), np.int64(1663), np.int64(1663), np.int64(1663), np.int64(1663), np.int64(1663), np.int64(1663), np.int64(1663), np.int64(1663), np.int64(1663), np.int64(1663), np.int64(1663), np.int64(1663), np.int64(1663), np.int64(1663), np.int64(1663), np.int64(1663), np.int64(1663), np.int64(1663), np.int64(1663), np.int64(1663), np.int64(1663), np.int64(1663), np.int64(1663), np.int64(1663), np.int64(1663), np.int64(1663), np.int64(1663), np.int64(1663), np.int64(1663), np.int64(1663))","(1, 1, 1, 1, 1, 1, 1, 1, 1, 1, 1, 1, 1, 1, 1, 1, 1, 1, 1, 1, 1, 1, 1, 1, 1, 1, 1, 1, 1, 1, 1, 1, 1, 1, 1, 1, 1, 1, 1, 1, 1, 1, 1, 1, 1, 1, 1, 1, 1, 1)"
1.955916,50,346.494158,1,"(np.int64(28881), np.int64(28881), np.int64(28881), np.int64(28881), np.int64(28881), np.int64(28881), np.int64(1663), np.int64(28881), np.int64(1663), np.int64(28881), np.int64(28881), np.int64(1663), np.int64(28881), np.int64(1663), np.int64(28881), np.int64(1663), np.int64(28881), np.int64(1663), np.int64(28881), np.int64(28881), np.int64(1663), np.int64(28881), np.int64(28881), np.int64(28881), np.int64(1663), np.int64(28881), np.int64(28881), np.int64(28881), np.int64(1663), np.int64(28881), np.int64(28881), np.int64(37854), np.int64(48868), np.int64(28881), np.int64(28881), np.int64(37854), np.int64(28881), np.int64(28881), np.int64(37854), np.int64(28881), np.int64(37854), np.int64(28881), np.int64(37854), np.int64(28881), np.int64(37854), np.int64(28881), np.int64(37854), np.int64(28881), np.int64(37854), np.int64(28881))","(1, 1, 1, 1, 1, 1, 1, 1, 1, 1, 1, 1, 1, 1, 1, 1, 1, 1, 1, 1, 1, 1, 1, 1, 1, 1, 1, 1, 1, 1, 1, 1, 0, 1, 1, 1, 1, 1, 1, 1, 1, 1, 1, 1, 1, 1, 1, 1, 1, 1)"
2.557562,50,347.058821,6,"(np.int64(23728), np.int64(23728), np.int64(23728), np.int64(23728), np.int64(23728), np.int64(23728), np.int64(23728), np.int64(23728), np.int64(23728), np.int64(319), np.int64(23728), np.int64(23728), np.int64(23728), np.int64(20081), np.int64(23728), np.int64(23728), np.int64(20081), np.int64(23728), np.int64(20081), np.int64(23728), np.int64(20081), np.int64(23728), np.int64(20081), np.int64(23728), np.int64(20081), np.int64(20081), np.int64(23728), np.int64(20081), np.int64(20081), np.int64(20081), np.int64(20081), np.int64(20081), np.int64(20081), np.int64(20081), np.int64(20081), np.int64(20081), np.int64(20081), np.int64(20081), np.int64(20081), np.int64(20081), np.int64(20081), np.int64(20081), np.int64(20081), np.int64(20081), np.int64(20081), np.int64(20081), np.int64(20081), np.int64(20081), np.int64(20081), np.int64(37854))","(1, 1, 1, 1, 1, 1, 1, 1, 1, 1, 1, 1, 1, 1, 1, 1, 1, 1, 1, 1, 1, 1, 1, 1, 1, 1, 1, 1, 1, 1, 1, 1, 1, 1, 1, 1, 1, 1, 1, 1, 1, 1, 1, 1, 1, 1, 1, 1, 1, 1)"
3.111693,50,347.607679,4,"(np.int64(23728), np.int64(32399), np.int64(7705), np.int64(7705), np.int64(7705), np.int64(21151), np.int64(21151), np.int64(21151), np.int64(21151), np.int64(21151), np.int64(21151), np.int64(21151), np.int64(21151), np.int64(21151), np.int64(21151), np.int64(21151), np.int64(21151), np.int64(21151), np.int64(21151), np.int64(21151), np.int64(21151), np.int64(21151), np.int64(21151), np.int64(21151), np.int64(21151), np.int64(21151), np.int64(21151), np.int64(21151), np.int64(37854), np.int64(21151), np.int64(21151), np.int64(21151), np.int64(38987), np.int64(21151), np.int64(21151), np.int64(37854), np.int64(21151), np.int64(221), np.int64(21151), np.int64(21151), np.int64(37854), np.int64(21151), np.int64(37854), np.int64(21151), np.int64(37854), np.int64(21151), np.int64(37854), np.int64(21151), np.int64(37854), np.int64(21151))","(1, 0, 1, 1, 1, 1, 1, 1, 1, 1, 1, 1, 1, 1, 1, 1, 1, 1, 1, 1, 1, 1, 1, 1, 1, 1, 1, 1, 1, 1, 1, 1, 0, 1, 1, 1, 1, 1, 1, 1, 1, 1, 1, 1, 1, 1, 1, 1, 1, 1)"
3.663343,50,348.162379,7,"(np.int64(21151), np.int64(21151), np.int64(1835), np.int64(21151), np.int64(21151), np.int64(21151), np.int64(21151), np.int64(21151), np.int64(21151), np.int64(21151), np.int64(21151), np.int64(21151), np.int64(21151), np.int64(21151), np.int64(21151), np.int64(21151), np.int64(3879), np.int64(7705), np.int64(7705), np.int64(7705), np.int64(9866), np.int64(7705), np.int64(7705), np.int64(7705), np.int64(7705), np.int64(7705), np.int64(7705), np.int64(7705), np.int64(7705), np.int64(7705), np.int64(7705), np.int64(3879), np.int64(7705), np.int64(3879), np.int64(7705), np.int64(3879), np.int64(7705), np.int64(3879), np.int64(7705), np.int64(3879), np.int64(7705), np.int64(3879), np.int64(3879), np.int64(7705), np.int64(37854), np.int64(7705), np.int64(37854), np.int64(7705), np.int64(37854), np.int64(37854))","(1, 1, 1, 1, 1, 1, 1, 1, 1, 1, 1, 1, 1, 1, 1, 1, 1, 1, 1, 1, 1, 1, 1, 1, 1, 1, 1, 1, 1, 1, 1, 1, 1, 1, 1, 1, 1, 1, 1, 1, 1, 1, 1, 1, 1, 1, 1, 1, 1, 1)"
2.70039,50,348.693719,2,"(np.int64(47714), np.int64(7705), np.int64(7705), np.int64(7705), np.int64(7705), np.int64(7705), np.int64(37854), np.int64(7705), np.int64(37854), np.int64(7705), np.int64(37854), np.int64(33204), np.int64(37854), np.int64(37854), np.int64(37854), np.int64(37854), np.int64(37854), np.int64(37854), np.int64(37854), np.int64(37854), np.int64(37854), np.int64(37854), np.int64(37854), np.int64(37854), np.int64(37854), np.int64(37854), np.int64(37854), np.int64(37854), np.int64(37854), np.int64(37854), np.int64(37854), np.int64(37854), np.int64(37854), np.int64(4438), np.int64(37854), np.int64(37854), np.int64(37854), np.int64(37854), np.int64(37854), np.int64(37854), np.int64(43071), np.int64(37854), np.int64(37854), np.int64(37854), np.int64(37854), np.int64(37854), np.int64(37854), np.int64(37854), np.int64(37854), np.int64(37854))","(0, 1, 1, 1, 1, 1, 1, 1, 1, 1, 1, 0, 1, 1, 1, 1, 1, 1, 1, 1, 1, 1, 1, 1, 1, 1, 1, 1, 1, 1, 1, 1, 1, 1, 1, 1, 1, 1, 1, 1, 1, 1, 1, 1, 1, 1, 1, 1, 1, 1)"
0.0,50,349.242253,0,"(np.int64(8854), np.int64(8854), np.int64(8854), np.int64(8854), np.int64(8854), np.int64(8854), np.int64(8854), np.int64(8854), np.int64(8854), np.int64(8854), np.int64(8854), np.int64(8854), np.int64(8854), np.int64(35816), np.int64(44151), np.int64(8854), np.int64(35816), np.int64(8854), np.int64(35816), np.int64(8854), np.int64(35816), np.int64(35816), np.int64(8854), np.int64(35816), np.int64(35816), np.int64(49200), np.int64(8854), np.int64(35816), np.int64(35816), np.int64(35816), np.int64(35816), np.int64(35816), np.int64(35816), np.int64(35816), np.int64(35816), np.int64(35816), np.int64(35816), np.int64(35816), np.int64(35816), np.int64(35816), np.int64(35816), np.int64(35816), np.int64(35816), np.int64(35816), np.int64(35816), np.int64(35816), np.int64(35816), np.int64(35816), np.int64(35816), np.int64(35816))","(0, 0, 0, 0, 0, 0, 0, 0, 0, 0, 0, 0, 0, 0, 0, 0, 0, 0, 0, 0, 0, 0, 0, 0, 0, 0, 0, 0, 0, 0, 0, 0, 0, 0, 0, 0, 0, 0, 0, 0, 0, 0, 0, 0, 0, 0, 0, 0, 0, 0)"
2.681807,50,349.780433,4,"(np.int64(12736), np.int64(12736), np.int64(12736), np.int64(12736), np.int64(12736), np.int64(17258), np.int64(12736), np.int64(17258), np.int64(12736), np.int64(17258), np.int64(10459), np.int64(12736), np.int64(17258), np.int64(17258), np.int64(17258), np.int64(17258), np.int64(17258), np.int64(17258), np.int64(8650), np.int64(17258), np.int64(8650), np.int64(17258), np.int64(8650), np.int64(8650), np.int64(8650), np.int64(8650), np.int64(8650), np.int64(8650), np.int64(8650), np.int64(9686), np.int64(8650), np.int64(8650), np.int64(8650), np.int64(8650), np.int64(8650), np.int64(8650), np.int64(8650), np.int64(8650), np.int64(8650), np.int64(8650), np.int64(8650), np.int64(7737), np.int64(8650), np.int64(8650), np.int64(12769), np.int64(8650), np.int64(8650), np.int64(8650), np.int64(8650), np.int64(8650))","(0, 0, 0, 0, 0, 0, 0, 0, 0, 0, 0, 0, 0, 0, 0, 0, 0, 0, 1, 0, 1, 0, 1, 1, 1, 1, 1, 1, 1, 1, 1, 1, 1, 1, 1, 1, 1, 1, 1, 1, 1, 1, 1, 1, 1, 1, 1, 1, 1, 1)"
1.952817,50,350.339824,2,"(np.int64(8650), np.int64(8650), np.int64(8650), np.int64(8650), np.int64(8650), np.int64(8650), np.int64(8650), np.int64(8650), np.int64(49848), np.int64(8650), np.int64(8650), np.int64(8650), np.int64(8650), np.int64(8650), np.int64(2605), np.int64(25563), np.int64(8650), np.int64(8650), np.int64(8650), np.int64(8650), np.int64(8650), np.int64(8650), np.int64(8650), np.int64(8650), np.int64(8650), np.int64(8650), np.int64(8650), np.int64(8650), np.int64(8650), np.int64(8650), np.int64(8650), np.int64(8650), np.int64(8650), np.int64(8650), np.int64(8650), np.int64(8650), np.int64(8650), np.int64(8650), np.int64(8650), np.int64(8650), np.int64(8650), np.int64(8650), np.int64(8650), np.int64(8650), np.int64(8650), np.int64(8650), np.int64(8650), np.int64(8650), np.int64(8650), np.int64(8650))","(1, 1, 1, 1, 1, 1, 1, 1, 1, 1, 1, 1, 1, 1, 0, 1, 1, 1, 1, 1, 1, 1, 1, 1, 1, 1, 1, 1, 1, 1, 1, 1, 1, 1, 1, 1, 1, 1, 1, 1, 1, 1, 1, 1, 1, 1, 1, 1, 1, 1)"
2.657676,50,350.893506,4,"(np.int64(8650), np.int64(8650), np.int64(8650), np.int64(8650), np.int64(8650), np.int64(8650), np.int64(8650), np.int64(8650), np.int64(8650), np.int64(8650), np.int64(8650), np.int64(8650), np.int64(8650), np.int64(8650), np.int64(8650), np.int64(8650), np.int64(9573), np.int64(10422), np.int64(10422), np.int64(10422), np.int64(10422), np.int64(10422), np.int64(10422), np.int64(10422), np.int64(10422), np.int64(10422), np.int64(10422), np.int64(36742), np.int64(10422), np.int64(10422), np.int64(10422), np.int64(10422), np.int64(10422), np.int64(10422), np.int64(10422), np.int64(10422), np.int64(10422), np.int64(10422), np.int64(10422), np.int64(10422), np.int64(10422), np.int64(10422), np.int64(10938), np.int64(12736), np.int64(12736), np.int64(12736), np.int64(12736), np.int64(12736), np.int64(12736), np.int64(12736))","(1, 1, 1, 1, 1, 1, 1, 1, 1, 1, 1, 1, 1, 1, 1, 1, 1, 1, 1, 1, 1, 1, 1, 1, 1, 1, 1, 0, 1, 1, 1, 1, 1, 1, 1, 1, 1, 1, 1, 1, 1, 1, 1, 0, 0, 0, 0, 0, 0, 0)"
2.336072,50,351.45259,3,"(np.int64(12736), np.int64(12736), np.int64(20857), np.int64(12736), np.int64(12736), np.int64(12736), np.int64(12736), np.int64(13831), np.int64(12736), np.int64(12736), np.int64(12736), np.int64(12736), np.int64(10938), np.int64(49748), np.int64(12736), np.int64(10938), np.int64(12736), np.int64(10938), np.int64(12736), np.int64(10938), np.int64(10938), np.int64(10938), np.int64(10938), np.int64(10938), np.int64(10938), np.int64(10938), np.int64(10938), np.int64(10938), np.int64(10938), np.int64(10938), np.int64(10938), np.int64(10938), np.int64(10938), np.int64(10938), np.int64(10938), np.int64(10938), np.int64(10938), np.int64(10938), np.int64(10938), np.int64(10938), np.int64(3494), np.int64(10938), np.int64(10938), np.int64(10938), np.int64(10938), np.int64(10938), np.int64(10938), np.int64(10938), np.int64(10938), np.int64(10938))","(0, 0, 1, 0, 0, 0, 0, 1, 0, 0, 0, 0, 1, 0, 0, 1, 0, 1, 0, 1, 1, 1, 1, 1, 1, 1, 1, 1, 1, 1, 1, 1, 1, 1, 1, 1, 1, 1, 1, 1, 1, 1, 1, 1, 1, 1, 1, 1, 1, 1)"
1.856678,50,352.000298,7,"(np.int64(10938), np.int64(31609), np.int64(10938), np.int64(10938), np.int64(10938), np.int64(10938), np.int64(10938), np.int64(10938), np.int64(10938), np.int64(10938), np.int64(10938), np.int64(10938), np.int64(10938), np.int64(10938), np.int64(10938), np.int64(10938), np.int64(10938), np.int64(10938), np.int64(10938), np.int64(10938), np.int64(10938), np.int64(10938), np.int64(10938), np.int64(10938), np.int64(10938), np.int64(10938), np.int64(10938), np.int64(10938), np.int64(10938), np.int64(10938), np.int64(10938), np.int64(10938), np.int64(10938), np.int64(10938), np.int64(10938), np.int64(10938), np.int64(10938), np.int64(10938), np.int64(10938), np.int64(10938), np.int64(10938), np.int64(15573), np.int64(5197), np.int64(12736), np.int64(12736), np.int64(12736), np.int64(43772), np.int64(12736), np.int64(12736), np.int64(12736))","(1, 0, 1, 1, 1, 1, 1, 1, 1, 1, 1, 1, 1, 1, 1, 1, 1, 1, 1, 1, 1, 1, 1, 1, 1, 1, 1, 1, 1, 1, 1, 1, 1, 1, 1, 1, 1, 1, 1, 1, 1, 1, 1, 0, 0, 0, 0, 0, 0, 0)"
2.381955,50,352.55281,3,"(np.int64(12736), np.int64(12736), np.int64(12736), np.int64(12736), np.int64(12736), np.int64(12736), np.int64(12736), np.int64(12736), np.int64(12736), np.int64(5197), np.int64(12736), np.int64(5197), np.int64(12736), np.int64(5197), np.int64(12736), np.int64(5197), np.int64(5197), np.int64(12736), np.int64(5197), np.int64(5197), np.int64(5197), np.int64(5197), np.int64(5197), np.int64(5197), np.int64(5197), np.int64(33831), np.int64(8538), np.int64(23728), np.int64(23728), np.int64(23728), np.int64(23728), np.int64(23728), np.int64(23728), np.int64(23728), np.int64(16975), np.int64(23728), np.int64(23728), np.int64(5197), np.int64(5197), np.int64(5197), np.int64(5197), np.int64(5197), np.int64(5197), np.int64(5197), np.int64(5197), np.int64(5197), np.int64(5197), np.int64(5197), np.int64(5197), np.int64(5197))","(0, 0, 0, 0, 0, 0, 0, 0, 0, 1, 0, 1, 0, 1, 0, 1, 1, 0, 1, 1, 1, 1, 1, 1, 1, 0, 1, 1, 1, 1, 1, 1, 1, 1, 1, 1, 1, 1, 1, 1, 1, 1, 1, 1, 1, 1, 1, 1, 1, 1)"
2.440963,50,353.091125,7,"(np.int64(23728), np.int64(23728), np.int64(23728), np.int64(23728), np.int64(23728), np.int64(23728), np.int64(6124), np.int64(23728), np.int64(23728), np.int64(23728), np.int64(23728), np.int64(23728), np.int64(23501), np.int64(23728), np.int64(23501), np.int64(23728), np.int64(23501), np.int64(23728), np.int64(23501), np.int64(23728), np.int64(23501), np.int64(23501), np.int64(23501), np.int64(23501), np.int64(23501), np.int64(23501), np.int64(23501), np.int64(23501), np.int64(23501), np.int64(23501), np.int64(14136), np.int64(23501), np.int64(14136), np.int64(23501), np.int64(16002), np.int64(16002), np.int64(16002), np.int64(23728), np.int64(16002), np.int64(16002), np.int64(16002), np.int64(16002), np.int64(16002), np.int64(16002), np.int64(16002), np.int64(16002), np.int64(16002), np.int64(16002), np.int64(16002), np.int64(16002))","(1, 1, 1, 1, 1, 1, 1, 1, 1, 1, 1, 1, 0, 1, 0, 1, 0, 1, 0, 1, 0, 0, 0, 0, 0, 0, 0, 0, 0, 0, 1, 0, 1, 0, 1, 1, 1, 1, 1, 1, 1, 1, 1, 1, 1, 1, 1, 1, 1, 1)"
1.197109,50,353.639668,8,"(np.int64(16002), np.int64(16002), np.int64(16002), np.int64(16002), np.int64(16002), np.int64(16002), np.int64(16002), np.int64(16002), np.int64(16002), np.int64(16002), np.int64(16002), np.int64(16002), np.int64(16002), np.int64(16002), np.int64(16002), np.int64(16002), np.int64(16002), np.int64(16002), np.int64(16002), np.int64(10349), np.int64(16002), np.int64(16002), np.int64(10349), np.int64(16002), np.int64(16002), np.int64(10349), np.int64(16002), np.int64(16002), np.int64(10349), np.int64(16002), np.int64(10349), np.int64(16002), np.int64(10349), np.int64(10349), np.int64(10349), np.int64(10349), np.int64(10349), np.int64(10349), np.int64(10349), np.int64(40414), np.int64(10349), np.int64(10349), np.int64(10349), np.int64(10349), np.int64(10349), np.int64(10349), np.int64(10349), np.int64(10349), np.int64(10349), np.int64(45393))","(1, 1, 1, 1, 1, 1, 1, 1, 1, 1, 1, 1, 1, 1, 1, 1, 1, 1, 1, 1, 1, 1, 1, 1, 1, 1, 1, 1, 1, 1, 1, 1, 1, 1, 1, 1, 1, 1, 1, 0, 1, 1, 1, 1, 1, 1, 1, 1, 1, 0)"
1.256064,50,354.188695,6,"(np.int64(10349), np.int64(10349), np.int64(10349), np.int64(3377), np.int64(10349), np.int64(10349), np.int64(10349), np.int64(10349), np.int64(10349), np.int64(10349), np.int64(19843), np.int64(10349), np.int64(10349), np.int64(10349), np.int64(10349), np.int64(10349), np.int64(10349), np.int64(10349), np.int64(10349), np.int64(10349), np.int64(10349), np.int64(10349), np.int64(10349), np.int64(10349), np.int64(10349), np.int64(10349), np.int64(10349), np.int64(10349), np.int64(10349), np.int64(10349), np.int64(10349), np.int64(10349), np.int64(10349), np.int64(10349), np.int64(10349), np.int64(10349), np.int64(10349), np.int64(10349), np.int64(10349), np.int64(10349), np.int64(10349), np.int64(10349), np.int64(10349), np.int64(10349), np.int64(10349), np.int64(10349), np.int64(10349), np.int64(10349), np.int64(10349), np.int64(10349))","(1, 1, 1, 1, 1, 1, 1, 1, 1, 1, 0, 1, 1, 1, 1, 1, 1, 1, 1, 1, 1, 1, 1, 1, 1, 1, 1, 1, 1, 1, 1, 1, 1, 1, 1, 1, 1, 1, 1, 1, 1, 1, 1, 1, 1, 1, 1, 1, 1, 1)"
2.664783,50,354.738035,2,"(np.int64(8854), np.int64(8854), np.int64(8854), np.int64(8854), np.int64(8854), np.int64(8854), np.int64(6747), np.int64(8854), np.int64(6747), np.int64(30863), np.int64(30863), np.int64(30863), np.int64(30863), np.int64(30863), np.int64(30863), np.int64(6747), np.int64(30863), np.int64(6747), np.int64(6747), np.int64(6747), np.int64(6747), np.int64(6747), np.int64(6747), np.int64(6747), np.int64(6747), np.int64(9891), np.int64(6747), np.int64(6747), np.int64(9891), np.int64(9891), np.int64(30863), np.int64(9891), np.int64(9891), np.int64(9891), np.int64(9891), np.int64(9891), np.int64(9891), np.int64(9891), np.int64(9891), np.int64(2984), np.int64(9891), np.int64(9891), np.int64(9891), np.int64(9891), np.int64(9891), np.int64(9891), np.int64(9891), np.int64(9891), np.int64(9891), np.int64(9891))","(1, 1, 1, 1, 1, 1, 1, 1, 1, 0, 0, 0, 0, 0, 0, 1, 0, 1, 1, 1, 1, 1, 1, 1, 1, 1, 1, 1, 1, 1, 0, 1, 1, 1, 1, 1, 1, 1, 1, 1, 1, 1, 1, 1, 1, 1, 1, 1, 1, 1)"
1.819648,50,355.285741,7,"(np.int64(294), np.int64(294), np.int64(294), np.int64(294), np.int64(294), np.int64(294), np.int64(17162), np.int64(294), np.int64(294), np.int64(294), np.int64(294), np.int64(294), np.int64(294), np.int64(294), np.int64(294), np.int64(294), np.int64(294), np.int64(294), np.int64(294), np.int64(294), np.int64(294), np.int64(294), np.int64(294), np.int64(294), np.int64(294), np.int64(2853), np.int64(294), np.int64(30392), np.int64(294), np.int64(294), np.int64(294), np.int64(294), np.int64(294), np.int64(294), np.int64(294), np.int64(294), np.int64(294), np.int64(294), np.int64(294), np.int64(294), np.int64(294), np.int64(294), np.int64(294), np.int64(294), np.int64(294), np.int64(294), np.int64(294), np.int64(294), np.int64(294), np.int64(294))","(1, 1, 1, 1, 1, 1, 1, 1, 1, 1, 1, 1, 1, 1, 1, 1, 1, 1, 1, 1, 1, 1, 1, 1, 1, 1, 1, 0, 1, 1, 1, 1, 1, 1, 1, 1, 1, 1, 1, 1, 1, 1, 1, 1, 1, 1, 1, 1, 1, 1)"
1.262435,50,355.847685,4,"(np.int64(294), np.int64(294), np.int64(294), np.int64(294), np.int64(294), np.int64(294), np.int64(294), np.int64(294), np.int64(294), np.int64(294), np.int64(294), np.int64(294), np.int64(294), np.int64(294), np.int64(294), np.int64(294), np.int64(294), np.int64(294), np.int64(294), np.int64(294), np.int64(294), np.int64(294), np.int64(294), np.int64(294), np.int64(294), np.int64(294), np.int64(294), np.int64(294), np.int64(294), np.int64(294), np.int64(294), np.int64(294), np.int64(294), np.int64(294), np.int64(294), np.int64(294), np.int64(294), np.int64(294), np.int64(294), np.int64(294), np.int64(294), np.int64(294), np.int64(294), np.int64(294), np.int64(294), np.int64(294), np.int64(294), np.int64(294), np.int64(37711), np.int64(294))","(1, 1, 1, 1, 1, 1, 1, 1, 1, 1, 1, 1, 1, 1, 1, 1, 1, 1, 1, 1, 1, 1, 1, 1, 1, 1, 1, 1, 1, 1, 1, 1, 1, 1, 1, 1, 1, 1, 1, 1, 1, 1, 1, 1, 1, 1, 1, 1, 1, 1)"
1.37172,50,356.399333,1,"(np.int64(294), np.int64(294), np.int64(294), np.int64(294), np.int64(294), np.int64(294), np.int64(294), np.int64(294), np.int64(294), np.int64(294), np.int64(294), np.int64(294), np.int64(294), np.int64(294), np.int64(294), np.int64(294), np.int64(294), np.int64(294), np.int64(294), np.int64(294), np.int64(294), np.int64(294), np.int64(294), np.int64(294), np.int64(294), np.int64(294), np.int64(294), np.int64(294), np.int64(294), np.int64(294), np.int64(294), np.int64(294), np.int64(294), np.int64(294), np.int64(5942), np.int64(5942), np.int64(5942), np.int64(5942), np.int64(37170), np.int64(5942), np.int64(5942), np.int64(5942), np.int64(5942), np.int64(5942), np.int64(5942), np.int64(5942), np.int64(5942), np.int64(5942), np.int64(5942), np.int64(5942))","(1, 1, 1, 1, 1, 1, 1, 1, 1, 1, 1, 1, 1, 1, 1, 1, 1, 1, 1, 1, 1, 1, 1, 1, 1, 1, 1, 1, 1, 1, 1, 1, 1, 1, 1, 1, 1, 1, 0, 1, 1, 1, 1, 1, 1, 1, 1, 1, 1, 1)"
0.663139,50,356.959728,2,"(np.int64(5942), np.int64(5942), np.int64(5942), np.int64(31203), np.int64(5942), np.int64(5942), np.int64(5942), np.int64(5942), np.int64(5942), np.int64(35251), np.int64(5942), np.int64(5942), np.int64(5942), np.int64(5942), np.int64(5942), np.int64(5942), np.int64(5942), np.int64(5942), np.int64(5942), np.int64(5942), np.int64(5942), np.int64(5942), np.int64(5942), np.int64(5942), np.int64(5942), np.int64(5942), np.int64(5942), np.int64(5942), np.int64(5942), np.int64(5942), np.int64(5942), np.int64(5942), np.int64(5942), np.int64(5942), np.int64(5942), np.int64(5942), np.int64(5942), np.int64(5942), np.int64(5942), np.int64(5942), np.int64(5942), np.int64(5942), np.int64(5942), np.int64(5942), np.int64(5942), np.int64(5942), np.int64(5942), np.int64(5942), np.int64(5942), np.int64(5942))","(1, 1, 1, 0, 1, 1, 1, 1, 1, 0, 1, 1, 1, 1, 1, 1, 1, 1, 1, 1, 1, 1, 1, 1, 1, 1, 1, 1, 1, 1, 1, 1, 1, 1, 1, 1, 1, 1, 1, 1, 1, 1, 1, 1, 1, 1, 1, 1, 1, 1)"
2.543542,50,357.492843,4,"(np.int64(23728), np.int64(23728), np.int64(23728), np.int64(23728), np.int64(23728), np.int64(23728), np.int64(23728), np.int64(23728), np.int64(23728), np.int64(23728), np.int64(23728), np.int64(23728), np.int64(23728), np.int64(23728), np.int64(23728), np.int64(23728), np.int64(23728), np.int64(23728), np.int64(29157), np.int64(27365), np.int64(23728), np.int64(29157), np.int64(23728), np.int64(29157), np.int64(29157), np.int64(23728), np.int64(29157), np.int64(29157), np.int64(29157), np.int64(29157), np.int64(29157), np.int64(29157), np.int64(29157), np.int64(6675), np.int64(29157), np.int64(29157), np.int64(29157), np.int64(29157), np.int64(29157), np.int64(29157), np.int64(29157), np.int64(29157), np.int64(29157), np.int64(29157), np.int64(29157), np.int64(29157), np.int64(29157), np.int64(29157), np.int64(29157), np.int64(29157))","(1, 1, 1, 1, 1, 1, 1, 1, 1, 1, 1, 1, 1, 1, 1, 1, 1, 1, 1, 1, 1, 1, 1, 1, 1, 1, 1, 1, 1, 1, 1, 1, 1, 1, 1, 1, 1, 1, 1, 1, 1, 1, 1, 1, 1, 1, 1, 1, 1, 1)"
4.198044,50,358.02882,5,"(np.int64(29157), np.int64(29157), np.int64(29157), np.int64(29157), np.int64(29157), np.int64(29157), np.int64(29157), np.int64(29157), np.int64(29157), np.int64(29157), np.int64(29157), np.int64(29157), np.int64(29157), np.int64(17755), np.int64(29157), np.int64(29157), np.int64(29157), np.int64(29157), np.int64(29157), np.int64(29157), np.int64(29157), np.int64(29157), np.int64(29157), np.int64(29157), np.int64(29157), np.int64(29157), np.int64(29157), np.int64(34600), np.int64(29157), np.int64(29157), np.int64(29157), np.int64(5038), np.int64(29157), np.int64(29157), np.int64(29157), np.int64(29157), np.int64(11949), np.int64(29157), np.int64(29157), np.int64(11949), np.int64(29157), np.int64(29157), np.int64(11949), np.int64(5238), np.int64(7034), np.int64(7034), np.int64(29157), np.int64(29157), np.int64(11949), np.int64(7034))","(1, 1, 1, 1, 1, 1, 1, 1, 1, 1, 1, 1, 1, 1, 1, 1, 1, 1, 1, 1, 1, 1, 1, 1, 1, 1, 1, 0, 1, 1, 1, 1, 1, 1, 1, 1, 1, 1, 1, 1, 1, 1, 1, 1, 1, 1, 1, 1, 1, 1)"
1.19324,50,358.562486,8,"(np.int64(29157), np.int64(7034), np.int64(7034), np.int64(7034), np.int64(7034), np.int64(7034), np.int64(29157), np.int64(29157), np.int64(29157), np.int64(29157), np.int64(29157), np.int64(29157), np.int64(29157), np.int64(29157), np.int64(29157), np.int64(29157), np.int64(29157), np.int64(29157), np.int64(7034), np.int64(7034), np.int64(7034), np.int64(29157), np.int64(29157), np.int64(29157), np.int64(28847), np.int64(7034), np.int64(7034), np.int64(28847), np.int64(7034), np.int64(29157), np.int64(28847), np.int64(28847), np.int64(28847), np.int64(28847), np.int64(28847), np.int64(28847), np.int64(28847), np.int64(28847), np.int64(28847), np.int64(28847), np.int64(28847), np.int64(28847), np.int64(28847), np.int64(28847), np.int64(28847), np.int64(28847), np.int64(7034), np.int64(7034), np.int64(7034), np.int64(7034))","(1, 1, 1, 1, 1, 1, 1, 1, 1, 1, 1, 1, 1, 1, 1, 1, 1, 1, 1, 1, 1, 1, 1, 1, 0, 1, 1, 0, 1, 1, 0, 0, 0, 0, 0, 0, 0, 0, 0, 0, 0, 0, 0, 0, 0, 0, 1, 1, 1, 1)"
1.458864,50,359.125347,1,"(np.int64(7034), np.int64(7034), np.int64(7034), np.int64(7034), np.int64(7034), np.int64(7034), np.int64(7034), np.int64(7034), np.int64(7034), np.int64(7034), np.int64(7034), np.int64(7034), np.int64(7034), np.int64(7034), np.int64(7034), np.int64(7034), np.int64(7034), np.int64(7034), np.int64(7034), np.int64(28847), np.int64(7034), np.int64(7034), np.int64(11949), np.int64(7034), np.int64(7034), np.int64(11949), np.int64(7034), np.int64(11949), np.int64(7034), np.int64(11949), np.int64(7034), np.int64(11949), np.int64(7034), np.int64(11949), np.int64(7034), np.int64(11949), np.int64(7034), np.int64(11949), np.int64(7034), np.int64(11949), np.int64(11949), np.int64(7034), np.int64(11949), np.int64(11949), np.int64(11949), np.int64(11949), np.int64(11949), np.int64(11949), np.int64(11949), np.int64(11949))","(1, 1, 1, 1, 1, 1, 1, 1, 1, 1, 1, 1, 1, 1, 1, 1, 1, 1, 1, 0, 1, 1, 1, 1, 1, 1, 1, 1, 1, 1, 1, 1, 1, 1, 1, 1, 1, 1, 1, 1, 1, 1, 1, 1, 1, 1, 1, 1, 1, 1)"
2.378834,50,359.676012,3,"(np.int64(28957), np.int64(28957), np.int64(28957), np.int64(28957), np.int64(11148), np.int64(28957), np.int64(11148), np.int64(11148), np.int64(11148), np.int64(11148), np.int64(11148), np.int64(11148), np.int64(11148), np.int64(11148), np.int64(11148), np.int64(11148), np.int64(11148), np.int64(11148), np.int64(11949), np.int64(11148), np.int64(11148), np.int64(11949), np.int64(11148), np.int64(11949), np.int64(11148), np.int64(11949), np.int64(28957), np.int64(28957), np.int64(28957), np.int64(11148), np.int64(11949), np.int64(11949), np.int64(28957), np.int64(28957), np.int64(11949), np.int64(11949), np.int64(11949), np.int64(11949), np.int64(20007), np.int64(20007), np.int64(20007), np.int64(20007), np.int64(20007), np.int64(20007), np.int64(20007), np.int64(20007), np.int64(20007), np.int64(20007), np.int64(20007), np.int64(20007))","(1, 1, 1, 1, 1, 1, 1, 1, 1, 1, 1, 1, 1, 1, 1, 1, 1, 1, 1, 1, 1, 1, 1, 1, 1, 1, 1, 1, 1, 1, 1, 1, 1, 1, 1, 1, 1, 1, 1, 1, 1, 1, 1, 1, 1, 1, 1, 1, 1, 1)"
2.706918,50,360.232981,1,"(np.int64(20007), np.int64(20007), np.int64(20007), np.int64(20007), np.int64(20007), np.int64(20007), np.int64(20007), np.int64(20007), np.int64(20007), np.int64(20007), np.int64(20007), np.int64(20007), np.int64(20007), np.int64(20007), np.int64(20007), np.int64(20007), np.int64(20007), np.int64(20007), np.int64(20007), np.int64(20007), np.int64(20007), np.int64(20007), np.int64(46211), np.int64(19269), np.int64(20007), np.int64(20007), np.int64(20007), np.int64(11949), np.int64(20007), np.int64(20007), np.int64(11949), np.int64(20007), np.int64(11949), np.int64(20007), np.int64(11949), np.int64(20007), np.int64(11949), np.int64(20007), np.int64(11949), np.int64(20007), np.int64(11949), np.int64(11949), np.int64(16717), np.int64(16717), np.int64(16717), np.int64(16717), np.int64(16717), np.int64(16717), np.int64(16717), np.int64(16717))","(1, 1, 1, 1, 1, 1, 1, 1, 1, 1, 1, 1, 1, 1, 1, 1, 1, 1, 1, 1, 1, 1, 0, 1, 1, 1, 1, 1, 1, 1, 1, 1, 1, 1, 1, 1, 1, 1, 1, 1, 1, 1, 1, 1, 1, 1, 1, 1, 1, 1)"
2.151189,50,360.772122,1,"(np.int64(16717), np.int64(16717), np.int64(16717), np.int64(16717), np.int64(16717), np.int64(16717), np.int64(9579), np.int64(16717), np.int64(9579), np.int64(16717), np.int64(9579), np.int64(9579), np.int64(9579), np.int64(9579), np.int64(9579), np.int64(9579), np.int64(9579), np.int64(9579), np.int64(9579), np.int64(9579), np.int64(11949), np.int64(9579), np.int64(9579), np.int64(11949), np.int64(9579), np.int64(11949), np.int64(9579), np.int64(11949), np.int64(9579), np.int64(11949), np.int64(9579), np.int64(11949), np.int64(9579), np.int64(11949), np.int64(17646), np.int64(17646), np.int64(17646), np.int64(17646), np.int64(17646), np.int64(17646), np.int64(17646), np.int64(17646), np.int64(17646), np.int64(17646), np.int64(17646), np.int64(11949), np.int64(30229), np.int64(17646), np.int64(17646), np.int64(11949))","(1, 1, 1, 1, 1, 1, 1, 1, 1, 1, 1, 1, 1, 1, 1, 1, 1, 1, 1, 1, 1, 1, 1, 1, 1, 1, 1, 1, 1, 1, 1, 1, 1, 1, 0, 0, 0, 0, 0, 0, 0, 0, 0, 0, 0, 1, 0, 0, 0, 1)"
3.245071,50,361.308743,1,"(np.int64(17646), np.int64(17646), np.int64(17646), np.int64(17646), np.int64(17646), np.int64(20928), np.int64(17646), np.int64(20928), np.int64(20928), np.int64(20928), np.int64(20928), np.int64(20928), np.int64(20928), np.int64(20928), np.int64(20928), np.int64(20928), np.int64(20928), np.int64(20928), np.int64(20928), np.int64(20928), np.int64(40371), np.int64(20928), np.int64(20928), np.int64(20928), np.int64(20928), np.int64(20928), np.int64(11949), np.int64(3240), np.int64(20928), np.int64(20928), np.int64(34514), np.int64(20928), np.int64(20928), np.int64(20928), np.int64(11949), np.int64(20928), np.int64(20928), np.int64(20928), np.int64(11949), np.int64(20928), np.int64(20928), np.int64(20928), np.int64(10680), np.int64(20928), np.int64(20928), np.int64(39971), np.int64(20928), np.int64(20928), np.int64(20928), np.int64(14402))","(0, 0, 0, 0, 0, 1, 0, 1, 1, 1, 1, 1, 1, 1, 1, 1, 1, 1, 1, 1, 0, 1, 1, 1, 1, 1, 1, 1, 1, 1, 0, 1, 1, 1, 1, 1, 1, 1, 1, 1, 1, 1, 1, 1, 1, 0, 1, 1, 1, 1)"
1.230721,50,361.833259,3,"(np.int64(20928), np.int64(20928), np.int64(20928), np.int64(20928), np.int64(20928), np.int64(20928), np.int64(20928), np.int64(20928), np.int64(20928), np.int64(20928), np.int64(20928), np.int64(20928), np.int64(20928), np.int64(20928), np.int64(6295), np.int64(6295), np.int64(6295), np.int64(6295), np.int64(6295), np.int64(6295), np.int64(6295), np.int64(6295), np.int64(6295), np.int64(6295), np.int64(6295), np.int64(6295), np.int64(6295), np.int64(6295), np.int64(6295), np.int64(6295), np.int64(6295), np.int64(6295), np.int64(6295), np.int64(6295), np.int64(6295), np.int64(6295), np.int64(6295), np.int64(6295), np.int64(6295), np.int64(6295), np.int64(6295), np.int64(6295), np.int64(6295), np.int64(45371), np.int64(6295), np.int64(6295), np.int64(6295), np.int64(6295), np.int64(6295), np.int64(6295))","(1, 1, 1, 1, 1, 1, 1, 1, 1, 1, 1, 1, 1, 1, 1, 1, 1, 1, 1, 1, 1, 1, 1, 1, 1, 1, 1, 1, 1, 1, 1, 1, 1, 1, 1, 1, 1, 1, 1, 1, 1, 1, 1, 0, 1, 1, 1, 1, 1, 1)"
2.64276,50,362.368701,4,"(np.int64(6295), np.int64(6295), np.int64(6295), np.int64(6295), np.int64(6295), np.int64(6295), np.int64(6295), np.int64(6295), np.int64(6295), np.int64(6295), np.int64(6295), np.int64(6295), np.int64(6295), np.int64(6295), np.int64(6295), np.int64(6295), np.int64(6295), np.int64(6295), np.int64(6295), np.int64(6295), np.int64(6295), np.int64(6295), np.int64(6295), np.int64(6295), np.int64(7589), np.int64(7589), np.int64(7589), np.int64(7589), np.int64(7589), np.int64(7589), np.int64(7589), np.int64(7589), np.int64(7589), np.int64(7589), np.int64(7589), np.int64(7589), np.int64(7589), np.int64(7589), np.int64(7589), np.int64(7589), np.int64(7589), np.int64(7589), np.int64(7589), np.int64(7589), np.int64(11949), np.int64(7589), np.int64(7589), np.int64(11949), np.int64(37498), np.int64(7589))","(1, 1, 1, 1, 1, 1, 1, 1, 1, 1, 1, 1, 1, 1, 1, 1, 1, 1, 1, 1, 1, 1, 1, 1, 1, 1, 1, 1, 1, 1, 1, 1, 1, 1, 1, 1, 1, 1, 1, 1, 1, 1, 1, 1, 1, 1, 1, 1, 1, 1)"
2.02047,50,362.90594,1,"(np.int64(7589), np.int64(7589), np.int64(17646), np.int64(17646), np.int64(17646), np.int64(17646), np.int64(17646), np.int64(13996), np.int64(17646), np.int64(13996), np.int64(13996), np.int64(13996), np.int64(13996), np.int64(13996), np.int64(13996), np.int64(13996), np.int64(13996), np.int64(13996), np.int64(11949), np.int64(13996), np.int64(11949), np.int64(13996), np.int64(11949), np.int64(13996), np.int64(11949), np.int64(13996), np.int64(11949), np.int64(11949), np.int64(11949), np.int64(11949), np.int64(11949), np.int64(11949), np.int64(11949), np.int64(11949), np.int64(11949), np.int64(11949), np.int64(11949), np.int64(11949), np.int64(11949), np.int64(11949), np.int64(11949), np.int64(11949), np.int64(11949), np.int64(11949), np.int64(11949), np.int64(11949), np.int64(11949), np.int64(11949), np.int64(11949), np.int64(11949))","(1, 1, 0, 0, 0, 0, 0, 1, 0, 1, 1, 1, 1, 1, 1, 1, 1, 1, 1, 1, 1, 1, 1, 1, 1, 1, 1, 1, 1, 1, 1, 1, 1, 1, 1, 1, 1, 1, 1, 1, 1, 1, 1, 1, 1, 1, 1, 1, 1, 1)"
1.947529,50,363.461083,6,"(np.int64(10383), np.int64(33466), np.int64(10383), np.int64(10383), np.int64(10383), np.int64(10383), np.int64(10383), np.int64(10383), np.int64(10383), np.int64(10383), np.int64(6183), np.int64(10383), np.int64(10383), np.int64(15289), np.int64(10383), np.int64(6183), np.int64(10383), np.int64(6183), np.int64(10383), np.int64(6183), np.int64(10383), np.int64(6183), np.int64(10383), np.int64(6183), np.int64(10383), np.int64(6183), np.int64(10383), np.int64(6183), np.int64(10383), np.int64(6183), np.int64(10383), np.int64(6183), np.int64(10383), np.int64(6183), np.int64(10383), np.int64(6183), np.int64(10383), np.int64(6183), np.int64(6183), np.int64(10383), np.int64(6183), np.int64(6183), np.int64(6183), np.int64(6183), np.int64(6183), np.int64(6183), np.int64(6183), np.int64(16217), np.int64(10383), np.int64(6183))","(1, 0, 1, 1, 1, 1, 1, 1, 1, 1, 1, 1, 1, 0, 1, 1, 1, 1, 1, 1, 1, 1, 1, 1, 1, 1, 1, 1, 1, 1, 1, 1, 1, 1, 1, 1, 1, 1, 1, 1, 1, 1, 1, 1, 1, 1, 1, 1, 1, 1)"
3.355187,50,363.996605,1,"(np.int64(14496), np.int64(10383), np.int64(10383), np.int64(10383), np.int64(10383), np.int64(10383), np.int64(10383), np.int64(14817), np.int64(10383), np.int64(10383), np.int64(14496), np.int64(14496), np.int64(14496), np.int64(14496), np.int64(14496), np.int64(14496), np.int64(14496), np.int64(14496), np.int64(14496), np.int64(14496), np.int64(6183), np.int64(14496), np.int64(14496), np.int64(6183), np.int64(14496), np.int64(6183), np.int64(14496), np.int64(6183), np.int64(14496), np.int64(14703), np.int64(14496), np.int64(6183), np.int64(14496), np.int64(6183), np.int64(14496), np.int64(6183), np.int64(14496), np.int64(6183), np.int64(17345), np.int64(14496), np.int64(6183), np.int64(6183), np.int64(14496), np.int64(6183), np.int64(6183), np.int64(6183), np.int64(6183), np.int64(6183), np.int64(6183), np.int64(6183))","(1, 1, 1, 1, 1, 1, 1, 1, 1, 1, 1, 1, 1, 1, 1, 1, 1, 1, 1, 1, 1, 1, 1, 1, 1, 1, 1, 1, 1, 1, 1, 1, 1, 1, 1, 1, 1, 1, 0, 1, 1, 1, 1, 1, 1, 1, 1, 1, 1, 1)"
2.98434,50,364.540738,4,"(np.int64(14496), np.int64(14496), np.int64(16975), np.int64(14496), np.int64(14496), np.int64(14496), np.int64(14496), np.int64(29682), np.int64(14496), np.int64(14496), np.int64(14496), np.int64(14496), np.int64(14496), np.int64(14496), np.int64(14496), np.int64(14496), np.int64(14496), np.int64(14496), np.int64(24158), np.int64(14496), np.int64(14496), np.int64(24158), np.int64(14496), np.int64(24158), np.int64(14496), np.int64(24158), np.int64(14496), np.int64(24158), np.int64(14496), np.int64(24158), np.int64(28829), np.int64(43943), np.int64(14496), np.int64(24158), np.int64(14496), np.int64(16318), np.int64(14496), np.int64(24158), np.int64(24158), np.int64(24158), np.int64(24158), np.int64(24158), np.int64(24158), np.int64(24158), np.int64(24158), np.int64(24158), np.int64(24158), np.int64(24158), np.int64(24158), np.int64(24158))","(1, 1, 1, 1, 1, 1, 1, 1, 1, 1, 1, 1, 1, 1, 1, 1, 1, 1, 1, 1, 1, 1, 1, 1, 1, 1, 1, 1, 1, 1, 1, 0, 1, 1, 1, 0, 1, 1, 1, 1, 1, 1, 1, 1, 1, 1, 1, 1, 1, 1)"
3.90816,50,365.08121,8,"(np.int64(14496), np.int64(14496), np.int64(14496), np.int64(14496), np.int64(14496), np.int64(14496), np.int64(24158), np.int64(14496), np.int64(24158), np.int64(24158), np.int64(24158), np.int64(24158), np.int64(24158), np.int64(24158), np.int64(24158), np.int64(24158), np.int64(24158), np.int64(24158), np.int64(8781), np.int64(24158), np.int64(24158), np.int64(24158), np.int64(24158), np.int64(24158), np.int64(24158), np.int64(24158), np.int64(27971), np.int64(24158), np.int64(24158), np.int64(27971), np.int64(27971), np.int64(9186), np.int64(9186), np.int64(9186), np.int64(9186), np.int64(8762), np.int64(9186), np.int64(9186), np.int64(9186), np.int64(9186), np.int64(9186), np.int64(27971), np.int64(9186), np.int64(10731), np.int64(9186), np.int64(27971), np.int64(27971), np.int64(27971), np.int64(27971), np.int64(27971))","(1, 1, 1, 1, 1, 1, 1, 1, 1, 1, 1, 1, 1, 1, 1, 1, 1, 1, 1, 1, 1, 1, 1, 1, 1, 1, 1, 1, 1, 1, 1, 1, 1, 1, 1, 1, 1, 1, 1, 1, 1, 1, 1, 1, 1, 1, 1, 1, 1, 1)"
2.903298,50,365.618959,2,"(np.int64(9186), np.int64(9186), np.int64(9186), np.int64(9186), np.int64(27971), np.int64(9186), np.int64(27971), np.int64(27971), np.int64(9186), np.int64(27971), np.int64(34875), np.int64(9186), np.int64(27971), np.int64(39990), np.int64(9186), np.int64(10739), np.int64(27971), np.int64(27971), np.int64(27971), np.int64(27971), np.int64(27971), np.int64(27971), np.int64(27971), np.int64(27971), np.int64(27971), np.int64(27971), np.int64(27971), np.int64(27971), np.int64(27971), np.int64(27971), np.int64(27971), np.int64(27971), np.int64(27971), np.int64(27971), np.int64(27971), np.int64(27971), np.int64(27971), np.int64(27971), np.int64(27971), np.int64(27971), np.int64(27971), np.int64(27971), np.int64(27971), np.int64(27971), np.int64(27971), np.int64(27971), np.int64(27971), np.int64(27971), np.int64(27971), np.int64(27971))","(1, 1, 1, 1, 1, 1, 1, 1, 1, 1, 1, 1, 1, 1, 1, 1, 1, 1, 1, 1, 1, 1, 1, 1, 1, 1, 1, 1, 1, 1, 1, 1, 1, 1, 1, 1, 1, 1, 1, 1, 1, 1, 1, 1, 1, 1, 1, 1, 1, 1)"
4.211855,50,366.142999,5,"(np.int64(25705), np.int64(25705), np.int64(25705), np.int64(25705), np.int64(25705), np.int64(13594), np.int64(25705), np.int64(25705), np.int64(25705), np.int64(25705), np.int64(25705), np.int64(25705), np.int64(25705), np.int64(25705), np.int64(25705), np.int64(25705), np.int64(25705), np.int64(25705), np.int64(9773), np.int64(25705), np.int64(25705), np.int64(25705), np.int64(392), np.int64(25705), np.int64(25705), np.int64(25705), np.int64(25705), np.int64(25705), np.int64(37062), np.int64(25705), np.int64(25705), np.int64(25705), np.int64(37062), np.int64(25705), np.int64(37062), np.int64(25005), np.int64(25705), np.int64(25705), np.int64(22661), np.int64(25705), np.int64(37062), np.int64(25705), np.int64(37062), np.int64(25705), np.int64(37062), np.int64(25705), np.int64(37062), np.int64(37062), np.int64(36242), np.int64(10481))","(1, 1, 1, 1, 1, 0, 1, 1, 1, 1, 1, 1, 1, 1, 1, 1, 1, 1, 1, 1, 1, 1, 1, 1, 1, 1, 1, 1, 1, 1, 1, 1, 1, 1, 1, 1, 1, 1, 0, 1, 1, 1, 1, 1, 1, 1, 1, 1, 0, 1)"
3.829989,50,366.692814,4,"(np.int64(10481), np.int64(10481), np.int64(10481), np.int64(10481), np.int64(10481), np.int64(10481), np.int64(10481), np.int64(10481), np.int64(10481), np.int64(10481), np.int64(10481), np.int64(10481), np.int64(10481), np.int64(10481), np.int64(37062), np.int64(10481), np.int64(10481), np.int64(37062), np.int64(10481), np.int64(37062), np.int64(10481), np.int64(37062), np.int64(10481), np.int64(37062), np.int64(37671), np.int64(37671), np.int64(10481), np.int64(19112), np.int64(37671), np.int64(37671), np.int64(37671), np.int64(37671), np.int64(37671), np.int64(37671), np.int64(12512), np.int64(37671), np.int64(19112), np.int64(37671), np.int64(19112), np.int64(37671), np.int64(19112), np.int64(19112), np.int64(19112), np.int64(19112), np.int64(19112), np.int64(19112), np.int64(19112), np.int64(19112), np.int64(21361), np.int64(19112))","(1, 1, 1, 1, 1, 1, 1, 1, 1, 1, 1, 1, 1, 1, 1, 1, 1, 1, 1, 1, 1, 1, 1, 1, 1, 1, 1, 1, 1, 1, 1, 1, 1, 1, 1, 1, 1, 1, 1, 1, 1, 1, 1, 1, 1, 1, 1, 1, 1, 1)"
3.511636,50,367.229198,1,"(np.int64(37671), np.int64(37671), np.int64(37671), np.int64(37671), np.int64(21361), np.int64(37671), np.int64(21361), np.int64(37671), np.int64(21361), np.int64(21361), np.int64(21361), np.int64(21361), np.int64(21361), np.int64(21361), np.int64(21361), np.int64(21361), np.int64(21361), np.int64(21361), np.int64(21361), np.int64(21361), np.int64(21361), np.int64(38033), np.int64(21361), np.int64(27671), np.int64(21361), np.int64(37062), np.int64(21361), np.int64(37062), np.int64(21361), np.int64(37062), np.int64(21361), np.int64(37062), np.int64(21361), np.int64(37062), np.int64(37062), np.int64(21361), np.int64(37062), np.int64(37062), np.int64(37062), np.int64(37062), np.int64(37062), np.int64(37062), np.int64(37062), np.int64(10867), np.int64(10986), np.int64(10986), np.int64(10986), np.int64(10986), np.int64(10986), np.int64(10986))","(1, 1, 1, 1, 1, 1, 1, 1, 1, 1, 1, 1, 1, 1, 1, 1, 1, 1, 1, 1, 1, 1, 1, 0, 1, 1, 1, 1, 1, 1, 1, 1, 1, 1, 1, 1, 1, 1, 1, 1, 1, 1, 1, 1, 0, 0, 0, 0, 0, 0)"
1.920668,50,367.783464,2,"(np.int64(10986), np.int64(10986), np.int64(10986), np.int64(10986), np.int64(10986), np.int64(10986), np.int64(10986), np.int64(10986), np.int64(16475), np.int64(10986), np.int64(10986), np.int64(10986), np.int64(10986), np.int64(37062), np.int64(10986), np.int64(10986), np.int64(37062), np.int64(10986), np.int64(10986), np.int64(37062), np.int64(10986), np.int64(37062), np.int64(10986), np.int64(37062), np.int64(10986), np.int64(37062), np.int64(10986), np.int64(11949), np.int64(10986), np.int64(11949), np.int64(10986), np.int64(11949), np.int64(10986), np.int64(11949), np.int64(10986), np.int64(11949), np.int64(10986), np.int64(11949), np.int64(37062), np.int64(10986), np.int64(11949), np.int64(37062), np.int64(37062), np.int64(10986), np.int64(11949), np.int64(37062), np.int64(37062), np.int64(37062), np.int64(37062), np.int64(37062))","(0, 0, 0, 0, 0, 0, 0, 0, 1, 0, 0, 0, 0, 1, 0, 0, 1, 0, 0, 1, 0, 1, 0, 1, 0, 1, 0, 1, 0, 1, 0, 1, 0, 1, 0, 1, 0, 1, 1, 0, 1, 1, 1, 0, 1, 1, 1, 1, 1, 1)"
3.207485,50,368.334177,4,"(np.int64(23728), np.int64(10986), np.int64(24695), np.int64(10986), np.int64(10986), np.int64(6845), np.int64(10986), np.int64(10986), np.int64(10986), np.int64(10986), np.int64(10986), np.int64(10986), np.int64(10986), np.int64(11949), np.int64(10986), np.int64(10986), np.int64(43445), np.int64(10986), np.int64(11949), np.int64(10986), np.int64(11949), np.int64(10986), np.int64(11949), np.int64(10986), np.int64(11949), np.int64(10986), np.int64(11949), np.int64(11949), np.int64(10986), np.int64(11949), np.int64(11949), np.int64(11949), np.int64(11949), np.int64(11949), np.int64(47198), np.int64(23728), np.int64(21959), np.int64(23728), np.int64(23728), np.int64(23728), np.int64(23728), np.int64(23728), np.int64(23728), np.int64(11949), np.int64(11949), np.int64(11949), np.int64(11949), np.int64(11949), np.int64(11949), np.int64(11949))","(1, 0, 1, 0, 0, 1, 0, 0, 0, 0, 0, 0, 0, 1, 0, 0, 0, 0, 1, 0, 1, 0, 1, 0, 1, 0, 1, 1, 0, 1, 1, 1, 1, 1, 0, 1, 1, 1, 1, 1, 1, 1, 1, 1, 1, 1, 1, 1, 1, 1)"
1.774804,50,368.90454,3,"(np.int64(23728), np.int64(23728), np.int64(35948), np.int64(23728), np.int64(23728), np.int64(23728), np.int64(23728), np.int64(23728), np.int64(23728), np.int64(23728), np.int64(23728), np.int64(23728), np.int64(37838), np.int64(23728), np.int64(23728), np.int64(37838), np.int64(23728), np.int64(37838), np.int64(23728), np.int64(37838), np.int64(48570), np.int64(23728), np.int64(37838), np.int64(23728), np.int64(37838), np.int64(23728), np.int64(37838), np.int64(37838), np.int64(23728), np.int64(37838), np.int64(37838), np.int64(37838), np.int64(3655), np.int64(23728), np.int64(3655), np.int64(23728), np.int64(3655), np.int64(3655), np.int64(23728), np.int64(3655), np.int64(48491), np.int64(23728), np.int64(3655), np.int64(3655), np.int64(3655), np.int64(3655), np.int64(3655), np.int64(3655), np.int64(3655), np.int64(3655))","(1, 1, 0, 1, 1, 1, 1, 1, 1, 1, 1, 1, 1, 1, 1, 1, 1, 1, 1, 1, 0, 1, 1, 1, 1, 1, 1, 1, 1, 1, 1, 1, 1, 1, 1, 1, 1, 1, 1, 1, 0, 1, 1, 1, 1, 1, 1, 1, 1, 1)"
3.566776,50,369.466856,5,"(np.int64(23728), np.int64(23728), np.int64(23728), np.int64(23728), np.int64(23728), np.int64(23728), np.int64(3655), np.int64(23728), np.int64(3655), np.int64(23728), np.int64(3655), np.int64(23728), np.int64(3655), np.int64(23728), np.int64(3217), np.int64(3217), np.int64(23728), np.int64(3217), np.int64(3217), np.int64(3217), np.int64(3217), np.int64(3217), np.int64(3217), np.int64(3217), np.int64(3217), np.int64(3217), np.int64(3217), np.int64(37062), np.int64(3217), np.int64(6288), np.int64(3217), np.int64(28092), np.int64(3217), np.int64(3217), np.int64(37062), np.int64(3217), np.int64(37062), np.int64(3217), np.int64(37062), np.int64(3217), np.int64(37062), np.int64(3217), np.int64(37062), np.int64(3217), np.int64(37062), np.int64(3217), np.int64(37062), np.int64(3217), np.int64(37062), np.int64(37062))","(1, 1, 1, 1, 1, 1, 1, 1, 1, 1, 1, 1, 1, 1, 1, 1, 1, 1, 1, 1, 1, 1, 1, 1, 1, 1, 1, 1, 1, 1, 1, 0, 1, 1, 1, 1, 1, 1, 1, 1, 1, 1, 1, 1, 1, 1, 1, 1, 1, 1)"
2.956523,50,370.085497,3,"(np.int64(3217), np.int64(3217), np.int64(3217), np.int64(3217), np.int64(3217), np.int64(3217), np.int64(3217), np.int64(3217), np.int64(3217), np.int64(11719), np.int64(3217), np.int64(3217), np.int64(3217), np.int64(3217), np.int64(3217), np.int64(3217), np.int64(3217), np.int64(37062), np.int64(3217), np.int64(27294), np.int64(3217), np.int64(3217), np.int64(3217), np.int64(37062), np.int64(3217), np.int64(3217), np.int64(37062), np.int64(3217), np.int64(3217), np.int64(37062), np.int64(3217), np.int64(3217), np.int64(29028), np.int64(3217), np.int64(3217), np.int64(40708), np.int64(3217), np.int64(29028), np.int64(3217), np.int64(29028), np.int64(3217), np.int64(29028), np.int64(3217), np.int64(29028), np.int64(3217), np.int64(29028), np.int64(3217), np.int64(29028), np.int64(3217), np.int64(29028))","(1, 1, 1, 1, 1, 1, 1, 1, 1, 1, 1, 1, 1, 1, 1, 1, 1, 1, 1, 1, 1, 1, 1, 1, 1, 1, 1, 1, 1, 1, 1, 1, 1, 1, 1, 0, 1, 1, 1, 1, 1, 1, 1, 1, 1, 1, 1, 1, 1, 1)"
2.477315,50,370.658237,3,"(np.int64(11289), np.int64(3217), np.int64(21279), np.int64(21279), np.int64(21279), np.int64(21279), np.int64(3217), np.int64(3217), np.int64(3217), np.int64(284), np.int64(3217), np.int64(3217), np.int64(3217), np.int64(3217), np.int64(3217), np.int64(3217), np.int64(3217), np.int64(3217), np.int64(3217), np.int64(3217), np.int64(3217), np.int64(3217), np.int64(3217), np.int64(3217), np.int64(3217), np.int64(3217), np.int64(3217), np.int64(3217), np.int64(3217), np.int64(3217), np.int64(3217), np.int64(3217), np.int64(3217), np.int64(3217), np.int64(3217), np.int64(3217), np.int64(3217), np.int64(3217), np.int64(3217), np.int64(3217), np.int64(3217), np.int64(3217), np.int64(3217), np.int64(3217), np.int64(3217), np.int64(3217), np.int64(297), np.int64(3217), np.int64(3217), np.int64(34034))","(0, 1, 1, 1, 1, 1, 1, 1, 1, 1, 1, 1, 1, 1, 1, 1, 1, 1, 1, 1, 1, 1, 1, 1, 1, 1, 1, 1, 1, 1, 1, 1, 1, 1, 1, 1, 1, 1, 1, 1, 1, 1, 1, 1, 1, 1, 1, 1, 1, 0)"
3.078656,50,371.220684,8,"(np.int64(3217), np.int64(3217), np.int64(3217), np.int64(3217), np.int64(3217), np.int64(43644), np.int64(3217), np.int64(6256), np.int64(3217), np.int64(3217), np.int64(3217), np.int64(3217), np.int64(297), np.int64(3217), np.int64(297), np.int64(3217), np.int64(297), np.int64(297), np.int64(20311), np.int64(297), np.int64(297), np.int64(297), np.int64(297), np.int64(297), np.int64(297), np.int64(40026), np.int64(297), np.int64(297), np.int64(297), np.int64(297), np.int64(297), np.int64(297), np.int64(297), np.int64(297), np.int64(297), np.int64(297), np.int64(297), np.int64(297), np.int64(297), np.int64(297), np.int64(297), np.int64(297), np.int64(297), np.int64(297), np.int64(297), np.int64(297), np.int64(297), np.int64(297), np.int64(297), np.int64(24448))","(1, 1, 1, 1, 1, 0, 1, 1, 1, 1, 1, 1, 1, 1, 1, 1, 1, 1, 1, 1, 1, 1, 1, 1, 1, 0, 1, 1, 1, 1, 1, 1, 1, 1, 1, 1, 1, 1, 1, 1, 1, 1, 1, 1, 1, 1, 1, 1, 1, 1)"
1.240872,50,371.767964,8,"(np.int64(297), np.int64(297), np.int64(38512), np.int64(297), np.int64(297), np.int64(297), np.int64(297), np.int64(297), np.int64(297), np.int64(297), np.int64(18171), np.int64(297), np.int64(297), np.int64(297), np.int64(49204), np.int64(297), np.int64(297), np.int64(297), np.int64(297), np.int64(297), np.int64(297), np.int64(297), np.int64(297), np.int64(297), np.int64(297), np.int64(297), np.int64(297), np.int64(297), np.int64(297), np.int64(297), np.int64(297), np.int64(297), np.int64(297), np.int64(297), np.int64(297), np.int64(297), np.int64(297), np.int64(297), np.int64(297), np.int64(297), np.int64(297), np.int64(297), np.int64(29028), np.int64(297), np.int64(29028), np.int64(297), np.int64(29028), np.int64(29028), np.int64(29028), np.int64(29028))","(1, 1, 0, 1, 1, 1, 1, 1, 1, 1, 0, 1, 1, 1, 0, 1, 1, 1, 1, 1, 1, 1, 1, 1, 1, 1, 1, 1, 1, 1, 1, 1, 1, 1, 1, 1, 1, 1, 1, 1, 1, 1, 1, 1, 1, 1, 1, 1, 1, 1)"
1.292406,50,372.332519,2,"(np.int64(29028), np.int64(29028), np.int64(29028), np.int64(29028), np.int64(29028), np.int64(29028), np.int64(29028), np.int64(29028), np.int64(29028), np.int64(29028), np.int64(29028), np.int64(29028), np.int64(29028), np.int64(29028), np.int64(29028), np.int64(29028), np.int64(29028), np.int64(29028), np.int64(29028), np.int64(29028), np.int64(29028), np.int64(29028), np.int64(29028), np.int64(29028), np.int64(29028), np.int64(29028), np.int64(29028), np.int64(29028), np.int64(29028), np.int64(29028), np.int64(29028), np.int64(29028), np.int64(29028), np.int64(29028), np.int64(29028), np.int64(29028), np.int64(29028), np.int64(29028), np.int64(29028), np.int64(29028), np.int64(25000), np.int64(29028), np.int64(29028), np.int64(29028), np.int64(29028), np.int64(29028), np.int64(29028), np.int64(29028), np.int64(29028), np.int64(29028))","(1, 1, 1, 1, 1, 1, 1, 1, 1, 1, 1, 1, 1, 1, 1, 1, 1, 1, 1, 1, 1, 1, 1, 1, 1, 1, 1, 1, 1, 1, 1, 1, 1, 1, 1, 1, 1, 1, 1, 1, 1, 1, 1, 1, 1, 1, 1, 1, 1, 1)"
1.982212,50,372.872562,2,"(np.int64(29028), np.int64(29028), np.int64(29028), np.int64(29028), np.int64(29028), np.int64(29028), np.int64(29028), np.int64(29028), np.int64(29028), np.int64(29028), np.int64(26667), np.int64(26667), np.int64(26667), np.int64(26667), np.int64(26667), np.int64(26667), np.int64(26667), np.int64(26667), np.int64(26667), np.int64(26667), np.int64(26667), np.int64(26667), np.int64(26667), np.int64(26667), np.int64(26667), np.int64(26667), np.int64(26667), np.int64(26667), np.int64(26667), np.int64(26667), np.int64(26667), np.int64(26667), np.int64(26667), np.int64(26667), np.int64(26667), np.int64(26667), np.int64(26667), np.int64(26667), np.int64(26667), np.int64(26667), np.int64(26667), np.int64(26667), np.int64(26667), np.int64(26667), np.int64(26667), np.int64(26667), np.int64(1187), np.int64(26667), np.int64(26667), np.int64(1187))","(1, 1, 1, 1, 1, 1, 1, 1, 1, 1, 1, 1, 1, 1, 1, 1, 1, 1, 1, 1, 1, 1, 1, 1, 1, 1, 1, 1, 1, 1, 1, 1, 1, 1, 1, 1, 1, 1, 1, 1, 1, 1, 1, 1, 1, 1, 1, 1, 1, 1)"
3.236778,50,373.436362,8,"(np.int64(26667), np.int64(26667), np.int64(40125), np.int64(26667), np.int64(6183), np.int64(6183), np.int64(6183), np.int64(45666), np.int64(6183), np.int64(6183), np.int64(6183), np.int64(6183), np.int64(6183), np.int64(6183), np.int64(6183), np.int64(6183), np.int64(6183), np.int64(6183), np.int64(6183), np.int64(6183), np.int64(23455), np.int64(23455), np.int64(23455), np.int64(23455), np.int64(23455), np.int64(23455), np.int64(23455), np.int64(23455), np.int64(23455), np.int64(23455), np.int64(23455), np.int64(23455), np.int64(23455), np.int64(23455), np.int64(6146), np.int64(23455), np.int64(23455), np.int64(23455), np.int64(1018), np.int64(23455), np.int64(23455), np.int64(1018), np.int64(1862), np.int64(23455), np.int64(23455), np.int64(1018), np.int64(23455), np.int64(23455), np.int64(1018), np.int64(23455))","(0, 0, 0, 0, 1, 1, 1, 0, 1, 1, 1, 1, 1, 1, 1, 1, 1, 1, 1, 1, 1, 1, 1, 1, 1, 1, 1, 1, 1, 1, 1, 1, 1, 1, 1, 1, 1, 1, 1, 1, 1, 1, 1, 1, 1, 1, 1, 1, 1, 1)"
3.622134,50,373.986784,2,"(np.int64(23455), np.int64(23455), np.int64(23455), np.int64(23455), np.int64(23455), np.int64(23455), np.int64(23455), np.int64(23455), np.int64(23455), np.int64(23455), np.int64(23455), np.int64(23455), np.int64(23455), np.int64(23455), np.int64(23455), np.int64(23455), np.int64(23455), np.int64(23455), np.int64(1018), np.int64(18842), np.int64(23455), np.int64(23455), np.int64(1018), np.int64(23455), np.int64(1018), np.int64(23455), np.int64(1018), np.int64(23455), np.int64(1018), np.int64(23455), np.int64(13339), np.int64(23455), np.int64(13339), np.int64(23455), np.int64(13339), np.int64(23455), np.int64(13339), np.int64(13339), np.int64(13339), np.int64(13339), np.int64(13339), np.int64(11939), np.int64(13339), np.int64(13339), np.int64(13339), np.int64(13339), np.int64(13339), np.int64(13339), np.int64(13339), np.int64(13339))","(1, 1, 1, 1, 1, 1, 1, 1, 1, 1, 1, 1, 1, 1, 1, 1, 1, 1, 1, 1, 1, 1, 1, 1, 1, 1, 1, 1, 1, 1, 1, 1, 1, 1, 1, 1, 1, 1, 1, 1, 1, 1, 1, 1, 1, 1, 1, 1, 1, 1)"
3.487714,50,374.567573,5,"(np.int64(7133), np.int64(15626), np.int64(15626), np.int64(15626), np.int64(13339), np.int64(15626), np.int64(13339), np.int64(13339), np.int64(13339), np.int64(13339), np.int64(13339), np.int64(13339), np.int64(13339), np.int64(13339), np.int64(13339), np.int64(13339), np.int64(13339), np.int64(13339), np.int64(13339), np.int64(13339), np.int64(13339), np.int64(13339), np.int64(13339), np.int64(13339), np.int64(13339), np.int64(13339), np.int64(13339), np.int64(13339), np.int64(1018), np.int64(1018), np.int64(1018), np.int64(1018), np.int64(1018), np.int64(1018), np.int64(1188), np.int64(1018), np.int64(1018), np.int64(1018), np.int64(1018), np.int64(1018), np.int64(1018), np.int64(32991), np.int64(1018), np.int64(1018), np.int64(1018), np.int64(1018), np.int64(1018), np.int64(1018), np.int64(1018), np.int64(1018))","(0, 1, 1, 1, 1, 1, 1, 1, 1, 1, 1, 1, 1, 1, 1, 1, 1, 1, 1, 1, 1, 1, 1, 1, 1, 1, 1, 1, 1, 1, 1, 1, 1, 1, 1, 1, 1, 1, 1, 1, 1, 1, 1, 1, 1, 1, 1, 1, 1, 1)"
2.329876,50,375.17346,7,"(np.int64(1018), np.int64(1018), np.int64(1018), np.int64(25897), np.int64(1018), np.int64(1018), np.int64(1018), np.int64(1018), np.int64(1018), np.int64(1018), np.int64(1018), np.int64(1018), np.int64(1018), np.int64(1018), np.int64(1018), np.int64(1018), np.int64(1018), np.int64(1018), np.int64(1018), np.int64(1018), np.int64(1018), np.int64(33745), np.int64(1018), np.int64(1018), np.int64(1018), np.int64(1018), np.int64(1018), np.int64(42917), np.int64(1018), np.int64(1018), np.int64(1018), np.int64(1018), np.int64(1018), np.int64(1018), np.int64(1018), np.int64(1018), np.int64(1018), np.int64(1018), np.int64(26844), np.int64(15626), np.int64(15626), np.int64(15626), np.int64(15626), np.int64(15626), np.int64(15626), np.int64(22008), np.int64(15626), np.int64(15626), np.int64(15626), np.int64(15626))","(1, 1, 1, 1, 1, 1, 1, 1, 1, 1, 1, 1, 1, 1, 1, 1, 1, 1, 1, 1, 1, 0, 1, 1, 1, 1, 1, 0, 1, 1, 1, 1, 1, 1, 1, 1, 1, 1, 1, 1, 1, 1, 1, 1, 1, 0, 1, 1, 1, 1)"
1.305427,50,375.741782,7,"(np.int64(15626), np.int64(15626), np.int64(15626), np.int64(15626), np.int64(15626), np.int64(15626), np.int64(15626), np.int64(15626), np.int64(15626), np.int64(15626), np.int64(15626), np.int64(15626), np.int64(15626), np.int64(15626), np.int64(15626), np.int64(15626), np.int64(15626), np.int64(15626), np.int64(15626), np.int64(15626), np.int64(15626), np.int64(15626), np.int64(15626), np.int64(15626), np.int64(31813), np.int64(15626), np.int64(15626), np.int64(31813), np.int64(15626), np.int64(15626), np.int64(31813), np.int64(15626), np.int64(42092), np.int64(15626), np.int64(15626), np.int64(31813), np.int64(15626), np.int64(31813), np.int64(15626), np.int64(31813), np.int64(15626), np.int64(31813), np.int64(15626), np.int64(31813), np.int64(15626), np.int64(11949), np.int64(15626), np.int64(31813), np.int64(15626), np.int64(11949))","(1, 1, 1, 1, 1, 1, 1, 1, 1, 1, 1, 1, 1, 1, 1, 1, 1, 1, 1, 1, 1, 1, 1, 1, 0, 1, 1, 0, 1, 1, 0, 1, 0, 1, 1, 0, 1, 0, 1, 0, 1, 0, 1, 0, 1, 1, 1, 0, 1, 1)"
1.297122,50,376.293318,1,"(np.int64(15626), np.int64(15626), np.int64(33343), np.int64(15626), np.int64(15626), np.int64(15626), np.int64(15626), np.int64(15626), np.int64(15626), np.int64(15626), np.int64(15626), np.int64(15626), np.int64(15626), np.int64(15626), np.int64(15626), np.int64(15626), np.int64(15626), np.int64(15626), np.int64(15626), np.int64(15626), np.int64(15626), np.int64(15626), np.int64(15626), np.int64(15626), np.int64(15626), np.int64(31813), np.int64(15626), np.int64(15626), np.int64(31813), np.int64(15626), np.int64(15626), np.int64(31813), np.int64(15626), np.int64(28368), np.int64(23004), np.int64(15626), np.int64(15626), np.int64(31813), np.int64(15626), np.int64(31813), np.int64(15626), np.int64(31813), np.int64(15626), np.int64(31813), np.int64(15626), np.int64(31813), np.int64(15626), np.int64(31813), np.int64(31813), np.int64(15626))","(1, 1, 0, 1, 1, 1, 1, 1, 1, 1, 1, 1, 1, 1, 1, 1, 1, 1, 1, 1, 1, 1, 1, 1, 1, 1, 1, 1, 1, 1, 1, 1, 1, 0, 0, 1, 1, 1, 1, 1, 1, 1, 1, 1, 1, 1, 1, 1, 1, 1)"
3.088451,50,377.025773,6,"(np.int64(20118), np.int64(20118), np.int64(20118), np.int64(15626), np.int64(20118), np.int64(20118), np.int64(15626), np.int64(20118), np.int64(20118), np.int64(31813), np.int64(20118), np.int64(31813), np.int64(31813), np.int64(31813), np.int64(31813), np.int64(31813), np.int64(31813), np.int64(31813), np.int64(31813), np.int64(31813), np.int64(31813), np.int64(31813), np.int64(43859), np.int64(31813), np.int64(31813), np.int64(31813), np.int64(31813), np.int64(31813), np.int64(31813), np.int64(31813), np.int64(31813), np.int64(31813), np.int64(31813), np.int64(10383), np.int64(31813), np.int64(31813), np.int64(31813), np.int64(31813), np.int64(3408), np.int64(31813), np.int64(31813), np.int64(31813), np.int64(26870), np.int64(31813), np.int64(31813), np.int64(31813), np.int64(31813), np.int64(31813), np.int64(31813), np.int64(31813))","(1, 1, 1, 1, 1, 1, 1, 1, 1, 1, 1, 1, 1, 1, 1, 1, 1, 1, 1, 1, 1, 1, 0, 1, 1, 1, 1, 1, 1, 1, 1, 1, 1, 1, 1, 1, 1, 1, 1, 1, 1, 1, 0, 1, 1, 1, 1, 1, 1, 1)"
0.544763,50,377.576713,8,"(np.int64(31813), np.int64(31813), np.int64(31813), np.int64(31813), np.int64(31813), np.int64(31813), np.int64(31813), np.int64(31813), np.int64(31813), np.int64(31813), np.int64(31813), np.int64(31813), np.int64(31813), np.int64(31813), np.int64(31813), np.int64(31813), np.int64(31813), np.int64(31813), np.int64(31813), np.int64(31813), np.int64(31813), np.int64(31813), np.int64(28801), np.int64(31813), np.int64(31813), np.int64(40226), np.int64(31813), np.int64(31813), np.int64(31813), np.int64(31813), np.int64(31813), np.int64(31813), np.int64(31813), np.int64(31813), np.int64(31813), np.int64(31813), np.int64(12897), np.int64(20170), np.int64(31813), np.int64(31813), np.int64(31813), np.int64(31813), np.int64(31813), np.int64(31813), np.int64(31813), np.int64(31813), np.int64(31813), np.int64(31813), np.int64(31813), np.int64(31813))","(0, 0, 0, 0, 0, 0, 0, 0, 0, 0, 0, 0, 0, 0, 0, 0, 0, 0, 0, 0, 0, 0, 0, 0, 0, 0, 0, 0, 0, 0, 0, 0, 0, 0, 0, 0, 1, 0, 0, 0, 0, 0, 0, 0, 0, 0, 0, 0, 0, 0)"
2.975047,50,378.118961,4,"(np.int64(31813), np.int64(31813), np.int64(31813), np.int64(31813), np.int64(31813), np.int64(31813), np.int64(31813), np.int64(31813), np.int64(19015), np.int64(31813), np.int64(31813), np.int64(31813), np.int64(31813), np.int64(31813), np.int64(31813), np.int64(31813), np.int64(18409), np.int64(31813), np.int64(31813), np.int64(31813), np.int64(31813), np.int64(31813), np.int64(31813), np.int64(31813), np.int64(31813), np.int64(31813), np.int64(1069), np.int64(31813), np.int64(31813), np.int64(31813), np.int64(31813), np.int64(31813), np.int64(31813), np.int64(31813), np.int64(31813), np.int64(31813), np.int64(31813), np.int64(31813), np.int64(31813), np.int64(31813), np.int64(31813), np.int64(31813), np.int64(31813), np.int64(31813), np.int64(20942), np.int64(31813), np.int64(31813), np.int64(31813), np.int64(31813), np.int64(31813))","(1, 1, 1, 1, 1, 1, 1, 1, 1, 1, 1, 1, 1, 1, 1, 1, 1, 1, 1, 1, 1, 1, 1, 1, 1, 1, 1, 1, 1, 1, 1, 1, 1, 1, 1, 1, 1, 1, 1, 1, 1, 1, 1, 1, 1, 1, 1, 1, 1, 1)"
2.465774,50,378.663429,2,"(np.int64(31813), np.int64(31813), np.int64(31813), np.int64(31813), np.int64(31813), np.int64(31813), np.int64(31813), np.int64(31813), np.int64(31813), np.int64(31813), np.int64(31813), np.int64(31813), np.int64(31721), np.int64(31813), np.int64(31813), np.int64(31813), np.int64(31813), np.int64(31813), np.int64(31813), np.int64(31813), np.int64(31813), np.int64(31813), np.int64(31813), np.int64(31813), np.int64(31813), np.int64(31813), np.int64(31813), np.int64(31813), np.int64(31813), np.int64(31813), np.int64(31813), np.int64(31813), np.int64(31813), np.int64(31813), np.int64(31813), np.int64(31813), np.int64(31813), np.int64(31813), np.int64(37685), np.int64(28814), np.int64(28814), np.int64(28814), np.int64(28814), np.int64(28814), np.int64(28814), np.int64(28814), np.int64(28814), np.int64(28814), np.int64(28814), np.int64(28814))","(1, 1, 1, 1, 1, 1, 1, 1, 1, 1, 1, 1, 1, 1, 1, 1, 1, 1, 1, 1, 1, 1, 1, 1, 1, 1, 1, 1, 1, 1, 1, 1, 1, 1, 1, 1, 1, 1, 1, 1, 1, 1, 1, 1, 1, 1, 1, 1, 1, 1)"
0.870611,50,379.233898,0,"(np.int64(20118), np.int64(20118), np.int64(15785), np.int64(20118), np.int64(20118), np.int64(28814), np.int64(20118), np.int64(28814), np.int64(28814), np.int64(28814), np.int64(28814), np.int64(28814), np.int64(504), np.int64(20118), np.int64(504), np.int64(504), np.int64(40102), np.int64(20118), np.int64(504), np.int64(49033), np.int64(504), np.int64(504), np.int64(504), np.int64(504), np.int64(504), np.int64(504), np.int64(504), np.int64(504), np.int64(11949), np.int64(504), np.int64(504), np.int64(11949), np.int64(504), np.int64(11949), np.int64(504), np.int64(11949), np.int64(11949), np.int64(504), np.int64(11949), np.int64(11949), np.int64(11949), np.int64(11949), np.int64(11949), np.int64(11949), np.int64(11949), np.int64(11949), np.int64(11949), np.int64(11949), np.int64(11949), np.int64(11949))","(0, 0, 0, 0, 0, 0, 0, 0, 0, 0, 0, 0, 1, 0, 1, 1, 0, 0, 1, 0, 1, 1, 1, 1, 1, 1, 1, 1, 0, 1, 1, 0, 1, 0, 1, 0, 0, 1, 0, 0, 0, 0, 0, 0, 0, 0, 0, 0, 0, 0)"
4.373955,50,379.818754,7,"(np.int64(23728), np.int64(23728), np.int64(23728), np.int64(23728), np.int64(504), np.int64(23728), np.int64(504), np.int64(23728), np.int64(504), np.int64(504), np.int64(504), np.int64(504), np.int64(504), np.int64(504), np.int64(504), np.int64(504), np.int64(11949), np.int64(504), np.int64(504), np.int64(11949), np.int64(504), np.int64(11949), np.int64(504), np.int64(11949), np.int64(504), np.int64(11949), np.int64(504), np.int64(11949), np.int64(11949), np.int64(11949), np.int64(21279), np.int64(23728), np.int64(20789), np.int64(23728), np.int64(23728), np.int64(21279), np.int64(42068), np.int64(23728), np.int64(1934), np.int64(23728), np.int64(21279), np.int64(23728), np.int64(46609), np.int64(16503), np.int64(23728), np.int64(21279), np.int64(45714), np.int64(1934), np.int64(1934), np.int64(1934))","(1, 1, 1, 1, 1, 1, 1, 1, 1, 1, 1, 1, 1, 1, 1, 1, 1, 1, 1, 1, 1, 1, 1, 1, 1, 1, 1, 1, 1, 1, 1, 1, 1, 1, 1, 1, 0, 1, 1, 1, 1, 1, 0, 1, 1, 1, 0, 1, 1, 1)"
3.625989,50,380.387168,8,"(np.int64(23728), np.int64(23728), np.int64(23728), np.int64(1934), np.int64(20118), np.int64(9283), np.int64(20118), np.int64(20118), np.int64(20118), np.int64(20118), np.int64(20118), np.int64(20118), np.int64(20118), np.int64(20118), np.int64(20118), np.int64(20118), np.int64(20118), np.int64(20118), np.int64(20118), np.int64(20118), np.int64(20118), np.int64(20118), np.int64(20118), np.int64(20118), np.int64(20118), np.int64(20118), np.int64(20118), np.int64(13339), np.int64(20118), np.int64(20118), np.int64(13339), np.int64(20118), np.int64(20118), np.int64(13339), np.int64(20118), np.int64(13339), np.int64(20118), np.int64(13339), np.int64(20118), np.int64(13339), np.int64(20118), np.int64(13339), np.int64(20118), np.int64(13339), np.int64(20118), np.int64(6577), np.int64(20118), np.int64(13339), np.int64(20118), np.int64(13339))","(1, 1, 1, 1, 1, 1, 1, 1, 1, 1, 1, 1, 1, 1, 1, 1, 1, 1, 1, 1, 1, 1, 1, 1, 1, 1, 1, 1, 1, 1, 1, 1, 1, 1, 1, 1, 1, 1, 1, 1, 1, 1, 1, 1, 1, 1, 1, 1, 1, 1)"
3.469508,50,380.938065,3,"(np.int64(23728), np.int64(20118), np.int64(20118), np.int64(20118), np.int64(20118), np.int64(20118), np.int64(31473), np.int64(20118), np.int64(20118), np.int64(20118), np.int64(20118), np.int64(20118), np.int64(20118), np.int64(20118), np.int64(12469), np.int64(20118), np.int64(20118), np.int64(20118), np.int64(20118), np.int64(20118), np.int64(20118), np.int64(20118), np.int64(20118), np.int64(20118), np.int64(20118), np.int64(20118), np.int64(20118), np.int64(20118), np.int64(20118), np.int64(21279), np.int64(23728), np.int64(23728), np.int64(38481), np.int64(23728), np.int64(23728), np.int64(23728), np.int64(23728), np.int64(23728), np.int64(23728), np.int64(23728), np.int64(21279), np.int64(23728), np.int64(21279), np.int64(23728), np.int64(21279), np.int64(23728), np.int64(21279), np.int64(21279), np.int64(21279), np.int64(21279))","(1, 1, 1, 1, 1, 1, 1, 1, 1, 1, 1, 1, 1, 1, 1, 1, 1, 1, 1, 1, 1, 1, 1, 1, 1, 1, 1, 1, 1, 1, 1, 1, 1, 1, 1, 1, 1, 1, 1, 1, 1, 1, 1, 1, 1, 1, 1, 1, 1, 1)"
3.015692,50,381.500488,3,"(np.int64(23728), np.int64(23728), np.int64(23728), np.int64(23728), np.int64(23728), np.int64(21279), np.int64(23728), np.int64(21279), np.int64(21279), np.int64(21279), np.int64(21279), np.int64(21279), np.int64(21279), np.int64(21279), np.int64(21279), np.int64(21279), np.int64(21279), np.int64(21279), np.int64(21279), np.int64(26175), np.int64(1934), np.int64(1934), np.int64(1934), np.int64(1934), np.int64(1934), np.int64(1934), np.int64(1934), np.int64(1934), np.int64(1934), np.int64(1934), np.int64(1934), np.int64(1934), np.int64(1934), np.int64(1934), np.int64(1934), np.int64(1934), np.int64(1934), np.int64(1934), np.int64(1934), np.int64(1934), np.int64(1934), np.int64(1934), np.int64(1934), np.int64(1934), np.int64(1934), np.int64(1934), np.int64(1934), np.int64(1934), np.int64(1187), np.int64(1934))","(1, 1, 1, 1, 1, 1, 1, 1, 1, 1, 1, 1, 1, 1, 1, 1, 1, 1, 1, 1, 1, 1, 1, 1, 1, 1, 1, 1, 1, 1, 1, 1, 1, 1, 1, 1, 1, 1, 1, 1, 1, 1, 1, 1, 1, 1, 1, 1, 1, 1)"
1.388968,50,382.035305,1,"(np.int64(1934), np.int64(1934), np.int64(1934), np.int64(1934), np.int64(1934), np.int64(46826), np.int64(1934), np.int64(1934), np.int64(1934), np.int64(1934), np.int64(1934), np.int64(1934), np.int64(1934), np.int64(1934), np.int64(7376), np.int64(1934), np.int64(7376), np.int64(1934), np.int64(7376), np.int64(7376), np.int64(7376), np.int64(7376), np.int64(7376), np.int64(7376), np.int64(7376), np.int64(7376), np.int64(7376), np.int64(7376), np.int64(7376), np.int64(7376), np.int64(7376), np.int64(7376), np.int64(7376), np.int64(7376), np.int64(7376), np.int64(7376), np.int64(7376), np.int64(7376), np.int64(7376), np.int64(7376), np.int64(7376), np.int64(1187), np.int64(7376), np.int64(7376), np.int64(1187), np.int64(7376), np.int64(7376), np.int64(1187), np.int64(7376), np.int64(1187))","(1, 1, 1, 1, 1, 0, 1, 1, 1, 1, 1, 1, 1, 1, 0, 1, 0, 1, 0, 0, 0, 0, 0, 0, 0, 0, 0, 0, 0, 0, 0, 0, 0, 0, 0, 0, 0, 0, 0, 0, 0, 1, 0, 0, 1, 0, 0, 1, 0, 1)"
3.050289,50,382.590033,6,"(np.int64(30996), np.int64(7376), np.int64(7376), np.int64(7376), np.int64(7376), np.int64(7376), np.int64(44606), np.int64(7376), np.int64(7376), np.int64(7376), np.int64(7376), np.int64(7376), np.int64(7376), np.int64(7376), np.int64(7376), np.int64(7376), np.int64(7376), np.int64(7376), np.int64(7376), np.int64(1187), np.int64(7376), np.int64(7376), np.int64(1187), np.int64(7376), np.int64(1187), np.int64(7376), np.int64(1187), np.int64(7376), np.int64(1187), np.int64(7376), np.int64(1187), np.int64(7376), np.int64(1187), np.int64(1187), np.int64(7376), np.int64(1187), np.int64(1187), np.int64(1187), np.int64(4161), np.int64(5112), np.int64(5112), np.int64(6718), np.int64(6718), np.int64(6718), np.int64(5112), np.int64(5112), np.int64(5112), np.int64(5112), np.int64(5112), np.int64(5112))","(1, 0, 0, 0, 0, 0, 0, 0, 0, 0, 0, 0, 0, 0, 0, 0, 0, 0, 0, 1, 0, 0, 1, 0, 1, 0, 1, 0, 1, 0, 1, 0, 1, 1, 0, 1, 1, 1, 1, 1, 1, 1, 1, 1, 1, 1, 1, 1, 1, 1)"
2.983101,50,383.134449,2,"(np.int64(5112), np.int64(5112), np.int64(5112), np.int64(5112), np.int64(5112), np.int64(5112), np.int64(28957), np.int64(28957), np.int64(28957), np.int64(28957), np.int64(28957), np.int64(28957), np.int64(28957), np.int64(28957), np.int64(28957), np.int64(28957), np.int64(28957), np.int64(28957), np.int64(28957), np.int64(28957), np.int64(28957), np.int64(28957), np.int64(1187), np.int64(28957), np.int64(28957), np.int64(1187), np.int64(13595), np.int64(28957), np.int64(28957), np.int64(1187), np.int64(38206), np.int64(28957), np.int64(1187), np.int64(28957), np.int64(1187), np.int64(28957), np.int64(1187), np.int64(28957), np.int64(1187), np.int64(1187), np.int64(31341), np.int64(31341), np.int64(31341), np.int64(31341), np.int64(31341), np.int64(31341), np.int64(31341), np.int64(31341), np.int64(31341), np.int64(31341))","(1, 1, 1, 1, 1, 1, 1, 1, 1, 1, 1, 1, 1, 1, 1, 1, 1, 1, 1, 1, 1, 1, 1, 1, 1, 1, 0, 1, 1, 1, 0, 1, 1, 1, 1, 1, 1, 1, 1, 1, 1, 1, 1, 1, 1, 1, 1, 1, 1, 1)"
1.805776,50,383.69908,8,"(np.int64(31341), np.int64(31341), np.int64(31341), np.int64(31341), np.int64(31341), np.int64(31341), np.int64(31341), np.int64(31341), np.int64(31341), np.int64(7181), np.int64(31341), np.int64(31341), np.int64(28957), np.int64(28957), np.int64(28957), np.int64(28957), np.int64(40810), np.int64(28957), np.int64(28957), np.int64(28957), np.int64(28957), np.int64(28957), np.int64(28957), np.int64(28957), np.int64(28957), np.int64(28957), np.int64(28957), np.int64(28957), np.int64(28957), np.int64(28957), np.int64(28957), np.int64(1187), np.int64(28957), np.int64(28957), np.int64(1187), np.int64(28957), np.int64(35268), np.int64(28957), np.int64(1187), np.int64(28957), np.int64(1187), np.int64(46242), np.int64(28957), np.int64(1187), np.int64(28957), np.int64(1187), np.int64(28957), np.int64(1187), np.int64(1187), np.int64(28957))","(1, 1, 1, 1, 1, 1, 1, 1, 1, 0, 1, 1, 1, 1, 1, 1, 0, 1, 1, 1, 1, 1, 1, 1, 1, 1, 1, 1, 1, 1, 1, 1, 1, 1, 1, 1, 0, 1, 1, 1, 1, 0, 1, 1, 1, 1, 1, 1, 1, 1)"
1.221528,50,384.234706,3,"(np.int64(28957), np.int64(28957), np.int64(28957), np.int64(28957), np.int64(28957), np.int64(28957), np.int64(28957), np.int64(28957), np.int64(28957), np.int64(1187), np.int64(28957), np.int64(1187), np.int64(28957), np.int64(1187), np.int64(1187), np.int64(28957), np.int64(1187), np.int64(32305), np.int64(1187), np.int64(1187), np.int64(1187), np.int64(1187), np.int64(30179), np.int64(1187), np.int64(1187), np.int64(1187), np.int64(1187), np.int64(1187), np.int64(1187), np.int64(1187), np.int64(1187), np.int64(1187), np.int64(1187), np.int64(1187), np.int64(1187), np.int64(1187), np.int64(1187), np.int64(1187), np.int64(1187), np.int64(1187), np.int64(1187), np.int64(1187), np.int64(1187), np.int64(1187), np.int64(1187), np.int64(1187), np.int64(1187), np.int64(1187), np.int64(1187), np.int64(1187))","(1, 1, 1, 1, 1, 1, 1, 1, 1, 1, 1, 1, 1, 1, 1, 1, 1, 0, 1, 1, 1, 1, 0, 1, 1, 1, 1, 1, 1, 1, 1, 1, 1, 1, 1, 1, 1, 1, 1, 1, 1, 1, 1, 1, 1, 1, 1, 1, 1, 1)"
1.401574,50,384.780045,5,"(np.int64(1187), np.int64(37668), np.int64(1187), np.int64(1187), np.int64(20785), np.int64(1187), np.int64(1187), np.int64(1187), np.int64(1187), np.int64(1187), np.int64(1187), np.int64(1187), np.int64(1187), np.int64(1187), np.int64(1187), np.int64(1187), np.int64(1187), np.int64(1187), np.int64(1187), np.int64(1187), np.int64(1187), np.int64(1187), np.int64(1187), np.int64(1187), np.int64(1187), np.int64(1187), np.int64(1187), np.int64(1187), np.int64(1187), np.int64(22512), np.int64(1187), np.int64(1187), np.int64(1187), np.int64(1187), np.int64(1187), np.int64(1187), np.int64(1187), np.int64(1187), np.int64(1187), np.int64(1187), np.int64(1187), np.int64(1187), np.int64(1187), np.int64(1187), np.int64(1187), np.int64(1187), np.int64(1187), np.int64(1187), np.int64(1187), np.int64(1187))","(1, 0, 1, 1, 1, 1, 1, 1, 1, 1, 1, 1, 1, 1, 1, 1, 1, 1, 1, 1, 1, 1, 1, 1, 1, 1, 1, 1, 1, 0, 1, 1, 1, 1, 1, 1, 1, 1, 1, 1, 1, 1, 1, 1, 1, 1, 1, 1, 1, 1)"
0.714768,50,385.309729,5,"(np.int64(1187), np.int64(1187), np.int64(1187), np.int64(1187), np.int64(1187), np.int64(1187), np.int64(1187), np.int64(1187), np.int64(1187), np.int64(1187), np.int64(1187), np.int64(1187), np.int64(1187), np.int64(1187), np.int64(1187), np.int64(1187), np.int64(1187), np.int64(1187), np.int64(1187), np.int64(1187), np.int64(1187), np.int64(37882), np.int64(1187), np.int64(1187), np.int64(1187), np.int64(1187), np.int64(1187), np.int64(1187), np.int64(1187), np.int64(1187), np.int64(37333), np.int64(37333), np.int64(37333), np.int64(37333), np.int64(37333), np.int64(37333), np.int64(37333), np.int64(37333), np.int64(37333), np.int64(37333), np.int64(37333), np.int64(37333), np.int64(37333), np.int64(37333), np.int64(37333), np.int64(37333), np.int64(37333), np.int64(37333), np.int64(37333), np.int64(37333))","(1, 1, 1, 1, 1, 1, 1, 1, 1, 1, 1, 1, 1, 1, 1, 1, 1, 1, 1, 1, 1, 0, 1, 1, 1, 1, 1, 1, 1, 1, 0, 0, 0, 0, 0, 0, 0, 0, 0, 0, 0, 0, 0, 0, 0, 0, 0, 0, 0, 0)"
2.482853,50,385.863384,4,"(np.int64(37333), np.int64(37333), np.int64(37333), np.int64(37333), np.int64(37333), np.int64(37333), np.int64(37333), np.int64(37333), np.int64(37333), np.int64(37333), np.int64(37333), np.int64(37333), np.int64(37333), np.int64(29146), np.int64(37333), np.int64(37333), np.int64(37333), np.int64(37333), np.int64(37333), np.int64(37333), np.int64(37333), np.int64(37333), np.int64(37333), np.int64(37333), np.int64(37333), np.int64(37333), np.int64(37333), np.int64(37333), np.int64(37333), np.int64(37333), np.int64(37333), np.int64(37333), np.int64(28332), np.int64(37333), np.int64(37333), np.int64(37333), np.int64(37333), np.int64(37333), np.int64(37333), np.int64(37333), np.int64(37333), np.int64(37333), np.int64(28493), np.int64(37333), np.int64(37333), np.int64(26255), np.int64(37333), np.int64(37333), np.int64(13429), np.int64(8975))","(0, 0, 0, 0, 0, 0, 0, 0, 0, 0, 0, 0, 0, 0, 0, 0, 0, 0, 0, 0, 0, 0, 0, 0, 0, 0, 0, 0, 0, 0, 0, 0, 0, 0, 0, 0, 0, 0, 0, 0, 0, 0, 1, 0, 0, 1, 0, 0, 1, 1)"
0.742047,50,386.422592,5,"(np.int64(8975), np.int64(8975), np.int64(8975), np.int64(8975), np.int64(8975), np.int64(8975), np.int64(8975), np.int64(8975), np.int64(8975), np.int64(8975), np.int64(8975), np.int64(8975), np.int64(8975), np.int64(8975), np.int64(8975), np.int64(8975), np.int64(8975), np.int64(8975), np.int64(8975), np.int64(8975), np.int64(8975), np.int64(8975), np.int64(8975), np.int64(8975), np.int64(8975), np.int64(8975), np.int64(8975), np.int64(8975), np.int64(8975), np.int64(8975), np.int64(8975), np.int64(8975), np.int64(8975), np.int64(8975), np.int64(8975), np.int64(8975), np.int64(8975), np.int64(8975), np.int64(8975), np.int64(8975), np.int64(8975), np.int64(8975), np.int64(8975), np.int64(8975), np.int64(8975), np.int64(8975), np.int64(8975), np.int64(8975), np.int64(8975), np.int64(8975))","(1, 1, 1, 1, 1, 1, 1, 1, 1, 1, 1, 1, 1, 1, 1, 1, 1, 1, 1, 1, 1, 1, 1, 1, 1, 1, 1, 1, 1, 1, 1, 1, 1, 1, 1, 1, 1, 1, 1, 1, 1, 1, 1, 1, 1, 1, 1, 1, 1, 1)"
1.235323,50,386.986917,7,"(np.int64(8975), np.int64(8975), np.int64(12907), np.int64(8975), np.int64(8975), np.int64(8975), np.int64(8975), np.int64(8975), np.int64(8975), np.int64(8975), np.int64(8975), np.int64(8975), np.int64(8975), np.int64(8975), np.int64(8975), np.int64(8975), np.int64(8975), np.int64(8975), np.int64(8975), np.int64(8975), np.int64(8975), np.int64(8975), np.int64(8975), np.int64(8975), np.int64(8975), np.int64(8975), np.int64(8975), np.int64(8975), np.int64(13429), np.int64(8975), np.int64(8975), np.int64(13429), np.int64(8975), np.int64(8975), np.int64(13429), np.int64(8975), np.int64(13429), np.int64(8975), np.int64(13429), np.int64(8975), np.int64(13429), np.int64(8975), np.int64(13429), np.int64(8975), np.int64(13429), np.int64(8975), np.int64(13429), np.int64(8975), np.int64(13429), np.int64(13429))","(1, 1, 0, 1, 1, 1, 1, 1, 1, 1, 1, 1, 1, 1, 1, 1, 1, 1, 1, 1, 1, 1, 1, 1, 1, 1, 1, 1, 1, 1, 1, 1, 1, 1, 1, 1, 1, 1, 1, 1, 1, 1, 1, 1, 1, 1, 1, 1, 1, 1)"
3.127035,50,387.518446,4,"(np.int64(44798), np.int64(8975), np.int64(8975), np.int64(8975), np.int64(8975), np.int64(8975), np.int64(20834), np.int64(20834), np.int64(20834), np.int64(20834), np.int64(20834), np.int64(20834), np.int64(20834), np.int64(20834), np.int64(20834), np.int64(20834), np.int64(20834), np.int64(20834), np.int64(20834), np.int64(20834), np.int64(20834), np.int64(20834), np.int64(20834), np.int64(20834), np.int64(20834), np.int64(20834), np.int64(20834), np.int64(20834), np.int64(46792), np.int64(20834), np.int64(20834), np.int64(20834), np.int64(13429), np.int64(20834), np.int64(20834), np.int64(20834), np.int64(20834), np.int64(13429), np.int64(20834), np.int64(20834), np.int64(18844), np.int64(20834), np.int64(43694), np.int64(20834), np.int64(31434), np.int64(20834), np.int64(20834), np.int64(20834), np.int64(20834), np.int64(20834))","(0, 1, 1, 1, 1, 1, 1, 1, 1, 1, 1, 1, 1, 1, 1, 1, 1, 1, 1, 1, 1, 1, 1, 1, 1, 1, 1, 1, 0, 1, 1, 1, 1, 1, 1, 1, 1, 1, 1, 1, 1, 1, 0, 1, 1, 1, 1, 1, 1, 1)"
2.253834,50,388.066599,8,"(np.int64(20834), np.int64(20834), np.int64(20834), np.int64(20834), np.int64(20834), np.int64(20834), np.int64(20834), np.int64(20834), np.int64(20834), np.int64(20834), np.int64(20834), np.int64(20834), np.int64(20834), np.int64(20834), np.int64(20834), np.int64(20834), np.int64(20834), np.int64(20834), np.int64(20834), np.int64(20834), np.int64(20834), np.int64(20834), np.int64(20834), np.int64(20834), np.int64(20834), np.int64(20834), np.int64(44732), np.int64(20834), np.int64(20834), np.int64(13429), np.int64(25272), np.int64(20834), np.int64(13429), np.int64(20834), np.int64(13429), np.int64(13429), np.int64(13429), np.int64(13429), np.int64(13429), np.int64(13429), np.int64(13429), np.int64(13429), np.int64(12439), np.int64(13429), np.int64(13429), np.int64(13429), np.int64(13429), np.int64(13429), np.int64(13429), np.int64(13429))","(1, 1, 1, 1, 1, 1, 1, 1, 1, 1, 1, 1, 1, 1, 1, 1, 1, 1, 1, 1, 1, 1, 1, 1, 1, 1, 0, 1, 1, 1, 1, 1, 1, 1, 1, 1, 1, 1, 1, 1, 1, 1, 1, 1, 1, 1, 1, 1, 1, 1)"
1.871555,50,388.651803,4,"(np.int64(5112), np.int64(5112), np.int64(13429), np.int64(13429), np.int64(13429), np.int64(13429), np.int64(13429), np.int64(13429), np.int64(13429), np.int64(13429), np.int64(13429), np.int64(13429), np.int64(13429), np.int64(13429), np.int64(13429), np.int64(13429), np.int64(13429), np.int64(13429), np.int64(13429), np.int64(13429), np.int64(37685), np.int64(13429), np.int64(13429), np.int64(37685), np.int64(13429), np.int64(13429), np.int64(37685), np.int64(13429), np.int64(37685), np.int64(13429), np.int64(37685), np.int64(13429), np.int64(37685), np.int64(13429), np.int64(37685), np.int64(13429), np.int64(37685), np.int64(13429), np.int64(37685), np.int64(37685), np.int64(13429), np.int64(37685), np.int64(37685), np.int64(37685), np.int64(37685), np.int64(37685), np.int64(37685), np.int64(37685), np.int64(37685), np.int64(37685))","(1, 1, 1, 1, 1, 1, 1, 1, 1, 1, 1, 1, 1, 1, 1, 1, 1, 1, 1, 1, 1, 1, 1, 1, 1, 1, 1, 1, 1, 1, 1, 1, 1, 1, 1, 1, 1, 1, 1, 1, 1, 1, 1, 1, 1, 1, 1, 1, 1, 1)"
1.371259,50,389.291107,5,"(np.int64(12544), np.int64(12544), np.int64(12544), np.int64(12544), np.int64(12544), np.int64(12544), np.int64(12544), np.int64(12544), np.int64(12544), np.int64(37685), np.int64(12544), np.int64(37685), np.int64(12544), np.int64(37685), np.int64(12544), np.int64(37685), np.int64(37685), np.int64(37685), np.int64(37685), np.int64(37685), np.int64(37685), np.int64(37685), np.int64(37685), np.int64(37685), np.int64(37685), np.int64(37685), np.int64(37685), np.int64(37685), np.int64(37685), np.int64(37685), np.int64(37685), np.int64(37685), np.int64(37685), np.int64(37685), np.int64(37685), np.int64(37685), np.int64(37685), np.int64(37685), np.int64(37685), np.int64(37685), np.int64(37685), np.int64(37685), np.int64(37685), np.int64(37685), np.int64(37685), np.int64(37685), np.int64(37685), np.int64(37685), np.int64(37685), np.int64(37685))","(1, 1, 1, 1, 1, 1, 1, 1, 1, 1, 1, 1, 1, 1, 1, 1, 1, 1, 1, 1, 1, 1, 1, 1, 1, 1, 1, 1, 1, 1, 1, 1, 1, 1, 1, 1, 1, 1, 1, 1, 1, 1, 1, 1, 1, 1, 1, 1, 1, 1)"
1.146396,50,389.847365,3,"(np.int64(6747), np.int64(6747), np.int64(6747), np.int64(6747), np.int64(6747), np.int64(6747), np.int64(6747), np.int64(6747), np.int64(6747), np.int64(37685), np.int64(6747), np.int64(6747), np.int64(45058), np.int64(6747), np.int64(37685), np.int64(6747), np.int64(37685), np.int64(6747), np.int64(6747), np.int64(37685), np.int64(6747), np.int64(37685), np.int64(6747), np.int64(37685), np.int64(6747), np.int64(37685), np.int64(6747), np.int64(37685), np.int64(6747), np.int64(37685), np.int64(6747), np.int64(37685), np.int64(6747), np.int64(37685), np.int64(6747), np.int64(37685), np.int64(6747), np.int64(37685), np.int64(6747), np.int64(6747), np.int64(6747), np.int64(37685), np.int64(6747), np.int64(6747), np.int64(6747), np.int64(6747), np.int64(6747), np.int64(6747), np.int64(6747), np.int64(6747))","(1, 1, 1, 1, 1, 1, 1, 1, 1, 1, 1, 1, 0, 1, 1, 1, 1, 1, 1, 1, 1, 1, 1, 1, 1, 1, 1, 1, 1, 1, 1, 1, 1, 1, 1, 1, 1, 1, 1, 1, 1, 1, 1, 1, 1, 1, 1, 1, 1, 1)"
1.922378,50,390.416884,8,"(np.int64(6747), np.int64(6747), np.int64(6747), np.int64(6747), np.int64(6747), np.int64(6747), np.int64(6747), np.int64(6747), np.int64(6747), np.int64(6747), np.int64(6747), np.int64(6747), np.int64(6747), np.int64(6747), np.int64(6747), np.int64(38484), np.int64(6747), np.int64(6747), np.int64(6747), np.int64(6747), np.int64(6747), np.int64(6747), np.int64(6747), np.int64(6747), np.int64(6747), np.int64(6747), np.int64(6747), np.int64(6747), np.int64(6747), np.int64(6747), np.int64(6747), np.int64(6747), np.int64(6747), np.int64(6747), np.int64(6747), np.int64(6747), np.int64(6747), np.int64(6747), np.int64(6747), np.int64(6747), np.int64(2054), np.int64(9538), np.int64(9538), np.int64(9538), np.int64(9538), np.int64(9538), np.int64(9538), np.int64(9538), np.int64(9538), np.int64(9538))","(1, 1, 1, 1, 1, 1, 1, 1, 1, 1, 1, 1, 1, 1, 1, 0, 1, 1, 1, 1, 1, 1, 1, 1, 1, 1, 1, 1, 1, 1, 1, 1, 1, 1, 1, 1, 1, 1, 1, 1, 1, 1, 1, 1, 1, 1, 1, 1, 1, 1)"
0.0,50,390.965641,0,"(np.int64(27155), np.int64(27155), np.int64(27155), np.int64(27155), np.int64(30608), np.int64(27155), np.int64(27155), np.int64(9538), np.int64(27155), np.int64(9538), np.int64(27155), np.int64(9538), np.int64(9538), np.int64(9538), np.int64(9538), np.int64(16820), np.int64(27155), np.int64(9538), np.int64(9538), np.int64(9538), np.int64(7130), np.int64(9538), np.int64(9538), np.int64(9538), np.int64(9538), np.int64(9538), np.int64(9538), np.int64(9538), np.int64(9538), np.int64(9538), np.int64(9538), np.int64(9538), np.int64(9538), np.int64(9538), np.int64(9538), np.int64(9538), np.int64(9538), np.int64(9538), np.int64(9538), np.int64(9538), np.int64(49055), np.int64(9538), np.int64(9538), np.int64(9538), np.int64(9538), np.int64(9538), np.int64(9538), np.int64(9538), np.int64(9538), np.int64(9538))","(0, 0, 0, 0, 0, 0, 0, 0, 0, 0, 0, 0, 0, 0, 0, 0, 0, 0, 0, 0, 0, 0, 0, 0, 0, 0, 0, 0, 0, 0, 0, 0, 0, 0, 0, 0, 0, 0, 0, 0, 0, 0, 0, 0, 0, 0, 0, 0, 0, 0)"
3.622297,50,391.527485,7,"(np.int64(27155), np.int64(3760), np.int64(27155), np.int64(47878), np.int64(27155), np.int64(27155), np.int64(27155), np.int64(27155), np.int64(27155), np.int64(27155), np.int64(27155), np.int64(27155), np.int64(27155), np.int64(27155), np.int64(27155), np.int64(27155), np.int64(9179), np.int64(1763), np.int64(1763), np.int64(1763), np.int64(1763), np.int64(1763), np.int64(1763), np.int64(1763), np.int64(1763), np.int64(1763), np.int64(1763), np.int64(1763), np.int64(1763), np.int64(1763), np.int64(1763), np.int64(1763), np.int64(12654), np.int64(1763), np.int64(1763), np.int64(12654), np.int64(1763), np.int64(12654), np.int64(1763), np.int64(12654), np.int64(1763), np.int64(12654), np.int64(1763), np.int64(12654), np.int64(14368), np.int64(14368), np.int64(14368), np.int64(14368), np.int64(14368), np.int64(14368))","(1, 1, 1, 0, 1, 1, 1, 1, 1, 1, 1, 1, 1, 1, 1, 1, 1, 1, 1, 1, 1, 1, 1, 1, 1, 1, 1, 1, 1, 1, 1, 1, 1, 1, 1, 1, 1, 1, 1, 1, 1, 1, 1, 1, 1, 1, 1, 1, 1, 1)"
4.400867,50,392.094565,1,"(np.int64(14368), np.int64(14368), np.int64(14368), np.int64(14368), np.int64(8138), np.int64(14368), np.int64(14368), np.int64(14368), np.int64(14368), np.int64(14368), np.int64(14368), np.int64(14368), np.int64(14368), np.int64(14368), np.int64(14368), np.int64(14368), np.int64(14368), np.int64(14368), np.int64(14368), np.int64(14368), np.int64(14368), np.int64(14368), np.int64(39202), np.int64(14368), np.int64(14368), np.int64(14368), np.int64(3825), np.int64(14368), np.int64(14368), np.int64(14368), np.int64(35315), np.int64(14368), np.int64(14368), np.int64(5163), np.int64(14368), np.int64(14368), np.int64(5163), np.int64(14368), np.int64(5163), np.int64(14368), np.int64(5163), np.int64(14368), np.int64(5163), np.int64(14368), np.int64(5163), np.int64(45844), np.int64(14368), np.int64(8217), np.int64(25319), np.int64(14368))","(1, 1, 1, 1, 1, 1, 1, 1, 1, 1, 1, 1, 1, 1, 1, 1, 1, 1, 1, 1, 1, 1, 0, 1, 1, 1, 1, 1, 1, 1, 1, 1, 1, 1, 1, 1, 1, 1, 1, 1, 1, 1, 1, 1, 1, 1, 1, 0, 1, 1)"
3.701908,50,392.669058,6,"(np.int64(28839), np.int64(28839), np.int64(28839), np.int64(41276), np.int64(28839), np.int64(28839), np.int64(28839), np.int64(28839), np.int64(28839), np.int64(28839), np.int64(5163), np.int64(28839), np.int64(28839), np.int64(28839), np.int64(28839), np.int64(28839), np.int64(28839), np.int64(31566), np.int64(28839), np.int64(28839), np.int64(12590), np.int64(28839), np.int64(28839), np.int64(13096), np.int64(33369), np.int64(48961), np.int64(28839), np.int64(28839), np.int64(12590), np.int64(28839), np.int64(12590), np.int64(28839), np.int64(12590), np.int64(28839), np.int64(12590), np.int64(28839), np.int64(28839), np.int64(6699), np.int64(28839), np.int64(28839), np.int64(6699), np.int64(28839), np.int64(6699), np.int64(28839), np.int64(6699), np.int64(28839), np.int64(6699), np.int64(28839), np.int64(6699), np.int64(6699))","(1, 1, 1, 0, 1, 1, 1, 1, 1, 1, 1, 1, 1, 1, 1, 1, 1, 0, 1, 1, 1, 1, 1, 1, 0, 1, 1, 1, 1, 1, 1, 1, 1, 1, 1, 1, 1, 1, 1, 1, 1, 1, 1, 1, 1, 1, 1, 1, 1, 1)"
2.41788,50,393.275568,8,"(np.int64(28839), np.int64(28839), np.int64(28839), np.int64(28839), np.int64(28839), np.int64(28839), np.int64(6699), np.int64(28839), np.int64(6699), np.int64(28839), np.int64(6699), np.int64(6699), np.int64(6699), np.int64(6699), np.int64(6699), np.int64(6699), np.int64(6699), np.int64(6699), np.int64(6699), np.int64(6699), np.int64(6699), np.int64(6699), np.int64(6699), np.int64(6699), np.int64(6699), np.int64(6699), np.int64(6699), np.int64(6699), np.int64(6699), np.int64(6699), np.int64(6699), np.int64(6699), np.int64(6699), np.int64(40820), np.int64(6699), np.int64(12654), np.int64(6699), np.int64(12654), np.int64(6699), np.int64(12654), np.int64(6699), np.int64(12654), np.int64(6699), np.int64(12654), np.int64(6699), np.int64(12654), np.int64(6699), np.int64(6699), np.int64(6699), np.int64(2054))","(1, 1, 1, 1, 1, 1, 1, 1, 1, 1, 1, 1, 1, 1, 1, 1, 1, 1, 1, 1, 1, 1, 1, 1, 1, 1, 1, 1, 1, 1, 1, 1, 1, 0, 1, 1, 1, 1, 1, 1, 1, 1, 1, 1, 1, 1, 1, 1, 1, 1)"
2.380759,50,393.908642,3,"(np.int64(4606), np.int64(6699), np.int64(6699), np.int64(6699), np.int64(6699), np.int64(6699), np.int64(6699), np.int64(6699), np.int64(6699), np.int64(6699), np.int64(6699), np.int64(6699), np.int64(6699), np.int64(6699), np.int64(6699), np.int64(6699), np.int64(6699), np.int64(6699), np.int64(6699), np.int64(2054), np.int64(6699), np.int64(6699), np.int64(2054), np.int64(6699), np.int64(2054), np.int64(49869), np.int64(6699), np.int64(2054), np.int64(2054), np.int64(6699), np.int64(2054), np.int64(2054), np.int64(2054), np.int64(2054), np.int64(2054), np.int64(2054), np.int64(2054), np.int64(2054), np.int64(2054), np.int64(2054), np.int64(2054), np.int64(2054), np.int64(2054), np.int64(2054), np.int64(2054), np.int64(2054), np.int64(2054), np.int64(2054), np.int64(2054), np.int64(2054))","(1, 1, 1, 1, 1, 1, 1, 1, 1, 1, 1, 1, 1, 1, 1, 1, 1, 1, 1, 1, 1, 1, 1, 1, 1, 1, 1, 1, 1, 1, 1, 1, 1, 1, 1, 1, 1, 1, 1, 1, 1, 1, 1, 1, 1, 1, 1, 1, 1, 1)"
3.307018,50,394.474003,4,"(np.int64(12590), np.int64(12590), np.int64(12590), np.int64(12590), np.int64(12590), np.int64(5412), np.int64(12590), np.int64(12590), np.int64(12590), np.int64(12590), np.int64(12590), np.int64(12590), np.int64(12590), np.int64(12590), np.int64(12590), np.int64(12590), np.int64(12590), np.int64(2054), np.int64(21430), np.int64(12654), np.int64(12654), np.int64(12654), np.int64(12654), np.int64(12654), np.int64(12654), np.int64(12654), np.int64(12654), np.int64(12654), np.int64(12654), np.int64(12654), np.int64(12654), np.int64(12654), np.int64(12654), np.int64(12654), np.int64(12654), np.int64(12654), np.int64(12654), np.int64(5274), np.int64(12654), np.int64(12654), np.int64(5274), np.int64(12654), np.int64(5274), np.int64(12654), np.int64(5274), np.int64(12654), np.int64(5274), np.int64(12654), np.int64(5274), np.int64(12654))","(1, 1, 1, 1, 1, 1, 1, 1, 1, 1, 1, 1, 1, 1, 1, 1, 1, 1, 0, 1, 1, 1, 1, 1, 1, 1, 1, 1, 1, 1, 1, 1, 1, 1, 1, 1, 1, 1, 1, 1, 1, 1, 1, 1, 1, 1, 1, 1, 1, 1)"
2.094737,50,395.05445,5,"(np.int64(12654), np.int64(12654), np.int64(12654), np.int64(12654), np.int64(12654), np.int64(12654), np.int64(12654), np.int64(12654), np.int64(12654), np.int64(12654), np.int64(44788), np.int64(12654), np.int64(12654), np.int64(12654), np.int64(12654), np.int64(12654), np.int64(12654), np.int64(12654), np.int64(5274), np.int64(12654), np.int64(12654), np.int64(5274), np.int64(12654), np.int64(12654), np.int64(5274), np.int64(12654), np.int64(5274), np.int64(12654), np.int64(5274), np.int64(12654), np.int64(5274), np.int64(12654), np.int64(5274), np.int64(5163), np.int64(12654), np.int64(12654), np.int64(5274), np.int64(5163), np.int64(5163), np.int64(12654), np.int64(5274), np.int64(5163), np.int64(5163), np.int64(12654), np.int64(5274), np.int64(5163), np.int64(34272), np.int64(5163), np.int64(5163), np.int64(5163))","(1, 1, 1, 1, 1, 1, 1, 1, 1, 1, 0, 1, 1, 1, 1, 1, 1, 1, 1, 1, 1, 1, 1, 1, 1, 1, 1, 1, 1, 1, 1, 1, 1, 1, 1, 1, 1, 1, 1, 1, 1, 1, 1, 1, 1, 1, 0, 1, 1, 1)"
2.476885,50,395.610706,8,"(np.int64(12654), np.int64(12654), np.int64(5163), np.int64(5163), np.int64(5163), np.int64(5163), np.int64(5163), np.int64(5163), np.int64(5163), np.int64(5163), np.int64(5163), np.int64(5163), np.int64(5163), np.int64(5163), np.int64(5163), np.int64(5163), np.int64(5274), np.int64(5163), np.int64(5163), np.int64(5274), np.int64(35197), np.int64(5163), np.int64(10005), np.int64(5163), np.int64(5274), np.int64(5163), np.int64(5274), np.int64(38790), np.int64(5163), np.int64(5274), np.int64(5163), np.int64(5274), np.int64(5163), np.int64(5274), np.int64(5274), np.int64(5274), np.int64(5274), np.int64(5274), np.int64(5274), np.int64(5274), np.int64(5274), np.int64(5274), np.int64(5274), np.int64(5274), np.int64(5274), np.int64(18022), np.int64(5274), np.int64(5274), np.int64(5274), np.int64(5274))","(1, 1, 1, 1, 1, 1, 1, 1, 1, 1, 1, 1, 1, 1, 1, 1, 1, 1, 1, 1, 0, 1, 1, 1, 1, 1, 1, 0, 1, 1, 1, 1, 1, 1, 1, 1, 1, 1, 1, 1, 1, 1, 1, 1, 1, 0, 1, 1, 1, 1)"
0.0,50,396.18372,0,"(np.int64(3879), np.int64(3879), np.int64(5274), np.int64(5274), np.int64(5274), np.int64(5274), np.int64(5274), np.int64(5274), np.int64(5274), np.int64(5274), np.int64(5274), np.int64(5274), np.int64(5274), np.int64(5274), np.int64(5274), np.int64(5274), np.int64(5274), np.int64(5274), np.int64(5274), np.int64(5274), np.int64(5274), np.int64(5274), np.int64(5274), np.int64(5274), np.int64(5274), np.int64(5274), np.int64(5274), np.int64(5274), np.int64(40483), np.int64(5274), np.int64(5274), np.int64(5274), np.int64(5274), np.int64(5274), np.int64(5274), np.int64(5274), np.int64(5274), np.int64(5274), np.int64(5274), np.int64(5274), np.int64(5274), np.int64(40046), np.int64(5274), np.int64(5274), np.int64(5274), np.int64(5274), np.int64(5274), np.int64(5274), np.int64(5274), np.int64(5274))","(0, 0, 0, 0, 0, 0, 0, 0, 0, 0, 0, 0, 0, 0, 0, 0, 0, 0, 0, 0, 0, 0, 0, 0, 0, 0, 0, 0, 0, 0, 0, 0, 0, 0, 0, 0, 0, 0, 0, 0, 0, 0, 0, 0, 0, 0, 0, 0, 0, 0)"
1.414854,50,396.7494,2,"(np.int64(5274), np.int64(5274), np.int64(5274), np.int64(5274), np.int64(5274), np.int64(5274), np.int64(5274), np.int64(5274), np.int64(5274), np.int64(5274), np.int64(5274), np.int64(5274), np.int64(5274), np.int64(5274), np.int64(5274), np.int64(5274), np.int64(5274), np.int64(5274), np.int64(5274), np.int64(5274), np.int64(5274), np.int64(5274), np.int64(5274), np.int64(5274), np.int64(5274), np.int64(5274), np.int64(5274), np.int64(5274), np.int64(5274), np.int64(13632), np.int64(5274), np.int64(5274), np.int64(5274), np.int64(5274), np.int64(5274), np.int64(5274), np.int64(5274), np.int64(5274), np.int64(5274), np.int64(5274), np.int64(5274), np.int64(5274), np.int64(5274), np.int64(5274), np.int64(5274), np.int64(5274), np.int64(5274), np.int64(5274), np.int64(5274), np.int64(5274))","(1, 1, 1, 1, 1, 1, 1, 1, 1, 1, 1, 1, 1, 1, 1, 1, 1, 1, 1, 1, 1, 1, 1, 1, 1, 1, 1, 1, 1, 1, 1, 1, 1, 1, 1, 1, 1, 1, 1, 1, 1, 1, 1, 1, 1, 1, 1, 1, 1, 1)"
1.18747,50,397.377303,3,"(np.int64(5274), np.int64(5274), np.int64(5274), np.int64(5274), np.int64(5274), np.int64(5274), np.int64(5274), np.int64(5274), np.int64(5274), np.int64(26459), np.int64(5274), np.int64(5274), np.int64(5274), np.int64(5274), np.int64(5274), np.int64(5274), np.int64(5274), np.int64(10711), np.int64(5274), np.int64(5274), np.int64(5274), np.int64(5274), np.int64(5274), np.int64(5274), np.int64(5274), np.int64(5274), np.int64(5274), np.int64(5274), np.int64(5274), np.int64(5274), np.int64(5274), np.int64(5274), np.int64(5274), np.int64(5274), np.int64(44528), np.int64(5274), np.int64(5274), np.int64(5274), np.int64(5274), np.int64(34635), np.int64(5274), np.int64(5274), np.int64(5274), np.int64(5274), np.int64(5274), np.int64(5274), np.int64(5274), np.int64(5274), np.int64(5274), np.int64(5274))","(1, 1, 1, 1, 1, 1, 1, 1, 1, 0, 1, 1, 1, 1, 1, 1, 1, 1, 1, 1, 1, 1, 1, 1, 1, 1, 1, 1, 1, 1, 1, 1, 1, 1, 0, 1, 1, 1, 1, 0, 1, 1, 1, 1, 1, 1, 1, 1, 1, 1)"
3.272931,50,397.937933,1,"(np.int64(5274), np.int64(5274), np.int64(5274), np.int64(5274), np.int64(5274), np.int64(5274), np.int64(5274), np.int64(5274), np.int64(5274), np.int64(5274), np.int64(5274), np.int64(5274), np.int64(5274), np.int64(5274), np.int64(5274), np.int64(5274), np.int64(5274), np.int64(5274), np.int64(6120), np.int64(295), np.int64(6120), np.int64(6120), np.int64(6120), np.int64(29748), np.int64(6120), np.int64(6120), np.int64(6120), np.int64(6120), np.int64(6120), np.int64(6120), np.int64(6120), np.int64(16822), np.int64(6120), np.int64(6120), np.int64(6120), np.int64(6120), np.int64(13125), np.int64(6120), np.int64(6120), np.int64(6120), np.int64(6120), np.int64(6120), np.int64(6120), np.int64(6120), np.int64(6120), np.int64(6120), np.int64(6120), np.int64(6120), np.int64(6120), np.int64(6120))","(1, 1, 1, 1, 1, 1, 1, 1, 1, 1, 1, 1, 1, 1, 1, 1, 1, 1, 1, 1, 1, 1, 1, 0, 1, 1, 1, 1, 1, 1, 1, 1, 1, 1, 1, 1, 1, 1, 1, 1, 1, 1, 1, 1, 1, 1, 1, 1, 1, 1)"
3.012936,50,398.51189,8,"(np.int64(6120), np.int64(6120), np.int64(6120), np.int64(6120), np.int64(45189), np.int64(6120), np.int64(6120), np.int64(6120), np.int64(6120), np.int64(6120), np.int64(6120), np.int64(6120), np.int64(6120), np.int64(6120), np.int64(6120), np.int64(6120), np.int64(6120), np.int64(6120), np.int64(6120), np.int64(6120), np.int64(6120), np.int64(6120), np.int64(6120), np.int64(6120), np.int64(6120), np.int64(6120), np.int64(6120), np.int64(6120), np.int64(6120), np.int64(232), np.int64(6120), np.int64(6120), np.int64(6120), np.int64(6120), np.int64(6120), np.int64(6120), np.int64(23777), np.int64(6120), np.int64(6120), np.int64(6120), np.int64(4891), np.int64(6120), np.int64(20888), np.int64(6120), np.int64(29908), np.int64(6120), np.int64(20888), np.int64(6120), np.int64(20888), np.int64(26255))","(1, 1, 1, 1, 0, 1, 1, 1, 1, 1, 1, 1, 1, 1, 1, 1, 1, 1, 1, 1, 1, 1, 1, 1, 1, 1, 1, 1, 1, 1, 1, 1, 1, 1, 1, 1, 0, 1, 1, 1, 1, 1, 1, 1, 0, 1, 1, 1, 1, 1)"
1.811126,50,399.070598,3,"(np.int64(5112), np.int64(49524), np.int64(5112), np.int64(26255), np.int64(17414), np.int64(17414), np.int64(31293), np.int64(31293), np.int64(31293), np.int64(26255), np.int64(31293), np.int64(31293), np.int64(26255), np.int64(18650), np.int64(31293), np.int64(31293), np.int64(31293), np.int64(31293), np.int64(31293), np.int64(31293), np.int64(31293), np.int64(26255), np.int64(31293), np.int64(31293), np.int64(31293), np.int64(26255), np.int64(31293), np.int64(31293), np.int64(31293), np.int64(26255), np.int64(45078), np.int64(31293), np.int64(38872), np.int64(31293), np.int64(26255), np.int64(31293), np.int64(26255), np.int64(31293), np.int64(26255), np.int64(26255), np.int64(26255), np.int64(26255), np.int64(26255), np.int64(26255), np.int64(26255), np.int64(26255), np.int64(26255), np.int64(26255), np.int64(26255), np.int64(26255))","(1, 0, 1, 1, 0, 0, 1, 1, 1, 1, 1, 1, 1, 0, 1, 1, 1, 1, 1, 1, 1, 1, 1, 1, 1, 1, 1, 1, 1, 1, 0, 1, 0, 1, 1, 1, 1, 1, 1, 1, 1, 1, 1, 1, 1, 1, 1, 1, 1, 1)"
2.926309,50,399.64234,3,"(np.int64(26255), np.int64(26255), np.int64(26255), np.int64(26255), np.int64(26255), np.int64(26255), np.int64(26255), np.int64(3468), np.int64(26255), np.int64(26255), np.int64(26255), np.int64(26255), np.int64(26255), np.int64(26255), np.int64(26255), np.int64(26255), np.int64(26255), np.int64(26255), np.int64(26255), np.int64(26255), np.int64(26255), np.int64(26255), np.int64(26255), np.int64(26255), np.int64(26255), np.int64(26255), np.int64(26255), np.int64(26255), np.int64(18457), np.int64(26255), np.int64(26255), np.int64(26255), np.int64(37838), np.int64(37838), np.int64(7705), np.int64(7705), np.int64(7705), np.int64(7705), np.int64(7705), np.int64(7705), np.int64(7705), np.int64(7705), np.int64(7705), np.int64(7705), np.int64(37838), np.int64(7705), np.int64(37838), np.int64(7705), np.int64(37838), np.int64(7705))","(1, 1, 1, 1, 1, 1, 1, 1, 1, 1, 1, 1, 1, 1, 1, 1, 1, 1, 1, 1, 1, 1, 1, 1, 1, 1, 1, 1, 1, 1, 1, 1, 1, 1, 1, 1, 1, 1, 1, 1, 1, 1, 1, 1, 1, 1, 1, 1, 1, 1)"
1.316853,50,400.190668,8,"(np.int64(7705), np.int64(7705), np.int64(7705), np.int64(7705), np.int64(7705), np.int64(7705), np.int64(7705), np.int64(18636), np.int64(7705), np.int64(7705), np.int64(37838), np.int64(7705), np.int64(37838), np.int64(7705), np.int64(37838), np.int64(7705), np.int64(37838), np.int64(37838), np.int64(7705), np.int64(37838), np.int64(37838), np.int64(37838), np.int64(32602), np.int64(3879), np.int64(3879), np.int64(3879), np.int64(3879), np.int64(3879), np.int64(3879), np.int64(3879), np.int64(3879), np.int64(3879), np.int64(3879), np.int64(3879), np.int64(3879), np.int64(37838), np.int64(37838), np.int64(37838), np.int64(37838), np.int64(37838), np.int64(37838), np.int64(37838), np.int64(37838), np.int64(37838), np.int64(37838), np.int64(37838), np.int64(37838), np.int64(37838), np.int64(37838), np.int64(37838))","(1, 1, 1, 1, 1, 1, 1, 0, 1, 1, 0, 1, 0, 1, 0, 1, 0, 0, 1, 0, 0, 0, 0, 1, 1, 1, 1, 1, 1, 1, 1, 1, 1, 1, 1, 0, 0, 0, 0, 0, 0, 0, 0, 0, 0, 0, 0, 0, 0, 0)"
1.905185,50,400.769346,7,"(np.int64(3879), np.int64(3879), np.int64(3879), np.int64(4980), np.int64(3879), np.int64(3879), np.int64(3879), np.int64(3879), np.int64(3879), np.int64(3879), np.int64(3879), np.int64(3879), np.int64(3879), np.int64(3879), np.int64(49768), np.int64(3879), np.int64(3879), np.int64(3879), np.int64(3879), np.int64(3879), np.int64(3879), np.int64(3879), np.int64(3879), np.int64(3879), np.int64(3879), np.int64(3879), np.int64(3879), np.int64(3879), np.int64(3879), np.int64(3879), np.int64(3879), np.int64(3879), np.int64(3879), np.int64(3879), np.int64(3879), np.int64(3879), np.int64(3879), np.int64(3879), np.int64(3879), np.int64(3879), np.int64(3879), np.int64(896), np.int64(3879), np.int64(3879), np.int64(3879), np.int64(896), np.int64(22510), np.int64(3879), np.int64(3879), np.int64(896))","(1, 1, 1, 1, 1, 1, 1, 1, 1, 1, 1, 1, 1, 1, 0, 1, 1, 1, 1, 1, 1, 1, 1, 1, 1, 1, 1, 1, 1, 1, 1, 1, 1, 1, 1, 1, 1, 1, 1, 1, 1, 1, 1, 1, 1, 1, 0, 1, 1, 1)"
2.748266,50,401.336916,1,"(np.int64(3879), np.int64(3879), np.int64(3879), np.int64(3879), np.int64(3879), np.int64(3879), np.int64(3879), np.int64(3879), np.int64(3879), np.int64(3879), np.int64(3879), np.int64(3879), np.int64(3879), np.int64(3879), np.int64(3879), np.int64(28225), np.int64(3879), np.int64(3879), np.int64(3879), np.int64(896), np.int64(3879), np.int64(38471), np.int64(21156), np.int64(3879), np.int64(896), np.int64(49310), np.int64(3879), np.int64(896), np.int64(896), np.int64(3879), np.int64(896), np.int64(896), np.int64(896), np.int64(896), np.int64(896), np.int64(896), np.int64(896), np.int64(896), np.int64(896), np.int64(896), np.int64(896), np.int64(896), np.int64(896), np.int64(896), np.int64(896), np.int64(896), np.int64(896), np.int64(896), np.int64(29026), np.int64(896))","(1, 1, 1, 1, 1, 1, 1, 1, 1, 1, 1, 1, 1, 1, 1, 0, 1, 1, 1, 1, 1, 0, 1, 1, 1, 0, 1, 1, 1, 1, 1, 1, 1, 1, 1, 1, 1, 1, 1, 1, 1, 1, 1, 1, 1, 1, 1, 1, 1, 1)"
3.564416,50,401.91207,5,"(np.int64(8854), np.int64(8854), np.int64(8854), np.int64(8854), np.int64(8854), np.int64(8854), np.int64(8854), np.int64(896), np.int64(8854), np.int64(8854), np.int64(896), np.int64(8854), np.int64(8854), np.int64(896), np.int64(8854), np.int64(896), np.int64(8854), np.int64(8854), np.int64(896), np.int64(8854), np.int64(8854), np.int64(8854), np.int64(896), np.int64(8854), np.int64(8854), np.int64(8854), np.int64(896), np.int64(8854), np.int64(8854), np.int64(8854), np.int64(27927), np.int64(8854), np.int64(8854), np.int64(11949), np.int64(8854), np.int64(8854), np.int64(11949), np.int64(8854), np.int64(27927), np.int64(8854), np.int64(11949), np.int64(8854), np.int64(11949), np.int64(8854), np.int64(11949), np.int64(8854), np.int64(11949), np.int64(17433), np.int64(3095), np.int64(3095))","(1, 1, 1, 1, 1, 1, 1, 1, 1, 1, 1, 1, 1, 1, 1, 1, 1, 1, 1, 1, 1, 1, 1, 1, 1, 1, 1, 1, 1, 1, 1, 1, 1, 1, 1, 1, 1, 1, 1, 1, 1, 1, 1, 1, 1, 1, 1, 0, 1, 1)"
1.579485,50,402.460225,0,"(np.int64(3095), np.int64(3095), np.int64(3095), np.int64(3095), np.int64(3095), np.int64(3095), np.int64(3095), np.int64(3095), np.int64(3095), np.int64(3095), np.int64(3095), np.int64(3095), np.int64(49050), np.int64(3095), np.int64(49050), np.int64(3095), np.int64(49050), np.int64(3095), np.int64(49050), np.int64(3095), np.int64(27927), np.int64(3095), np.int64(27927), np.int64(3095), np.int64(5218), np.int64(3095), np.int64(27927), np.int64(3095), np.int64(27927), np.int64(49050), np.int64(3095), np.int64(11949), np.int64(49050), np.int64(3095), np.int64(11949), np.int64(49050), np.int64(49050), np.int64(49050), np.int64(49050), np.int64(49050), np.int64(13716), np.int64(49050), np.int64(49050), np.int64(11949), np.int64(33395), np.int64(3095), np.int64(11949), np.int64(49050), np.int64(11949), np.int64(49050))","(0, 0, 0, 0, 0, 0, 0, 0, 0, 0, 0, 0, 0, 0, 0, 0, 0, 0, 0, 0, 1, 0, 1, 0, 1, 0, 1, 0, 1, 0, 0, 0, 0, 0, 0, 0, 0, 0, 0, 0, 0, 0, 0, 0, 0, 0, 0, 0, 0, 0)"
5.053395,50,403.014531,6,"(np.int64(23728), np.int64(3095), np.int64(3095), np.int64(3095), np.int64(49050), np.int64(23728), np.int64(23728), np.int64(49050), np.int64(49050), np.int64(49050), np.int64(49050), np.int64(49050), np.int64(49050), np.int64(49050), np.int64(49050), np.int64(49050), np.int64(49050), np.int64(35907), np.int64(49050), np.int64(49050), np.int64(8741), np.int64(49050), np.int64(49050), np.int64(8741), np.int64(9831), np.int64(49050), np.int64(49050), np.int64(8741), np.int64(49050), np.int64(8741), np.int64(49050), np.int64(20868), np.int64(49050), np.int64(9639), np.int64(49050), np.int64(8741), np.int64(14227), np.int64(49050), np.int64(14227), np.int64(14227), np.int64(49050), np.int64(14227), np.int64(14227), np.int64(14227), np.int64(14227), np.int64(14227), np.int64(14227), np.int64(14227), np.int64(14227), np.int64(14227))","(1, 1, 1, 1, 1, 1, 1, 1, 1, 1, 1, 1, 1, 1, 1, 1, 1, 0, 1, 1, 1, 1, 1, 1, 1, 1, 1, 1, 1, 1, 1, 1, 1, 1, 1, 1, 1, 1, 1, 1, 1, 1, 1, 1, 1, 1, 1, 1, 1, 1)"
2.339033,50,403.619139,8,"(np.int64(23728), np.int64(30640), np.int64(23728), np.int64(23728), np.int64(23728), np.int64(14227), np.int64(14227), np.int64(14227), np.int64(14227), np.int64(14227), np.int64(14227), np.int64(14227), np.int64(14227), np.int64(14227), np.int64(14227), np.int64(14227), np.int64(14227), np.int64(14227), np.int64(14227), np.int64(14227), np.int64(14227), np.int64(47683), np.int64(14227), np.int64(14227), np.int64(14227), np.int64(14227), np.int64(14227), np.int64(14227), np.int64(9341), np.int64(14227), np.int64(31825), np.int64(14227), np.int64(14227), np.int64(13964), np.int64(14227), np.int64(14227), np.int64(14227), np.int64(14227), np.int64(14227), np.int64(14227), np.int64(14227), np.int64(14227), np.int64(14227), np.int64(14227), np.int64(14227), np.int64(14227), np.int64(14227), np.int64(14227), np.int64(14227), np.int64(14227))","(1, 0, 1, 1, 1, 1, 1, 1, 1, 1, 1, 1, 1, 1, 1, 1, 1, 1, 1, 1, 1, 0, 1, 1, 1, 1, 1, 1, 1, 1, 0, 1, 1, 1, 1, 1, 1, 1, 1, 1, 1, 1, 1, 1, 1, 1, 1, 1, 1, 1)"
1.53408,50,404.189132,0,"(np.int64(14227), np.int64(14227), np.int64(14227), np.int64(14227), np.int64(14227), np.int64(14227), np.int64(14227), np.int64(14227), np.int64(14227), np.int64(14227), np.int64(14227), np.int64(14227), np.int64(14227), np.int64(14227), np.int64(14227), np.int64(27927), np.int64(25562), np.int64(25562), np.int64(25562), np.int64(25562), np.int64(16937), np.int64(25977), np.int64(3095), np.int64(3095), np.int64(3095), np.int64(16937), np.int64(16937), np.int64(16937), np.int64(16937), np.int64(16937), np.int64(16937), np.int64(16937), np.int64(27927), np.int64(16937), np.int64(16937), np.int64(27927), np.int64(16937), np.int64(27927), np.int64(16937), np.int64(27927), np.int64(27927), np.int64(27927), np.int64(27927), np.int64(27927), np.int64(27927), np.int64(27927), np.int64(27927), np.int64(27927), np.int64(27927), np.int64(27927))","(0, 0, 0, 0, 0, 0, 0, 0, 0, 0, 0, 0, 0, 0, 0, 1, 0, 0, 0, 0, 1, 0, 0, 0, 0, 1, 1, 1, 1, 1, 1, 1, 1, 1, 1, 1, 1, 1, 1, 1, 1, 1, 1, 1, 1, 1, 1, 1, 1, 1)"
1.795334,50,404.739332,3,"(np.int64(3095), np.int64(3095), np.int64(16937), np.int64(16937), np.int64(16937), np.int64(16937), np.int64(16937), np.int64(16937), np.int64(16937), np.int64(27927), np.int64(16937), np.int64(27927), np.int64(16937), np.int64(27927), np.int64(27927), np.int64(16937), np.int64(27927), np.int64(27927), np.int64(27927), np.int64(27927), np.int64(27927), np.int64(27927), np.int64(27927), np.int64(27927), np.int64(27927), np.int64(27927), np.int64(27927), np.int64(27927), np.int64(27927), np.int64(27927), np.int64(27927), np.int64(27927), np.int64(27927), np.int64(27927), np.int64(27927), np.int64(27927), np.int64(27927), np.int64(27927), np.int64(27927), np.int64(27927), np.int64(27927), np.int64(27927), np.int64(27927), np.int64(27927), np.int64(27927), np.int64(27927), np.int64(27927), np.int64(27927), np.int64(27927), np.int64(29168))","(1, 1, 1, 1, 1, 1, 1, 1, 1, 1, 1, 1, 1, 1, 1, 1, 1, 1, 1, 1, 1, 1, 1, 1, 1, 1, 1, 1, 1, 1, 1, 1, 1, 1, 1, 1, 1, 1, 1, 1, 1, 1, 1, 1, 1, 1, 1, 1, 1, 0)"
4.711169,50,405.285854,1,"(np.int64(3095), np.int64(3095), np.int64(3095), np.int64(25562), np.int64(3095), np.int64(25562), np.int64(3095), np.int64(25562), np.int64(16160), np.int64(16160), np.int64(16160), np.int64(16160), np.int64(16160), np.int64(16160), np.int64(16160), np.int64(16160), np.int64(16160), np.int64(16160), np.int64(16160), np.int64(16160), np.int64(16160), np.int64(8741), np.int64(16160), np.int64(16160), np.int64(8741), np.int64(19177), np.int64(16160), np.int64(16160), np.int64(8741), np.int64(16160), np.int64(8741), np.int64(16160), np.int64(37062), np.int64(16160), np.int64(37062), np.int64(16160), np.int64(37062), np.int64(16160), np.int64(37062), np.int64(16160), np.int64(37062), np.int64(16160), np.int64(37062), np.int64(16160), np.int64(37062), np.int64(37062), np.int64(16160), np.int64(37062), np.int64(37062), np.int64(7980))","(1, 1, 1, 1, 1, 1, 1, 1, 1, 1, 1, 1, 1, 1, 1, 1, 1, 1, 1, 1, 1, 1, 1, 1, 1, 1, 1, 1, 1, 1, 1, 1, 1, 1, 1, 1, 1, 1, 1, 1, 1, 1, 1, 1, 1, 1, 1, 1, 1, 1)"
3.194413,50,405.831279,4,"(np.int64(16160), np.int64(16160), np.int64(16160), np.int64(16160), np.int64(16160), np.int64(16160), np.int64(16160), np.int64(16160), np.int64(16160), np.int64(16160), np.int64(16160), np.int64(16160), np.int64(19573), np.int64(16160), np.int64(16160), np.int64(19573), np.int64(16160), np.int64(19573), np.int64(16160), np.int64(19573), np.int64(16160), np.int64(19573), np.int64(19573), np.int64(7705), np.int64(7705), np.int64(7705), np.int64(7705), np.int64(7705), np.int64(7705), np.int64(7705), np.int64(7705), np.int64(7705), np.int64(19573), np.int64(7705), np.int64(19573), np.int64(19573), np.int64(19573), np.int64(19573), np.int64(19573), np.int64(4353), np.int64(7705), np.int64(19573), np.int64(19573), np.int64(46780), np.int64(7705), np.int64(19573), np.int64(19573), np.int64(19573), np.int64(37062), np.int64(7705))","(1, 1, 1, 1, 1, 1, 1, 1, 1, 1, 1, 1, 1, 1, 1, 1, 1, 1, 1, 1, 1, 1, 1, 1, 1, 1, 1, 1, 1, 1, 1, 1, 1, 1, 1, 1, 1, 1, 1, 1, 1, 1, 1, 0, 1, 1, 1, 1, 1, 1)"
3.126884,50,406.407106,1,"(np.int64(7705), np.int64(7705), np.int64(7705), np.int64(7705), np.int64(7705), np.int64(7705), np.int64(7705), np.int64(7705), np.int64(7705), np.int64(7705), np.int64(7705), np.int64(7705), np.int64(7705), np.int64(42085), np.int64(7705), np.int64(7705), np.int64(16160), np.int64(7705), np.int64(7705), np.int64(37062), np.int64(7705), np.int64(44558), np.int64(7705), np.int64(37062), np.int64(16160), np.int64(16160), np.int64(16160), np.int64(16160), np.int64(7705), np.int64(41809), np.int64(7705), np.int64(37062), np.int64(7705), np.int64(37062), np.int64(7705), np.int64(37062), np.int64(7705), np.int64(37062), np.int64(7705), np.int64(37062), np.int64(7705), np.int64(37062), np.int64(7705), np.int64(37062), np.int64(37062), np.int64(7705), np.int64(37062), np.int64(37062), np.int64(7705), np.int64(37062))","(1, 1, 1, 1, 1, 1, 1, 1, 1, 1, 1, 1, 1, 1, 1, 1, 1, 1, 1, 1, 1, 0, 1, 1, 1, 1, 1, 1, 1, 1, 1, 1, 1, 1, 1, 1, 1, 1, 1, 1, 1, 1, 1, 1, 1, 1, 1, 1, 1, 1)"
