#{"t_start": 1745270662.639613, "env_id": "None"}
r,l,t,user_id,item_interact,item_clicks
17.507596,50,0.687219,1,"(np.int64(28026), np.int64(11921), np.int64(37311), np.int64(7301), np.int64(29853), np.int64(26202), np.int64(4321), np.int64(24591), np.int64(3921), np.int64(19968), np.int64(32360), np.int64(45593), np.int64(42500), np.int64(3221), np.int64(14379), np.int64(24451), np.int64(38464), np.int64(5705), np.int64(35067), np.int64(7518), np.int64(46955), np.int64(3072), np.int64(16086), np.int64(4383), np.int64(12468), np.int64(48295), np.int64(33784), np.int64(2672), np.int64(15371), np.int64(18803), np.int64(24786), np.int64(13013), np.int64(33237), np.int64(28062), np.int64(35119), np.int64(48176), np.int64(27442), np.int64(15861), np.int64(2962), np.int64(18337), np.int64(18413), np.int64(24185), np.int64(33392), np.int64(170), np.int64(39970), np.int64(5720), np.int64(42268), np.int64(32945), np.int64(31171), np.int64(442))","(1, 1, 0, 1, 0, 1, 1, 1, 1, 0, 0, 0, 0, 1, 1, 1, 0, 1, 0, 1, 0, 1, 1, 1, 1, 0, 0, 1, 1, 1, 0, 1, 0, 1, 0, 0, 0, 1, 1, 1, 1, 0, 0, 1, 0, 1, 0, 0, 0, 1)"
9.98149,44,1.164611,1,"(np.int64(21564), np.int64(35859), np.int64(27248), np.int64(7062), np.int64(41782), np.int64(25594), np.int64(43572), np.int64(4425), np.int64(35298), np.int64(13644), np.int64(35941), np.int64(2642), np.int64(19962), np.int64(48965), np.int64(9095), np.int64(7757), np.int64(10700), np.int64(29106), np.int64(15098), np.int64(13041), np.int64(5951), np.int64(14582), np.int64(15717), np.int64(40425), np.int64(39173), np.int64(37476), np.int64(22347), np.int64(21388), np.int64(30606), np.int64(3742), np.int64(27686), np.int64(34256), np.int64(47160), np.int64(22475), np.int64(29716), np.int64(43294), np.int64(17395), np.int64(32974), np.int64(6702), np.int64(31570), np.int64(24214), np.int64(45929), np.int64(20409), np.int64(187))","(1, 0, 1, 1, 0, 1, 0, 1, 0, 1, 0, 1, 0, 0, 1, 1, 1, 0, 1, 1, 1, 0, 0, 0, 0, 0, 0, 1, 0, 0, 0, 0, 0, 0, 0, 0, 0, 0, 1, 0, 0, 0, 1, 1)"
3.578591,12,1.305052,1,"(np.int64(28831), np.int64(24662), np.int64(17516), np.int64(19778), np.int64(576), np.int64(19958), np.int64(46423), np.int64(47178), np.int64(43708), np.int64(4265), np.int64(3263), np.int64(34484))","(1, 1, 0, 1, 1, 0, 0, 0, 0, 1, 1, 0)"
5.63155,35,1.685616,1,"(np.int64(25751), np.int64(5864), np.int64(48863), np.int64(29437), np.int64(21923), np.int64(25160), np.int64(15543), np.int64(40614), np.int64(18276), np.int64(47620), np.int64(21176), np.int64(30634), np.int64(29799), np.int64(46184), np.int64(43919), np.int64(12512), np.int64(14653), np.int64(49432), np.int64(44270), np.int64(46735), np.int64(32445), np.int64(27445), np.int64(43110), np.int64(35733), np.int64(10690), np.int64(5943), np.int64(8709), np.int64(44486), np.int64(31711), np.int64(33603), np.int64(4348), np.int64(40498), np.int64(2499), np.int64(35669), np.int64(11968))","(0, 1, 0, 0, 1, 0, 1, 0, 0, 0, 1, 0, 0, 0, 0, 1, 0, 0, 0, 0, 0, 0, 0, 0, 1, 1, 0, 0, 0, 0, 1, 0, 0, 0, 1)"
5.311855,15,1.852416,1,"(np.int64(13742), np.int64(31393), np.int64(33412), np.int64(48885), np.int64(15274), np.int64(27307), np.int64(25118), np.int64(19607), np.int64(6627), np.int64(16283), np.int64(690), np.int64(3273), np.int64(18272), np.int64(31501), np.int64(18312))","(0, 1, 0, 0, 1, 1, 1, 1, 1, 1, 1, 1, 0, 0, 0)"
9.796908,47,2.351262,1,"(np.int64(41758), np.int64(37821), np.int64(9077), np.int64(45843), np.int64(26737), np.int64(43159), np.int64(10121), np.int64(47506), np.int64(36424), np.int64(25761), np.int64(1814), np.int64(19888), np.int64(46579), np.int64(38810), np.int64(25997), np.int64(43602), np.int64(19646), np.int64(38314), np.int64(39444), np.int64(28734), np.int64(21979), np.int64(46516), np.int64(15245), np.int64(40768), np.int64(39682), np.int64(36443), np.int64(45325), np.int64(23923), np.int64(20610), np.int64(49719), np.int64(33486), np.int64(10702), np.int64(44187), np.int64(46242), np.int64(7710), np.int64(12601), np.int64(4780), np.int64(43668), np.int64(48391), np.int64(10054), np.int64(40850), np.int64(14700), np.int64(48936), np.int64(33579), np.int64(21580), np.int64(2899), np.int64(23298))","(0, 0, 1, 0, 0, 0, 1, 0, 0, 0, 1, 0, 0, 0, 0, 0, 1, 0, 0, 1, 1, 0, 1, 0, 0, 0, 0, 1, 0, 0, 0, 1, 0, 0, 1, 1, 1, 0, 0, 1, 0, 1, 0, 0, 1, 1, 0)"
12.025012,50,2.885314,1,"(np.int64(26722), np.int64(5794), np.int64(28693), np.int64(22613), np.int64(22609), np.int64(3711), np.int64(49262), np.int64(26309), np.int64(15203), np.int64(26930), np.int64(39873), np.int64(21649), np.int64(28769), np.int64(33357), np.int64(27100), np.int64(47596), np.int64(38527), np.int64(27833), np.int64(42110), np.int64(37002), np.int64(15002), np.int64(571), np.int64(4081), np.int64(35633), np.int64(3771), np.int64(18783), np.int64(29225), np.int64(44068), np.int64(41183), np.int64(44330), np.int64(14538), np.int64(43008), np.int64(42112), np.int64(25670), np.int64(45612), np.int64(1324), np.int64(44753), np.int64(35006), np.int64(33010), np.int64(49557), np.int64(15350), np.int64(49401), np.int64(7024), np.int64(45644), np.int64(14326), np.int64(39110), np.int64(16193), np.int64(40189), np.int64(12089), np.int64(28548))","(0, 1, 1, 0, 0, 1, 0, 0, 1, 1, 0, 0, 1, 0, 1, 0, 0, 0, 0, 0, 1, 1, 1, 0, 1, 0, 1, 0, 0, 0, 1, 0, 0, 0, 0, 1, 0, 0, 0, 0, 1, 0, 1, 0, 1, 0, 1, 0, 1, 0)"
12.031401,50,3.42265,1,"(np.int64(24743), np.int64(30638), np.int64(49421), np.int64(44707), np.int64(10037), np.int64(40907), np.int64(10952), np.int64(5648), np.int64(35606), np.int64(27585), np.int64(40159), np.int64(29436), np.int64(6914), np.int64(14688), np.int64(9994), np.int64(40805), np.int64(19550), np.int64(41637), np.int64(8785), np.int64(38136), np.int64(14796), np.int64(46473), np.int64(46151), np.int64(4315), np.int64(20305), np.int64(16315), np.int64(21603), np.int64(39401), np.int64(24487), np.int64(39716), np.int64(44889), np.int64(689), np.int64(10131), np.int64(34907), np.int64(26596), np.int64(26457), np.int64(38985), np.int64(41221), np.int64(16961), np.int64(8600), np.int64(43677), np.int64(34672), np.int64(15638), np.int64(35346), np.int64(5655), np.int64(6433), np.int64(26920), np.int64(31992), np.int64(30171), np.int64(34528))","(1, 0, 0, 0, 1, 0, 1, 1, 0, 0, 0, 0, 1, 1, 1, 0, 1, 0, 1, 0, 1, 0, 0, 1, 1, 1, 0, 0, 1, 0, 0, 1, 1, 0, 0, 0, 0, 0, 1, 1, 0, 0, 1, 0, 1, 0, 0, 0, 0, 0)"
4.886381,30,3.745152,1,"(np.int64(28372), np.int64(28297), np.int64(20096), np.int64(35488), np.int64(44443), np.int64(7918), np.int64(42498), np.int64(45543), np.int64(48205), np.int64(25091), np.int64(29564), np.int64(48335), np.int64(12417), np.int64(39530), np.int64(13606), np.int64(32988), np.int64(29228), np.int64(26655), np.int64(25054), np.int64(22643), np.int64(22486), np.int64(16164), np.int64(37743), np.int64(44555), np.int64(17261), np.int64(45378), np.int64(21269), np.int64(19568), np.int64(1389), np.int64(25866))","(0, 0, 0, 0, 0, 0, 0, 0, 0, 0, 0, 0, 1, 0, 0, 0, 1, 1, 1, 0, 0, 1, 0, 0, 0, 0, 1, 1, 1, 0)"
12.888369,50,4.278197,1,"(np.int64(19901), np.int64(25166), np.int64(36700), np.int64(36456), np.int64(10206), np.int64(48534), np.int64(37621), np.int64(48578), np.int64(46580), np.int64(21292), np.int64(35124), np.int64(1105), np.int64(23730), np.int64(12495), np.int64(39054), np.int64(35609), np.int64(24868), np.int64(19313), np.int64(12536), np.int64(48216), np.int64(9376), np.int64(6794), np.int64(30609), np.int64(1282), np.int64(16264), np.int64(49252), np.int64(11926), np.int64(30048), np.int64(3199), np.int64(32688), np.int64(37395), np.int64(6207), np.int64(30316), np.int64(10172), np.int64(21398), np.int64(26084), np.int64(43025), np.int64(18470), np.int64(10684), np.int64(25943), np.int64(38564), np.int64(13100), np.int64(29178), np.int64(46820), np.int64(33690), np.int64(9420), np.int64(12095), np.int64(21620), np.int64(28065), np.int64(24525))","(0, 0, 0, 0, 1, 0, 0, 0, 0, 1, 0, 0, 0, 1, 0, 0, 0, 1, 1, 0, 1, 1, 0, 1, 1, 0, 1, 0, 1, 0, 0, 1, 0, 1, 1, 1, 0, 0, 1, 0, 0, 1, 0, 0, 0, 1, 1, 1, 0, 0)"
11.270776,44,4.753902,1,"(np.int64(40249), np.int64(31027), np.int64(24888), np.int64(32260), np.int64(41925), np.int64(42234), np.int64(16360), np.int64(35308), np.int64(34647), np.int64(42463), np.int64(5088), np.int64(3071), np.int64(587), np.int64(4545), np.int64(8152), np.int64(12260), np.int64(31880), np.int64(42454), np.int64(29319), np.int64(6905), np.int64(34256), np.int64(35457), np.int64(19442), np.int64(49830), np.int64(12500), np.int64(10450), np.int64(17060), np.int64(1704), np.int64(17438), np.int64(3732), np.int64(9156), np.int64(32052), np.int64(48130), np.int64(37681), np.int64(26450), np.int64(43034), np.int64(13993), np.int64(42671), np.int64(16463), np.int64(40937), np.int64(37342), np.int64(47014), np.int64(16230), np.int64(27585))","(0, 0, 0, 0, 0, 0, 1, 0, 0, 0, 1, 1, 1, 1, 1, 1, 0, 0, 1, 1, 0, 0, 1, 0, 1, 1, 0, 1, 0, 1, 1, 0, 0, 0, 1, 0, 1, 0, 0, 0, 0, 0, 1, 0)"
11.176267,38,5.168505,1,"(np.int64(3374), np.int64(15217), np.int64(17713), np.int64(9661), np.int64(38774), np.int64(26543), np.int64(2557), np.int64(8855), np.int64(46641), np.int64(44618), np.int64(1934), np.int64(30850), np.int64(16644), np.int64(761), np.int64(23621), np.int64(24119), np.int64(43459), np.int64(46454), np.int64(7530), np.int64(44119), np.int64(12088), np.int64(26896), np.int64(47702), np.int64(13830), np.int64(45973), np.int64(30207), np.int64(16742), np.int64(4491), np.int64(10537), np.int64(22862), np.int64(29931), np.int64(6949), np.int64(35341), np.int64(30980), np.int64(27937), np.int64(35390), np.int64(13299), np.int64(47090))","(1, 1, 0, 1, 0, 0, 1, 1, 0, 0, 1, 0, 1, 1, 1, 0, 0, 0, 1, 0, 1, 0, 0, 1, 0, 0, 1, 1, 1, 0, 0, 1, 0, 0, 0, 0, 1, 1)"
8.373155,50,5.71128,1,"(np.int64(5483), np.int64(38695), np.int64(31523), np.int64(22950), np.int64(44847), np.int64(35336), np.int64(42991), np.int64(25743), np.int64(20212), np.int64(33064), np.int64(3132), np.int64(16906), np.int64(42770), np.int64(36696), np.int64(34999), np.int64(40815), np.int64(30753), np.int64(4026), np.int64(19868), np.int64(14396), np.int64(27920), np.int64(48765), np.int64(34731), np.int64(49056), np.int64(28137), np.int64(39782), np.int64(28755), np.int64(47316), np.int64(37280), np.int64(46814), np.int64(10822), np.int64(18455), np.int64(18131), np.int64(18085), np.int64(38633), np.int64(37683), np.int64(3042), np.int64(30521), np.int64(48158), np.int64(25675), np.int64(16906), np.int64(18776), np.int64(28380), np.int64(35401), np.int64(22801), np.int64(6129), np.int64(9012), np.int64(19122), np.int64(21843), np.int64(23517))","(0, 0, 0, 0, 0, 0, 0, 1, 1, 0, 1, 1, 0, 0, 0, 0, 0, 1, 0, 1, 0, 0, 0, 0, 0, 0, 1, 0, 0, 0, 1, 0, 0, 0, 0, 0, 1, 0, 0, 0, 1, 0, 0, 0, 0, 1, 1, 1, 1, 1)"
10.41249,50,6.24631,1,"(np.int64(10289), np.int64(35677), np.int64(33232), np.int64(39581), np.int64(2898), np.int64(38308), np.int64(13011), np.int64(41703), np.int64(39322), np.int64(35530), np.int64(30861), np.int64(18157), np.int64(44623), np.int64(35859), np.int64(15230), np.int64(12061), np.int64(16224), np.int64(3160), np.int64(45242), np.int64(48521), np.int64(26112), np.int64(25949), np.int64(34471), np.int64(18766), np.int64(45960), np.int64(32558), np.int64(36979), np.int64(28980), np.int64(10220), np.int64(9801), np.int64(35806), np.int64(47003), np.int64(12637), np.int64(48881), np.int64(39765), np.int64(36433), np.int64(14742), np.int64(1189), np.int64(12600), np.int64(2439), np.int64(32336), np.int64(23828), np.int64(5824), np.int64(9067), np.int64(30237), np.int64(21899), np.int64(45501), np.int64(74), np.int64(27268), np.int64(12728))","(1, 0, 0, 0, 1, 0, 1, 0, 0, 0, 0, 0, 0, 0, 1, 0, 1, 0, 0, 0, 1, 0, 0, 0, 0, 0, 0, 0, 1, 1, 0, 0, 1, 0, 0, 0, 1, 1, 1, 0, 0, 0, 1, 1, 0, 1, 0, 1, 0, 1)"
7.52921,24,6.509872,1,"(np.int64(17235), np.int64(25218), np.int64(13620), np.int64(36806), np.int64(8479), np.int64(8497), np.int64(18611), np.int64(38067), np.int64(25834), np.int64(19166), np.int64(30390), np.int64(29053), np.int64(5141), np.int64(41090), np.int64(10482), np.int64(22522), np.int64(41358), np.int64(44997), np.int64(34054), np.int64(48037), np.int64(1226), np.int64(15408), np.int64(5831), np.int64(10569))","(0, 1, 1, 0, 1, 1, 0, 0, 0, 1, 0, 1, 1, 0, 1, 0, 0, 0, 0, 0, 1, 1, 1, 1)"
15.625246,50,7.065424,1,"(np.int64(3094), np.int64(29118), np.int64(21618), np.int64(31577), np.int64(34036), np.int64(17512), np.int64(787), np.int64(18765), np.int64(11487), np.int64(45513), np.int64(24547), np.int64(27815), np.int64(25338), np.int64(12732), np.int64(32572), np.int64(25276), np.int64(29163), np.int64(15542), np.int64(1378), np.int64(5998), np.int64(37407), np.int64(28677), np.int64(19048), np.int64(36401), np.int64(26774), np.int64(7517), np.int64(43946), np.int64(14296), np.int64(14782), np.int64(2930), np.int64(36795), np.int64(21223), np.int64(6115), np.int64(11923), np.int64(24630), np.int64(28969), np.int64(34329), np.int64(18542), np.int64(23503), np.int64(42032), np.int64(23591), np.int64(46207), np.int64(13684), np.int64(40601), np.int64(9219), np.int64(5731), np.int64(37958), np.int64(26111), np.int64(16057), np.int64(36374))","(1, 1, 0, 0, 0, 0, 1, 0, 1, 0, 1, 0, 0, 1, 0, 1, 0, 1, 1, 1, 0, 1, 1, 0, 0, 1, 0, 1, 1, 1, 0, 1, 1, 1, 0, 1, 0, 0, 1, 0, 0, 0, 0, 0, 1, 1, 0, 1, 1, 0)"
11.781909,39,7.492142,1,"(np.int64(22863), np.int64(31665), np.int64(43090), np.int64(44788), np.int64(16863), np.int64(12855), np.int64(12603), np.int64(25843), np.int64(7401), np.int64(35426), np.int64(10807), np.int64(30422), np.int64(6920), np.int64(32478), np.int64(48057), np.int64(33963), np.int64(26927), np.int64(9563), np.int64(23633), np.int64(26188), np.int64(4106), np.int64(45870), np.int64(10844), np.int64(13961), np.int64(42128), np.int64(9064), np.int64(32072), np.int64(38141), np.int64(9584), np.int64(690), np.int64(23922), np.int64(39388), np.int64(22928), np.int64(39888), np.int64(18108), np.int64(11624), np.int64(38188), np.int64(1263), np.int64(14438))","(0, 0, 0, 0, 1, 1, 1, 0, 1, 0, 1, 0, 1, 0, 0, 0, 0, 1, 1, 1, 1, 0, 1, 1, 0, 1, 0, 0, 1, 1, 1, 0, 0, 0, 0, 1, 0, 1, 1)"
8.398716,35,7.869152,1,"(np.int64(16410), np.int64(37366), np.int64(19638), np.int64(15617), np.int64(4278), np.int64(34746), np.int64(9232), np.int64(30047), np.int64(11547), np.int64(35243), np.int64(11359), np.int64(20041), np.int64(8338), np.int64(18401), np.int64(30595), np.int64(43181), np.int64(27248), np.int64(31779), np.int64(28926), np.int64(41210), np.int64(29497), np.int64(34320), np.int64(38103), np.int64(33499), np.int64(21442), np.int64(35566), np.int64(13694), np.int64(27176), np.int64(13866), np.int64(45372), np.int64(16030), np.int64(2706), np.int64(40223), np.int64(16971), np.int64(32481))","(0, 0, 1, 1, 1, 0, 1, 0, 1, 0, 0, 1, 1, 0, 0, 0, 1, 0, 1, 0, 0, 0, 0, 0, 1, 0, 0, 1, 1, 0, 1, 1, 0, 1, 0)"
7.722173,24,8.132978,1,"(np.int64(803), np.int64(3550), np.int64(2011), np.int64(46561), np.int64(32656), np.int64(29198), np.int64(44537), np.int64(42854), np.int64(13270), np.int64(22575), np.int64(45337), np.int64(9499), np.int64(22340), np.int64(42941), np.int64(35237), np.int64(5849), np.int64(19648), np.int64(15288), np.int64(27088), np.int64(12739), np.int64(19983), np.int64(30911), np.int64(7822), np.int64(49239))","(1, 1, 1, 0, 0, 1, 0, 0, 1, 0, 0, 1, 0, 0, 0, 1, 1, 1, 1, 1, 0, 0, 1, 0)"
4.861568,19,8.342417,1,"(np.int64(7574), np.int64(6468), np.int64(10153), np.int64(40324), np.int64(24652), np.int64(17989), np.int64(24567), np.int64(12476), np.int64(38664), np.int64(48004), np.int64(42441), np.int64(2825), np.int64(47717), np.int64(24094), np.int64(15987), np.int64(42736), np.int64(32941), np.int64(48623), np.int64(26866))","(1, 1, 1, 0, 0, 0, 1, 1, 0, 0, 0, 1, 0, 1, 1, 0, 0, 0, 0)"
14.608783,50,8.875722,1,"(np.int64(13437), np.int64(36732), np.int64(20558), np.int64(36830), np.int64(36280), np.int64(38160), np.int64(14961), np.int64(25610), np.int64(30633), np.int64(19525), np.int64(18131), np.int64(40436), np.int64(31660), np.int64(22041), np.int64(20380), np.int64(16271), np.int64(20636), np.int64(46760), np.int64(1781), np.int64(21694), np.int64(40424), np.int64(7713), np.int64(19828), np.int64(29703), np.int64(10656), np.int64(48581), np.int64(12470), np.int64(25), np.int64(23938), np.int64(17440), np.int64(33163), np.int64(45375), np.int64(8044), np.int64(676), np.int64(34806), np.int64(45372), np.int64(11556), np.int64(32677), np.int64(23692), np.int64(42009), np.int64(3569), np.int64(676), np.int64(17862), np.int64(21162), np.int64(4381), np.int64(32226), np.int64(22201), np.int64(1144), np.int64(7964), np.int64(11016))","(1, 0, 1, 0, 0, 0, 0, 0, 0, 1, 0, 0, 0, 1, 0, 1, 1, 0, 1, 1, 0, 1, 1, 0, 1, 0, 1, 1, 1, 0, 0, 0, 1, 1, 0, 0, 1, 0, 0, 0, 1, 1, 0, 1, 1, 0, 1, 1, 1, 1)"
12.657931,50,9.414697,1,"(np.int64(7215), np.int64(17082), np.int64(46480), np.int64(2423), np.int64(1894), np.int64(31872), np.int64(23144), np.int64(27318), np.int64(18538), np.int64(21883), np.int64(9130), np.int64(1657), np.int64(26000), np.int64(30873), np.int64(28662), np.int64(43538), np.int64(13361), np.int64(17909), np.int64(394), np.int64(4919), np.int64(10267), np.int64(1172), np.int64(15955), np.int64(36367), np.int64(27434), np.int64(26581), np.int64(29709), np.int64(16763), np.int64(43936), np.int64(31911), np.int64(25640), np.int64(25917), np.int64(186), np.int64(18078), np.int64(47295), np.int64(43648), np.int64(30340), np.int64(19767), np.int64(3993), np.int64(13762), np.int64(12057), np.int64(42184), np.int64(32362), np.int64(10307), np.int64(14347), np.int64(48761), np.int64(21780), np.int64(48010), np.int64(43374), np.int64(6342))","(1, 1, 0, 0, 1, 0, 0, 1, 0, 1, 1, 1, 0, 0, 1, 0, 0, 0, 1, 1, 1, 1, 1, 0, 0, 0, 0, 1, 0, 0, 0, 0, 1, 1, 0, 0, 0, 1, 1, 0, 0, 0, 0, 1, 1, 0, 0, 0, 0, 0)"
5.684322,24,9.670562,1,"(np.int64(29666), np.int64(14915), np.int64(21780), np.int64(46900), np.int64(42139), np.int64(9065), np.int64(40801), np.int64(40415), np.int64(6855), np.int64(46828), np.int64(15281), np.int64(20507), np.int64(9113), np.int64(34124), np.int64(16184), np.int64(16396), np.int64(6985), np.int64(14981), np.int64(9912), np.int64(42233), np.int64(762), np.int64(31528), np.int64(4436), np.int64(37232))","(0, 0, 0, 0, 0, 1, 0, 0, 1, 0, 1, 0, 1, 0, 1, 0, 1, 1, 0, 0, 1, 0, 1, 0)"
10.826097,38,10.084279,1,"(np.int64(49923), np.int64(44023), np.int64(24219), np.int64(24923), np.int64(24284), np.int64(21739), np.int64(39489), np.int64(46244), np.int64(31429), np.int64(16941), np.int64(47400), np.int64(8878), np.int64(31810), np.int64(20215), np.int64(42646), np.int64(46175), np.int64(49604), np.int64(49493), np.int64(2421), np.int64(35981), np.int64(37229), np.int64(1630), np.int64(14388), np.int64(13329), np.int64(41790), np.int64(23783), np.int64(44022), np.int64(28620), np.int64(21522), np.int64(24978), np.int64(48883), np.int64(39784), np.int64(3845), np.int64(525), np.int64(15036), np.int64(16874), np.int64(10417), np.int64(28957))","(0, 0, 0, 1, 0, 1, 0, 0, 1, 1, 0, 1, 0, 1, 0, 0, 0, 1, 0, 0, 0, 1, 1, 1, 0, 1, 0, 1, 1, 0, 0, 0, 1, 1, 0, 1, 1, 1)"
6.478634,14,10.24451,1,"(np.int64(25996), np.int64(1079), np.int64(4313), np.int64(5660), np.int64(31473), np.int64(23907), np.int64(5959), np.int64(5827), np.int64(3632), np.int64(35631), np.int64(10263), np.int64(6486), np.int64(41592), np.int64(43303))","(0, 1, 1, 1, 1, 1, 1, 1, 1, 0, 1, 1, 0, 0)"
9.588028,50,10.780869,1,"(np.int64(43224), np.int64(30349), np.int64(11476), np.int64(4609), np.int64(7583), np.int64(10504), np.int64(36702), np.int64(26757), np.int64(19987), np.int64(20692), np.int64(2192), np.int64(27186), np.int64(29511), np.int64(33335), np.int64(23704), np.int64(18404), np.int64(49040), np.int64(48744), np.int64(30787), np.int64(366), np.int64(33509), np.int64(23481), np.int64(37133), np.int64(31664), np.int64(9308), np.int64(32282), np.int64(34512), np.int64(9372), np.int64(31684), np.int64(49028), np.int64(26887), np.int64(32347), np.int64(23847), np.int64(44731), np.int64(30305), np.int64(22868), np.int64(39486), np.int64(8282), np.int64(40204), np.int64(5000), np.int64(30402), np.int64(27304), np.int64(30638), np.int64(20512), np.int64(48466), np.int64(8426), np.int64(37747), np.int64(7695), np.int64(39494), np.int64(8841))","(0, 0, 1, 0, 0, 1, 0, 0, 1, 1, 1, 0, 0, 0, 0, 0, 0, 0, 0, 1, 0, 1, 0, 0, 1, 0, 0, 1, 0, 0, 0, 0, 0, 0, 0, 0, 0, 1, 0, 1, 0, 1, 0, 0, 0, 1, 0, 1, 0, 1)"
5.91656,32,11.122259,1,"(np.int64(40669), np.int64(35423), np.int64(19447), np.int64(8001), np.int64(33205), np.int64(39606), np.int64(33630), np.int64(7343), np.int64(47613), np.int64(17572), np.int64(30999), np.int64(44696), np.int64(29737), np.int64(25815), np.int64(1269), np.int64(29244), np.int64(32563), np.int64(38086), np.int64(26879), np.int64(49879), np.int64(49657), np.int64(41272), np.int64(5629), np.int64(42741), np.int64(49413), np.int64(38655), np.int64(26508), np.int64(15237), np.int64(45060), np.int64(28699), np.int64(22161), np.int64(13568))","(0, 0, 0, 1, 0, 0, 0, 1, 0, 0, 0, 0, 0, 0, 1, 1, 0, 0, 0, 0, 0, 0, 1, 0, 0, 0, 1, 1, 0, 1, 1, 1)"
3.853614,15,11.288818,1,"(np.int64(7753), np.int64(4901), np.int64(47587), np.int64(32921), np.int64(17279), np.int64(26110), np.int64(5212), np.int64(441), np.int64(17604), np.int64(15669), np.int64(42439), np.int64(35775), np.int64(34153), np.int64(42646), np.int64(21083))","(1, 1, 0, 0, 0, 1, 1, 1, 0, 1, 0, 0, 0, 0, 0)"
11.411271,49,11.820927,1,"(np.int64(31556), np.int64(2638), np.int64(36704), np.int64(22402), np.int64(42445), np.int64(32689), np.int64(31931), np.int64(14763), np.int64(11071), np.int64(34239), np.int64(38656), np.int64(38998), np.int64(18442), np.int64(37107), np.int64(45767), np.int64(25838), np.int64(49942), np.int64(7199), np.int64(9611), np.int64(19787), np.int64(26546), np.int64(49139), np.int64(20504), np.int64(402), np.int64(38468), np.int64(5675), np.int64(16286), np.int64(16201), np.int64(1005), np.int64(5237), np.int64(31177), np.int64(30837), np.int64(21914), np.int64(47260), np.int64(49180), np.int64(47012), np.int64(43866), np.int64(43455), np.int64(26474), np.int64(31302), np.int64(2871), np.int64(43110), np.int64(49927), np.int64(11099), np.int64(29287), np.int64(14497), np.int64(41220), np.int64(28862), np.int64(13850))","(0, 1, 0, 0, 0, 0, 0, 1, 1, 0, 0, 0, 0, 0, 0, 0, 0, 1, 1, 1, 0, 0, 0, 1, 0, 1, 1, 1, 1, 1, 0, 0, 0, 0, 0, 0, 0, 0, 0, 1, 1, 0, 0, 1, 0, 1, 0, 1, 1)"
3.941785,12,11.955014,1,"(np.int64(42288), np.int64(19359), np.int64(27135), np.int64(30597), np.int64(1307), np.int64(35262), np.int64(29514), np.int64(25840), np.int64(3712), np.int64(18282), np.int64(17096), np.int64(11196))","(0, 1, 0, 0, 1, 0, 0, 0, 1, 1, 1, 1)"
10.796295,41,12.404175,1,"(np.int64(18297), np.int64(25043), np.int64(34712), np.int64(25855), np.int64(4391), np.int64(37774), np.int64(32788), np.int64(6323), np.int64(32537), np.int64(2294), np.int64(19260), np.int64(47206), np.int64(22676), np.int64(4744), np.int64(43436), np.int64(3013), np.int64(28971), np.int64(46140), np.int64(14633), np.int64(1158), np.int64(9996), np.int64(1518), np.int64(6648), np.int64(1772), np.int64(32576), np.int64(39065), np.int64(43448), np.int64(9862), np.int64(3809), np.int64(45629), np.int64(37035), np.int64(49292), np.int64(47896), np.int64(38307), np.int64(21328), np.int64(6079), np.int64(27164), np.int64(13200), np.int64(36105), np.int64(37021), np.int64(46544))","(0, 1, 0, 0, 1, 0, 0, 1, 0, 0, 0, 0, 0, 1, 0, 1, 1, 0, 1, 0, 1, 1, 1, 1, 0, 0, 0, 1, 1, 0, 0, 0, 0, 0, 1, 1, 1, 1, 0, 0, 0)"
3.125445,14,12.554274,1,"(np.int64(36514), np.int64(40049), np.int64(5372), np.int64(40593), np.int64(17461), np.int64(31711), np.int64(44728), np.int64(4288), np.int64(40519), np.int64(24836), np.int64(9043), np.int64(7162), np.int64(14383), np.int64(40341))","(0, 0, 1, 0, 0, 0, 0, 1, 0, 0, 1, 1, 1, 0)"
6.600753,30,12.879527,1,"(np.int64(9543), np.int64(26033), np.int64(35494), np.int64(18472), np.int64(36144), np.int64(20594), np.int64(35135), np.int64(2516), np.int64(26438), np.int64(47614), np.int64(44572), np.int64(26194), np.int64(2558), np.int64(41546), np.int64(38109), np.int64(37411), np.int64(13525), np.int64(37822), np.int64(35443), np.int64(40395), np.int64(22116), np.int64(31538), np.int64(19459), np.int64(8973), np.int64(29220), np.int64(41672), np.int64(39664), np.int64(21082), np.int64(9837), np.int64(47948))","(1, 0, 0, 0, 0, 1, 0, 1, 0, 0, 0, 1, 1, 0, 0, 0, 1, 0, 0, 0, 0, 0, 1, 1, 1, 0, 0, 1, 1, 0)"
4.383306,22,13.124936,1,"(np.int64(34707), np.int64(31854), np.int64(39506), np.int64(20864), np.int64(8123), np.int64(27008), np.int64(1534), np.int64(46953), np.int64(16034), np.int64(36283), np.int64(31626), np.int64(40688), np.int64(9698), np.int64(47204), np.int64(1194), np.int64(8707), np.int64(38955), np.int64(6703), np.int64(1413), np.int64(45011), np.int64(35898), np.int64(48791))","(0, 0, 0, 1, 1, 0, 1, 0, 1, 0, 0, 0, 1, 0, 1, 0, 0, 1, 0, 0, 0, 0)"
4.338505,12,13.256726,1,"(np.int64(2866), np.int64(27876), np.int64(48842), np.int64(40745), np.int64(22729), np.int64(27969), np.int64(43952), np.int64(39319), np.int64(10249), np.int64(7849), np.int64(229), np.int64(27246))","(1, 1, 0, 0, 0, 1, 0, 0, 1, 1, 1, 1)"
12.785346,50,13.794912,1,"(np.int64(23633), np.int64(6063), np.int64(21265), np.int64(8634), np.int64(33379), np.int64(36631), np.int64(16618), np.int64(12936), np.int64(13793), np.int64(37079), np.int64(48080), np.int64(33565), np.int64(32680), np.int64(34552), np.int64(5709), np.int64(29951), np.int64(12378), np.int64(47575), np.int64(32899), np.int64(3501), np.int64(39710), np.int64(10062), np.int64(12539), np.int64(41000), np.int64(3473), np.int64(12397), np.int64(8785), np.int64(23580), np.int64(19718), np.int64(20016), np.int64(25172), np.int64(33082), np.int64(32312), np.int64(37986), np.int64(5189), np.int64(6120), np.int64(18600), np.int64(256), np.int64(3415), np.int64(26290), np.int64(33633), np.int64(7472), np.int64(43803), np.int64(40838), np.int64(11059), np.int64(30051), np.int64(30859), np.int64(22153), np.int64(35537), np.int64(35630))","(1, 1, 1, 1, 0, 0, 1, 1, 0, 0, 0, 0, 0, 0, 1, 0, 0, 0, 0, 1, 0, 1, 1, 0, 1, 1, 1, 0, 1, 0, 1, 0, 0, 0, 1, 1, 0, 1, 1, 0, 0, 1, 0, 0, 0, 0, 0, 1, 0, 0)"
3.047577,12,13.93491,1,"(np.int64(49716), np.int64(10593), np.int64(6214), np.int64(7739), np.int64(49777), np.int64(29458), np.int64(23025), np.int64(24848), np.int64(3259), np.int64(47513), np.int64(19670), np.int64(37209))","(0, 1, 1, 1, 0, 0, 0, 0, 1, 0, 1, 0)"
5.127888,34,14.292967,1,"(np.int64(28564), np.int64(31019), np.int64(17419), np.int64(40837), np.int64(1568), np.int64(1290), np.int64(39195), np.int64(26039), np.int64(37790), np.int64(2875), np.int64(16371), np.int64(34267), np.int64(6813), np.int64(37918), np.int64(44443), np.int64(38926), np.int64(45346), np.int64(21025), np.int64(49822), np.int64(32386), np.int64(18774), np.int64(35414), np.int64(48278), np.int64(44215), np.int64(33030), np.int64(44350), np.int64(25), np.int64(35517), np.int64(7042), np.int64(41928), np.int64(36628), np.int64(28224), np.int64(19621), np.int64(49844))","(0, 0, 0, 0, 1, 1, 0, 0, 0, 1, 1, 0, 1, 0, 0, 0, 0, 0, 0, 0, 0, 0, 0, 0, 0, 0, 1, 0, 1, 0, 0, 0, 1, 0)"
5.090613,24,14.555287,1,"(np.int64(23881), np.int64(38078), np.int64(28117), np.int64(19000), np.int64(17818), np.int64(28381), np.int64(40420), np.int64(34195), np.int64(40776), np.int64(2037), np.int64(8256), np.int64(32576), np.int64(41293), np.int64(35030), np.int64(31319), np.int64(46298), np.int64(13551), np.int64(35400), np.int64(21944), np.int64(4894), np.int64(44560), np.int64(23749), np.int64(31418), np.int64(6000))","(0, 0, 0, 0, 0, 0, 0, 0, 0, 1, 1, 0, 0, 0, 1, 0, 1, 0, 0, 1, 0, 1, 1, 1)"
2.944101,16,14.728313,1,"(np.int64(48802), np.int64(28575), np.int64(13704), np.int64(32700), np.int64(45177), np.int64(6457), np.int64(18020), np.int64(5687), np.int64(48022), np.int64(30246), np.int64(9421), np.int64(24852), np.int64(25231), np.int64(48535), np.int64(19472), np.int64(13251))","(0, 0, 0, 0, 0, 1, 0, 1, 0, 0, 1, 0, 1, 0, 0, 1)"
10.987827,48,15.246048,1,"(np.int64(27270), np.int64(9581), np.int64(40244), np.int64(43852), np.int64(9650), np.int64(42605), np.int64(49183), np.int64(33477), np.int64(47262), np.int64(32428), np.int64(40063), np.int64(12860), np.int64(9845), np.int64(32542), np.int64(28110), np.int64(24548), np.int64(767), np.int64(50026), np.int64(12888), np.int64(20085), np.int64(37665), np.int64(47299), np.int64(19049), np.int64(39312), np.int64(48232), np.int64(8607), np.int64(38472), np.int64(48698), np.int64(2500), np.int64(12178), np.int64(9902), np.int64(18914), np.int64(33833), np.int64(47256), np.int64(23731), np.int64(8763), np.int64(12201), np.int64(34839), np.int64(26433), np.int64(29179), np.int64(7013), np.int64(25328), np.int64(27826), np.int64(38286), np.int64(19348), np.int64(32139), np.int64(27472), np.int64(31169))","(1, 1, 0, 0, 1, 0, 0, 0, 0, 0, 0, 1, 1, 0, 0, 0, 1, 0, 0, 1, 0, 0, 1, 0, 0, 1, 0, 0, 0, 1, 1, 1, 0, 0, 1, 1, 1, 0, 0, 1, 1, 1, 0, 0, 0, 0, 0, 0)"
16.025144,50,15.782221,1,"(np.int64(28770), np.int64(8095), np.int64(1496), np.int64(19725), np.int64(113), np.int64(46586), np.int64(13047), np.int64(15819), np.int64(36035), np.int64(25727), np.int64(42126), np.int64(961), np.int64(17454), np.int64(12819), np.int64(43346), np.int64(31136), np.int64(37770), np.int64(11377), np.int64(23021), np.int64(4173), np.int64(27310), np.int64(7173), np.int64(33044), np.int64(16546), np.int64(23587), np.int64(39113), np.int64(45063), np.int64(39992), np.int64(49155), np.int64(2869), np.int64(27148), np.int64(32995), np.int64(40061), np.int64(14793), np.int64(16907), np.int64(5171), np.int64(25195), np.int64(33370), np.int64(1625), np.int64(12803), np.int64(35011), np.int64(5021), np.int64(9929), np.int64(17040), np.int64(5913), np.int64(5862), np.int64(32563), np.int64(44053), np.int64(12695), np.int64(19444))","(1, 1, 1, 1, 1, 0, 1, 1, 0, 1, 0, 1, 0, 1, 0, 0, 0, 0, 0, 1, 1, 1, 0, 1, 1, 0, 0, 0, 0, 1, 1, 0, 0, 1, 1, 1, 0, 0, 1, 1, 0, 1, 0, 1, 1, 1, 0, 0, 0, 1)"
8.738525,33,16.142985,1,"(np.int64(25931), np.int64(27754), np.int64(26126), np.int64(20377), np.int64(18796), np.int64(48421), np.int64(22337), np.int64(11053), np.int64(1620), np.int64(41417), np.int64(3465), np.int64(35860), np.int64(41852), np.int64(18309), np.int64(44247), np.int64(37887), np.int64(31724), np.int64(35477), np.int64(12615), np.int64(8237), np.int64(34612), np.int64(25727), np.int64(1220), np.int64(2036), np.int64(47853), np.int64(1368), np.int64(22097), np.int64(28428), np.int64(14536), np.int64(1472), np.int64(20284), np.int64(28366), np.int64(28484))","(0, 0, 1, 0, 0, 0, 0, 1, 1, 0, 1, 0, 0, 0, 0, 0, 0, 0, 1, 1, 0, 1, 1, 1, 0, 1, 1, 0, 1, 1, 1, 0, 0)"
8.852048,32,16.485674,1,"(np.int64(334), np.int64(11932), np.int64(42106), np.int64(36383), np.int64(32519), np.int64(20017), np.int64(35166), np.int64(39737), np.int64(47967), np.int64(27450), np.int64(6463), np.int64(12705), np.int64(1099), np.int64(1200), np.int64(16662), np.int64(11093), np.int64(4317), np.int64(23390), np.int64(42607), np.int64(13287), np.int64(42039), np.int64(48627), np.int64(4349), np.int64(48170), np.int64(28764), np.int64(31540), np.int64(40771), np.int64(19636), np.int64(19593), np.int64(42806), np.int64(26407), np.int64(17258))","(1, 1, 0, 0, 0, 1, 0, 0, 0, 0, 1, 1, 1, 1, 1, 1, 1, 0, 0, 1, 0, 0, 1, 0, 0, 0, 0, 1, 1, 0, 0, 0)"
3.715961,14,16.642693,1,"(np.int64(22240), np.int64(38060), np.int64(2904), np.int64(49016), np.int64(29820), np.int64(35080), np.int64(44557), np.int64(3711), np.int64(41734), np.int64(25767), np.int64(10731), np.int64(16387), np.int64(12353), np.int64(11582))","(0, 0, 1, 0, 0, 0, 0, 1, 0, 0, 1, 1, 1, 1)"
9.425209,50,17.174839,1,"(np.int64(25167), np.int64(10485), np.int64(2284), np.int64(20994), np.int64(36184), np.int64(26761), np.int64(3999), np.int64(31687), np.int64(23231), np.int64(23882), np.int64(27352), np.int64(26680), np.int64(17315), np.int64(843), np.int64(32667), np.int64(15732), np.int64(42174), np.int64(3134), np.int64(19660), np.int64(38093), np.int64(2313), np.int64(31008), np.int64(46180), np.int64(31618), np.int64(12303), np.int64(35738), np.int64(34588), np.int64(10426), np.int64(42980), np.int64(33052), np.int64(39939), np.int64(46366), np.int64(42783), np.int64(35431), np.int64(49704), np.int64(16926), np.int64(2733), np.int64(16807), np.int64(40888), np.int64(9229), np.int64(22676), np.int64(14115), np.int64(20470), np.int64(40009), np.int64(6289), np.int64(32418), np.int64(40167), np.int64(35516), np.int64(35537), np.int64(46257))","(1, 1, 0, 1, 0, 0, 1, 0, 0, 0, 0, 1, 0, 1, 0, 1, 0, 1, 1, 0, 0, 0, 0, 0, 1, 0, 0, 1, 0, 0, 0, 0, 0, 0, 0, 1, 1, 0, 0, 1, 0, 1, 0, 0, 1, 0, 0, 0, 0, 0)"
13.164705,50,17.708022,1,"(np.int64(4230), np.int64(43707), np.int64(34197), np.int64(3273), np.int64(40032), np.int64(40434), np.int64(9063), np.int64(1049), np.int64(25397), np.int64(33215), np.int64(13832), np.int64(25190), np.int64(17102), np.int64(42424), np.int64(38603), np.int64(1929), np.int64(46107), np.int64(20236), np.int64(18047), np.int64(8480), np.int64(7071), np.int64(41273), np.int64(23732), np.int64(40830), np.int64(35716), np.int64(2708), np.int64(8738), np.int64(18077), np.int64(46875), np.int64(39832), np.int64(4259), np.int64(13936), np.int64(27423), np.int64(5708), np.int64(27585), np.int64(1727), np.int64(23985), np.int64(32987), np.int64(45648), np.int64(18496), np.int64(30538), np.int64(3871), np.int64(29525), np.int64(46253), np.int64(35375), np.int64(22011), np.int64(38423), np.int64(27321), np.int64(13871), np.int64(31866))","(1, 0, 0, 1, 0, 0, 1, 1, 1, 0, 1, 1, 1, 0, 0, 1, 0, 1, 0, 1, 0, 0, 1, 0, 0, 1, 1, 0, 0, 0, 0, 1, 0, 1, 0, 1, 1, 0, 0, 0, 0, 1, 0, 0, 0, 1, 0, 1, 1, 0)"
13.100502,50,18.244454,1,"(np.int64(5090), np.int64(36394), np.int64(36412), np.int64(19035), np.int64(7506), np.int64(6720), np.int64(44563), np.int64(20582), np.int64(1869), np.int64(38565), np.int64(7357), np.int64(6620), np.int64(10971), np.int64(5586), np.int64(20900), np.int64(21269), np.int64(42940), np.int64(40452), np.int64(46829), np.int64(17878), np.int64(10950), np.int64(17315), np.int64(8115), np.int64(18342), np.int64(25551), np.int64(20996), np.int64(4518), np.int64(15405), np.int64(15710), np.int64(20057), np.int64(31130), np.int64(32737), np.int64(27423), np.int64(19426), np.int64(29837), np.int64(44203), np.int64(6827), np.int64(39949), np.int64(8270), np.int64(45941), np.int64(40423), np.int64(4826), np.int64(15623), np.int64(26877), np.int64(24901), np.int64(32698), np.int64(15158), np.int64(8929), np.int64(18723), np.int64(18165))","(1, 0, 0, 0, 1, 1, 0, 0, 1, 0, 1, 1, 0, 1, 1, 1, 0, 0, 0, 0, 1, 0, 1, 0, 1, 1, 1, 0, 0, 1, 0, 0, 0, 1, 0, 0, 0, 0, 1, 0, 0, 1, 1, 0, 0, 0, 1, 1, 0, 0)"
7.293548,30,18.566403,1,"(np.int64(31693), np.int64(42029), np.int64(34298), np.int64(5905), np.int64(34195), np.int64(16849), np.int64(1951), np.int64(33813), np.int64(35057), np.int64(39097), np.int64(878), np.int64(37697), np.int64(10449), np.int64(43328), np.int64(4345), np.int64(47570), np.int64(40656), np.int64(36610), np.int64(24890), np.int64(40863), np.int64(23599), np.int64(24722), np.int64(5297), np.int64(4456), np.int64(24522), np.int64(20622), np.int64(44788), np.int64(13389), np.int64(41189), np.int64(28104))","(0, 0, 0, 1, 0, 1, 1, 0, 0, 0, 1, 0, 1, 0, 1, 0, 0, 0, 0, 0, 0, 0, 1, 1, 1, 1, 0, 1, 0, 1)"
13.954314,50,19.102571,1,"(np.int64(44820), np.int64(23235), np.int64(22571), np.int64(21423), np.int64(14457), np.int64(16529), np.int64(3435), np.int64(30765), np.int64(3407), np.int64(29518), np.int64(2617), np.int64(6677), np.int64(4392), np.int64(33190), np.int64(14223), np.int64(1543), np.int64(18233), np.int64(22242), np.int64(18693), np.int64(12112), np.int64(5938), np.int64(12346), np.int64(9999), np.int64(25404), np.int64(8708), np.int64(17376), np.int64(22026), np.int64(33009), np.int64(13701), np.int64(5120), np.int64(112), np.int64(48061), np.int64(36122), np.int64(46881), np.int64(35121), np.int64(4206), np.int64(15318), np.int64(29565), np.int64(5572), np.int64(24753), np.int64(45154), np.int64(14275), np.int64(33705), np.int64(36810), np.int64(44398), np.int64(44506), np.int64(48524), np.int64(25057), np.int64(6023), np.int64(23242))","(0, 0, 0, 1, 1, 0, 1, 0, 1, 0, 1, 1, 1, 0, 1, 1, 1, 0, 0, 1, 1, 1, 0, 1, 0, 0, 1, 0, 0, 1, 1, 0, 0, 0, 0, 1, 1, 0, 1, 1, 0, 0, 0, 0, 0, 0, 0, 1, 1, 0)"
6.176064,30,19.427211,1,"(np.int64(21040), np.int64(21478), np.int64(49902), np.int64(32546), np.int64(29458), np.int64(38916), np.int64(14312), np.int64(30014), np.int64(38583), np.int64(16593), np.int64(45159), np.int64(46647), np.int64(18133), np.int64(3477), np.int64(20235), np.int64(26716), np.int64(43620), np.int64(6511), np.int64(12729), np.int64(16843), np.int64(3156), np.int64(21823), np.int64(44760), np.int64(41076), np.int64(49902), np.int64(41606), np.int64(15324), np.int64(32932), np.int64(30095), np.int64(17469))","(1, 0, 0, 0, 0, 0, 1, 0, 0, 1, 0, 0, 0, 1, 1, 0, 0, 1, 1, 1, 1, 0, 0, 0, 0, 0, 1, 0, 0, 0)"
13.622974,50,19.964679,1,"(np.int64(5533), np.int64(34843), np.int64(26341), np.int64(6549), np.int64(49506), np.int64(19465), np.int64(6471), np.int64(12044), np.int64(41129), np.int64(41676), np.int64(25419), np.int64(12339), np.int64(48443), np.int64(6755), np.int64(27243), np.int64(32895), np.int64(34957), np.int64(29210), np.int64(35498), np.int64(43830), np.int64(30372), np.int64(43457), np.int64(13526), np.int64(34907), np.int64(7967), np.int64(37912), np.int64(21146), np.int64(36019), np.int64(33138), np.int64(34100), np.int64(23579), np.int64(11050), np.int64(28603), np.int64(14830), np.int64(5040), np.int64(12102), np.int64(9584), np.int64(35794), np.int64(27064), np.int64(26832), np.int64(43948), np.int64(15401), np.int64(17402), np.int64(26643), np.int64(46146), np.int64(14820), np.int64(31531), np.int64(5994), np.int64(3397), np.int64(42106))","(1, 0, 0, 1, 0, 1, 1, 1, 0, 0, 1, 1, 0, 0, 1, 0, 0, 1, 0, 0, 0, 0, 1, 0, 1, 0, 1, 0, 0, 0, 1, 1, 1, 1, 1, 1, 1, 0, 0, 0, 0, 1, 0, 0, 0, 1, 0, 1, 1, 0)"
9.526771,50,20.492124,1,"(np.int64(5949), np.int64(3330), np.int64(38639), np.int64(46420), np.int64(48309), np.int64(28182), np.int64(29139), np.int64(16505), np.int64(1952), np.int64(42289), np.int64(19879), np.int64(40604), np.int64(40005), np.int64(5319), np.int64(30106), np.int64(22882), np.int64(47553), np.int64(31527), np.int64(27143), np.int64(23976), np.int64(39279), np.int64(4575), np.int64(35948), np.int64(44336), np.int64(30411), np.int64(11391), np.int64(24238), np.int64(45742), np.int64(39595), np.int64(8028), np.int64(22316), np.int64(37025), np.int64(8119), np.int64(34234), np.int64(15246), np.int64(28248), np.int64(29875), np.int64(27157), np.int64(40933), np.int64(17617), np.int64(39909), np.int64(44550), np.int64(20229), np.int64(15103), np.int64(30641), np.int64(29318), np.int64(30842), np.int64(24599), np.int64(18385), np.int64(31621))","(1, 1, 0, 0, 0, 0, 1, 0, 1, 0, 0, 0, 0, 1, 0, 0, 0, 0, 0, 1, 0, 1, 0, 0, 0, 1, 0, 0, 0, 1, 0, 0, 1, 0, 1, 0, 0, 1, 0, 0, 0, 0, 1, 1, 0, 1, 0, 1, 0, 0)"
7.801116,47,20.996399,1,"(np.int64(36250), np.int64(6852), np.int64(48393), np.int64(20442), np.int64(25597), np.int64(37369), np.int64(48115), np.int64(49048), np.int64(11574), np.int64(41549), np.int64(27007), np.int64(24877), np.int64(40976), np.int64(18370), np.int64(34490), np.int64(24095), np.int64(36344), np.int64(15806), np.int64(41182), np.int64(33259), np.int64(28690), np.int64(47531), np.int64(34297), np.int64(5060), np.int64(3396), np.int64(37677), np.int64(26951), np.int64(43133), np.int64(12633), np.int64(34226), np.int64(43820), np.int64(2749), np.int64(29241), np.int64(14848), np.int64(31929), np.int64(42155), np.int64(20801), np.int64(12317), np.int64(26301), np.int64(30077), np.int64(29080), np.int64(31616), np.int64(38262), np.int64(25833), np.int64(23794), np.int64(46353), np.int64(15833))","(0, 1, 0, 0, 0, 0, 0, 0, 1, 0, 0, 0, 0, 0, 0, 1, 0, 0, 0, 0, 1, 0, 0, 1, 1, 0, 0, 0, 1, 0, 0, 1, 1, 1, 0, 0, 1, 1, 0, 0, 0, 0, 0, 0, 1, 0, 0)"
3.66037,18,21.195874,1,"(np.int64(9969), np.int64(35204), np.int64(24362), np.int64(4227), np.int64(33650), np.int64(1740), np.int64(39574), np.int64(32066), np.int64(39593), np.int64(3004), np.int64(18183), np.int64(24469), np.int64(46673), np.int64(19091), np.int64(39724), np.int64(17824), np.int64(34941), np.int64(24997))","(1, 0, 0, 1, 0, 1, 0, 0, 0, 0, 0, 1, 0, 1, 0, 0, 0, 1)"
14.360982,50,21.735104,1,"(np.int64(11862), np.int64(35912), np.int64(6104), np.int64(19153), np.int64(25898), np.int64(48847), np.int64(19274), np.int64(23858), np.int64(47988), np.int64(25661), np.int64(26446), np.int64(13018), np.int64(517), np.int64(9106), np.int64(45705), np.int64(26674), np.int64(17519), np.int64(49993), np.int64(32712), np.int64(14617), np.int64(18796), np.int64(9878), np.int64(24792), np.int64(31448), np.int64(21190), np.int64(6902), np.int64(43345), np.int64(18906), np.int64(8052), np.int64(40260), np.int64(28292), np.int64(36454), np.int64(25594), np.int64(28537), np.int64(9563), np.int64(2700), np.int64(14375), np.int64(49954), np.int64(6608), np.int64(8539), np.int64(19322), np.int64(26364), np.int64(11560), np.int64(49012), np.int64(608), np.int64(20528), np.int64(29238), np.int64(34519), np.int64(40682), np.int64(10007))","(1, 0, 1, 0, 0, 0, 1, 1, 0, 1, 0, 0, 1, 1, 0, 0, 0, 1, 0, 1, 0, 1, 0, 0, 0, 1, 0, 1, 1, 0, 0, 0, 1, 0, 1, 1, 1, 0, 1, 0, 1, 0, 1, 1, 1, 0, 1, 0, 0, 1)"
14.288815,50,22.274166,1,"(np.int64(15663), np.int64(43832), np.int64(21185), np.int64(252), np.int64(15210), np.int64(9280), np.int64(14436), np.int64(20518), np.int64(7563), np.int64(16283), np.int64(49692), np.int64(3230), np.int64(46860), np.int64(8844), np.int64(48323), np.int64(48718), np.int64(6936), np.int64(27211), np.int64(33624), np.int64(40132), np.int64(3911), np.int64(3167), np.int64(35987), np.int64(26624), np.int64(29338), np.int64(14562), np.int64(44546), np.int64(224), np.int64(25415), np.int64(22342), np.int64(4283), np.int64(18709), np.int64(48140), np.int64(43416), np.int64(44801), np.int64(18065), np.int64(23372), np.int64(1503), np.int64(46229), np.int64(22850), np.int64(17805), np.int64(7323), np.int64(46808), np.int64(4261), np.int64(39686), np.int64(39754), np.int64(3840), np.int64(12509), np.int64(19737), np.int64(5589))","(1, 0, 1, 1, 1, 1, 1, 1, 1, 1, 0, 0, 0, 1, 0, 0, 1, 1, 0, 0, 1, 0, 0, 0, 1, 0, 0, 1, 1, 0, 1, 0, 0, 0, 0, 0, 0, 1, 0, 0, 0, 1, 0, 0, 0, 0, 1, 1, 1, 1)"
8.433123,32,22.618886,1,"(np.int64(17213), np.int64(4020), np.int64(18139), np.int64(32198), np.int64(34096), np.int64(23392), np.int64(15847), np.int64(28432), np.int64(34882), np.int64(40042), np.int64(846), np.int64(41775), np.int64(14170), np.int64(8965), np.int64(10105), np.int64(24394), np.int64(19955), np.int64(44737), np.int64(24207), np.int64(2714), np.int64(41647), np.int64(12204), np.int64(5895), np.int64(10113), np.int64(16438), np.int64(24750), np.int64(26965), np.int64(12303), np.int64(37095), np.int64(17510), np.int64(14339), np.int64(32160))","(0, 1, 0, 0, 0, 1, 1, 0, 0, 0, 0, 0, 1, 1, 1, 0, 1, 0, 0, 1, 0, 0, 1, 1, 1, 1, 0, 1, 0, 0, 1, 0)"
3.088062,11,22.740612,1,"(np.int64(35252), np.int64(31424), np.int64(2117), np.int64(19263), np.int64(46247), np.int64(25958), np.int64(11802), np.int64(26895), np.int64(45287), np.int64(14581), np.int64(39154))","(0, 1, 1, 1, 0, 1, 1, 0, 0, 0, 0)"
5.893963,26,23.02666,1,"(np.int64(12596), np.int64(33562), np.int64(38704), np.int64(36707), np.int64(16948), np.int64(25146), np.int64(12480), np.int64(7497), np.int64(38648), np.int64(13074), np.int64(44308), np.int64(17751), np.int64(36200), np.int64(43437), np.int64(33643), np.int64(41840), np.int64(32880), np.int64(42702), np.int64(13067), np.int64(25264), np.int64(47965), np.int64(6592), np.int64(9520), np.int64(10067), np.int64(49755), np.int64(22953))","(1, 0, 0, 0, 1, 1, 1, 0, 0, 1, 0, 1, 0, 0, 0, 0, 0, 0, 1, 1, 0, 1, 1, 0, 0, 0)"
13.446798,50,23.561887,1,"(np.int64(5561), np.int64(31452), np.int64(15269), np.int64(13280), np.int64(5577), np.int64(28763), np.int64(9858), np.int64(4782), np.int64(49240), np.int64(37165), np.int64(29124), np.int64(2040), np.int64(20672), np.int64(4192), np.int64(10508), np.int64(24647), np.int64(23119), np.int64(45518), np.int64(34838), np.int64(36079), np.int64(23045), np.int64(5887), np.int64(27548), np.int64(48220), np.int64(38559), np.int64(19872), np.int64(3287), np.int64(35615), np.int64(48587), np.int64(47332), np.int64(40705), np.int64(8399), np.int64(32581), np.int64(39142), np.int64(45520), np.int64(40178), np.int64(48172), np.int64(1311), np.int64(360), np.int64(44446), np.int64(31644), np.int64(12458), np.int64(11089), np.int64(40522), np.int64(28261), np.int64(39025), np.int64(49621), np.int64(461), np.int64(13962), np.int64(11116))","(1, 0, 1, 1, 0, 1, 1, 1, 0, 0, 1, 1, 1, 1, 1, 1, 0, 0, 0, 0, 0, 1, 0, 0, 0, 0, 1, 0, 0, 0, 0, 1, 0, 0, 0, 0, 0, 1, 1, 0, 0, 1, 0, 0, 0, 0, 0, 1, 1, 1)"
12.663084,50,24.097218,1,"(np.int64(13666), np.int64(49393), np.int64(34052), np.int64(17127), np.int64(30759), np.int64(39239), np.int64(12203), np.int64(1140), np.int64(33969), np.int64(3786), np.int64(36301), np.int64(28296), np.int64(43998), np.int64(32665), np.int64(39871), np.int64(20425), np.int64(25407), np.int64(11072), np.int64(14403), np.int64(9859), np.int64(1297), np.int64(33019), np.int64(45696), np.int64(8371), np.int64(14707), np.int64(8264), np.int64(36989), np.int64(1399), np.int64(23250), np.int64(48874), np.int64(41664), np.int64(45865), np.int64(44766), np.int64(32528), np.int64(43652), np.int64(13840), np.int64(25676), np.int64(41817), np.int64(30075), np.int64(41609), np.int64(3707), np.int64(41623), np.int64(21131), np.int64(12588), np.int64(35575), np.int64(44432), np.int64(25010), np.int64(4339), np.int64(12837), np.int64(33047))","(1, 0, 0, 0, 0, 0, 1, 1, 0, 1, 0, 0, 0, 0, 0, 1, 1, 1, 1, 0, 1, 0, 0, 1, 1, 1, 0, 1, 0, 0, 0, 0, 0, 0, 0, 1, 1, 0, 0, 0, 1, 0, 1, 1, 0, 0, 0, 1, 1, 0)"
15.095559,50,24.632425,1,"(np.int64(1234), np.int64(49352), np.int64(18594), np.int64(4139), np.int64(19182), np.int64(21618), np.int64(738), np.int64(23365), np.int64(1776), np.int64(5122), np.int64(22181), np.int64(7353), np.int64(14094), np.int64(18249), np.int64(28730), np.int64(11424), np.int64(9841), np.int64(29784), np.int64(28747), np.int64(5207), np.int64(9985), np.int64(48472), np.int64(490), np.int64(29349), np.int64(24851), np.int64(47172), np.int64(15511), np.int64(32499), np.int64(11623), np.int64(26356), np.int64(20393), np.int64(22897), np.int64(17990), np.int64(25725), np.int64(37699), np.int64(47835), np.int64(3520), np.int64(45419), np.int64(39241), np.int64(2797), np.int64(29300), np.int64(38796), np.int64(2078), np.int64(41113), np.int64(12579), np.int64(45626), np.int64(37726), np.int64(27584), np.int64(22945), np.int64(356))","(1, 0, 0, 1, 0, 0, 1, 1, 1, 1, 0, 1, 1, 0, 1, 1, 0, 0, 0, 1, 0, 0, 1, 1, 0, 0, 1, 0, 1, 1, 1, 0, 0, 1, 0, 0, 1, 0, 0, 1, 1, 0, 1, 0, 1, 0, 0, 0, 0, 1)"
13.288399,50,25.17133,1,"(np.int64(18755), np.int64(30573), np.int64(14445), np.int64(48927), np.int64(35451), np.int64(5244), np.int64(24320), np.int64(12228), np.int64(16877), np.int64(25443), np.int64(11941), np.int64(11487), np.int64(32963), np.int64(16819), np.int64(45743), np.int64(6610), np.int64(42760), np.int64(27816), np.int64(18702), np.int64(42585), np.int64(46475), np.int64(39746), np.int64(12650), np.int64(30298), np.int64(2687), np.int64(47911), np.int64(11578), np.int64(27177), np.int64(36120), np.int64(30186), np.int64(44514), np.int64(31280), np.int64(25910), np.int64(40526), np.int64(39255), np.int64(9540), np.int64(2897), np.int64(10846), np.int64(20486), np.int64(31714), np.int64(24311), np.int64(9850), np.int64(7250), np.int64(1148), np.int64(32439), np.int64(5935), np.int64(7079), np.int64(32984), np.int64(35633), np.int64(18614))","(0, 0, 1, 0, 0, 1, 0, 1, 1, 1, 1, 1, 0, 1, 0, 1, 0, 0, 0, 0, 0, 0, 1, 0, 1, 0, 1, 1, 0, 0, 0, 1, 0, 0, 0, 1, 1, 1, 0, 0, 0, 1, 1, 1, 0, 1, 1, 0, 0, 0)"
13.527491,50,25.709318,1,"(np.int64(541), np.int64(32969), np.int64(7938), np.int64(21985), np.int64(39397), np.int64(18763), np.int64(41361), np.int64(27912), np.int64(26692), np.int64(1986), np.int64(8528), np.int64(9729), np.int64(26887), np.int64(15376), np.int64(31509), np.int64(34603), np.int64(4374), np.int64(31207), np.int64(41101), np.int64(501), np.int64(5032), np.int64(11404), np.int64(41297), np.int64(7837), np.int64(7528), np.int64(1530), np.int64(31623), np.int64(21582), np.int64(5056), np.int64(3435), np.int64(28264), np.int64(48621), np.int64(10862), np.int64(17370), np.int64(38728), np.int64(28885), np.int64(17441), np.int64(30078), np.int64(24158), np.int64(49146), np.int64(20294), np.int64(22335), np.int64(43381), np.int64(35425), np.int64(7599), np.int64(13003), np.int64(47966), np.int64(27685), np.int64(10799), np.int64(18148))","(1, 0, 1, 1, 0, 0, 0, 1, 1, 1, 1, 1, 0, 1, 0, 0, 1, 0, 0, 1, 0, 1, 0, 0, 1, 1, 0, 0, 1, 1, 0, 0, 1, 1, 0, 1, 0, 0, 0, 0, 1, 0, 0, 0, 1, 0, 0, 0, 1, 0)"
12.507125,50,26.242592,1,"(np.int64(34559), np.int64(28491), np.int64(38270), np.int64(46423), np.int64(24918), np.int64(30619), np.int64(30675), np.int64(32190), np.int64(9153), np.int64(45793), np.int64(240), np.int64(11988), np.int64(45311), np.int64(10137), np.int64(21514), np.int64(23468), np.int64(18309), np.int64(16524), np.int64(3794), np.int64(30394), np.int64(4949), np.int64(12220), np.int64(46949), np.int64(755), np.int64(24711), np.int64(19280), np.int64(10703), np.int64(11651), np.int64(4589), np.int64(35369), np.int64(31838), np.int64(30597), np.int64(2404), np.int64(39816), np.int64(33246), np.int64(8897), np.int64(29005), np.int64(49847), np.int64(39917), np.int64(46105), np.int64(30220), np.int64(35514), np.int64(14763), np.int64(40384), np.int64(38842), np.int64(2149), np.int64(31498), np.int64(13216), np.int64(21382), np.int64(42633))","(0, 1, 0, 0, 0, 0, 0, 0, 0, 0, 1, 1, 0, 1, 0, 1, 0, 1, 1, 0, 1, 1, 0, 1, 0, 1, 1, 1, 1, 0, 0, 0, 0, 0, 0, 1, 1, 0, 0, 0, 0, 0, 1, 0, 0, 1, 0, 1, 1, 0)"
8.197533,32,26.586488,1,"(np.int64(38035), np.int64(40639), np.int64(5202), np.int64(19666), np.int64(5609), np.int64(7921), np.int64(1130), np.int64(20549), np.int64(20479), np.int64(37653), np.int64(2311), np.int64(36306), np.int64(47173), np.int64(35859), np.int64(21477), np.int64(21755), np.int64(47197), np.int64(40122), np.int64(17284), np.int64(22403), np.int64(4249), np.int64(49939), np.int64(8497), np.int64(42712), np.int64(1851), np.int64(29163), np.int64(10086), np.int64(6729), np.int64(40235), np.int64(23276), np.int64(25123), np.int64(26547))","(1, 0, 1, 1, 1, 0, 1, 1, 0, 0, 0, 0, 0, 0, 1, 0, 0, 0, 0, 0, 1, 0, 1, 0, 1, 0, 1, 1, 0, 0, 0, 1)"
7.19514,24,26.849518,1,"(np.int64(6324), np.int64(10425), np.int64(7885), np.int64(23769), np.int64(7911), np.int64(29772), np.int64(23855), np.int64(38070), np.int64(10667), np.int64(17391), np.int64(30357), np.int64(20887), np.int64(26250), np.int64(43256), np.int64(810), np.int64(28871), np.int64(1065), np.int64(42167), np.int64(14864), np.int64(41832), np.int64(32617), np.int64(40699), np.int64(30071), np.int64(22240))","(1, 1, 1, 1, 0, 0, 1, 0, 1, 0, 0, 1, 1, 0, 1, 1, 1, 0, 0, 0, 0, 0, 0, 0)"
6.136374,25,27.120651,1,"(np.int64(23466), np.int64(29313), np.int64(6874), np.int64(11672), np.int64(29106), np.int64(33306), np.int64(2432), np.int64(34774), np.int64(29201), np.int64(8854), np.int64(17179), np.int64(28272), np.int64(17990), np.int64(33272), np.int64(47527), np.int64(20466), np.int64(12317), np.int64(28805), np.int64(3472), np.int64(46408), np.int64(14101), np.int64(16298), np.int64(12919), np.int64(27030), np.int64(1965))","(0, 1, 1, 1, 0, 0, 0, 0, 1, 1, 0, 0, 0, 0, 0, 0, 1, 0, 1, 0, 1, 1, 0, 0, 1)"
9.261335,34,27.485664,1,"(np.int64(26582), np.int64(3372), np.int64(28824), np.int64(27684), np.int64(35778), np.int64(24747), np.int64(27959), np.int64(47065), np.int64(33168), np.int64(25833), np.int64(9758), np.int64(2663), np.int64(23904), np.int64(29035), np.int64(593), np.int64(3220), np.int64(24942), np.int64(44804), np.int64(699), np.int64(24760), np.int64(23575), np.int64(32531), np.int64(15745), np.int64(38622), np.int64(39730), np.int64(29681), np.int64(17928), np.int64(43097), np.int64(32051), np.int64(1753), np.int64(43041), np.int64(39087), np.int64(23729), np.int64(658))","(0, 1, 1, 0, 0, 1, 0, 0, 0, 0, 1, 1, 1, 1, 1, 1, 1, 0, 1, 0, 0, 0, 1, 0, 0, 0, 0, 0, 0, 1, 0, 0, 1, 1)"
14.700041,45,27.972871,1,"(np.int64(19787), np.int64(23238), np.int64(47336), np.int64(44994), np.int64(855), np.int64(27731), np.int64(15521), np.int64(7228), np.int64(6610), np.int64(25910), np.int64(5145), np.int64(167), np.int64(35586), np.int64(48906), np.int64(15485), np.int64(7293), np.int64(8367), np.int64(14012), np.int64(47306), np.int64(11117), np.int64(36857), np.int64(30534), np.int64(32584), np.int64(29337), np.int64(8244), np.int64(41991), np.int64(18569), np.int64(28929), np.int64(16333), np.int64(21173), np.int64(20687), np.int64(19377), np.int64(29776), np.int64(24088), np.int64(28545), np.int64(2216), np.int64(9057), np.int64(20701), np.int64(37615), np.int64(45945), np.int64(2533), np.int64(26892), np.int64(13634), np.int64(35615), np.int64(11844))","(1, 0, 0, 0, 1, 0, 1, 1, 1, 0, 1, 1, 0, 0, 1, 1, 1, 1, 0, 1, 0, 0, 0, 1, 1, 0, 0, 1, 1, 1, 1, 0, 0, 1, 0, 1, 0, 1, 0, 0, 1, 0, 1, 0, 1)"
10.411112,50,28.509521,1,"(np.int64(37468), np.int64(13642), np.int64(36282), np.int64(44668), np.int64(801), np.int64(5662), np.int64(18485), np.int64(40347), np.int64(21680), np.int64(13722), np.int64(40728), np.int64(47941), np.int64(45747), np.int64(35278), np.int64(30340), np.int64(13885), np.int64(18188), np.int64(9249), np.int64(48821), np.int64(27143), np.int64(11238), np.int64(42722), np.int64(45444), np.int64(17255), np.int64(16108), np.int64(17111), np.int64(32853), np.int64(15917), np.int64(9378), np.int64(32948), np.int64(14817), np.int64(27679), np.int64(39568), np.int64(26215), np.int64(29864), np.int64(16064), np.int64(13634), np.int64(17199), np.int64(49939), np.int64(48059), np.int64(43581), np.int64(41984), np.int64(12735), np.int64(33554), np.int64(27292), np.int64(5853), np.int64(14850), np.int64(44654), np.int64(34444), np.int64(47445))","(0, 1, 0, 0, 1, 1, 0, 0, 1, 0, 0, 0, 0, 0, 0, 0, 0, 1, 0, 0, 1, 0, 0, 0, 1, 1, 0, 1, 1, 0, 1, 0, 0, 1, 0, 1, 1, 0, 0, 0, 0, 0, 1, 0, 1, 1, 0, 0, 0, 0)"
13.198389,49,29.031345,1,"(np.int64(39299), np.int64(31977), np.int64(28965), np.int64(42207), np.int64(3933), np.int64(40037), np.int64(2363), np.int64(16809), np.int64(4232), np.int64(37329), np.int64(47262), np.int64(44827), np.int64(25197), np.int64(13740), np.int64(17359), np.int64(21183), np.int64(4268), np.int64(386), np.int64(8620), np.int64(15969), np.int64(22813), np.int64(21573), np.int64(5315), np.int64(16368), np.int64(6351), np.int64(3537), np.int64(1706), np.int64(25757), np.int64(9275), np.int64(1456), np.int64(46546), np.int64(40690), np.int64(1293), np.int64(4041), np.int64(18767), np.int64(33126), np.int64(48759), np.int64(39649), np.int64(9300), np.int64(36114), np.int64(38672), np.int64(12801), np.int64(49674), np.int64(46447), np.int64(38976), np.int64(16257), np.int64(7425), np.int64(11080), np.int64(33692))","(0, 0, 1, 0, 0, 0, 0, 1, 1, 0, 0, 0, 1, 0, 0, 0, 0, 0, 1, 1, 0, 1, 1, 1, 1, 1, 1, 0, 1, 1, 0, 0, 1, 1, 0, 0, 0, 0, 1, 0, 0, 1, 0, 0, 0, 1, 1, 1, 0)"
5.635004,21,29.268635,1,"(np.int64(16498), np.int64(21116), np.int64(22408), np.int64(42027), np.int64(14463), np.int64(30887), np.int64(7367), np.int64(36874), np.int64(9913), np.int64(1387), np.int64(29964), np.int64(28505), np.int64(43578), np.int64(7628), np.int64(38584), np.int64(29537), np.int64(15872), np.int64(8253), np.int64(45901), np.int64(46271), np.int64(14117))","(1, 0, 0, 0, 1, 0, 1, 0, 1, 1, 0, 0, 0, 1, 0, 0, 1, 1, 0, 0, 1)"
11.761344,50,29.800871,1,"(np.int64(4815), np.int64(3298), np.int64(3221), np.int64(39037), np.int64(4383), np.int64(33238), np.int64(33399), np.int64(7802), np.int64(23146), np.int64(21241), np.int64(32701), np.int64(46697), np.int64(28080), np.int64(7717), np.int64(22663), np.int64(33315), np.int64(45684), np.int64(29570), np.int64(43324), np.int64(20169), np.int64(23508), np.int64(16796), np.int64(37644), np.int64(20584), np.int64(22039), np.int64(12021), np.int64(7136), np.int64(35012), np.int64(13996), np.int64(48328), np.int64(19238), np.int64(28614), np.int64(23780), np.int64(46244), np.int64(40111), np.int64(41376), np.int64(32862), np.int64(22088), np.int64(12002), np.int64(48684), np.int64(126), np.int64(15640), np.int64(42935), np.int64(38818), np.int64(33436), np.int64(38022), np.int64(30075), np.int64(37908), np.int64(37966), np.int64(9027))","(1, 1, 1, 0, 1, 0, 0, 0, 0, 0, 0, 0, 0, 1, 0, 0, 0, 0, 0, 1, 1, 1, 0, 1, 1, 1, 1, 0, 1, 0, 1, 1, 0, 0, 0, 0, 0, 0, 1, 0, 1, 1, 0, 0, 0, 0, 0, 0, 0, 1)"
11.407111,50,30.379061,1,"(np.int64(7884), np.int64(27617), np.int64(43852), np.int64(6049), np.int64(44051), np.int64(1009), np.int64(37035), np.int64(22884), np.int64(25827), np.int64(42706), np.int64(40790), np.int64(16027), np.int64(33829), np.int64(15694), np.int64(17558), np.int64(40733), np.int64(28463), np.int64(20801), np.int64(41067), np.int64(35730), np.int64(44956), np.int64(28166), np.int64(48069), np.int64(1293), np.int64(42080), np.int64(49700), np.int64(2592), np.int64(2041), np.int64(20954), np.int64(46222), np.int64(13287), np.int64(48514), np.int64(14239), np.int64(15271), np.int64(7619), np.int64(43741), np.int64(12412), np.int64(32545), np.int64(36134), np.int64(17176), np.int64(46414), np.int64(14110), np.int64(36395), np.int64(11851), np.int64(43206), np.int64(48682), np.int64(13664), np.int64(14437), np.int64(44574), np.int64(49544))","(1, 0, 0, 1, 0, 1, 0, 0, 0, 0, 0, 0, 0, 1, 0, 0, 0, 1, 0, 0, 0, 0, 0, 1, 0, 0, 1, 1, 0, 0, 1, 0, 1, 1, 1, 0, 1, 0, 0, 0, 0, 1, 0, 1, 0, 0, 1, 1, 0, 0)"
5.569512,29,30.685957,1,"(np.int64(19968), np.int64(42185), np.int64(49085), np.int64(32239), np.int64(25847), np.int64(10952), np.int64(25648), np.int64(37868), np.int64(23003), np.int64(45070), np.int64(31598), np.int64(48866), np.int64(7889), np.int64(34318), np.int64(39965), np.int64(12025), np.int64(43168), np.int64(47469), np.int64(9898), np.int64(21184), np.int64(40334), np.int64(46456), np.int64(2601), np.int64(24817), np.int64(6333), np.int64(28878), np.int64(6134), np.int64(19057), np.int64(30355))","(0, 0, 0, 0, 0, 1, 1, 0, 0, 0, 0, 0, 1, 0, 0, 1, 0, 0, 1, 0, 0, 0, 1, 0, 1, 1, 1, 0, 0)"
11.394866,50,31.220575,1,"(np.int64(37784), np.int64(12755), np.int64(46276), np.int64(40607), np.int64(17179), np.int64(36883), np.int64(10051), np.int64(9102), np.int64(14360), np.int64(40233), np.int64(23280), np.int64(45635), np.int64(16159), np.int64(25728), np.int64(28796), np.int64(37313), np.int64(24124), np.int64(2941), np.int64(43818), np.int64(10989), np.int64(18232), np.int64(12640), np.int64(41756), np.int64(22163), np.int64(40361), np.int64(45891), np.int64(18792), np.int64(30009), np.int64(23428), np.int64(42318), np.int64(33571), np.int64(2426), np.int64(30841), np.int64(29365), np.int64(13972), np.int64(10170), np.int64(34248), np.int64(34413), np.int64(44073), np.int64(19865), np.int64(7707), np.int64(7635), np.int64(39131), np.int64(27108), np.int64(44717), np.int64(48025), np.int64(1515), np.int64(34673), np.int64(12063), np.int64(22094))","(0, 1, 0, 0, 0, 0, 1, 1, 1, 0, 1, 0, 1, 0, 0, 0, 0, 1, 0, 1, 0, 1, 0, 1, 0, 0, 1, 0, 1, 0, 0, 0, 0, 1, 1, 1, 0, 0, 0, 0, 1, 1, 0, 0, 0, 0, 1, 0, 0, 1)"
4.849161,20,31.439219,1,"(np.int64(26041), np.int64(40298), np.int64(20288), np.int64(27127), np.int64(38761), np.int64(33780), np.int64(11525), np.int64(26279), np.int64(37423), np.int64(24402), np.int64(3234), np.int64(15428), np.int64(45560), np.int64(12545), np.int64(2632), np.int64(25754), np.int64(5796), np.int64(11543), np.int64(26349), np.int64(32982))","(0, 0, 1, 0, 0, 0, 1, 0, 0, 0, 1, 1, 0, 1, 1, 0, 1, 1, 0, 0)"
10.603608,50,31.976207,1,"(np.int64(6772), np.int64(49252), np.int64(42120), np.int64(11419), np.int64(40258), np.int64(4509), np.int64(46512), np.int64(6227), np.int64(24891), np.int64(42949), np.int64(36716), np.int64(23619), np.int64(35361), np.int64(38423), np.int64(27640), np.int64(5417), np.int64(10561), np.int64(34351), np.int64(29731), np.int64(32634), np.int64(18600), np.int64(20541), np.int64(7165), np.int64(22204), np.int64(43375), np.int64(48788), np.int64(33394), np.int64(24341), np.int64(176), np.int64(5793), np.int64(10605), np.int64(26824), np.int64(45399), np.int64(38679), np.int64(29500), np.int64(955), np.int64(38300), np.int64(11992), np.int64(30185), np.int64(36845), np.int64(16306), np.int64(17790), np.int64(18712), np.int64(34900), np.int64(21548), np.int64(27161), np.int64(14690), np.int64(9852), np.int64(16112), np.int64(43805))","(1, 0, 0, 1, 0, 1, 0, 1, 0, 0, 0, 0, 1, 0, 0, 1, 1, 0, 1, 0, 0, 1, 1, 0, 0, 0, 0, 0, 1, 1, 0, 0, 0, 0, 0, 0, 0, 1, 0, 0, 1, 0, 0, 0, 0, 0, 1, 1, 1, 0)"
6.85387,35,32.353063,1,"(np.int64(18369), np.int64(9712), np.int64(12103), np.int64(48444), np.int64(24815), np.int64(12529), np.int64(47614), np.int64(44941), np.int64(47105), np.int64(36077), np.int64(36347), np.int64(10311), np.int64(16001), np.int64(30980), np.int64(8047), np.int64(31409), np.int64(49853), np.int64(31160), np.int64(11049), np.int64(2896), np.int64(10771), np.int64(35868), np.int64(25777), np.int64(34914), np.int64(22712), np.int64(33295), np.int64(31814), np.int64(42132), np.int64(15695), np.int64(30842), np.int64(17140), np.int64(48303), np.int64(48958), np.int64(39876), np.int64(31568))","(0, 1, 1, 0, 0, 1, 0, 0, 0, 0, 0, 1, 1, 0, 1, 1, 0, 0, 1, 1, 1, 0, 0, 0, 0, 0, 0, 0, 1, 0, 0, 0, 0, 0, 0)"
9.352358,38,32.769729,1,"(np.int64(18455), np.int64(28067), np.int64(32384), np.int64(40152), np.int64(33879), np.int64(13831), np.int64(21319), np.int64(373), np.int64(29001), np.int64(14407), np.int64(41418), np.int64(20363), np.int64(5447), np.int64(23788), np.int64(19351), np.int64(11447), np.int64(1726), np.int64(28439), np.int64(40184), np.int64(43400), np.int64(31340), np.int64(22311), np.int64(30577), np.int64(26544), np.int64(2374), np.int64(36296), np.int64(27081), np.int64(600), np.int64(47640), np.int64(26701), np.int64(32742), np.int64(21507), np.int64(28808), np.int64(35785), np.int64(16844), np.int64(2763), np.int64(43315), np.int64(18266))","(0, 0, 0, 0, 0, 1, 1, 1, 1, 1, 0, 1, 1, 0, 1, 1, 1, 0, 0, 0, 1, 0, 0, 0, 0, 0, 0, 1, 0, 1, 0, 0, 0, 0, 1, 1, 0, 0)"
12.993323,45,33.253695,1,"(np.int64(10916), np.int64(33724), np.int64(20518), np.int64(44161), np.int64(37156), np.int64(23038), np.int64(33154), np.int64(9805), np.int64(40296), np.int64(12289), np.int64(1834), np.int64(25388), np.int64(12134), np.int64(14920), np.int64(36768), np.int64(24035), np.int64(25201), np.int64(38783), np.int64(33581), np.int64(16253), np.int64(28177), np.int64(22469), np.int64(13721), np.int64(43441), np.int64(38623), np.int64(43854), np.int64(493), np.int64(3600), np.int64(8017), np.int64(14812), np.int64(7947), np.int64(38041), np.int64(18209), np.int64(40881), np.int64(8481), np.int64(3986), np.int64(25958), np.int64(13977), np.int64(11697), np.int64(6559), np.int64(38690), np.int64(37774), np.int64(33981), np.int64(10379), np.int64(15882))","(1, 0, 1, 0, 0, 0, 0, 1, 0, 1, 1, 1, 1, 0, 0, 1, 1, 0, 0, 1, 0, 0, 0, 0, 0, 0, 1, 1, 1, 1, 1, 0, 0, 0, 0, 1, 1, 1, 1, 1, 0, 0, 0, 1, 1)"
14.750788,50,33.789081,1,"(np.int64(5787), np.int64(12819), np.int64(21856), np.int64(7110), np.int64(37619), np.int64(6518), np.int64(25518), np.int64(2768), np.int64(34665), np.int64(8044), np.int64(19073), np.int64(19939), np.int64(34815), np.int64(33739), np.int64(13885), np.int64(8497), np.int64(19383), np.int64(5646), np.int64(19863), np.int64(9006), np.int64(43874), np.int64(12975), np.int64(43411), np.int64(37816), np.int64(41793), np.int64(48960), np.int64(11755), np.int64(28366), np.int64(11849), np.int64(4239), np.int64(42530), np.int64(34089), np.int64(21334), np.int64(30537), np.int64(31012), np.int64(30221), np.int64(13237), np.int64(46991), np.int64(34108), np.int64(33078), np.int64(7168), np.int64(2772), np.int64(13003), np.int64(48665), np.int64(21620), np.int64(17172), np.int64(10694), np.int64(28833), np.int64(25607), np.int64(43116))","(1, 1, 1, 1, 0, 1, 1, 1, 0, 1, 1, 1, 0, 0, 0, 1, 1, 1, 1, 1, 0, 1, 0, 0, 0, 0, 1, 0, 1, 1, 0, 0, 1, 0, 0, 0, 0, 0, 0, 0, 1, 1, 0, 0, 1, 0, 1, 0, 1, 0)"
4.752478,22,34.024322,1,"(np.int64(33492), np.int64(1044), np.int64(26838), np.int64(3257), np.int64(47130), np.int64(49783), np.int64(36251), np.int64(25351), np.int64(23442), np.int64(23797), np.int64(17872), np.int64(4736), np.int64(23773), np.int64(20767), np.int64(28713), np.int64(24776), np.int64(41029), np.int64(28523), np.int64(17579), np.int64(35086), np.int64(13879), np.int64(42221))","(0, 1, 0, 1, 0, 0, 0, 0, 1, 1, 0, 0, 1, 1, 1, 0, 0, 0, 0, 0, 1, 0)"
3.849819,12,34.162083,1,"(np.int64(36793), np.int64(5233), np.int64(9097), np.int64(27772), np.int64(12189), np.int64(47304), np.int64(6798), np.int64(5495), np.int64(22925), np.int64(15056), np.int64(39312), np.int64(16153))","(0, 1, 0, 0, 1, 0, 1, 1, 0, 1, 0, 1)"
11.361343,36,34.54898,1,"(np.int64(21806), np.int64(42157), np.int64(30633), np.int64(21002), np.int64(25458), np.int64(4143), np.int64(25968), np.int64(14890), np.int64(32380), np.int64(13049), np.int64(4773), np.int64(6818), np.int64(4461), np.int64(33190), np.int64(39197), np.int64(20459), np.int64(36107), np.int64(4414), np.int64(28878), np.int64(3233), np.int64(32747), np.int64(20567), np.int64(22006), np.int64(41197), np.int64(18161), np.int64(30473), np.int64(1648), np.int64(29807), np.int64(20340), np.int64(35025), np.int64(14354), np.int64(5139), np.int64(17634), np.int64(11757), np.int64(21984), np.int64(20525))","(0, 0, 0, 1, 1, 1, 0, 0, 0, 1, 1, 1, 1, 0, 0, 0, 0, 1, 1, 1, 0, 1, 1, 0, 0, 0, 1, 0, 1, 0, 1, 1, 0, 1, 1, 1)"
6.550758,25,34.816975,1,"(np.int64(10897), np.int64(12736), np.int64(42575), np.int64(35303), np.int64(1983), np.int64(7172), np.int64(32112), np.int64(17037), np.int64(575), np.int64(40868), np.int64(12888), np.int64(43966), np.int64(6050), np.int64(29568), np.int64(31899), np.int64(19136), np.int64(29736), np.int64(35230), np.int64(13246), np.int64(20054), np.int64(27406), np.int64(24553), np.int64(30744), np.int64(49749), np.int64(6397))","(1, 0, 0, 0, 1, 1, 0, 1, 1, 0, 0, 0, 0, 0, 0, 1, 1, 0, 1, 1, 0, 1, 0, 0, 1)"
2.924883,16,34.991005,1,"(np.int64(10686), np.int64(20016), np.int64(34235), np.int64(49161), np.int64(13574), np.int64(48824), np.int64(27543), np.int64(35034), np.int64(36907), np.int64(13345), np.int64(14369), np.int64(26395), np.int64(25878), np.int64(40725), np.int64(14912), np.int64(48710))","(1, 0, 0, 0, 1, 0, 0, 0, 0, 1, 1, 0, 0, 0, 1, 0)"
4.298364,12,35.129653,1,"(np.int64(24958), np.int64(33444), np.int64(30860), np.int64(26560), np.int64(24316), np.int64(29093), np.int64(9337), np.int64(34140), np.int64(3846), np.int64(31400), np.int64(41298), np.int64(25163))","(1, 0, 0, 1, 1, 1, 1, 0, 1, 1, 0, 0)"
4.309341,22,35.367907,1,"(np.int64(19573), np.int64(29807), np.int64(19331), np.int64(24429), np.int64(22259), np.int64(40192), np.int64(2679), np.int64(28023), np.int64(45586), np.int64(34459), np.int64(16753), np.int64(37515), np.int64(25698), np.int64(47601), np.int64(40728), np.int64(6367), np.int64(45158), np.int64(36467), np.int64(41364), np.int64(43822), np.int64(3987), np.int64(45090))","(1, 0, 1, 1, 0, 0, 1, 0, 0, 0, 1, 0, 0, 0, 0, 1, 0, 0, 0, 0, 1, 0)"
13.854824,50,35.903341,1,"(np.int64(93), np.int64(48753), np.int64(42589), np.int64(10712), np.int64(18466), np.int64(39777), np.int64(17829), np.int64(33582), np.int64(28425), np.int64(28596), np.int64(33751), np.int64(25241), np.int64(8810), np.int64(16460), np.int64(14673), np.int64(24437), np.int64(17816), np.int64(7050), np.int64(27816), np.int64(8720), np.int64(21830), np.int64(13603), np.int64(16651), np.int64(27053), np.int64(21275), np.int64(48895), np.int64(22652), np.int64(21607), np.int64(13892), np.int64(34439), np.int64(9477), np.int64(44691), np.int64(44517), np.int64(11998), np.int64(14875), np.int64(24860), np.int64(29031), np.int64(13583), np.int64(23657), np.int64(41899), np.int64(4546), np.int64(24359), np.int64(13567), np.int64(4893), np.int64(14153), np.int64(21795), np.int64(377), np.int64(35704), np.int64(4975), np.int64(23786))","(1, 0, 0, 1, 0, 0, 0, 0, 0, 0, 0, 0, 1, 1, 0, 1, 0, 1, 0, 0, 1, 1, 1, 0, 0, 0, 0, 0, 1, 0, 1, 0, 0, 1, 1, 0, 1, 0, 1, 0, 1, 0, 1, 1, 1, 1, 1, 0, 1, 1)"
11.661026,50,36.442256,1,"(np.int64(5854), np.int64(7274), np.int64(42138), np.int64(17547), np.int64(14297), np.int64(43617), np.int64(33390), np.int64(36736), np.int64(29266), np.int64(20651), np.int64(46783), np.int64(34419), np.int64(34183), np.int64(40744), np.int64(33010), np.int64(16142), np.int64(34773), np.int64(18014), np.int64(36198), np.int64(41993), np.int64(30717), np.int64(40235), np.int64(35523), np.int64(8830), np.int64(19277), np.int64(43983), np.int64(9585), np.int64(42198), np.int64(43112), np.int64(3883), np.int64(42042), np.int64(16825), np.int64(33231), np.int64(7223), np.int64(5166), np.int64(37741), np.int64(39061), np.int64(46587), np.int64(18964), np.int64(30926), np.int64(5244), np.int64(41377), np.int64(1094), np.int64(33885), np.int64(655), np.int64(4313), np.int64(9797), np.int64(18350), np.int64(20330), np.int64(26740))","(1, 1, 0, 0, 1, 0, 0, 0, 1, 1, 0, 0, 0, 0, 0, 1, 0, 0, 0, 0, 0, 0, 0, 1, 1, 0, 1, 0, 0, 1, 0, 0, 1, 1, 1, 0, 0, 0, 1, 0, 1, 0, 1, 0, 1, 1, 0, 0, 1, 0)"
11.783142,50,36.990697,1,"(np.int64(31936), np.int64(3134), np.int64(27062), np.int64(11290), np.int64(47675), np.int64(5803), np.int64(38249), np.int64(33635), np.int64(23236), np.int64(19455), np.int64(43346), np.int64(43877), np.int64(6198), np.int64(41487), np.int64(6239), np.int64(23202), np.int64(27496), np.int64(24249), np.int64(31622), np.int64(6006), np.int64(46800), np.int64(12263), np.int64(40709), np.int64(7352), np.int64(24836), np.int64(46009), np.int64(4784), np.int64(36800), np.int64(12284), np.int64(13576), np.int64(617), np.int64(43034), np.int64(49703), np.int64(39981), np.int64(446), np.int64(37403), np.int64(47078), np.int64(343), np.int64(25359), np.int64(29520), np.int64(27239), np.int64(12695), np.int64(30109), np.int64(27771), np.int64(5714), np.int64(43435), np.int64(22042), np.int64(31594), np.int64(44890), np.int64(3007))","(0, 1, 0, 0, 0, 1, 0, 0, 0, 0, 0, 0, 1, 0, 1, 0, 0, 0, 0, 1, 0, 1, 0, 1, 0, 0, 1, 0, 1, 1, 1, 0, 0, 0, 1, 0, 0, 1, 1, 0, 1, 0, 0, 1, 1, 0, 1, 0, 0, 1)"
13.106503,50,37.528579,1,"(np.int64(41974), np.int64(8746), np.int64(27922), np.int64(36859), np.int64(48031), np.int64(13678), np.int64(33593), np.int64(27071), np.int64(33950), np.int64(12919), np.int64(3316), np.int64(42159), np.int64(26359), np.int64(31554), np.int64(30639), np.int64(20146), np.int64(16919), np.int64(30274), np.int64(26531), np.int64(15901), np.int64(45922), np.int64(5316), np.int64(14821), np.int64(39303), np.int64(43485), np.int64(3475), np.int64(4890), np.int64(32011), np.int64(14077), np.int64(38471), np.int64(20942), np.int64(11657), np.int64(35805), np.int64(42879), np.int64(38501), np.int64(22128), np.int64(11825), np.int64(23019), np.int64(37088), np.int64(1706), np.int64(3392), np.int64(49851), np.int64(33009), np.int64(10198), np.int64(27099), np.int64(30681), np.int64(13447), np.int64(12521), np.int64(6268), np.int64(23953))","(0, 1, 0, 0, 0, 1, 0, 0, 0, 0, 1, 0, 0, 0, 0, 1, 1, 0, 1, 1, 0, 1, 1, 0, 0, 1, 1, 0, 1, 0, 1, 1, 0, 0, 0, 1, 1, 0, 0, 1, 1, 0, 0, 1, 0, 0, 1, 1, 1, 0)"
3.212965,21,37.758019,1,"(np.int64(33634), np.int64(42503), np.int64(44291), np.int64(48584), np.int64(43811), np.int64(44794), np.int64(24749), np.int64(49010), np.int64(6424), np.int64(29718), np.int64(41314), np.int64(2895), np.int64(26146), np.int64(32050), np.int64(45240), np.int64(5763), np.int64(23105), np.int64(40558), np.int64(29178), np.int64(24627), np.int64(18670))","(0, 0, 0, 0, 0, 0, 0, 0, 1, 0, 0, 1, 1, 0, 0, 1, 0, 0, 0, 1, 0)"
7.501117,33,38.116856,1,"(np.int64(7965), np.int64(48387), np.int64(7965), np.int64(10636), np.int64(13023), np.int64(40678), np.int64(19649), np.int64(31586), np.int64(40324), np.int64(45404), np.int64(49700), np.int64(20702), np.int64(8578), np.int64(42718), np.int64(10516), np.int64(5663), np.int64(35741), np.int64(20343), np.int64(22390), np.int64(22974), np.int64(47445), np.int64(30171), np.int64(37328), np.int64(6593), np.int64(12052), np.int64(40569), np.int64(18184), np.int64(26134), np.int64(10895), np.int64(21867), np.int64(45232), np.int64(38898), np.int64(21401))","(1, 0, 1, 1, 0, 0, 1, 0, 0, 0, 0, 1, 1, 0, 1, 1, 0, 0, 0, 0, 0, 0, 0, 1, 1, 0, 0, 1, 1, 1, 0, 0, 0)"
13.631636,50,38.657868,1,"(np.int64(14503), np.int64(16551), np.int64(30325), np.int64(6717), np.int64(1493), np.int64(13089), np.int64(11066), np.int64(28522), np.int64(14556), np.int64(40523), np.int64(41514), np.int64(30105), np.int64(45459), np.int64(15118), np.int64(6122), np.int64(40537), np.int64(12357), np.int64(36127), np.int64(49090), np.int64(7551), np.int64(39469), np.int64(17470), np.int64(17429), np.int64(28487), np.int64(3967), np.int64(34822), np.int64(24941), np.int64(25455), np.int64(1685), np.int64(48), np.int64(19675), np.int64(13936), np.int64(44166), np.int64(31728), np.int64(40521), np.int64(971), np.int64(8142), np.int64(47975), np.int64(12212), np.int64(15087), np.int64(46473), np.int64(39437), np.int64(46349), np.int64(44157), np.int64(45094), np.int64(10601), np.int64(35013), np.int64(13094), np.int64(28827), np.int64(13725))","(0, 1, 0, 1, 1, 1, 1, 0, 1, 0, 0, 0, 0, 1, 1, 0, 1, 0, 0, 1, 0, 0, 0, 1, 1, 0, 1, 0, 1, 1, 0, 1, 0, 0, 0, 1, 1, 0, 1, 1, 0, 0, 0, 0, 0, 1, 0, 1, 1, 0)"
5.8745,26,38.938789,1,"(np.int64(47725), np.int64(6905), np.int64(42191), np.int64(7783), np.int64(40694), np.int64(48769), np.int64(8277), np.int64(44360), np.int64(43487), np.int64(8099), np.int64(42301), np.int64(42866), np.int64(17982), np.int64(22349), np.int64(11956), np.int64(12167), np.int64(41873), np.int64(47529), np.int64(30681), np.int64(33390), np.int64(38412), np.int64(3123), np.int64(17347), np.int64(21329), np.int64(3860), np.int64(12477))","(0, 1, 0, 1, 0, 0, 1, 0, 0, 0, 0, 0, 0, 0, 1, 1, 0, 0, 0, 0, 0, 1, 0, 1, 1, 1)"
15.297574,50,39.481844,1,"(np.int64(35641), np.int64(46939), np.int64(1482), np.int64(5885), np.int64(23316), np.int64(34908), np.int64(27559), np.int64(2039), np.int64(3654), np.int64(5138), np.int64(990), np.int64(46024), np.int64(18922), np.int64(23032), np.int64(42882), np.int64(15460), np.int64(16309), np.int64(38555), np.int64(14889), np.int64(3300), np.int64(37682), np.int64(41960), np.int64(18586), np.int64(15723), np.int64(28690), np.int64(54), np.int64(14733), np.int64(5446), np.int64(28518), np.int64(7115), np.int64(40487), np.int64(43076), np.int64(24468), np.int64(25237), np.int64(6536), np.int64(17121), np.int64(32441), np.int64(14923), np.int64(31092), np.int64(2135), np.int64(42664), np.int64(10530), np.int64(46834), np.int64(24743), np.int64(29833), np.int64(28461), np.int64(30165), np.int64(35957), np.int64(812), np.int64(36239))","(0, 0, 1, 1, 1, 0, 0, 1, 1, 1, 1, 0, 1, 0, 0, 1, 1, 0, 1, 1, 0, 0, 0, 1, 1, 1, 0, 1, 1, 1, 0, 0, 0, 1, 1, 1, 0, 1, 0, 1, 0, 0, 0, 1, 0, 0, 0, 0, 1, 0)"
5.61334,14,39.640622,1,"(np.int64(13632), np.int64(8444), np.int64(161), np.int64(21159), np.int64(2966), np.int64(19540), np.int64(12704), np.int64(34287), np.int64(32587), np.int64(20635), np.int64(34198), np.int64(40507), np.int64(689), np.int64(6660))","(1, 1, 0, 1, 1, 1, 1, 0, 0, 1, 0, 0, 1, 1)"
8.053745,43,40.09851,1,"(np.int64(48959), np.int64(15213), np.int64(48520), np.int64(38371), np.int64(45696), np.int64(41109), np.int64(38265), np.int64(25600), np.int64(38104), np.int64(5974), np.int64(34540), np.int64(4901), np.int64(34997), np.int64(48874), np.int64(44802), np.int64(47385), np.int64(10192), np.int64(4357), np.int64(39039), np.int64(39224), np.int64(31090), np.int64(5382), np.int64(18805), np.int64(14494), np.int64(15619), np.int64(26907), np.int64(13699), np.int64(32296), np.int64(28394), np.int64(29418), np.int64(42232), np.int64(42958), np.int64(10674), np.int64(35509), np.int64(6207), np.int64(31556), np.int64(28860), np.int64(18997), np.int64(28360), np.int64(21624), np.int64(21249), np.int64(43284), np.int64(10905))","(0, 1, 0, 0, 0, 0, 0, 0, 0, 1, 0, 1, 0, 0, 0, 0, 1, 1, 0, 0, 0, 1, 0, 1, 1, 0, 0, 0, 0, 0, 0, 0, 0, 0, 1, 0, 1, 1, 0, 0, 1, 0, 1)"
5.362158,24,40.358234,1,"(np.int64(48585), np.int64(40612), np.int64(17165), np.int64(30116), np.int64(14834), np.int64(23129), np.int64(37488), np.int64(49886), np.int64(8015), np.int64(29184), np.int64(20529), np.int64(3268), np.int64(26804), np.int64(25111), np.int64(4404), np.int64(24355), np.int64(5723), np.int64(293), np.int64(35910), np.int64(10969), np.int64(39630), np.int64(33619), np.int64(42589), np.int64(22074))","(0, 0, 0, 0, 0, 0, 0, 0, 1, 0, 1, 1, 0, 1, 1, 0, 1, 1, 0, 1, 0, 0, 0, 1)"
7.979234,50,40.895455,1,"(np.int64(29854), np.int64(45938), np.int64(33437), np.int64(731), np.int64(12669), np.int64(12535), np.int64(2307), np.int64(15891), np.int64(15738), np.int64(12194), np.int64(2309), np.int64(30818), np.int64(28822), np.int64(36149), np.int64(50015), np.int64(25555), np.int64(48937), np.int64(26306), np.int64(28440), np.int64(2656), np.int64(32984), np.int64(10200), np.int64(2569), np.int64(33978), np.int64(29651), np.int64(35450), np.int64(31543), np.int64(47175), np.int64(42495), np.int64(23997), np.int64(32481), np.int64(43467), np.int64(29447), np.int64(22991), np.int64(27872), np.int64(48966), np.int64(2360), np.int64(24350), np.int64(36698), np.int64(47038), np.int64(41132), np.int64(44751), np.int64(33367), np.int64(34777), np.int64(28353), np.int64(21501), np.int64(49401), np.int64(10493), np.int64(12912), np.int64(48960))","(0, 0, 0, 1, 1, 1, 0, 1, 0, 0, 0, 0, 1, 0, 0, 0, 0, 0, 1, 1, 0, 1, 1, 0, 0, 0, 0, 0, 0, 1, 0, 0, 0, 0, 1, 0, 0, 0, 0, 0, 0, 0, 0, 0, 0, 0, 0, 1, 1, 0)"
12.236333,50,41.430914,1,"(np.int64(742), np.int64(6373), np.int64(43419), np.int64(42232), np.int64(8060), np.int64(25675), np.int64(45116), np.int64(13982), np.int64(49312), np.int64(35817), np.int64(38654), np.int64(2526), np.int64(29807), np.int64(3635), np.int64(48098), np.int64(39499), np.int64(46793), np.int64(46730), np.int64(5788), np.int64(41736), np.int64(13951), np.int64(3472), np.int64(7097), np.int64(46643), np.int64(35429), np.int64(27676), np.int64(33214), np.int64(22282), np.int64(10090), np.int64(23090), np.int64(47815), np.int64(17979), np.int64(43791), np.int64(7037), np.int64(4783), np.int64(31275), np.int64(47700), np.int64(28440), np.int64(26578), np.int64(21688), np.int64(13219), np.int64(6108), np.int64(37113), np.int64(7885), np.int64(40430), np.int64(28905), np.int64(15522), np.int64(27156), np.int64(15624), np.int64(26373))","(1, 1, 0, 0, 1, 0, 0, 1, 0, 0, 0, 1, 0, 1, 0, 0, 0, 0, 1, 0, 1, 1, 1, 0, 0, 0, 0, 0, 1, 0, 0, 0, 0, 1, 1, 0, 0, 1, 0, 1, 0, 1, 0, 1, 0, 0, 1, 1, 1, 0)"
3.961286,18,41.627861,1,"(np.int64(2214), np.int64(23222), np.int64(5846), np.int64(29889), np.int64(42584), np.int64(291), np.int64(31515), np.int64(1598), np.int64(43793), np.int64(44875), np.int64(32920), np.int64(3006), np.int64(13803), np.int64(40916), np.int64(22282), np.int64(34725), np.int64(31371), np.int64(24284))","(1, 0, 1, 0, 0, 1, 0, 1, 0, 0, 0, 1, 0, 0, 0, 0, 1, 0)"
13.358778,50,42.168287,1,"(np.int64(44572), np.int64(33643), np.int64(49190), np.int64(33245), np.int64(34856), np.int64(29155), np.int64(11429), np.int64(20844), np.int64(28634), np.int64(14109), np.int64(10765), np.int64(20658), np.int64(19315), np.int64(40285), np.int64(33482), np.int64(31718), np.int64(23629), np.int64(1908), np.int64(49628), np.int64(42126), np.int64(25809), np.int64(32333), np.int64(8798), np.int64(34418), np.int64(17570), np.int64(11481), np.int64(22496), np.int64(45370), np.int64(943), np.int64(33018), np.int64(39926), np.int64(24694), np.int64(5728), np.int64(42904), np.int64(39813), np.int64(6774), np.int64(41349), np.int64(8692), np.int64(1663), np.int64(23375), np.int64(16194), np.int64(30387), np.int64(11915), np.int64(46795), np.int64(46087), np.int64(17434), np.int64(1329), np.int64(23679), np.int64(6075), np.int64(29018))","(0, 0, 0, 0, 0, 1, 1, 1, 0, 1, 1, 1, 0, 0, 0, 0, 0, 1, 0, 0, 0, 0, 1, 0, 0, 1, 0, 0, 1, 0, 0, 1, 1, 0, 0, 1, 0, 1, 1, 0, 1, 0, 1, 0, 0, 0, 1, 1, 1, 1)"
10.238907,50,42.704981,1,"(np.int64(29393), np.int64(17496), np.int64(26819), np.int64(30493), np.int64(9447), np.int64(9637), np.int64(47545), np.int64(16756), np.int64(42337), np.int64(28395), np.int64(29822), np.int64(30418), np.int64(42587), np.int64(22871), np.int64(20163), np.int64(25086), np.int64(29628), np.int64(13895), np.int64(28304), np.int64(5683), np.int64(41394), np.int64(25849), np.int64(468), np.int64(38027), np.int64(47778), np.int64(12417), np.int64(20769), np.int64(19822), np.int64(2108), np.int64(42062), np.int64(10360), np.int64(1613), np.int64(35492), np.int64(34544), np.int64(929), np.int64(33776), np.int64(28353), np.int64(13731), np.int64(44479), np.int64(11518), np.int64(37743), np.int64(9577), np.int64(43789), np.int64(48321), np.int64(38171), np.int64(45003), np.int64(48711), np.int64(29029), np.int64(42145), np.int64(24025))","(1, 0, 0, 0, 1, 1, 0, 0, 0, 0, 0, 0, 0, 0, 1, 1, 0, 1, 0, 0, 0, 0, 1, 0, 0, 1, 0, 1, 1, 0, 1, 1, 0, 0, 1, 0, 0, 0, 0, 1, 0, 1, 0, 0, 0, 0, 0, 0, 0, 1)"
11.006606,50,43.244608,1,"(np.int64(902), np.int64(35269), np.int64(41185), np.int64(35123), np.int64(5596), np.int64(28457), np.int64(47132), np.int64(29560), np.int64(27548), np.int64(17141), np.int64(15795), np.int64(42978), np.int64(48320), np.int64(23524), np.int64(9996), np.int64(10720), np.int64(33867), np.int64(3342), np.int64(47105), np.int64(44648), np.int64(14254), np.int64(4383), np.int64(26126), np.int64(44477), np.int64(6511), np.int64(41674), np.int64(24752), np.int64(15794), np.int64(41464), np.int64(22814), np.int64(45504), np.int64(15773), np.int64(36741), np.int64(46628), np.int64(46857), np.int64(34683), np.int64(18734), np.int64(28324), np.int64(16095), np.int64(29027), np.int64(49740), np.int64(9273), np.int64(35505), np.int64(42878), np.int64(10983), np.int64(46941), np.int64(35604), np.int64(45466), np.int64(3228), np.int64(35594))","(1, 0, 0, 0, 1, 0, 0, 0, 0, 0, 0, 0, 0, 1, 1, 1, 0, 1, 0, 0, 1, 1, 1, 0, 1, 0, 1, 1, 0, 0, 0, 1, 0, 1, 0, 0, 0, 0, 1, 0, 0, 1, 0, 0, 1, 0, 0, 0, 1, 0)"
14.1599,50,43.782624,1,"(np.int64(45597), np.int64(6652), np.int64(46295), np.int64(32660), np.int64(32496), np.int64(20173), np.int64(18517), np.int64(14142), np.int64(2967), np.int64(7233), np.int64(17481), np.int64(24185), np.int64(6955), np.int64(35689), np.int64(26558), np.int64(32849), np.int64(2028), np.int64(2898), np.int64(20223), np.int64(37991), np.int64(12305), np.int64(35558), np.int64(30508), np.int64(27439), np.int64(49179), np.int64(13113), np.int64(2379), np.int64(1979), np.int64(12377), np.int64(14678), np.int64(34414), np.int64(12494), np.int64(28663), np.int64(44126), np.int64(28383), np.int64(48606), np.int64(20575), np.int64(40201), np.int64(11909), np.int64(44918), np.int64(13896), np.int64(43371), np.int64(34273), np.int64(18849), np.int64(25995), np.int64(13289), np.int64(10411), np.int64(44541), np.int64(31123), np.int64(38213))","(0, 1, 0, 0, 0, 1, 0, 1, 1, 1, 1, 0, 1, 0, 0, 0, 1, 1, 1, 0, 0, 0, 0, 0, 0, 1, 0, 1, 1, 1, 0, 1, 1, 0, 0, 0, 1, 0, 1, 0, 1, 0, 0, 1, 0, 1, 1, 0, 1, 0)"
4.41296,22,44.019658,1,"(np.int64(40956), np.int64(38386), np.int64(43308), np.int64(33162), np.int64(25412), np.int64(8939), np.int64(41845), np.int64(8068), np.int64(49004), np.int64(45288), np.int64(9910), np.int64(41311), np.int64(18000), np.int64(8793), np.int64(3870), np.int64(28845), np.int64(38083), np.int64(22296), np.int64(10028), np.int64(6223), np.int64(15457), np.int64(25737))","(0, 0, 0, 0, 1, 0, 0, 1, 0, 0, 1, 0, 0, 1, 1, 0, 0, 0, 1, 1, 0, 0)"
8.549405,27,44.315014,1,"(np.int64(7219), np.int64(35766), np.int64(13204), np.int64(25227), np.int64(38263), np.int64(40811), np.int64(27585), np.int64(22464), np.int64(15317), np.int64(18684), np.int64(21810), np.int64(1581), np.int64(33473), np.int64(28620), np.int64(33466), np.int64(32000), np.int64(7386), np.int64(26924), np.int64(15552), np.int64(5924), np.int64(4245), np.int64(25134), np.int64(45030), np.int64(3137), np.int64(37644), np.int64(27199), np.int64(3312))","(1, 0, 1, 1, 0, 0, 0, 0, 1, 0, 1, 1, 0, 1, 0, 0, 1, 0, 1, 1, 1, 0, 0, 1, 0, 1, 1)"
3.500154,14,44.467513,1,"(np.int64(17921), np.int64(33640), np.int64(41535), np.int64(49205), np.int64(35122), np.int64(17814), np.int64(9301), np.int64(28642), np.int64(22399), np.int64(2634), np.int64(25593), np.int64(21966), np.int64(6743), np.int64(30640))","(0, 0, 0, 0, 0, 0, 1, 1, 0, 1, 1, 1, 1, 0)"
8.386924,25,44.739616,1,"(np.int64(12873), np.int64(25851), np.int64(48575), np.int64(19758), np.int64(32915), np.int64(19490), np.int64(4116), np.int64(12198), np.int64(7195), np.int64(8648), np.int64(83), np.int64(14495), np.int64(30917), np.int64(48552), np.int64(22441), np.int64(16424), np.int64(29958), np.int64(3480), np.int64(5773), np.int64(8284), np.int64(43982), np.int64(22958), np.int64(8715), np.int64(2463), np.int64(19767))","(1, 0, 0, 1, 0, 1, 1, 1, 1, 1, 1, 1, 0, 0, 0, 1, 0, 1, 1, 0, 0, 0, 0, 0, 1)"
8.210104,30,45.065516,1,"(np.int64(11605), np.int64(3982), np.int64(3824), np.int64(3163), np.int64(18336), np.int64(44473), np.int64(46511), np.int64(11853), np.int64(10119), np.int64(26637), np.int64(25394), np.int64(39115), np.int64(35642), np.int64(10887), np.int64(30150), np.int64(30334), np.int64(38093), np.int64(5132), np.int64(8301), np.int64(44171), np.int64(25517), np.int64(3942), np.int64(20439), np.int64(13227), np.int64(31671), np.int64(45174), np.int64(155), np.int64(37986), np.int64(12230), np.int64(43735))","(0, 1, 1, 0, 1, 0, 0, 1, 1, 0, 1, 0, 0, 1, 0, 0, 0, 1, 1, 0, 0, 1, 0, 1, 0, 0, 1, 0, 1, 0)"
7.229797,22,45.308341,1,"(np.int64(14569), np.int64(20929), np.int64(21804), np.int64(37808), np.int64(5413), np.int64(27493), np.int64(19727), np.int64(15560), np.int64(10745), np.int64(35191), np.int64(24608), np.int64(43674), np.int64(9330), np.int64(8624), np.int64(43213), np.int64(38960), np.int64(11891), np.int64(5798), np.int64(15629), np.int64(25216), np.int64(12662), np.int64(34306))","(0, 1, 0, 0, 1, 0, 1, 0, 1, 0, 1, 0, 1, 1, 0, 0, 1, 1, 1, 1, 1, 0)"
2.813848,16,45.481988,1,"(np.int64(26658), np.int64(8078), np.int64(27231), np.int64(40840), np.int64(15176), np.int64(38830), np.int64(35243), np.int64(46869), np.int64(29960), np.int64(7450), np.int64(49099), np.int64(25704), np.int64(13015), np.int64(47933), np.int64(38707), np.int64(18166))","(1, 0, 1, 0, 1, 0, 0, 0, 0, 1, 0, 0, 1, 0, 0, 0)"
9.750876,50,46.018454,1,"(np.int64(43630), np.int64(38746), np.int64(18659), np.int64(42284), np.int64(48510), np.int64(14165), np.int64(20876), np.int64(18318), np.int64(590), np.int64(30095), np.int64(474), np.int64(21599), np.int64(49411), np.int64(6416), np.int64(22807), np.int64(23885), np.int64(47437), np.int64(14977), np.int64(46116), np.int64(45771), np.int64(41608), np.int64(11094), np.int64(13078), np.int64(34345), np.int64(2056), np.int64(42642), np.int64(32284), np.int64(19270), np.int64(37345), np.int64(125), np.int64(43522), np.int64(38551), np.int64(36665), np.int64(7383), np.int64(16813), np.int64(33841), np.int64(22520), np.int64(9025), np.int64(36658), np.int64(32631), np.int64(42481), np.int64(6758), np.int64(37597), np.int64(25667), np.int64(18752), np.int64(6464), np.int64(24614), np.int64(49343), np.int64(23156), np.int64(31022))","(0, 0, 0, 0, 0, 1, 1, 0, 1, 0, 0, 0, 0, 1, 0, 0, 0, 1, 0, 0, 0, 1, 1, 0, 1, 0, 0, 1, 0, 0, 0, 0, 0, 1, 1, 0, 0, 1, 0, 0, 0, 1, 0, 1, 0, 1, 1, 0, 0, 0)"
17.18784,46,46.541376,1,"(np.int64(32242), np.int64(39455), np.int64(213), np.int64(22100), np.int64(34334), np.int64(20213), np.int64(32046), np.int64(10307), np.int64(25266), np.int64(157), np.int64(10503), np.int64(42346), np.int64(13311), np.int64(42665), np.int64(8768), np.int64(16702), np.int64(40806), np.int64(13937), np.int64(20360), np.int64(48900), np.int64(14348), np.int64(24182), np.int64(2622), np.int64(19718), np.int64(7889), np.int64(7027), np.int64(10786), np.int64(5120), np.int64(7768), np.int64(1925), np.int64(48046), np.int64(5522), np.int64(2784), np.int64(3350), np.int64(10154), np.int64(8078), np.int64(25219), np.int64(15801), np.int64(29818), np.int64(12619), np.int64(8350), np.int64(17427), np.int64(14470), np.int64(20941), np.int64(24948), np.int64(6454))","(0, 0, 1, 1, 0, 0, 0, 1, 0, 1, 1, 0, 1, 0, 1, 1, 0, 1, 1, 0, 0, 0, 1, 1, 1, 1, 0, 1, 1, 1, 0, 0, 1, 1, 1, 0, 1, 1, 0, 1, 0, 0, 1, 1, 1, 1)"
7.598372,25,46.836457,1,"(np.int64(3783), np.int64(2967), np.int64(15981), np.int64(20861), np.int64(39824), np.int64(19955), np.int64(16739), np.int64(34041), np.int64(25257), np.int64(36496), np.int64(39472), np.int64(43660), np.int64(40599), np.int64(37105), np.int64(30047), np.int64(14831), np.int64(29261), np.int64(18375), np.int64(45055), np.int64(21400), np.int64(20214), np.int64(33961), np.int64(48914), np.int64(3696), np.int64(3957))","(1, 1, 1, 1, 0, 1, 1, 0, 1, 0, 0, 0, 0, 0, 0, 1, 1, 0, 0, 0, 1, 0, 0, 1, 1)"
13.75546,50,47.421762,1,"(np.int64(48934), np.int64(45893), np.int64(6056), np.int64(13614), np.int64(10890), np.int64(41744), np.int64(38496), np.int64(18284), np.int64(23081), np.int64(35931), np.int64(534), np.int64(29064), np.int64(28411), np.int64(79), np.int64(46216), np.int64(43723), np.int64(16919), np.int64(10139), np.int64(29972), np.int64(31336), np.int64(33572), np.int64(24585), np.int64(20767), np.int64(318), np.int64(21964), np.int64(24480), np.int64(38542), np.int64(14118), np.int64(42400), np.int64(8444), np.int64(24662), np.int64(9032), np.int64(16465), np.int64(15291), np.int64(16680), np.int64(35442), np.int64(6492), np.int64(18595), np.int64(30051), np.int64(16293), np.int64(35305), np.int64(27782), np.int64(13038), np.int64(49623), np.int64(47111), np.int64(1791), np.int64(17469), np.int64(18628), np.int64(16414), np.int64(5057))","(0, 0, 1, 1, 1, 0, 0, 0, 0, 0, 1, 0, 0, 1, 0, 0, 1, 1, 0, 0, 0, 1, 1, 1, 1, 1, 0, 0, 0, 1, 1, 1, 0, 1, 1, 0, 1, 0, 0, 1, 0, 1, 1, 0, 0, 0, 0, 0, 0, 1)"
3.643417,13,47.581654,1,"(np.int64(16056), np.int64(31255), np.int64(46639), np.int64(29521), np.int64(7900), np.int64(20029), np.int64(33525), np.int64(37937), np.int64(14986), np.int64(27015), np.int64(46769), np.int64(30727), np.int64(15624))","(1, 1, 0, 0, 1, 1, 0, 0, 1, 0, 0, 0, 1)"
10.257066,50,48.13613,1,"(np.int64(37622), np.int64(42248), np.int64(16581), np.int64(48494), np.int64(26656), np.int64(49465), np.int64(19417), np.int64(15526), np.int64(37019), np.int64(47441), np.int64(2699), np.int64(21415), np.int64(31093), np.int64(26309), np.int64(20314), np.int64(7138), np.int64(2912), np.int64(38259), np.int64(48239), np.int64(25242), np.int64(35002), np.int64(36788), np.int64(21809), np.int64(17491), np.int64(6140), np.int64(3668), np.int64(14228), np.int64(14501), np.int64(26627), np.int64(4809), np.int64(3708), np.int64(32438), np.int64(41172), np.int64(45197), np.int64(21293), np.int64(33639), np.int64(4449), np.int64(1380), np.int64(35769), np.int64(34431), np.int64(28707), np.int64(21814), np.int64(49380), np.int64(22760), np.int64(26768), np.int64(29550), np.int64(18859), np.int64(45334), np.int64(28237), np.int64(26439))","(0, 0, 0, 0, 1, 0, 0, 0, 0, 0, 1, 1, 0, 0, 0, 1, 1, 0, 0, 1, 0, 0, 0, 0, 1, 1, 1, 1, 0, 1, 1, 0, 0, 0, 1, 0, 1, 1, 0, 0, 1, 0, 0, 0, 0, 0, 0, 0, 0, 0)"
14.811876,50,48.677912,1,"(np.int64(17934), np.int64(40396), np.int64(41086), np.int64(32174), np.int64(29752), np.int64(12523), np.int64(42435), np.int64(49245), np.int64(24418), np.int64(26190), np.int64(12950), np.int64(30812), np.int64(47845), np.int64(20273), np.int64(286), np.int64(26397), np.int64(37207), np.int64(49596), np.int64(5407), np.int64(12253), np.int64(11157), np.int64(1605), np.int64(22741), np.int64(9123), np.int64(49752), np.int64(18407), np.int64(42622), np.int64(3270), np.int64(31563), np.int64(6812), np.int64(11022), np.int64(24003), np.int64(10652), np.int64(19249), np.int64(27924), np.int64(5028), np.int64(48561), np.int64(18632), np.int64(48059), np.int64(36256), np.int64(2971), np.int64(68), np.int64(36255), np.int64(33908), np.int64(19673), np.int64(15263), np.int64(5033), np.int64(45141), np.int64(46635), np.int64(18209))","(0, 0, 0, 0, 0, 1, 0, 0, 1, 1, 1, 0, 0, 1, 1, 1, 1, 0, 1, 1, 1, 1, 0, 1, 0, 0, 0, 1, 0, 1, 1, 1, 1, 0, 1, 1, 0, 0, 0, 0, 1, 1, 0, 0, 0, 1, 1, 0, 0, 0)"
10.936728,47,49.17971,1,"(np.int64(25935), np.int64(5736), np.int64(42959), np.int64(34787), np.int64(5704), np.int64(32519), np.int64(23572), np.int64(9739), np.int64(24038), np.int64(2822), np.int64(40086), np.int64(36404), np.int64(15694), np.int64(40896), np.int64(5529), np.int64(10155), np.int64(38249), np.int64(5428), np.int64(38179), np.int64(31627), np.int64(4167), np.int64(5892), np.int64(46519), np.int64(17395), np.int64(30621), np.int64(42164), np.int64(12434), np.int64(19685), np.int64(43709), np.int64(23284), np.int64(39081), np.int64(16427), np.int64(32657), np.int64(12485), np.int64(21944), np.int64(34939), np.int64(29269), np.int64(48314), np.int64(14829), np.int64(44129), np.int64(31625), np.int64(31783), np.int64(4490), np.int64(30629), np.int64(22011), np.int64(46019), np.int64(31971))","(0, 1, 0, 0, 1, 0, 1, 1, 1, 1, 0, 0, 1, 0, 1, 1, 0, 1, 0, 0, 1, 1, 0, 0, 0, 0, 1, 1, 0, 0, 0, 1, 0, 1, 0, 0, 0, 0, 1, 0, 0, 0, 0, 0, 1, 0, 0)"
6.186591,17,49.370953,1,"(np.int64(28917), np.int64(23747), np.int64(43392), np.int64(9457), np.int64(15982), np.int64(31614), np.int64(12840), np.int64(24870), np.int64(23626), np.int64(15590), np.int64(30707), np.int64(32586), np.int64(13669), np.int64(29396), np.int64(37711), np.int64(6163), np.int64(10702))","(1, 1, 0, 1, 1, 0, 1, 0, 0, 1, 0, 0, 1, 1, 0, 1, 1)"
10.444781,47,49.874844,1,"(np.int64(35928), np.int64(18451), np.int64(21306), np.int64(40695), np.int64(40218), np.int64(30614), np.int64(29453), np.int64(41427), np.int64(49314), np.int64(12012), np.int64(26876), np.int64(21710), np.int64(46809), np.int64(23124), np.int64(38719), np.int64(44751), np.int64(45573), np.int64(37837), np.int64(31382), np.int64(2033), np.int64(10689), np.int64(46558), np.int64(37380), np.int64(16279), np.int64(36011), np.int64(48796), np.int64(1794), np.int64(27533), np.int64(13531), np.int64(34878), np.int64(13953), np.int64(20942), np.int64(4632), np.int64(7322), np.int64(19338), np.int64(34872), np.int64(16377), np.int64(46530), np.int64(21639), np.int64(807), np.int64(12971), np.int64(19118), np.int64(143), np.int64(48846), np.int64(6714), np.int64(46103), np.int64(37610))","(0, 0, 1, 0, 0, 0, 0, 0, 0, 1, 0, 1, 0, 0, 0, 0, 0, 0, 0, 1, 1, 1, 0, 1, 0, 0, 1, 0, 0, 0, 1, 1, 1, 1, 0, 0, 0, 0, 1, 1, 1, 0, 1, 0, 1, 0, 0)"
15.460952,50,50.410478,1,"(np.int64(42678), np.int64(2151), np.int64(42185), np.int64(5058), np.int64(11533), np.int64(31388), np.int64(22280), np.int64(12520), np.int64(43596), np.int64(12592), np.int64(23137), np.int64(42757), np.int64(39162), np.int64(21692), np.int64(1640), np.int64(37213), np.int64(24051), np.int64(12041), np.int64(13171), np.int64(42937), np.int64(22009), np.int64(279), np.int64(39905), np.int64(16668), np.int64(10986), np.int64(6767), np.int64(11930), np.int64(6983), np.int64(25726), np.int64(16458), np.int64(818), np.int64(2919), np.int64(49653), np.int64(44735), np.int64(45135), np.int64(33169), np.int64(48088), np.int64(28218), np.int64(22880), np.int64(24021), np.int64(4401), np.int64(24952), np.int64(46043), np.int64(4226), np.int64(41593), np.int64(26686), np.int64(49732), np.int64(45025), np.int64(37926), np.int64(10996))","(0, 1, 0, 1, 1, 1, 0, 1, 0, 1, 0, 0, 0, 1, 1, 1, 1, 1, 1, 0, 1, 1, 0, 1, 0, 1, 1, 1, 0, 0, 1, 1, 0, 0, 0, 0, 0, 0, 0, 1, 0, 1, 0, 1, 0, 0, 0, 0, 0, 1)"
13.1797,50,50.952523,1,"(np.int64(47457), np.int64(19643), np.int64(40361), np.int64(4985), np.int64(880), np.int64(20512), np.int64(23463), np.int64(6658), np.int64(35380), np.int64(17303), np.int64(38889), np.int64(39324), np.int64(18942), np.int64(34679), np.int64(11489), np.int64(22101), np.int64(9167), np.int64(5645), np.int64(29867), np.int64(41029), np.int64(31207), np.int64(31004), np.int64(26150), np.int64(26421), np.int64(3379), np.int64(7216), np.int64(44134), np.int64(35103), np.int64(34621), np.int64(928), np.int64(34842), np.int64(48400), np.int64(11065), np.int64(21813), np.int64(42190), np.int64(16549), np.int64(37691), np.int64(41389), np.int64(34038), np.int64(44887), np.int64(21260), np.int64(16653), np.int64(25649), np.int64(41103), np.int64(21368), np.int64(45802), np.int64(33854), np.int64(17225), np.int64(13291), np.int64(21032))","(0, 1, 0, 1, 1, 0, 1, 1, 0, 0, 0, 0, 1, 0, 1, 1, 1, 0, 0, 0, 0, 1, 1, 0, 1, 1, 0, 0, 0, 1, 0, 0, 1, 1, 0, 1, 0, 0, 0, 0, 0, 1, 1, 0, 1, 0, 0, 0, 1, 1)"
7.261599,50,51.488215,1,"(np.int64(7150), np.int64(26946), np.int64(34854), np.int64(4584), np.int64(19627), np.int64(22836), np.int64(32290), np.int64(31221), np.int64(35190), np.int64(6685), np.int64(21916), np.int64(20421), np.int64(44422), np.int64(30258), np.int64(23455), np.int64(43016), np.int64(26048), np.int64(14698), np.int64(23310), np.int64(48886), np.int64(37609), np.int64(30323), np.int64(5873), np.int64(37677), np.int64(36145), np.int64(36289), np.int64(45385), np.int64(37187), np.int64(40730), np.int64(36105), np.int64(16533), np.int64(39920), np.int64(41059), np.int64(48399), np.int64(18882), np.int64(23065), np.int64(18925), np.int64(175), np.int64(27579), np.int64(34542), np.int64(48478), np.int64(37915), np.int64(29140), np.int64(39570), np.int64(13623), np.int64(40553), np.int64(40104), np.int64(30050), np.int64(35074), np.int64(29590))","(0, 0, 0, 1, 1, 0, 0, 1, 0, 0, 1, 0, 0, 0, 1, 0, 0, 1, 0, 0, 0, 0, 1, 0, 0, 0, 0, 0, 0, 0, 1, 0, 0, 0, 1, 0, 0, 1, 0, 0, 0, 0, 1, 0, 1, 0, 0, 0, 0, 0)"
14.126161,49,52.015372,1,"(np.int64(33676), np.int64(13021), np.int64(28969), np.int64(42385), np.int64(20028), np.int64(34970), np.int64(28157), np.int64(25889), np.int64(11023), np.int64(10027), np.int64(2342), np.int64(40282), np.int64(27763), np.int64(46035), np.int64(35624), np.int64(49439), np.int64(4689), np.int64(12342), np.int64(43302), np.int64(9926), np.int64(5111), np.int64(7381), np.int64(10920), np.int64(10046), np.int64(12370), np.int64(14148), np.int64(38051), np.int64(47082), np.int64(48358), np.int64(44592), np.int64(19934), np.int64(7191), np.int64(9868), np.int64(765), np.int64(18294), np.int64(4776), np.int64(3332), np.int64(38112), np.int64(12586), np.int64(9919), np.int64(22389), np.int64(41430), np.int64(49726), np.int64(11042), np.int64(49358), np.int64(31458), np.int64(20338), np.int64(23173), np.int64(11714))","(0, 0, 1, 0, 1, 0, 0, 0, 1, 1, 0, 0, 0, 0, 0, 0, 1, 1, 0, 1, 1, 1, 1, 1, 1, 1, 0, 1, 0, 0, 0, 1, 1, 1, 0, 1, 1, 0, 1, 1, 0, 0, 0, 1, 0, 0, 1, 0, 1)"
15.115684,50,52.550111,1,"(np.int64(20476), np.int64(36967), np.int64(11159), np.int64(24792), np.int64(2890), np.int64(36636), np.int64(11081), np.int64(40838), np.int64(16184), np.int64(5920), np.int64(19033), np.int64(32375), np.int64(33248), np.int64(23420), np.int64(16660), np.int64(42927), np.int64(25070), np.int64(1339), np.int64(21064), np.int64(26637), np.int64(24864), np.int64(20634), np.int64(48347), np.int64(46852), np.int64(22076), np.int64(8553), np.int64(22427), np.int64(32324), np.int64(21723), np.int64(25501), np.int64(44685), np.int64(31272), np.int64(1700), np.int64(15708), np.int64(14558), np.int64(9806), np.int64(3139), np.int64(29025), np.int64(18496), np.int64(15045), np.int64(43772), np.int64(3647), np.int64(10860), np.int64(25653), np.int64(46462), np.int64(15245), np.int64(33283), np.int64(39650), np.int64(8960), np.int64(41631))","(0, 0, 1, 0, 1, 0, 1, 0, 1, 1, 1, 0, 0, 1, 1, 0, 0, 1, 1, 0, 0, 1, 0, 0, 1, 1, 0, 0, 1, 1, 0, 1, 1, 0, 0, 0, 1, 1, 0, 1, 0, 1, 1, 0, 0, 1, 0, 0, 1, 0)"
13.065077,50,53.084995,1,"(np.int64(40368), np.int64(27010), np.int64(14116), np.int64(17238), np.int64(44973), np.int64(39703), np.int64(13154), np.int64(30592), np.int64(19972), np.int64(43298), np.int64(31663), np.int64(34319), np.int64(34260), np.int64(23431), np.int64(33450), np.int64(10761), np.int64(21253), np.int64(29434), np.int64(42766), np.int64(2357), np.int64(7509), np.int64(29997), np.int64(33893), np.int64(9627), np.int64(8602), np.int64(9417), np.int64(6323), np.int64(29872), np.int64(6122), np.int64(8451), np.int64(24202), np.int64(27254), np.int64(29552), np.int64(5398), np.int64(33085), np.int64(20435), np.int64(17831), np.int64(12271), np.int64(7310), np.int64(43527), np.int64(10006), np.int64(48946), np.int64(40189), np.int64(64), np.int64(42226), np.int64(30201), np.int64(2461), np.int64(33473), np.int64(1331), np.int64(19189))","(0, 1, 1, 0, 0, 0, 1, 0, 0, 0, 0, 0, 0, 1, 0, 1, 0, 0, 0, 0, 1, 0, 0, 1, 1, 1, 1, 0, 1, 1, 0, 1, 0, 1, 0, 1, 0, 1, 1, 0, 1, 0, 0, 1, 0, 0, 0, 0, 1, 1)"
7.478897,28,53.386427,1,"(np.int64(45615), np.int64(3780), np.int64(30618), np.int64(15765), np.int64(20223), np.int64(2141), np.int64(36723), np.int64(12138), np.int64(38761), np.int64(31252), np.int64(29706), np.int64(5263), np.int64(48461), np.int64(19522), np.int64(19173), np.int64(47414), np.int64(48111), np.int64(22405), np.int64(21441), np.int64(45910), np.int64(14984), np.int64(47133), np.int64(4495), np.int64(34240), np.int64(44192), np.int64(27487), np.int64(22942), np.int64(23110))","(0, 1, 0, 1, 1, 1, 0, 1, 0, 1, 0, 1, 0, 1, 1, 0, 0, 0, 1, 0, 1, 0, 1, 0, 0, 0, 0, 0)"
10.018114,50,53.921842,1,"(np.int64(34893), np.int64(17582), np.int64(29583), np.int64(40348), np.int64(32920), np.int64(6773), np.int64(11502), np.int64(24172), np.int64(542), np.int64(29259), np.int64(10701), np.int64(25402), np.int64(20607), np.int64(18485), np.int64(40808), np.int64(13875), np.int64(38723), np.int64(30526), np.int64(31246), np.int64(16100), np.int64(15714), np.int64(3752), np.int64(227), np.int64(45734), np.int64(20860), np.int64(49115), np.int64(31730), np.int64(30971), np.int64(8042), np.int64(29236), np.int64(22934), np.int64(11431), np.int64(17828), np.int64(31839), np.int64(28626), np.int64(38903), np.int64(43933), np.int64(30424), np.int64(13968), np.int64(33145), np.int64(43518), np.int64(44131), np.int64(29717), np.int64(22333), np.int64(27291), np.int64(34994), np.int64(47101), np.int64(6462), np.int64(6687), np.int64(2584))","(0, 0, 1, 0, 0, 1, 1, 0, 1, 0, 1, 0, 1, 0, 0, 0, 0, 0, 1, 0, 0, 1, 1, 0, 1, 0, 0, 0, 1, 0, 0, 1, 0, 0, 1, 0, 0, 0, 1, 0, 0, 0, 0, 0, 0, 0, 0, 1, 1, 1)"
9.482341,48,54.444113,1,"(np.int64(15054), np.int64(29302), np.int64(43185), np.int64(47181), np.int64(10648), np.int64(34515), np.int64(33342), np.int64(49334), np.int64(17254), np.int64(11874), np.int64(11445), np.int64(10183), np.int64(15439), np.int64(39315), np.int64(21910), np.int64(45226), np.int64(21461), np.int64(30956), np.int64(27018), np.int64(27476), np.int64(18575), np.int64(32666), np.int64(5323), np.int64(36598), np.int64(46795), np.int64(2623), np.int64(23755), np.int64(26457), np.int64(15393), np.int64(48898), np.int64(11438), np.int64(36244), np.int64(34738), np.int64(12657), np.int64(8295), np.int64(1748), np.int64(13919), np.int64(30852), np.int64(38708), np.int64(29687), np.int64(47290), np.int64(17280), np.int64(32079), np.int64(23524), np.int64(7141), np.int64(39129), np.int64(46399), np.int64(39876))","(1, 1, 0, 0, 1, 0, 0, 0, 0, 0, 0, 1, 0, 0, 1, 0, 1, 0, 0, 0, 0, 0, 1, 0, 0, 1, 0, 0, 1, 0, 1, 0, 0, 1, 1, 1, 1, 0, 0, 0, 0, 0, 0, 1, 1, 0, 0, 0)"
6.218305,16,54.621557,1,"(np.int64(37151), np.int64(7254), np.int64(13258), np.int64(48363), np.int64(8499), np.int64(48636), np.int64(13292), np.int64(19263), np.int64(1431), np.int64(22902), np.int64(9868), np.int64(27016), np.int64(21115), np.int64(2419), np.int64(7081), np.int64(2882))","(0, 1, 1, 0, 1, 0, 1, 1, 1, 0, 1, 0, 1, 0, 1, 1)"
11.923313,50,55.157919,1,"(np.int64(24800), np.int64(41744), np.int64(35277), np.int64(20031), np.int64(20317), np.int64(36098), np.int64(36913), np.int64(12159), np.int64(11936), np.int64(40194), np.int64(47380), np.int64(12294), np.int64(11152), np.int64(27084), np.int64(4704), np.int64(2145), np.int64(2576), np.int64(17869), np.int64(49153), np.int64(11799), np.int64(41420), np.int64(39104), np.int64(19489), np.int64(337), np.int64(26864), np.int64(42606), np.int64(38430), np.int64(2743), np.int64(27753), np.int64(15319), np.int64(4768), np.int64(30210), np.int64(13159), np.int64(33855), np.int64(5880), np.int64(11840), np.int64(23210), np.int64(13866), np.int64(25459), np.int64(47572), np.int64(48197), np.int64(40152), np.int64(40179), np.int64(46780), np.int64(41465), np.int64(2801), np.int64(36953), np.int64(6773), np.int64(45545), np.int64(2227))","(0, 0, 0, 0, 1, 0, 0, 1, 1, 0, 0, 1, 1, 1, 1, 1, 1, 0, 0, 0, 0, 0, 0, 1, 0, 0, 0, 1, 0, 1, 1, 0, 1, 0, 1, 1, 0, 1, 0, 0, 0, 0, 0, 0, 0, 1, 0, 1, 0, 0)"
10.611874,50,55.696495,1,"(np.int64(48467), np.int64(46937), np.int64(35139), np.int64(47817), np.int64(8377), np.int64(1624), np.int64(43011), np.int64(34970), np.int64(2293), np.int64(45315), np.int64(45679), np.int64(26553), np.int64(33015), np.int64(7600), np.int64(15966), np.int64(5041), np.int64(10764), np.int64(48684), np.int64(37888), np.int64(49805), np.int64(46091), np.int64(13877), np.int64(41863), np.int64(36441), np.int64(27493), np.int64(15711), np.int64(32658), np.int64(36023), np.int64(14114), np.int64(41473), np.int64(12377), np.int64(7766), np.int64(43875), np.int64(45442), np.int64(47044), np.int64(5888), np.int64(36777), np.int64(2915), np.int64(12769), np.int64(17404), np.int64(37590), np.int64(3639), np.int64(21152), np.int64(47005), np.int64(5813), np.int64(49229), np.int64(47536), np.int64(4718), np.int64(41177), np.int64(48204))","(0, 0, 0, 0, 1, 1, 0, 0, 0, 0, 0, 0, 0, 1, 1, 1, 1, 0, 0, 0, 0, 1, 0, 0, 0, 0, 0, 0, 1, 0, 1, 1, 0, 0, 0, 1, 0, 1, 1, 0, 0, 1, 1, 0, 1, 0, 0, 1, 0, 0)"
6.234699,32,56.050516,1,"(np.int64(35044), np.int64(28147), np.int64(28622), np.int64(45453), np.int64(20032), np.int64(4976), np.int64(45368), np.int64(29615), np.int64(29713), np.int64(46632), np.int64(10200), np.int64(25974), np.int64(28749), np.int64(44749), np.int64(18235), np.int64(35070), np.int64(47782), np.int64(45538), np.int64(43734), np.int64(8198), np.int64(30610), np.int64(14010), np.int64(30142), np.int64(16331), np.int64(23701), np.int64(11473), np.int64(39326), np.int64(37612), np.int64(19468), np.int64(40257), np.int64(22715), np.int64(22736))","(0, 0, 1, 0, 0, 1, 0, 0, 0, 1, 1, 0, 1, 0, 0, 0, 0, 0, 0, 0, 0, 1, 1, 1, 1, 1, 0, 0, 1, 0, 0, 0)"
17.861397,50,56.593549,1,"(np.int64(32459), np.int64(46252), np.int64(14659), np.int64(20297), np.int64(4287), np.int64(38171), np.int64(39736), np.int64(43629), np.int64(44094), np.int64(14265), np.int64(2899), np.int64(19807), np.int64(21703), np.int64(8673), np.int64(4318), np.int64(44643), np.int64(18487), np.int64(17014), np.int64(30141), np.int64(6604), np.int64(21698), np.int64(23841), np.int64(11102), np.int64(5128), np.int64(3158), np.int64(33297), np.int64(17985), np.int64(3831), np.int64(19143), np.int64(4840), np.int64(35839), np.int64(21765), np.int64(34363), np.int64(8618), np.int64(30953), np.int64(4792), np.int64(20732), np.int64(2589), np.int64(41811), np.int64(27569), np.int64(49747), np.int64(29665), np.int64(6183), np.int64(19719), np.int64(48435), np.int64(12215), np.int64(31244), np.int64(9858), np.int64(30190), np.int64(20250))","(0, 0, 1, 1, 1, 0, 0, 0, 0, 1, 1, 1, 1, 1, 1, 0, 0, 1, 0, 1, 1, 1, 1, 1, 0, 0, 0, 1, 1, 1, 0, 1, 0, 1, 0, 1, 1, 1, 0, 0, 0, 0, 1, 1, 0, 1, 1, 1, 0, 1)"
7.267123,38,56.997091,1,"(np.int64(40060), np.int64(21612), np.int64(34180), np.int64(6377), np.int64(32539), np.int64(8570), np.int64(36560), np.int64(28443), np.int64(7114), np.int64(32767), np.int64(46308), np.int64(32436), np.int64(44739), np.int64(49468), np.int64(22948), np.int64(16910), np.int64(34624), np.int64(39403), np.int64(19229), np.int64(37404), np.int64(23443), np.int64(49992), np.int64(46299), np.int64(10463), np.int64(18366), np.int64(27626), np.int64(19898), np.int64(28968), np.int64(44015), np.int64(23978), np.int64(17929), np.int64(35957), np.int64(27768), np.int64(20237), np.int64(9490), np.int64(19182), np.int64(25679), np.int64(37896))","(0, 0, 0, 1, 0, 1, 0, 0, 1, 0, 0, 0, 0, 0, 0, 1, 0, 0, 1, 0, 1, 0, 0, 0, 0, 0, 0, 1, 0, 1, 1, 0, 1, 1, 1, 0, 0, 0)"
14.253884,50,57.539531,1,"(np.int64(49690), np.int64(13147), np.int64(4546), np.int64(49929), np.int64(32638), np.int64(12038), np.int64(43332), np.int64(13965), np.int64(46762), np.int64(22659), np.int64(13822), np.int64(36585), np.int64(7155), np.int64(37033), np.int64(17092), np.int64(28090), np.int64(16020), np.int64(8041), np.int64(39201), np.int64(31304), np.int64(41784), np.int64(1612), np.int64(24312), np.int64(4975), np.int64(42753), np.int64(28197), np.int64(19981), np.int64(12951), np.int64(43461), np.int64(39863), np.int64(46514), np.int64(21133), np.int64(15665), np.int64(9920), np.int64(3414), np.int64(16568), np.int64(35571), np.int64(13417), np.int64(25958), np.int64(47713), np.int64(6021), np.int64(23482), np.int64(10491), np.int64(47560), np.int64(45213), np.int64(25747), np.int64(28453), np.int64(24357), np.int64(20397), np.int64(28488))","(0, 1, 1, 0, 0, 1, 0, 1, 0, 0, 1, 0, 0, 0, 1, 1, 0, 1, 0, 1, 0, 1, 1, 1, 0, 0, 1, 1, 0, 0, 0, 1, 1, 1, 1, 0, 0, 1, 1, 0, 1, 0, 1, 0, 0, 1, 0, 0, 0, 1)"
8.705442,37,57.946338,1,"(np.int64(40088), np.int64(40675), np.int64(48548), np.int64(25454), np.int64(33739), np.int64(22343), np.int64(9636), np.int64(19901), np.int64(3017), np.int64(21225), np.int64(8837), np.int64(38285), np.int64(40416), np.int64(47522), np.int64(44498), np.int64(19761), np.int64(30894), np.int64(41349), np.int64(23819), np.int64(14315), np.int64(12005), np.int64(7028), np.int64(588), np.int64(30766), np.int64(47480), np.int64(3603), np.int64(29979), np.int64(41231), np.int64(36104), np.int64(343), np.int64(361), np.int64(1846), np.int64(30759), np.int64(22325), np.int64(6994), np.int64(34850), np.int64(28157))","(0, 0, 0, 1, 0, 0, 1, 0, 1, 0, 0, 0, 0, 0, 0, 1, 0, 0, 1, 1, 1, 1, 1, 0, 0, 0, 0, 0, 0, 1, 1, 1, 0, 0, 1, 0, 0)"
5.434,37,58.344352,1,"(np.int64(39155), np.int64(26947), np.int64(49723), np.int64(47993), np.int64(30836), np.int64(48485), np.int64(44266), np.int64(16262), np.int64(48272), np.int64(11318), np.int64(21461), np.int64(28449), np.int64(14997), np.int64(9708), np.int64(2658), np.int64(35578), np.int64(43625), np.int64(2860), np.int64(7647), np.int64(38493), np.int64(48876), np.int64(40014), np.int64(1475), np.int64(45328), np.int64(39902), np.int64(21517), np.int64(40403), np.int64(35429), np.int64(22498), np.int64(16745), np.int64(18010), np.int64(32053), np.int64(23530), np.int64(32619), np.int64(28363), np.int64(27805), np.int64(2279))","(0, 0, 0, 0, 0, 0, 0, 1, 0, 1, 1, 0, 1, 1, 1, 0, 0, 1, 1, 0, 0, 0, 1, 0, 0, 0, 0, 0, 0, 0, 0, 0, 0, 0, 0, 0, 0)"
10.863477,50,58.880165,1,"(np.int64(42300), np.int64(47833), np.int64(33426), np.int64(12831), np.int64(38603), np.int64(1862), np.int64(48001), np.int64(45062), np.int64(38090), np.int64(1183), np.int64(23114), np.int64(48724), np.int64(6572), np.int64(2976), np.int64(20283), np.int64(7693), np.int64(16021), np.int64(34868), np.int64(46432), np.int64(49972), np.int64(46961), np.int64(9522), np.int64(39631), np.int64(42992), np.int64(18965), np.int64(43934), np.int64(46425), np.int64(30227), np.int64(39964), np.int64(21624), np.int64(39749), np.int64(48349), np.int64(20647), np.int64(18779), np.int64(45226), np.int64(47033), np.int64(15547), np.int64(6488), np.int64(25367), np.int64(44058), np.int64(47083), np.int64(76), np.int64(36292), np.int64(27117), np.int64(16103), np.int64(44625), np.int64(19391), np.int64(27918), np.int64(44605), np.int64(15099))","(0, 0, 0, 1, 0, 1, 0, 0, 0, 1, 0, 0, 1, 1, 1, 1, 0, 0, 0, 0, 0, 1, 0, 0, 1, 0, 0, 0, 0, 0, 0, 1, 1, 0, 0, 0, 1, 0, 1, 0, 0, 1, 0, 0, 1, 0, 1, 1, 0, 1)"
3.432802,15,59.047511,1,"(np.int64(5213), np.int64(10662), np.int64(32539), np.int64(34210), np.int64(18529), np.int64(46846), np.int64(20125), np.int64(38643), np.int64(27757), np.int64(26613), np.int64(42097), np.int64(16863), np.int64(32626), np.int64(11565), np.int64(32668))","(1, 1, 0, 0, 0, 1, 1, 0, 0, 0, 0, 1, 0, 1, 0)"
7.644606,35,59.425465,1,"(np.int64(44095), np.int64(27976), np.int64(30407), np.int64(24468), np.int64(5290), np.int64(15055), np.int64(1403), np.int64(42110), np.int64(49283), np.int64(13710), np.int64(6605), np.int64(46351), np.int64(32826), np.int64(46078), np.int64(41947), np.int64(40491), np.int64(1951), np.int64(24782), np.int64(33084), np.int64(22107), np.int64(1436), np.int64(19706), np.int64(3358), np.int64(48), np.int64(40663), np.int64(16957), np.int64(3062), np.int64(23788), np.int64(46267), np.int64(26804), np.int64(44143), np.int64(20586), np.int64(47461), np.int64(32148), np.int64(16225))","(0, 1, 0, 0, 1, 1, 1, 0, 0, 0, 0, 0, 0, 0, 0, 0, 1, 0, 0, 0, 1, 1, 1, 1, 0, 1, 1, 0, 0, 0, 0, 0, 0, 0, 1)"
4.674409,14,59.579775,1,"(np.int64(20715), np.int64(26420), np.int64(20700), np.int64(45179), np.int64(4463), np.int64(19524), np.int64(44721), np.int64(15057), np.int64(8772), np.int64(47565), np.int64(30470), np.int64(24929), np.int64(40194), np.int64(41323))","(1, 1, 1, 0, 1, 1, 0, 1, 1, 0, 0, 1, 0, 0)"
14.786035,50,60.114754,1,"(np.int64(38471), np.int64(35978), np.int64(18574), np.int64(802), np.int64(6893), np.int64(36532), np.int64(3011), np.int64(34801), np.int64(26498), np.int64(9535), np.int64(18669), np.int64(37225), np.int64(49234), np.int64(37920), np.int64(19324), np.int64(45109), np.int64(19477), np.int64(48645), np.int64(48249), np.int64(33055), np.int64(49088), np.int64(44495), np.int64(6164), np.int64(21707), np.int64(31439), np.int64(42674), np.int64(27318), np.int64(33824), np.int64(944), np.int64(28933), np.int64(29947), np.int64(3269), np.int64(5750), np.int64(12748), np.int64(20043), np.int64(28666), np.int64(6523), np.int64(43561), np.int64(8678), np.int64(49499), np.int64(34444), np.int64(28640), np.int64(5342), np.int64(3063), np.int64(6247), np.int64(19861), np.int64(48847), np.int64(44177), np.int64(22237), np.int64(11382))","(0, 0, 0, 1, 1, 0, 1, 0, 1, 1, 1, 0, 0, 0, 1, 0, 1, 0, 0, 0, 0, 0, 1, 1, 0, 0, 1, 0, 1, 0, 0, 1, 1, 1, 1, 1, 1, 0, 1, 0, 0, 1, 1, 1, 1, 0, 0, 0, 0, 1)"
13.520243,50,60.653846,1,"(np.int64(34243), np.int64(3058), np.int64(21772), np.int64(20443), np.int64(35973), np.int64(8326), np.int64(29000), np.int64(49350), np.int64(31688), np.int64(41545), np.int64(20555), np.int64(42070), np.int64(1221), np.int64(39494), np.int64(23203), np.int64(22152), np.int64(47070), np.int64(34435), np.int64(19329), np.int64(47512), np.int64(32620), np.int64(15730), np.int64(3360), np.int64(4034), np.int64(10879), np.int64(13560), np.int64(25308), np.int64(16306), np.int64(27113), np.int64(1149), np.int64(1593), np.int64(19159), np.int64(29828), np.int64(39293), np.int64(37295), np.int64(8738), np.int64(25134), np.int64(43716), np.int64(14385), np.int64(37536), np.int64(46793), np.int64(6411), np.int64(38044), np.int64(1587), np.int64(33267), np.int64(38301), np.int64(34958), np.int64(12726), np.int64(42127), np.int64(46138))","(0, 1, 0, 0, 0, 1, 0, 0, 0, 0, 1, 0, 1, 0, 0, 1, 0, 0, 1, 0, 0, 1, 1, 1, 1, 1, 1, 1, 0, 1, 1, 1, 0, 0, 0, 1, 0, 0, 1, 0, 0, 1, 0, 1, 1, 0, 0, 1, 0, 0)"
7.765331,31,60.987654,1,"(np.int64(35292), np.int64(26123), np.int64(20669), np.int64(44345), np.int64(19761), np.int64(46329), np.int64(17041), np.int64(32912), np.int64(14764), np.int64(2234), np.int64(283), np.int64(23046), np.int64(4793), np.int64(37220), np.int64(39006), np.int64(44524), np.int64(12950), np.int64(33711), np.int64(41047), np.int64(11550), np.int64(4023), np.int64(3668), np.int64(2985), np.int64(15364), np.int64(35314), np.int64(43632), np.int64(6448), np.int64(36549), np.int64(25991), np.int64(22244), np.int64(29481))","(0, 1, 0, 0, 1, 0, 0, 0, 1, 0, 1, 0, 1, 0, 0, 0, 1, 0, 0, 1, 1, 1, 1, 1, 0, 0, 1, 0, 0, 0, 0)"
15.517225,50,61.526786,1,"(np.int64(20950), np.int64(4653), np.int64(36130), np.int64(49222), np.int64(954), np.int64(27876), np.int64(13465), np.int64(19063), np.int64(20625), np.int64(10741), np.int64(11218), np.int64(47635), np.int64(22992), np.int64(45690), np.int64(3471), np.int64(27759), np.int64(16248), np.int64(7848), np.int64(15126), np.int64(6000), np.int64(44788), np.int64(18900), np.int64(12314), np.int64(45824), np.int64(2036), np.int64(40407), np.int64(2643), np.int64(23566), np.int64(43896), np.int64(35220), np.int64(49362), np.int64(14177), np.int64(15422), np.int64(9105), np.int64(26945), np.int64(32721), np.int64(12011), np.int64(10860), np.int64(37562), np.int64(45270), np.int64(35074), np.int64(47347), np.int64(12256), np.int64(31219), np.int64(47660), np.int64(40432), np.int64(41174), np.int64(14454), np.int64(43541), np.int64(31090))","(1, 1, 0, 0, 1, 1, 1, 1, 0, 1, 1, 0, 0, 0, 1, 0, 1, 1, 1, 1, 0, 1, 1, 0, 1, 0, 1, 0, 0, 0, 0, 1, 1, 1, 0, 0, 1, 1, 0, 0, 0, 0, 1, 1, 0, 0, 0, 1, 0, 0)"
5.515647,26,61.808519,1,"(np.int64(4308), np.int64(20693), np.int64(7371), np.int64(38726), np.int64(31443), np.int64(48366), np.int64(12273), np.int64(31269), np.int64(18171), np.int64(37762), np.int64(19965), np.int64(20846), np.int64(33379), np.int64(39016), np.int64(37286), np.int64(29493), np.int64(27217), np.int64(45115), np.int64(19929), np.int64(3228), np.int64(32585), np.int64(27035), np.int64(44080), np.int64(23483), np.int64(15038), np.int64(5167))","(1, 1, 1, 0, 0, 0, 1, 0, 0, 0, 0, 1, 0, 0, 0, 0, 0, 0, 1, 1, 0, 0, 0, 1, 0, 1)"
13.22744,50,62.346078,1,"(np.int64(3808), np.int64(4970), np.int64(16335), np.int64(8650), np.int64(25084), np.int64(12072), np.int64(1605), np.int64(29513), np.int64(12736), np.int64(16554), np.int64(38271), np.int64(20116), np.int64(7654), np.int64(6866), np.int64(42938), np.int64(18986), np.int64(8275), np.int64(28886), np.int64(47945), np.int64(35319), np.int64(7768), np.int64(7440), np.int64(46288), np.int64(14040), np.int64(5733), np.int64(48118), np.int64(26794), np.int64(28043), np.int64(20164), np.int64(21136), np.int64(22630), np.int64(26168), np.int64(42760), np.int64(33158), np.int64(20245), np.int64(30876), np.int64(8237), np.int64(22200), np.int64(49266), np.int64(32040), np.int64(38886), np.int64(9024), np.int64(27732), np.int64(46944), np.int64(22136), np.int64(6050), np.int64(45956), np.int64(49433), np.int64(39536), np.int64(2908))","(1, 1, 0, 1, 0, 1, 1, 0, 0, 0, 0, 1, 1, 1, 0, 1, 1, 1, 0, 0, 1, 1, 0, 1, 0, 0, 1, 0, 1, 1, 0, 0, 0, 0, 0, 0, 1, 0, 0, 0, 0, 1, 0, 0, 1, 0, 0, 0, 0, 1)"
4.463683,9,62.451916,1,"(np.int64(30993), np.int64(4966), np.int64(19811), np.int64(20158), np.int64(26651), np.int64(3615), np.int64(6654), np.int64(20737), np.int64(21104))","(0, 1, 1, 1, 0, 1, 1, 1, 1)"
5.76969,22,62.690745,1,"(np.int64(9144), np.int64(45594), np.int64(30736), np.int64(867), np.int64(33062), np.int64(16624), np.int64(41132), np.int64(20638), np.int64(25536), np.int64(43113), np.int64(8028), np.int64(27576), np.int64(10777), np.int64(5713), np.int64(20878), np.int64(31013), np.int64(21406), np.int64(4960), np.int64(27352), np.int64(32081), np.int64(44122), np.int64(36657))","(1, 0, 0, 1, 0, 1, 0, 1, 0, 0, 1, 0, 1, 1, 1, 0, 1, 1, 0, 0, 0, 0)"
10.822991,50,63.226772,1,"(np.int64(39105), np.int64(39132), np.int64(18890), np.int64(30127), np.int64(29203), np.int64(47495), np.int64(40111), np.int64(8954), np.int64(3565), np.int64(33778), np.int64(2459), np.int64(31417), np.int64(39865), np.int64(12942), np.int64(40805), np.int64(22714), np.int64(46272), np.int64(31352), np.int64(21198), np.int64(27745), np.int64(263), np.int64(33403), np.int64(31195), np.int64(46355), np.int64(16765), np.int64(35884), np.int64(4412), np.int64(10449), np.int64(46837), np.int64(48596), np.int64(13044), np.int64(15895), np.int64(41803), np.int64(1019), np.int64(26745), np.int64(43327), np.int64(11614), np.int64(38296), np.int64(38176), np.int64(8997), np.int64(13066), np.int64(35535), np.int64(46958), np.int64(3441), np.int64(7353), np.int64(14357), np.int64(24916), np.int64(47077), np.int64(30526), np.int64(23094))","(0, 0, 0, 0, 1, 0, 0, 1, 1, 0, 0, 0, 0, 1, 0, 0, 0, 1, 1, 0, 1, 0, 0, 0, 1, 0, 0, 1, 0, 0, 1, 0, 0, 1, 0, 0, 1, 0, 0, 1, 1, 0, 0, 1, 1, 1, 1, 0, 0, 0)"
5.039369,24,63.490543,1,"(np.int64(15776), np.int64(48167), np.int64(23789), np.int64(29429), np.int64(2155), np.int64(484), np.int64(45016), np.int64(29077), np.int64(23551), np.int64(39909), np.int64(42325), np.int64(5342), np.int64(43689), np.int64(4447), np.int64(44721), np.int64(49715), np.int64(37310), np.int64(17228), np.int64(32568), np.int64(40538), np.int64(2709), np.int64(38597), np.int64(35601), np.int64(23997))","(0, 0, 1, 0, 1, 1, 0, 1, 0, 0, 0, 1, 0, 1, 0, 0, 0, 0, 0, 0, 1, 0, 0, 1)"
3.058709,18,63.690068,1,"(np.int64(46376), np.int64(16312), np.int64(15793), np.int64(27246), np.int64(3194), np.int64(7520), np.int64(16406), np.int64(21787), np.int64(36704), np.int64(18393), np.int64(26647), np.int64(43109), np.int64(32228), np.int64(11387), np.int64(26624), np.int64(24899), np.int64(27914), np.int64(30435))","(0, 1, 0, 1, 1, 1, 0, 0, 0, 0, 0, 0, 0, 0, 0, 0, 1, 0)"
10.808806,42,64.141714,1,"(np.int64(21939), np.int64(23584), np.int64(47003), np.int64(26481), np.int64(22582), np.int64(39067), np.int64(20524), np.int64(8233), np.int64(8956), np.int64(21028), np.int64(14702), np.int64(7472), np.int64(42123), np.int64(46879), np.int64(26737), np.int64(20260), np.int64(27849), np.int64(13418), np.int64(19664), np.int64(37421), np.int64(39461), np.int64(1837), np.int64(29176), np.int64(35593), np.int64(4189), np.int64(6746), np.int64(376), np.int64(2322), np.int64(24859), np.int64(42980), np.int64(48670), np.int64(44094), np.int64(16598), np.int64(491), np.int64(1633), np.int64(37186), np.int64(24974), np.int64(47714), np.int64(31967), np.int64(31517), np.int64(29259), np.int64(19025))","(1, 0, 0, 1, 0, 0, 0, 1, 1, 1, 1, 1, 0, 0, 0, 1, 0, 1, 0, 0, 0, 1, 1, 0, 1, 1, 1, 0, 0, 0, 1, 0, 0, 1, 1, 0, 1, 0, 0, 0, 0, 0)"
5.396535,18,64.340484,1,"(np.int64(42531), np.int64(11938), np.int64(32527), np.int64(29971), np.int64(14499), np.int64(15403), np.int64(14409), np.int64(38658), np.int64(28206), np.int64(22024), np.int64(23877), np.int64(37335), np.int64(697), np.int64(35793), np.int64(5334), np.int64(29719), np.int64(40024), np.int64(1472))","(0, 1, 0, 0, 1, 1, 1, 0, 0, 1, 1, 0, 1, 0, 1, 0, 0, 1)"
6.931475,28,64.642529,1,"(np.int64(23714), np.int64(32663), np.int64(12933), np.int64(14749), np.int64(11042), np.int64(18151), np.int64(48063), np.int64(43868), np.int64(22722), np.int64(30949), np.int64(18196), np.int64(32623), np.int64(12588), np.int64(43582), np.int64(34685), np.int64(13687), np.int64(4567), np.int64(48305), np.int64(9442), np.int64(39196), np.int64(5), np.int64(43593), np.int64(8708), np.int64(13953), np.int64(13333), np.int64(27370), np.int64(1664), np.int64(18365))","(0, 0, 1, 1, 1, 0, 0, 0, 0, 0, 0, 0, 1, 0, 0, 0, 1, 0, 1, 0, 1, 0, 0, 1, 1, 1, 1, 0)"
7.463932,35,65.017214,1,"(np.int64(28409), np.int64(48884), np.int64(10969), np.int64(35944), np.int64(20127), np.int64(42193), np.int64(9225), np.int64(31097), np.int64(22674), np.int64(43850), np.int64(12945), np.int64(44688), np.int64(6748), np.int64(26736), np.int64(23379), np.int64(26644), np.int64(8188), np.int64(37707), np.int64(3638), np.int64(23807), np.int64(12488), np.int64(45913), np.int64(9194), np.int64(37903), np.int64(6892), np.int64(33028), np.int64(597), np.int64(31245), np.int64(6033), np.int64(49156), np.int64(29555), np.int64(45258), np.int64(10883), np.int64(46603), np.int64(27200))","(0, 0, 1, 0, 1, 0, 1, 0, 0, 0, 0, 0, 1, 0, 0, 0, 1, 0, 1, 0, 0, 0, 1, 0, 1, 0, 1, 0, 1, 0, 0, 0, 1, 0, 1)"
10.861056,50,65.553557,1,"(np.int64(37486), np.int64(14484), np.int64(36095), np.int64(20175), np.int64(14386), np.int64(6258), np.int64(41295), np.int64(45951), np.int64(22174), np.int64(42037), np.int64(4059), np.int64(46989), np.int64(26451), np.int64(40041), np.int64(347), np.int64(29012), np.int64(40215), np.int64(1175), np.int64(4309), np.int64(28919), np.int64(34465), np.int64(18127), np.int64(48359), np.int64(36439), np.int64(4383), np.int64(6107), np.int64(34442), np.int64(32244), np.int64(16470), np.int64(18083), np.int64(4738), np.int64(26272), np.int64(21919), np.int64(23888), np.int64(33877), np.int64(13680), np.int64(38053), np.int64(34445), np.int64(33589), np.int64(38011), np.int64(33897), np.int64(17874), np.int64(34651), np.int64(15271), np.int64(6109), np.int64(29688), np.int64(15029), np.int64(3138), np.int64(27350), np.int64(40926))","(0, 1, 0, 0, 1, 0, 0, 0, 0, 0, 1, 0, 0, 0, 1, 1, 0, 1, 1, 1, 0, 0, 0, 0, 1, 1, 0, 0, 1, 0, 0, 1, 0, 1, 0, 0, 0, 0, 0, 0, 0, 0, 0, 1, 1, 0, 1, 1, 0, 0)"
6.732798,41,66.000544,1,"(np.int64(23700), np.int64(45985), np.int64(189), np.int64(5620), np.int64(6525), np.int64(23188), np.int64(16318), np.int64(39625), np.int64(38409), np.int64(49000), np.int64(30679), np.int64(10468), np.int64(43170), np.int64(36198), np.int64(27307), np.int64(49154), np.int64(36319), np.int64(21998), np.int64(24041), np.int64(7832), np.int64(3056), np.int64(41916), np.int64(22579), np.int64(602), np.int64(27841), np.int64(32435), np.int64(44706), np.int64(42330), np.int64(46710), np.int64(20409), np.int64(19510), np.int64(7076), np.int64(33663), np.int64(49990), np.int64(43486), np.int64(11240), np.int64(43219), np.int64(17348), np.int64(33303), np.int64(43099), np.int64(35373))","(0, 0, 1, 1, 1, 0, 0, 0, 0, 0, 0, 1, 0, 0, 1, 0, 0, 1, 0, 0, 1, 0, 0, 1, 0, 0, 0, 0, 0, 1, 1, 0, 0, 0, 0, 1, 0, 0, 0, 0, 0)"
11.501058,50,66.536877,1,"(np.int64(34299), np.int64(27662), np.int64(24051), np.int64(14568), np.int64(45932), np.int64(37493), np.int64(33829), np.int64(16896), np.int64(38004), np.int64(18374), np.int64(13575), np.int64(4824), np.int64(25814), np.int64(832), np.int64(35828), np.int64(27014), np.int64(40983), np.int64(8145), np.int64(14221), np.int64(17161), np.int64(4097), np.int64(30558), np.int64(2827), np.int64(27854), np.int64(11680), np.int64(41489), np.int64(49405), np.int64(6791), np.int64(2685), np.int64(4744), np.int64(38018), np.int64(31025), np.int64(22977), np.int64(42476), np.int64(35073), np.int64(40902), np.int64(4729), np.int64(31737), np.int64(2928), np.int64(3689), np.int64(10099), np.int64(40317), np.int64(36281), np.int64(14223), np.int64(45308), np.int64(1930), np.int64(23209), np.int64(3716), np.int64(32798), np.int64(41143))","(0, 0, 1, 0, 0, 0, 0, 1, 0, 0, 1, 0, 0, 1, 0, 0, 0, 1, 1, 0, 1, 0, 1, 1, 1, 0, 0, 0, 1, 1, 0, 0, 0, 0, 0, 0, 0, 0, 1, 1, 1, 0, 0, 1, 0, 1, 0, 1, 0, 0)"
4.881052,32,66.890088,1,"(np.int64(42234), np.int64(39238), np.int64(40683), np.int64(45147), np.int64(47499), np.int64(46993), np.int64(21386), np.int64(21466), np.int64(28337), np.int64(36276), np.int64(33468), np.int64(2095), np.int64(13744), np.int64(35831), np.int64(43292), np.int64(7678), np.int64(37945), np.int64(44999), np.int64(46633), np.int64(47254), np.int64(667), np.int64(32711), np.int64(13637), np.int64(4174), np.int64(13238), np.int64(36314), np.int64(8111), np.int64(34431), np.int64(36842), np.int64(9827), np.int64(44964), np.int64(42841))","(0, 0, 0, 0, 0, 0, 1, 0, 0, 1, 0, 0, 0, 0, 0, 1, 0, 0, 0, 0, 1, 0, 1, 1, 1, 0, 0, 0, 0, 1, 0, 0)"
10.599116,50,67.42988,1,"(np.int64(21312), np.int64(17835), np.int64(31011), np.int64(35652), np.int64(9508), np.int64(11159), np.int64(31575), np.int64(47670), np.int64(4178), np.int64(34707), np.int64(26077), np.int64(33694), np.int64(45357), np.int64(19325), np.int64(42873), np.int64(16523), np.int64(46093), np.int64(30595), np.int64(12254), np.int64(23131), np.int64(6228), np.int64(27365), np.int64(44993), np.int64(39695), np.int64(39722), np.int64(42269), np.int64(13233), np.int64(23252), np.int64(38504), np.int64(29101), np.int64(3560), np.int64(19415), np.int64(44175), np.int64(38766), np.int64(26183), np.int64(28030), np.int64(44828), np.int64(17745), np.int64(40521), np.int64(25703), np.int64(38853), np.int64(4953), np.int64(46202), np.int64(19844), np.int64(37391), np.int64(31890), np.int64(744), np.int64(48165), np.int64(24957), np.int64(40398))","(1, 0, 0, 0, 0, 1, 0, 0, 1, 0, 0, 0, 0, 1, 0, 1, 0, 0, 1, 0, 1, 1, 0, 0, 0, 0, 1, 0, 0, 1, 1, 0, 0, 0, 1, 1, 0, 0, 0, 0, 0, 1, 0, 1, 0, 0, 1, 0, 1, 0)"
15.260336,50,67.970745,1,"(np.int64(20783), np.int64(10132), np.int64(39042), np.int64(48334), np.int64(19865), np.int64(3290), np.int64(13998), np.int64(31020), np.int64(18867), np.int64(13287), np.int64(21589), np.int64(32182), np.int64(4349), np.int64(7749), np.int64(10551), np.int64(37756), np.int64(24149), np.int64(39893), np.int64(20345), np.int64(26099), np.int64(29163), np.int64(48674), np.int64(27197), np.int64(14579), np.int64(27613), np.int64(45922), np.int64(27356), np.int64(19752), np.int64(20947), np.int64(46469), np.int64(47351), np.int64(736), np.int64(22652), np.int64(26116), np.int64(3691), np.int64(45111), np.int64(27488), np.int64(2166), np.int64(32762), np.int64(36513), np.int64(6047), np.int64(5526), np.int64(15505), np.int64(13345), np.int64(39690), np.int64(34069), np.int64(26084), np.int64(14144), np.int64(22845), np.int64(26221))","(1, 1, 0, 0, 0, 1, 1, 0, 1, 1, 0, 0, 1, 1, 1, 1, 0, 0, 1, 1, 0, 1, 1, 0, 0, 0, 0, 1, 0, 0, 0, 1, 0, 1, 1, 0, 0, 0, 0, 0, 1, 1, 1, 1, 0, 0, 1, 1, 0, 1)"
7.63438,29,68.288895,1,"(np.int64(30069), np.int64(8188), np.int64(31008), np.int64(43273), np.int64(13981), np.int64(9138), np.int64(41464), np.int64(48927), np.int64(31042), np.int64(16172), np.int64(27567), np.int64(18756), np.int64(17783), np.int64(35332), np.int64(35298), np.int64(3854), np.int64(18468), np.int64(943), np.int64(2266), np.int64(2893), np.int64(19020), np.int64(46063), np.int64(8594), np.int64(5702), np.int64(5940), np.int64(12445), np.int64(2398), np.int64(40664), np.int64(3151))","(0, 1, 0, 0, 1, 1, 0, 0, 0, 1, 0, 0, 0, 0, 0, 1, 0, 1, 0, 1, 0, 0, 1, 1, 1, 1, 0, 0, 1)"
3.863001,19,68.497747,1,"(np.int64(36304), np.int64(45013), np.int64(35084), np.int64(49085), np.int64(25597), np.int64(16770), np.int64(45124), np.int64(12880), np.int64(47287), np.int64(6714), np.int64(44604), np.int64(16999), np.int64(5539), np.int64(5694), np.int64(38242), np.int64(41118), np.int64(6536), np.int64(19234), np.int64(38077))","(0, 0, 0, 0, 0, 1, 0, 0, 0, 1, 0, 1, 0, 1, 0, 0, 1, 1, 0)"
16.976353,50,69.034708,1,"(np.int64(3641), np.int64(33324), np.int64(33270), np.int64(10370), np.int64(13439), np.int64(5315), np.int64(23579), np.int64(34667), np.int64(11151), np.int64(42328), np.int64(4641), np.int64(24013), np.int64(28860), np.int64(41622), np.int64(9212), np.int64(4637), np.int64(9762), np.int64(21034), np.int64(47415), np.int64(1478), np.int64(4598), np.int64(4203), np.int64(27600), np.int64(25494), np.int64(47166), np.int64(3092), np.int64(30561), np.int64(1631), np.int64(6962), np.int64(4798), np.int64(29381), np.int64(15214), np.int64(45157), np.int64(27890), np.int64(6038), np.int64(19357), np.int64(37342), np.int64(40874), np.int64(20173), np.int64(29763), np.int64(28436), np.int64(22789), np.int64(19592), np.int64(32707), np.int64(26740), np.int64(14931), np.int64(36371), np.int64(36027), np.int64(14452), np.int64(43984))","(1, 0, 0, 1, 1, 1, 1, 0, 1, 0, 1, 1, 1, 0, 1, 1, 0, 1, 0, 0, 1, 1, 0, 1, 0, 1, 0, 1, 1, 1, 1, 1, 0, 1, 1, 1, 0, 0, 1, 0, 0, 0, 0, 0, 0, 1, 0, 0, 1, 0)"
7.347246,40,69.464046,1,"(np.int64(27110), np.int64(29796), np.int64(23348), np.int64(28531), np.int64(32552), np.int64(34420), np.int64(25266), np.int64(48059), np.int64(41527), np.int64(33771), np.int64(37830), np.int64(38509), np.int64(40148), np.int64(25554), np.int64(26190), np.int64(15497), np.int64(5819), np.int64(47732), np.int64(32326), np.int64(3168), np.int64(5538), np.int64(17834), np.int64(37970), np.int64(3338), np.int64(29275), np.int64(17856), np.int64(9753), np.int64(421), np.int64(48092), np.int64(30488), np.int64(25409), np.int64(25333), np.int64(33597), np.int64(31831), np.int64(12136), np.int64(15908), np.int64(26095), np.int64(24697), np.int64(29078), np.int64(27886))","(0, 0, 1, 0, 0, 0, 0, 0, 0, 0, 0, 0, 0, 0, 1, 0, 1, 0, 0, 0, 1, 0, 0, 1, 1, 0, 1, 1, 0, 0, 1, 1, 0, 0, 1, 0, 1, 0, 0, 0)"
12.400772,50,70.008872,1,"(np.int64(46764), np.int64(22391), np.int64(42459), np.int64(42367), np.int64(12493), np.int64(27020), np.int64(1585), np.int64(40628), np.int64(45909), np.int64(37491), np.int64(47213), np.int64(12864), np.int64(37430), np.int64(9326), np.int64(15840), np.int64(2586), np.int64(32861), np.int64(15953), np.int64(30877), np.int64(16735), np.int64(3807), np.int64(15912), np.int64(23130), np.int64(10075), np.int64(38034), np.int64(1976), np.int64(49151), np.int64(49998), np.int64(8081), np.int64(19297), np.int64(9664), np.int64(20631), np.int64(43138), np.int64(12129), np.int64(43387), np.int64(46211), np.int64(39943), np.int64(48029), np.int64(28213), np.int64(39791), np.int64(20284), np.int64(35482), np.int64(33291), np.int64(26756), np.int64(5034), np.int64(47618), np.int64(15908), np.int64(15791), np.int64(3059), np.int64(12996))","(0, 0, 0, 0, 1, 0, 1, 0, 0, 0, 0, 1, 0, 1, 0, 1, 0, 1, 0, 1, 1, 1, 0, 1, 0, 1, 0, 0, 1, 1, 1, 1, 0, 1, 0, 0, 0, 0, 0, 0, 1, 0, 0, 0, 1, 0, 0, 1, 1, 0)"
12.318482,50,70.544698,1,"(np.int64(26210), np.int64(16535), np.int64(40304), np.int64(32948), np.int64(38900), np.int64(49333), np.int64(6395), np.int64(25722), np.int64(44284), np.int64(41369), np.int64(46481), np.int64(20031), np.int64(37090), np.int64(11082), np.int64(7564), np.int64(21178), np.int64(49774), np.int64(5943), np.int64(41832), np.int64(39878), np.int64(48125), np.int64(45911), np.int64(38508), np.int64(42774), np.int64(7035), np.int64(7413), np.int64(33290), np.int64(48872), np.int64(43208), np.int64(19609), np.int64(33908), np.int64(6321), np.int64(26077), np.int64(26621), np.int64(28149), np.int64(31842), np.int64(10440), np.int64(24648), np.int64(23473), np.int64(43153), np.int64(109), np.int64(4132), np.int64(43605), np.int64(19636), np.int64(8302), np.int64(1665), np.int64(19934), np.int64(1276), np.int64(40071), np.int64(5239))","(1, 0, 0, 0, 0, 0, 0, 1, 0, 0, 0, 0, 0, 1, 1, 1, 0, 1, 0, 0, 0, 0, 0, 0, 1, 1, 0, 0, 0, 1, 0, 1, 0, 0, 0, 0, 1, 1, 1, 0, 0, 1, 0, 1, 1, 1, 0, 1, 0, 1)"
5.680258,19,70.748564,1,"(np.int64(31136), np.int64(47019), np.int64(49832), np.int64(314), np.int64(34484), np.int64(9860), np.int64(15625), np.int64(32691), np.int64(7054), np.int64(31625), np.int64(11974), np.int64(38368), np.int64(10019), np.int64(40823), np.int64(37001), np.int64(6780), np.int64(4189), np.int64(27361), np.int64(2934))","(0, 0, 0, 1, 0, 1, 1, 0, 1, 0, 0, 0, 1, 0, 0, 1, 1, 1, 1)"
11.674569,30,71.075657,1,"(np.int64(20824), np.int64(40110), np.int64(29313), np.int64(17389), np.int64(21790), np.int64(18645), np.int64(25120), np.int64(47767), np.int64(11620), np.int64(6745), np.int64(4138), np.int64(25333), np.int64(14522), np.int64(46568), np.int64(29069), np.int64(19166), np.int64(202), np.int64(5394), np.int64(24138), np.int64(30626), np.int64(22117), np.int64(41686), np.int64(17664), np.int64(1621), np.int64(24957), np.int64(28919), np.int64(23630), np.int64(47542), np.int64(28999), np.int64(39864))","(1, 0, 1, 0, 1, 0, 1, 0, 1, 1, 1, 1, 1, 0, 1, 1, 1, 1, 0, 0, 1, 0, 0, 1, 1, 1, 1, 0, 1, 0)"
5.610503,17,71.267045,1,"(np.int64(45639), np.int64(3620), np.int64(16977), np.int64(20970), np.int64(27301), np.int64(13741), np.int64(25110), np.int64(9284), np.int64(5231), np.int64(38494), np.int64(13236), np.int64(46793), np.int64(4460), np.int64(43056), np.int64(12335), np.int64(40834), np.int64(1927))","(0, 1, 1, 0, 1, 0, 1, 1, 1, 0, 1, 0, 1, 0, 0, 0, 1)"
16.268854,50,71.807111,1,"(np.int64(6877), np.int64(34017), np.int64(12644), np.int64(27920), np.int64(8932), np.int64(4580), np.int64(462), np.int64(37415), np.int64(32902), np.int64(26274), np.int64(14206), np.int64(49910), np.int64(7310), np.int64(22140), np.int64(41187), np.int64(22361), np.int64(9168), np.int64(28024), np.int64(20677), np.int64(12858), np.int64(4551), np.int64(6897), np.int64(31261), np.int64(27488), np.int64(28935), np.int64(10592), np.int64(5213), np.int64(16062), np.int64(43233), np.int64(11472), np.int64(21630), np.int64(27974), np.int64(6785), np.int64(44122), np.int64(19583), np.int64(14581), np.int64(33680), np.int64(17794), np.int64(47421), np.int64(24562), np.int64(20352), np.int64(37451), np.int64(36859), np.int64(34284), np.int64(45335), np.int64(1095), np.int64(19544), np.int64(28463), np.int64(11072), np.int64(46276))","(1, 0, 0, 0, 1, 1, 1, 0, 0, 0, 1, 0, 1, 1, 0, 0, 0, 1, 1, 1, 1, 1, 1, 0, 1, 1, 1, 1, 0, 1, 0, 1, 1, 0, 0, 0, 0, 1, 0, 1, 1, 0, 0, 0, 0, 1, 1, 0, 1, 0)"
4.843923,15,71.971849,1,"(np.int64(20327), np.int64(12274), np.int64(4921), np.int64(10384), np.int64(39666), np.int64(37375), np.int64(14465), np.int64(38562), np.int64(48522), np.int64(15202), np.int64(30412), np.int64(22219), np.int64(26498), np.int64(39795), np.int64(2248))","(1, 0, 1, 1, 0, 1, 1, 0, 0, 1, 0, 1, 1, 0, 0)"
7.907194,37,72.365162,1,"(np.int64(34285), np.int64(24405), np.int64(34955), np.int64(17684), np.int64(16974), np.int64(22535), np.int64(10801), np.int64(49871), np.int64(2888), np.int64(39141), np.int64(441), np.int64(22681), np.int64(45290), np.int64(33372), np.int64(35673), np.int64(18881), np.int64(2241), np.int64(6452), np.int64(36539), np.int64(38264), np.int64(49202), np.int64(41146), np.int64(31590), np.int64(9503), np.int64(31041), np.int64(3332), np.int64(14565), np.int64(26806), np.int64(731), np.int64(9113), np.int64(40107), np.int64(38792), np.int64(3952), np.int64(7495), np.int64(37946), np.int64(19443), np.int64(44464))","(0, 0, 0, 0, 1, 0, 1, 0, 1, 0, 1, 0, 0, 0, 0, 1, 0, 1, 0, 0, 0, 0, 0, 1, 0, 1, 0, 0, 1, 1, 0, 0, 1, 1, 0, 1, 0)"
3.715185,25,72.637561,1,"(np.int64(24392), np.int64(34932), np.int64(34937), np.int64(30589), np.int64(25570), np.int64(8665), np.int64(44813), np.int64(39731), np.int64(49165), np.int64(37303), np.int64(13947), np.int64(17471), np.int64(3460), np.int64(1137), np.int64(32542), np.int64(38253), np.int64(48369), np.int64(15498), np.int64(36788), np.int64(4843), np.int64(39973), np.int64(43621), np.int64(27384), np.int64(25199), np.int64(22367))","(0, 0, 0, 0, 0, 1, 0, 0, 0, 0, 1, 0, 1, 1, 0, 0, 0, 1, 0, 1, 0, 0, 0, 0, 0)"
12.025944,50,73.171968,1,"(np.int64(41829), np.int64(6937), np.int64(40594), np.int64(17096), np.int64(18893), np.int64(29876), np.int64(5300), np.int64(33023), np.int64(43786), np.int64(33276), np.int64(31208), np.int64(6316), np.int64(34706), np.int64(29083), np.int64(40358), np.int64(27481), np.int64(24049), np.int64(20689), np.int64(1299), np.int64(2604), np.int64(22526), np.int64(28936), np.int64(27182), np.int64(23597), np.int64(9119), np.int64(22674), np.int64(35842), np.int64(24259), np.int64(44527), np.int64(39502), np.int64(16700), np.int64(13146), np.int64(31304), np.int64(44148), np.int64(9627), np.int64(27797), np.int64(33646), np.int64(40793), np.int64(38798), np.int64(12769), np.int64(23865), np.int64(33853), np.int64(25084), np.int64(17298), np.int64(30291), np.int64(33761), np.int64(21402), np.int64(29621), np.int64(35130), np.int64(26818))","(0, 1, 0, 1, 0, 0, 1, 0, 0, 0, 0, 1, 0, 1, 0, 0, 1, 1, 1, 1, 0, 1, 1, 0, 0, 0, 0, 0, 0, 0, 1, 1, 1, 0, 1, 0, 0, 0, 0, 1, 1, 0, 0, 0, 0, 0, 1, 0, 0, 1)"
4.678954,26,73.452251,1,"(np.int64(33754), np.int64(39518), np.int64(40011), np.int64(19315), np.int64(22232), np.int64(26844), np.int64(47267), np.int64(9315), np.int64(18559), np.int64(34056), np.int64(14737), np.int64(28807), np.int64(8528), np.int64(41922), np.int64(16785), np.int64(28505), np.int64(765), np.int64(45583), np.int64(5889), np.int64(49090), np.int64(16033), np.int64(33656), np.int64(37497), np.int64(15972), np.int64(37997), np.int64(2688))","(0, 0, 0, 0, 0, 0, 0, 1, 0, 0, 0, 0, 1, 0, 1, 0, 1, 0, 1, 0, 1, 0, 0, 1, 0, 1)"
4.970882,13,73.600317,1,"(np.int64(43561), np.int64(4662), np.int64(2388), np.int64(10977), np.int64(16080), np.int64(21350), np.int64(30832), np.int64(45040), np.int64(26146), np.int64(21889), np.int64(7276), np.int64(25768), np.int64(324))","(0, 1, 0, 1, 1, 1, 0, 0, 1, 1, 1, 0, 1)"
7.399729,43,74.068501,1,"(np.int64(7825), np.int64(23405), np.int64(17191), np.int64(17014), np.int64(25456), np.int64(35353), np.int64(28949), np.int64(29755), np.int64(11243), np.int64(24542), np.int64(11991), np.int64(29157), np.int64(1712), np.int64(21049), np.int64(47209), np.int64(43478), np.int64(23198), np.int64(17864), np.int64(37832), np.int64(40018), np.int64(41644), np.int64(19888), np.int64(23728), np.int64(35067), np.int64(45558), np.int64(2263), np.int64(31808), np.int64(31075), np.int64(14901), np.int64(19006), np.int64(1492), np.int64(28376), np.int64(48095), np.int64(47277), np.int64(42673), np.int64(3269), np.int64(39392), np.int64(26679), np.int64(41440), np.int64(12335), np.int64(46423), np.int64(49534), np.int64(47979))","(0, 0, 0, 1, 1, 0, 1, 0, 1, 1, 0, 1, 1, 1, 0, 0, 0, 0, 0, 0, 0, 0, 1, 0, 0, 0, 0, 0, 1, 1, 1, 0, 0, 0, 0, 1, 0, 0, 0, 0, 0, 0, 0)"
4.747862,20,74.288565,1,"(np.int64(21186), np.int64(2737), np.int64(35495), np.int64(8475), np.int64(45656), np.int64(429), np.int64(18092), np.int64(35820), np.int64(48510), np.int64(29899), np.int64(16421), np.int64(40619), np.int64(38615), np.int64(36640), np.int64(48542), np.int64(15481), np.int64(39214), np.int64(9258), np.int64(21452), np.int64(18131))","(1, 1, 0, 1, 0, 1, 0, 0, 0, 0, 1, 0, 0, 0, 0, 1, 0, 1, 1, 0)"
15.97834,50,74.829267,1,"(np.int64(518), np.int64(23122), np.int64(19599), np.int64(19405), np.int64(1948), np.int64(11813), np.int64(39759), np.int64(34229), np.int64(34136), np.int64(26448), np.int64(41803), np.int64(2067), np.int64(32954), np.int64(24732), np.int64(5591), np.int64(184), np.int64(7150), np.int64(27908), np.int64(13557), np.int64(42888), np.int64(27660), np.int64(24866), np.int64(14510), np.int64(17285), np.int64(15977), np.int64(44844), np.int64(7385), np.int64(8047), np.int64(42084), np.int64(24949), np.int64(46798), np.int64(45859), np.int64(4009), np.int64(15247), np.int64(11323), np.int64(32632), np.int64(12345), np.int64(39096), np.int64(26411), np.int64(29464), np.int64(46946), np.int64(8865), np.int64(7767), np.int64(39445), np.int64(5307), np.int64(32465), np.int64(29380), np.int64(6644), np.int64(34239), np.int64(3153))","(1, 0, 1, 1, 1, 1, 0, 0, 0, 1, 0, 1, 0, 1, 1, 1, 0, 0, 1, 0, 0, 0, 1, 0, 1, 0, 1, 1, 0, 1, 0, 0, 1, 1, 1, 0, 1, 0, 0, 0, 0, 0, 1, 0, 1, 0, 1, 1, 0, 1)"
13.081961,44,75.298835,1,"(np.int64(30257), np.int64(48069), np.int64(15609), np.int64(5774), np.int64(42810), np.int64(34556), np.int64(14353), np.int64(7504), np.int64(6591), np.int64(10436), np.int64(10302), np.int64(47432), np.int64(30619), np.int64(1028), np.int64(49262), np.int64(17742), np.int64(28513), np.int64(15137), np.int64(24089), np.int64(3111), np.int64(14868), np.int64(10945), np.int64(21314), np.int64(10656), np.int64(26641), np.int64(46847), np.int64(41145), np.int64(4520), np.int64(41513), np.int64(39325), np.int64(24204), np.int64(23751), np.int64(22880), np.int64(50012), np.int64(17760), np.int64(2306), np.int64(13398), np.int64(37989), np.int64(26958), np.int64(24048), np.int64(11441), np.int64(2015), np.int64(46494), np.int64(45262))","(0, 0, 1, 1, 0, 0, 1, 1, 1, 1, 1, 0, 0, 1, 0, 0, 0, 1, 1, 1, 1, 1, 1, 1, 0, 0, 0, 1, 0, 0, 0, 1, 0, 0, 0, 0, 1, 0, 0, 1, 1, 1, 0, 0)"
10.186463,42,75.755852,1,"(np.int64(36828), np.int64(28707), np.int64(3118), np.int64(20730), np.int64(9569), np.int64(40051), np.int64(2237), np.int64(16101), np.int64(25970), np.int64(42768), np.int64(16667), np.int64(31431), np.int64(8441), np.int64(17931), np.int64(18875), np.int64(33832), np.int64(24840), np.int64(15690), np.int64(48677), np.int64(17158), np.int64(23864), np.int64(34535), np.int64(36554), np.int64(37762), np.int64(36363), np.int64(448), np.int64(49133), np.int64(1840), np.int64(9960), np.int64(44809), np.int64(7670), np.int64(29706), np.int64(23683), np.int64(11444), np.int64(15603), np.int64(45056), np.int64(21821), np.int64(46661), np.int64(47532), np.int64(1113), np.int64(18364), np.int64(40366))","(0, 1, 1, 0, 1, 0, 0, 1, 1, 0, 1, 1, 1, 0, 1, 0, 0, 1, 0, 0, 0, 0, 0, 0, 0, 1, 0, 1, 0, 0, 1, 0, 0, 1, 0, 0, 1, 0, 0, 1, 0, 0)"
4.284819,17,75.940056,1,"(np.int64(10859), np.int64(6744), np.int64(42488), np.int64(9231), np.int64(29582), np.int64(22035), np.int64(25373), np.int64(41977), np.int64(49563), np.int64(8387), np.int64(37370), np.int64(12526), np.int64(39852), np.int64(35118), np.int64(11034), np.int64(39212), np.int64(19916))","(1, 1, 0, 1, 0, 1, 0, 0, 0, 1, 0, 1, 0, 0, 1, 0, 0)"
11.758012,50,76.476361,1,"(np.int64(12375), np.int64(28442), np.int64(48873), np.int64(15101), np.int64(37720), np.int64(40680), np.int64(36095), np.int64(36955), np.int64(40347), np.int64(37892), np.int64(37244), np.int64(16997), np.int64(12757), np.int64(40853), np.int64(20489), np.int64(12150), np.int64(25863), np.int64(33713), np.int64(36052), np.int64(26315), np.int64(37858), np.int64(1863), np.int64(26373), np.int64(686), np.int64(23073), np.int64(22549), np.int64(8316), np.int64(1718), np.int64(32484), np.int64(40441), np.int64(28085), np.int64(6478), np.int64(29086), np.int64(4239), np.int64(46655), np.int64(39277), np.int64(35381), np.int64(18729), np.int64(1353), np.int64(21477), np.int64(45132), np.int64(1512), np.int64(12451), np.int64(13643), np.int64(45416), np.int64(11769), np.int64(22665), np.int64(18071), np.int64(8091), np.int64(15703))","(1, 0, 0, 1, 0, 0, 0, 0, 0, 0, 0, 1, 1, 0, 1, 1, 0, 0, 0, 1, 1, 1, 0, 1, 0, 0, 0, 1, 0, 0, 0, 1, 1, 1, 0, 0, 0, 0, 1, 1, 0, 1, 1, 0, 0, 1, 0, 0, 1, 0)"
8.169941,28,76.780061,1,"(np.int64(11204), np.int64(40357), np.int64(6650), np.int64(32302), np.int64(3435), np.int64(36576), np.int64(8547), np.int64(11204), np.int64(49951), np.int64(13073), np.int64(31456), np.int64(47007), np.int64(47526), np.int64(10394), np.int64(5634), np.int64(22798), np.int64(21227), np.int64(39477), np.int64(384), np.int64(5843), np.int64(45723), np.int64(49127), np.int64(46732), np.int64(29592), np.int64(6238), np.int64(45835), np.int64(9388), np.int64(298))","(1, 0, 1, 0, 1, 0, 1, 1, 0, 1, 0, 0, 0, 1, 1, 0, 1, 0, 1, 1, 0, 0, 0, 0, 1, 0, 1, 1)"
12.03935,43,77.238208,1,"(np.int64(41129), np.int64(42296), np.int64(18138), np.int64(24406), np.int64(43352), np.int64(6922), np.int64(45400), np.int64(1006), np.int64(36610), np.int64(41087), np.int64(33547), np.int64(12430), np.int64(31150), np.int64(42573), np.int64(25019), np.int64(43539), np.int64(42824), np.int64(20083), np.int64(18732), np.int64(14713), np.int64(44505), np.int64(24429), np.int64(10864), np.int64(3587), np.int64(20516), np.int64(407), np.int64(23517), np.int64(8851), np.int64(8974), np.int64(20978), np.int64(42156), np.int64(32763), np.int64(35113), np.int64(1794), np.int64(9724), np.int64(40120), np.int64(14519), np.int64(44251), np.int64(42808), np.int64(13320), np.int64(30886), np.int64(4863), np.int64(13189))","(0, 0, 0, 0, 0, 1, 0, 1, 0, 0, 0, 1, 0, 0, 1, 0, 0, 1, 0, 1, 0, 1, 1, 1, 1, 1, 1, 1, 0, 1, 0, 0, 0, 1, 1, 0, 1, 0, 0, 1, 0, 0, 1)"
10.2313,50,77.7723,1,"(np.int64(47489), np.int64(30316), np.int64(21681), np.int64(39482), np.int64(41300), np.int64(37331), np.int64(13888), np.int64(27140), np.int64(729), np.int64(33245), np.int64(40382), np.int64(9723), np.int64(37393), np.int64(30184), np.int64(25213), np.int64(40878), np.int64(34937), np.int64(44013), np.int64(956), np.int64(41731), np.int64(35027), np.int64(20316), np.int64(27417), np.int64(6705), np.int64(22415), np.int64(18142), np.int64(21299), np.int64(2087), np.int64(10047), np.int64(31615), np.int64(48452), np.int64(45755), np.int64(36347), np.int64(23794), np.int64(10922), np.int64(48943), np.int64(12586), np.int64(47702), np.int64(14276), np.int64(18250), np.int64(41755), np.int64(31182), np.int64(44718), np.int64(36009), np.int64(42364), np.int64(22431), np.int64(46644), np.int64(21180), np.int64(45749), np.int64(32449))","(0, 0, 1, 0, 0, 0, 1, 1, 1, 0, 0, 1, 0, 0, 1, 0, 0, 0, 1, 0, 0, 1, 0, 1, 0, 0, 1, 1, 1, 0, 0, 0, 0, 1, 1, 0, 1, 0, 1, 0, 0, 0, 0, 0, 0, 0, 0, 1, 0, 0)"
6.793873,24,78.0365,1,"(np.int64(2889), np.int64(26624), np.int64(5459), np.int64(36983), np.int64(4954), np.int64(35602), np.int64(16734), np.int64(955), np.int64(11310), np.int64(969), np.int64(10855), np.int64(30128), np.int64(34535), np.int64(794), np.int64(2422), np.int64(27118), np.int64(1838), np.int64(42449), np.int64(43735), np.int64(29426), np.int64(13231), np.int64(35012), np.int64(24914), np.int64(33686))","(1, 0, 1, 0, 1, 1, 1, 0, 1, 1, 1, 0, 0, 1, 0, 0, 1, 0, 0, 0, 1, 0, 0, 0)"
3.424462,13,78.184747,1,"(np.int64(44478), np.int64(6227), np.int64(13286), np.int64(6072), np.int64(41766), np.int64(6896), np.int64(33387), np.int64(5121), np.int64(32958), np.int64(11142), np.int64(34223), np.int64(45858), np.int64(34943))","(0, 1, 1, 1, 0, 1, 0, 1, 0, 0, 0, 0, 0)"
13.827949,50,78.721206,1,"(np.int64(40648), np.int64(40881), np.int64(42405), np.int64(27693), np.int64(24467), np.int64(14120), np.int64(41695), np.int64(19682), np.int64(37238), np.int64(1457), np.int64(23881), np.int64(6437), np.int64(6644), np.int64(14108), np.int64(47091), np.int64(1146), np.int64(48782), np.int64(9655), np.int64(31355), np.int64(8823), np.int64(8084), np.int64(45208), np.int64(19485), np.int64(16670), np.int64(17207), np.int64(31092), np.int64(41828), np.int64(24995), np.int64(532), np.int64(42227), np.int64(34807), np.int64(42873), np.int64(26302), np.int64(490), np.int64(19414), np.int64(27090), np.int64(13692), np.int64(6219), np.int64(38067), np.int64(43513), np.int64(28618), np.int64(40169), np.int64(17574), np.int64(15087), np.int64(42328), np.int64(6198), np.int64(24223), np.int64(49747), np.int64(6418), np.int64(42992))","(0, 0, 0, 0, 1, 1, 0, 1, 0, 1, 0, 1, 1, 1, 0, 1, 0, 1, 1, 1, 1, 0, 1, 1, 0, 0, 0, 1, 1, 0, 0, 0, 0, 1, 1, 0, 0, 1, 0, 0, 0, 0, 0, 1, 0, 1, 0, 0, 1, 0)"
16.956418,50,79.266376,1,"(np.int64(15096), np.int64(13031), np.int64(42820), np.int64(44744), np.int64(4289), np.int64(14884), np.int64(28740), np.int64(1754), np.int64(23538), np.int64(1887), np.int64(19261), np.int64(47646), np.int64(12611), np.int64(8619), np.int64(16534), np.int64(16954), np.int64(32533), np.int64(44721), np.int64(3410), np.int64(42772), np.int64(35963), np.int64(16235), np.int64(24089), np.int64(42504), np.int64(1771), np.int64(6807), np.int64(9194), np.int64(40836), np.int64(41549), np.int64(32297), np.int64(2820), np.int64(18470), np.int64(37366), np.int64(15306), np.int64(8173), np.int64(40702), np.int64(43997), np.int64(8005), np.int64(21054), np.int64(49031), np.int64(21715), np.int64(23521), np.int64(48645), np.int64(14802), np.int64(36205), np.int64(6363), np.int64(4142), np.int64(2173), np.int64(4964), np.int64(279))","(1, 1, 0, 0, 1, 0, 1, 1, 0, 1, 1, 0, 0, 1, 0, 0, 0, 0, 1, 0, 0, 1, 1, 0, 1, 1, 1, 0, 0, 0, 1, 0, 0, 1, 1, 0, 0, 1, 1, 0, 1, 1, 0, 1, 0, 1, 1, 1, 1, 1)"
11.92783,50,79.807022,1,"(np.int64(46438), np.int64(1816), np.int64(38054), np.int64(20819), np.int64(46536), np.int64(41489), np.int64(48680), np.int64(19859), np.int64(44129), np.int64(9909), np.int64(5536), np.int64(31561), np.int64(31461), np.int64(11221), np.int64(6532), np.int64(27268), np.int64(47925), np.int64(28439), np.int64(13377), np.int64(41682), np.int64(15197), np.int64(23642), np.int64(40080), np.int64(44159), np.int64(18868), np.int64(10503), np.int64(4781), np.int64(16718), np.int64(32499), np.int64(1373), np.int64(5394), np.int64(36237), np.int64(23387), np.int64(12641), np.int64(22277), np.int64(28093), np.int64(20033), np.int64(116), np.int64(23228), np.int64(48337), np.int64(36943), np.int64(26768), np.int64(30473), np.int64(346), np.int64(30333), np.int64(29536), np.int64(12670), np.int64(8067), np.int64(23946), np.int64(18908))","(0, 1, 0, 0, 0, 0, 0, 0, 0, 1, 1, 0, 0, 1, 1, 0, 0, 0, 1, 0, 1, 0, 0, 0, 1, 1, 1, 1, 0, 1, 1, 0, 0, 1, 0, 0, 1, 1, 0, 0, 0, 0, 0, 1, 0, 0, 1, 0, 1, 0)"
15.455735,50,80.344025,1,"(np.int64(17430), np.int64(20915), np.int64(14636), np.int64(40654), np.int64(47864), np.int64(23977), np.int64(14415), np.int64(29083), np.int64(2869), np.int64(5098), np.int64(1338), np.int64(1171), np.int64(5829), np.int64(24518), np.int64(12773), np.int64(25654), np.int64(11857), np.int64(11425), np.int64(19597), np.int64(48048), np.int64(42000), np.int64(18727), np.int64(38842), np.int64(30625), np.int64(20008), np.int64(26091), np.int64(3783), np.int64(11485), np.int64(23024), np.int64(1058), np.int64(7231), np.int64(37098), np.int64(33474), np.int64(33618), np.int64(36154), np.int64(39067), np.int64(9306), np.int64(4082), np.int64(46381), np.int64(40670), np.int64(20912), np.int64(45730), np.int64(23956), np.int64(32987), np.int64(45236), np.int64(47536), np.int64(24591), np.int64(42483), np.int64(8052), np.int64(34555))","(0, 1, 1, 0, 0, 1, 0, 1, 1, 1, 1, 1, 1, 1, 1, 0, 1, 1, 1, 0, 0, 0, 0, 0, 1, 0, 1, 1, 0, 1, 1, 0, 0, 0, 0, 0, 1, 1, 0, 0, 1, 0, 1, 0, 0, 0, 1, 0, 1, 0)"
11.607993,50,80.879153,1,"(np.int64(42037), np.int64(36885), np.int64(29926), np.int64(9707), np.int64(1610), np.int64(29037), np.int64(33854), np.int64(44108), np.int64(42987), np.int64(42956), np.int64(32), np.int64(44529), np.int64(25089), np.int64(864), np.int64(42045), np.int64(6958), np.int64(13669), np.int64(35614), np.int64(41350), np.int64(1426), np.int64(46940), np.int64(841), np.int64(7567), np.int64(46804), np.int64(38726), np.int64(26700), np.int64(3850), np.int64(31481), np.int64(18072), np.int64(41082), np.int64(2288), np.int64(22048), np.int64(10958), np.int64(33857), np.int64(36423), np.int64(12651), np.int64(3907), np.int64(43562), np.int64(31715), np.int64(24855), np.int64(16881), np.int64(18040), np.int64(43183), np.int64(39144), np.int64(32545), np.int64(30106), np.int64(23681), np.int64(133), np.int64(45637), np.int64(7177))","(0, 0, 0, 1, 1, 1, 0, 0, 0, 0, 1, 0, 1, 1, 0, 1, 1, 0, 0, 1, 0, 1, 1, 0, 0, 0, 1, 0, 0, 0, 0, 0, 1, 0, 0, 1, 1, 0, 0, 0, 1, 0, 0, 0, 0, 0, 0, 1, 0, 1)"
11.376145,50,81.419686,1,"(np.int64(39439), np.int64(37612), np.int64(39795), np.int64(37761), np.int64(26534), np.int64(21929), np.int64(22343), np.int64(903), np.int64(38253), np.int64(2616), np.int64(26537), np.int64(26079), np.int64(20484), np.int64(46555), np.int64(27848), np.int64(41953), np.int64(16106), np.int64(3266), np.int64(16355), np.int64(923), np.int64(43538), np.int64(26557), np.int64(40432), np.int64(35877), np.int64(23846), np.int64(13763), np.int64(39702), np.int64(7409), np.int64(27432), np.int64(38491), np.int64(44942), np.int64(25549), np.int64(48484), np.int64(36952), np.int64(3639), np.int64(3365), np.int64(7141), np.int64(32360), np.int64(19782), np.int64(36218), np.int64(46904), np.int64(9140), np.int64(48655), np.int64(9952), np.int64(17400), np.int64(26827), np.int64(32552), np.int64(13649), np.int64(16824), np.int64(29206))","(0, 0, 0, 0, 0, 0, 0, 0, 0, 1, 0, 1, 0, 0, 1, 0, 1, 1, 1, 1, 0, 1, 0, 0, 1, 0, 0, 1, 0, 0, 0, 1, 0, 0, 1, 1, 1, 0, 1, 0, 0, 1, 0, 0, 0, 0, 0, 1, 1, 1)"
12.76744,50,81.957434,1,"(np.int64(18658), np.int64(27197), np.int64(45295), np.int64(16744), np.int64(27327), np.int64(33633), np.int64(1716), np.int64(15982), np.int64(2883), np.int64(33002), np.int64(31337), np.int64(31219), np.int64(27986), np.int64(30498), np.int64(12466), np.int64(40899), np.int64(19695), np.int64(40768), np.int64(24301), np.int64(40904), np.int64(21627), np.int64(37860), np.int64(2846), np.int64(46274), np.int64(2392), np.int64(36883), np.int64(48971), np.int64(20071), np.int64(15496), np.int64(46051), np.int64(10078), np.int64(48534), np.int64(18905), np.int64(49717), np.int64(33040), np.int64(45903), np.int64(22604), np.int64(41894), np.int64(21715), np.int64(33521), np.int64(43427), np.int64(39700), np.int64(25149), np.int64(5320), np.int64(31651), np.int64(40954), np.int64(5021), np.int64(4352), np.int64(40366), np.int64(17003))","(0, 1, 0, 1, 1, 0, 1, 1, 1, 0, 1, 1, 0, 0, 1, 0, 1, 0, 0, 0, 1, 0, 1, 0, 0, 0, 0, 1, 1, 0, 1, 0, 1, 0, 0, 0, 0, 0, 1, 0, 0, 0, 1, 1, 0, 0, 1, 0, 0, 1)"
10.539495,50,82.492617,1,"(np.int64(47683), np.int64(42514), np.int64(15958), np.int64(34220), np.int64(45180), np.int64(30525), np.int64(38357), np.int64(4141), np.int64(25786), np.int64(49972), np.int64(16429), np.int64(33843), np.int64(39235), np.int64(23673), np.int64(40634), np.int64(1170), np.int64(14666), np.int64(36484), np.int64(32609), np.int64(34672), np.int64(2376), np.int64(3534), np.int64(12964), np.int64(23196), np.int64(10416), np.int64(20815), np.int64(42414), np.int64(32627), np.int64(22423), np.int64(19357), np.int64(36677), np.int64(1642), np.int64(32957), np.int64(23325), np.int64(6114), np.int64(1842), np.int64(1844), np.int64(20894), np.int64(15634), np.int64(4164), np.int64(42609), np.int64(49710), np.int64(40782), np.int64(33181), np.int64(40066), np.int64(27558), np.int64(31431), np.int64(15634), np.int64(46398), np.int64(47897))","(0, 0, 1, 0, 0, 0, 0, 1, 0, 0, 0, 0, 0, 0, 0, 1, 1, 0, 0, 0, 0, 1, 1, 0, 1, 1, 0, 0, 0, 1, 0, 1, 0, 0, 1, 1, 1, 1, 1, 1, 0, 0, 0, 0, 0, 0, 1, 1, 0, 0)"
12.622818,50,83.027766,1,"(np.int64(47949), np.int64(28141), np.int64(48923), np.int64(2614), np.int64(39832), np.int64(35599), np.int64(3636), np.int64(19271), np.int64(31356), np.int64(29950), np.int64(15521), np.int64(23088), np.int64(19055), np.int64(5737), np.int64(36427), np.int64(30232), np.int64(39461), np.int64(18079), np.int64(1219), np.int64(37132), np.int64(47577), np.int64(36812), np.int64(18061), np.int64(33251), np.int64(17644), np.int64(7456), np.int64(27021), np.int64(28871), np.int64(19944), np.int64(43117), np.int64(28592), np.int64(5511), np.int64(6896), np.int64(2040), np.int64(35878), np.int64(26450), np.int64(29387), np.int64(3263), np.int64(27007), np.int64(49230), np.int64(47087), np.int64(29941), np.int64(34776), np.int64(2699), np.int64(23063), np.int64(44381), np.int64(23083), np.int64(42890), np.int64(49556), np.int64(1168))","(0, 1, 0, 1, 0, 0, 1, 1, 1, 0, 1, 0, 1, 1, 0, 0, 0, 0, 1, 0, 1, 0, 0, 0, 0, 1, 0, 1, 0, 0, 0, 1, 1, 1, 0, 1, 1, 1, 0, 0, 0, 0, 0, 1, 0, 0, 0, 0, 0, 1)"
6.206367,21,83.253908,1,"(np.int64(38278), np.int64(24169), np.int64(42286), np.int64(9444), np.int64(31754), np.int64(47520), np.int64(11280), np.int64(24294), np.int64(27664), np.int64(46959), np.int64(26644), np.int64(9714), np.int64(19938), np.int64(7003), np.int64(26909), np.int64(9862), np.int64(14272), np.int64(2840), np.int64(371), np.int64(44348), np.int64(210))","(0, 0, 0, 1, 0, 0, 0, 0, 1, 0, 0, 1, 1, 1, 0, 1, 1, 1, 1, 0, 1)"
11.452785,44,83.729651,1,"(np.int64(12545), np.int64(6806), np.int64(42714), np.int64(33797), np.int64(30398), np.int64(5904), np.int64(171), np.int64(23882), np.int64(47685), np.int64(2072), np.int64(44403), np.int64(866), np.int64(38850), np.int64(33301), np.int64(38311), np.int64(13610), np.int64(146), np.int64(22076), np.int64(15023), np.int64(411), np.int64(22797), np.int64(30832), np.int64(4058), np.int64(33205), np.int64(24272), np.int64(16448), np.int64(49169), np.int64(12347), np.int64(34745), np.int64(31057), np.int64(36481), np.int64(13940), np.int64(19216), np.int64(773), np.int64(37591), np.int64(35852), np.int64(40040), np.int64(43539), np.int64(31963), np.int64(7984), np.int64(31029), np.int64(22919), np.int64(41007), np.int64(4543))","(1, 1, 0, 0, 0, 0, 1, 0, 0, 1, 0, 1, 0, 0, 0, 1, 1, 1, 1, 1, 0, 0, 0, 0, 0, 1, 0, 1, 0, 1, 0, 1, 1, 1, 0, 0, 0, 0, 0, 1, 0, 0, 0, 1)"
11.123361,39,84.152458,1,"(np.int64(45444), np.int64(2710), np.int64(10917), np.int64(40705), np.int64(22257), np.int64(47169), np.int64(3934), np.int64(32271), np.int64(22187), np.int64(5144), np.int64(16682), np.int64(43683), np.int64(9982), np.int64(43765), np.int64(14318), np.int64(47354), np.int64(21860), np.int64(21940), np.int64(12840), np.int64(4203), np.int64(12120), np.int64(47174), np.int64(43566), np.int64(38141), np.int64(38469), np.int64(20869), np.int64(24510), np.int64(38466), np.int64(41073), np.int64(4437), np.int64(35090), np.int64(46979), np.int64(43880), np.int64(4248), np.int64(20600), np.int64(28211), np.int64(24458), np.int64(43182), np.int64(19876))","(0, 1, 1, 0, 0, 0, 0, 0, 1, 1, 1, 0, 1, 0, 1, 0, 0, 1, 1, 1, 1, 0, 0, 0, 0, 1, 1, 0, 0, 1, 0, 0, 0, 1, 1, 0, 1, 0, 0)"
9.900651,50,84.697074,1,"(np.int64(47069), np.int64(41643), np.int64(6264), np.int64(33112), np.int64(38711), np.int64(16654), np.int64(9043), np.int64(10540), np.int64(21906), np.int64(20917), np.int64(26723), np.int64(15038), np.int64(37970), np.int64(17874), np.int64(5849), np.int64(36893), np.int64(23024), np.int64(18985), np.int64(31496), np.int64(18567), np.int64(16068), np.int64(9646), np.int64(9645), np.int64(34602), np.int64(29401), np.int64(43926), np.int64(18855), np.int64(18870), np.int64(49607), np.int64(36750), np.int64(39471), np.int64(35212), np.int64(7841), np.int64(37102), np.int64(23830), np.int64(18741), np.int64(34118), np.int64(47462), np.int64(4276), np.int64(37264), np.int64(48864), np.int64(44440), np.int64(12045), np.int64(12158), np.int64(17694), np.int64(13994), np.int64(23174), np.int64(24541), np.int64(36873), np.int64(26016))","(0, 0, 1, 0, 0, 0, 1, 1, 1, 0, 0, 0, 0, 0, 1, 0, 0, 1, 0, 0, 1, 1, 1, 0, 0, 0, 1, 1, 0, 0, 0, 0, 1, 0, 0, 0, 0, 0, 1, 0, 0, 0, 1, 1, 0, 1, 0, 0, 0, 0)"
14.315073,50,85.238932,1,"(np.int64(19077), np.int64(10144), np.int64(49310), np.int64(37330), np.int64(14591), np.int64(39273), np.int64(17831), np.int64(16090), np.int64(34788), np.int64(10119), np.int64(43417), np.int64(8654), np.int64(11289), np.int64(35754), np.int64(41814), np.int64(46995), np.int64(4742), np.int64(28884), np.int64(5050), np.int64(12161), np.int64(6764), np.int64(21634), np.int64(2763), np.int64(8302), np.int64(18958), np.int64(45688), np.int64(37649), np.int64(10178), np.int64(18588), np.int64(35895), np.int64(3273), np.int64(30308), np.int64(23811), np.int64(10625), np.int64(33148), np.int64(9933), np.int64(24241), np.int64(34779), np.int64(23425), np.int64(37813), np.int64(9279), np.int64(17071), np.int64(49446), np.int64(21372), np.int64(42408), np.int64(6649), np.int64(45844), np.int64(25862), np.int64(27603), np.int64(5956))","(1, 1, 0, 0, 1, 0, 0, 0, 0, 1, 0, 1, 0, 0, 0, 0, 1, 0, 1, 1, 1, 1, 1, 1, 0, 0, 0, 1, 0, 0, 1, 0, 1, 1, 0, 1, 0, 0, 1, 0, 1, 1, 0, 1, 0, 1, 0, 0, 0, 1)"
7.365055,50,85.776358,1,"(np.int64(48843), np.int64(22397), np.int64(18640), np.int64(41928), np.int64(16251), np.int64(46249), np.int64(22309), np.int64(49737), np.int64(47759), np.int64(33907), np.int64(30044), np.int64(42344), np.int64(14886), np.int64(44760), np.int64(13863), np.int64(46226), np.int64(14150), np.int64(1106), np.int64(47891), np.int64(9417), np.int64(10847), np.int64(41885), np.int64(40197), np.int64(34766), np.int64(33776), np.int64(39048), np.int64(28484), np.int64(17491), np.int64(43196), np.int64(19978), np.int64(46707), np.int64(5013), np.int64(31914), np.int64(3273), np.int64(49736), np.int64(21019), np.int64(38663), np.int64(3941), np.int64(41689), np.int64(32678), np.int64(30838), np.int64(40145), np.int64(39637), np.int64(44999), np.int64(11436), np.int64(32785), np.int64(21411), np.int64(38449), np.int64(3014), np.int64(28087))","(0, 0, 0, 0, 1, 0, 0, 0, 0, 0, 0, 0, 1, 0, 1, 0, 1, 1, 0, 1, 1, 0, 0, 0, 0, 0, 0, 0, 0, 0, 0, 0, 0, 1, 0, 0, 0, 1, 0, 0, 0, 0, 0, 0, 1, 0, 1, 0, 1, 0)"
15.028216,50,86.31678,1,"(np.int64(581), np.int64(40699), np.int64(2944), np.int64(45439), np.int64(46739), np.int64(18115), np.int64(37823), np.int64(34709), np.int64(44421), np.int64(19287), np.int64(11532), np.int64(11837), np.int64(16906), np.int64(9409), np.int64(34731), np.int64(21949), np.int64(14903), np.int64(24075), np.int64(35562), np.int64(46516), np.int64(18645), np.int64(6280), np.int64(46239), np.int64(47658), np.int64(9732), np.int64(1608), np.int64(13075), np.int64(26601), np.int64(24184), np.int64(34939), np.int64(24919), np.int64(6826), np.int64(41079), np.int64(42443), np.int64(7556), np.int64(48026), np.int64(47246), np.int64(10201), np.int64(15437), np.int64(45856), np.int64(29465), np.int64(27673), np.int64(39252), np.int64(3837), np.int64(2895), np.int64(25288), np.int64(4173), np.int64(26234), np.int64(18471), np.int64(41096))","(1, 0, 1, 0, 0, 0, 0, 0, 0, 1, 1, 1, 1, 1, 0, 1, 1, 1, 0, 0, 0, 1, 0, 0, 1, 1, 1, 0, 0, 0, 1, 1, 0, 0, 1, 0, 0, 1, 1, 0, 0, 0, 0, 1, 1, 1, 1, 1, 0, 0)"
3.742089,19,86.518781,1,"(np.int64(18728), np.int64(21331), np.int64(2366), np.int64(29175), np.int64(46953), np.int64(43703), np.int64(45066), np.int64(8953), np.int64(20913), np.int64(31772), np.int64(17074), np.int64(45191), np.int64(35639), np.int64(34912), np.int64(7625), np.int64(45016), np.int64(38776), np.int64(26227), np.int64(4718))","(0, 1, 0, 0, 0, 0, 0, 1, 1, 0, 1, 0, 0, 0, 0, 0, 0, 1, 1)"
3.919159,15,86.683771,1,"(np.int64(26704), np.int64(30793), np.int64(327), np.int64(5752), np.int64(41862), np.int64(29682), np.int64(9490), np.int64(11107), np.int64(48403), np.int64(44821), np.int64(8554), np.int64(7851), np.int64(47410), np.int64(26305), np.int64(18154))","(0, 0, 1, 1, 0, 0, 1, 1, 0, 0, 1, 1, 0, 0, 0)"
11.302352,50,87.218328,1,"(np.int64(46566), np.int64(25381), np.int64(15647), np.int64(40285), np.int64(8199), np.int64(34762), np.int64(32777), np.int64(29485), np.int64(23271), np.int64(47589), np.int64(3602), np.int64(33379), np.int64(4646), np.int64(39597), np.int64(5267), np.int64(27817), np.int64(10309), np.int64(2389), np.int64(17046), np.int64(34786), np.int64(36026), np.int64(8524), np.int64(47332), np.int64(17033), np.int64(32116), np.int64(39856), np.int64(24337), np.int64(30041), np.int64(25397), np.int64(26050), np.int64(43451), np.int64(27263), np.int64(6085), np.int64(24223), np.int64(19960), np.int64(8356), np.int64(15045), np.int64(42082), np.int64(46438), np.int64(44418), np.int64(23789), np.int64(33619), np.int64(7135), np.int64(26445), np.int64(3868), np.int64(15916), np.int64(44751), np.int64(35353), np.int64(37042), np.int64(10406))","(0, 1, 1, 0, 1, 0, 0, 0, 0, 0, 1, 0, 1, 0, 1, 0, 0, 0, 1, 0, 0, 1, 0, 1, 0, 0, 0, 0, 1, 0, 0, 0, 1, 0, 1, 1, 1, 0, 0, 0, 1, 0, 1, 0, 1, 0, 0, 0, 0, 1)"
5.375461,19,87.426272,1,"(np.int64(15719), np.int64(48417), np.int64(31162), np.int64(21840), np.int64(43738), np.int64(684), np.int64(15516), np.int64(40148), np.int64(32810), np.int64(23432), np.int64(20377), np.int64(24230), np.int64(3576), np.int64(9779), np.int64(10305), np.int64(13650), np.int64(17041), np.int64(31487), np.int64(356))","(0, 0, 0, 1, 0, 1, 1, 0, 0, 1, 0, 0, 1, 0, 1, 1, 0, 1, 1)"
12.728569,50,87.95939,1,"(np.int64(10342), np.int64(37258), np.int64(1893), np.int64(45226), np.int64(38817), np.int64(33966), np.int64(3031), np.int64(46152), np.int64(19842), np.int64(34826), np.int64(43807), np.int64(21402), np.int64(8243), np.int64(37766), np.int64(9335), np.int64(4187), np.int64(9142), np.int64(31162), np.int64(715), np.int64(8805), np.int64(41350), np.int64(26001), np.int64(6181), np.int64(32901), np.int64(40194), np.int64(11599), np.int64(27829), np.int64(20063), np.int64(19487), np.int64(40383), np.int64(19617), np.int64(36388), np.int64(28014), np.int64(46245), np.int64(36616), np.int64(49603), np.int64(13737), np.int64(3291), np.int64(17223), np.int64(9948), np.int64(3459), np.int64(19864), np.int64(17971), np.int64(19391), np.int64(44071), np.int64(18266), np.int64(35769), np.int64(49893), np.int64(27159), np.int64(30947))","(1, 0, 1, 0, 0, 0, 1, 0, 1, 0, 0, 1, 1, 0, 1, 1, 1, 0, 1, 1, 0, 0, 1, 0, 0, 1, 0, 1, 1, 0, 1, 0, 0, 0, 0, 0, 0, 1, 0, 0, 1, 1, 0, 1, 0, 0, 0, 0, 1, 0)"
8.287918,17,88.154679,1,"(np.int64(20894), np.int64(32516), np.int64(15224), np.int64(16156), np.int64(18292), np.int64(2699), np.int64(11612), np.int64(29347), np.int64(19178), np.int64(7508), np.int64(12592), np.int64(9192), np.int64(34854), np.int64(48482), np.int64(15513), np.int64(21706), np.int64(9863))","(1, 0, 1, 1, 1, 1, 1, 1, 1, 1, 1, 1, 0, 0, 0, 1, 1)"
11.698973,50,88.693549,1,"(np.int64(16946), np.int64(7417), np.int64(28759), np.int64(4634), np.int64(24415), np.int64(27987), np.int64(15421), np.int64(36953), np.int64(2750), np.int64(44391), np.int64(19251), np.int64(44333), np.int64(6264), np.int64(31429), np.int64(22710), np.int64(32424), np.int64(31661), np.int64(32394), np.int64(22650), np.int64(19318), np.int64(23068), np.int64(2844), np.int64(39263), np.int64(33480), np.int64(18174), np.int64(34145), np.int64(6728), np.int64(30604), np.int64(28687), np.int64(6209), np.int64(2269), np.int64(29325), np.int64(42268), np.int64(30002), np.int64(44154), np.int64(9038), np.int64(49903), np.int64(29845), np.int64(23534), np.int64(41255), np.int64(13433), np.int64(39900), np.int64(23036), np.int64(36468), np.int64(16380), np.int64(17232), np.int64(15421), np.int64(35617), np.int64(44527), np.int64(13623))","(1, 1, 1, 0, 1, 1, 1, 0, 1, 0, 1, 0, 1, 1, 0, 0, 0, 0, 0, 1, 0, 1, 0, 0, 0, 0, 1, 0, 0, 1, 0, 1, 0, 0, 0, 1, 0, 0, 1, 0, 0, 0, 0, 0, 1, 0, 1, 0, 0, 1)"
6.354917,19,88.895703,1,"(np.int64(35907), np.int64(27648), np.int64(28418), np.int64(4783), np.int64(5695), np.int64(5564), np.int64(5314), np.int64(40829), np.int64(4437), np.int64(39), np.int64(13445), np.int64(37818), np.int64(48482), np.int64(6988), np.int64(37748), np.int64(10897), np.int64(1673), np.int64(37154), np.int64(13253))","(0, 0, 0, 1, 1, 1, 1, 0, 1, 1, 1, 0, 0, 0, 0, 1, 1, 0, 1)"
6.747323,38,89.306945,1,"(np.int64(47597), np.int64(34764), np.int64(38118), np.int64(30420), np.int64(10324), np.int64(34515), np.int64(49816), np.int64(14068), np.int64(11327), np.int64(39483), np.int64(18007), np.int64(44431), np.int64(4001), np.int64(46918), np.int64(46784), np.int64(32177), np.int64(16764), np.int64(6244), np.int64(42541), np.int64(9357), np.int64(15061), np.int64(32287), np.int64(43913), np.int64(47130), np.int64(41846), np.int64(31336), np.int64(43775), np.int64(20472), np.int64(16738), np.int64(12513), np.int64(3474), np.int64(27039), np.int64(25845), np.int64(46919), np.int64(18027), np.int64(1161), np.int64(45832), np.int64(22978))","(0, 0, 0, 0, 1, 0, 0, 1, 1, 0, 0, 0, 0, 0, 0, 0, 1, 1, 0, 1, 1, 0, 0, 0, 0, 0, 0, 0, 1, 1, 1, 1, 0, 0, 0, 0, 0, 0)"
3.042921,13,89.455962,1,"(np.int64(30575), np.int64(38326), np.int64(1065), np.int64(28296), np.int64(28261), np.int64(14833), np.int64(45944), np.int64(47025), np.int64(9145), np.int64(10965), np.int64(43488), np.int64(1851), np.int64(37686))","(0, 0, 1, 0, 0, 1, 0, 0, 1, 1, 0, 1, 0)"
14.274573,50,89.993715,1,"(np.int64(6257), np.int64(37609), np.int64(28021), np.int64(23029), np.int64(27327), np.int64(27080), np.int64(3899), np.int64(46705), np.int64(37793), np.int64(38680), np.int64(3288), np.int64(1951), np.int64(49293), np.int64(40560), np.int64(6530), np.int64(9491), np.int64(13376), np.int64(11575), np.int64(22942), np.int64(17515), np.int64(27934), np.int64(4139), np.int64(22560), np.int64(13617), np.int64(44289), np.int64(48497), np.int64(13027), np.int64(13732), np.int64(7423), np.int64(48708), np.int64(13558), np.int64(10210), np.int64(14309), np.int64(29624), np.int64(21900), np.int64(43105), np.int64(20850), np.int64(47170), np.int64(12348), np.int64(9218), np.int64(32131), np.int64(24776), np.int64(471), np.int64(30478), np.int64(34715), np.int64(20221), np.int64(10213), np.int64(7601), np.int64(12213), np.int64(13315))","(1, 0, 0, 0, 1, 0, 0, 0, 0, 0, 1, 1, 0, 0, 1, 1, 1, 1, 0, 0, 1, 1, 0, 1, 0, 0, 0, 0, 1, 0, 1, 1, 1, 0, 0, 0, 1, 0, 0, 1, 0, 0, 1, 0, 0, 1, 1, 1, 1, 1)"
14.31503,50,90.531189,1,"(np.int64(42610), np.int64(35794), np.int64(3720), np.int64(297), np.int64(44564), np.int64(298), np.int64(1780), np.int64(12843), np.int64(36397), np.int64(36651), np.int64(32102), np.int64(32168), np.int64(941), np.int64(30888), np.int64(23963), np.int64(25435), np.int64(30706), np.int64(3865), np.int64(17919), np.int64(35603), np.int64(13965), np.int64(48278), np.int64(25232), np.int64(42651), np.int64(31791), np.int64(6454), np.int64(8026), np.int64(14037), np.int64(22967), np.int64(42736), np.int64(21923), np.int64(20465), np.int64(49688), np.int64(11641), np.int64(33329), np.int64(12537), np.int64(22246), np.int64(45631), np.int64(41331), np.int64(35277), np.int64(940), np.int64(20814), np.int64(308), np.int64(14747), np.int64(23646), np.int64(11977), np.int64(47723), np.int64(11390), np.int64(13681), np.int64(15952))","(0, 0, 1, 1, 0, 1, 1, 1, 0, 0, 0, 0, 1, 0, 1, 1, 0, 1, 0, 0, 1, 0, 0, 0, 0, 1, 1, 1, 0, 0, 1, 0, 0, 1, 0, 1, 0, 0, 0, 0, 1, 1, 1, 1, 1, 0, 0, 1, 0, 1)"
13.471123,50,91.072186,1,"(np.int64(16862), np.int64(37210), np.int64(15550), np.int64(47910), np.int64(11766), np.int64(41986), np.int64(6904), np.int64(20178), np.int64(29262), np.int64(29737), np.int64(46617), np.int64(44704), np.int64(15209), np.int64(20242), np.int64(30582), np.int64(15376), np.int64(16992), np.int64(46680), np.int64(14904), np.int64(773), np.int64(8391), np.int64(38098), np.int64(34850), np.int64(8024), np.int64(42615), np.int64(1840), np.int64(36207), np.int64(19473), np.int64(28317), np.int64(40657), np.int64(45832), np.int64(6606), np.int64(46666), np.int64(12194), np.int64(25608), np.int64(1299), np.int64(1506), np.int64(25397), np.int64(34235), np.int64(40831), np.int64(28749), np.int64(20185), np.int64(8070), np.int64(26590), np.int64(45533), np.int64(24361), np.int64(2285), np.int64(10064), np.int64(14928), np.int64(44383))","(1, 0, 0, 0, 1, 0, 1, 1, 0, 0, 0, 0, 1, 1, 0, 1, 1, 0, 1, 1, 1, 0, 0, 0, 0, 1, 0, 1, 0, 0, 0, 1, 0, 0, 1, 1, 1, 1, 0, 0, 1, 1, 1, 0, 0, 0, 0, 1, 0, 0)"
15.023851,50,91.641912,1,"(np.int64(5581), np.int64(49156), np.int64(6527), np.int64(704), np.int64(14153), np.int64(10274), np.int64(46550), np.int64(30744), np.int64(26888), np.int64(9639), np.int64(22967), np.int64(19119), np.int64(16284), np.int64(35291), np.int64(11861), np.int64(46770), np.int64(3572), np.int64(1636), np.int64(9225), np.int64(34125), np.int64(7081), np.int64(7937), np.int64(10383), np.int64(36400), np.int64(238), np.int64(29814), np.int64(32299), np.int64(21887), np.int64(47782), np.int64(48046), np.int64(17820), np.int64(37313), np.int64(25732), np.int64(47428), np.int64(1358), np.int64(20416), np.int64(13171), np.int64(34981), np.int64(12247), np.int64(31930), np.int64(3526), np.int64(31641), np.int64(26967), np.int64(32557), np.int64(13533), np.int64(117), np.int64(35009), np.int64(48915), np.int64(4480), np.int64(20642))","(1, 0, 1, 1, 1, 0, 0, 0, 0, 1, 0, 1, 1, 0, 1, 0, 1, 1, 1, 0, 1, 1, 1, 0, 1, 0, 0, 0, 0, 0, 0, 0, 0, 0, 1, 1, 1, 0, 0, 0, 1, 0, 0, 0, 1, 1, 0, 0, 1, 1)"
12.547152,44,92.116116,1,"(np.int64(5916), np.int64(7149), np.int64(13780), np.int64(2464), np.int64(49255), np.int64(1908), np.int64(40311), np.int64(41632), np.int64(37190), np.int64(47173), np.int64(26361), np.int64(17320), np.int64(17059), np.int64(47316), np.int64(10658), np.int64(8391), np.int64(45488), np.int64(36394), np.int64(1181), np.int64(39761), np.int64(3713), np.int64(39853), np.int64(18868), np.int64(31859), np.int64(35646), np.int64(15945), np.int64(28556), np.int64(43118), np.int64(30381), np.int64(15309), np.int64(45640), np.int64(10578), np.int64(34032), np.int64(36486), np.int64(7404), np.int64(21989), np.int64(23907), np.int64(30402), np.int64(8696), np.int64(2199), np.int64(8643), np.int64(46725), np.int64(9327), np.int64(119))","(0, 1, 0, 0, 0, 1, 0, 0, 0, 0, 0, 0, 1, 0, 1, 1, 0, 0, 1, 0, 1, 0, 1, 0, 0, 1, 1, 0, 0, 1, 0, 1, 0, 0, 1, 1, 1, 0, 1, 1, 1, 0, 1, 1)"
14.423412,50,92.652109,1,"(np.int64(48010), np.int64(12456), np.int64(13279), np.int64(15893), np.int64(48698), np.int64(12802), np.int64(14430), np.int64(4139), np.int64(27570), np.int64(48867), np.int64(29277), np.int64(37825), np.int64(38311), np.int64(20469), np.int64(14069), np.int64(15349), np.int64(27115), np.int64(49594), np.int64(8897), np.int64(791), np.int64(40994), np.int64(26333), np.int64(25499), np.int64(29777), np.int64(70), np.int64(4164), np.int64(48739), np.int64(22839), np.int64(38153), np.int64(2692), np.int64(13678), np.int64(30660), np.int64(42331), np.int64(41588), np.int64(9527), np.int64(1412), np.int64(20943), np.int64(101), np.int64(40994), np.int64(43520), np.int64(38867), np.int64(9539), np.int64(23379), np.int64(44790), np.int64(178), np.int64(12990), np.int64(13198), np.int64(18847), np.int64(43965), np.int64(21794))","(0, 1, 1, 1, 0, 1, 1, 1, 0, 0, 1, 0, 0, 0, 1, 1, 0, 0, 1, 1, 0, 0, 1, 0, 1, 1, 0, 0, 0, 1, 1, 0, 0, 0, 1, 0, 1, 1, 0, 0, 0, 1, 0, 0, 1, 1, 1, 0, 0, 1)"
8.910882,35,93.027784,1,"(np.int64(44517), np.int64(21291), np.int64(18594), np.int64(27432), np.int64(37734), np.int64(43235), np.int64(45098), np.int64(29007), np.int64(21384), np.int64(43044), np.int64(8307), np.int64(15423), np.int64(5467), np.int64(2544), np.int64(1534), np.int64(40748), np.int64(4047), np.int64(47032), np.int64(1054), np.int64(24), np.int64(4851), np.int64(25033), np.int64(35575), np.int64(26015), np.int64(37593), np.int64(40495), np.int64(35135), np.int64(5427), np.int64(33612), np.int64(39919), np.int64(34173), np.int64(25683), np.int64(17642), np.int64(40301), np.int64(11741))","(0, 0, 0, 0, 0, 0, 0, 1, 0, 0, 1, 1, 1, 1, 1, 0, 1, 0, 1, 1, 1, 1, 0, 0, 0, 0, 0, 1, 0, 0, 0, 1, 0, 0, 1)"
8.65283,33,93.387054,1,"(np.int64(23093), np.int64(1997), np.int64(8017), np.int64(3927), np.int64(31672), np.int64(41053), np.int64(20710), np.int64(43956), np.int64(37215), np.int64(43855), np.int64(36789), np.int64(43786), np.int64(23956), np.int64(13819), np.int64(11855), np.int64(40671), np.int64(40844), np.int64(34399), np.int64(49372), np.int64(33481), np.int64(15930), np.int64(37956), np.int64(43307), np.int64(1717), np.int64(26928), np.int64(1074), np.int64(10655), np.int64(9126), np.int64(38910), np.int64(16606), np.int64(31934), np.int64(38665), np.int64(17526))","(0, 1, 1, 1, 0, 0, 1, 0, 0, 0, 0, 0, 1, 1, 1, 0, 0, 0, 0, 0, 1, 0, 0, 1, 0, 1, 1, 1, 0, 1, 0, 0, 1)"
11.683286,50,93.922036,1,"(np.int64(22386), np.int64(17116), np.int64(22895), np.int64(2410), np.int64(881), np.int64(20127), np.int64(1673), np.int64(33229), np.int64(31891), np.int64(10786), np.int64(39761), np.int64(35416), np.int64(41658), np.int64(36425), np.int64(21392), np.int64(1117), np.int64(49441), np.int64(41466), np.int64(46961), np.int64(41666), np.int64(12483), np.int64(12752), np.int64(36129), np.int64(7440), np.int64(22521), np.int64(11954), np.int64(47555), np.int64(21767), np.int64(39735), np.int64(17527), np.int64(7453), np.int64(16770), np.int64(15331), np.int64(38481), np.int64(43573), np.int64(49398), np.int64(38167), np.int64(37443), np.int64(647), np.int64(7320), np.int64(45976), np.int64(22221), np.int64(38246), np.int64(43241), np.int64(5383), np.int64(21176), np.int64(37002), np.int64(49672), np.int64(39475), np.int64(1586))","(0, 1, 0, 0, 1, 1, 1, 0, 0, 0, 0, 0, 0, 0, 1, 1, 0, 0, 0, 0, 1, 1, 0, 1, 0, 1, 0, 1, 0, 0, 1, 1, 1, 0, 0, 0, 0, 0, 1, 1, 0, 0, 0, 0, 1, 1, 0, 0, 0, 1)"
3.713277,10,94.034837,1,"(np.int64(25061), np.int64(12462), np.int64(13208), np.int64(34726), np.int64(14686), np.int64(34900), np.int64(8475), np.int64(8579), np.int64(3379), np.int64(27353))","(0, 1, 1, 0, 1, 0, 1, 1, 1, 0)"
5.159625,28,94.340274,1,"(np.int64(29392), np.int64(42055), np.int64(23951), np.int64(41568), np.int64(9700), np.int64(45838), np.int64(36654), np.int64(44437), np.int64(26661), np.int64(26183), np.int64(37186), np.int64(16406), np.int64(14825), np.int64(36503), np.int64(34568), np.int64(40347), np.int64(44751), np.int64(8838), np.int64(28221), np.int64(3767), np.int64(3596), np.int64(24861), np.int64(35618), np.int64(35925), np.int64(34939), np.int64(43691), np.int64(21075), np.int64(17711))","(1, 0, 1, 0, 1, 0, 0, 0, 0, 1, 0, 0, 1, 0, 0, 0, 0, 1, 0, 1, 1, 0, 0, 0, 0, 0, 0, 0)"
13.982411,50,94.878385,1,"(np.int64(47902), np.int64(396), np.int64(46099), np.int64(4572), np.int64(35467), np.int64(8642), np.int64(40897), np.int64(19825), np.int64(41233), np.int64(10268), np.int64(21466), np.int64(10816), np.int64(23605), np.int64(8130), np.int64(37274), np.int64(12780), np.int64(21698), np.int64(42679), np.int64(17412), np.int64(5601), np.int64(29596), np.int64(5407), np.int64(18605), np.int64(4095), np.int64(10676), np.int64(46592), np.int64(36451), np.int64(31309), np.int64(15635), np.int64(15818), np.int64(22296), np.int64(25942), np.int64(13805), np.int64(30475), np.int64(2527), np.int64(39015), np.int64(41886), np.int64(15556), np.int64(9051), np.int64(23078), np.int64(3112), np.int64(37998), np.int64(4378), np.int64(13546), np.int64(4380), np.int64(43498), np.int64(33976), np.int64(28375), np.int64(33127), np.int64(30352))","(0, 1, 0, 1, 0, 1, 0, 1, 0, 1, 0, 1, 1, 1, 0, 1, 1, 0, 0, 0, 1, 1, 0, 1, 1, 0, 0, 1, 0, 0, 0, 0, 0, 0, 1, 0, 0, 1, 1, 0, 1, 0, 1, 1, 1, 0, 0, 0, 0, 0)"
13.753607,46,95.375987,1,"(np.int64(39476), np.int64(31191), np.int64(4339), np.int64(42945), np.int64(24108), np.int64(2947), np.int64(11304), np.int64(46783), np.int64(39829), np.int64(41471), np.int64(32487), np.int64(5298), np.int64(38638), np.int64(15805), np.int64(41481), np.int64(11537), np.int64(6955), np.int64(13082), np.int64(27661), np.int64(27644), np.int64(44040), np.int64(28763), np.int64(14274), np.int64(9716), np.int64(558), np.int64(13886), np.int64(12474), np.int64(32236), np.int64(42141), np.int64(27253), np.int64(40919), np.int64(1967), np.int64(8433), np.int64(26421), np.int64(29253), np.int64(12758), np.int64(18924), np.int64(41101), np.int64(18874), np.int64(2016), np.int64(9090), np.int64(14873), np.int64(37698), np.int64(11708), np.int64(43728), np.int64(30894))","(0, 0, 1, 0, 0, 1, 1, 0, 0, 0, 0, 1, 0, 1, 0, 1, 1, 1, 0, 0, 0, 1, 1, 1, 1, 1, 1, 0, 0, 1, 0, 1, 1, 0, 1, 0, 0, 0, 1, 1, 1, 1, 0, 1, 0, 0)"
12.787032,42,95.825774,1,"(np.int64(18257), np.int64(31245), np.int64(37004), np.int64(44137), np.int64(15586), np.int64(47072), np.int64(10141), np.int64(19703), np.int64(45370), np.int64(16916), np.int64(45074), np.int64(40997), np.int64(6809), np.int64(18599), np.int64(9654), np.int64(19224), np.int64(24818), np.int64(14621), np.int64(21506), np.int64(1474), np.int64(6919), np.int64(16983), np.int64(35664), np.int64(12830), np.int64(2548), np.int64(35206), np.int64(35387), np.int64(10025), np.int64(43005), np.int64(7051), np.int64(46997), np.int64(15007), np.int64(4332), np.int64(46700), np.int64(16538), np.int64(12657), np.int64(45777), np.int64(26260), np.int64(1134), np.int64(38168), np.int64(31789), np.int64(42011))","(0, 0, 0, 0, 1, 1, 1, 0, 0, 1, 0, 0, 1, 0, 1, 1, 0, 1, 1, 1, 0, 1, 0, 1, 1, 0, 0, 1, 0, 1, 0, 1, 1, 0, 1, 1, 0, 1, 1, 0, 0, 0)"
3.522921,13,95.973461,1,"(np.int64(24563), np.int64(43444), np.int64(19725), np.int64(15928), np.int64(31939), np.int64(42908), np.int64(4026), np.int64(16017), np.int64(6560), np.int64(34089), np.int64(18645), np.int64(12114), np.int64(16989))","(1, 0, 1, 1, 0, 0, 1, 0, 1, 0, 0, 0, 1)"
9.395409,40,96.401597,1,"(np.int64(16652), np.int64(37262), np.int64(16056), np.int64(39149), np.int64(16596), np.int64(21761), np.int64(43403), np.int64(25584), np.int64(2171), np.int64(39595), np.int64(20373), np.int64(27654), np.int64(26572), np.int64(13747), np.int64(17647), np.int64(6903), np.int64(35122), np.int64(21676), np.int64(31607), np.int64(11836), np.int64(7559), np.int64(41489), np.int64(7148), np.int64(164), np.int64(14047), np.int64(19393), np.int64(33763), np.int64(34404), np.int64(9578), np.int64(26558), np.int64(15172), np.int64(41567), np.int64(1267), np.int64(18335), np.int64(34799), np.int64(45858), np.int64(5223), np.int64(42376), np.int64(22552), np.int64(23191))","(1, 0, 1, 0, 1, 1, 0, 1, 1, 0, 0, 0, 0, 0, 0, 1, 0, 1, 0, 1, 1, 0, 0, 1, 0, 1, 0, 0, 0, 0, 1, 0, 1, 0, 0, 0, 1, 0, 0, 0)"
3.18138,10,96.515816,1,"(np.int64(46458), np.int64(45958), np.int64(987), np.int64(3534), np.int64(44824), np.int64(10431), np.int64(15541), np.int64(177), np.int64(43869), np.int64(37598))","(0, 0, 1, 1, 0, 1, 1, 1, 0, 0)"
7.626028,50,97.066101,1,"(np.int64(5486), np.int64(28465), np.int64(44343), np.int64(43980), np.int64(38659), np.int64(47069), np.int64(44076), np.int64(26491), np.int64(46619), np.int64(38946), np.int64(22251), np.int64(16466), np.int64(25913), np.int64(1184), np.int64(28304), np.int64(31669), np.int64(35309), np.int64(42445), np.int64(28277), np.int64(15988), np.int64(39682), np.int64(43207), np.int64(3625), np.int64(31924), np.int64(19632), np.int64(32626), np.int64(5598), np.int64(27494), np.int64(32258), np.int64(41788), np.int64(35023), np.int64(37750), np.int64(13579), np.int64(30194), np.int64(4454), np.int64(42571), np.int64(25036), np.int64(28514), np.int64(19657), np.int64(21548), np.int64(44435), np.int64(6720), np.int64(10307), np.int64(9596), np.int64(48418), np.int64(35956), np.int64(36646), np.int64(38979), np.int64(43890), np.int64(36113))","(0, 0, 0, 0, 0, 0, 0, 0, 0, 0, 0, 1, 0, 1, 0, 0, 0, 0, 0, 1, 0, 0, 1, 0, 1, 0, 1, 0, 0, 0, 0, 0, 1, 0, 1, 0, 1, 0, 1, 0, 0, 1, 1, 0, 0, 0, 0, 0, 0, 0)"
6.525762,37,97.461591,1,"(np.int64(35738), np.int64(42287), np.int64(10317), np.int64(8017), np.int64(27365), np.int64(10178), np.int64(42765), np.int64(22631), np.int64(10687), np.int64(44825), np.int64(40925), np.int64(46227), np.int64(15676), np.int64(24178), np.int64(25673), np.int64(14933), np.int64(26621), np.int64(39620), np.int64(25670), np.int64(41422), np.int64(41498), np.int64(6255), np.int64(17748), np.int64(45210), np.int64(4202), np.int64(32839), np.int64(21885), np.int64(41448), np.int64(39467), np.int64(39389), np.int64(22269), np.int64(21836), np.int64(18661), np.int64(41630), np.int64(39188), np.int64(47912), np.int64(1806))","(0, 0, 1, 1, 1, 1, 0, 0, 0, 0, 0, 0, 0, 1, 1, 1, 0, 0, 0, 0, 0, 1, 0, 0, 1, 0, 0, 0, 0, 0, 0, 1, 0, 0, 0, 0, 1)"
3.03148,24,97.727353,1,"(np.int64(13626), np.int64(17757), np.int64(3745), np.int64(30973), np.int64(21317), np.int64(36258), np.int64(20540), np.int64(20228), np.int64(37386), np.int64(32511), np.int64(29567), np.int64(30824), np.int64(25343), np.int64(23195), np.int64(33319), np.int64(30182), np.int64(15044), np.int64(49558), np.int64(46625), np.int64(39103), np.int64(25082), np.int64(44281), np.int64(45331), np.int64(24910))","(1, 0, 1, 0, 1, 0, 1, 0, 0, 0, 0, 0, 1, 0, 0, 0, 0, 0, 0, 0, 0, 0, 0, 0)"
5.944332,29,98.044156,1,"(np.int64(50021), np.int64(25613), np.int64(14378), np.int64(25231), np.int64(1500), np.int64(45653), np.int64(19459), np.int64(18740), np.int64(42032), np.int64(32940), np.int64(5844), np.int64(23556), np.int64(37791), np.int64(47553), np.int64(49728), np.int64(19253), np.int64(13570), np.int64(48587), np.int64(23201), np.int64(11712), np.int64(41761), np.int64(35051), np.int64(32992), np.int64(44997), np.int64(17386), np.int64(22528), np.int64(16901), np.int64(41866), np.int64(48153))","(0, 1, 1, 1, 1, 0, 1, 0, 0, 0, 1, 0, 1, 0, 0, 1, 1, 0, 0, 1, 0, 0, 0, 0, 0, 0, 0, 0, 0)"
13.894454,50,98.586426,1,"(np.int64(47884), np.int64(13326), np.int64(800), np.int64(12167), np.int64(39983), np.int64(24363), np.int64(7461), np.int64(10161), np.int64(15616), np.int64(13644), np.int64(3120), np.int64(33190), np.int64(4606), np.int64(20510), np.int64(9710), np.int64(40915), np.int64(452), np.int64(43306), np.int64(46121), np.int64(21694), np.int64(47404), np.int64(10515), np.int64(19999), np.int64(13103), np.int64(37211), np.int64(22048), np.int64(12019), np.int64(14980), np.int64(18723), np.int64(45140), np.int64(17826), np.int64(6625), np.int64(31926), np.int64(4858), np.int64(22048), np.int64(11751), np.int64(34822), np.int64(45337), np.int64(27782), np.int64(28751), np.int64(21473), np.int64(7675), np.int64(17963), np.int64(5072), np.int64(33462), np.int64(41793), np.int64(36778), np.int64(11527), np.int64(43075), np.int64(35920))","(0, 1, 1, 1, 0, 0, 1, 1, 1, 1, 1, 0, 1, 1, 1, 0, 1, 0, 0, 1, 0, 0, 0, 0, 0, 0, 1, 1, 0, 0, 0, 1, 0, 1, 0, 1, 0, 0, 1, 0, 1, 1, 0, 0, 0, 0, 0, 1, 0, 0)"
13.136799,50,99.126336,1,"(np.int64(5092), np.int64(35548), np.int64(43354), np.int64(25089), np.int64(14938), np.int64(22601), np.int64(20136), np.int64(41312), np.int64(31175), np.int64(27173), np.int64(46663), np.int64(48318), np.int64(8681), np.int64(46594), np.int64(38081), np.int64(48723), np.int64(23960), np.int64(5895), np.int64(48310), np.int64(4523), np.int64(7526), np.int64(21187), np.int64(648), np.int64(41641), np.int64(422), np.int64(31034), np.int64(48951), np.int64(28448), np.int64(48471), np.int64(23652), np.int64(5738), np.int64(46826), np.int64(15657), np.int64(1458), np.int64(38190), np.int64(45384), np.int64(49059), np.int64(12516), np.int64(40750), np.int64(29672), np.int64(35329), np.int64(14215), np.int64(47921), np.int64(44639), np.int64(39430), np.int64(3495), np.int64(32772), np.int64(11796), np.int64(11952), np.int64(8780))","(1, 0, 0, 1, 0, 0, 1, 0, 1, 1, 0, 0, 1, 0, 0, 0, 1, 1, 0, 1, 1, 1, 0, 0, 1, 0, 0, 0, 0, 0, 1, 0, 1, 1, 0, 0, 0, 1, 0, 0, 0, 1, 0, 0, 0, 1, 0, 1, 1, 1)"
4.967613,19,99.337277,1,"(np.int64(1441), np.int64(4542), np.int64(43899), np.int64(36699), np.int64(34433), np.int64(41823), np.int64(12585), np.int64(40642), np.int64(30067), np.int64(40823), np.int64(6720), np.int64(45230), np.int64(26322), np.int64(18231), np.int64(2586), np.int64(4882), np.int64(3247), np.int64(1044), np.int64(9888))","(1, 1, 0, 0, 0, 0, 1, 0, 0, 0, 1, 0, 0, 0, 1, 1, 0, 1, 1)"
10.839226,47,99.838881,1,"(np.int64(26509), np.int64(12947), np.int64(17932), np.int64(5617), np.int64(1944), np.int64(43761), np.int64(41474), np.int64(23482), np.int64(6185), np.int64(34561), np.int64(2292), np.int64(43871), np.int64(24131), np.int64(22351), np.int64(11574), np.int64(5432), np.int64(9788), np.int64(36805), np.int64(623), np.int64(20766), np.int64(46268), np.int64(34771), np.int64(38975), np.int64(46121), np.int64(2927), np.int64(29880), np.int64(1727), np.int64(38133), np.int64(35723), np.int64(33251), np.int64(36501), np.int64(12897), np.int64(48823), np.int64(102), np.int64(46011), np.int64(21275), np.int64(17418), np.int64(26151), np.int64(157), np.int64(6972), np.int64(2427), np.int64(41368), np.int64(44108), np.int64(4198), np.int64(9394), np.int64(31509), np.int64(47453))","(0, 1, 0, 1, 1, 0, 0, 0, 1, 0, 0, 0, 0, 0, 1, 1, 0, 0, 1, 1, 0, 0, 0, 0, 1, 0, 1, 0, 0, 0, 0, 1, 0, 1, 0, 0, 0, 1, 1, 1, 0, 0, 0, 1, 1, 0, 0)"
9.16245,37,100.234354,1,"(np.int64(11738), np.int64(31857), np.int64(19215), np.int64(41977), np.int64(14963), np.int64(34842), np.int64(42526), np.int64(18009), np.int64(7138), np.int64(16961), np.int64(38433), np.int64(23026), np.int64(1822), np.int64(43527), np.int64(37535), np.int64(9961), np.int64(21394), np.int64(28986), np.int64(7931), np.int64(45249), np.int64(43863), np.int64(37122), np.int64(11347), np.int64(3006), np.int64(22326), np.int64(4174), np.int64(48949), np.int64(33778), np.int64(29621), np.int64(29483), np.int64(5419), np.int64(9000), np.int64(37135), np.int64(8909), np.int64(49454), np.int64(43473), np.int64(13692))","(1, 0, 1, 0, 1, 0, 0, 0, 1, 1, 0, 0, 1, 0, 0, 1, 0, 1, 1, 0, 0, 0, 1, 1, 0, 1, 0, 0, 0, 0, 1, 1, 0, 1, 0, 0, 0)"
3.114829,7,100.319851,1,"(np.int64(19482), np.int64(28783), np.int64(30235), np.int64(40585), np.int64(11888), np.int64(28125), np.int64(10263))","(1, 1, 0, 0, 1, 1, 1)"
11.661496,40,100.756948,1,"(np.int64(23206), np.int64(36050), np.int64(6686), np.int64(35484), np.int64(8149), np.int64(1514), np.int64(4109), np.int64(1891), np.int64(27840), np.int64(2067), np.int64(26378), np.int64(49329), np.int64(32341), np.int64(536), np.int64(43914), np.int64(39818), np.int64(37071), np.int64(31297), np.int64(45648), np.int64(16568), np.int64(19172), np.int64(2377), np.int64(8050), np.int64(37493), np.int64(704), np.int64(23744), np.int64(7214), np.int64(13504), np.int64(9314), np.int64(16376), np.int64(18032), np.int64(13370), np.int64(39061), np.int64(35475), np.int64(10185), np.int64(12911), np.int64(5539), np.int64(18080), np.int64(27879), np.int64(43372))","(0, 0, 1, 0, 1, 1, 1, 1, 1, 1, 0, 0, 0, 1, 0, 0, 0, 1, 0, 0, 0, 0, 1, 0, 1, 1, 0, 1, 1, 1, 0, 1, 0, 0, 1, 1, 0, 0, 1, 0)"
4.941455,22,100.994214,1,"(np.int64(32647), np.int64(18639), np.int64(35182), np.int64(15748), np.int64(7179), np.int64(5666), np.int64(44850), np.int64(29277), np.int64(117), np.int64(29203), np.int64(44459), np.int64(14794), np.int64(36515), np.int64(11434), np.int64(42958), np.int64(4578), np.int64(23059), np.int64(37733), np.int64(21469), np.int64(20948), np.int64(23398), np.int64(35075))","(0, 0, 0, 1, 1, 1, 0, 1, 1, 1, 0, 1, 0, 0, 0, 1, 0, 0, 0, 0, 0, 0)"
10.970846,50,101.527698,1,"(np.int64(10955), np.int64(35751), np.int64(39286), np.int64(32032), np.int64(4037), np.int64(15154), np.int64(33486), np.int64(47116), np.int64(42542), np.int64(179), np.int64(35400), np.int64(34480), np.int64(24061), np.int64(2842), np.int64(40200), np.int64(24843), np.int64(4933), np.int64(33897), np.int64(39265), np.int64(25517), np.int64(47699), np.int64(17588), np.int64(21036), np.int64(49027), np.int64(28242), np.int64(48480), np.int64(8095), np.int64(9785), np.int64(29539), np.int64(43706), np.int64(17255), np.int64(12293), np.int64(10651), np.int64(19182), np.int64(4102), np.int64(42017), np.int64(22289), np.int64(41872), np.int64(29450), np.int64(44435), np.int64(28978), np.int64(45034), np.int64(5097), np.int64(24897), np.int64(45371), np.int64(49874), np.int64(43521), np.int64(28812), np.int64(3297), np.int64(2018))","(1, 0, 0, 0, 1, 1, 0, 0, 0, 1, 0, 0, 1, 1, 0, 0, 1, 0, 0, 0, 0, 0, 1, 1, 0, 0, 1, 1, 0, 0, 0, 1, 1, 0, 1, 0, 0, 0, 0, 0, 1, 0, 1, 0, 0, 0, 0, 0, 1, 1)"
13.376992,50,102.067358,1,"(np.int64(27886), np.int64(41398), np.int64(18264), np.int64(18962), np.int64(23216), np.int64(35528), np.int64(35158), np.int64(31257), np.int64(10585), np.int64(3496), np.int64(37132), np.int64(28054), np.int64(25530), np.int64(2668), np.int64(16583), np.int64(9489), np.int64(7637), np.int64(11067), np.int64(12129), np.int64(37509), np.int64(6547), np.int64(45934), np.int64(32357), np.int64(48176), np.int64(44617), np.int64(38201), np.int64(11871), np.int64(5247), np.int64(18731), np.int64(10124), np.int64(22106), np.int64(8228), np.int64(42013), np.int64(46864), np.int64(27749), np.int64(22382), np.int64(9669), np.int64(17800), np.int64(19233), np.int64(49994), np.int64(28414), np.int64(32582), np.int64(28937), np.int64(10052), np.int64(49028), np.int64(5908), np.int64(24561), np.int64(15734), np.int64(25870), np.int64(26954))","(0, 0, 0, 1, 0, 0, 0, 1, 1, 1, 0, 0, 1, 1, 0, 1, 1, 1, 1, 0, 1, 0, 0, 0, 0, 0, 1, 1, 0, 1, 1, 1, 0, 0, 0, 0, 1, 0, 1, 0, 0, 0, 1, 1, 0, 1, 0, 1, 0, 0)"
10.562975,50,102.601184,1,"(np.int64(4705), np.int64(24374), np.int64(4427), np.int64(32852), np.int64(13919), np.int64(41646), np.int64(16095), np.int64(37009), np.int64(33605), np.int64(36207), np.int64(6522), np.int64(29103), np.int64(38131), np.int64(19681), np.int64(627), np.int64(11272), np.int64(42457), np.int64(4991), np.int64(46640), np.int64(48600), np.int64(13414), np.int64(24791), np.int64(22788), np.int64(30620), np.int64(31909), np.int64(14286), np.int64(29418), np.int64(42898), np.int64(1359), np.int64(22803), np.int64(48679), np.int64(33823), np.int64(21854), np.int64(39072), np.int64(47910), np.int64(30813), np.int64(29844), np.int64(31482), np.int64(29624), np.int64(17029), np.int64(19723), np.int64(9707), np.int64(10521), np.int64(26231), np.int64(37530), np.int64(25959), np.int64(28386), np.int64(23249), np.int64(360), np.int64(47422))","(1, 0, 1, 0, 1, 0, 1, 0, 0, 0, 1, 0, 0, 1, 1, 0, 0, 1, 0, 0, 1, 0, 0, 0, 0, 1, 0, 0, 1, 0, 0, 0, 0, 0, 0, 0, 0, 0, 0, 1, 1, 1, 1, 1, 0, 0, 0, 0, 1, 0)"
14.041575,50,103.140359,1,"(np.int64(30603), np.int64(10780), np.int64(34516), np.int64(11325), np.int64(47941), np.int64(6882), np.int64(28813), np.int64(37262), np.int64(4714), np.int64(787), np.int64(2169), np.int64(17084), np.int64(39107), np.int64(33237), np.int64(24035), np.int64(4741), np.int64(47568), np.int64(13922), np.int64(21780), np.int64(24861), np.int64(33756), np.int64(24943), np.int64(48928), np.int64(11782), np.int64(8085), np.int64(18212), np.int64(43425), np.int64(22387), np.int64(45969), np.int64(39963), np.int64(25227), np.int64(9437), np.int64(44925), np.int64(10649), np.int64(35530), np.int64(20851), np.int64(6228), np.int64(4212), np.int64(19990), np.int64(24330), np.int64(7777), np.int64(693), np.int64(856), np.int64(41090), np.int64(43525), np.int64(40795), np.int64(18790), np.int64(34440), np.int64(41244), np.int64(45085))","(0, 1, 0, 1, 0, 1, 1, 0, 1, 1, 1, 1, 0, 0, 1, 0, 0, 1, 0, 0, 0, 1, 0, 1, 1, 0, 0, 0, 0, 0, 1, 1, 0, 1, 0, 1, 1, 1, 0, 0, 1, 1, 1, 0, 0, 0, 1, 0, 0, 0)"
9.10925,50,103.679134,1,"(np.int64(4143), np.int64(43869), np.int64(43027), np.int64(42429), np.int64(17542), np.int64(43542), np.int64(7522), np.int64(39466), np.int64(26313), np.int64(27828), np.int64(2771), np.int64(25836), np.int64(43355), np.int64(42839), np.int64(24855), np.int64(317), np.int64(27284), np.int64(25104), np.int64(34644), np.int64(32715), np.int64(15454), np.int64(26338), np.int64(11874), np.int64(43836), np.int64(29526), np.int64(30458), np.int64(39257), np.int64(22227), np.int64(22121), np.int64(26005), np.int64(6356), np.int64(20976), np.int64(40782), np.int64(11842), np.int64(22391), np.int64(37628), np.int64(24893), np.int64(20285), np.int64(48927), np.int64(9868), np.int64(3603), np.int64(29745), np.int64(38924), np.int64(4713), np.int64(3482), np.int64(10729), np.int64(1435), np.int64(26956), np.int64(6425), np.int64(17770))","(1, 0, 0, 0, 0, 0, 1, 0, 0, 0, 1, 0, 0, 0, 0, 1, 1, 0, 0, 0, 1, 0, 0, 0, 0, 0, 0, 0, 1, 0, 1, 1, 0, 1, 0, 0, 0, 1, 0, 1, 0, 0, 0, 1, 0, 1, 1, 0, 0, 0)"
12.516305,50,104.219706,1,"(np.int64(32496), np.int64(28095), np.int64(1455), np.int64(18914), np.int64(6378), np.int64(47169), np.int64(4621), np.int64(35232), np.int64(16111), np.int64(15431), np.int64(14012), np.int64(27679), np.int64(15179), np.int64(15550), np.int64(46461), np.int64(35017), np.int64(47689), np.int64(9906), np.int64(37697), np.int64(14878), np.int64(33403), np.int64(20232), np.int64(32875), np.int64(11309), np.int64(4460), np.int64(34511), np.int64(46414), np.int64(40605), np.int64(16815), np.int64(2347), np.int64(33727), np.int64(45792), np.int64(2736), np.int64(11113), np.int64(29023), np.int64(7846), np.int64(15722), np.int64(23955), np.int64(9674), np.int64(30883), np.int64(37077), np.int64(24172), np.int64(9968), np.int64(33163), np.int64(22982), np.int64(19384), np.int64(30113), np.int64(13749), np.int64(31437), np.int64(48585))","(0, 0, 1, 1, 1, 0, 1, 0, 1, 0, 1, 0, 1, 0, 0, 0, 0, 1, 0, 1, 0, 1, 0, 1, 1, 0, 0, 0, 1, 0, 0, 0, 1, 1, 1, 1, 1, 1, 0, 0, 0, 0, 1, 0, 0, 1, 0, 0, 0, 0)"
11.062252,43,104.684457,1,"(np.int64(46737), np.int64(20701), np.int64(8562), np.int64(49568), np.int64(5375), np.int64(17231), np.int64(49018), np.int64(9735), np.int64(20004), np.int64(1178), np.int64(16758), np.int64(6467), np.int64(37015), np.int64(39875), np.int64(29351), np.int64(21054), np.int64(41137), np.int64(17504), np.int64(8548), np.int64(47275), np.int64(6325), np.int64(13065), np.int64(19348), np.int64(22169), np.int64(10785), np.int64(28425), np.int64(8124), np.int64(26395), np.int64(39586), np.int64(49662), np.int64(24845), np.int64(17270), np.int64(19431), np.int64(45847), np.int64(36149), np.int64(31505), np.int64(12172), np.int64(6586), np.int64(18046), np.int64(35768), np.int64(19567), np.int64(16668), np.int64(39083))","(0, 1, 1, 0, 1, 0, 0, 0, 0, 1, 1, 1, 0, 0, 1, 1, 0, 0, 0, 0, 1, 1, 0, 1, 1, 0, 1, 0, 0, 0, 1, 0, 1, 0, 0, 0, 1, 1, 0, 0, 0, 1, 0)"
2.981237,7,104.76261,1,"(np.int64(47548), np.int64(10335), np.int64(19081), np.int64(14705), np.int64(4457), np.int64(27796), np.int64(22035))","(0, 1, 1, 1, 1, 0, 1)"
10.967573,40,105.193519,1,"(np.int64(43046), np.int64(6754), np.int64(48807), np.int64(47344), np.int64(12231), np.int64(2469), np.int64(24280), np.int64(23889), np.int64(347), np.int64(22961), np.int64(6893), np.int64(9351), np.int64(21266), np.int64(19243), np.int64(368), np.int64(47977), np.int64(25499), np.int64(19280), np.int64(33369), np.int64(44381), np.int64(2698), np.int64(20525), np.int64(38521), np.int64(12663), np.int64(45523), np.int64(49625), np.int64(17245), np.int64(4892), np.int64(11934), np.int64(14947), np.int64(16482), np.int64(48521), np.int64(46342), np.int64(20878), np.int64(35814), np.int64(14833), np.int64(4880), np.int64(27173), np.int64(44630), np.int64(49022))","(0, 1, 0, 0, 1, 0, 0, 1, 1, 0, 1, 0, 1, 1, 1, 0, 1, 1, 0, 0, 1, 1, 0, 0, 0, 0, 0, 1, 1, 1, 0, 0, 0, 1, 0, 1, 0, 1, 0, 0)"
10.074205,42,105.652921,1,"(np.int64(47683), np.int64(5528), np.int64(29571), np.int64(43394), np.int64(12196), np.int64(9430), np.int64(5437), np.int64(43877), np.int64(13458), np.int64(38055), np.int64(35725), np.int64(11831), np.int64(12890), np.int64(43137), np.int64(41238), np.int64(43994), np.int64(32165), np.int64(18706), np.int64(30910), np.int64(13807), np.int64(9184), np.int64(22219), np.int64(37471), np.int64(3491), np.int64(37658), np.int64(18481), np.int64(30187), np.int64(44557), np.int64(19418), np.int64(4630), np.int64(36098), np.int64(29993), np.int64(32891), np.int64(2477), np.int64(32826), np.int64(11431), np.int64(17938), np.int64(4790), np.int64(42453), np.int64(8636), np.int64(47699), np.int64(4421))","(0, 1, 0, 0, 1, 1, 1, 0, 1, 0, 0, 1, 1, 0, 0, 0, 0, 0, 0, 0, 1, 1, 0, 1, 0, 0, 0, 0, 1, 1, 0, 0, 0, 0, 0, 1, 0, 1, 0, 1, 0, 1)"
12.436124,50,106.190666,1,"(np.int64(32906), np.int64(20418), np.int64(20322), np.int64(24844), np.int64(4582), np.int64(34215), np.int64(16228), np.int64(5123), np.int64(41216), np.int64(41851), np.int64(28531), np.int64(12959), np.int64(21890), np.int64(40248), np.int64(6512), np.int64(18327), np.int64(39701), np.int64(3725), np.int64(47262), np.int64(30087), np.int64(42697), np.int64(34086), np.int64(45852), np.int64(19197), np.int64(45193), np.int64(18893), np.int64(27109), np.int64(21074), np.int64(41075), np.int64(6040), np.int64(39618), np.int64(13286), np.int64(34757), np.int64(5584), np.int64(30408), np.int64(48047), np.int64(20588), np.int64(16020), np.int64(26739), np.int64(16690), np.int64(24084), np.int64(25030), np.int64(29059), np.int64(47622), np.int64(1520), np.int64(7541), np.int64(15433), np.int64(2162), np.int64(36361), np.int64(38826))","(0, 1, 0, 0, 1, 0, 1, 1, 0, 0, 0, 1, 1, 0, 1, 0, 0, 1, 0, 0, 0, 0, 0, 1, 0, 0, 0, 0, 0, 1, 0, 1, 0, 1, 0, 0, 1, 0, 0, 1, 1, 1, 0, 0, 1, 1, 1, 1, 0, 0)"
13.408031,50,106.727531,1,"(np.int64(28450), np.int64(34747), np.int64(23236), np.int64(46194), np.int64(29114), np.int64(1127), np.int64(7780), np.int64(39232), np.int64(15112), np.int64(18606), np.int64(10701), np.int64(14405), np.int64(39408), np.int64(11878), np.int64(26912), np.int64(11387), np.int64(18333), np.int64(33868), np.int64(39142), np.int64(14814), np.int64(19162), np.int64(45205), np.int64(11440), np.int64(31085), np.int64(1897), np.int64(27702), np.int64(17491), np.int64(34597), np.int64(5714), np.int64(47730), np.int64(24165), np.int64(47926), np.int64(11662), np.int64(14469), np.int64(25197), np.int64(42528), np.int64(36568), np.int64(12562), np.int64(9568), np.int64(12673), np.int64(13056), np.int64(42914), np.int64(35129), np.int64(9743), np.int64(41570), np.int64(22108), np.int64(4944), np.int64(47070), np.int64(21872), np.int64(6145))","(0, 0, 0, 0, 0, 1, 1, 0, 1, 0, 1, 1, 0, 1, 0, 0, 0, 0, 0, 1, 1, 0, 0, 0, 1, 0, 0, 0, 1, 0, 1, 0, 1, 1, 1, 0, 0, 1, 1, 1, 0, 0, 0, 1, 0, 1, 1, 0, 1, 1)"
8.230331,34,107.123873,1,"(np.int64(1927), np.int64(24736), np.int64(40948), np.int64(32458), np.int64(43400), np.int64(14546), np.int64(32269), np.int64(9567), np.int64(37170), np.int64(6810), np.int64(14118), np.int64(17666), np.int64(44551), np.int64(42008), np.int64(33803), np.int64(14592), np.int64(17117), np.int64(10710), np.int64(15395), np.int64(4826), np.int64(615), np.int64(32875), np.int64(2043), np.int64(14364), np.int64(6595), np.int64(42720), np.int64(22501), np.int64(46854), np.int64(23173), np.int64(23357), np.int64(27191), np.int64(30363), np.int64(24518), np.int64(29461))","(1, 0, 0, 0, 0, 0, 0, 1, 0, 1, 0, 0, 0, 0, 0, 1, 0, 1, 1, 1, 1, 0, 1, 1, 1, 0, 0, 0, 0, 0, 1, 0, 1, 0)"
9.870312,46,107.624065,1,"(np.int64(33689), np.int64(18353), np.int64(8318), np.int64(45105), np.int64(27754), np.int64(1784), np.int64(23500), np.int64(5019), np.int64(1836), np.int64(25927), np.int64(47159), np.int64(13526), np.int64(39458), np.int64(19865), np.int64(32670), np.int64(9249), np.int64(12941), np.int64(27102), np.int64(22915), np.int64(23866), np.int64(35242), np.int64(22586), np.int64(25516), np.int64(28438), np.int64(5004), np.int64(35209), np.int64(18727), np.int64(4830), np.int64(39171), np.int64(36754), np.int64(35923), np.int64(41854), np.int64(28581), np.int64(19674), np.int64(6020), np.int64(35506), np.int64(43647), np.int64(34295), np.int64(41151), np.int64(43621), np.int64(7367), np.int64(14739), np.int64(31411), np.int64(27312), np.int64(42520), np.int64(16405))","(0, 0, 1, 0, 0, 1, 0, 1, 1, 0, 0, 1, 0, 0, 0, 1, 1, 0, 0, 0, 0, 0, 1, 0, 1, 0, 0, 1, 0, 0, 0, 0, 1, 1, 1, 0, 0, 0, 0, 0, 1, 1, 1, 1, 0, 0)"
11.088433,50,108.165447,1,"(np.int64(17774), np.int64(48055), np.int64(49454), np.int64(37756), np.int64(5495), np.int64(42580), np.int64(26308), np.int64(48564), np.int64(33378), np.int64(26017), np.int64(31411), np.int64(23840), np.int64(32546), np.int64(28495), np.int64(13016), np.int64(16161), np.int64(23629), np.int64(32826), np.int64(8058), np.int64(23507), np.int64(36839), np.int64(49095), np.int64(15012), np.int64(22650), np.int64(9473), np.int64(22192), np.int64(38269), np.int64(47172), np.int64(26569), np.int64(35476), np.int64(48832), np.int64(21341), np.int64(47420), np.int64(45786), np.int64(31403), np.int64(21102), np.int64(30592), np.int64(6428), np.int64(32354), np.int64(34284), np.int64(26667), np.int64(39854), np.int64(16653), np.int64(27248), np.int64(46959), np.int64(45494), np.int64(20960), np.int64(46275), np.int64(17102), np.int64(5816))","(0, 0, 0, 1, 1, 0, 0, 0, 0, 0, 1, 1, 0, 0, 0, 1, 0, 0, 1, 1, 0, 0, 1, 0, 1, 1, 0, 0, 0, 0, 0, 1, 0, 0, 0, 1, 0, 1, 0, 0, 0, 0, 1, 1, 0, 0, 1, 0, 1, 1)"
8.00742,47,108.662303,1,"(np.int64(43175), np.int64(43848), np.int64(48439), np.int64(48197), np.int64(41413), np.int64(36890), np.int64(8098), np.int64(29422), np.int64(18226), np.int64(34357), np.int64(22682), np.int64(27929), np.int64(21295), np.int64(4164), np.int64(39766), np.int64(21299), np.int64(14168), np.int64(38208), np.int64(34183), np.int64(43241), np.int64(35412), np.int64(37320), np.int64(17299), np.int64(749), np.int64(13496), np.int64(38808), np.int64(7879), np.int64(42968), np.int64(6309), np.int64(15087), np.int64(14809), np.int64(41080), np.int64(22920), np.int64(40667), np.int64(31489), np.int64(44402), np.int64(31179), np.int64(39194), np.int64(40217), np.int64(29449), np.int64(22823), np.int64(33753), np.int64(4413), np.int64(8539), np.int64(31635), np.int64(34543), np.int64(45487))","(0, 0, 0, 0, 0, 0, 1, 0, 0, 0, 0, 1, 1, 1, 0, 1, 1, 0, 0, 0, 0, 0, 0, 1, 1, 0, 1, 0, 1, 1, 1, 0, 0, 0, 1, 0, 0, 0, 0, 0, 0, 0, 0, 0, 0, 0, 0)"
9.104358,50,109.202123,1,"(np.int64(46886), np.int64(41363), np.int64(34201), np.int64(2949), np.int64(39400), np.int64(43217), np.int64(41841), np.int64(21526), np.int64(31257), np.int64(48826), np.int64(33847), np.int64(21456), np.int64(48842), np.int64(24431), np.int64(1680), np.int64(20970), np.int64(20493), np.int64(25112), np.int64(38140), np.int64(9747), np.int64(26421), np.int64(12959), np.int64(9865), np.int64(27997), np.int64(983), np.int64(40173), np.int64(1819), np.int64(22892), np.int64(7226), np.int64(15285), np.int64(36785), np.int64(38800), np.int64(40656), np.int64(17562), np.int64(34229), np.int64(22551), np.int64(27851), np.int64(38686), np.int64(12392), np.int64(29957), np.int64(14129), np.int64(39964), np.int64(33472), np.int64(128), np.int64(23400), np.int64(49691), np.int64(35333), np.int64(10689), np.int64(43380), np.int64(10817))","(0, 0, 0, 1, 0, 0, 0, 1, 1, 0, 0, 0, 0, 1, 1, 0, 0, 0, 0, 1, 0, 1, 1, 0, 0, 0, 1, 0, 1, 1, 0, 0, 0, 0, 0, 0, 0, 0, 1, 0, 1, 0, 0, 0, 0, 0, 0, 1, 0, 1)"
3.586877,14,109.361777,1,"(np.int64(35757), np.int64(40363), np.int64(24735), np.int64(33063), np.int64(33195), np.int64(42508), np.int64(113), np.int64(3312), np.int64(18652), np.int64(706), np.int64(17021), np.int64(7172), np.int64(34830), np.int64(8348))","(0, 0, 0, 0, 0, 0, 1, 1, 0, 1, 1, 1, 0, 1)"
7.155439,29,109.677756,1,"(np.int64(44951), np.int64(16753), np.int64(7424), np.int64(21117), np.int64(15880), np.int64(32184), np.int64(14931), np.int64(19140), np.int64(8670), np.int64(43157), np.int64(44903), np.int64(23791), np.int64(27944), np.int64(43946), np.int64(27808), np.int64(23549), np.int64(24868), np.int64(28900), np.int64(47184), np.int64(19567), np.int64(29454), np.int64(34055), np.int64(35910), np.int64(25560), np.int64(6753), np.int64(25206), np.int64(31282), np.int64(49039), np.int64(30657))","(0, 1, 1, 1, 1, 0, 1, 1, 1, 0, 0, 1, 0, 0, 0, 0, 0, 1, 0, 0, 0, 0, 0, 0, 1, 1, 1, 0, 0)"
8.701711,48,110.284425,1,"(np.int64(17663), np.int64(22153), np.int64(48278), np.int64(38503), np.int64(45385), np.int64(27192), np.int64(39542), np.int64(24176), np.int64(48718), np.int64(6367), np.int64(19088), np.int64(36933), np.int64(40794), np.int64(1539), np.int64(42397), np.int64(40475), np.int64(18917), np.int64(42626), np.int64(45557), np.int64(38087), np.int64(41305), np.int64(15563), np.int64(43866), np.int64(290), np.int64(38498), np.int64(47426), np.int64(1076), np.int64(37893), np.int64(7689), np.int64(8987), np.int64(28990), np.int64(20783), np.int64(8531), np.int64(26860), np.int64(34631), np.int64(28093), np.int64(43298), np.int64(30895), np.int64(6130), np.int64(30957), np.int64(45545), np.int64(238), np.int64(583), np.int64(45357), np.int64(46896), np.int64(45830), np.int64(30021), np.int64(13960))","(0, 1, 0, 0, 0, 1, 0, 0, 0, 1, 0, 0, 0, 1, 0, 0, 0, 0, 0, 0, 0, 1, 0, 1, 0, 0, 1, 0, 1, 0, 1, 1, 1, 0, 0, 0, 0, 0, 0, 0, 0, 1, 1, 0, 0, 0, 0, 1)"
10.518483,38,110.695464,1,"(np.int64(45183), np.int64(43035), np.int64(44443), np.int64(7992), np.int64(46), np.int64(32699), np.int64(40214), np.int64(20703), np.int64(32234), np.int64(34400), np.int64(15835), np.int64(26688), np.int64(31380), np.int64(41306), np.int64(19003), np.int64(40449), np.int64(21778), np.int64(5677), np.int64(36368), np.int64(18167), np.int64(7479), np.int64(5991), np.int64(354), np.int64(20282), np.int64(43559), np.int64(18909), np.int64(14551), np.int64(18713), np.int64(35916), np.int64(35306), np.int64(37165), np.int64(32340), np.int64(7959), np.int64(24451), np.int64(25381), np.int64(30461), np.int64(20933), np.int64(40883))","(0, 0, 0, 0, 1, 0, 0, 1, 0, 0, 1, 1, 1, 0, 1, 0, 1, 1, 0, 1, 1, 0, 1, 1, 0, 1, 1, 0, 0, 0, 0, 0, 1, 1, 1, 0, 1, 0)"
10.467717,47,111.199923,1,"(np.int64(1446), np.int64(32728), np.int64(38483), np.int64(1531), np.int64(25329), np.int64(45378), np.int64(907), np.int64(27830), np.int64(6013), np.int64(2451), np.int64(9395), np.int64(48215), np.int64(20140), np.int64(41022), np.int64(18947), np.int64(39605), np.int64(13481), np.int64(7727), np.int64(5329), np.int64(38376), np.int64(45647), np.int64(25181), np.int64(14539), np.int64(39894), np.int64(1287), np.int64(24547), np.int64(11383), np.int64(49044), np.int64(43131), np.int64(22992), np.int64(35995), np.int64(29567), np.int64(44321), np.int64(28404), np.int64(29271), np.int64(47075), np.int64(12678), np.int64(36900), np.int64(49324), np.int64(18224), np.int64(5954), np.int64(28345), np.int64(33380), np.int64(22539), np.int64(27467), np.int64(49447), np.int64(45215))","(1, 0, 0, 1, 1, 0, 1, 0, 1, 0, 1, 0, 0, 0, 0, 0, 1, 1, 1, 0, 0, 1, 1, 0, 1, 1, 1, 0, 0, 0, 0, 0, 0, 0, 1, 0, 1, 0, 0, 0, 1, 0, 0, 0, 0, 0, 0)"
6.31331,23,111.453492,1,"(np.int64(31821), np.int64(48994), np.int64(11680), np.int64(38329), np.int64(27792), np.int64(20893), np.int64(39815), np.int64(20677), np.int64(14291), np.int64(36939), np.int64(1196), np.int64(42375), np.int64(18265), np.int64(6312), np.int64(10953), np.int64(4027), np.int64(7456), np.int64(4203), np.int64(25889), np.int64(49889), np.int64(40204), np.int64(32031), np.int64(39342))","(0, 0, 1, 0, 0, 1, 0, 1, 1, 0, 1, 0, 0, 1, 1, 1, 1, 1, 0, 0, 0, 0, 0)"
3.071845,8,111.541477,1,"(np.int64(38709), np.int64(38163), np.int64(37282), np.int64(16525), np.int64(15557), np.int64(1783), np.int64(4066), np.int64(6734))","(0, 0, 0, 1, 1, 1, 1, 1)"
7.882904,28,111.847491,1,"(np.int64(13855), np.int64(24267), np.int64(36187), np.int64(45774), np.int64(47335), np.int64(44234), np.int64(21952), np.int64(5693), np.int64(20741), np.int64(2238), np.int64(33927), np.int64(34694), np.int64(38984), np.int64(7920), np.int64(29646), np.int64(3818), np.int64(8460), np.int64(4970), np.int64(10747), np.int64(48740), np.int64(20881), np.int64(3917), np.int64(46656), np.int64(16860), np.int64(8942), np.int64(40437), np.int64(2742), np.int64(14088))","(1, 0, 0, 0, 0, 0, 1, 1, 1, 0, 0, 0, 0, 0, 0, 1, 1, 1, 1, 0, 1, 1, 0, 1, 1, 0, 1, 0)"
10.652158,50,112.388916,1,"(np.int64(32561), np.int64(2276), np.int64(36212), np.int64(5320), np.int64(12195), np.int64(28966), np.int64(7017), np.int64(34058), np.int64(1321), np.int64(39695), np.int64(4600), np.int64(10347), np.int64(45673), np.int64(28717), np.int64(47659), np.int64(27664), np.int64(43710), np.int64(44832), np.int64(27938), np.int64(11882), np.int64(31348), np.int64(48333), np.int64(47740), np.int64(16812), np.int64(27648), np.int64(33737), np.int64(26405), np.int64(28702), np.int64(45730), np.int64(48013), np.int64(14563), np.int64(35617), np.int64(39154), np.int64(36075), np.int64(47865), np.int64(49146), np.int64(35901), np.int64(5816), np.int64(13107), np.int64(49917), np.int64(22806), np.int64(4901), np.int64(8333), np.int64(16826), np.int64(24696), np.int64(27496), np.int64(22293), np.int64(39716), np.int64(32691), np.int64(33757))","(0, 0, 0, 1, 1, 1, 0, 0, 1, 0, 1, 1, 0, 1, 0, 1, 0, 0, 1, 1, 1, 0, 0, 1, 0, 0, 0, 0, 0, 0, 0, 0, 0, 0, 0, 0, 0, 1, 0, 0, 0, 1, 1, 1, 1, 0, 0, 0, 0, 0)"
7.461845,28,112.696665,1,"(np.int64(16646), np.int64(48957), np.int64(15008), np.int64(21865), np.int64(12382), np.int64(40722), np.int64(2304), np.int64(32751), np.int64(49079), np.int64(30895), np.int64(23972), np.int64(34896), np.int64(27733), np.int64(2160), np.int64(4526), np.int64(5076), np.int64(21272), np.int64(51), np.int64(48483), np.int64(11261), np.int64(31914), np.int64(6538), np.int64(19516), np.int64(47470), np.int64(33270), np.int64(12528), np.int64(20301), np.int64(37160))","(1, 0, 0, 1, 1, 0, 0, 0, 0, 0, 1, 0, 0, 1, 1, 1, 1, 1, 0, 0, 0, 1, 0, 0, 0, 1, 1, 0)"
12.018639,50,113.234006,1,"(np.int64(41157), np.int64(34826), np.int64(2727), np.int64(11467), np.int64(49163), np.int64(15803), np.int64(39158), np.int64(47763), np.int64(42900), np.int64(38425), np.int64(7824), np.int64(20808), np.int64(27559), np.int64(32403), np.int64(38433), np.int64(27571), np.int64(45534), np.int64(44983), np.int64(6068), np.int64(5631), np.int64(8530), np.int64(29032), np.int64(38579), np.int64(9469), np.int64(34075), np.int64(47616), np.int64(36270), np.int64(2853), np.int64(10217), np.int64(3334), np.int64(15725), np.int64(23510), np.int64(901), np.int64(46605), np.int64(10608), np.int64(148), np.int64(25969), np.int64(26370), np.int64(40210), np.int64(32982), np.int64(46160), np.int64(25329), np.int64(25662), np.int64(35632), np.int64(24721), np.int64(26961), np.int64(12166), np.int64(29013), np.int64(15915), np.int64(43280))","(0, 0, 1, 1, 0, 1, 0, 0, 0, 0, 1, 1, 0, 0, 0, 0, 0, 0, 1, 1, 1, 0, 0, 1, 0, 0, 0, 1, 1, 1, 0, 1, 1, 0, 1, 1, 0, 0, 0, 0, 0, 1, 0, 0, 1, 0, 1, 1, 0, 0)"
8.750544,38,113.637424,1,"(np.int64(19573), np.int64(23565), np.int64(9156), np.int64(41276), np.int64(10270), np.int64(6846), np.int64(2139), np.int64(26975), np.int64(8327), np.int64(27264), np.int64(46317), np.int64(8110), np.int64(40128), np.int64(25665), np.int64(35837), np.int64(19663), np.int64(48442), np.int64(27386), np.int64(31907), np.int64(20075), np.int64(27776), np.int64(23210), np.int64(12065), np.int64(36600), np.int64(34612), np.int64(23517), np.int64(22706), np.int64(36280), np.int64(31022), np.int64(22443), np.int64(47904), np.int64(47301), np.int64(15214), np.int64(38056), np.int64(8375), np.int64(4697), np.int64(40783), np.int64(38272))","(1, 0, 1, 0, 1, 1, 0, 0, 1, 1, 0, 1, 0, 0, 0, 1, 0, 1, 0, 1, 0, 0, 0, 0, 0, 1, 0, 0, 0, 0, 0, 0, 1, 0, 1, 1, 0, 0)"
6.972778,22,113.880684,1,"(np.int64(30559), np.int64(19233), np.int64(14209), np.int64(5648), np.int64(11020), np.int64(42783), np.int64(30423), np.int64(45544), np.int64(4650), np.int64(13262), np.int64(3565), np.int64(42757), np.int64(37846), np.int64(45729), np.int64(40969), np.int64(17064), np.int64(5145), np.int64(4246), np.int64(43987), np.int64(7333), np.int64(15450), np.int64(42211))","(0, 1, 1, 1, 1, 0, 0, 0, 1, 1, 1, 0, 0, 0, 0, 1, 1, 1, 0, 0, 1, 0)"
8.961795,46,114.380973,1,"(np.int64(45058), np.int64(6636), np.int64(35321), np.int64(39383), np.int64(25403), np.int64(42413), np.int64(37777), np.int64(40051), np.int64(11386), np.int64(42625), np.int64(28950), np.int64(40740), np.int64(34889), np.int64(44216), np.int64(20105), np.int64(41365), np.int64(3169), np.int64(26816), np.int64(34383), np.int64(17720), np.int64(46492), np.int64(23973), np.int64(27388), np.int64(41415), np.int64(36630), np.int64(8540), np.int64(14252), np.int64(9396), np.int64(46345), np.int64(36287), np.int64(15447), np.int64(9075), np.int64(22783), np.int64(49744), np.int64(6736), np.int64(45156), np.int64(49820), np.int64(38794), np.int64(10972), np.int64(18676), np.int64(35391), np.int64(48857), np.int64(28671), np.int64(26178), np.int64(22605), np.int64(21695))","(0, 1, 0, 0, 0, 0, 0, 0, 1, 0, 1, 0, 0, 0, 1, 0, 0, 0, 0, 0, 0, 1, 0, 0, 0, 1, 1, 1, 0, 0, 1, 1, 0, 0, 1, 0, 0, 0, 1, 0, 0, 0, 0, 1, 0, 1)"
11.13338,39,114.806033,1,"(np.int64(14428), np.int64(1043), np.int64(45839), np.int64(23454), np.int64(5028), np.int64(16010), np.int64(18264), np.int64(6825), np.int64(25590), np.int64(12349), np.int64(32255), np.int64(45156), np.int64(21022), np.int64(10841), np.int64(47390), np.int64(10653), np.int64(37836), np.int64(24197), np.int64(14272), np.int64(12621), np.int64(14357), np.int64(46348), np.int64(2669), np.int64(2869), np.int64(38332), np.int64(8375), np.int64(48828), np.int64(34707), np.int64(14864), np.int64(18102), np.int64(24347), np.int64(7324), np.int64(47678), np.int64(30371), np.int64(30326), np.int64(13753), np.int64(14916), np.int64(41284), np.int64(12573))","(1, 1, 0, 1, 1, 1, 0, 1, 1, 0, 0, 0, 0, 1, 0, 1, 0, 0, 1, 1, 1, 0, 1, 1, 0, 1, 0, 0, 0, 0, 0, 1, 0, 0, 0, 0, 1, 0, 1)"
11.004902,50,115.340569,1,"(np.int64(32390), np.int64(28275), np.int64(49667), np.int64(10374), np.int64(33144), np.int64(4512), np.int64(45471), np.int64(49255), np.int64(8735), np.int64(1425), np.int64(42603), np.int64(13888), np.int64(25796), np.int64(18088), np.int64(28460), np.int64(18336), np.int64(2087), np.int64(31700), np.int64(40434), np.int64(21732), np.int64(9316), np.int64(1546), np.int64(22966), np.int64(29327), np.int64(884), np.int64(11766), np.int64(26796), np.int64(23784), np.int64(23480), np.int64(49457), np.int64(24417), np.int64(22783), np.int64(45561), np.int64(17797), np.int64(44125), np.int64(1078), np.int64(37315), np.int64(44883), np.int64(39564), np.int64(32869), np.int64(45102), np.int64(45611), np.int64(37581), np.int64(28537), np.int64(25772), np.int64(33288), np.int64(20433), np.int64(48532), np.int64(12907), np.int64(8028))","(0, 0, 0, 1, 0, 1, 0, 0, 1, 1, 0, 1, 0, 0, 0, 1, 1, 0, 0, 1, 1, 1, 0, 1, 1, 1, 1, 1, 1, 0, 0, 0, 0, 0, 0, 1, 0, 0, 0, 0, 0, 0, 0, 0, 0, 0, 0, 0, 0, 1)"
9.01699,25,115.61235,1,"(np.int64(6106), np.int64(13159), np.int64(4982), np.int64(47063), np.int64(416), np.int64(20267), np.int64(24037), np.int64(50023), np.int64(30025), np.int64(16125), np.int64(42262), np.int64(38278), np.int64(6211), np.int64(30961), np.int64(44409), np.int64(1963), np.int64(1030), np.int64(16458), np.int64(30563), np.int64(26306), np.int64(7171), np.int64(13035), np.int64(43706), np.int64(5295), np.int64(2768))","(1, 1, 1, 0, 1, 1, 1, 0, 0, 1, 0, 0, 1, 0, 0, 1, 1, 0, 0, 0, 1, 1, 0, 1, 1)"
2.816586,11,115.735256,1,"(np.int64(35849), np.int64(41221), np.int64(40180), np.int64(24020), np.int64(28946), np.int64(12507), np.int64(18860), np.int64(26365), np.int64(32542), np.int64(32690), np.int64(16972))","(0, 0, 0, 1, 1, 1, 0, 1, 0, 0, 1)"
3.08332,10,115.849,1,"(np.int64(14033), np.int64(29947), np.int64(46979), np.int64(12120), np.int64(25752), np.int64(27861), np.int64(42839), np.int64(45779), np.int64(20395), np.int64(7377))","(1, 0, 0, 1, 1, 1, 0, 0, 0, 1)"
3.181187,14,116.004162,1,"(np.int64(3670), np.int64(24972), np.int64(24745), np.int64(44342), np.int64(13833), np.int64(12869), np.int64(35194), np.int64(23406), np.int64(40108), np.int64(3441), np.int64(18529), np.int64(25182), np.int64(7892), np.int64(36828))","(1, 1, 0, 0, 0, 1, 0, 0, 0, 1, 0, 0, 1, 0)"
3.048989,16,116.179442,1,"(np.int64(7106), np.int64(26601), np.int64(46089), np.int64(34804), np.int64(43987), np.int64(11882), np.int64(22681), np.int64(41993), np.int64(5633), np.int64(23872), np.int64(37713), np.int64(4849), np.int64(5476), np.int64(14797), np.int64(29507), np.int64(30551))","(1, 0, 0, 0, 0, 1, 0, 0, 1, 0, 0, 1, 1, 0, 0, 0)"
13.541549,39,116.601236,1,"(np.int64(41920), np.int64(25068), np.int64(10247), np.int64(4194), np.int64(38408), np.int64(29371), np.int64(10211), np.int64(39880), np.int64(30838), np.int64(13455), np.int64(4465), np.int64(27657), np.int64(14117), np.int64(18632), np.int64(31569), np.int64(26943), np.int64(30543), np.int64(37756), np.int64(258), np.int64(35934), np.int64(43162), np.int64(11956), np.int64(21672), np.int64(33226), np.int64(11339), np.int64(21606), np.int64(26849), np.int64(9297), np.int64(10964), np.int64(139), np.int64(938), np.int64(16466), np.int64(6062), np.int64(5474), np.int64(20482), np.int64(12542), np.int64(23143), np.int64(30405), np.int64(28193))","(0, 1, 1, 1, 0, 1, 1, 0, 0, 1, 1, 0, 1, 0, 0, 0, 0, 1, 1, 0, 0, 1, 1, 0, 1, 1, 0, 1, 1, 1, 1, 1, 1, 1, 0, 1, 0, 0, 0)"
4.966802,26,116.879377,1,"(np.int64(18357), np.int64(40853), np.int64(45633), np.int64(558), np.int64(5370), np.int64(40800), np.int64(31594), np.int64(3164), np.int64(24919), np.int64(38068), np.int64(12675), np.int64(3580), np.int64(26033), np.int64(33243), np.int64(42918), np.int64(11697), np.int64(18710), np.int64(24168), np.int64(32576), np.int64(38019), np.int64(37253), np.int64(49146), np.int64(25182), np.int64(47758), np.int64(4766), np.int64(12707))","(0, 0, 0, 1, 1, 0, 0, 0, 1, 0, 1, 1, 0, 0, 0, 1, 0, 0, 0, 0, 0, 0, 0, 0, 1, 1)"
3.498902,14,117.03696,1,"(np.int64(7022), np.int64(17003), np.int64(6739), np.int64(43067), np.int64(9518), np.int64(27923), np.int64(35185), np.int64(33106), np.int64(15260), np.int64(23931), np.int64(46871), np.int64(5682), np.int64(16874), np.int64(17291))","(0, 1, 1, 0, 1, 0, 0, 1, 1, 0, 0, 0, 1, 0)"
6.280396,39,117.449654,1,"(np.int64(24912), np.int64(11205), np.int64(22778), np.int64(40795), np.int64(10160), np.int64(4501), np.int64(47296), np.int64(40155), np.int64(32685), np.int64(20793), np.int64(28441), np.int64(25747), np.int64(9068), np.int64(21747), np.int64(46914), np.int64(41003), np.int64(1791), np.int64(24679), np.int64(30791), np.int64(23939), np.int64(47650), np.int64(37401), np.int64(40178), np.int64(34175), np.int64(31421), np.int64(22307), np.int64(33773), np.int64(46598), np.int64(22138), np.int64(28097), np.int64(39697), np.int64(49697), np.int64(37652), np.int64(42857), np.int64(15212), np.int64(32398), np.int64(26178), np.int64(21135), np.int64(30896))","(0, 1, 0, 0, 1, 1, 0, 0, 0, 1, 0, 1, 1, 0, 0, 0, 0, 0, 0, 1, 0, 0, 0, 0, 1, 0, 0, 0, 0, 0, 0, 0, 0, 0, 1, 0, 1, 0, 0)"
6.62916,23,117.701255,1,"(np.int64(40637), np.int64(35970), np.int64(49138), np.int64(24417), np.int64(47425), np.int64(22712), np.int64(907), np.int64(34323), np.int64(11120), np.int64(49215), np.int64(13896), np.int64(38844), np.int64(41832), np.int64(34329), np.int64(1886), np.int64(28614), np.int64(20956), np.int64(6864), np.int64(16185), np.int64(4221), np.int64(16806), np.int64(24505), np.int64(5943))","(0, 0, 0, 0, 0, 0, 1, 0, 1, 0, 1, 0, 0, 0, 1, 1, 1, 0, 1, 1, 1, 1, 1)"
10.596779,42,118.149364,1,"(np.int64(20557), np.int64(5703), np.int64(44112), np.int64(27451), np.int64(43313), np.int64(21918), np.int64(3869), np.int64(4428), np.int64(4711), np.int64(30638), np.int64(19848), np.int64(47128), np.int64(667), np.int64(42523), np.int64(1931), np.int64(18487), np.int64(23597), np.int64(49837), np.int64(31723), np.int64(30934), np.int64(42553), np.int64(5761), np.int64(36929), np.int64(49062), np.int64(49065), np.int64(33503), np.int64(24108), np.int64(19827), np.int64(40742), np.int64(22318), np.int64(9031), np.int64(6454), np.int64(3161), np.int64(28646), np.int64(4248), np.int64(11855), np.int64(38532), np.int64(22884), np.int64(21888), np.int64(38612), np.int64(16009), np.int64(32744))","(1, 1, 0, 0, 0, 1, 0, 1, 1, 0, 1, 0, 1, 0, 1, 0, 0, 0, 0, 0, 0, 1, 0, 0, 0, 0, 0, 1, 0, 0, 1, 1, 0, 1, 1, 1, 0, 0, 1, 0, 1, 0)"
6.752345,26,118.435978,1,"(np.int64(43659), np.int64(24475), np.int64(39991), np.int64(19037), np.int64(48300), np.int64(47508), np.int64(19727), np.int64(14911), np.int64(43485), np.int64(19274), np.int64(39990), np.int64(4183), np.int64(39812), np.int64(4129), np.int64(34147), np.int64(43050), np.int64(943), np.int64(47128), np.int64(44636), np.int64(4747), np.int64(6942), np.int64(5700), np.int64(38319), np.int64(18892), np.int64(28779), np.int64(18423))","(0, 1, 0, 1, 0, 0, 1, 1, 0, 1, 0, 1, 0, 0, 0, 0, 1, 0, 0, 1, 1, 1, 0, 0, 1, 0)"
9.264285,38,118.842904,1,"(np.int64(2609), np.int64(33657), np.int64(32311), np.int64(28834), np.int64(27558), np.int64(11758), np.int64(29904), np.int64(42814), np.int64(15845), np.int64(26312), np.int64(24835), np.int64(34851), np.int64(28582), np.int64(15356), np.int64(37699), np.int64(6419), np.int64(7259), np.int64(16386), np.int64(17040), np.int64(19371), np.int64(4834), np.int64(7979), np.int64(41303), np.int64(45117), np.int64(11224), np.int64(10909), np.int64(41903), np.int64(26937), np.int64(1263), np.int64(36110), np.int64(10049), np.int64(47730), np.int64(10105), np.int64(18307), np.int64(39919), np.int64(27073), np.int64(49626), np.int64(45794))","(1, 0, 0, 1, 0, 1, 0, 0, 1, 0, 0, 0, 1, 1, 0, 0, 1, 1, 1, 1, 0, 0, 0, 0, 1, 1, 0, 0, 1, 0, 1, 0, 1, 0, 0, 0, 0, 0)"
9.843317,43,119.307609,1,"(np.int64(22855), np.int64(7210), np.int64(35158), np.int64(621), np.int64(24139), np.int64(32856), np.int64(9998), np.int64(13596), np.int64(11495), np.int64(17987), np.int64(15789), np.int64(38370), np.int64(6495), np.int64(39106), np.int64(41754), np.int64(18952), np.int64(37120), np.int64(3703), np.int64(48824), np.int64(17443), np.int64(26203), np.int64(29307), np.int64(9512), np.int64(13912), np.int64(17654), np.int64(30279), np.int64(35493), np.int64(5882), np.int64(23869), np.int64(22142), np.int64(775), np.int64(46022), np.int64(20543), np.int64(3594), np.int64(24075), np.int64(29703), np.int64(14666), np.int64(43143), np.int64(5976), np.int64(46694), np.int64(49362), np.int64(49212), np.int64(43306))","(0, 1, 0, 1, 0, 0, 1, 0, 1, 0, 0, 0, 1, 0, 0, 0, 0, 1, 0, 0, 1, 1, 1, 0, 0, 0, 0, 1, 0, 0, 1, 0, 1, 1, 1, 0, 1, 0, 1, 0, 0, 0, 0)"
15.121581,50,119.84531,1,"(np.int64(25454), np.int64(38469), np.int64(30151), np.int64(8730), np.int64(1887), np.int64(39202), np.int64(45003), np.int64(30017), np.int64(31631), np.int64(42931), np.int64(10687), np.int64(14780), np.int64(25294), np.int64(7818), np.int64(23807), np.int64(21182), np.int64(14071), np.int64(525), np.int64(36991), np.int64(4539), np.int64(6062), np.int64(39424), np.int64(47116), np.int64(16604), np.int64(21827), np.int64(42426), np.int64(25038), np.int64(20548), np.int64(1958), np.int64(17732), np.int64(31270), np.int64(20785), np.int64(2280), np.int64(37073), np.int64(38169), np.int64(34914), np.int64(3495), np.int64(45526), np.int64(15521), np.int64(45114), np.int64(36189), np.int64(934), np.int64(358), np.int64(36363), np.int64(41518), np.int64(4998), np.int64(40435), np.int64(21893), np.int64(4765), np.int64(4939))","(1, 0, 0, 1, 1, 0, 0, 0, 0, 0, 0, 1, 0, 1, 0, 1, 1, 1, 0, 1, 1, 0, 0, 0, 1, 0, 1, 1, 1, 0, 0, 1, 1, 0, 0, 0, 1, 0, 1, 0, 0, 1, 1, 0, 0, 1, 0, 1, 1, 1)"
14.360896,50,120.381485,1,"(np.int64(4482), np.int64(47505), np.int64(26876), np.int64(36263), np.int64(27269), np.int64(2548), np.int64(2872), np.int64(34639), np.int64(28752), np.int64(49522), np.int64(31095), np.int64(522), np.int64(19494), np.int64(21988), np.int64(14472), np.int64(42160), np.int64(37816), np.int64(5765), np.int64(38247), np.int64(43797), np.int64(38113), np.int64(31205), np.int64(39808), np.int64(47247), np.int64(38457), np.int64(9017), np.int64(14959), np.int64(15734), np.int64(39508), np.int64(17518), np.int64(6663), np.int64(23183), np.int64(46085), np.int64(10131), np.int64(25758), np.int64(29510), np.int64(22018), np.int64(26202), np.int64(28968), np.int64(5984), np.int64(2088), np.int64(21321), np.int64(47263), np.int64(24904), np.int64(13822), np.int64(16738), np.int64(7119), np.int64(14982), np.int64(31112), np.int64(25799))","(1, 0, 0, 0, 1, 1, 1, 0, 1, 0, 0, 0, 1, 1, 1, 0, 0, 1, 0, 0, 0, 0, 0, 0, 0, 1, 1, 1, 0, 0, 1, 0, 0, 1, 0, 0, 1, 1, 1, 1, 1, 1, 0, 0, 1, 1, 1, 1, 0, 0)"
6.209728,25,120.655402,1,"(np.int64(10687), np.int64(29766), np.int64(34645), np.int64(11467), np.int64(47502), np.int64(42869), np.int64(4240), np.int64(16986), np.int64(42697), np.int64(19584), np.int64(15683), np.int64(26370), np.int64(31589), np.int64(7872), np.int64(15852), np.int64(13599), np.int64(13079), np.int64(32083), np.int64(21181), np.int64(34960), np.int64(42001), np.int64(36065), np.int64(12197), np.int64(44279), np.int64(1059))","(0, 0, 0, 1, 0, 0, 1, 0, 0, 1, 1, 0, 0, 1, 1, 1, 0, 0, 1, 0, 0, 0, 1, 0, 1)"
6.503153,31,120.988152,1,"(np.int64(23059), np.int64(35299), np.int64(2479), np.int64(48674), np.int64(17622), np.int64(30645), np.int64(28396), np.int64(41083), np.int64(18057), np.int64(1996), np.int64(37897), np.int64(16075), np.int64(12641), np.int64(45279), np.int64(39661), np.int64(34852), np.int64(3093), np.int64(12900), np.int64(37303), np.int64(10544), np.int64(36061), np.int64(30735), np.int64(22887), np.int64(25298), np.int64(7229), np.int64(40859), np.int64(4622), np.int64(40822), np.int64(44298), np.int64(41441), np.int64(21457))","(0, 0, 0, 1, 1, 0, 0, 0, 0, 1, 0, 1, 1, 0, 0, 0, 1, 1, 0, 0, 0, 0, 0, 1, 1, 0, 1, 0, 0, 0, 1)"
7.682909,32,121.330606,1,"(np.int64(37242), np.int64(47872), np.int64(16221), np.int64(45613), np.int64(23642), np.int64(36202), np.int64(11632), np.int64(10164), np.int64(31998), np.int64(30861), np.int64(22359), np.int64(797), np.int64(767), np.int64(14722), np.int64(13972), np.int64(35767), np.int64(11432), np.int64(131), np.int64(31495), np.int64(13673), np.int64(49603), np.int64(6687), np.int64(28378), np.int64(49077), np.int64(47275), np.int64(17452), np.int64(35398), np.int64(5606), np.int64(22867), np.int64(36577), np.int64(10826), np.int64(14459))","(0, 0, 1, 0, 0, 0, 1, 0, 0, 0, 0, 1, 1, 1, 1, 0, 1, 1, 0, 1, 0, 1, 0, 0, 0, 0, 0, 1, 0, 0, 1, 1)"
4.784429,13,121.477487,1,"(np.int64(22108), np.int64(37040), np.int64(554), np.int64(44559), np.int64(30137), np.int64(5942), np.int64(19147), np.int64(24044), np.int64(21175), np.int64(15062), np.int64(524), np.int64(24400), np.int64(2607))","(1, 0, 1, 0, 0, 1, 1, 1, 1, 1, 0, 0, 1)"
4.817335,19,121.687685,1,"(np.int64(9763), np.int64(4125), np.int64(21566), np.int64(15102), np.int64(18479), np.int64(8068), np.int64(11013), np.int64(11055), np.int64(30028), np.int64(43331), np.int64(2684), np.int64(37187), np.int64(47506), np.int64(48126), np.int64(25454), np.int64(23059), np.int64(19067), np.int64(24275), np.int64(25654))","(1, 1, 0, 1, 0, 1, 0, 1, 0, 0, 1, 0, 0, 0, 1, 0, 1, 0, 0)"
13.767461,50,122.226797,1,"(np.int64(38779), np.int64(11686), np.int64(29162), np.int64(28566), np.int64(47999), np.int64(6818), np.int64(9942), np.int64(40177), np.int64(29883), np.int64(14290), np.int64(38633), np.int64(13954), np.int64(29159), np.int64(23220), np.int64(16012), np.int64(27910), np.int64(49983), np.int64(24632), np.int64(30555), np.int64(20566), np.int64(21499), np.int64(36744), np.int64(46058), np.int64(45673), np.int64(25371), np.int64(16983), np.int64(20750), np.int64(10112), np.int64(34174), np.int64(10493), np.int64(27707), np.int64(10714), np.int64(3496), np.int64(16292), np.int64(14506), np.int64(39493), np.int64(49282), np.int64(31988), np.int64(44992), np.int64(12272), np.int64(26987), np.int64(15324), np.int64(16688), np.int64(37321), np.int64(28581), np.int64(13916), np.int64(1327), np.int64(45214), np.int64(317), np.int64(43513))","(0, 1, 0, 0, 0, 1, 1, 0, 0, 1, 0, 1, 1, 0, 1, 1, 0, 1, 0, 1, 0, 0, 0, 0, 1, 1, 1, 0, 0, 1, 0, 1, 1, 1, 0, 0, 0, 0, 0, 1, 0, 1, 0, 0, 1, 1, 1, 0, 1, 0)"
7.380369,28,122.527177,1,"(np.int64(2074), np.int64(44791), np.int64(19338), np.int64(25466), np.int64(43187), np.int64(2444), np.int64(10924), np.int64(45877), np.int64(18669), np.int64(6709), np.int64(49854), np.int64(7174), np.int64(13864), np.int64(9944), np.int64(46701), np.int64(13079), np.int64(19855), np.int64(23446), np.int64(47406), np.int64(40169), np.int64(35186), np.int64(13358), np.int64(36585), np.int64(13127), np.int64(8771), np.int64(21426), np.int64(21643), np.int64(31999))","(1, 0, 0, 0, 0, 0, 1, 0, 1, 1, 0, 0, 1, 1, 0, 0, 1, 1, 0, 0, 0, 1, 0, 1, 1, 0, 1, 0)"
7.109435,23,122.782451,1,"(np.int64(22860), np.int64(5995), np.int64(13929), np.int64(43578), np.int64(5136), np.int64(46832), np.int64(45221), np.int64(2458), np.int64(2790), np.int64(13619), np.int64(9589), np.int64(38445), np.int64(1401), np.int64(20630), np.int64(36704), np.int64(8230), np.int64(17977), np.int64(5300), np.int64(18714), np.int64(46803), np.int64(17893), np.int64(5179), np.int64(6246))","(0, 1, 1, 0, 1, 0, 0, 0, 1, 1, 1, 0, 1, 0, 0, 1, 0, 1, 0, 0, 0, 1, 1)"
8.702484,50,123.316278,1,"(np.int64(41367), np.int64(19459), np.int64(973), np.int64(43225), np.int64(42164), np.int64(38477), np.int64(16986), np.int64(1947), np.int64(42809), np.int64(30244), np.int64(39545), np.int64(23716), np.int64(23282), np.int64(30521), np.int64(44997), np.int64(39618), np.int64(9573), np.int64(32160), np.int64(36581), np.int64(27855), np.int64(26112), np.int64(26052), np.int64(7581), np.int64(36810), np.int64(25656), np.int64(3163), np.int64(31513), np.int64(14105), np.int64(21938), np.int64(45348), np.int64(26772), np.int64(39881), np.int64(45120), np.int64(34361), np.int64(43304), np.int64(37330), np.int64(34073), np.int64(3028), np.int64(33056), np.int64(34876), np.int64(11822), np.int64(48454), np.int64(40368), np.int64(23081), np.int64(5814), np.int64(11149), np.int64(18573), np.int64(46708), np.int64(19985), np.int64(12538))","(0, 1, 1, 0, 0, 0, 0, 1, 0, 0, 0, 1, 1, 0, 0, 0, 1, 0, 0, 0, 1, 0, 1, 0, 0, 0, 0, 1, 0, 0, 0, 0, 0, 0, 0, 0, 0, 1, 0, 0, 1, 0, 0, 0, 1, 1, 0, 0, 0, 1)"
6.013053,28,123.620282,1,"(np.int64(26398), np.int64(23336), np.int64(18982), np.int64(44649), np.int64(21885), np.int64(43159), np.int64(33877), np.int64(43849), np.int64(6491), np.int64(8514), np.int64(35557), np.int64(46984), np.int64(65), np.int64(24362), np.int64(33257), np.int64(44294), np.int64(1096), np.int64(3109), np.int64(21415), np.int64(12397), np.int64(6406), np.int64(21845), np.int64(41310), np.int64(21788), np.int64(42341), np.int64(19556), np.int64(47479), np.int64(22068))","(0, 0, 0, 0, 0, 0, 0, 0, 0, 1, 0, 0, 1, 0, 0, 0, 1, 1, 1, 1, 1, 1, 0, 0, 0, 1, 0, 1)"
3.19881,11,123.742882,1,"(np.int64(24675), np.int64(10234), np.int64(25680), np.int64(32244), np.int64(17244), np.int64(16813), np.int64(3673), np.int64(25813), np.int64(44928), np.int64(46615), np.int64(6176))","(1, 1, 0, 0, 0, 1, 1, 0, 0, 0, 1)"
12.550354,50,124.280929,1,"(np.int64(27010), np.int64(43808), np.int64(48993), np.int64(30715), np.int64(34997), np.int64(24892), np.int64(19928), np.int64(38935), np.int64(33621), np.int64(42699), np.int64(19090), np.int64(33959), np.int64(20943), np.int64(19973), np.int64(28953), np.int64(20914), np.int64(41534), np.int64(16414), np.int64(5880), np.int64(6375), np.int64(23624), np.int64(41386), np.int64(49651), np.int64(5827), np.int64(25922), np.int64(9795), np.int64(43939), np.int64(7779), np.int64(2064), np.int64(4737), np.int64(45056), np.int64(28272), np.int64(21069), np.int64(6898), np.int64(45562), np.int64(3938), np.int64(35960), np.int64(40284), np.int64(6035), np.int64(6647), np.int64(15719), np.int64(29588), np.int64(36432), np.int64(19264), np.int64(12357), np.int64(38056), np.int64(23145), np.int64(16861), np.int64(21783), np.int64(1360))","(1, 0, 0, 0, 0, 0, 1, 0, 0, 0, 1, 0, 1, 0, 1, 1, 0, 0, 1, 1, 1, 0, 0, 1, 0, 1, 0, 0, 1, 0, 0, 0, 1, 1, 0, 0, 0, 0, 1, 1, 0, 0, 0, 1, 1, 0, 0, 1, 1, 1)"
10.759427,38,124.686741,1,"(np.int64(23441), np.int64(8466), np.int64(8103), np.int64(44153), np.int64(4287), np.int64(14633), np.int64(1386), np.int64(35839), np.int64(45950), np.int64(14470), np.int64(23753), np.int64(465), np.int64(35786), np.int64(20558), np.int64(36316), np.int64(5075), np.int64(21507), np.int64(23869), np.int64(7494), np.int64(41718), np.int64(45727), np.int64(28899), np.int64(42108), np.int64(10582), np.int64(43962), np.int64(2119), np.int64(28525), np.int64(1028), np.int64(38622), np.int64(28023), np.int64(33181), np.int64(6755), np.int64(5801), np.int64(20200), np.int64(27961), np.int64(8895), np.int64(49057), np.int64(16986))","(1, 1, 1, 0, 1, 1, 1, 0, 0, 1, 0, 1, 0, 1, 0, 1, 0, 0, 1, 0, 0, 0, 0, 1, 0, 1, 0, 1, 0, 0, 0, 0, 1, 1, 1, 1, 0, 0)"
11.513301,50,125.224274,1,"(np.int64(5848), np.int64(6756), np.int64(41836), np.int64(13448), np.int64(31740), np.int64(13083), np.int64(41801), np.int64(43538), np.int64(45482), np.int64(28098), np.int64(16576), np.int64(9584), np.int64(49265), np.int64(17084), np.int64(26297), np.int64(41302), np.int64(21456), np.int64(21968), np.int64(27642), np.int64(3041), np.int64(11296), np.int64(37210), np.int64(46286), np.int64(47004), np.int64(5644), np.int64(38631), np.int64(15458), np.int64(27804), np.int64(43804), np.int64(38930), np.int64(37712), np.int64(35105), np.int64(44480), np.int64(2922), np.int64(47001), np.int64(18371), np.int64(27258), np.int64(4706), np.int64(25112), np.int64(47036), np.int64(26452), np.int64(41235), np.int64(18682), np.int64(14493), np.int64(34653), np.int64(34799), np.int64(44049), np.int64(19033), np.int64(11743), np.int64(11868))","(1, 1, 0, 1, 0, 1, 0, 0, 0, 1, 0, 1, 0, 1, 0, 0, 0, 1, 0, 1, 1, 0, 0, 0, 1, 0, 1, 0, 0, 0, 0, 0, 0, 1, 0, 0, 1, 1, 0, 0, 0, 0, 0, 1, 0, 0, 0, 1, 1, 1)"
6.012461,23,125.477796,1,"(np.int64(20373), np.int64(36778), np.int64(16690), np.int64(31006), np.int64(33618), np.int64(6931), np.int64(13671), np.int64(35825), np.int64(11267), np.int64(28255), np.int64(34746), np.int64(10102), np.int64(37303), np.int64(29004), np.int64(4686), np.int64(16076), np.int64(13296), np.int64(7795), np.int64(18272), np.int64(46969), np.int64(184), np.int64(45376), np.int64(41951))","(0, 0, 1, 0, 0, 1, 1, 0, 0, 0, 0, 1, 0, 1, 1, 0, 1, 1, 0, 0, 1, 0, 0)"
3.023751,8,125.57339,1,"(np.int64(44054), np.int64(18238), np.int64(25732), np.int64(21656), np.int64(10683), np.int64(6592), np.int64(536), np.int64(13917))","(0, 0, 0, 1, 1, 1, 1, 1)"
4.458616,26,125.851336,1,"(np.int64(48495), np.int64(13323), np.int64(40073), np.int64(38809), np.int64(24348), np.int64(31882), np.int64(28444), np.int64(31845), np.int64(33192), np.int64(46228), np.int64(26965), np.int64(14040), np.int64(3129), np.int64(9747), np.int64(45003), np.int64(7943), np.int64(3228), np.int64(2564), np.int64(46691), np.int64(37136), np.int64(23496), np.int64(37024), np.int64(39256), np.int64(45955), np.int64(29374), np.int64(28136))","(0, 1, 0, 0, 0, 0, 0, 0, 0, 0, 0, 1, 0, 1, 0, 1, 1, 1, 0, 0, 1, 0, 0, 0, 0, 0)"
14.51711,42,126.304167,1,"(np.int64(3445), np.int64(22044), np.int64(20863), np.int64(47046), np.int64(39438), np.int64(35422), np.int64(12067), np.int64(20484), np.int64(34220), np.int64(9149), np.int64(11823), np.int64(30573), np.int64(41446), np.int64(32100), np.int64(4106), np.int64(21420), np.int64(16640), np.int64(26719), np.int64(4626), np.int64(2668), np.int64(5874), np.int64(49868), np.int64(6908), np.int64(25516), np.int64(3632), np.int64(8711), np.int64(26482), np.int64(1818), np.int64(14715), np.int64(45446), np.int64(17536), np.int64(14509), np.int64(8126), np.int64(14089), np.int64(19839), np.int64(22384), np.int64(13310), np.int64(27403), np.int64(8718), np.int64(789), np.int64(29528), np.int64(26534))","(1, 1, 1, 0, 0, 0, 1, 0, 0, 1, 1, 0, 0, 0, 1, 1, 1, 0, 1, 1, 1, 0, 1, 1, 1, 0, 0, 1, 1, 0, 0, 0, 1, 1, 1, 0, 1, 1, 0, 1, 0, 0)"
4.684072,19,126.512052,1,"(np.int64(48158), np.int64(43208), np.int64(24913), np.int64(36406), np.int64(32277), np.int64(12783), np.int64(11798), np.int64(13104), np.int64(13175), np.int64(11596), np.int64(15970), np.int64(8445), np.int64(22289), np.int64(43915), np.int64(43983), np.int64(47162), np.int64(4944), np.int64(2277), np.int64(23399))","(0, 0, 0, 0, 0, 1, 1, 1, 1, 1, 1, 1, 0, 0, 0, 0, 1, 0, 0)"
10.233458,50,127.06652,1,"(np.int64(11073), np.int64(44300), np.int64(49957), np.int64(1086), np.int64(36670), np.int64(6774), np.int64(37910), np.int64(15027), np.int64(37624), np.int64(36577), np.int64(32327), np.int64(14198), np.int64(28930), np.int64(13225), np.int64(25260), np.int64(40081), np.int64(29896), np.int64(10519), np.int64(1789), np.int64(23651), np.int64(1141), np.int64(30898), np.int64(1547), np.int64(20491), np.int64(22323), np.int64(33310), np.int64(30419), np.int64(11772), np.int64(42970), np.int64(49283), np.int64(3673), np.int64(40381), np.int64(35314), np.int64(15936), np.int64(32198), np.int64(47468), np.int64(23609), np.int64(33458), np.int64(28457), np.int64(48718), np.int64(43576), np.int64(6902), np.int64(50008), np.int64(10404), np.int64(29593), np.int64(33817), np.int64(20351), np.int64(7165), np.int64(10419), np.int64(42797))","(1, 0, 0, 1, 0, 1, 0, 0, 0, 0, 0, 0, 1, 0, 1, 0, 0, 1, 1, 0, 1, 0, 1, 0, 0, 0, 0, 1, 0, 0, 1, 0, 0, 1, 0, 0, 0, 0, 0, 0, 0, 1, 0, 1, 0, 0, 0, 1, 1, 0)"
10.132583,37,127.46982,1,"(np.int64(32857), np.int64(47734), np.int64(12616), np.int64(21969), np.int64(14985), np.int64(12340), np.int64(22428), np.int64(12958), np.int64(19614), np.int64(18171), np.int64(33066), np.int64(40931), np.int64(39538), np.int64(18792), np.int64(25133), np.int64(31176), np.int64(20053), np.int64(16747), np.int64(27824), np.int64(49080), np.int64(44322), np.int64(9607), np.int64(40824), np.int64(31397), np.int64(41628), np.int64(26265), np.int64(43999), np.int64(39173), np.int64(8773), np.int64(25146), np.int64(5777), np.int64(48754), np.int64(18014), np.int64(6837), np.int64(5031), np.int64(35448), np.int64(22590))","(0, 0, 1, 1, 1, 1, 0, 1, 1, 0, 0, 0, 0, 1, 1, 0, 1, 1, 0, 0, 0, 1, 0, 0, 0, 1, 0, 0, 1, 1, 1, 0, 0, 1, 1, 0, 0)"
11.449367,44,127.947386,1,"(np.int64(42537), np.int64(45767), np.int64(381), np.int64(21189), np.int64(33673), np.int64(28635), np.int64(3556), np.int64(10776), np.int64(410), np.int64(633), np.int64(106), np.int64(13614), np.int64(7870), np.int64(19954), np.int64(25626), np.int64(36075), np.int64(16007), np.int64(21504), np.int64(28414), np.int64(18279), np.int64(39474), np.int64(16027), np.int64(18556), np.int64(44088), np.int64(700), np.int64(12250), np.int64(25367), np.int64(36542), np.int64(49630), np.int64(7966), np.int64(36520), np.int64(49489), np.int64(28105), np.int64(45732), np.int64(42060), np.int64(49238), np.int64(6284), np.int64(39027), np.int64(2764), np.int64(38927), np.int64(47970), np.int64(37843), np.int64(49846), np.int64(32388))","(0, 0, 1, 1, 0, 1, 1, 1, 1, 1, 1, 1, 1, 1, 1, 0, 1, 1, 0, 0, 0, 0, 0, 0, 0, 1, 1, 0, 0, 1, 0, 0, 1, 0, 0, 0, 0, 0, 1, 0, 0, 0, 0, 0)"
11.411756,49,128.475834,1,"(np.int64(30744), np.int64(43917), np.int64(25113), np.int64(19710), np.int64(28140), np.int64(45996), np.int64(33845), np.int64(28459), np.int64(31786), np.int64(23047), np.int64(14434), np.int64(18219), np.int64(37934), np.int64(902), np.int64(16015), np.int64(31837), np.int64(38622), np.int64(5111), np.int64(46441), np.int64(5140), np.int64(25523), np.int64(20837), np.int64(46402), np.int64(46593), np.int64(23073), np.int64(34012), np.int64(14521), np.int64(14870), np.int64(1527), np.int64(46627), np.int64(2924), np.int64(37122), np.int64(35105), np.int64(47633), np.int64(23411), np.int64(3664), np.int64(12641), np.int64(19044), np.int64(47989), np.int64(37870), np.int64(170), np.int64(8807), np.int64(31456), np.int64(47642), np.int64(31620), np.int64(33820), np.int64(4001), np.int64(27396), np.int64(40325))","(0, 0, 1, 1, 1, 0, 0, 0, 0, 0, 1, 0, 0, 1, 1, 0, 0, 1, 0, 1, 0, 0, 0, 1, 0, 0, 1, 1, 1, 0, 1, 0, 0, 0, 1, 1, 1, 1, 0, 0, 1, 0, 0, 0, 0, 0, 0, 1, 0)"
11.312403,50,129.011078,1,"(np.int64(21482), np.int64(7116), np.int64(21886), np.int64(48844), np.int64(32476), np.int64(2207), np.int64(32251), np.int64(24939), np.int64(10216), np.int64(22854), np.int64(29369), np.int64(32484), np.int64(640), np.int64(26624), np.int64(1585), np.int64(6785), np.int64(6625), np.int64(36613), np.int64(18990), np.int64(33875), np.int64(15560), np.int64(28621), np.int64(18318), np.int64(22053), np.int64(26713), np.int64(35291), np.int64(5788), np.int64(4737), np.int64(4965), np.int64(26613), np.int64(47116), np.int64(41909), np.int64(32969), np.int64(32642), np.int64(40707), np.int64(18438), np.int64(1229), np.int64(17327), np.int64(23875), np.int64(6309), np.int64(44147), np.int64(2162), np.int64(34099), np.int64(44324), np.int64(37017), np.int64(18280), np.int64(37379), np.int64(26357), np.int64(35794), np.int64(18315))","(1, 0, 1, 0, 0, 1, 0, 1, 1, 0, 1, 0, 1, 0, 1, 1, 1, 0, 0, 0, 0, 1, 0, 1, 0, 0, 1, 0, 1, 0, 0, 0, 0, 0, 0, 0, 1, 0, 1, 1, 0, 1, 0, 0, 0, 0, 0, 0, 0, 0)"
6.891185,19,129.21934,1,"(np.int64(44667), np.int64(38650), np.int64(13311), np.int64(45190), np.int64(10732), np.int64(4309), np.int64(14191), np.int64(12077), np.int64(48330), np.int64(46973), np.int64(30896), np.int64(9838), np.int64(8394), np.int64(19179), np.int64(1508), np.int64(47863), np.int64(28629), np.int64(132), np.int64(17959))","(0, 0, 1, 0, 1, 1, 1, 1, 0, 0, 0, 1, 1, 1, 1, 0, 1, 1, 0)"
3.597828,19,129.429053,1,"(np.int64(5317), np.int64(14908), np.int64(42681), np.int64(24947), np.int64(17780), np.int64(36517), np.int64(49858), np.int64(2309), np.int64(19064), np.int64(15622), np.int64(17977), np.int64(11564), np.int64(45633), np.int64(36382), np.int64(4085), np.int64(27315), np.int64(22571), np.int64(13804), np.int64(42990))","(1, 0, 0, 1, 0, 0, 0, 0, 1, 1, 0, 1, 0, 0, 1, 0, 0, 0, 0)"
9.501099,35,129.803772,1,"(np.int64(27688), np.int64(44250), np.int64(39122), np.int64(34669), np.int64(42516), np.int64(41998), np.int64(6386), np.int64(33486), np.int64(43091), np.int64(9306), np.int64(6632), np.int64(24818), np.int64(6206), np.int64(10330), np.int64(16738), np.int64(30716), np.int64(10352), np.int64(17284), np.int64(22627), np.int64(24539), np.int64(27877), np.int64(1136), np.int64(8635), np.int64(44110), np.int64(915), np.int64(10908), np.int64(15967), np.int64(49707), np.int64(49534), np.int64(20397), np.int64(35601), np.int64(32846), np.int64(19277), np.int64(19298), np.int64(41862))","(0, 0, 0, 0, 0, 0, 1, 0, 0, 1, 1, 0, 1, 1, 1, 0, 1, 0, 0, 1, 1, 1, 1, 0, 1, 1, 0, 0, 0, 0, 0, 0, 1, 1, 0)"
14.973907,49,130.326739,1,"(np.int64(35556), np.int64(33937), np.int64(1534), np.int64(8092), np.int64(27439), np.int64(25098), np.int64(40313), np.int64(28428), np.int64(7158), np.int64(25969), np.int64(23496), np.int64(5455), np.int64(40140), np.int64(16158), np.int64(20406), np.int64(24351), np.int64(16107), np.int64(6191), np.int64(10111), np.int64(17856), np.int64(19334), np.int64(28959), np.int64(30175), np.int64(8984), np.int64(43014), np.int64(20716), np.int64(8205), np.int64(28177), np.int64(39144), np.int64(43397), np.int64(20790), np.int64(48990), np.int64(5207), np.int64(46490), np.int64(48591), np.int64(9659), np.int64(22385), np.int64(36338), np.int64(11800), np.int64(63), np.int64(30881), np.int64(41254), np.int64(344), np.int64(44562), np.int64(38726), np.int64(25391), np.int64(9711), np.int64(26000), np.int64(15408))","(0, 0, 1, 1, 0, 1, 0, 0, 1, 0, 1, 0, 0, 1, 1, 0, 1, 1, 1, 0, 1, 1, 0, 1, 0, 1, 1, 0, 0, 0, 1, 0, 1, 0, 0, 1, 0, 0, 1, 1, 0, 0, 1, 0, 0, 1, 1, 0, 1)"
2.985686,10,130.43903,1,"(np.int64(962), np.int64(24730), np.int64(626), np.int64(38295), np.int64(48108), np.int64(7270), np.int64(15553), np.int64(46452), np.int64(22889), np.int64(17775))","(1, 1, 1, 0, 0, 1, 1, 0, 0, 0)"
8.678487,29,130.75552,1,"(np.int64(44270), np.int64(19091), np.int64(25739), np.int64(8691), np.int64(25368), np.int64(34971), np.int64(20797), np.int64(5078), np.int64(47123), np.int64(40869), np.int64(1853), np.int64(44896), np.int64(16327), np.int64(27035), np.int64(8412), np.int64(5741), np.int64(21441), np.int64(25445), np.int64(16583), np.int64(2573), np.int64(29130), np.int64(694), np.int64(40752), np.int64(22516), np.int64(20193), np.int64(9954), np.int64(38501), np.int64(45193), np.int64(1379))","(0, 1, 0, 1, 1, 0, 0, 1, 0, 0, 1, 0, 1, 0, 1, 1, 1, 0, 0, 1, 0, 1, 0, 0, 1, 1, 0, 0, 1)"
11.979482,47,131.266034,1,"(np.int64(44437), np.int64(30963), np.int64(9402), np.int64(15176), np.int64(20822), np.int64(13658), np.int64(34461), np.int64(30951), np.int64(45666), np.int64(8412), np.int64(29310), np.int64(24909), np.int64(36003), np.int64(31826), np.int64(15259), np.int64(16289), np.int64(31023), np.int64(39253), np.int64(42294), np.int64(12463), np.int64(19631), np.int64(43631), np.int64(39436), np.int64(16845), np.int64(48162), np.int64(1829), np.int64(5064), np.int64(32706), np.int64(35767), np.int64(36805), np.int64(31657), np.int64(16236), np.int64(26074), np.int64(6264), np.int64(46817), np.int64(32081), np.int64(8177), np.int64(31564), np.int64(33980), np.int64(26350), np.int64(2149), np.int64(10787), np.int64(37634), np.int64(27373), np.int64(8469), np.int64(4773), np.int64(25711))","(0, 0, 1, 1, 0, 1, 0, 0, 0, 1, 1, 0, 0, 0, 1, 1, 0, 0, 0, 1, 1, 0, 0, 1, 0, 1, 1, 0, 0, 0, 0, 0, 0, 1, 0, 0, 1, 0, 0, 0, 1, 1, 0, 1, 1, 1, 0)"
5.393046,22,131.505258,1,"(np.int64(21775), np.int64(30017), np.int64(16925), np.int64(8308), np.int64(23731), np.int64(38483), np.int64(29456), np.int64(11857), np.int64(42169), np.int64(2378), np.int64(29405), np.int64(16545), np.int64(45641), np.int64(49846), np.int64(27725), np.int64(16501), np.int64(29581), np.int64(33478), np.int64(42484), np.int64(13292), np.int64(19847), np.int64(43484))","(0, 0, 1, 1, 1, 0, 0, 1, 0, 0, 1, 1, 0, 0, 0, 1, 0, 0, 0, 1, 1, 0)"
3.362497,13,131.652543,1,"(np.int64(20654), np.int64(21994), np.int64(2968), np.int64(30034), np.int64(47678), np.int64(48077), np.int64(9308), np.int64(29610), np.int64(43914), np.int64(3112), np.int64(35904), np.int64(34219), np.int64(25672))","(1, 0, 1, 0, 0, 0, 1, 0, 0, 1, 0, 0, 1)"
13.27816,50,132.192292,1,"(np.int64(14656), np.int64(47444), np.int64(17542), np.int64(22426), np.int64(37760), np.int64(27442), np.int64(265), np.int64(20142), np.int64(21439), np.int64(11593), np.int64(11522), np.int64(25495), np.int64(49673), np.int64(39639), np.int64(19801), np.int64(4602), np.int64(40646), np.int64(13532), np.int64(35297), np.int64(19098), np.int64(38956), np.int64(42815), np.int64(18303), np.int64(46331), np.int64(39151), np.int64(40638), np.int64(45066), np.int64(12959), np.int64(2520), np.int64(34301), np.int64(48210), np.int64(5222), np.int64(36242), np.int64(28861), np.int64(38903), np.int64(20944), np.int64(1206), np.int64(29672), np.int64(29769), np.int64(6363), np.int64(45359), np.int64(41123), np.int64(22275), np.int64(14630), np.int64(9478), np.int64(36105), np.int64(31857), np.int64(46827), np.int64(28939), np.int64(1338))","(1, 0, 0, 0, 0, 0, 1, 1, 1, 1, 1, 1, 0, 0, 1, 1, 0, 1, 0, 1, 0, 0, 0, 0, 0, 0, 0, 1, 1, 0, 0, 1, 0, 0, 0, 1, 1, 0, 0, 1, 0, 0, 0, 1, 1, 0, 0, 0, 1, 1)"
10.972355,41,132.633128,1,"(np.int64(6580), np.int64(3781), np.int64(20708), np.int64(35201), np.int64(49944), np.int64(48909), np.int64(6036), np.int64(25359), np.int64(15759), np.int64(45094), np.int64(42149), np.int64(17823), np.int64(42891), np.int64(11783), np.int64(10837), np.int64(45075), np.int64(26826), np.int64(23359), np.int64(16010), np.int64(16295), np.int64(13320), np.int64(30351), np.int64(9202), np.int64(20504), np.int64(18697), np.int64(31756), np.int64(31682), np.int64(2557), np.int64(16762), np.int64(46412), np.int64(22951), np.int64(44724), np.int64(17361), np.int64(23208), np.int64(36984), np.int64(3027), np.int64(36329), np.int64(47108), np.int64(44540), np.int64(25663), np.int64(14488))","(1, 1, 1, 0, 0, 0, 1, 1, 1, 0, 0, 0, 0, 1, 1, 0, 0, 1, 1, 1, 1, 0, 1, 0, 0, 0, 0, 1, 1, 0, 0, 0, 0, 0, 0, 1, 0, 0, 0, 1, 1)"
8.196539,21,132.861998,1,"(np.int64(19229), np.int64(6941), np.int64(40141), np.int64(4358), np.int64(15759), np.int64(40555), np.int64(46794), np.int64(24649), np.int64(27339), np.int64(42349), np.int64(8796), np.int64(2560), np.int64(19179), np.int64(49467), np.int64(4476), np.int64(27682), np.int64(31250), np.int64(5314), np.int64(6471), np.int64(41767), np.int64(7229))","(1, 1, 0, 1, 1, 0, 0, 1, 0, 0, 1, 1, 1, 0, 1, 0, 1, 1, 1, 0, 1)"
4.116419,26,133.140273,1,"(np.int64(7911), np.int64(17370), np.int64(13522), np.int64(20588), np.int64(47785), np.int64(30776), np.int64(40356), np.int64(30815), np.int64(34653), np.int64(43606), np.int64(20276), np.int64(22628), np.int64(18540), np.int64(32462), np.int64(2155), np.int64(44497), np.int64(17468), np.int64(34189), np.int64(33844), np.int64(48580), np.int64(17145), np.int64(19883), np.int64(25495), np.int64(2850), np.int64(48049), np.int64(47125))","(0, 1, 1, 1, 0, 0, 0, 0, 0, 0, 1, 0, 0, 0, 1, 0, 0, 0, 0, 0, 0, 0, 1, 1, 0, 0)"
11.139681,50,133.676961,1,"(np.int64(48902), np.int64(47770), np.int64(48365), np.int64(36494), np.int64(3519), np.int64(8935), np.int64(13129), np.int64(2020), np.int64(44924), np.int64(33244), np.int64(2023), np.int64(40846), np.int64(38841), np.int64(42538), np.int64(40425), np.int64(5459), np.int64(33851), np.int64(14479), np.int64(22637), np.int64(5390), np.int64(24604), np.int64(14975), np.int64(13747), np.int64(35385), np.int64(4118), np.int64(25605), np.int64(20490), np.int64(44294), np.int64(37253), np.int64(20117), np.int64(45839), np.int64(33597), np.int64(15610), np.int64(12914), np.int64(46332), np.int64(5542), np.int64(30842), np.int64(2926), np.int64(37992), np.int64(46637), np.int64(6196), np.int64(36813), np.int64(32558), np.int64(32521), np.int64(43935), np.int64(46409), np.int64(25620), np.int64(39986), np.int64(26921), np.int64(25342))","(0, 0, 0, 0, 1, 0, 1, 1, 0, 0, 1, 0, 0, 0, 0, 1, 0, 0, 0, 1, 1, 1, 0, 0, 1, 1, 0, 0, 0, 1, 0, 0, 1, 1, 0, 1, 0, 1, 0, 0, 1, 0, 0, 0, 0, 0, 1, 0, 0, 1)"
11.740207,48,134.189651,1,"(np.int64(34435), np.int64(39740), np.int64(31894), np.int64(43509), np.int64(48133), np.int64(29482), np.int64(42038), np.int64(3889), np.int64(35076), np.int64(42183), np.int64(34800), np.int64(20296), np.int64(28740), np.int64(16696), np.int64(49073), np.int64(19603), np.int64(6234), np.int64(2624), np.int64(9520), np.int64(7638), np.int64(10242), np.int64(38404), np.int64(15574), np.int64(38605), np.int64(19122), np.int64(20694), np.int64(13019), np.int64(37229), np.int64(9351), np.int64(34405), np.int64(4170), np.int64(34915), np.int64(37375), np.int64(6902), np.int64(37439), np.int64(44365), np.int64(30131), np.int64(2056), np.int64(26596), np.int64(46429), np.int64(26829), np.int64(36620), np.int64(7512), np.int64(45944), np.int64(12240), np.int64(22900), np.int64(26205), np.int64(40527))","(0, 0, 0, 0, 0, 1, 0, 0, 0, 0, 0, 1, 1, 1, 0, 1, 1, 1, 1, 1, 1, 0, 1, 0, 1, 1, 0, 0, 0, 0, 0, 0, 1, 1, 0, 0, 0, 1, 0, 0, 0, 0, 1, 0, 1, 0, 1, 0)"
14.361115,50,134.721189,1,"(np.int64(4184), np.int64(36417), np.int64(43705), np.int64(48767), np.int64(33010), np.int64(33920), np.int64(9546), np.int64(29143), np.int64(10027), np.int64(8099), np.int64(49638), np.int64(17176), np.int64(33350), np.int64(12488), np.int64(4389), np.int64(24755), np.int64(25747), np.int64(30029), np.int64(4812), np.int64(24102), np.int64(568), np.int64(39310), np.int64(21708), np.int64(18421), np.int64(13011), np.int64(16204), np.int64(25004), np.int64(38582), np.int64(9601), np.int64(31915), np.int64(14214), np.int64(13217), np.int64(17289), np.int64(251), np.int64(17179), np.int64(32597), np.int64(28855), np.int64(4523), np.int64(39260), np.int64(4819), np.int64(3962), np.int64(13824), np.int64(15603), np.int64(23383), np.int64(20892), np.int64(8722), np.int64(35563), np.int64(22635), np.int64(6850), np.int64(45541))","(1, 0, 0, 0, 0, 0, 1, 1, 1, 0, 0, 0, 0, 0, 1, 0, 1, 0, 1, 1, 1, 0, 1, 0, 1, 1, 1, 0, 1, 0, 1, 1, 0, 1, 0, 0, 1, 1, 0, 1, 1, 1, 0, 0, 0, 0, 0, 0, 1, 0)"
9.773819,39,135.140566,1,"(np.int64(38633), np.int64(11694), np.int64(34815), np.int64(30036), np.int64(46859), np.int64(28408), np.int64(6137), np.int64(7562), np.int64(20745), np.int64(1505), np.int64(35104), np.int64(34730), np.int64(14036), np.int64(6216), np.int64(591), np.int64(5398), np.int64(18232), np.int64(26169), np.int64(33688), np.int64(27005), np.int64(45379), np.int64(32048), np.int64(17736), np.int64(10528), np.int64(34274), np.int64(3724), np.int64(26226), np.int64(28096), np.int64(43481), np.int64(2026), np.int64(39494), np.int64(47512), np.int64(35183), np.int64(29552), np.int64(34019), np.int64(38620), np.int64(7554), np.int64(26121), np.int64(8776))","(0, 1, 0, 0, 0, 0, 1, 1, 1, 1, 0, 0, 0, 1, 1, 1, 0, 1, 0, 0, 0, 0, 0, 0, 0, 1, 1, 0, 0, 1, 0, 0, 0, 0, 0, 0, 1, 1, 1)"
9.818219,37,135.534413,1,"(np.int64(24602), np.int64(16350), np.int64(15761), np.int64(41682), np.int64(28907), np.int64(44796), np.int64(33190), np.int64(1536), np.int64(47764), np.int64(16615), np.int64(31934), np.int64(47615), np.int64(44888), np.int64(9378), np.int64(30625), np.int64(23468), np.int64(8418), np.int64(28651), np.int64(27094), np.int64(24094), np.int64(36525), np.int64(583), np.int64(28437), np.int64(41211), np.int64(3621), np.int64(28811), np.int64(9418), np.int64(4520), np.int64(37805), np.int64(2862), np.int64(22475), np.int64(6066), np.int64(16811), np.int64(7295), np.int64(41842), np.int64(41707), np.int64(28116))","(1, 1, 1, 0, 1, 0, 0, 1, 0, 0, 0, 0, 0, 1, 0, 1, 0, 0, 0, 1, 0, 1, 0, 0, 1, 1, 1, 1, 0, 1, 0, 1, 1, 0, 0, 0, 0)"
4.497757,20,135.752534,1,"(np.int64(38029), np.int64(32593), np.int64(5851), np.int64(5425), np.int64(44637), np.int64(34567), np.int64(9365), np.int64(46847), np.int64(19308), np.int64(43090), np.int64(5689), np.int64(13827), np.int64(34575), np.int64(1837), np.int64(24127), np.int64(46482), np.int64(1079), np.int64(28517), np.int64(20074), np.int64(41244))","(0, 0, 1, 1, 0, 0, 1, 0, 1, 0, 1, 0, 0, 1, 0, 0, 1, 0, 0, 0)"
7.438225,29,136.067168,1,"(np.int64(25131), np.int64(21271), np.int64(35892), np.int64(33573), np.int64(40712), np.int64(8420), np.int64(26617), np.int64(38331), np.int64(19272), np.int64(1828), np.int64(38213), np.int64(18147), np.int64(6316), np.int64(49827), np.int64(12217), np.int64(43743), np.int64(31715), np.int64(48140), np.int64(41785), np.int64(32281), np.int64(33940), np.int64(8234), np.int64(3395), np.int64(49436), np.int64(12172), np.int64(23490), np.int64(8110), np.int64(44510), np.int64(11713))","(1, 1, 0, 0, 0, 0, 0, 0, 1, 1, 0, 0, 1, 0, 1, 0, 0, 0, 0, 0, 0, 1, 1, 0, 1, 1, 1, 0, 1)"
7.054882,22,136.30376,1,"(np.int64(35225), np.int64(6927), np.int64(24589), np.int64(4840), np.int64(26055), np.int64(12389), np.int64(21437), np.int64(21808), np.int64(13000), np.int64(19023), np.int64(42747), np.int64(46275), np.int64(28852), np.int64(36934), np.int64(13523), np.int64(12533), np.int64(14706), np.int64(32389), np.int64(5210), np.int64(39455), np.int64(23098), np.int64(32139))","(0, 1, 1, 1, 0, 1, 1, 1, 0, 0, 0, 0, 1, 0, 1, 1, 1, 1, 1, 0, 0, 0)"
9.968181,50,136.851796,1,"(np.int64(37169), np.int64(19152), np.int64(19415), np.int64(8728), np.int64(29259), np.int64(18070), np.int64(28293), np.int64(48581), np.int64(8672), np.int64(43679), np.int64(25207), np.int64(28489), np.int64(31252), np.int64(31993), np.int64(25767), np.int64(29198), np.int64(40096), np.int64(42146), np.int64(38241), np.int64(20260), np.int64(18560), np.int64(41434), np.int64(5554), np.int64(8577), np.int64(30739), np.int64(2274), np.int64(29095), np.int64(8047), np.int64(23053), np.int64(26259), np.int64(7937), np.int64(17494), np.int64(30282), np.int64(38672), np.int64(20243), np.int64(18177), np.int64(16351), np.int64(10826), np.int64(45699), np.int64(507), np.int64(3303), np.int64(49933), np.int64(44405), np.int64(36992), np.int64(2808), np.int64(28705), np.int64(46783), np.int64(25931), np.int64(32870), np.int64(42201))","(0, 1, 0, 0, 0, 0, 0, 0, 0, 0, 1, 0, 1, 0, 0, 1, 0, 0, 0, 1, 0, 0, 1, 1, 0, 0, 1, 1, 0, 1, 1, 0, 0, 0, 0, 0, 1, 1, 0, 1, 0, 0, 0, 0, 1, 1, 0, 0, 0, 0)"
7.218979,34,137.231604,1,"(np.int64(45451), np.int64(44071), np.int64(2463), np.int64(20816), np.int64(35046), np.int64(18682), np.int64(22404), np.int64(21038), np.int64(18954), np.int64(44628), np.int64(30990), np.int64(28621), np.int64(29256), np.int64(36416), np.int64(43506), np.int64(34103), np.int64(22806), np.int64(46427), np.int64(27095), np.int64(26261), np.int64(25357), np.int64(5646), np.int64(19985), np.int64(3712), np.int64(8263), np.int64(8398), np.int64(10578), np.int64(17180), np.int64(45724), np.int64(4598), np.int64(24623), np.int64(33286), np.int64(25252), np.int64(48842))","(0, 0, 0, 0, 0, 0, 0, 1, 1, 0, 0, 1, 1, 0, 0, 0, 0, 0, 0, 1, 1, 1, 0, 1, 1, 0, 1, 0, 0, 1, 1, 0, 0, 0)"
10.809811,35,137.608697,1,"(np.int64(44548), np.int64(5087), np.int64(37354), np.int64(5046), np.int64(20392), np.int64(39257), np.int64(11028), np.int64(22964), np.int64(23765), np.int64(38571), np.int64(2524), np.int64(33140), np.int64(27619), np.int64(5650), np.int64(8889), np.int64(46766), np.int64(10012), np.int64(7177), np.int64(19347), np.int64(19404), np.int64(8491), np.int64(26148), np.int64(14345), np.int64(9636), np.int64(41271), np.int64(44344), np.int64(46420), np.int64(44698), np.int64(37727), np.int64(45654), np.int64(23296), np.int64(22079), np.int64(7335), np.int64(20091), np.int64(32509))","(0, 1, 0, 1, 1, 0, 1, 0, 0, 0, 1, 0, 0, 1, 1, 0, 1, 1, 1, 1, 1, 1, 0, 1, 0, 0, 0, 0, 0, 0, 0, 1, 1, 1, 0)"
9.258867,36,137.995197,1,"(np.int64(12744), np.int64(24494), np.int64(34635), np.int64(38272), np.int64(3143), np.int64(15174), np.int64(34616), np.int64(12224), np.int64(39437), np.int64(6177), np.int64(29102), np.int64(35728), np.int64(41177), np.int64(16020), np.int64(12290), np.int64(46191), np.int64(33306), np.int64(12818), np.int64(17701), np.int64(8217), np.int64(4400), np.int64(29576), np.int64(4743), np.int64(7976), np.int64(37950), np.int64(15837), np.int64(31843), np.int64(31958), np.int64(22594), np.int64(19147), np.int64(2839), np.int64(62), np.int64(43289), np.int64(45619), np.int64(17027), np.int64(18347))","(1, 1, 0, 0, 1, 1, 0, 1, 0, 1, 1, 0, 0, 0, 1, 0, 0, 0, 0, 0, 0, 0, 1, 1, 0, 1, 0, 0, 0, 1, 1, 1, 0, 0, 1, 0)"
13.15185,50,138.566637,1,"(np.int64(28343), np.int64(24508), np.int64(5751), np.int64(11884), np.int64(11341), np.int64(41734), np.int64(15258), np.int64(30997), np.int64(3245), np.int64(21807), np.int64(31543), np.int64(1574), np.int64(10031), np.int64(37193), np.int64(40197), np.int64(2207), np.int64(25731), np.int64(18511), np.int64(34355), np.int64(119), np.int64(41095), np.int64(20806), np.int64(10080), np.int64(46908), np.int64(10583), np.int64(36720), np.int64(18021), np.int64(17803), np.int64(17251), np.int64(39713), np.int64(5629), np.int64(23040), np.int64(6980), np.int64(13504), np.int64(18043), np.int64(2547), np.int64(28312), np.int64(45468), np.int64(18755), np.int64(40362), np.int64(13646), np.int64(38486), np.int64(5177), np.int64(7469), np.int64(36484), np.int64(140), np.int64(37312), np.int64(46673), np.int64(837), np.int64(38264))","(0, 1, 1, 1, 0, 0, 1, 0, 1, 0, 0, 1, 1, 0, 0, 1, 1, 0, 0, 1, 0, 0, 1, 0, 1, 0, 0, 0, 0, 0, 1, 0, 1, 1, 0, 1, 0, 0, 0, 0, 1, 0, 1, 1, 0, 1, 0, 0, 1, 0)"
7.472581,22,138.837191,1,"(np.int64(15204), np.int64(45956), np.int64(12807), np.int64(49265), np.int64(10088), np.int64(962), np.int64(16865), np.int64(4385), np.int64(49934), np.int64(27975), np.int64(32198), np.int64(13611), np.int64(31151), np.int64(21601), np.int64(12762), np.int64(7444), np.int64(13381), np.int64(14866), np.int64(34627), np.int64(11681), np.int64(43801), np.int64(28201))","(1, 0, 0, 0, 1, 1, 1, 1, 0, 1, 0, 1, 0, 0, 1, 1, 1, 1, 0, 1, 0, 0)"
14.930862,50,139.525854,1,"(np.int64(12797), np.int64(39272), np.int64(41212), np.int64(19398), np.int64(2790), np.int64(13382), np.int64(22294), np.int64(26223), np.int64(15657), np.int64(3110), np.int64(14682), np.int64(18748), np.int64(531), np.int64(28652), np.int64(7184), np.int64(29636), np.int64(25376), np.int64(45586), np.int64(37880), np.int64(34898), np.int64(22170), np.int64(29859), np.int64(13823), np.int64(28326), np.int64(33208), np.int64(46387), np.int64(43727), np.int64(42256), np.int64(48197), np.int64(29293), np.int64(99), np.int64(6332), np.int64(8761), np.int64(34338), np.int64(39239), np.int64(43502), np.int64(21338), np.int64(2596), np.int64(2437), np.int64(49825), np.int64(27093), np.int64(14707), np.int64(40251), np.int64(36769), np.int64(19631), np.int64(6272), np.int64(34635), np.int64(5210), np.int64(28603), np.int64(40813))","(1, 0, 0, 1, 1, 1, 0, 1, 1, 1, 1, 0, 1, 1, 1, 0, 1, 0, 0, 0, 1, 0, 1, 0, 0, 0, 0, 0, 0, 1, 1, 1, 0, 0, 0, 0, 1, 1, 0, 0, 0, 1, 0, 0, 1, 1, 0, 1, 1, 0)"
5.842964,25,139.869131,1,"(np.int64(45781), np.int64(33113), np.int64(46002), np.int64(37750), np.int64(32118), np.int64(45601), np.int64(14288), np.int64(7850), np.int64(26405), np.int64(856), np.int64(6732), np.int64(6861), np.int64(49478), np.int64(6279), np.int64(16332), np.int64(41292), np.int64(37550), np.int64(6117), np.int64(10971), np.int64(8807), np.int64(40635), np.int64(39059), np.int64(48048), np.int64(7289), np.int64(24042))","(0, 0, 0, 0, 0, 0, 1, 1, 0, 1, 1, 1, 0, 1, 1, 0, 0, 1, 0, 0, 0, 0, 0, 0, 1)"
10.037748,50,140.429356,1,"(np.int64(20400), np.int64(44220), np.int64(10900), np.int64(17929), np.int64(39671), np.int64(37558), np.int64(46771), np.int64(48139), np.int64(4074), np.int64(30959), np.int64(548), np.int64(6416), np.int64(46127), np.int64(30193), np.int64(25290), np.int64(48377), np.int64(19332), np.int64(43210), np.int64(45459), np.int64(30780), np.int64(16992), np.int64(9794), np.int64(40351), np.int64(16575), np.int64(40072), np.int64(43158), np.int64(3057), np.int64(8026), np.int64(17168), np.int64(8818), np.int64(15180), np.int64(2551), np.int64(11981), np.int64(49189), np.int64(18131), np.int64(20203), np.int64(24364), np.int64(39510), np.int64(1189), np.int64(38318), np.int64(26937), np.int64(48315), np.int64(46572), np.int64(38539), np.int64(3783), np.int64(48743), np.int64(48486), np.int64(36880), np.int64(36131), np.int64(5013))","(0, 0, 0, 1, 0, 0, 0, 0, 1, 0, 1, 1, 0, 0, 1, 0, 1, 0, 0, 0, 1, 1, 0, 1, 0, 0, 1, 1, 0, 1, 0, 1, 0, 0, 0, 1, 0, 0, 1, 0, 0, 0, 1, 0, 1, 0, 0, 0, 0, 0)"
6.434111,19,140.697094,1,"(np.int64(407), np.int64(9195), np.int64(41998), np.int64(31760), np.int64(11920), np.int64(36852), np.int64(16003), np.int64(13640), np.int64(49916), np.int64(2814), np.int64(43664), np.int64(31394), np.int64(977), np.int64(5829), np.int64(47683), np.int64(23701), np.int64(27599), np.int64(20019), np.int64(4793))","(1, 0, 0, 0, 1, 0, 1, 1, 0, 1, 0, 1, 1, 1, 0, 1, 0, 0, 1)"
9.089134,30,141.070495,1,"(np.int64(12491), np.int64(6355), np.int64(14212), np.int64(24469), np.int64(18392), np.int64(10401), np.int64(3651), np.int64(10088), np.int64(20182), np.int64(49364), np.int64(48429), np.int64(17124), np.int64(34326), np.int64(43702), np.int64(33577), np.int64(4790), np.int64(48201), np.int64(46329), np.int64(23923), np.int64(48523), np.int64(4527), np.int64(16453), np.int64(39262), np.int64(20771), np.int64(48726), np.int64(8669), np.int64(3582), np.int64(45662), np.int64(16509), np.int64(23776))","(0, 1, 1, 1, 0, 1, 1, 1, 1, 0, 0, 1, 0, 0, 0, 1, 0, 0, 1, 0, 1, 1, 0, 1, 0, 1, 0, 0, 0, 1)"
9.473975,50,141.67545,1,"(np.int64(29826), np.int64(21145), np.int64(21934), np.int64(25998), np.int64(40326), np.int64(25025), np.int64(22841), np.int64(48113), np.int64(26040), np.int64(49629), np.int64(1432), np.int64(29307), np.int64(33287), np.int64(29470), np.int64(7715), np.int64(17374), np.int64(17772), np.int64(45728), np.int64(6232), np.int64(27853), np.int64(17111), np.int64(36859), np.int64(12356), np.int64(19036), np.int64(27066), np.int64(18730), np.int64(29562), np.int64(46909), np.int64(43073), np.int64(40158), np.int64(12491), np.int64(24029), np.int64(42204), np.int64(2759), np.int64(44451), np.int64(26697), np.int64(34974), np.int64(476), np.int64(6756), np.int64(40156), np.int64(44931), np.int64(27782), np.int64(21567), np.int64(7914), np.int64(38952), np.int64(40869), np.int64(13059), np.int64(40193), np.int64(2295), np.int64(47226))","(0, 1, 0, 0, 0, 1, 0, 0, 0, 0, 1, 1, 0, 0, 1, 1, 0, 0, 1, 1, 1, 0, 1, 0, 0, 0, 0, 0, 0, 0, 0, 1, 0, 1, 0, 0, 0, 1, 1, 0, 0, 1, 0, 0, 0, 0, 0, 0, 0, 0)"
10.113869,27,141.977927,1,"(np.int64(7090), np.int64(4270), np.int64(11736), np.int64(19830), np.int64(17150), np.int64(15527), np.int64(38020), np.int64(1368), np.int64(27963), np.int64(42887), np.int64(12271), np.int64(46657), np.int64(25276), np.int64(12243), np.int64(19654), np.int64(9233), np.int64(35053), np.int64(46457), np.int64(40540), np.int64(45432), np.int64(11196), np.int64(25489), np.int64(13986), np.int64(11204), np.int64(20279), np.int64(23218), np.int64(2217))","(1, 1, 1, 1, 0, 1, 0, 1, 1, 0, 1, 0, 1, 0, 1, 1, 0, 0, 0, 0, 1, 1, 1, 1, 1, 0, 1)"
11.582242,39,142.405861,1,"(np.int64(8830), np.int64(22054), np.int64(46729), np.int64(28746), np.int64(6122), np.int64(2885), np.int64(42847), np.int64(27020), np.int64(43650), np.int64(1327), np.int64(42260), np.int64(39677), np.int64(2742), np.int64(19173), np.int64(40299), np.int64(27462), np.int64(33546), np.int64(19297), np.int64(10273), np.int64(12959), np.int64(21707), np.int64(9839), np.int64(21116), np.int64(35894), np.int64(26930), np.int64(3327), np.int64(13348), np.int64(48630), np.int64(45393), np.int64(34789), np.int64(6547), np.int64(9975), np.int64(4770), np.int64(44609), np.int64(16456), np.int64(31678), np.int64(36818), np.int64(31762), np.int64(23630))","(1, 1, 0, 1, 1, 1, 0, 0, 0, 1, 0, 0, 1, 1, 0, 0, 0, 1, 1, 1, 1, 1, 0, 0, 1, 1, 1, 0, 0, 0, 1, 0, 1, 0, 0, 0, 0, 0, 1)"
4.23337,21,142.641359,1,"(np.int64(19791), np.int64(32422), np.int64(7027), np.int64(48744), np.int64(19017), np.int64(17596), np.int64(24456), np.int64(17272), np.int64(10156), np.int64(30948), np.int64(36836), np.int64(13883), np.int64(23418), np.int64(35642), np.int64(33969), np.int64(679), np.int64(24871), np.int64(25922), np.int64(35785), np.int64(31878), np.int64(44973))","(0, 0, 1, 0, 1, 0, 1, 0, 1, 0, 0, 1, 1, 0, 0, 1, 0, 0, 0, 0, 0)"
3.066142,13,142.787663,1,"(np.int64(15658), np.int64(2231), np.int64(1844), np.int64(2296), np.int64(26654), np.int64(36981), np.int64(9341), np.int64(35707), np.int64(34018), np.int64(44995), np.int64(34098), np.int64(7509), np.int64(30559))","(1, 0, 1, 0, 1, 0, 1, 0, 0, 0, 0, 1, 0)"
15.858044,50,143.345871,1,"(np.int64(31924), np.int64(35485), np.int64(29049), np.int64(7315), np.int64(48352), np.int64(11669), np.int64(24453), np.int64(39877), np.int64(45275), np.int64(7634), np.int64(7201), np.int64(38407), np.int64(33405), np.int64(25753), np.int64(30972), np.int64(19362), np.int64(39541), np.int64(13007), np.int64(17808), np.int64(44571), np.int64(32586), np.int64(14553), np.int64(36413), np.int64(25450), np.int64(3767), np.int64(38612), np.int64(32231), np.int64(6070), np.int64(16735), np.int64(43312), np.int64(46404), np.int64(20089), np.int64(4025), np.int64(48231), np.int64(13060), np.int64(31324), np.int64(48565), np.int64(48292), np.int64(1239), np.int64(39468), np.int64(16668), np.int64(34686), np.int64(11443), np.int64(20861), np.int64(24154), np.int64(3083), np.int64(6370), np.int64(10889), np.int64(11361), np.int64(47057))","(0, 0, 1, 1, 0, 1, 1, 0, 0, 0, 1, 0, 0, 0, 0, 1, 0, 1, 1, 0, 0, 1, 0, 1, 1, 0, 0, 1, 1, 0, 0, 1, 1, 0, 1, 1, 0, 0, 1, 0, 1, 0, 1, 1, 1, 1, 1, 1, 1, 0)"
7.617048,37,143.755738,1,"(np.int64(7486), np.int64(5919), np.int64(14830), np.int64(24768), np.int64(20322), np.int64(29594), np.int64(28748), np.int64(13726), np.int64(7995), np.int64(32733), np.int64(47789), np.int64(12385), np.int64(39372), np.int64(25106), np.int64(29677), np.int64(4763), np.int64(20362), np.int64(17117), np.int64(24033), np.int64(24299), np.int64(43485), np.int64(6945), np.int64(22879), np.int64(30968), np.int64(23090), np.int64(45846), np.int64(38352), np.int64(45203), np.int64(13829), np.int64(35884), np.int64(38941), np.int64(22614), np.int64(11442), np.int64(14565), np.int64(19476), np.int64(13415), np.int64(40244))","(1, 1, 1, 0, 0, 0, 1, 0, 1, 0, 0, 1, 0, 0, 0, 1, 1, 0, 1, 0, 0, 1, 0, 0, 0, 0, 0, 0, 1, 0, 0, 0, 1, 0, 0, 1, 0)"
6.476313,31,144.123122,1,"(np.int64(39195), np.int64(29211), np.int64(24380), np.int64(28374), np.int64(25865), np.int64(17081), np.int64(38820), np.int64(13248), np.int64(24109), np.int64(10639), np.int64(43050), np.int64(5394), np.int64(49052), np.int64(17043), np.int64(24276), np.int64(30066), np.int64(21389), np.int64(2657), np.int64(47819), np.int64(44901), np.int64(15610), np.int64(21733), np.int64(1627), np.int64(13909), np.int64(17603), np.int64(30917), np.int64(1631), np.int64(37796), np.int64(48496), np.int64(11172), np.int64(49664))","(0, 1, 0, 0, 0, 0, 0, 1, 0, 0, 0, 1, 0, 1, 0, 0, 0, 1, 0, 0, 1, 1, 1, 0, 0, 0, 1, 0, 0, 1, 0)"
4.824842,21,144.359896,1,"(np.int64(45385), np.int64(43257), np.int64(29042), np.int64(9976), np.int64(21659), np.int64(42088), np.int64(37163), np.int64(43830), np.int64(48635), np.int64(30153), np.int64(5425), np.int64(39788), np.int64(49198), np.int64(32244), np.int64(19905), np.int64(21222), np.int64(35820), np.int64(24580), np.int64(40160), np.int64(26705), np.int64(42677))","(0, 0, 1, 1, 1, 0, 0, 0, 0, 0, 1, 0, 0, 0, 1, 1, 0, 1, 0, 1, 0)"
10.719617,50,144.908341,1,"(np.int64(3864), np.int64(26287), np.int64(16629), np.int64(27399), np.int64(11329), np.int64(1811), np.int64(41845), np.int64(21985), np.int64(41266), np.int64(40), np.int64(6269), np.int64(27049), np.int64(32632), np.int64(31105), np.int64(16251), np.int64(29880), np.int64(31035), np.int64(43956), np.int64(11800), np.int64(35848), np.int64(30906), np.int64(22524), np.int64(10544), np.int64(45869), np.int64(42366), np.int64(10098), np.int64(25110), np.int64(35611), np.int64(14655), np.int64(31593), np.int64(47687), np.int64(35244), np.int64(41789), np.int64(43489), np.int64(33304), np.int64(13983), np.int64(10999), np.int64(30222), np.int64(9519), np.int64(22631), np.int64(39799), np.int64(24094), np.int64(46049), np.int64(40326), np.int64(48146), np.int64(4387), np.int64(27830), np.int64(37675), np.int64(41400), np.int64(19714))","(1, 0, 1, 0, 1, 1, 0, 1, 0, 1, 1, 0, 0, 0, 1, 0, 0, 0, 1, 0, 0, 0, 0, 0, 0, 1, 1, 0, 1, 0, 0, 0, 0, 0, 0, 1, 1, 0, 0, 0, 0, 1, 0, 0, 0, 1, 0, 0, 0, 1)"
12.729905,50,145.444841,1,"(np.int64(35993), np.int64(40880), np.int64(45563), np.int64(25657), np.int64(20738), np.int64(19800), np.int64(27533), np.int64(34575), np.int64(15536), np.int64(29692), np.int64(24), np.int64(48446), np.int64(33921), np.int64(34107), np.int64(17269), np.int64(24692), np.int64(19988), np.int64(43254), np.int64(44676), np.int64(17541), np.int64(12350), np.int64(11769), np.int64(21500), np.int64(13273), np.int64(19444), np.int64(28068), np.int64(26900), np.int64(19695), np.int64(26749), np.int64(43199), np.int64(21664), np.int64(21601), np.int64(15371), np.int64(48875), np.int64(11656), np.int64(12679), np.int64(8784), np.int64(31592), np.int64(31915), np.int64(33544), np.int64(38906), np.int64(31883), np.int64(39784), np.int64(40583), np.int64(27881), np.int64(29500), np.int64(43832), np.int64(15046), np.int64(3141), np.int64(18955))","(0, 0, 0, 1, 1, 1, 0, 0, 1, 0, 1, 0, 0, 0, 0, 1, 0, 0, 0, 0, 1, 1, 0, 1, 1, 1, 1, 1, 0, 0, 0, 0, 1, 1, 1, 1, 1, 0, 0, 0, 0, 0, 0, 0, 1, 0, 0, 1, 1, 0)"
10.94214,50,145.994966,1,"(np.int64(49254), np.int64(33641), np.int64(39808), np.int64(16555), np.int64(33186), np.int64(46864), np.int64(5455), np.int64(42921), np.int64(43107), np.int64(35472), np.int64(1045), np.int64(24625), np.int64(18287), np.int64(6831), np.int64(28861), np.int64(45347), np.int64(24943), np.int64(21027), np.int64(1334), np.int64(46050), np.int64(3940), np.int64(5371), np.int64(24502), np.int64(45725), np.int64(30536), np.int64(46901), np.int64(10014), np.int64(38011), np.int64(22623), np.int64(40246), np.int64(41280), np.int64(24859), np.int64(40002), np.int64(7534), np.int64(11688), np.int64(3321), np.int64(31920), np.int64(27246), np.int64(43662), np.int64(33837), np.int64(46815), np.int64(49335), np.int64(16890), np.int64(22024), np.int64(7025), np.int64(1056), np.int64(30168), np.int64(26902), np.int64(25590), np.int64(2229))","(0, 0, 0, 0, 0, 0, 0, 0, 0, 0, 1, 1, 0, 1, 0, 0, 1, 0, 1, 0, 0, 1, 1, 0, 0, 0, 1, 0, 0, 0, 0, 0, 0, 1, 1, 1, 0, 1, 0, 0, 0, 0, 1, 1, 1, 1, 0, 0, 1, 0)"
10.792959,45,146.56603,1,"(np.int64(43531), np.int64(22693), np.int64(29300), np.int64(10745), np.int64(11644), np.int64(38138), np.int64(4223), np.int64(42763), np.int64(3354), np.int64(4682), np.int64(8250), np.int64(18396), np.int64(26976), np.int64(20395), np.int64(35337), np.int64(15916), np.int64(31587), np.int64(33644), np.int64(2380), np.int64(37581), np.int64(11911), np.int64(45909), np.int64(9003), np.int64(8549), np.int64(38456), np.int64(26678), np.int64(21704), np.int64(19522), np.int64(28412), np.int64(25362), np.int64(5231), np.int64(33003), np.int64(30924), np.int64(15892), np.int64(34140), np.int64(5601), np.int64(13051), np.int64(45588), np.int64(6440), np.int64(17126), np.int64(29478), np.int64(42576), np.int64(40836), np.int64(30907), np.int64(11481))","(0, 0, 1, 1, 1, 0, 0, 0, 1, 1, 1, 0, 0, 0, 0, 0, 0, 0, 0, 0, 1, 0, 0, 1, 0, 0, 1, 1, 0, 1, 1, 1, 0, 1, 0, 0, 1, 0, 1, 1, 0, 0, 0, 0, 1)"
10.035817,35,146.984934,1,"(np.int64(40942), np.int64(22992), np.int64(30826), np.int64(9828), np.int64(46778), np.int64(15122), np.int64(16413), np.int64(41176), np.int64(16547), np.int64(13), np.int64(14421), np.int64(45549), np.int64(26197), np.int64(36995), np.int64(44659), np.int64(18868), np.int64(35812), np.int64(19543), np.int64(46737), np.int64(25677), np.int64(13267), np.int64(27984), np.int64(21761), np.int64(12839), np.int64(12649), np.int64(32226), np.int64(7976), np.int64(16205), np.int64(42276), np.int64(12182), np.int64(17995), np.int64(49895), np.int64(3950), np.int64(28205), np.int64(32620))","(0, 0, 0, 1, 0, 1, 0, 0, 0, 1, 1, 0, 1, 0, 0, 1, 0, 1, 0, 0, 1, 1, 1, 1, 1, 0, 1, 1, 0, 1, 0, 0, 1, 0, 0)"
3.755359,18,147.210246,1,"(np.int64(21046), np.int64(1026), np.int64(44600), np.int64(22289), np.int64(30361), np.int64(46524), np.int64(23049), np.int64(10882), np.int64(45581), np.int64(34487), np.int64(41990), np.int64(13406), np.int64(32158), np.int64(5639), np.int64(10096), np.int64(18256), np.int64(29878), np.int64(24916))","(0, 1, 0, 0, 0, 0, 0, 1, 0, 0, 0, 1, 0, 0, 1, 1, 0, 1)"
12.723084,50,147.816495,1,"(np.int64(18134), np.int64(13608), np.int64(49133), np.int64(41383), np.int64(12218), np.int64(14260), np.int64(16625), np.int64(22685), np.int64(15695), np.int64(46087), np.int64(16742), np.int64(13303), np.int64(39668), np.int64(36909), np.int64(461), np.int64(11508), np.int64(19861), np.int64(17354), np.int64(23385), np.int64(49785), np.int64(41707), np.int64(19331), np.int64(46556), np.int64(43904), np.int64(23090), np.int64(45007), np.int64(15111), np.int64(37856), np.int64(7564), np.int64(18270), np.int64(29522), np.int64(25580), np.int64(30959), np.int64(1144), np.int64(23887), np.int64(13636), np.int64(43045), np.int64(47387), np.int64(49589), np.int64(44668), np.int64(31255), np.int64(32842), np.int64(7928), np.int64(38284), np.int64(38908), np.int64(10290), np.int64(25515), np.int64(21279), np.int64(30088), np.int64(1500))","(0, 1, 0, 0, 0, 1, 1, 0, 1, 0, 1, 1, 0, 0, 1, 1, 0, 0, 0, 0, 0, 1, 0, 0, 0, 0, 1, 1, 1, 0, 0, 0, 0, 1, 0, 1, 0, 0, 0, 0, 1, 0, 1, 0, 0, 1, 1, 1, 0, 1)"
5.73261,20,148.040858,1,"(np.int64(18183), np.int64(36236), np.int64(27297), np.int64(40672), np.int64(25838), np.int64(34049), np.int64(30381), np.int64(7081), np.int64(16418), np.int64(16181), np.int64(16240), np.int64(16743), np.int64(33650), np.int64(21012), np.int64(19645), np.int64(36183), np.int64(39567), np.int64(21290), np.int64(8695), np.int64(32506))","(0, 0, 1, 0, 0, 0, 0, 1, 0, 1, 1, 1, 0, 1, 1, 0, 0, 1, 1, 0)"
4.216068,20,148.270137,1,"(np.int64(29041), np.int64(42244), np.int64(24509), np.int64(21449), np.int64(44574), np.int64(32918), np.int64(15919), np.int64(8314), np.int64(47929), np.int64(38263), np.int64(20918), np.int64(986), np.int64(24146), np.int64(4409), np.int64(17256), np.int64(49202), np.int64(16037), np.int64(42858), np.int64(38436), np.int64(40625))","(1, 0, 0, 1, 0, 0, 1, 1, 0, 0, 0, 1, 0, 1, 0, 0, 1, 0, 0, 0)"
4.095383,16,148.453957,1,"(np.int64(22361), np.int64(45567), np.int64(17476), np.int64(40643), np.int64(40645), np.int64(2142), np.int64(4381), np.int64(1372), np.int64(10600), np.int64(28043), np.int64(14536), np.int64(8835), np.int64(46500), np.int64(28465), np.int64(26624), np.int64(12786))","(0, 0, 0, 0, 0, 1, 1, 1, 0, 0, 1, 1, 0, 0, 0, 1)"
13.185912,50,149.010743,1,"(np.int64(16896), np.int64(35050), np.int64(34220), np.int64(43532), np.int64(27856), np.int64(28517), np.int64(17165), np.int64(8056), np.int64(22718), np.int64(2596), np.int64(49170), np.int64(31385), np.int64(14942), np.int64(12655), np.int64(35029), np.int64(176), np.int64(6770), np.int64(15637), np.int64(8409), np.int64(3765), np.int64(31158), np.int64(7158), np.int64(47013), np.int64(23276), np.int64(21030), np.int64(25127), np.int64(34250), np.int64(20818), np.int64(15067), np.int64(19121), np.int64(35484), np.int64(9905), np.int64(34455), np.int64(23221), np.int64(27484), np.int64(18488), np.int64(21271), np.int64(1286), np.int64(37546), np.int64(20797), np.int64(45823), np.int64(14344), np.int64(28727), np.int64(47631), np.int64(41352), np.int64(1223), np.int64(48625), np.int64(7175), np.int64(6575), np.int64(29490))","(1, 0, 0, 0, 1, 0, 0, 1, 0, 1, 0, 1, 0, 1, 0, 1, 1, 1, 1, 1, 0, 1, 0, 0, 1, 1, 0, 1, 1, 1, 0, 1, 0, 0, 0, 0, 1, 0, 0, 0, 0, 1, 0, 0, 0, 0, 0, 1, 1, 0)"
8.936539,41,149.465079,1,"(np.int64(21560), np.int64(18845), np.int64(12406), np.int64(13123), np.int64(26768), np.int64(2305), np.int64(5744), np.int64(43730), np.int64(25859), np.int64(28712), np.int64(36425), np.int64(30603), np.int64(44820), np.int64(31175), np.int64(19993), np.int64(16625), np.int64(34208), np.int64(41795), np.int64(44927), np.int64(43410), np.int64(46746), np.int64(4162), np.int64(33816), np.int64(18541), np.int64(1784), np.int64(40045), np.int64(26222), np.int64(40091), np.int64(17775), np.int64(28551), np.int64(34392), np.int64(1792), np.int64(26142), np.int64(47433), np.int64(4940), np.int64(45692), np.int64(19415), np.int64(3083), np.int64(22548), np.int64(17748), np.int64(3271))","(0, 1, 1, 1, 0, 0, 1, 0, 0, 1, 0, 0, 0, 1, 0, 1, 0, 0, 0, 0, 0, 1, 0, 0, 1, 0, 1, 0, 0, 0, 0, 1, 1, 0, 1, 0, 0, 1, 0, 0, 1)"
13.111291,50,150.014912,1,"(np.int64(22132), np.int64(19467), np.int64(46999), np.int64(10968), np.int64(14490), np.int64(2801), np.int64(33603), np.int64(39611), np.int64(21519), np.int64(49824), np.int64(23240), np.int64(20384), np.int64(37762), np.int64(45120), np.int64(48111), np.int64(675), np.int64(14867), np.int64(20550), np.int64(4230), np.int64(29784), np.int64(8173), np.int64(6033), np.int64(2230), np.int64(6370), np.int64(17631), np.int64(12400), np.int64(13445), np.int64(13133), np.int64(37106), np.int64(50005), np.int64(10722), np.int64(7668), np.int64(811), np.int64(24702), np.int64(31782), np.int64(13015), np.int64(36307), np.int64(49145), np.int64(43501), np.int64(37805), np.int64(12565), np.int64(19059), np.int64(42891), np.int64(24621), np.int64(38848), np.int64(24592), np.int64(22130), np.int64(39177), np.int64(20697), np.int64(32523))","(0, 1, 0, 1, 1, 1, 0, 0, 1, 0, 0, 0, 0, 0, 0, 1, 0, 0, 1, 0, 1, 1, 0, 1, 0, 1, 1, 1, 0, 0, 1, 1, 1, 1, 0, 1, 0, 0, 0, 0, 1, 1, 0, 0, 0, 1, 0, 0, 1, 0)"
7.48878,37,150.430918,1,"(np.int64(37333), np.int64(15109), np.int64(37249), np.int64(14736), np.int64(1690), np.int64(24282), np.int64(36246), np.int64(49813), np.int64(35611), np.int64(25289), np.int64(14767), np.int64(16482), np.int64(22098), np.int64(2304), np.int64(39103), np.int64(40564), np.int64(44678), np.int64(21294), np.int64(2541), np.int64(10368), np.int64(4058), np.int64(3154), np.int64(49464), np.int64(7553), np.int64(20202), np.int64(37048), np.int64(18990), np.int64(17768), np.int64(44838), np.int64(8342), np.int64(22497), np.int64(47626), np.int64(18746), np.int64(38721), np.int64(42781), np.int64(31548), np.int64(11842))","(0, 1, 0, 1, 1, 0, 0, 0, 0, 0, 1, 0, 1, 0, 0, 0, 0, 1, 1, 1, 0, 0, 0, 1, 1, 0, 0, 0, 0, 1, 0, 0, 0, 0, 0, 0, 1)"
11.873492,50,151.004515,1,"(np.int64(21610), np.int64(38148), np.int64(15831), np.int64(30706), np.int64(18703), np.int64(15976), np.int64(41263), np.int64(32721), np.int64(13071), np.int64(36329), np.int64(2336), np.int64(25273), np.int64(32489), np.int64(41984), np.int64(44592), np.int64(14786), np.int64(40598), np.int64(49187), np.int64(6769), np.int64(13941), np.int64(37895), np.int64(47948), np.int64(28936), np.int64(49003), np.int64(3069), np.int64(3955), np.int64(29359), np.int64(6516), np.int64(9795), np.int64(25619), np.int64(49993), np.int64(34878), np.int64(9151), np.int64(44811), np.int64(48567), np.int64(35038), np.int64(8670), np.int64(17078), np.int64(20754), np.int64(18226), np.int64(27000), np.int64(46612), np.int64(20956), np.int64(8744), np.int64(44433), np.int64(14387), np.int64(19888), np.int64(30228), np.int64(23265), np.int64(13751))","(0, 0, 1, 0, 0, 1, 0, 0, 1, 0, 0, 0, 0, 0, 0, 1, 0, 0, 1, 1, 0, 0, 1, 0, 1, 1, 1, 0, 1, 1, 1, 0, 1, 0, 0, 0, 1, 1, 1, 0, 0, 0, 1, 1, 0, 1, 0, 0, 0, 0)"
9.855642,50,151.56874,1,"(np.int64(35114), np.int64(34790), np.int64(25374), np.int64(15291), np.int64(9044), np.int64(19934), np.int64(19692), np.int64(30188), np.int64(24284), np.int64(17759), np.int64(29692), np.int64(38967), np.int64(33327), np.int64(33928), np.int64(3501), np.int64(7267), np.int64(658), np.int64(4945), np.int64(29790), np.int64(20180), np.int64(42939), np.int64(22778), np.int64(33168), np.int64(16838), np.int64(28097), np.int64(37559), np.int64(38303), np.int64(26126), np.int64(38050), np.int64(15226), np.int64(18764), np.int64(14166), np.int64(2218), np.int64(16021), np.int64(41894), np.int64(37284), np.int64(28596), np.int64(26616), np.int64(22618), np.int64(40942), np.int64(41359), np.int64(6721), np.int64(5349), np.int64(25773), np.int64(13266), np.int64(43886), np.int64(24047), np.int64(32473), np.int64(26923), np.int64(40924))","(0, 0, 1, 1, 1, 0, 1, 0, 0, 0, 0, 0, 0, 0, 1, 1, 1, 1, 0, 1, 0, 0, 0, 0, 0, 0, 0, 1, 0, 1, 0, 1, 0, 0, 0, 0, 0, 0, 0, 0, 0, 1, 1, 0, 1, 0, 1, 0, 0, 0)"
14.170684,50,152.118022,1,"(np.int64(21374), np.int64(18985), np.int64(48321), np.int64(21032), np.int64(22530), np.int64(45226), np.int64(1471), np.int64(19130), np.int64(29534), np.int64(23607), np.int64(15352), np.int64(14036), np.int64(23962), np.int64(1373), np.int64(33797), np.int64(18329), np.int64(28435), np.int64(33394), np.int64(42254), np.int64(47710), np.int64(24200), np.int64(15514), np.int64(2319), np.int64(36820), np.int64(47707), np.int64(8272), np.int64(12423), np.int64(29358), np.int64(39546), np.int64(42965), np.int64(30041), np.int64(430), np.int64(24235), np.int64(46553), np.int64(40204), np.int64(1744), np.int64(39974), np.int64(1660), np.int64(9235), np.int64(5130), np.int64(20005), np.int64(27203), np.int64(1080), np.int64(17467), np.int64(43134), np.int64(14748), np.int64(47753), np.int64(37506), np.int64(9474), np.int64(19708))","(0, 1, 0, 1, 0, 0, 1, 0, 0, 1, 1, 0, 1, 1, 0, 1, 0, 0, 0, 0, 0, 1, 0, 0, 0, 1, 1, 1, 0, 0, 0, 1, 0, 1, 0, 1, 0, 1, 1, 1, 0, 1, 1, 0, 0, 1, 0, 0, 1, 1)"
13.547382,50,152.712367,1,"(np.int64(39363), np.int64(43907), np.int64(49711), np.int64(4315), np.int64(40020), np.int64(29427), np.int64(29081), np.int64(46547), np.int64(40557), np.int64(43078), np.int64(23154), np.int64(37842), np.int64(35782), np.int64(20305), np.int64(42775), np.int64(47293), np.int64(11381), np.int64(4564), np.int64(5578), np.int64(47430), np.int64(24533), np.int64(49591), np.int64(10965), np.int64(4635), np.int64(22457), np.int64(27652), np.int64(11812), np.int64(30287), np.int64(17283), np.int64(43016), np.int64(17419), np.int64(46544), np.int64(19030), np.int64(12755), np.int64(31346), np.int64(40825), np.int64(189), np.int64(14166), np.int64(116), np.int64(19683), np.int64(6031), np.int64(27139), np.int64(6257), np.int64(7976), np.int64(16309), np.int64(44011), np.int64(25325), np.int64(46904), np.int64(14897), np.int64(24624))","(0, 0, 0, 1, 0, 0, 1, 0, 0, 0, 0, 0, 0, 1, 0, 0, 1, 1, 1, 0, 1, 0, 1, 1, 0, 0, 1, 0, 0, 0, 0, 0, 1, 1, 1, 0, 1, 1, 1, 1, 1, 0, 1, 1, 1, 0, 0, 0, 0, 1)"
10.056949,50,153.405403,1,"(np.int64(45499), np.int64(3190), np.int64(38982), np.int64(7608), np.int64(40518), np.int64(39676), np.int64(16815), np.int64(47899), np.int64(9145), np.int64(40824), np.int64(31252), np.int64(19737), np.int64(24864), np.int64(35322), np.int64(38005), np.int64(36765), np.int64(5591), np.int64(22378), np.int64(7951), np.int64(49788), np.int64(48571), np.int64(34159), np.int64(40332), np.int64(46094), np.int64(46987), np.int64(35703), np.int64(15526), np.int64(43669), np.int64(40963), np.int64(1032), np.int64(37670), np.int64(43436), np.int64(20942), np.int64(29259), np.int64(8167), np.int64(37949), np.int64(16576), np.int64(13065), np.int64(2663), np.int64(19965), np.int64(47058), np.int64(38599), np.int64(43067), np.int64(18702), np.int64(48480), np.int64(9264), np.int64(9036), np.int64(46240), np.int64(31425), np.int64(30514))","(0, 1, 0, 1, 0, 0, 1, 0, 1, 0, 1, 1, 0, 0, 0, 0, 1, 0, 1, 0, 0, 0, 0, 0, 0, 0, 0, 0, 0, 1, 0, 0, 1, 0, 1, 0, 0, 1, 1, 0, 0, 0, 0, 0, 0, 1, 1, 0, 1, 0)"
10.729585,50,154.041477,1,"(np.int64(48523), np.int64(21039), np.int64(8520), np.int64(30740), np.int64(15070), np.int64(15575), np.int64(46680), np.int64(48354), np.int64(644), np.int64(5921), np.int64(29890), np.int64(20914), np.int64(39485), np.int64(49031), np.int64(27749), np.int64(38726), np.int64(13903), np.int64(40969), np.int64(11301), np.int64(18390), np.int64(38981), np.int64(5927), np.int64(485), np.int64(1315), np.int64(44773), np.int64(8804), np.int64(18371), np.int64(11100), np.int64(41129), np.int64(29860), np.int64(23890), np.int64(6036), np.int64(47694), np.int64(33330), np.int64(3603), np.int64(28998), np.int64(7580), np.int64(42813), np.int64(28154), np.int64(15540), np.int64(32944), np.int64(2799), np.int64(45350), np.int64(10974), np.int64(30157), np.int64(19882), np.int64(33560), np.int64(40025), np.int64(41684), np.int64(14582))","(0, 1, 0, 0, 1, 1, 0, 0, 1, 1, 0, 1, 0, 0, 0, 0, 1, 0, 1, 0, 0, 0, 1, 1, 0, 0, 0, 1, 0, 0, 1, 1, 0, 0, 0, 1, 1, 0, 0, 1, 0, 1, 0, 0, 0, 0, 0, 0, 0, 0)"
7.598187,36,154.449089,1,"(np.int64(40595), np.int64(24948), np.int64(41163), np.int64(19307), np.int64(26729), np.int64(24485), np.int64(25244), np.int64(846), np.int64(1044), np.int64(33163), np.int64(35300), np.int64(4093), np.int64(45651), np.int64(24344), np.int64(24322), np.int64(49143), np.int64(18167), np.int64(11580), np.int64(43015), np.int64(24507), np.int64(38185), np.int64(29992), np.int64(41816), np.int64(4711), np.int64(49309), np.int64(18468), np.int64(7618), np.int64(41228), np.int64(14441), np.int64(43414), np.int64(31902), np.int64(14314), np.int64(19220), np.int64(37842), np.int64(6230), np.int64(42665))","(0, 1, 0, 1, 0, 0, 1, 0, 1, 0, 0, 1, 0, 0, 0, 0, 1, 1, 0, 1, 0, 0, 0, 1, 0, 0, 1, 0, 0, 0, 0, 1, 0, 0, 1, 0)"
4.513736,22,154.688743,1,"(np.int64(45486), np.int64(34659), np.int64(4737), np.int64(46692), np.int64(14744), np.int64(49726), np.int64(4847), np.int64(22940), np.int64(22233), np.int64(44119), np.int64(31602), np.int64(1384), np.int64(39596), np.int64(26385), np.int64(14997), np.int64(37913), np.int64(11039), np.int64(17272), np.int64(10942), np.int64(41114), np.int64(7844), np.int64(49833))","(0, 0, 0, 0, 1, 0, 1, 0, 0, 0, 0, 1, 0, 0, 1, 0, 1, 0, 1, 0, 1, 0)"
6.051636,19,154.919214,1,"(np.int64(47813), np.int64(13820), np.int64(38970), np.int64(4340), np.int64(12677), np.int64(8504), np.int64(4868), np.int64(1927), np.int64(19062), np.int64(44741), np.int64(37972), np.int64(49769), np.int64(4720), np.int64(19860), np.int64(31887), np.int64(27525), np.int64(38785), np.int64(19864), np.int64(44597))","(0, 1, 0, 1, 1, 1, 1, 1, 1, 0, 0, 0, 1, 1, 0, 0, 0, 1, 0)"
8.148581,50,155.52647,1,"(np.int64(32449), np.int64(6449), np.int64(38867), np.int64(5826), np.int64(19496), np.int64(12159), np.int64(16902), np.int64(18486), np.int64(22732), np.int64(17824), np.int64(34270), np.int64(41242), np.int64(46573), np.int64(30122), np.int64(39571), np.int64(45872), np.int64(6950), np.int64(987), np.int64(33225), np.int64(10290), np.int64(44008), np.int64(39216), np.int64(43527), np.int64(26051), np.int64(39231), np.int64(2026), np.int64(25189), np.int64(35626), np.int64(43219), np.int64(25217), np.int64(43095), np.int64(10528), np.int64(23742), np.int64(11189), np.int64(12178), np.int64(29263), np.int64(42047), np.int64(38817), np.int64(29819), np.int64(49697), np.int64(24204), np.int64(35758), np.int64(40579), np.int64(37889), np.int64(14017), np.int64(21260), np.int64(30050), np.int64(10458), np.int64(21391), np.int64(39615))","(0, 0, 0, 1, 1, 1, 1, 0, 0, 0, 0, 0, 0, 0, 0, 0, 1, 1, 0, 1, 0, 0, 0, 0, 0, 1, 0, 0, 0, 0, 0, 0, 0, 1, 1, 1, 0, 0, 0, 0, 0, 0, 0, 0, 1, 0, 0, 0, 1, 0)"
10.030375,50,156.120431,1,"(np.int64(39264), np.int64(32251), np.int64(8217), np.int64(26646), np.int64(27743), np.int64(40525), np.int64(25099), np.int64(14599), np.int64(684), np.int64(48264), np.int64(44950), np.int64(30230), np.int64(34748), np.int64(10422), np.int64(39460), np.int64(48422), np.int64(41300), np.int64(2501), np.int64(32874), np.int64(29854), np.int64(9242), np.int64(14007), np.int64(16543), np.int64(23806), np.int64(42090), np.int64(6837), np.int64(43808), np.int64(21967), np.int64(7479), np.int64(8262), np.int64(18269), np.int64(2220), np.int64(11863), np.int64(39245), np.int64(2209), np.int64(5395), np.int64(34365), np.int64(18270), np.int64(33037), np.int64(49078), np.int64(23208), np.int64(29912), np.int64(41475), np.int64(13447), np.int64(9199), np.int64(39269), np.int64(13527), np.int64(23119), np.int64(28754), np.int64(1611))","(0, 0, 0, 0, 0, 0, 1, 0, 1, 0, 0, 0, 0, 1, 0, 0, 0, 0, 0, 0, 1, 0, 1, 1, 0, 1, 0, 0, 1, 1, 0, 0, 1, 0, 1, 1, 0, 0, 0, 0, 0, 0, 0, 1, 1, 0, 1, 0, 0, 1)"
3.424799,16,156.318109,1,"(np.int64(20286), np.int64(32748), np.int64(41589), np.int64(47985), np.int64(24232), np.int64(48053), np.int64(698), np.int64(16101), np.int64(42470), np.int64(6406), np.int64(34157), np.int64(47412), np.int64(24611), np.int64(29647), np.int64(8017), np.int64(43825))","(1, 0, 0, 0, 0, 0, 1, 1, 0, 1, 0, 0, 1, 0, 1, 0)"
3.688552,16,156.518023,1,"(np.int64(29515), np.int64(9475), np.int64(15600), np.int64(49734), np.int64(15793), np.int64(22981), np.int64(9243), np.int64(33735), np.int64(30205), np.int64(8657), np.int64(46573), np.int64(39283), np.int64(27801), np.int64(6287), np.int64(23802), np.int64(4749))","(0, 1, 1, 0, 0, 0, 1, 0, 0, 0, 0, 0, 0, 1, 1, 1)"
10.801504,50,157.189994,1,"(np.int64(28450), np.int64(27630), np.int64(8939), np.int64(33715), np.int64(29453), np.int64(38394), np.int64(31597), np.int64(22294), np.int64(2736), np.int64(32944), np.int64(13118), np.int64(19156), np.int64(4307), np.int64(18959), np.int64(8076), np.int64(40394), np.int64(19887), np.int64(242), np.int64(49248), np.int64(48169), np.int64(35739), np.int64(14934), np.int64(35833), np.int64(11163), np.int64(13560), np.int64(18808), np.int64(12132), np.int64(15229), np.int64(4709), np.int64(25778), np.int64(39166), np.int64(13397), np.int64(35964), np.int64(45894), np.int64(30132), np.int64(40576), np.int64(29783), np.int64(42714), np.int64(8966), np.int64(43643), np.int64(12321), np.int64(25886), np.int64(26693), np.int64(25083), np.int64(20356), np.int64(24453), np.int64(1630), np.int64(37912), np.int64(33081), np.int64(42733))","(0, 0, 0, 0, 0, 0, 0, 0, 1, 0, 1, 1, 1, 1, 1, 0, 0, 1, 0, 0, 0, 0, 0, 1, 1, 0, 1, 1, 0, 0, 0, 1, 0, 0, 0, 0, 0, 0, 1, 0, 1, 0, 0, 1, 1, 1, 1, 0, 0, 0)"
13.271343,50,157.843143,1,"(np.int64(32852), np.int64(30564), np.int64(22792), np.int64(33047), np.int64(15495), np.int64(6804), np.int64(40069), np.int64(25258), np.int64(20526), np.int64(36823), np.int64(23646), np.int64(24439), np.int64(11541), np.int64(40877), np.int64(35725), np.int64(13546), np.int64(49422), np.int64(33248), np.int64(17545), np.int64(43033), np.int64(40711), np.int64(16714), np.int64(9133), np.int64(49847), np.int64(10284), np.int64(388), np.int64(15382), np.int64(39521), np.int64(369), np.int64(18211), np.int64(37466), np.int64(11743), np.int64(41910), np.int64(20171), np.int64(10601), np.int64(9733), np.int64(24018), np.int64(12259), np.int64(5283), np.int64(25985), np.int64(11223), np.int64(22139), np.int64(48920), np.int64(12481), np.int64(29958), np.int64(6630), np.int64(21287), np.int64(28194), np.int64(32192), np.int64(33311))","(0, 0, 0, 0, 1, 1, 0, 0, 0, 0, 1, 1, 1, 0, 0, 1, 0, 0, 0, 0, 0, 1, 0, 0, 1, 1, 1, 0, 1, 0, 0, 1, 0, 0, 1, 1, 1, 1, 1, 0, 1, 1, 0, 1, 0, 1, 0, 0, 0, 0)"
9.10552,39,158.292487,1,"(np.int64(4491), np.int64(17540), np.int64(46786), np.int64(43627), np.int64(48487), np.int64(40546), np.int64(1722), np.int64(42057), np.int64(49619), np.int64(47559), np.int64(2781), np.int64(3888), np.int64(11), np.int64(1905), np.int64(30232), np.int64(28182), np.int64(3287), np.int64(44592), np.int64(24909), np.int64(33424), np.int64(23458), np.int64(27318), np.int64(32355), np.int64(19613), np.int64(14324), np.int64(27240), np.int64(23267), np.int64(10024), np.int64(34671), np.int64(110), np.int64(41351), np.int64(6878), np.int64(21000), np.int64(33776), np.int64(47676), np.int64(47771), np.int64(43027), np.int64(46491), np.int64(26672))","(1, 0, 0, 0, 0, 0, 1, 0, 0, 0, 1, 1, 1, 1, 0, 0, 1, 0, 0, 0, 1, 1, 0, 1, 1, 0, 0, 1, 0, 0, 0, 1, 1, 0, 0, 0, 0, 0, 0)"
12.293531,50,158.896406,1,"(np.int64(22655), np.int64(20522), np.int64(30224), np.int64(47448), np.int64(28756), np.int64(35324), np.int64(43056), np.int64(8762), np.int64(15510), np.int64(20737), np.int64(28288), np.int64(9020), np.int64(18264), np.int64(47651), np.int64(49007), np.int64(2333), np.int64(41277), np.int64(33883), np.int64(2860), np.int64(48280), np.int64(13688), np.int64(4658), np.int64(46858), np.int64(16167), np.int64(18879), np.int64(39179), np.int64(46169), np.int64(17093), np.int64(10138), np.int64(3569), np.int64(25473), np.int64(8065), np.int64(419), np.int64(24235), np.int64(35928), np.int64(30390), np.int64(13525), np.int64(20953), np.int64(14914), np.int64(22711), np.int64(33070), np.int64(39590), np.int64(12839), np.int64(12409), np.int64(5925), np.int64(39568), np.int64(28389), np.int64(39949), np.int64(21783), np.int64(22052))","(0, 0, 0, 0, 0, 0, 0, 1, 1, 1, 0, 1, 0, 0, 0, 0, 0, 0, 1, 0, 0, 1, 0, 0, 0, 0, 0, 1, 1, 1, 1, 1, 1, 0, 0, 0, 1, 1, 1, 0, 1, 0, 1, 1, 1, 0, 0, 0, 1, 0)"
7.002337,18,159.11269,1,"(np.int64(1826), np.int64(28530), np.int64(29304), np.int64(21386), np.int64(20706), np.int64(3623), np.int64(18681), np.int64(7257), np.int64(7754), np.int64(35862), np.int64(48935), np.int64(27259), np.int64(28920), np.int64(47679), np.int64(46305), np.int64(15687), np.int64(48664), np.int64(6568))","(1, 0, 1, 1, 1, 1, 0, 1, 1, 0, 0, 1, 1, 0, 0, 1, 0, 1)"
9.188871,50,159.749796,1,"(np.int64(39396), np.int64(24835), np.int64(8864), np.int64(26316), np.int64(44604), np.int64(40003), np.int64(23506), np.int64(29348), np.int64(10279), np.int64(38246), np.int64(27444), np.int64(36172), np.int64(27885), np.int64(32922), np.int64(28584), np.int64(22927), np.int64(29938), np.int64(19456), np.int64(36865), np.int64(23145), np.int64(34777), np.int64(9003), np.int64(22905), np.int64(12523), np.int64(29012), np.int64(2790), np.int64(48783), np.int64(20184), np.int64(49452), np.int64(41957), np.int64(12404), np.int64(22748), np.int64(31656), np.int64(47624), np.int64(38811), np.int64(17728), np.int64(1088), np.int64(9346), np.int64(23793), np.int64(7343), np.int64(45024), np.int64(36525), np.int64(9717), np.int64(45797), np.int64(47594), np.int64(49692), np.int64(47422), np.int64(3384), np.int64(21635), np.int64(13943))","(0, 0, 0, 0, 0, 0, 1, 1, 1, 0, 0, 0, 0, 0, 1, 0, 0, 1, 0, 0, 0, 0, 0, 1, 1, 1, 0, 0, 0, 0, 0, 0, 0, 0, 0, 0, 1, 1, 1, 1, 0, 0, 1, 0, 0, 0, 0, 1, 0, 1)"
8.508927,50,160.330536,1,"(np.int64(21567), np.int64(14368), np.int64(6450), np.int64(29121), np.int64(10227), np.int64(40255), np.int64(48657), np.int64(42771), np.int64(46557), np.int64(10110), np.int64(33851), np.int64(33740), np.int64(23367), np.int64(3951), np.int64(35172), np.int64(32668), np.int64(8009), np.int64(2776), np.int64(36388), np.int64(3014), np.int64(34260), np.int64(25914), np.int64(42002), np.int64(2191), np.int64(4957), np.int64(23396), np.int64(23687), np.int64(32277), np.int64(17799), np.int64(49761), np.int64(32852), np.int64(22947), np.int64(27547), np.int64(18636), np.int64(7448), np.int64(19951), np.int64(37779), np.int64(4535), np.int64(24769), np.int64(21281), np.int64(43467), np.int64(21068), np.int64(36859), np.int64(35836), np.int64(8880), np.int64(41567), np.int64(11341), np.int64(18206), np.int64(26885), np.int64(38606))","(0, 1, 0, 1, 0, 0, 0, 0, 0, 1, 0, 0, 0, 1, 0, 0, 1, 1, 0, 1, 0, 0, 0, 0, 1, 0, 0, 0, 0, 0, 0, 0, 0, 0, 1, 1, 0, 1, 0, 1, 0, 1, 0, 0, 1, 0, 0, 0, 0, 0)"
11.471753,50,160.938695,1,"(np.int64(38058), np.int64(36395), np.int64(41478), np.int64(48787), np.int64(21088), np.int64(2225), np.int64(48059), np.int64(39571), np.int64(11892), np.int64(3345), np.int64(43358), np.int64(11338), np.int64(35107), np.int64(19876), np.int64(38150), np.int64(16346), np.int64(16444), np.int64(17296), np.int64(33861), np.int64(29095), np.int64(25267), np.int64(16399), np.int64(44276), np.int64(47446), np.int64(42942), np.int64(50011), np.int64(38860), np.int64(11432), np.int64(24170), np.int64(48961), np.int64(40741), np.int64(42580), np.int64(8157), np.int64(4874), np.int64(36627), np.int64(3116), np.int64(13249), np.int64(3942), np.int64(29078), np.int64(21551), np.int64(45052), np.int64(40121), np.int64(29751), np.int64(41878), np.int64(24503), np.int64(23749), np.int64(6214), np.int64(24688), np.int64(38409), np.int64(15887))","(0, 0, 0, 0, 1, 0, 0, 0, 1, 1, 0, 1, 0, 0, 0, 1, 1, 0, 0, 1, 1, 0, 0, 0, 0, 0, 0, 1, 0, 0, 0, 0, 1, 1, 0, 1, 1, 1, 0, 0, 0, 0, 0, 0, 1, 1, 1, 1, 0, 1)"
4.045451,25,161.227495,1,"(np.int64(27672), np.int64(22001), np.int64(19671), np.int64(9056), np.int64(1447), np.int64(27151), np.int64(17428), np.int64(38865), np.int64(34507), np.int64(7533), np.int64(38789), np.int64(25545), np.int64(41400), np.int64(28897), np.int64(47634), np.int64(38054), np.int64(17861), np.int64(42424), np.int64(827), np.int64(5897), np.int64(46085), np.int64(21862), np.int64(24232), np.int64(44253), np.int64(35022))","(0, 1, 0, 1, 1, 1, 0, 0, 0, 0, 0, 1, 0, 0, 0, 0, 0, 0, 0, 1, 0, 1, 0, 0, 0)"
5.917436,27,161.533221,1,"(np.int64(5643), np.int64(1494), np.int64(44617), np.int64(9377), np.int64(29678), np.int64(35867), np.int64(43315), np.int64(29893), np.int64(32870), np.int64(49062), np.int64(29673), np.int64(28257), np.int64(42384), np.int64(6582), np.int64(43459), np.int64(39429), np.int64(23454), np.int64(44053), np.int64(2312), np.int64(12307), np.int64(30536), np.int64(9417), np.int64(2763), np.int64(8265), np.int64(39428), np.int64(8706), np.int64(20420))","(1, 1, 0, 1, 0, 0, 0, 0, 0, 0, 0, 0, 0, 1, 0, 0, 1, 0, 0, 1, 0, 1, 1, 1, 0, 0, 1)"
6.988782,23,161.788302,1,"(np.int64(29981), np.int64(42696), np.int64(36992), np.int64(29562), np.int64(7463), np.int64(40612), np.int64(12857), np.int64(44696), np.int64(20699), np.int64(26178), np.int64(16114), np.int64(9451), np.int64(40806), np.int64(10060), np.int64(1008), np.int64(3336), np.int64(5215), np.int64(33400), np.int64(25636), np.int64(43082), np.int64(21357), np.int64(9418), np.int64(49643))","(0, 0, 0, 0, 1, 0, 1, 0, 1, 1, 0, 1, 0, 1, 1, 1, 0, 0, 1, 0, 1, 1, 0)"
10.134496,50,162.337181,1,"(np.int64(43164), np.int64(17638), np.int64(13031), np.int64(24174), np.int64(2578), np.int64(25140), np.int64(19438), np.int64(21700), np.int64(36978), np.int64(33149), np.int64(17861), np.int64(41360), np.int64(9168), np.int64(42010), np.int64(46271), np.int64(6963), np.int64(22442), np.int64(19558), np.int64(9780), np.int64(4873), np.int64(41039), np.int64(48182), np.int64(20255), np.int64(15055), np.int64(34439), np.int64(33895), np.int64(37007), np.int64(23384), np.int64(38094), np.int64(12483), np.int64(31771), np.int64(11187), np.int64(49403), np.int64(4044), np.int64(40290), np.int64(17252), np.int64(36314), np.int64(35905), np.int64(30969), np.int64(14825), np.int64(22903), np.int64(33248), np.int64(2925), np.int64(4021), np.int64(14784), np.int64(8887), np.int64(35328), np.int64(11783), np.int64(44594), np.int64(19011))","(0, 0, 1, 0, 1, 1, 0, 1, 0, 0, 0, 0, 0, 0, 0, 1, 0, 0, 1, 1, 0, 0, 1, 1, 0, 0, 0, 0, 0, 1, 0, 1, 0, 1, 0, 0, 0, 0, 0, 1, 0, 0, 1, 0, 1, 1, 0, 1, 0, 0)"
4.940904,22,162.575986,1,"(np.int64(34530), np.int64(45136), np.int64(9803), np.int64(30005), np.int64(37071), np.int64(20135), np.int64(32282), np.int64(44626), np.int64(24909), np.int64(1501), np.int64(132), np.int64(18018), np.int64(5992), np.int64(18055), np.int64(32228), np.int64(29700), np.int64(30819), np.int64(24760), np.int64(15110), np.int64(21467), np.int64(7355), np.int64(34171))","(0, 0, 1, 0, 0, 1, 0, 0, 0, 1, 1, 0, 1, 0, 0, 0, 0, 0, 1, 1, 1, 0)"
3.161234,9,162.680613,1,"(np.int64(28461), np.int64(7551), np.int64(49675), np.int64(24727), np.int64(4747), np.int64(49603), np.int64(38659), np.int64(26184), np.int64(7564))","(0, 1, 0, 1, 1, 0, 0, 1, 1)"
3.584448,22,162.92734,1,"(np.int64(43844), np.int64(18444), np.int64(7301), np.int64(30171), np.int64(9919), np.int64(42283), np.int64(30588), np.int64(602), np.int64(29417), np.int64(35264), np.int64(25766), np.int64(46860), np.int64(38795), np.int64(28189), np.int64(35329), np.int64(45512), np.int64(16401), np.int64(24426), np.int64(4192), np.int64(374), np.int64(37965), np.int64(2741))","(0, 0, 1, 0, 1, 0, 0, 1, 0, 0, 0, 0, 0, 0, 0, 0, 0, 0, 1, 1, 0, 1)"
13.830436,48,163.495353,1,"(np.int64(45702), np.int64(37304), np.int64(9437), np.int64(44506), np.int64(35729), np.int64(40301), np.int64(7063), np.int64(26668), np.int64(41141), np.int64(21026), np.int64(26793), np.int64(44859), np.int64(37090), np.int64(5203), np.int64(2025), np.int64(39531), np.int64(11014), np.int64(33914), np.int64(46198), np.int64(3941), np.int64(14203), np.int64(17662), np.int64(35759), np.int64(5285), np.int64(2648), np.int64(29013), np.int64(45109), np.int64(45405), np.int64(11195), np.int64(32035), np.int64(32289), np.int64(7862), np.int64(27514), np.int64(1410), np.int64(3332), np.int64(9389), np.int64(15946), np.int64(28766), np.int64(14489), np.int64(41985), np.int64(11467), np.int64(31473), np.int64(35059), np.int64(40925), np.int64(37554), np.int64(6345), np.int64(25512), np.int64(26400))","(0, 0, 1, 0, 0, 0, 1, 0, 0, 1, 0, 0, 0, 1, 1, 0, 1, 0, 0, 1, 1, 0, 0, 1, 1, 1, 0, 0, 1, 0, 0, 1, 0, 0, 1, 1, 1, 1, 1, 0, 1, 1, 0, 0, 0, 0, 1, 1)"
6.190163,18,163.69779,1,"(np.int64(32835), np.int64(18286), np.int64(16445), np.int64(13173), np.int64(32488), np.int64(42437), np.int64(6446), np.int64(11724), np.int64(2813), np.int64(4201), np.int64(1484), np.int64(13121), np.int64(5416), np.int64(48367), np.int64(10653), np.int64(25939), np.int64(48944), np.int64(27819))","(0, 0, 1, 1, 0, 0, 1, 1, 1, 1, 1, 1, 1, 0, 1, 0, 0, 0)"
4.888366,14,163.848872,1,"(np.int64(20626), np.int64(35246), np.int64(13986), np.int64(8703), np.int64(364), np.int64(20943), np.int64(17996), np.int64(45926), np.int64(5728), np.int64(15079), np.int64(23129), np.int64(25227), np.int64(10520), np.int64(29511))","(1, 0, 1, 0, 1, 1, 0, 0, 1, 1, 0, 1, 1, 0)"
13.969103,50,164.457598,1,"(np.int64(49556), np.int64(44349), np.int64(45707), np.int64(35573), np.int64(4406), np.int64(2131), np.int64(11900), np.int64(29962), np.int64(5658), np.int64(31416), np.int64(2739), np.int64(2906), np.int64(7656), np.int64(13581), np.int64(49537), np.int64(9047), np.int64(15059), np.int64(18228), np.int64(23855), np.int64(31185), np.int64(34513), np.int64(19039), np.int64(9318), np.int64(27324), np.int64(45772), np.int64(27404), np.int64(8869), np.int64(32870), np.int64(44771), np.int64(32933), np.int64(26226), np.int64(42558), np.int64(25166), np.int64(7384), np.int64(40459), np.int64(48329), np.int64(3624), np.int64(32098), np.int64(36043), np.int64(35829), np.int64(31183), np.int64(17200), np.int64(37399), np.int64(42059), np.int64(20066), np.int64(6424), np.int64(11029), np.int64(7650), np.int64(7506), np.int64(32434))","(0, 0, 0, 0, 1, 1, 1, 0, 1, 1, 1, 1, 1, 1, 0, 0, 1, 0, 1, 0, 0, 1, 1, 1, 0, 0, 0, 0, 0, 0, 1, 0, 0, 1, 0, 0, 1, 0, 0, 0, 0, 0, 0, 0, 1, 1, 1, 1, 1, 0)"
14.703904,50,165.001741,1,"(np.int64(18908), np.int64(1598), np.int64(8826), np.int64(16764), np.int64(36945), np.int64(44235), np.int64(12557), np.int64(36798), np.int64(5850), np.int64(3806), np.int64(22935), np.int64(9057), np.int64(13465), np.int64(44106), np.int64(4867), np.int64(2972), np.int64(19805), np.int64(25820), np.int64(36130), np.int64(339), np.int64(36369), np.int64(5558), np.int64(15014), np.int64(22513), np.int64(34384), np.int64(46886), np.int64(23834), np.int64(33218), np.int64(43579), np.int64(30892), np.int64(24707), np.int64(12844), np.int64(12111), np.int64(46769), np.int64(29400), np.int64(38713), np.int64(46303), np.int64(45414), np.int64(8675), np.int64(29328), np.int64(39519), np.int64(36449), np.int64(4660), np.int64(33030), np.int64(23746), np.int64(19896), np.int64(21272), np.int64(31017), np.int64(24352), np.int64(29555))","(0, 1, 1, 1, 0, 0, 1, 0, 1, 1, 0, 0, 1, 0, 1, 1, 1, 0, 0, 1, 0, 1, 1, 0, 0, 0, 1, 0, 0, 0, 1, 1, 1, 0, 1, 0, 0, 0, 1, 1, 0, 0, 1, 0, 1, 0, 1, 0, 0, 0)"
12.225382,46,165.569793,1,"(np.int64(6308), np.int64(36297), np.int64(12429), np.int64(32540), np.int64(20038), np.int64(7114), np.int64(48962), np.int64(13265), np.int64(33532), np.int64(22446), np.int64(47254), np.int64(47415), np.int64(45804), np.int64(20910), np.int64(12780), np.int64(13164), np.int64(9001), np.int64(25720), np.int64(34571), np.int64(48340), np.int64(26889), np.int64(6763), np.int64(25903), np.int64(6822), np.int64(8763), np.int64(9276), np.int64(19280), np.int64(41362), np.int64(8242), np.int64(18048), np.int64(27141), np.int64(41085), np.int64(34394), np.int64(7822), np.int64(40571), np.int64(7667), np.int64(26790), np.int64(21597), np.int64(31715), np.int64(41984), np.int64(26320), np.int64(40199), np.int64(5700), np.int64(27747), np.int64(35685), np.int64(23910))","(1, 0, 1, 0, 1, 1, 0, 1, 0, 0, 0, 0, 0, 1, 1, 1, 1, 1, 0, 0, 0, 1, 0, 1, 1, 1, 1, 0, 1, 0, 0, 0, 0, 1, 0, 1, 0, 0, 0, 0, 0, 0, 1, 0, 0, 1)"
4.204061,17,165.833161,1,"(np.int64(26257), np.int64(11766), np.int64(1155), np.int64(32614), np.int64(8860), np.int64(27990), np.int64(34043), np.int64(42560), np.int64(24817), np.int64(33807), np.int64(48242), np.int64(10756), np.int64(7249), np.int64(24749), np.int64(43865), np.int64(48338), np.int64(39799))","(0, 1, 1, 0, 1, 1, 0, 0, 0, 0, 1, 1, 1, 0, 0, 0, 0)"
11.604434,50,166.468706,1,"(np.int64(44972), np.int64(38210), np.int64(15436), np.int64(7032), np.int64(13830), np.int64(43412), np.int64(40842), np.int64(25685), np.int64(12835), np.int64(36513), np.int64(15842), np.int64(951), np.int64(48171), np.int64(9045), np.int64(47921), np.int64(43451), np.int64(1753), np.int64(24881), np.int64(31770), np.int64(25153), np.int64(8066), np.int64(16495), np.int64(30318), np.int64(14697), np.int64(1912), np.int64(27788), np.int64(46936), np.int64(15989), np.int64(39222), np.int64(31885), np.int64(14820), np.int64(45734), np.int64(2470), np.int64(41226), np.int64(30727), np.int64(33346), np.int64(32730), np.int64(17806), np.int64(44099), np.int64(5657), np.int64(9649), np.int64(26005), np.int64(20256), np.int64(23088), np.int64(39235), np.int64(44839), np.int64(33171), np.int64(48006), np.int64(30991), np.int64(14245))","(0, 0, 1, 1, 1, 0, 0, 1, 1, 0, 1, 1, 0, 1, 0, 0, 1, 0, 0, 1, 1, 0, 0, 1, 1, 1, 0, 1, 0, 0, 1, 0, 0, 0, 0, 0, 0, 0, 0, 1, 1, 0, 0, 0, 0, 0, 0, 0, 0, 1)"
11.619007,50,167.115549,1,"(np.int64(49699), np.int64(34509), np.int64(18192), np.int64(17151), np.int64(2052), np.int64(41727), np.int64(1746), np.int64(33249), np.int64(24217), np.int64(49088), np.int64(28771), np.int64(47339), np.int64(12701), np.int64(31495), np.int64(5709), np.int64(34498), np.int64(45100), np.int64(4975), np.int64(7198), np.int64(39888), np.int64(27802), np.int64(22528), np.int64(17625), np.int64(18187), np.int64(245), np.int64(44282), np.int64(35020), np.int64(22281), np.int64(626), np.int64(6423), np.int64(28158), np.int64(10178), np.int64(25445), np.int64(21117), np.int64(7902), np.int64(12854), np.int64(39496), np.int64(9154), np.int64(32208), np.int64(16925), np.int64(28637), np.int64(28087), np.int64(13717), np.int64(15507), np.int64(4402), np.int64(40644), np.int64(15597), np.int64(13473), np.int64(41072), np.int64(46709))","(0, 0, 0, 0, 1, 0, 1, 0, 0, 0, 0, 0, 1, 0, 1, 0, 0, 1, 1, 0, 0, 0, 0, 0, 1, 0, 0, 0, 1, 1, 0, 1, 0, 1, 1, 1, 0, 1, 0, 1, 1, 0, 0, 1, 1, 0, 0, 1, 0, 0)"
10.468147,50,167.825531,1,"(np.int64(16825), np.int64(48131), np.int64(11903), np.int64(30380), np.int64(40861), np.int64(34954), np.int64(9205), np.int64(43432), np.int64(36988), np.int64(15398), np.int64(45483), np.int64(43019), np.int64(44086), np.int64(9023), np.int64(13544), np.int64(10805), np.int64(17011), np.int64(19237), np.int64(44816), np.int64(35847), np.int64(25104), np.int64(22667), np.int64(33059), np.int64(36706), np.int64(42746), np.int64(44450), np.int64(20439), np.int64(49176), np.int64(38086), np.int64(7063), np.int64(30701), np.int64(7408), np.int64(32902), np.int64(42504), np.int64(32161), np.int64(48756), np.int64(12967), np.int64(42097), np.int64(16590), np.int64(1349), np.int64(13231), np.int64(11443), np.int64(28436), np.int64(40197), np.int64(18591), np.int64(45403), np.int64(6280), np.int64(15345), np.int64(40741), np.int64(44136))","(0, 0, 1, 0, 0, 0, 1, 0, 0, 1, 0, 0, 0, 1, 1, 1, 1, 0, 0, 0, 0, 0, 0, 0, 0, 0, 0, 0, 0, 1, 0, 1, 0, 0, 0, 0, 1, 0, 1, 1, 1, 1, 0, 0, 1, 0, 1, 1, 0, 0)"
10.559725,50,168.493658,1,"(np.int64(8456), np.int64(37690), np.int64(36458), np.int64(11181), np.int64(48443), np.int64(32078), np.int64(36418), np.int64(35171), np.int64(16328), np.int64(3599), np.int64(35163), np.int64(38046), np.int64(18025), np.int64(13271), np.int64(32452), np.int64(45130), np.int64(10434), np.int64(30494), np.int64(12998), np.int64(7114), np.int64(21745), np.int64(42763), np.int64(25380), np.int64(984), np.int64(28318), np.int64(13172), np.int64(40632), np.int64(12360), np.int64(38010), np.int64(19088), np.int64(29015), np.int64(32009), np.int64(47764), np.int64(21412), np.int64(25689), np.int64(43541), np.int64(25114), np.int64(12120), np.int64(33286), np.int64(3587), np.int64(39771), np.int64(12645), np.int64(49581), np.int64(39967), np.int64(41061), np.int64(37781), np.int64(17345), np.int64(38764), np.int64(39024), np.int64(41555))","(1, 0, 0, 1, 0, 0, 0, 0, 1, 1, 0, 0, 0, 1, 0, 0, 1, 0, 1, 1, 1, 0, 1, 1, 0, 0, 0, 1, 0, 0, 1, 0, 0, 1, 0, 0, 0, 1, 0, 1, 0, 1, 0, 0, 0, 0, 0, 0, 0, 0)"
3.073747,15,168.658923,1,"(np.int64(49771), np.int64(41884), np.int64(20674), np.int64(16392), np.int64(9796), np.int64(44691), np.int64(27101), np.int64(599), np.int64(48762), np.int64(13178), np.int64(33909), np.int64(30554), np.int64(24837), np.int64(21502), np.int64(43565))","(0, 0, 1, 0, 1, 0, 1, 1, 0, 1, 0, 0, 0, 0, 0)"
5.582259,25,168.934946,1,"(np.int64(19230), np.int64(30583), np.int64(28319), np.int64(19670), np.int64(49090), np.int64(21397), np.int64(12071), np.int64(31835), np.int64(21548), np.int64(38768), np.int64(36952), np.int64(15600), np.int64(49505), np.int64(15354), np.int64(26047), np.int64(28036), np.int64(38210), np.int64(49976), np.int64(31476), np.int64(26039), np.int64(40664), np.int64(28106), np.int64(9824), np.int64(30673), np.int64(6208))","(1, 0, 0, 1, 0, 1, 1, 0, 0, 0, 0, 1, 0, 1, 0, 0, 0, 0, 1, 0, 0, 0, 1, 0, 1)"
12.358518,45,169.480435,1,"(np.int64(9354), np.int64(12800), np.int64(8465), np.int64(38634), np.int64(41196), np.int64(8539), np.int64(46098), np.int64(35416), np.int64(47161), np.int64(23331), np.int64(17419), np.int64(4514), np.int64(16057), np.int64(48695), np.int64(13458), np.int64(38369), np.int64(26472), np.int64(21941), np.int64(35701), np.int64(19388), np.int64(47161), np.int64(31947), np.int64(6704), np.int64(32137), np.int64(25459), np.int64(12112), np.int64(7954), np.int64(44960), np.int64(5225), np.int64(2788), np.int64(26152), np.int64(38658), np.int64(5357), np.int64(29018), np.int64(33958), np.int64(46764), np.int64(30320), np.int64(36278), np.int64(33784), np.int64(30256), np.int64(26051), np.int64(21289), np.int64(18798), np.int64(15288), np.int64(1822))","(1, 1, 1, 0, 0, 0, 0, 0, 0, 1, 0, 1, 1, 0, 1, 0, 1, 0, 0, 1, 0, 0, 1, 0, 0, 1, 1, 0, 1, 1, 1, 0, 1, 1, 0, 0, 0, 0, 0, 0, 0, 1, 0, 1, 1)"
7.642302,50,170.051297,1,"(np.int64(41342), np.int64(26590), np.int64(44497), np.int64(10820), np.int64(48177), np.int64(30055), np.int64(6870), np.int64(34766), np.int64(44818), np.int64(45396), np.int64(22966), np.int64(23466), np.int64(14532), np.int64(13620), np.int64(30597), np.int64(28577), np.int64(27471), np.int64(32122), np.int64(17452), np.int64(47698), np.int64(45692), np.int64(47490), np.int64(5326), np.int64(45849), np.int64(29118), np.int64(777), np.int64(27234), np.int64(46137), np.int64(29809), np.int64(49049), np.int64(43819), np.int64(17692), np.int64(19778), np.int64(39425), np.int64(33198), np.int64(28559), np.int64(25345), np.int64(37289), np.int64(11427), np.int64(3037), np.int64(15593), np.int64(31930), np.int64(42752), np.int64(27928), np.int64(43057), np.int64(31749), np.int64(38812), np.int64(40630), np.int64(40024), np.int64(10366))","(0, 0, 0, 1, 0, 0, 1, 0, 0, 0, 0, 0, 0, 1, 0, 0, 0, 0, 0, 0, 0, 0, 1, 0, 1, 1, 1, 0, 0, 0, 0, 0, 1, 0, 0, 0, 0, 0, 1, 1, 1, 0, 0, 0, 0, 0, 0, 0, 0, 1)"
8.487556,47,170.692738,1,"(np.int64(32209), np.int64(25653), np.int64(24073), np.int64(7434), np.int64(21322), np.int64(49926), np.int64(22022), np.int64(12966), np.int64(25690), np.int64(39153), np.int64(35605), np.int64(6354), np.int64(22400), np.int64(23069), np.int64(31090), np.int64(48019), np.int64(2362), np.int64(27809), np.int64(43378), np.int64(48829), np.int64(43387), np.int64(23583), np.int64(4893), np.int64(9615), np.int64(39623), np.int64(24008), np.int64(46722), np.int64(6659), np.int64(37900), np.int64(40275), np.int64(20453), np.int64(48699), np.int64(16021), np.int64(33266), np.int64(15967), np.int64(33357), np.int64(41085), np.int64(34407), np.int64(40922), np.int64(35301), np.int64(2700), np.int64(35294), np.int64(39541), np.int64(4159), np.int64(49931), np.int64(4429), np.int64(31535))","(0, 0, 1, 1, 1, 0, 1, 1, 1, 0, 0, 1, 0, 0, 0, 0, 0, 0, 0, 0, 0, 0, 1, 1, 0, 0, 0, 1, 0, 0, 1, 0, 0, 0, 0, 0, 0, 0, 0, 0, 1, 0, 0, 1, 0, 1, 0)"
15.839089,50,171.360562,1,"(np.int64(26959), np.int64(15235), np.int64(36183), np.int64(43714), np.int64(3826), np.int64(10186), np.int64(10809), np.int64(35583), np.int64(22230), np.int64(15415), np.int64(43338), np.int64(17920), np.int64(8447), np.int64(11085), np.int64(20048), np.int64(1391), np.int64(42426), np.int64(5897), np.int64(19155), np.int64(29018), np.int64(34861), np.int64(43343), np.int64(21026), np.int64(28532), np.int64(49013), np.int64(34358), np.int64(14486), np.int64(18265), np.int64(10020), np.int64(38245), np.int64(28832), np.int64(2168), np.int64(13151), np.int64(12327), np.int64(47808), np.int64(20249), np.int64(13186), np.int64(23831), np.int64(7846), np.int64(14253), np.int64(12243), np.int64(11223), np.int64(10977), np.int64(39076), np.int64(27825), np.int64(41992), np.int64(15536), np.int64(15884), np.int64(40287), np.int64(19117))","(0, 1, 0, 0, 1, 1, 1, 0, 0, 0, 0, 0, 1, 1, 0, 1, 0, 1, 1, 1, 0, 0, 1, 0, 0, 0, 1, 0, 1, 0, 1, 1, 1, 1, 0, 1, 1, 1, 1, 1, 0, 1, 1, 0, 0, 0, 1, 0, 0, 1)"
13.402281,50,172.034839,1,"(np.int64(19177), np.int64(28138), np.int64(37674), np.int64(26848), np.int64(46512), np.int64(1046), np.int64(45088), np.int64(26321), np.int64(37541), np.int64(15906), np.int64(4472), np.int64(14136), np.int64(43668), np.int64(30907), np.int64(19184), np.int64(44635), np.int64(24803), np.int64(3210), np.int64(12223), np.int64(37015), np.int64(23063), np.int64(24932), np.int64(24168), np.int64(4888), np.int64(13208), np.int64(35459), np.int64(7833), np.int64(5077), np.int64(28259), np.int64(10073), np.int64(43900), np.int64(23149), np.int64(36893), np.int64(30352), np.int64(1594), np.int64(19342), np.int64(16201), np.int64(4490), np.int64(18665), np.int64(46461), np.int64(17232), np.int64(36617), np.int64(3942), np.int64(11331), np.int64(1603), np.int64(39117), np.int64(44934), np.int64(15824), np.int64(43891), np.int64(27548))","(1, 1, 0, 0, 0, 1, 0, 0, 0, 1, 1, 1, 0, 0, 1, 0, 0, 1, 1, 0, 0, 1, 0, 1, 1, 0, 0, 1, 0, 1, 0, 0, 0, 0, 1, 1, 1, 0, 0, 0, 0, 0, 1, 1, 1, 0, 0, 1, 0, 0)"
4.342231,14,172.195829,1,"(np.int64(21668), np.int64(17886), np.int64(22776), np.int64(12774), np.int64(761), np.int64(5902), np.int64(38691), np.int64(12569), np.int64(34689), np.int64(40133), np.int64(13812), np.int64(9256), np.int64(7485), np.int64(48000))","(1, 0, 0, 1, 1, 1, 0, 1, 0, 0, 0, 1, 1, 0)"
14.114199,50,172.834777,1,"(np.int64(28543), np.int64(33543), np.int64(45253), np.int64(40583), np.int64(16434), np.int64(41608), np.int64(3424), np.int64(2800), np.int64(12813), np.int64(44666), np.int64(31256), np.int64(18710), np.int64(44537), np.int64(4758), np.int64(7091), np.int64(43355), np.int64(11560), np.int64(20578), np.int64(3875), np.int64(357), np.int64(30345), np.int64(35941), np.int64(20840), np.int64(11066), np.int64(33266), np.int64(19441), np.int64(47372), np.int64(36885), np.int64(36159), np.int64(10321), np.int64(21000), np.int64(13664), np.int64(45021), np.int64(813), np.int64(45860), np.int64(29793), np.int64(47673), np.int64(49071), np.int64(36998), np.int64(25711), np.int64(26281), np.int64(11549), np.int64(14443), np.int64(28814), np.int64(41004), np.int64(45136), np.int64(19618), np.int64(46554), np.int64(6575), np.int64(10173))","(1, 0, 0, 0, 1, 0, 1, 1, 1, 0, 0, 0, 0, 1, 1, 0, 1, 0, 1, 1, 0, 0, 1, 1, 0, 1, 0, 0, 0, 1, 1, 1, 0, 1, 0, 1, 0, 0, 0, 0, 0, 1, 1, 1, 0, 0, 0, 0, 1, 1)"
2.713354,11,172.961954,1,"(np.int64(18699), np.int64(27880), np.int64(20275), np.int64(40472), np.int64(20554), np.int64(35600), np.int64(40143), np.int64(26295), np.int64(15879), np.int64(25579), np.int64(14342))","(0, 1, 1, 0, 1, 0, 0, 1, 1, 0, 0)"
16.087364,50,173.559688,1,"(np.int64(29836), np.int64(37197), np.int64(10228), np.int64(12428), np.int64(14366), np.int64(47886), np.int64(40195), np.int64(11037), np.int64(45666), np.int64(9668), np.int64(15346), np.int64(27728), np.int64(39778), np.int64(1261), np.int64(14676), np.int64(7283), np.int64(43168), np.int64(2873), np.int64(43965), np.int64(37251), np.int64(30933), np.int64(26084), np.int64(16086), np.int64(1529), np.int64(8066), np.int64(1945), np.int64(12827), np.int64(34254), np.int64(4622), np.int64(41089), np.int64(31563), np.int64(35373), np.int64(7695), np.int64(43932), np.int64(4258), np.int64(45855), np.int64(30857), np.int64(49918), np.int64(14655), np.int64(23477), np.int64(33576), np.int64(25125), np.int64(23368), np.int64(16743), np.int64(30175), np.int64(14516), np.int64(25942), np.int64(31818), np.int64(24905), np.int64(855))","(0, 0, 1, 1, 1, 0, 0, 1, 0, 1, 1, 0, 0, 1, 1, 1, 0, 1, 0, 0, 0, 1, 1, 1, 1, 1, 1, 0, 1, 0, 0, 0, 1, 0, 1, 0, 0, 0, 1, 1, 0, 1, 0, 1, 0, 1, 0, 0, 0, 1)"
7.016501,30,173.937709,1,"(np.int64(4375), np.int64(4977), np.int64(40640), np.int64(37279), np.int64(30192), np.int64(2446), np.int64(10511), np.int64(49580), np.int64(22874), np.int64(638), np.int64(23845), np.int64(24049), np.int64(49621), np.int64(5682), np.int64(32950), np.int64(43248), np.int64(38879), np.int64(38750), np.int64(45703), np.int64(4621), np.int64(31905), np.int64(22013), np.int64(39495), np.int64(34496), np.int64(23625), np.int64(36021), np.int64(3705), np.int64(5119), np.int64(39313), np.int64(2808))","(1, 1, 0, 0, 0, 0, 1, 0, 0, 1, 0, 1, 0, 0, 0, 0, 0, 0, 0, 1, 0, 1, 0, 0, 1, 0, 1, 1, 0, 1)"
15.600476,50,174.538628,1,"(np.int64(24543), np.int64(8607), np.int64(14193), np.int64(16038), np.int64(11755), np.int64(9626), np.int64(30246), np.int64(37088), np.int64(32830), np.int64(23076), np.int64(47736), np.int64(9299), np.int64(6072), np.int64(26972), np.int64(32079), np.int64(15187), np.int64(11743), np.int64(12875), np.int64(35533), np.int64(4031), np.int64(45336), np.int64(25036), np.int64(43658), np.int64(32550), np.int64(28559), np.int64(18681), np.int64(5785), np.int64(31388), np.int64(37743), np.int64(1124), np.int64(11306), np.int64(28067), np.int64(41574), np.int64(41369), np.int64(944), np.int64(8020), np.int64(9709), np.int64(39918), np.int64(45962), np.int64(13455), np.int64(9387), np.int64(47287), np.int64(37037), np.int64(7914), np.int64(20717), np.int64(13883), np.int64(10495), np.int64(5254), np.int64(20160), np.int64(41944))","(1, 1, 1, 1, 1, 0, 0, 0, 0, 0, 0, 1, 1, 0, 0, 1, 1, 1, 0, 1, 0, 1, 0, 0, 0, 0, 1, 1, 0, 0, 1, 0, 0, 0, 1, 1, 1, 0, 0, 1, 1, 0, 0, 0, 1, 1, 1, 1, 1, 0)"
12.730296,33,174.925362,1,"(np.int64(15055), np.int64(3015), np.int64(15170), np.int64(34288), np.int64(36768), np.int64(17052), np.int64(23519), np.int64(21949), np.int64(39822), np.int64(49387), np.int64(30213), np.int64(13987), np.int64(27640), np.int64(1787), np.int64(19221), np.int64(25412), np.int64(38353), np.int64(496), np.int64(28496), np.int64(1926), np.int64(7544), np.int64(19996), np.int64(12030), np.int64(24927), np.int64(38546), np.int64(45515), np.int64(39489), np.int64(9936), np.int64(6901), np.int64(45822), np.int64(16171), np.int64(3218), np.int64(11216))","(1, 1, 1, 0, 0, 1, 1, 1, 0, 0, 0, 1, 0, 0, 1, 1, 0, 1, 0, 1, 1, 1, 1, 1, 0, 0, 0, 1, 1, 0, 1, 1, 1)"
5.317286,15,175.093399,1,"(np.int64(6170), np.int64(36231), np.int64(39187), np.int64(24017), np.int64(3127), np.int64(11854), np.int64(14502), np.int64(19631), np.int64(46045), np.int64(5462), np.int64(36858), np.int64(41652), np.int64(33713), np.int64(47675), np.int64(27302))","(1, 0, 0, 1, 1, 1, 1, 1, 0, 1, 0, 0, 0, 0, 1)"
7.375185,25,175.364473,1,"(np.int64(6844), np.int64(39663), np.int64(208), np.int64(11015), np.int64(41694), np.int64(29204), np.int64(3848), np.int64(9308), np.int64(31047), np.int64(3909), np.int64(23376), np.int64(10807), np.int64(39442), np.int64(24078), np.int64(47493), np.int64(29774), np.int64(43275), np.int64(4525), np.int64(24819), np.int64(42842), np.int64(20503), np.int64(36190), np.int64(29384), np.int64(44562), np.int64(16611))","(1, 0, 1, 0, 0, 1, 1, 1, 0, 1, 0, 1, 0, 1, 0, 0, 0, 1, 1, 0, 0, 0, 1, 0, 1)"
5.503507,27,175.655628,1,"(np.int64(35709), np.int64(28392), np.int64(48908), np.int64(6835), np.int64(12302), np.int64(10686), np.int64(25405), np.int64(49446), np.int64(98), np.int64(32252), np.int64(42573), np.int64(30751), np.int64(17968), np.int64(35802), np.int64(8809), np.int64(28092), np.int64(42104), np.int64(44374), np.int64(25232), np.int64(13676), np.int64(48776), np.int64(1196), np.int64(11182), np.int64(37394), np.int64(26206), np.int64(22323), np.int64(39821))","(0, 0, 0, 1, 1, 1, 1, 0, 1, 0, 0, 0, 0, 0, 1, 0, 0, 0, 0, 1, 0, 1, 1, 0, 0, 0, 0)"
11.679606,50,176.198528,1,"(np.int64(11226), np.int64(7062), np.int64(210), np.int64(19183), np.int64(12492), np.int64(18406), np.int64(48691), np.int64(7651), np.int64(49870), np.int64(22779), np.int64(3934), np.int64(44948), np.int64(31804), np.int64(46643), np.int64(1008), np.int64(13104), np.int64(41344), np.int64(22526), np.int64(19055), np.int64(18361), np.int64(47094), np.int64(35548), np.int64(16139), np.int64(29934), np.int64(32661), np.int64(29109), np.int64(12477), np.int64(24066), np.int64(25520), np.int64(32051), np.int64(14072), np.int64(14930), np.int64(43745), np.int64(26546), np.int64(2796), np.int64(23121), np.int64(3350), np.int64(47143), np.int64(19454), np.int64(38368), np.int64(39085), np.int64(20960), np.int64(40758), np.int64(39800), np.int64(9066), np.int64(39631), np.int64(24218), np.int64(34186), np.int64(31583), np.int64(49291))","(1, 1, 1, 1, 1, 0, 0, 1, 0, 0, 0, 0, 0, 0, 1, 1, 0, 0, 1, 0, 0, 0, 1, 0, 0, 1, 1, 1, 0, 0, 1, 0, 0, 0, 1, 0, 1, 0, 1, 0, 0, 1, 0, 0, 1, 0, 0, 0, 0, 0)"
13.536145,50,176.749272,1,"(np.int64(34923), np.int64(47125), np.int64(30607), np.int64(44949), np.int64(45089), np.int64(20), np.int64(257), np.int64(2378), np.int64(1983), np.int64(6849), np.int64(12112), np.int64(12639), np.int64(44534), np.int64(36201), np.int64(1511), np.int64(48604), np.int64(16675), np.int64(3406), np.int64(1586), np.int64(11864), np.int64(18775), np.int64(7858), np.int64(22209), np.int64(16854), np.int64(48307), np.int64(33181), np.int64(45387), np.int64(5950), np.int64(207), np.int64(16999), np.int64(48658), np.int64(41380), np.int64(22596), np.int64(31004), np.int64(29202), np.int64(11105), np.int64(236), np.int64(13449), np.int64(40484), np.int64(23651), np.int64(46928), np.int64(45050), np.int64(42343), np.int64(25609), np.int64(47132), np.int64(19672), np.int64(24838), np.int64(35127), np.int64(31889), np.int64(9542))","(0, 0, 0, 0, 0, 1, 1, 0, 1, 1, 1, 1, 0, 0, 1, 0, 1, 1, 1, 1, 0, 1, 1, 0, 0, 0, 0, 1, 1, 1, 0, 0, 0, 1, 0, 0, 1, 1, 0, 0, 0, 0, 0, 1, 0, 1, 0, 0, 0, 1)"
13.806906,50,177.303389,1,"(np.int64(46558), np.int64(9175), np.int64(38549), np.int64(7233), np.int64(6465), np.int64(34090), np.int64(35833), np.int64(13096), np.int64(8882), np.int64(11679), np.int64(31048), np.int64(38441), np.int64(48603), np.int64(46183), np.int64(596), np.int64(822), np.int64(29042), np.int64(14031), np.int64(12854), np.int64(42080), np.int64(14736), np.int64(27102), np.int64(49967), np.int64(25575), np.int64(19242), np.int64(37746), np.int64(48965), np.int64(16951), np.int64(16092), np.int64(12243), np.int64(20097), np.int64(9522), np.int64(12730), np.int64(39456), np.int64(21533), np.int64(32812), np.int64(24139), np.int64(48056), np.int64(1678), np.int64(21262), np.int64(623), np.int64(7359), np.int64(3419), np.int64(44320), np.int64(34635), np.int64(18662), np.int64(20242), np.int64(19276), np.int64(35334), np.int64(23127))","(1, 0, 0, 1, 1, 0, 0, 1, 1, 1, 0, 0, 0, 0, 1, 0, 1, 0, 1, 0, 1, 0, 0, 1, 1, 0, 0, 1, 1, 0, 1, 1, 1, 0, 0, 0, 0, 0, 1, 0, 1, 1, 1, 0, 0, 0, 1, 1, 0, 0)"
5.934851,28,177.621822,1,"(np.int64(42523), np.int64(44848), np.int64(30947), np.int64(10183), np.int64(27987), np.int64(17943), np.int64(42644), np.int64(11498), np.int64(6327), np.int64(23484), np.int64(36142), np.int64(36203), np.int64(49660), np.int64(34194), np.int64(9989), np.int64(644), np.int64(1126), np.int64(21067), np.int64(38454), np.int64(20641), np.int64(43617), np.int64(37476), np.int64(43318), np.int64(35832), np.int64(43221), np.int64(4956), np.int64(30717), np.int64(23633))","(0, 0, 0, 1, 1, 0, 0, 1, 1, 1, 0, 0, 0, 0, 1, 1, 1, 1, 0, 0, 0, 0, 0, 0, 0, 0, 0, 1)"
3.157941,10,177.738886,1,"(np.int64(25089), np.int64(48116), np.int64(24229), np.int64(16736), np.int64(28454), np.int64(19062), np.int64(31130), np.int64(14984), np.int64(46667), np.int64(19221))","(1, 0, 0, 1, 0, 1, 0, 1, 0, 1)"
9.886565,46,178.23731,1,"(np.int64(47777), np.int64(44642), np.int64(21876), np.int64(31698), np.int64(206), np.int64(20479), np.int64(22505), np.int64(2660), np.int64(12679), np.int64(49992), np.int64(929), np.int64(31615), np.int64(39785), np.int64(19139), np.int64(27883), np.int64(11294), np.int64(48740), np.int64(21777), np.int64(25871), np.int64(2108), np.int64(40344), np.int64(30250), np.int64(33351), np.int64(30758), np.int64(16054), np.int64(1973), np.int64(32532), np.int64(10147), np.int64(35926), np.int64(18775), np.int64(5025), np.int64(18949), np.int64(32177), np.int64(17884), np.int64(44085), np.int64(2305), np.int64(21229), np.int64(33951), np.int64(39023), np.int64(37195), np.int64(34064), np.int64(40853), np.int64(30560), np.int64(32760), np.int64(1130), np.int64(641))","(0, 0, 1, 0, 1, 0, 0, 1, 1, 0, 1, 0, 0, 1, 1, 0, 0, 1, 0, 1, 0, 0, 0, 0, 1, 1, 0, 1, 0, 0, 1, 1, 0, 0, 0, 0, 0, 0, 0, 0, 0, 0, 0, 0, 1, 1)"
3.711223,9,178.377876,1,"(np.int64(12643), np.int64(25456), np.int64(7675), np.int64(31425), np.int64(40404), np.int64(21220), np.int64(21905), np.int64(35891), np.int64(41097))","(1, 1, 1, 1, 0, 1, 1, 0, 0)"
3.732548,13,178.53393,1,"(np.int64(4790), np.int64(17827), np.int64(33607), np.int64(2461), np.int64(29248), np.int64(9996), np.int64(44503), np.int64(10938), np.int64(15321), np.int64(6301), np.int64(48246), np.int64(23206), np.int64(9607))","(1, 0, 0, 0, 1, 1, 0, 1, 0, 1, 0, 0, 1)"
15.212033,50,179.089942,1,"(np.int64(26514), np.int64(7982), np.int64(32809), np.int64(7575), np.int64(7133), np.int64(22279), np.int64(21145), np.int64(29174), np.int64(13126), np.int64(38101), np.int64(38076), np.int64(2861), np.int64(30224), np.int64(6976), np.int64(20201), np.int64(29966), np.int64(7255), np.int64(15591), np.int64(43832), np.int64(33376), np.int64(21121), np.int64(764), np.int64(43967), np.int64(30379), np.int64(10766), np.int64(27960), np.int64(3772), np.int64(23661), np.int64(1339), np.int64(2509), np.int64(11294), np.int64(20182), np.int64(8524), np.int64(4255), np.int64(35890), np.int64(11727), np.int64(46360), np.int64(15583), np.int64(2464), np.int64(13249), np.int64(13122), np.int64(19418), np.int64(39546), np.int64(29048), np.int64(33517), np.int64(27820), np.int64(4578), np.int64(48283), np.int64(41670), np.int64(37802))","(1, 1, 0, 1, 0, 0, 1, 0, 1, 0, 0, 1, 0, 1, 1, 0, 1, 1, 0, 0, 0, 1, 0, 0, 1, 1, 1, 1, 1, 0, 0, 1, 1, 1, 0, 1, 0, 1, 0, 1, 0, 1, 0, 1, 0, 0, 1, 0, 0, 0)"
9.164873,50,179.632241,1,"(np.int64(29719), np.int64(27606), np.int64(33728), np.int64(9060), np.int64(20919), np.int64(24094), np.int64(15759), np.int64(35053), np.int64(48529), np.int64(38122), np.int64(46547), np.int64(16627), np.int64(32905), np.int64(25137), np.int64(49891), np.int64(34998), np.int64(22208), np.int64(17243), np.int64(40644), np.int64(32942), np.int64(20486), np.int64(40815), np.int64(7396), np.int64(12561), np.int64(1076), np.int64(42396), np.int64(46651), np.int64(10380), np.int64(12560), np.int64(42937), np.int64(12268), np.int64(448), np.int64(32839), np.int64(13762), np.int64(38715), np.int64(36522), np.int64(22854), np.int64(35360), np.int64(11449), np.int64(10497), np.int64(37125), np.int64(31139), np.int64(2762), np.int64(20358), np.int64(30664), np.int64(35135), np.int64(31269), np.int64(12213), np.int64(35806), np.int64(3310))","(0, 0, 0, 1, 0, 1, 1, 0, 0, 0, 0, 1, 0, 1, 0, 0, 0, 0, 0, 0, 0, 0, 1, 0, 1, 0, 0, 1, 1, 0, 0, 1, 0, 0, 0, 0, 0, 0, 1, 1, 0, 0, 1, 0, 0, 0, 0, 1, 0, 1)"
16.879186,50,180.183472,1,"(np.int64(13290), np.int64(20659), np.int64(7988), np.int64(40673), np.int64(19294), np.int64(43395), np.int64(37087), np.int64(37071), np.int64(29336), np.int64(7949), np.int64(7709), np.int64(14040), np.int64(49856), np.int64(45977), np.int64(7347), np.int64(27287), np.int64(5916), np.int64(24582), np.int64(47631), np.int64(6289), np.int64(40554), np.int64(14736), np.int64(37053), np.int64(21401), np.int64(16421), np.int64(1982), np.int64(39128), np.int64(39676), np.int64(20782), np.int64(7232), np.int64(1338), np.int64(20640), np.int64(7485), np.int64(5146), np.int64(32117), np.int64(37760), np.int64(14046), np.int64(45838), np.int64(8401), np.int64(7694), np.int64(33336), np.int64(36141), np.int64(19887), np.int64(4108), np.int64(45519), np.int64(37472), np.int64(4229), np.int64(13397), np.int64(12050), np.int64(42235))","(1, 1, 1, 0, 1, 0, 0, 0, 0, 1, 1, 1, 0, 0, 1, 1, 0, 1, 0, 1, 0, 1, 0, 0, 1, 1, 0, 0, 1, 1, 1, 1, 1, 1, 0, 0, 1, 0, 1, 1, 0, 0, 0, 1, 0, 0, 1, 1, 1, 0)"
9.20762,34,180.549584,1,"(np.int64(1728), np.int64(46542), np.int64(41213), np.int64(38103), np.int64(25667), np.int64(13267), np.int64(43865), np.int64(25559), np.int64(23683), np.int64(43988), np.int64(22754), np.int64(15752), np.int64(49966), np.int64(20563), np.int64(4143), np.int64(6997), np.int64(46055), np.int64(2754), np.int64(32339), np.int64(16838), np.int64(3346), np.int64(40297), np.int64(12796), np.int64(6695), np.int64(35401), np.int64(38201), np.int64(7294), np.int64(27048), np.int64(46961), np.int64(33338), np.int64(19252), np.int64(29306), np.int64(15396), np.int64(10223))","(1, 1, 0, 0, 1, 1, 0, 0, 0, 0, 0, 1, 0, 0, 1, 1, 0, 1, 0, 0, 1, 0, 1, 1, 0, 0, 1, 0, 0, 0, 1, 1, 0, 1)"
7.996679,23,180.832368,1,"(np.int64(11564), np.int64(37806), np.int64(28219), np.int64(8038), np.int64(37968), np.int64(25927), np.int64(3969), np.int64(15729), np.int64(13467), np.int64(7160), np.int64(3283), np.int64(23039), np.int64(11871), np.int64(3149), np.int64(39531), np.int64(16660), np.int64(20232), np.int64(39235), np.int64(33420), np.int64(10165), np.int64(46026), np.int64(6278), np.int64(26807))","(1, 0, 0, 1, 0, 0, 1, 1, 1, 1, 1, 0, 1, 1, 0, 1, 1, 0, 0, 1, 0, 1, 0)"
5.688029,15,181.002192,1,"(np.int64(23984), np.int64(40674), np.int64(953), np.int64(13513), np.int64(6522), np.int64(42702), np.int64(41798), np.int64(17218), np.int64(48303), np.int64(3371), np.int64(8773), np.int64(27951), np.int64(41099), np.int64(2765), np.int64(26136))","(1, 0, 1, 1, 1, 0, 0, 0, 0, 1, 1, 1, 0, 1, 1)"
11.770538,46,181.499685,1,"(np.int64(2087), np.int64(39554), np.int64(49568), np.int64(26429), np.int64(43589), np.int64(47041), np.int64(4666), np.int64(12095), np.int64(45277), np.int64(3278), np.int64(2104), np.int64(40477), np.int64(26482), np.int64(32292), np.int64(33494), np.int64(32118), np.int64(23500), np.int64(12190), np.int64(19579), np.int64(41054), np.int64(2529), np.int64(23806), np.int64(45503), np.int64(29160), np.int64(34252), np.int64(10888), np.int64(10862), np.int64(5272), np.int64(2220), np.int64(33221), np.int64(8685), np.int64(31446), np.int64(46528), np.int64(33061), np.int64(10743), np.int64(42482), np.int64(27953), np.int64(605), np.int64(26985), np.int64(22428), np.int64(36273), np.int64(25195), np.int64(8256), np.int64(11332), np.int64(22715), np.int64(34624))","(1, 0, 0, 0, 0, 0, 1, 1, 0, 1, 1, 0, 0, 0, 0, 0, 0, 1, 1, 0, 1, 1, 0, 0, 0, 1, 1, 1, 0, 0, 1, 1, 0, 0, 1, 0, 1, 1, 0, 0, 0, 0, 1, 1, 0, 0)"
6.31913,19,181.712343,1,"(np.int64(6182), np.int64(17378), np.int64(32459), np.int64(20998), np.int64(19583), np.int64(11150), np.int64(4500), np.int64(39682), np.int64(23733), np.int64(47426), np.int64(22325), np.int64(32494), np.int64(36419), np.int64(38017), np.int64(1455), np.int64(1513), np.int64(8601), np.int64(28859), np.int64(29392))","(1, 0, 0, 1, 0, 1, 1, 0, 1, 0, 0, 0, 0, 0, 1, 1, 1, 1, 1)"
3.561717,30,182.044229,1,"(np.int64(39163), np.int64(16362), np.int64(27590), np.int64(46186), np.int64(16442), np.int64(15625), np.int64(35756), np.int64(30109), np.int64(29117), np.int64(37025), np.int64(47451), np.int64(12252), np.int64(41303), np.int64(23523), np.int64(30054), np.int64(46161), np.int64(30679), np.int64(26800), np.int64(17408), np.int64(43600), np.int64(26961), np.int64(44385), np.int64(35775), np.int64(40938), np.int64(36134), np.int64(13068), np.int64(18568), np.int64(3533), np.int64(19057), np.int64(45451))","(0, 1, 0, 0, 1, 1, 0, 0, 0, 0, 0, 1, 0, 0, 0, 0, 0, 1, 0, 0, 0, 0, 0, 0, 0, 0, 0, 1, 0, 0)"
14.536518,50,182.757714,1,"(np.int64(312), np.int64(15880), np.int64(16933), np.int64(15676), np.int64(3195), np.int64(30075), np.int64(8317), np.int64(49310), np.int64(4275), np.int64(42276), np.int64(35976), np.int64(11277), np.int64(20553), np.int64(34912), np.int64(26642), np.int64(1995), np.int64(30605), np.int64(27439), np.int64(4702), np.int64(35056), np.int64(37890), np.int64(21617), np.int64(30384), np.int64(31869), np.int64(28597), np.int64(39396), np.int64(35785), np.int64(5568), np.int64(44450), np.int64(46465), np.int64(5132), np.int64(3209), np.int64(19716), np.int64(7058), np.int64(253), np.int64(20283), np.int64(40714), np.int64(25431), np.int64(8682), np.int64(41774), np.int64(9693), np.int64(4911), np.int64(42484), np.int64(12485), np.int64(48990), np.int64(28389), np.int64(49455), np.int64(24068), np.int64(4151), np.int64(47505))","(1, 1, 1, 0, 1, 0, 1, 0, 1, 0, 0, 0, 1, 0, 0, 1, 0, 0, 1, 0, 1, 0, 0, 0, 0, 0, 0, 1, 0, 0, 1, 1, 1, 1, 1, 1, 0, 0, 1, 0, 1, 1, 0, 1, 0, 0, 0, 1, 1, 0)"
14.257006,50,183.384971,1,"(np.int64(12714), np.int64(45889), np.int64(8914), np.int64(3033), np.int64(35343), np.int64(29684), np.int64(15113), np.int64(9162), np.int64(32636), np.int64(12985), np.int64(8215), np.int64(24063), np.int64(38528), np.int64(13358), np.int64(39466), np.int64(44865), np.int64(38200), np.int64(13592), np.int64(38904), np.int64(1836), np.int64(23464), np.int64(45120), np.int64(3775), np.int64(9009), np.int64(4147), np.int64(45828), np.int64(14439), np.int64(9848), np.int64(47228), np.int64(29746), np.int64(8022), np.int64(2844), np.int64(49462), np.int64(1290), np.int64(9897), np.int64(40097), np.int64(21149), np.int64(42662), np.int64(48286), np.int64(1303), np.int64(32130), np.int64(37472), np.int64(6872), np.int64(3158), np.int64(26703), np.int64(49081), np.int64(17610), np.int64(5566), np.int64(27228), np.int64(44721))","(1, 0, 1, 0, 0, 0, 1, 1, 0, 1, 1, 0, 0, 1, 0, 0, 0, 1, 0, 1, 1, 0, 1, 1, 1, 0, 1, 1, 0, 0, 1, 1, 0, 1, 0, 0, 1, 0, 0, 1, 0, 0, 1, 0, 0, 0, 0, 1, 1, 0)"
11.302978,50,184.01314,1,"(np.int64(40805), np.int64(1505), np.int64(37123), np.int64(7522), np.int64(27318), np.int64(33531), np.int64(40188), np.int64(2495), np.int64(18252), np.int64(8738), np.int64(2251), np.int64(43010), np.int64(27861), np.int64(43492), np.int64(40378), np.int64(16112), np.int64(38519), np.int64(15162), np.int64(37541), np.int64(35477), np.int64(6207), np.int64(8312), np.int64(18955), np.int64(46705), np.int64(26043), np.int64(33268), np.int64(25684), np.int64(18251), np.int64(4416), np.int64(25513), np.int64(3686), np.int64(27165), np.int64(18318), np.int64(19029), np.int64(7237), np.int64(35690), np.int64(35298), np.int64(5698), np.int64(26838), np.int64(12573), np.int64(29468), np.int64(5326), np.int64(44196), np.int64(43389), np.int64(31332), np.int64(48050), np.int64(33628), np.int64(27694), np.int64(252), np.int64(33346))","(0, 1, 0, 1, 1, 0, 0, 0, 0, 1, 0, 0, 1, 0, 0, 1, 0, 1, 0, 0, 1, 0, 0, 0, 0, 0, 1, 0, 1, 1, 1, 0, 0, 1, 1, 0, 0, 1, 0, 1, 0, 1, 0, 0, 0, 0, 0, 0, 1, 0)"
12.459541,50,184.579988,1,"(np.int64(41216), np.int64(34644), np.int64(10922), np.int64(42042), np.int64(18879), np.int64(37318), np.int64(36674), np.int64(48054), np.int64(36271), np.int64(15173), np.int64(48488), np.int64(27857), np.int64(43978), np.int64(29219), np.int64(9081), np.int64(18166), np.int64(36714), np.int64(28141), np.int64(11159), np.int64(11472), np.int64(41755), np.int64(12677), np.int64(15674), np.int64(39674), np.int64(4507), np.int64(40868), np.int64(40635), np.int64(35241), np.int64(6782), np.int64(43201), np.int64(7049), np.int64(22118), np.int64(30779), np.int64(11916), np.int64(1621), np.int64(37145), np.int64(29212), np.int64(25677), np.int64(35467), np.int64(16383), np.int64(33392), np.int64(49399), np.int64(1246), np.int64(24133), np.int64(30842), np.int64(10420), np.int64(40079), np.int64(15393), np.int64(17193), np.int64(27021))","(0, 0, 1, 0, 0, 0, 0, 0, 0, 1, 0, 1, 0, 1, 0, 0, 0, 1, 1, 1, 0, 1, 1, 0, 1, 0, 0, 0, 1, 0, 1, 1, 0, 1, 1, 0, 1, 0, 0, 1, 0, 0, 1, 0, 0, 1, 0, 1, 0, 0)"
5.631663,50,185.18847,1,"(np.int64(42226), np.int64(27057), np.int64(35907), np.int64(22672), np.int64(38686), np.int64(33605), np.int64(42161), np.int64(26609), np.int64(17790), np.int64(514), np.int64(44653), np.int64(39724), np.int64(48111), np.int64(4988), np.int64(39200), np.int64(44981), np.int64(30999), np.int64(7751), np.int64(47870), np.int64(16957), np.int64(49819), np.int64(40368), np.int64(44729), np.int64(37275), np.int64(36099), np.int64(26278), np.int64(22284), np.int64(49119), np.int64(12442), np.int64(26572), np.int64(12079), np.int64(43253), np.int64(33912), np.int64(38218), np.int64(27930), np.int64(30573), np.int64(28285), np.int64(27874), np.int64(42020), np.int64(37007), np.int64(2538), np.int64(22901), np.int64(44918), np.int64(20394), np.int64(46911), np.int64(36373), np.int64(24872), np.int64(3233), np.int64(17197), np.int64(49320))","(0, 0, 0, 0, 0, 0, 0, 0, 0, 1, 0, 0, 0, 0, 0, 0, 0, 1, 0, 1, 0, 0, 0, 0, 0, 0, 0, 0, 0, 0, 1, 0, 0, 0, 1, 0, 0, 1, 0, 0, 1, 0, 0, 0, 0, 0, 0, 1, 0, 1)"
11.156518,50,185.781508,1,"(np.int64(12900), np.int64(39493), np.int64(15134), np.int64(49833), np.int64(21497), np.int64(28268), np.int64(49924), np.int64(26942), np.int64(43309), np.int64(20599), np.int64(49281), np.int64(25412), np.int64(28937), np.int64(4120), np.int64(8661), np.int64(47150), np.int64(41402), np.int64(12706), np.int64(32140), np.int64(8451), np.int64(9365), np.int64(24993), np.int64(38605), np.int64(4760), np.int64(44479), np.int64(47204), np.int64(48930), np.int64(16298), np.int64(26754), np.int64(31354), np.int64(30672), np.int64(11029), np.int64(40349), np.int64(21092), np.int64(41785), np.int64(42687), np.int64(26497), np.int64(34470), np.int64(9890), np.int64(42174), np.int64(34984), np.int64(40427), np.int64(41647), np.int64(37125), np.int64(41404), np.int64(22636), np.int64(36879), np.int64(8752), np.int64(8614), np.int64(4256))","(1, 0, 1, 0, 0, 0, 0, 0, 0, 1, 0, 1, 1, 1, 0, 0, 0, 1, 0, 1, 1, 1, 0, 1, 0, 0, 0, 1, 0, 1, 0, 1, 0, 1, 0, 0, 0, 0, 1, 0, 0, 0, 0, 0, 0, 0, 0, 1, 0, 1)"
7.414088,31,186.131232,1,"(np.int64(17011), np.int64(13391), np.int64(32885), np.int64(30896), np.int64(2508), np.int64(38663), np.int64(47519), np.int64(49639), np.int64(42907), np.int64(3562), np.int64(42591), np.int64(46769), np.int64(4916), np.int64(38354), np.int64(49310), np.int64(8868), np.int64(26622), np.int64(11632), np.int64(48091), np.int64(18425), np.int64(22513), np.int64(16199), np.int64(7086), np.int64(16865), np.int64(19484), np.int64(40919), np.int64(628), np.int64(8236), np.int64(33456), np.int64(34962), np.int64(35788))","(1, 1, 0, 0, 0, 0, 0, 0, 0, 1, 0, 0, 1, 0, 0, 0, 1, 1, 0, 0, 0, 1, 1, 1, 1, 0, 1, 1, 0, 0, 0)"
12.912231,50,186.702686,1,"(np.int64(35444), np.int64(21476), np.int64(4606), np.int64(41968), np.int64(23210), np.int64(11202), np.int64(14672), np.int64(36216), np.int64(433), np.int64(5975), np.int64(45010), np.int64(33271), np.int64(20758), np.int64(732), np.int64(16192), np.int64(14848), np.int64(45596), np.int64(15082), np.int64(41886), np.int64(20105), np.int64(11177), np.int64(13171), np.int64(5108), np.int64(36477), np.int64(33160), np.int64(5289), np.int64(47973), np.int64(13433), np.int64(42469), np.int64(28155), np.int64(12035), np.int64(3555), np.int64(46426), np.int64(41565), np.int64(47990), np.int64(2297), np.int64(40570), np.int64(47981), np.int64(25226), np.int64(47593), np.int64(6357), np.int64(27604), np.int64(28650), np.int64(19266), np.int64(32292), np.int64(17451), np.int64(33369), np.int64(47323), np.int64(43930), np.int64(29772))","(0, 1, 1, 0, 0, 1, 1, 0, 1, 1, 0, 0, 0, 1, 1, 1, 0, 1, 0, 1, 1, 1, 1, 0, 0, 1, 0, 0, 0, 0, 1, 1, 0, 0, 0, 0, 0, 0, 1, 0, 1, 1, 0, 1, 0, 0, 0, 0, 0, 0)"
14.241621,50,187.311218,1,"(np.int64(3252), np.int64(11991), np.int64(29455), np.int64(30634), np.int64(15587), np.int64(11634), np.int64(12483), np.int64(10068), np.int64(39869), np.int64(23105), np.int64(46268), np.int64(43430), np.int64(170), np.int64(19218), np.int64(25339), np.int64(12785), np.int64(2162), np.int64(28377), np.int64(27356), np.int64(31262), np.int64(30942), np.int64(5555), np.int64(14742), np.int64(45880), np.int64(13788), np.int64(13970), np.int64(29008), np.int64(7270), np.int64(9127), np.int64(17592), np.int64(14371), np.int64(11650), np.int64(12567), np.int64(26961), np.int64(25053), np.int64(31100), np.int64(19427), np.int64(39034), np.int64(24910), np.int64(43234), np.int64(31180), np.int64(41847), np.int64(30196), np.int64(1565), np.int64(7282), np.int64(30448), np.int64(33574), np.int64(2220), np.int64(6608), np.int64(5513))","(1, 0, 0, 0, 0, 1, 1, 1, 0, 0, 0, 0, 1, 1, 1, 1, 1, 0, 0, 1, 0, 1, 1, 0, 0, 1, 1, 1, 1, 0, 1, 1, 1, 0, 1, 0, 0, 0, 0, 0, 0, 0, 0, 1, 1, 0, 0, 0, 1, 0)"
13.015559,50,187.932984,1,"(np.int64(45362), np.int64(29703), np.int64(31734), np.int64(46606), np.int64(44720), np.int64(25121), np.int64(8508), np.int64(3898), np.int64(25232), np.int64(32576), np.int64(41476), np.int64(40269), np.int64(47452), np.int64(1703), np.int64(37503), np.int64(15768), np.int64(12872), np.int64(30141), np.int64(8108), np.int64(16788), np.int64(28656), np.int64(45172), np.int64(15135), np.int64(3326), np.int64(26041), np.int64(46267), np.int64(6933), np.int64(1641), np.int64(36001), np.int64(28767), np.int64(37361), np.int64(16106), np.int64(24562), np.int64(35400), np.int64(30058), np.int64(20092), np.int64(11654), np.int64(31769), np.int64(13232), np.int64(33096), np.int64(37195), np.int64(655), np.int64(2841), np.int64(17600), np.int64(39506), np.int64(20813), np.int64(38940), np.int64(7614), np.int64(629), np.int64(43961))","(0, 0, 0, 0, 0, 0, 1, 0, 0, 0, 0, 0, 0, 1, 0, 1, 1, 0, 1, 1, 0, 0, 1, 1, 0, 0, 1, 1, 0, 1, 0, 1, 1, 0, 0, 1, 1, 0, 1, 0, 0, 1, 1, 0, 0, 1, 0, 1, 1, 0)"
8.805707,40,188.496059,1,"(np.int64(26928), np.int64(27735), np.int64(29066), np.int64(47929), np.int64(20865), np.int64(12945), np.int64(16154), np.int64(45801), np.int64(47718), np.int64(7722), np.int64(48031), np.int64(36522), np.int64(11732), np.int64(26613), np.int64(13710), np.int64(48004), np.int64(13035), np.int64(33571), np.int64(30085), np.int64(45293), np.int64(15163), np.int64(25177), np.int64(29128), np.int64(8787), np.int64(41201), np.int64(40753), np.int64(12803), np.int64(5009), np.int64(8668), np.int64(44012), np.int64(16980), np.int64(32753), np.int64(3034), np.int64(18831), np.int64(6368), np.int64(25134), np.int64(19870), np.int64(35728), np.int64(20274), np.int64(40168))","(0, 0, 1, 0, 1, 0, 1, 0, 0, 0, 0, 0, 1, 0, 0, 0, 1, 0, 0, 0, 1, 0, 1, 0, 0, 0, 1, 1, 1, 0, 1, 0, 1, 0, 1, 0, 0, 0, 1, 0)"
9.10903,49,189.112385,1,"(np.int64(46337), np.int64(45367), np.int64(5525), np.int64(24345), np.int64(38473), np.int64(46413), np.int64(49441), np.int64(38651), np.int64(42898), np.int64(32564), np.int64(5580), np.int64(17892), np.int64(31407), np.int64(49809), np.int64(39738), np.int64(1187), np.int64(44118), np.int64(47706), np.int64(12746), np.int64(35283), np.int64(30553), np.int64(44065), np.int64(20369), np.int64(23985), np.int64(9495), np.int64(745), np.int64(26171), np.int64(19556), np.int64(29812), np.int64(32174), np.int64(15985), np.int64(41715), np.int64(47667), np.int64(3957), np.int64(48768), np.int64(32760), np.int64(34549), np.int64(22857), np.int64(19227), np.int64(19059), np.int64(49512), np.int64(22124), np.int64(13429), np.int64(41655), np.int64(40997), np.int64(41534), np.int64(9349), np.int64(15980), np.int64(38942))","(0, 0, 1, 0, 0, 0, 0, 0, 0, 0, 1, 0, 0, 0, 0, 1, 0, 0, 1, 0, 0, 0, 0, 1, 1, 1, 0, 1, 0, 0, 1, 0, 0, 1, 0, 0, 0, 0, 1, 1, 0, 0, 1, 0, 0, 0, 1, 1, 0)"
5.490639,16,189.296096,1,"(np.int64(30073), np.int64(14322), np.int64(10068), np.int64(3146), np.int64(11923), np.int64(13377), np.int64(48590), np.int64(44114), np.int64(12035), np.int64(30370), np.int64(4038), np.int64(13407), np.int64(25583), np.int64(16875), np.int64(14810), np.int64(26912))","(0, 1, 1, 0, 1, 1, 0, 0, 1, 0, 1, 1, 1, 0, 1, 0)"
2.86022,12,189.490579,1,"(np.int64(1069), np.int64(19981), np.int64(38054), np.int64(43062), np.int64(15129), np.int64(29640), np.int64(16152), np.int64(27603), np.int64(33081), np.int64(15830), np.int64(20252), np.int64(14413))","(1, 1, 0, 0, 1, 0, 0, 0, 0, 0, 1, 1)"
7.716783,40,189.965372,1,"(np.int64(19365), np.int64(790), np.int64(7732), np.int64(44124), np.int64(24489), np.int64(45058), np.int64(44849), np.int64(31407), np.int64(9619), np.int64(18617), np.int64(5404), np.int64(30094), np.int64(10177), np.int64(10012), np.int64(41013), np.int64(48314), np.int64(49782), np.int64(11526), np.int64(7254), np.int64(42863), np.int64(42395), np.int64(36724), np.int64(25314), np.int64(17033), np.int64(38558), np.int64(42596), np.int64(29435), np.int64(22263), np.int64(37472), np.int64(28085), np.int64(16613), np.int64(25951), np.int64(40954), np.int64(48984), np.int64(47098), np.int64(16626), np.int64(19887), np.int64(46511), np.int64(49828), np.int64(39749))","(1, 1, 1, 0, 0, 0, 0, 0, 1, 1, 1, 0, 1, 1, 0, 0, 0, 1, 1, 0, 0, 0, 1, 1, 0, 0, 0, 0, 0, 0, 0, 0, 0, 0, 0, 0, 0, 0, 0, 0)"
8.029373,48,190.524508,1,"(np.int64(44391), np.int64(12999), np.int64(45970), np.int64(33089), np.int64(15016), np.int64(26057), np.int64(24142), np.int64(49794), np.int64(5620), np.int64(13803), np.int64(30835), np.int64(22750), np.int64(18373), np.int64(18585), np.int64(25158), np.int64(14624), np.int64(31938), np.int64(10625), np.int64(15493), np.int64(22660), np.int64(2427), np.int64(36984), np.int64(33274), np.int64(11193), np.int64(24642), np.int64(36758), np.int64(3090), np.int64(43241), np.int64(38145), np.int64(34666), np.int64(3655), np.int64(15304), np.int64(48197), np.int64(49722), np.int64(28434), np.int64(16040), np.int64(43326), np.int64(46364), np.int64(43584), np.int64(22439), np.int64(41967), np.int64(22774), np.int64(4888), np.int64(8350), np.int64(28096), np.int64(45106), np.int64(15615), np.int64(6205))","(0, 1, 0, 0, 1, 0, 0, 0, 1, 0, 0, 0, 0, 0, 0, 1, 0, 1, 1, 0, 0, 0, 0, 1, 0, 0, 0, 0, 0, 0, 1, 1, 0, 0, 0, 1, 0, 0, 0, 0, 0, 0, 1, 0, 0, 0, 1, 1)"
13.982926,50,191.131618,1,"(np.int64(14937), np.int64(46620), np.int64(23493), np.int64(35527), np.int64(38687), np.int64(27553), np.int64(10443), np.int64(46517), np.int64(74), np.int64(25037), np.int64(11294), np.int64(48902), np.int64(46355), np.int64(8298), np.int64(20163), np.int64(30187), np.int64(9327), np.int64(24239), np.int64(6905), np.int64(44376), np.int64(18889), np.int64(10416), np.int64(41880), np.int64(22768), np.int64(48518), np.int64(23122), np.int64(11365), np.int64(8357), np.int64(19755), np.int64(976), np.int64(25386), np.int64(39454), np.int64(23145), np.int64(4858), np.int64(45003), np.int64(8396), np.int64(11884), np.int64(37054), np.int64(34709), np.int64(10120), np.int64(8445), np.int64(14229), np.int64(17461), np.int64(43117), np.int64(17857), np.int64(10532), np.int64(26076), np.int64(38346), np.int64(4229), np.int64(27820))","(0, 0, 1, 0, 0, 0, 1, 0, 1, 1, 0, 0, 0, 1, 1, 0, 1, 0, 1, 0, 1, 1, 0, 0, 0, 0, 1, 1, 0, 1, 1, 0, 0, 1, 0, 1, 1, 0, 0, 1, 1, 1, 0, 0, 0, 0, 1, 0, 1, 0)"
12.874824,50,191.753839,1,"(np.int64(40590), np.int64(4797), np.int64(8683), np.int64(19003), np.int64(14585), np.int64(381), np.int64(2995), np.int64(46550), np.int64(12969), np.int64(47196), np.int64(37820), np.int64(8835), np.int64(18876), np.int64(29533), np.int64(10608), np.int64(3869), np.int64(15868), np.int64(38272), np.int64(39429), np.int64(20492), np.int64(28192), np.int64(43736), np.int64(45064), np.int64(12185), np.int64(13056), np.int64(9544), np.int64(2312), np.int64(31514), np.int64(32771), np.int64(41564), np.int64(43445), np.int64(41554), np.int64(31960), np.int64(15616), np.int64(19364), np.int64(14454), np.int64(16726), np.int64(48280), np.int64(14758), np.int64(40675), np.int64(39751), np.int64(460), np.int64(23664), np.int64(37435), np.int64(42472), np.int64(14795), np.int64(16522), np.int64(6187), np.int64(22809), np.int64(36932))","(0, 0, 1, 1, 0, 1, 1, 0, 1, 0, 0, 1, 1, 0, 1, 0, 1, 0, 0, 1, 0, 0, 0, 1, 0, 1, 0, 0, 0, 0, 0, 0, 0, 1, 1, 1, 1, 0, 1, 0, 0, 1, 0, 0, 0, 1, 1, 1, 0, 0)"
3.714765,12,191.910711,1,"(np.int64(17951), np.int64(1823), np.int64(2482), np.int64(8213), np.int64(18973), np.int64(39840), np.int64(28771), np.int64(7048), np.int64(2583), np.int64(13258), np.int64(47237), np.int64(29824))","(0, 1, 0, 1, 1, 0, 0, 1, 1, 1, 0, 0)"
9.710785,34,192.30488,1,"(np.int64(10295), np.int64(12123), np.int64(38657), np.int64(2122), np.int64(47501), np.int64(22330), np.int64(6741), np.int64(5848), np.int64(11538), np.int64(27999), np.int64(44640), np.int64(12857), np.int64(26493), np.int64(12787), np.int64(31085), np.int64(33967), np.int64(33134), np.int64(17009), np.int64(25127), np.int64(14518), np.int64(28539), np.int64(31587), np.int64(47431), np.int64(21585), np.int64(35331), np.int64(30624), np.int64(38567), np.int64(6663), np.int64(36069), np.int64(48227), np.int64(10875), np.int64(26420), np.int64(23793), np.int64(35560))","(1, 1, 0, 1, 0, 0, 1, 1, 1, 1, 0, 1, 0, 1, 0, 0, 0, 1, 1, 1, 0, 0, 0, 0, 0, 0, 0, 1, 0, 0, 1, 1, 1, 0)"
13.184433,50,192.926242,1,"(np.int64(20058), np.int64(4372), np.int64(19118), np.int64(41114), np.int64(11131), np.int64(47165), np.int64(13819), np.int64(38247), np.int64(20597), np.int64(1313), np.int64(13433), np.int64(14685), np.int64(26689), np.int64(23633), np.int64(22509), np.int64(24435), np.int64(50026), np.int64(18154), np.int64(25844), np.int64(11837), np.int64(27006), np.int64(6109), np.int64(17854), np.int64(29062), np.int64(38056), np.int64(19910), np.int64(553), np.int64(48328), np.int64(23449), np.int64(38460), np.int64(21498), np.int64(13578), np.int64(37436), np.int64(41549), np.int64(31309), np.int64(7228), np.int64(26949), np.int64(49403), np.int64(35061), np.int64(29361), np.int64(12268), np.int64(43650), np.int64(1281), np.int64(14453), np.int64(36803), np.int64(9924), np.int64(25592), np.int64(13182), np.int64(22167), np.int64(15811))","(1, 1, 0, 0, 1, 0, 1, 0, 1, 0, 0, 1, 0, 1, 0, 1, 0, 0, 0, 1, 0, 1, 0, 0, 0, 0, 1, 0, 1, 0, 0, 1, 0, 0, 1, 1, 0, 0, 0, 0, 0, 0, 1, 1, 0, 1, 1, 1, 1, 1)"
11.745897,50,193.547287,1,"(np.int64(35839), np.int64(20002), np.int64(25842), np.int64(33952), np.int64(30357), np.int64(39081), np.int64(13042), np.int64(4093), np.int64(3156), np.int64(23039), np.int64(47983), np.int64(210), np.int64(10769), np.int64(13743), np.int64(38318), np.int64(2799), np.int64(44543), np.int64(39290), np.int64(15206), np.int64(33790), np.int64(48025), np.int64(43170), np.int64(25418), np.int64(34833), np.int64(46889), np.int64(28810), np.int64(40481), np.int64(34221), np.int64(12838), np.int64(30552), np.int64(9394), np.int64(32267), np.int64(2131), np.int64(7046), np.int64(48039), np.int64(35448), np.int64(5038), np.int64(47685), np.int64(32101), np.int64(13952), np.int64(4644), np.int64(23832), np.int64(4190), np.int64(17479), np.int64(4209), np.int64(46837), np.int64(17102), np.int64(11328), np.int64(33673), np.int64(44274))","(0, 1, 0, 0, 0, 0, 0, 1, 1, 0, 0, 1, 1, 0, 0, 1, 0, 0, 1, 0, 0, 0, 0, 0, 0, 1, 0, 0, 1, 0, 1, 0, 1, 1, 0, 0, 1, 0, 0, 0, 1, 1, 1, 0, 1, 0, 1, 1, 0, 0)"
3.74005,15,193.725173,1,"(np.int64(21318), np.int64(40355), np.int64(36199), np.int64(1977), np.int64(12492), np.int64(40888), np.int64(15154), np.int64(1094), np.int64(12513), np.int64(42260), np.int64(3484), np.int64(38857), np.int64(41587), np.int64(39728), np.int64(29824))","(1, 0, 0, 1, 1, 0, 1, 1, 1, 0, 0, 0, 0, 0, 0)"
12.433443,48,194.282758,1,"(np.int64(45766), np.int64(48967), np.int64(13593), np.int64(20858), np.int64(43357), np.int64(15991), np.int64(35577), np.int64(34889), np.int64(19963), np.int64(31361), np.int64(30730), np.int64(33713), np.int64(3461), np.int64(33810), np.int64(43989), np.int64(37268), np.int64(14814), np.int64(8229), np.int64(20188), np.int64(31199), np.int64(25031), np.int64(43732), np.int64(14486), np.int64(31092), np.int64(23586), np.int64(32569), np.int64(32805), np.int64(15084), np.int64(28866), np.int64(4964), np.int64(39754), np.int64(48213), np.int64(36976), np.int64(4292), np.int64(396), np.int64(9187), np.int64(18352), np.int64(11502), np.int64(7686), np.int64(31642), np.int64(32232), np.int64(7090), np.int64(17908), np.int64(15008), np.int64(6776), np.int64(44222), np.int64(47437), np.int64(21400))","(0, 0, 1, 1, 0, 1, 0, 0, 0, 1, 0, 0, 1, 0, 0, 0, 1, 1, 1, 0, 1, 0, 1, 0, 0, 0, 0, 1, 1, 1, 0, 0, 0, 1, 1, 1, 0, 1, 1, 0, 0, 1, 1, 0, 1, 0, 0, 0)"
8.648827,50,194.873854,1,"(np.int64(7832), np.int64(32360), np.int64(50004), np.int64(22611), np.int64(33543), np.int64(48681), np.int64(2761), np.int64(20961), np.int64(22613), np.int64(15099), np.int64(34785), np.int64(9728), np.int64(48204), np.int64(17384), np.int64(36342), np.int64(26738), np.int64(2675), np.int64(30684), np.int64(17502), np.int64(22049), np.int64(16018), np.int64(11702), np.int64(46159), np.int64(13426), np.int64(14684), np.int64(16413), np.int64(21163), np.int64(33915), np.int64(31482), np.int64(39353), np.int64(33012), np.int64(32329), np.int64(47431), np.int64(8208), np.int64(45562), np.int64(22686), np.int64(40988), np.int64(6425), np.int64(40578), np.int64(4860), np.int64(4524), np.int64(6207), np.int64(27242), np.int64(6691), np.int64(48918), np.int64(22580), np.int64(44552), np.int64(12452), np.int64(17703), np.int64(15298))","(0, 0, 0, 0, 0, 0, 0, 0, 0, 1, 0, 1, 0, 0, 0, 0, 0, 0, 0, 0, 1, 1, 0, 1, 1, 0, 0, 0, 0, 0, 0, 0, 0, 1, 0, 0, 0, 0, 0, 1, 1, 1, 1, 1, 0, 0, 0, 1, 0, 1)"
6.635234,33,195.27941,1,"(np.int64(40050), np.int64(24912), np.int64(3168), np.int64(45363), np.int64(32134), np.int64(38849), np.int64(18594), np.int64(48296), np.int64(49619), np.int64(15640), np.int64(24484), np.int64(13203), np.int64(46090), np.int64(7389), np.int64(43331), np.int64(5620), np.int64(2968), np.int64(32746), np.int64(16819), np.int64(43898), np.int64(12565), np.int64(46754), np.int64(24660), np.int64(23100), np.int64(12383), np.int64(44295), np.int64(14634), np.int64(3145), np.int64(15519), np.int64(47964), np.int64(47240), np.int64(43340), np.int64(34141))","(0, 0, 0, 0, 0, 0, 0, 0, 0, 1, 1, 1, 0, 1, 0, 1, 1, 0, 1, 0, 1, 1, 1, 0, 0, 0, 0, 0, 1, 0, 0, 0, 0)"
6.89169,30,195.647001,1,"(np.int64(36770), np.int64(44009), np.int64(8892), np.int64(39158), np.int64(16771), np.int64(17288), np.int64(21886), np.int64(6421), np.int64(37203), np.int64(33901), np.int64(33428), np.int64(6648), np.int64(9496), np.int64(49750), np.int64(35004), np.int64(34482), np.int64(8196), np.int64(42319), np.int64(33952), np.int64(17986), np.int64(12221), np.int64(39337), np.int64(39614), np.int64(24167), np.int64(32786), np.int64(3434), np.int64(7094), np.int64(42544), np.int64(9444), np.int64(25538))","(0, 0, 1, 0, 1, 0, 1, 1, 0, 0, 0, 1, 1, 0, 0, 0, 1, 0, 0, 0, 1, 0, 0, 0, 0, 1, 1, 0, 1, 0)"
14.245076,50,196.257091,1,"(np.int64(392), np.int64(44947), np.int64(24509), np.int64(11023), np.int64(45956), np.int64(22769), np.int64(14656), np.int64(9), np.int64(27373), np.int64(18679), np.int64(48181), np.int64(40537), np.int64(994), np.int64(28824), np.int64(2688), np.int64(27919), np.int64(42841), np.int64(24802), np.int64(33631), np.int64(47549), np.int64(22434), np.int64(33404), np.int64(3445), np.int64(26156), np.int64(28183), np.int64(19113), np.int64(19858), np.int64(24205), np.int64(6960), np.int64(17934), np.int64(7342), np.int64(21071), np.int64(45005), np.int64(49448), np.int64(904), np.int64(35132), np.int64(27251), np.int64(13432), np.int64(12339), np.int64(47775), np.int64(46862), np.int64(20579), np.int64(45946), np.int64(47250), np.int64(19403), np.int64(22673), np.int64(49561), np.int64(13397), np.int64(7898), np.int64(3329))","(1, 0, 0, 1, 0, 0, 1, 1, 1, 0, 0, 0, 1, 1, 1, 0, 0, 0, 0, 0, 0, 0, 1, 1, 0, 1, 1, 0, 1, 0, 1, 0, 0, 0, 1, 0, 1, 0, 1, 0, 0, 1, 1, 0, 1, 0, 0, 1, 1, 1)"
16.763054,50,196.890276,1,"(np.int64(12671), np.int64(36032), np.int64(2994), np.int64(25695), np.int64(27074), np.int64(11842), np.int64(32364), np.int64(47158), np.int64(20505), np.int64(49684), np.int64(14621), np.int64(41070), np.int64(4285), np.int64(18869), np.int64(2505), np.int64(19273), np.int64(35708), np.int64(1319), np.int64(10793), np.int64(26331), np.int64(7009), np.int64(51), np.int64(26794), np.int64(39145), np.int64(29523), np.int64(43401), np.int64(1971), np.int64(11729), np.int64(42624), np.int64(7612), np.int64(36185), np.int64(23231), np.int64(43908), np.int64(44708), np.int64(21515), np.int64(9479), np.int64(13327), np.int64(33415), np.int64(12328), np.int64(23889), np.int64(2972), np.int64(34033), np.int64(6278), np.int64(14016), np.int64(26291), np.int64(10299), np.int64(1742), np.int64(42294), np.int64(12870), np.int64(40441))","(1, 0, 1, 0, 0, 1, 0, 0, 1, 0, 1, 0, 1, 1, 0, 0, 0, 1, 1, 0, 1, 1, 1, 0, 0, 0, 1, 1, 0, 1, 0, 0, 0, 0, 1, 1, 1, 0, 1, 1, 1, 0, 1, 1, 1, 1, 1, 0, 1, 0)"
10.734026,35,197.361734,1,"(np.int64(28326), np.int64(33556), np.int64(47631), np.int64(34608), np.int64(1738), np.int64(27213), np.int64(22111), np.int64(45341), np.int64(1488), np.int64(10570), np.int64(23929), np.int64(40046), np.int64(31062), np.int64(40610), np.int64(35451), np.int64(16291), np.int64(49474), np.int64(26533), np.int64(5290), np.int64(16730), np.int64(21784), np.int64(42913), np.int64(46876), np.int64(7039), np.int64(29124), np.int64(47233), np.int64(21892), np.int64(23111), np.int64(24634), np.int64(31772), np.int64(44165), np.int64(24605), np.int64(9830), np.int64(4903), np.int64(23710))","(0, 0, 0, 0, 1, 1, 1, 0, 1, 1, 1, 0, 0, 0, 0, 1, 0, 0, 1, 0, 1, 0, 1, 1, 1, 0, 1, 0, 1, 0, 0, 1, 1, 1, 1)"
11.834533,50,197.968128,1,"(np.int64(16347), np.int64(19196), np.int64(14584), np.int64(7977), np.int64(106), np.int64(43544), np.int64(7761), np.int64(45257), np.int64(44878), np.int64(48815), np.int64(38918), np.int64(37272), np.int64(10998), np.int64(29521), np.int64(5663), np.int64(7227), np.int64(3560), np.int64(17862), np.int64(11629), np.int64(22913), np.int64(47142), np.int64(28000), np.int64(12667), np.int64(309), np.int64(33701), np.int64(20305), np.int64(24392), np.int64(2997), np.int64(32336), np.int64(46612), np.int64(43106), np.int64(47742), np.int64(10106), np.int64(43827), np.int64(1688), np.int64(33874), np.int64(33511), np.int64(18139), np.int64(46132), np.int64(18924), np.int64(35795), np.int64(26247), np.int64(11211), np.int64(41660), np.int64(11095), np.int64(9877), np.int64(40840), np.int64(1563), np.int64(48424), np.int64(9464))","(1, 1, 0, 0, 1, 0, 1, 0, 0, 0, 0, 0, 1, 0, 1, 1, 1, 0, 1, 0, 0, 0, 0, 1, 0, 1, 0, 1, 0, 0, 0, 0, 0, 0, 1, 0, 0, 0, 0, 0, 0, 1, 1, 0, 1, 1, 0, 1, 0, 1)"
5.281509,28,198.28268,1,"(np.int64(1199), np.int64(35898), np.int64(38546), np.int64(38937), np.int64(44368), np.int64(392), np.int64(35627), np.int64(36175), np.int64(29645), np.int64(12530), np.int64(27358), np.int64(18014), np.int64(19351), np.int64(46206), np.int64(40052), np.int64(3808), np.int64(44674), np.int64(4388), np.int64(41613), np.int64(23260), np.int64(42280), np.int64(29289), np.int64(39239), np.int64(36259), np.int64(19815), np.int64(35054), np.int64(33674), np.int64(45444))","(1, 0, 0, 0, 0, 1, 0, 0, 0, 1, 0, 0, 1, 0, 0, 1, 0, 1, 0, 0, 0, 1, 0, 0, 1, 0, 0, 0)"
7.455545,32,198.669666,1,"(np.int64(40404), np.int64(8747), np.int64(46216), np.int64(19848), np.int64(38730), np.int64(41328), np.int64(24358), np.int64(20168), np.int64(11562), np.int64(13012), np.int64(32815), np.int64(19955), np.int64(27302), np.int64(31034), np.int64(23642), np.int64(17148), np.int64(17339), np.int64(33925), np.int64(48306), np.int64(48471), np.int64(39985), np.int64(39382), np.int64(11004), np.int64(30329), np.int64(6952), np.int64(9446), np.int64(28035), np.int64(42284), np.int64(42109), np.int64(29343), np.int64(5845), np.int64(8923))","(0, 1, 0, 1, 0, 0, 0, 1, 1, 1, 0, 1, 1, 0, 0, 0, 0, 0, 0, 0, 0, 0, 1, 0, 1, 1, 0, 0, 0, 1, 1, 0)"
4.620712,17,198.903331,1,"(np.int64(22163), np.int64(11697), np.int64(22799), np.int64(44343), np.int64(18092), np.int64(48753), np.int64(29085), np.int64(3609), np.int64(40331), np.int64(14508), np.int64(11671), np.int64(32724), np.int64(14738), np.int64(47885), np.int64(39060), np.int64(31620), np.int64(46637))","(1, 1, 0, 0, 0, 0, 1, 1, 0, 1, 1, 0, 1, 0, 0, 0, 0)"
12.112256,50,199.468064,1,"(np.int64(24666), np.int64(44506), np.int64(12640), np.int64(26506), np.int64(49228), np.int64(47322), np.int64(49767), np.int64(2393), np.int64(28019), np.int64(31679), np.int64(40937), np.int64(2791), np.int64(3527), np.int64(22417), np.int64(4392), np.int64(45153), np.int64(49695), np.int64(27014), np.int64(33748), np.int64(5397), np.int64(7246), np.int64(38574), np.int64(46903), np.int64(48796), np.int64(12650), np.int64(31985), np.int64(33511), np.int64(42613), np.int64(4197), np.int64(12556), np.int64(48218), np.int64(38587), np.int64(20046), np.int64(28699), np.int64(7011), np.int64(10335), np.int64(22709), np.int64(20897), np.int64(21157), np.int64(2151), np.int64(26864), np.int64(29877), np.int64(1317), np.int64(7359), np.int64(26378), np.int64(15659), np.int64(10907), np.int64(41696), np.int64(3227), np.int64(48313))","(1, 0, 1, 0, 0, 0, 0, 0, 0, 0, 0, 1, 1, 0, 1, 0, 0, 0, 0, 1, 0, 0, 0, 0, 1, 0, 0, 0, 1, 1, 0, 0, 0, 1, 1, 1, 0, 1, 1, 1, 0, 0, 1, 1, 0, 1, 1, 0, 0, 0)"
9.49397,33,199.89236,1,"(np.int64(311), np.int64(4766), np.int64(28024), np.int64(6478), np.int64(14451), np.int64(35449), np.int64(26646), np.int64(41686), np.int64(4527), np.int64(48034), np.int64(20341), np.int64(13179), np.int64(439), np.int64(12481), np.int64(31741), np.int64(17796), np.int64(6305), np.int64(14479), np.int64(29704), np.int64(18920), np.int64(9873), np.int64(46880), np.int64(9914), np.int64(16253), np.int64(39407), np.int64(30196), np.int64(45615), np.int64(25012), np.int64(24435), np.int64(33454), np.int64(37700), np.int64(24965), np.int64(49305))","(1, 1, 1, 1, 1, 0, 0, 0, 1, 0, 0, 1, 1, 1, 0, 0, 0, 0, 0, 1, 1, 0, 1, 1, 0, 0, 0, 1, 1, 0, 0, 1, 0)"
5.366836,17,200.114878,1,"(np.int64(4289), np.int64(27886), np.int64(1356), np.int64(14548), np.int64(41817), np.int64(17995), np.int64(27201), np.int64(27762), np.int64(8278), np.int64(39091), np.int64(3656), np.int64(24386), np.int64(40308), np.int64(21106), np.int64(35611), np.int64(10902), np.int64(15324))","(1, 0, 1, 1, 0, 0, 1, 0, 1, 0, 1, 0, 0, 1, 0, 1, 1)"
10.31132,33,200.505512,1,"(np.int64(14330), np.int64(32564), np.int64(24178), np.int64(45014), np.int64(31295), np.int64(25713), np.int64(10976), np.int64(20569), np.int64(13653), np.int64(37830), np.int64(10229), np.int64(19213), np.int64(25646), np.int64(3355), np.int64(38070), np.int64(2786), np.int64(20923), np.int64(48157), np.int64(4172), np.int64(25192), np.int64(2815), np.int64(33901), np.int64(19597), np.int64(35041), np.int64(5654), np.int64(33271), np.int64(42103), np.int64(42945), np.int64(13114), np.int64(36882), np.int64(12187), np.int64(17263), np.int64(22359))","(1, 0, 1, 0, 1, 0, 1, 1, 1, 0, 1, 1, 1, 1, 0, 1, 0, 0, 1, 0, 1, 0, 1, 0, 1, 0, 0, 0, 1, 0, 1, 0, 0)"
17.200362,50,201.075425,1,"(np.int64(33209), np.int64(11623), np.int64(12147), np.int64(45414), np.int64(38846), np.int64(16228), np.int64(40274), np.int64(2575), np.int64(3586), np.int64(46699), np.int64(5002), np.int64(3994), np.int64(1882), np.int64(9212), np.int64(43700), np.int64(24047), np.int64(48476), np.int64(48080), np.int64(38219), np.int64(7232), np.int64(28010), np.int64(44414), np.int64(1608), np.int64(43766), np.int64(28832), np.int64(21842), np.int64(7010), np.int64(40282), np.int64(20356), np.int64(35369), np.int64(10353), np.int64(46367), np.int64(43627), np.int64(34730), np.int64(13879), np.int64(17733), np.int64(11838), np.int64(5205), np.int64(21756), np.int64(32124), np.int64(10866), np.int64(24048), np.int64(31574), np.int64(32392), np.int64(26873), np.int64(17009), np.int64(28621), np.int64(7206), np.int64(21249), np.int64(20342))","(0, 1, 1, 0, 0, 1, 0, 1, 1, 0, 1, 1, 1, 1, 0, 1, 0, 0, 0, 1, 1, 0, 1, 0, 1, 1, 1, 0, 1, 0, 1, 0, 0, 0, 1, 0, 1, 1, 0, 0, 1, 1, 0, 0, 0, 1, 1, 1, 1, 1)"
2.939368,17,201.268033,1,"(np.int64(22415), np.int64(34171), np.int64(45650), np.int64(41576), np.int64(32856), np.int64(34237), np.int64(30634), np.int64(25357), np.int64(18528), np.int64(36014), np.int64(2974), np.int64(4943), np.int64(4890), np.int64(3357), np.int64(41874), np.int64(44753), np.int64(31073))","(0, 0, 0, 0, 0, 0, 0, 1, 0, 0, 1, 1, 1, 1, 0, 0, 0)"
12.072316,50,201.840466,1,"(np.int64(27917), np.int64(32253), np.int64(23612), np.int64(38580), np.int64(39231), np.int64(14906), np.int64(12662), np.int64(41817), np.int64(33272), np.int64(49807), np.int64(16749), np.int64(32841), np.int64(2299), np.int64(4869), np.int64(38145), np.int64(43386), np.int64(1152), np.int64(23683), np.int64(28592), np.int64(15708), np.int64(5602), np.int64(4279), np.int64(22122), np.int64(38425), np.int64(46028), np.int64(17098), np.int64(22651), np.int64(5079), np.int64(26661), np.int64(19570), np.int64(3257), np.int64(24274), np.int64(2863), np.int64(11272), np.int64(31931), np.int64(5176), np.int64(27374), np.int64(31653), np.int64(9503), np.int64(27361), np.int64(24274), np.int64(18807), np.int64(28472), np.int64(7114), np.int64(47125), np.int64(20646), np.int64(39111), np.int64(39078), np.int64(47108), np.int64(32348))","(1, 0, 0, 0, 0, 1, 1, 0, 0, 0, 1, 0, 0, 1, 0, 0, 1, 0, 0, 0, 1, 1, 0, 0, 0, 1, 0, 1, 0, 1, 1, 0, 1, 0, 0, 1, 0, 0, 1, 1, 0, 1, 1, 1, 0, 1, 0, 0, 0, 0)"
6.484642,20,202.072263,1,"(np.int64(40295), np.int64(25283), np.int64(17091), np.int64(8892), np.int64(232), np.int64(19454), np.int64(24169), np.int64(13843), np.int64(48282), np.int64(37226), np.int64(16413), np.int64(19368), np.int64(30215), np.int64(8504), np.int64(1674), np.int64(23375), np.int64(45217), np.int64(25770), np.int64(15407), np.int64(6955))","(0, 1, 1, 1, 1, 1, 0, 1, 0, 0, 0, 1, 0, 1, 1, 0, 0, 0, 1, 1)"
3.575856,16,202.259964,1,"(np.int64(23243), np.int64(27111), np.int64(23386), np.int64(27927), np.int64(22457), np.int64(30689), np.int64(13386), np.int64(17567), np.int64(11085), np.int64(49972), np.int64(21644), np.int64(31663), np.int64(27202), np.int64(43944), np.int64(17742), np.int64(3477))","(0, 0, 1, 1, 0, 0, 1, 0, 1, 0, 0, 0, 1, 0, 0, 1)"
12.055353,50,202.82041,1,"(np.int64(37957), np.int64(35009), np.int64(30104), np.int64(16329), np.int64(35846), np.int64(9553), np.int64(48951), np.int64(27445), np.int64(31710), np.int64(30470), np.int64(45914), np.int64(13286), np.int64(1276), np.int64(36405), np.int64(24632), np.int64(45355), np.int64(41683), np.int64(19291), np.int64(44868), np.int64(41498), np.int64(12100), np.int64(10811), np.int64(34532), np.int64(37094), np.int64(30100), np.int64(43491), np.int64(38291), np.int64(41352), np.int64(20826), np.int64(25923), np.int64(27560), np.int64(27425), np.int64(26346), np.int64(28728), np.int64(36558), np.int64(33251), np.int64(9185), np.int64(14616), np.int64(32369), np.int64(37754), np.int64(23087), np.int64(10800), np.int64(2980), np.int64(41988), np.int64(14361), np.int64(7332), np.int64(47332), np.int64(11179), np.int64(13521), np.int64(8253))","(0, 0, 0, 1, 0, 1, 0, 0, 0, 0, 0, 1, 1, 0, 1, 0, 0, 1, 0, 0, 1, 1, 0, 0, 0, 0, 0, 0, 1, 0, 0, 0, 1, 1, 0, 0, 1, 1, 0, 0, 0, 1, 1, 0, 1, 1, 0, 1, 0, 1)"
15.466245,50,203.3979,1,"(np.int64(14780), np.int64(6490), np.int64(5920), np.int64(47061), np.int64(15558), np.int64(49450), np.int64(312), np.int64(40847), np.int64(30985), np.int64(47245), np.int64(28865), np.int64(26869), np.int64(11474), np.int64(44527), np.int64(4878), np.int64(18912), np.int64(30472), np.int64(13055), np.int64(2102), np.int64(27539), np.int64(15974), np.int64(47804), np.int64(3874), np.int64(43616), np.int64(19776), np.int64(26063), np.int64(19116), np.int64(14037), np.int64(33279), np.int64(35791), np.int64(28282), np.int64(12209), np.int64(14238), np.int64(22976), np.int64(14303), np.int64(8142), np.int64(27084), np.int64(13131), np.int64(16475), np.int64(15570), np.int64(49798), np.int64(12625), np.int64(31878), np.int64(49033), np.int64(2644), np.int64(30359), np.int64(42219), np.int64(39415), np.int64(17150), np.int64(23175))","(1, 1, 1, 0, 1, 0, 1, 0, 0, 0, 1, 0, 1, 0, 1, 1, 0, 1, 1, 0, 1, 0, 1, 0, 1, 1, 1, 1, 0, 0, 0, 0, 1, 0, 1, 1, 1, 1, 0, 1, 0, 1, 0, 0, 1, 0, 0, 0, 0, 0)"
6.973024,28,203.722177,1,"(np.int64(14065), np.int64(22549), np.int64(3561), np.int64(15737), np.int64(11042), np.int64(34301), np.int64(26191), np.int64(35487), np.int64(27786), np.int64(10897), np.int64(22998), np.int64(49987), np.int64(36695), np.int64(49973), np.int64(6787), np.int64(48521), np.int64(32028), np.int64(37011), np.int64(19350), np.int64(6247), np.int64(5643), np.int64(39657), np.int64(42957), np.int64(3016), np.int64(38513), np.int64(1735), np.int64(14605), np.int64(23194))","(1, 0, 1, 0, 1, 0, 1, 0, 0, 1, 0, 0, 0, 0, 1, 0, 0, 0, 1, 1, 1, 0, 0, 1, 0, 1, 0, 0)"
14.979466,50,204.296678,1,"(np.int64(11735), np.int64(3273), np.int64(24543), np.int64(35808), np.int64(40822), np.int64(12152), np.int64(36600), np.int64(25186), np.int64(40856), np.int64(14428), np.int64(7646), np.int64(16922), np.int64(12201), np.int64(41273), np.int64(29844), np.int64(16696), np.int64(11188), np.int64(35296), np.int64(44179), np.int64(38935), np.int64(7111), np.int64(16536), np.int64(14203), np.int64(32142), np.int64(24675), np.int64(29589), np.int64(39283), np.int64(30363), np.int64(7192), np.int64(46984), np.int64(9068), np.int64(8952), np.int64(44216), np.int64(24222), np.int64(14001), np.int64(32829), np.int64(10190), np.int64(42691), np.int64(23028), np.int64(243), np.int64(16094), np.int64(42419), np.int64(14252), np.int64(28668), np.int64(20614), np.int64(4007), np.int64(42635), np.int64(37696), np.int64(37705), np.int64(6521))","(1, 1, 1, 0, 0, 1, 0, 1, 0, 1, 1, 1, 1, 0, 0, 1, 1, 0, 0, 0, 0, 0, 1, 0, 1, 0, 0, 0, 1, 0, 1, 1, 0, 0, 1, 0, 1, 0, 0, 1, 1, 0, 1, 1, 1, 1, 0, 0, 0, 1)"
14.196264,50,204.874238,1,"(np.int64(3640), np.int64(48221), np.int64(20793), np.int64(34044), np.int64(32267), np.int64(240), np.int64(5530), np.int64(36020), np.int64(22443), np.int64(25316), np.int64(29162), np.int64(39080), np.int64(9850), np.int64(6125), np.int64(29010), np.int64(15487), np.int64(16776), np.int64(1109), np.int64(44370), np.int64(36688), np.int64(4390), np.int64(49093), np.int64(4467), np.int64(25200), np.int64(2804), np.int64(35886), np.int64(42463), np.int64(29921), np.int64(38475), np.int64(35514), np.int64(23436), np.int64(32172), np.int64(19939), np.int64(3442), np.int64(4080), np.int64(14386), np.int64(15670), np.int64(8346), np.int64(49100), np.int64(44859), np.int64(43163), np.int64(32400), np.int64(19212), np.int64(8043), np.int64(34925), np.int64(21893), np.int64(40185), np.int64(22927), np.int64(47796), np.int64(38173))","(1, 0, 1, 0, 0, 1, 1, 0, 0, 1, 0, 0, 1, 1, 1, 0, 0, 1, 0, 0, 1, 0, 1, 1, 1, 0, 0, 0, 0, 0, 1, 0, 1, 1, 1, 1, 1, 1, 0, 0, 0, 0, 1, 1, 0, 1, 0, 0, 0, 0)"
7.43079,36,205.282048,1,"(np.int64(36988), np.int64(13770), np.int64(22912), np.int64(47483), np.int64(6763), np.int64(16851), np.int64(34323), np.int64(14579), np.int64(6616), np.int64(26830), np.int64(18570), np.int64(25160), np.int64(42341), np.int64(37175), np.int64(27944), np.int64(8668), np.int64(3852), np.int64(36287), np.int64(14777), np.int64(31059), np.int64(23941), np.int64(19646), np.int64(27923), np.int64(17633), np.int64(19985), np.int64(28901), np.int64(22548), np.int64(3245), np.int64(30125), np.int64(44855), np.int64(47394), np.int64(38533), np.int64(49277), np.int64(10641), np.int64(9077), np.int64(14736))","(0, 0, 0, 0, 1, 1, 0, 0, 1, 0, 0, 0, 0, 0, 0, 1, 1, 0, 1, 0, 0, 1, 0, 0, 0, 1, 0, 1, 0, 0, 0, 0, 0, 1, 1, 1)"
13.98847,50,205.853476,1,"(np.int64(39948), np.int64(47502), np.int64(27269), np.int64(9137), np.int64(8419), np.int64(18616), np.int64(10924), np.int64(40723), np.int64(25461), np.int64(45364), np.int64(46316), np.int64(35827), np.int64(17624), np.int64(9992), np.int64(44652), np.int64(298), np.int64(30753), np.int64(40799), np.int64(33965), np.int64(676), np.int64(27477), np.int64(25406), np.int64(22731), np.int64(161), np.int64(5574), np.int64(17309), np.int64(9905), np.int64(8968), np.int64(46472), np.int64(17172), np.int64(32440), np.int64(42440), np.int64(25762), np.int64(18949), np.int64(4650), np.int64(29057), np.int64(45750), np.int64(10096), np.int64(10339), np.int64(47265), np.int64(12546), np.int64(23413), np.int64(8959), np.int64(11249), np.int64(47553), np.int64(17010), np.int64(9742), np.int64(27561), np.int64(20811), np.int64(615))","(0, 0, 1, 1, 1, 0, 1, 0, 1, 0, 0, 0, 0, 1, 0, 1, 0, 0, 0, 1, 0, 0, 0, 0, 1, 0, 1, 1, 0, 0, 0, 0, 0, 1, 1, 1, 0, 1, 1, 0, 1, 1, 0, 1, 0, 1, 1, 0, 1, 1)"
7.386199,37,206.275123,1,"(np.int64(18266), np.int64(48343), np.int64(2532), np.int64(27708), np.int64(10308), np.int64(14456), np.int64(34121), np.int64(46703), np.int64(21642), np.int64(11375), np.int64(37474), np.int64(23218), np.int64(3118), np.int64(33736), np.int64(33692), np.int64(43027), np.int64(12859), np.int64(35307), np.int64(4242), np.int64(4130), np.int64(31570), np.int64(34060), np.int64(16942), np.int64(24640), np.int64(47638), np.int64(29805), np.int64(9179), np.int64(26006), np.int64(17753), np.int64(49008), np.int64(23088), np.int64(8716), np.int64(44527), np.int64(43646), np.int64(31555), np.int64(32837), np.int64(44332))","(0, 0, 1, 0, 1, 1, 0, 0, 0, 1, 0, 0, 1, 0, 0, 0, 1, 0, 1, 1, 0, 0, 1, 1, 0, 1, 1, 0, 0, 0, 0, 0, 0, 0, 0, 0, 0)"
3.626598,12,206.42138,1,"(np.int64(12172), np.int64(3563), np.int64(38318), np.int64(18304), np.int64(13206), np.int64(16696), np.int64(28315), np.int64(38017), np.int64(36080), np.int64(38588), np.int64(28699), np.int64(10306))","(1, 1, 0, 0, 1, 1, 0, 0, 0, 0, 1, 1)"
13.947931,50,206.992386,1,"(np.int64(30716), np.int64(13100), np.int64(10543), np.int64(27818), np.int64(48362), np.int64(6573), np.int64(43829), np.int64(20857), np.int64(12693), np.int64(12940), np.int64(15063), np.int64(36821), np.int64(40299), np.int64(14464), np.int64(21116), np.int64(4959), np.int64(49046), np.int64(23468), np.int64(43336), np.int64(6128), np.int64(27261), np.int64(34433), np.int64(32386), np.int64(49693), np.int64(491), np.int64(26948), np.int64(13589), np.int64(17120), np.int64(36891), np.int64(32649), np.int64(20788), np.int64(35187), np.int64(10826), np.int64(25412), np.int64(9922), np.int64(27552), np.int64(17917), np.int64(4190), np.int64(30979), np.int64(34871), np.int64(28887), np.int64(34825), np.int64(19340), np.int64(18099), np.int64(33788), np.int64(39721), np.int64(34721), np.int64(31188), np.int64(39490), np.int64(36130))","(0, 1, 0, 1, 1, 1, 0, 1, 1, 1, 1, 1, 0, 1, 0, 1, 0, 1, 0, 1, 1, 0, 0, 0, 1, 0, 1, 1, 0, 0, 0, 0, 1, 1, 1, 0, 0, 1, 0, 0, 1, 0, 1, 0, 0, 0, 0, 0, 0, 0)"
11.27769,50,207.556662,1,"(np.int64(41052), np.int64(4300), np.int64(26569), np.int64(3175), np.int64(21197), np.int64(47044), np.int64(23576), np.int64(3129), np.int64(19942), np.int64(31448), np.int64(14531), np.int64(8217), np.int64(806), np.int64(14240), np.int64(23209), np.int64(47494), np.int64(35557), np.int64(3610), np.int64(15738), np.int64(42077), np.int64(33344), np.int64(41966), np.int64(9061), np.int64(20262), np.int64(33937), np.int64(779), np.int64(38679), np.int64(37142), np.int64(16459), np.int64(40540), np.int64(24070), np.int64(13366), np.int64(18239), np.int64(18786), np.int64(9579), np.int64(40394), np.int64(45903), np.int64(9921), np.int64(14311), np.int64(6040), np.int64(20718), np.int64(33469), np.int64(26955), np.int64(37338), np.int64(9118), np.int64(48454), np.int64(28876), np.int64(41225), np.int64(110), np.int64(29934))","(0, 0, 0, 1, 1, 0, 0, 0, 0, 0, 1, 0, 1, 1, 0, 0, 0, 1, 0, 0, 0, 0, 1, 0, 0, 1, 0, 0, 0, 0, 1, 1, 0, 1, 1, 0, 0, 0, 1, 1, 1, 0, 0, 1, 1, 0, 1, 0, 0, 0)"
9.695675,35,207.956915,1,"(np.int64(25937), np.int64(27408), np.int64(7004), np.int64(2303), np.int64(20718), np.int64(13375), np.int64(12370), np.int64(30352), np.int64(70), np.int64(28813), np.int64(49424), np.int64(34855), np.int64(38325), np.int64(29672), np.int64(41924), np.int64(15377), np.int64(26532), np.int64(6260), np.int64(5520), np.int64(40971), np.int64(36098), np.int64(29212), np.int64(49332), np.int64(32963), np.int64(16870), np.int64(16289), np.int64(13138), np.int64(26224), np.int64(9831), np.int64(24613), np.int64(47210), np.int64(15474), np.int64(14404), np.int64(8745), np.int64(31081))","(0, 0, 1, 0, 1, 1, 1, 0, 1, 1, 0, 0, 1, 0, 0, 1, 0, 0, 1, 0, 0, 1, 0, 0, 0, 1, 0, 1, 1, 1, 0, 0, 1, 1, 0)"
14.36251,50,208.527702,1,"(np.int64(39519), np.int64(45413), np.int64(7670), np.int64(32805), np.int64(8508), np.int64(5334), np.int64(49467), np.int64(3488), np.int64(114), np.int64(41449), np.int64(4484), np.int64(34827), np.int64(46166), np.int64(48468), np.int64(39642), np.int64(28063), np.int64(12224), np.int64(5541), np.int64(5704), np.int64(13633), np.int64(46438), np.int64(18165), np.int64(40929), np.int64(28859), np.int64(44832), np.int64(10763), np.int64(10748), np.int64(24964), np.int64(46629), np.int64(16952), np.int64(36473), np.int64(3817), np.int64(6451), np.int64(43529), np.int64(19772), np.int64(37398), np.int64(18139), np.int64(40527), np.int64(17454), np.int64(20707), np.int64(49483), np.int64(20579), np.int64(10270), np.int64(35524), np.int64(19050), np.int64(18362), np.int64(24099), np.int64(32638), np.int64(14413), np.int64(17429))","(0, 0, 1, 0, 1, 1, 0, 1, 1, 0, 1, 0, 0, 0, 0, 1, 1, 1, 1, 1, 0, 0, 0, 1, 0, 0, 1, 0, 0, 1, 0, 1, 1, 0, 1, 0, 0, 0, 0, 1, 0, 1, 1, 0, 1, 0, 1, 0, 1, 0)"
3.578217,11,208.654836,1,"(np.int64(27869), np.int64(42934), np.int64(23174), np.int64(23166), np.int64(14969), np.int64(41680), np.int64(24336), np.int64(4770), np.int64(873), np.int64(8144), np.int64(8255))","(1, 0, 0, 0, 1, 0, 0, 1, 1, 1, 1)"
13.646227,50,209.221134,1,"(np.int64(33868), np.int64(5110), np.int64(47751), np.int64(6430), np.int64(30888), np.int64(13393), np.int64(37850), np.int64(24036), np.int64(17695), np.int64(8334), np.int64(19844), np.int64(7071), np.int64(16023), np.int64(5045), np.int64(43004), np.int64(19535), np.int64(42059), np.int64(9794), np.int64(18826), np.int64(22795), np.int64(46856), np.int64(9641), np.int64(24551), np.int64(45032), np.int64(36004), np.int64(21459), np.int64(566), np.int64(7784), np.int64(7408), np.int64(37316), np.int64(21765), np.int64(31560), np.int64(823), np.int64(42098), np.int64(49690), np.int64(16117), np.int64(15181), np.int64(31949), np.int64(18302), np.int64(35439), np.int64(45686), np.int64(27300), np.int64(47192), np.int64(15857), np.int64(4943), np.int64(30830), np.int64(38773), np.int64(33601), np.int64(5859), np.int64(405))","(0, 1, 0, 1, 0, 1, 0, 1, 0, 1, 1, 0, 1, 1, 0, 1, 0, 1, 0, 0, 0, 1, 1, 0, 0, 0, 1, 1, 1, 0, 1, 0, 0, 0, 0, 1, 1, 0, 0, 0, 0, 0, 0, 1, 1, 0, 0, 0, 1, 1)"
5.478394,19,209.443664,1,"(np.int64(31456), np.int64(48486), np.int64(36161), np.int64(36144), np.int64(20680), np.int64(7310), np.int64(19386), np.int64(26043), np.int64(4044), np.int64(49636), np.int64(8465), np.int64(8760), np.int64(33705), np.int64(10103), np.int64(20131), np.int64(207), np.int64(7144), np.int64(22681), np.int64(38575))","(0, 0, 0, 0, 1, 1, 1, 0, 1, 0, 1, 0, 0, 1, 1, 1, 1, 0, 0)"
12.963907,50,210.018858,1,"(np.int64(47605), np.int64(38789), np.int64(47649), np.int64(33522), np.int64(23281), np.int64(34814), np.int64(19677), np.int64(2748), np.int64(30240), np.int64(42004), np.int64(29709), np.int64(604), np.int64(48669), np.int64(6774), np.int64(18567), np.int64(31987), np.int64(39261), np.int64(22447), np.int64(37685), np.int64(10220), np.int64(30315), np.int64(4124), np.int64(5443), np.int64(35159), np.int64(44119), np.int64(28375), np.int64(16125), np.int64(20829), np.int64(22183), np.int64(27302), np.int64(3398), np.int64(46707), np.int64(33048), np.int64(34414), np.int64(38036), np.int64(8581), np.int64(5380), np.int64(37217), np.int64(3645), np.int64(30333), np.int64(11402), np.int64(27328), np.int64(25477), np.int64(19503), np.int64(7142), np.int64(12460), np.int64(2482), np.int64(11866), np.int64(44074), np.int64(47148))","(0, 0, 0, 0, 1, 0, 1, 1, 0, 0, 0, 1, 0, 1, 0, 0, 0, 0, 0, 1, 0, 1, 1, 0, 0, 0, 1, 1, 0, 1, 1, 0, 0, 0, 0, 1, 1, 0, 1, 0, 1, 0, 1, 1, 1, 1, 0, 1, 0, 0)"
9.803779,46,210.531109,1,"(np.int64(12879), np.int64(22743), np.int64(16355), np.int64(6947), np.int64(43565), np.int64(29703), np.int64(2667), np.int64(27482), np.int64(1917), np.int64(3594), np.int64(42486), np.int64(10357), np.int64(37238), np.int64(8704), np.int64(9683), np.int64(10351), np.int64(47682), np.int64(14971), np.int64(49103), np.int64(28268), np.int64(49860), np.int64(17847), np.int64(46670), np.int64(45474), np.int64(949), np.int64(12052), np.int64(29263), np.int64(26206), np.int64(34941), np.int64(36727), np.int64(40223), np.int64(47308), np.int64(12859), np.int64(22255), np.int64(3742), np.int64(42729), np.int64(47968), np.int64(42925), np.int64(44084), np.int64(48858), np.int64(7891), np.int64(7611), np.int64(24912), np.int64(36054), np.int64(21742), np.int64(48599))","(0, 0, 1, 1, 0, 0, 0, 0, 1, 1, 0, 1, 0, 0, 1, 1, 0, 1, 0, 0, 0, 0, 0, 0, 1, 1, 1, 0, 0, 0, 0, 0, 1, 0, 0, 0, 0, 0, 0, 0, 1, 1, 0, 0, 1, 0)"
7.447452,25,210.819217,1,"(np.int64(5403), np.int64(11354), np.int64(37055), np.int64(18033), np.int64(49163), np.int64(14022), np.int64(47933), np.int64(12884), np.int64(34372), np.int64(7797), np.int64(22220), np.int64(18928), np.int64(35397), np.int64(16987), np.int64(1195), np.int64(26972), np.int64(23146), np.int64(13036), np.int64(26892), np.int64(29348), np.int64(6759), np.int64(2891), np.int64(29696), np.int64(25175), np.int64(13412))","(1, 0, 0, 0, 0, 1, 0, 0, 0, 1, 1, 1, 0, 1, 1, 0, 0, 1, 0, 1, 1, 1, 0, 0, 1)"
3.078269,8,210.916229,1,"(np.int64(10803), np.int64(7534), np.int64(26238), np.int64(6141), np.int64(44058), np.int64(29735), np.int64(38515), np.int64(22109))","(1, 1, 1, 1, 0, 0, 0, 1)"
11.739594,50,211.479079,1,"(np.int64(41955), np.int64(19845), np.int64(28465), np.int64(32952), np.int64(21618), np.int64(36420), np.int64(43165), np.int64(35332), np.int64(37542), np.int64(32879), np.int64(29087), np.int64(18165), np.int64(9091), np.int64(44764), np.int64(19965), np.int64(37201), np.int64(28162), np.int64(43810), np.int64(29811), np.int64(35170), np.int64(45258), np.int64(23537), np.int64(12402), np.int64(38846), np.int64(47151), np.int64(15643), np.int64(9460), np.int64(18781), np.int64(38301), np.int64(30674), np.int64(49654), np.int64(38880), np.int64(9051), np.int64(16904), np.int64(16042), np.int64(6141), np.int64(11746), np.int64(3963), np.int64(39074), np.int64(36459), np.int64(514), np.int64(8597), np.int64(19598), np.int64(16210), np.int64(5646), np.int64(45767), np.int64(7367), np.int64(15817), np.int64(20894), np.int64(7422))","(0, 1, 0, 0, 0, 0, 0, 0, 0, 0, 1, 0, 1, 0, 0, 0, 0, 0, 0, 0, 0, 0, 1, 0, 0, 1, 1, 0, 0, 0, 0, 0, 1, 1, 1, 1, 1, 1, 0, 0, 1, 0, 1, 1, 1, 0, 1, 0, 1, 1)"
13.722247,50,212.037922,1,"(np.int64(32285), np.int64(37751), np.int64(12717), np.int64(5106), np.int64(30362), np.int64(41560), np.int64(40544), np.int64(31705), np.int64(44791), np.int64(4185), np.int64(15268), np.int64(46655), np.int64(31100), np.int64(35111), np.int64(63), np.int64(24252), np.int64(9770), np.int64(13860), np.int64(44204), np.int64(21380), np.int64(20017), np.int64(22947), np.int64(111), np.int64(7933), np.int64(19241), np.int64(26084), np.int64(29279), np.int64(47708), np.int64(7104), np.int64(44308), np.int64(38973), np.int64(28534), np.int64(42248), np.int64(23603), np.int64(23417), np.int64(2577), np.int64(46015), np.int64(36041), np.int64(20795), np.int64(43134), np.int64(19107), np.int64(13875), np.int64(24012), np.int64(1186), np.int64(31585), np.int64(22390), np.int64(22129), np.int64(16779), np.int64(46639), np.int64(15790))","(0, 0, 1, 1, 0, 0, 0, 0, 0, 1, 1, 0, 0, 0, 1, 0, 1, 1, 0, 1, 1, 0, 1, 1, 1, 1, 1, 0, 1, 0, 0, 0, 0, 1, 1, 1, 0, 0, 1, 0, 1, 0, 0, 1, 0, 0, 0, 1, 0, 0)"
6.178465,24,212.30489,1,"(np.int64(8582), np.int64(35105), np.int64(48527), np.int64(3127), np.int64(42101), np.int64(25850), np.int64(12985), np.int64(15005), np.int64(12500), np.int64(47502), np.int64(25422), np.int64(30773), np.int64(2822), np.int64(45850), np.int64(29560), np.int64(49508), np.int64(44050), np.int64(9704), np.int64(34333), np.int64(16873), np.int64(33274), np.int64(21463), np.int64(1854), np.int64(40205))","(1, 0, 0, 1, 0, 0, 1, 1, 1, 0, 1, 0, 1, 0, 0, 0, 0, 1, 0, 0, 0, 1, 1, 0)"
2.98074,15,212.475059,1,"(np.int64(40804), np.int64(26505), np.int64(36948), np.int64(40932), np.int64(11788), np.int64(25944), np.int64(3432), np.int64(31394), np.int64(27747), np.int64(31516), np.int64(12612), np.int64(47492), np.int64(7583), np.int64(15676), np.int64(8475))","(0, 1, 0, 0, 0, 0, 1, 1, 0, 0, 1, 0, 0, 0, 1)"
5.713129,21,212.723043,1,"(np.int64(12333), np.int64(24914), np.int64(15549), np.int64(35734), np.int64(44319), np.int64(6750), np.int64(29375), np.int64(33415), np.int64(18983), np.int64(20705), np.int64(3718), np.int64(42044), np.int64(45688), np.int64(12099), np.int64(20036), np.int64(46875), np.int64(31751), np.int64(10363), np.int64(7595), np.int64(2689), np.int64(35150))","(0, 0, 0, 1, 0, 1, 0, 0, 1, 0, 1, 0, 0, 1, 1, 0, 0, 1, 1, 1, 0)"
8.910372,32,213.081912,1,"(np.int64(22751), np.int64(10233), np.int64(15933), np.int64(49346), np.int64(22769), np.int64(32182), np.int64(29553), np.int64(26988), np.int64(18560), np.int64(28554), np.int64(956), np.int64(29550), np.int64(31088), np.int64(32805), np.int64(5970), np.int64(16835), np.int64(15680), np.int64(19045), np.int64(31847), np.int64(18797), np.int64(9834), np.int64(15317), np.int64(556), np.int64(26230), np.int64(34432), np.int64(41061), np.int64(2409), np.int64(6521), np.int64(18244), np.int64(19275), np.int64(34017), np.int64(9913))","(0, 1, 1, 0, 0, 0, 0, 0, 0, 1, 1, 0, 0, 0, 1, 1, 1, 0, 0, 0, 1, 1, 1, 1, 0, 0, 0, 1, 0, 1, 0, 1)"
9.530698,50,213.644622,1,"(np.int64(29524), np.int64(10573), np.int64(1847), np.int64(2729), np.int64(34632), np.int64(3699), np.int64(33880), np.int64(12884), np.int64(49701), np.int64(46668), np.int64(45552), np.int64(15856), np.int64(47370), np.int64(31652), np.int64(23304), np.int64(38974), np.int64(47149), np.int64(18115), np.int64(45636), np.int64(23606), np.int64(8151), np.int64(46728), np.int64(26854), np.int64(40696), np.int64(47779), np.int64(28163), np.int64(3030), np.int64(17578), np.int64(46929), np.int64(48563), np.int64(8594), np.int64(26840), np.int64(42677), np.int64(12736), np.int64(48303), np.int64(17241), np.int64(8423), np.int64(6910), np.int64(36039), np.int64(16383), np.int64(42757), np.int64(43984), np.int64(15916), np.int64(38726), np.int64(16750), np.int64(31523), np.int64(9491), np.int64(2791), np.int64(33492), np.int64(3246))","(0, 0, 1, 1, 0, 1, 0, 0, 0, 0, 0, 1, 0, 0, 0, 0, 0, 0, 0, 1, 1, 0, 0, 0, 0, 0, 1, 0, 0, 0, 1, 0, 0, 0, 0, 0, 1, 1, 0, 1, 0, 0, 0, 0, 1, 0, 1, 1, 0, 1)"
13.297094,50,214.191524,1,"(np.int64(43955), np.int64(4423), np.int64(49082), np.int64(24020), np.int64(38713), np.int64(13147), np.int64(22840), np.int64(15997), np.int64(32678), np.int64(35301), np.int64(49324), np.int64(17794), np.int64(14651), np.int64(47873), np.int64(39512), np.int64(28293), np.int64(4591), np.int64(14852), np.int64(31362), np.int64(39352), np.int64(13726), np.int64(29140), np.int64(903), np.int64(34099), np.int64(21794), np.int64(46867), np.int64(42607), np.int64(21347), np.int64(11109), np.int64(45428), np.int64(13323), np.int64(31658), np.int64(49190), np.int64(23357), np.int64(11186), np.int64(43016), np.int64(34781), np.int64(21643), np.int64(2685), np.int64(7737), np.int64(48203), np.int64(1845), np.int64(2653), np.int64(31870), np.int64(23753), np.int64(31832), np.int64(11051), np.int64(16154), np.int64(37412), np.int64(22620))","(0, 1, 0, 1, 0, 1, 0, 1, 0, 0, 0, 1, 1, 0, 0, 0, 1, 1, 1, 0, 0, 1, 0, 0, 1, 0, 0, 1, 1, 0, 1, 0, 0, 0, 1, 0, 0, 1, 1, 1, 0, 1, 1, 0, 0, 0, 0, 1, 0, 0)"
10.834417,50,214.753195,1,"(np.int64(25402), np.int64(2245), np.int64(38103), np.int64(32197), np.int64(42183), np.int64(25829), np.int64(21355), np.int64(39407), np.int64(38528), np.int64(49219), np.int64(34595), np.int64(20315), np.int64(3587), np.int64(9406), np.int64(39817), np.int64(44808), np.int64(35377), np.int64(45282), np.int64(44997), np.int64(2600), np.int64(36780), np.int64(33007), np.int64(39104), np.int64(31873), np.int64(28684), np.int64(47559), np.int64(27444), np.int64(40202), np.int64(41474), np.int64(18816), np.int64(36607), np.int64(38371), np.int64(20018), np.int64(16888), np.int64(14043), np.int64(23582), np.int64(32565), np.int64(23735), np.int64(10074), np.int64(24474), np.int64(21323), np.int64(22570), np.int64(32085), np.int64(27373), np.int64(10441), np.int64(14738), np.int64(7429), np.int64(14666), np.int64(2711), np.int64(26764))","(0, 0, 0, 0, 0, 0, 1, 0, 0, 0, 0, 0, 1, 1, 0, 0, 0, 0, 0, 1, 0, 0, 0, 0, 1, 0, 0, 0, 0, 0, 0, 0, 1, 1, 1, 1, 0, 0, 0, 1, 1, 0, 0, 1, 1, 1, 1, 1, 1, 1)"
6.975008,25,215.040121,1,"(np.int64(10322), np.int64(6171), np.int64(22357), np.int64(20827), np.int64(13594), np.int64(4735), np.int64(25646), np.int64(6799), np.int64(32630), np.int64(7287), np.int64(11429), np.int64(33631), np.int64(49018), np.int64(42122), np.int64(15320), np.int64(9207), np.int64(6006), np.int64(463), np.int64(49872), np.int64(25697), np.int64(18714), np.int64(32465), np.int64(21385), np.int64(3934), np.int64(34620))","(1, 1, 0, 1, 0, 0, 1, 1, 0, 1, 1, 0, 0, 0, 1, 1, 1, 1, 0, 0, 0, 0, 0, 0, 0)"
13.63826,50,215.604226,1,"(np.int64(12555), np.int64(37631), np.int64(27375), np.int64(38347), np.int64(13046), np.int64(37513), np.int64(3602), np.int64(870), np.int64(22407), np.int64(38710), np.int64(44684), np.int64(35351), np.int64(30382), np.int64(20077), np.int64(6297), np.int64(10571), np.int64(27297), np.int64(34752), np.int64(2408), np.int64(29042), np.int64(5578), np.int64(27475), np.int64(1385), np.int64(10711), np.int64(9558), np.int64(24204), np.int64(34333), np.int64(33428), np.int64(48147), np.int64(29620), np.int64(21449), np.int64(24078), np.int64(41712), np.int64(37320), np.int64(6225), np.int64(11314), np.int64(8208), np.int64(8415), np.int64(1098), np.int64(33407), np.int64(26976), np.int64(19128), np.int64(14999), np.int64(42862), np.int64(36043), np.int64(35161), np.int64(29671), np.int64(31940), np.int64(18406), np.int64(12189))","(1, 1, 0, 0, 1, 0, 1, 1, 0, 0, 0, 0, 0, 0, 1, 1, 1, 0, 0, 1, 1, 0, 1, 1, 1, 0, 0, 0, 0, 0, 1, 1, 0, 0, 1, 1, 1, 1, 1, 0, 0, 0, 1, 0, 0, 0, 0, 0, 0, 1)"
15.053874,50,216.166567,1,"(np.int64(46190), np.int64(1274), np.int64(9411), np.int64(32802), np.int64(45447), np.int64(23740), np.int64(17185), np.int64(19582), np.int64(2252), np.int64(32768), np.int64(12868), np.int64(18938), np.int64(21508), np.int64(43402), np.int64(46293), np.int64(19417), np.int64(23419), np.int64(38304), np.int64(36966), np.int64(37808), np.int64(2290), np.int64(41517), np.int64(24883), np.int64(1834), np.int64(8639), np.int64(35456), np.int64(9095), np.int64(1939), np.int64(11353), np.int64(8064), np.int64(28936), np.int64(35749), np.int64(22413), np.int64(26367), np.int64(16647), np.int64(257), np.int64(19170), np.int64(34230), np.int64(14545), np.int64(13065), np.int64(2861), np.int64(44771), np.int64(11777), np.int64(19320), np.int64(22057), np.int64(48909), np.int64(25713), np.int64(35016), np.int64(9922), np.int64(21091))","(0, 1, 1, 0, 0, 0, 0, 1, 0, 0, 1, 1, 0, 0, 0, 0, 1, 0, 0, 0, 0, 0, 0, 1, 1, 0, 1, 1, 1, 1, 1, 0, 0, 1, 1, 1, 1, 0, 1, 1, 1, 0, 1, 1, 1, 0, 0, 0, 1, 0)"
10.809467,41,216.631715,1,"(np.int64(11200), np.int64(49879), np.int64(789), np.int64(35437), np.int64(36950), np.int64(4382), np.int64(20717), np.int64(1159), np.int64(21453), np.int64(23770), np.int64(4377), np.int64(46019), np.int64(43903), np.int64(36260), np.int64(22586), np.int64(1068), np.int64(42128), np.int64(47757), np.int64(10398), np.int64(31307), np.int64(28199), np.int64(37042), np.int64(4168), np.int64(32371), np.int64(23424), np.int64(23575), np.int64(39633), np.int64(7386), np.int64(36475), np.int64(33245), np.int64(41771), np.int64(38517), np.int64(22196), np.int64(24747), np.int64(30381), np.int64(33854), np.int64(13322), np.int64(42549), np.int64(28987), np.int64(478), np.int64(33980))","(1, 0, 1, 0, 0, 1, 1, 1, 0, 1, 1, 0, 0, 0, 0, 1, 0, 0, 1, 1, 0, 0, 1, 0, 1, 0, 0, 1, 0, 0, 0, 0, 0, 1, 0, 0, 1, 0, 1, 1, 0)"
9.239007,43,217.137371,1,"(np.int64(37219), np.int64(23753), np.int64(33795), np.int64(39470), np.int64(1120), np.int64(37917), np.int64(42513), np.int64(24053), np.int64(47150), np.int64(39661), np.int64(41709), np.int64(46311), np.int64(4686), np.int64(32785), np.int64(22463), np.int64(42965), np.int64(20774), np.int64(5186), np.int64(42882), np.int64(1566), np.int64(18328), np.int64(3719), np.int64(5250), np.int64(35721), np.int64(11798), np.int64(16601), np.int64(10599), np.int64(8643), np.int64(8657), np.int64(46077), np.int64(19893), np.int64(19316), np.int64(24307), np.int64(32972), np.int64(13786), np.int64(33729), np.int64(38745), np.int64(21874), np.int64(9717), np.int64(26968), np.int64(48435), np.int64(43599), np.int64(41284))","(0, 0, 0, 0, 1, 0, 0, 1, 0, 0, 0, 0, 1, 0, 0, 0, 1, 1, 0, 1, 0, 1, 1, 0, 1, 0, 1, 1, 0, 0, 1, 1, 0, 0, 0, 0, 0, 1, 1, 0, 0, 0, 0)"
4.392455,16,217.314735,1,"(np.int64(3032), np.int64(9169), np.int64(32364), np.int64(17723), np.int64(14786), np.int64(22163), np.int64(21102), np.int64(38203), np.int64(14321), np.int64(14044), np.int64(45227), np.int64(9344), np.int64(47465), np.int64(48883), np.int64(37684), np.int64(39341))","(1, 0, 0, 0, 1, 1, 1, 0, 1, 1, 0, 1, 0, 0, 0, 0)"
15.298066,50,218.05787,1,"(np.int64(49481), np.int64(680), np.int64(17875), np.int64(889), np.int64(35034), np.int64(43226), np.int64(37084), np.int64(9110), np.int64(18085), np.int64(223), np.int64(4946), np.int64(13577), np.int64(11610), np.int64(30819), np.int64(37863), np.int64(30254), np.int64(49539), np.int64(6707), np.int64(49777), np.int64(30993), np.int64(1102), np.int64(17530), np.int64(35300), np.int64(48128), np.int64(8908), np.int64(12327), np.int64(17712), np.int64(25895), np.int64(8181), np.int64(2668), np.int64(9199), np.int64(37952), np.int64(1150), np.int64(3983), np.int64(23636), np.int64(45699), np.int64(30817), np.int64(1033), np.int64(9722), np.int64(7593), np.int64(36541), np.int64(26586), np.int64(29140), np.int64(35822), np.int64(23557), np.int64(10297), np.int64(5575), np.int64(41224), np.int64(1128), np.int64(3192))","(0, 1, 0, 0, 0, 0, 0, 1, 0, 1, 1, 1, 1, 0, 0, 0, 0, 1, 0, 0, 1, 0, 0, 0, 1, 1, 0, 0, 1, 1, 1, 0, 1, 1, 1, 0, 0, 0, 1, 1, 0, 1, 1, 0, 1, 1, 1, 0, 1, 0)"
6.768374,33,218.436565,1,"(np.int64(10949), np.int64(31858), np.int64(49479), np.int64(47028), np.int64(32607), np.int64(35866), np.int64(35072), np.int64(37641), np.int64(41891), np.int64(15400), np.int64(33086), np.int64(11856), np.int64(370), np.int64(28132), np.int64(38974), np.int64(31934), np.int64(45288), np.int64(24561), np.int64(21224), np.int64(30333), np.int64(10532), np.int64(28550), np.int64(108), np.int64(40819), np.int64(19558), np.int64(40060), np.int64(26141), np.int64(9014), np.int64(7770), np.int64(45836), np.int64(35157), np.int64(48827), np.int64(42920))","(1, 0, 0, 0, 0, 0, 0, 1, 0, 1, 0, 1, 1, 1, 0, 0, 0, 0, 1, 0, 0, 0, 1, 0, 0, 0, 1, 1, 1, 0, 0, 0, 0)"
13.943631,50,218.99686,1,"(np.int64(15814), np.int64(9125), np.int64(27212), np.int64(23206), np.int64(43968), np.int64(11780), np.int64(16120), np.int64(6367), np.int64(4553), np.int64(42787), np.int64(2179), np.int64(15918), np.int64(26612), np.int64(1774), np.int64(39930), np.int64(49202), np.int64(10302), np.int64(39210), np.int64(10909), np.int64(14807), np.int64(40558), np.int64(46001), np.int64(6966), np.int64(42160), np.int64(21870), np.int64(49840), np.int64(14110), np.int64(44287), np.int64(17068), np.int64(22401), np.int64(27056), np.int64(26704), np.int64(45444), np.int64(17487), np.int64(16992), np.int64(29437), np.int64(44511), np.int64(2584), np.int64(21722), np.int64(36124), np.int64(5474), np.int64(14123), np.int64(22571), np.int64(26616), np.int64(6768), np.int64(24979), np.int64(45655), np.int64(10530), np.int64(31800), np.int64(45436))","(1, 1, 0, 0, 0, 1, 1, 1, 1, 0, 1, 1, 0, 1, 0, 0, 1, 0, 1, 1, 0, 0, 1, 0, 1, 0, 1, 0, 1, 0, 0, 0, 0, 0, 1, 0, 0, 1, 1, 0, 1, 1, 0, 0, 1, 1, 0, 0, 0, 0)"
4.28838,23,219.256995,1,"(np.int64(42657), np.int64(41916), np.int64(863), np.int64(25866), np.int64(17018), np.int64(29587), np.int64(13569), np.int64(46435), np.int64(25446), np.int64(14255), np.int64(10337), np.int64(44053), np.int64(4066), np.int64(38068), np.int64(30371), np.int64(14725), np.int64(49331), np.int64(24406), np.int64(17156), np.int64(27793), np.int64(18732), np.int64(41478), np.int64(41965))","(0, 0, 1, 0, 1, 0, 1, 0, 1, 0, 1, 0, 1, 0, 0, 1, 0, 0, 0, 0, 0, 0, 0)"
4.819672,24,219.532247,1,"(np.int64(30225), np.int64(36765), np.int64(45751), np.int64(37515), np.int64(35994), np.int64(18069), np.int64(4285), np.int64(12973), np.int64(23016), np.int64(21576), np.int64(48164), np.int64(15965), np.int64(9661), np.int64(48119), np.int64(17188), np.int64(37463), np.int64(21529), np.int64(10298), np.int64(25856), np.int64(248), np.int64(18481), np.int64(4885), np.int64(44663), np.int64(5661))","(0, 0, 0, 0, 0, 0, 1, 1, 0, 0, 0, 1, 1, 0, 0, 0, 0, 0, 1, 1, 0, 1, 0, 1)"
6.699178,28,219.85353,1,"(np.int64(43976), np.int64(38638), np.int64(28038), np.int64(5680), np.int64(24950), np.int64(23561), np.int64(24223), np.int64(17970), np.int64(3266), np.int64(24519), np.int64(4256), np.int64(25149), np.int64(14200), np.int64(25910), np.int64(16394), np.int64(17967), np.int64(22063), np.int64(4314), np.int64(10306), np.int64(4090), np.int64(19567), np.int64(9806), np.int64(27655), np.int64(10629), np.int64(26894), np.int64(28314), np.int64(28861), np.int64(18206))","(0, 0, 0, 1, 1, 0, 0, 0, 1, 0, 1, 1, 1, 0, 1, 0, 0, 1, 1, 1, 0, 0, 0, 1, 0, 0, 0, 0)"
5.946014,22,220.107284,1,"(np.int64(18861), np.int64(11798), np.int64(28403), np.int64(6964), np.int64(4482), np.int64(35729), np.int64(30030), np.int64(49093), np.int64(48727), np.int64(26659), np.int64(6150), np.int64(41857), np.int64(11838), np.int64(3882), np.int64(16143), np.int64(47836), np.int64(4150), np.int64(6923), np.int64(47772), np.int64(42008), np.int64(21647), np.int64(18102))","(0, 1, 0, 1, 1, 0, 0, 0, 0, 0, 1, 0, 1, 1, 1, 0, 1, 1, 0, 0, 0, 0)"
6.894559,28,220.420558,1,"(np.int64(37644), np.int64(16317), np.int64(29080), np.int64(21425), np.int64(36743), np.int64(11025), np.int64(9911), np.int64(7489), np.int64(37770), np.int64(21697), np.int64(42306), np.int64(45609), np.int64(24180), np.int64(44174), np.int64(30278), np.int64(47424), np.int64(49990), np.int64(34806), np.int64(5620), np.int64(28832), np.int64(23671), np.int64(8919), np.int64(6884), np.int64(36448), np.int64(5605), np.int64(6753), np.int64(18421), np.int64(3526))","(0, 1, 0, 0, 0, 1, 1, 1, 0, 1, 0, 0, 0, 0, 0, 0, 0, 0, 1, 1, 0, 1, 1, 0, 0, 1, 0, 1)"
12.800729,50,220.982382,1,"(np.int64(7893), np.int64(29227), np.int64(33669), np.int64(24516), np.int64(3796), np.int64(38598), np.int64(16303), np.int64(4231), np.int64(6719), np.int64(22656), np.int64(1120), np.int64(38971), np.int64(47848), np.int64(13630), np.int64(23182), np.int64(12574), np.int64(33938), np.int64(33605), np.int64(38339), np.int64(10340), np.int64(32116), np.int64(20654), np.int64(25768), np.int64(16504), np.int64(32789), np.int64(43671), np.int64(46711), np.int64(24997), np.int64(45307), np.int64(1188), np.int64(115), np.int64(38664), np.int64(30767), np.int64(21796), np.int64(32882), np.int64(33737), np.int64(45759), np.int64(1070), np.int64(39219), np.int64(37442), np.int64(15719), np.int64(21350), np.int64(1723), np.int64(5922), np.int64(26840), np.int64(12340), np.int64(36438), np.int64(29515), np.int64(12025), np.int64(28560))","(1, 1, 0, 0, 1, 0, 0, 1, 1, 0, 1, 0, 0, 1, 0, 1, 0, 0, 0, 1, 0, 1, 0, 1, 0, 0, 0, 1, 0, 1, 1, 0, 0, 0, 0, 0, 0, 1, 0, 0, 0, 1, 1, 1, 0, 1, 0, 0, 1, 0)"
15.289945,50,221.545118,1,"(np.int64(9003), np.int64(1005), np.int64(34199), np.int64(37770), np.int64(17138), np.int64(23354), np.int64(18817), np.int64(18496), np.int64(7709), np.int64(30281), np.int64(36789), np.int64(27870), np.int64(21931), np.int64(18115), np.int64(9185), np.int64(1819), np.int64(28824), np.int64(32639), np.int64(2130), np.int64(563), np.int64(21392), np.int64(30806), np.int64(38518), np.int64(20097), np.int64(15052), np.int64(3404), np.int64(40383), np.int64(24610), np.int64(27699), np.int64(8733), np.int64(29289), np.int64(26287), np.int64(5769), np.int64(15804), np.int64(5682), np.int64(37573), np.int64(1266), np.int64(6640), np.int64(36459), np.int64(35795), np.int64(32648), np.int64(2657), np.int64(20061), np.int64(49737), np.int64(48111), np.int64(7592), np.int64(42610), np.int64(41511), np.int64(17374), np.int64(5549))","(0, 1, 0, 0, 0, 0, 1, 0, 1, 0, 0, 1, 1, 0, 1, 1, 1, 0, 1, 1, 1, 0, 0, 1, 1, 1, 0, 0, 1, 1, 1, 0, 0, 1, 0, 0, 1, 1, 0, 0, 0, 1, 1, 0, 0, 1, 0, 0, 1, 1)"
14.910593,50,222.103613,1,"(np.int64(31958), np.int64(17398), np.int64(13295), np.int64(2273), np.int64(27692), np.int64(10908), np.int64(1101), np.int64(6207), np.int64(43160), np.int64(7451), np.int64(43085), np.int64(13996), np.int64(2675), np.int64(23704), np.int64(5654), np.int64(19567), np.int64(22091), np.int64(34740), np.int64(19357), np.int64(42873), np.int64(11192), np.int64(15964), np.int64(21119), np.int64(16301), np.int64(6303), np.int64(38061), np.int64(19434), np.int64(40087), np.int64(31080), np.int64(3851), np.int64(4085), np.int64(18280), np.int64(17500), np.int64(7623), np.int64(32689), np.int64(12001), np.int64(48959), np.int64(21888), np.int64(12722), np.int64(31762), np.int64(35250), np.int64(2790), np.int64(29079), np.int64(40201), np.int64(10158), np.int64(4088), np.int64(37226), np.int64(8910), np.int64(32259), np.int64(25250))","(0, 0, 1, 0, 0, 1, 1, 1, 0, 1, 0, 1, 0, 0, 1, 0, 1, 0, 1, 0, 1, 1, 0, 1, 1, 0, 1, 0, 0, 0, 1, 0, 0, 1, 0, 1, 0, 1, 1, 0, 0, 1, 1, 0, 1, 1, 0, 1, 0, 0)"
12.823869,50,222.652713,1,"(np.int64(23764), np.int64(11480), np.int64(33148), np.int64(1471), np.int64(22570), np.int64(7901), np.int64(38096), np.int64(6232), np.int64(36695), np.int64(9443), np.int64(1903), np.int64(19330), np.int64(36027), np.int64(30494), np.int64(41235), np.int64(39633), np.int64(14318), np.int64(41833), np.int64(33732), np.int64(11720), np.int64(44141), np.int64(48770), np.int64(22862), np.int64(5921), np.int64(34776), np.int64(41482), np.int64(18700), np.int64(8156), np.int64(41802), np.int64(32534), np.int64(40218), np.int64(50026), np.int64(12899), np.int64(23515), np.int64(22412), np.int64(14868), np.int64(30515), np.int64(15989), np.int64(20318), np.int64(39635), np.int64(27926), np.int64(8234), np.int64(1948), np.int64(7151), np.int64(39970), np.int64(34760), np.int64(16945), np.int64(36811), np.int64(9375), np.int64(28219))","(0, 1, 0, 1, 0, 1, 0, 1, 0, 1, 1, 1, 0, 0, 0, 0, 1, 0, 0, 0, 0, 0, 0, 1, 0, 0, 0, 1, 0, 0, 0, 0, 1, 1, 0, 1, 0, 1, 1, 0, 1, 1, 1, 1, 0, 0, 1, 0, 1, 0)"
15.115023,50,223.213014,1,"(np.int64(34242), np.int64(2245), np.int64(12867), np.int64(16276), np.int64(11592), np.int64(40342), np.int64(9949), np.int64(47107), np.int64(42745), np.int64(35846), np.int64(45813), np.int64(36732), np.int64(31011), np.int64(15976), np.int64(16037), np.int64(47768), np.int64(42510), np.int64(10226), np.int64(4380), np.int64(44958), np.int64(12812), np.int64(6937), np.int64(16559), np.int64(3610), np.int64(9976), np.int64(7807), np.int64(49299), np.int64(27233), np.int64(15977), np.int64(831), np.int64(12621), np.int64(29384), np.int64(19947), np.int64(49676), np.int64(18399), np.int64(44372), np.int64(31501), np.int64(34278), np.int64(36200), np.int64(19645), np.int64(3403), np.int64(27912), np.int64(44273), np.int64(24275), np.int64(15281), np.int64(44854), np.int64(16647), np.int64(7935), np.int64(44893), np.int64(11476))","(0, 0, 1, 0, 1, 0, 1, 0, 0, 0, 0, 0, 0, 1, 1, 0, 0, 1, 1, 0, 1, 1, 1, 1, 1, 1, 0, 0, 1, 1, 1, 1, 1, 0, 0, 0, 0, 0, 0, 1, 1, 1, 0, 0, 1, 0, 1, 1, 0, 1)"
9.029312,33,223.583281,1,"(np.int64(32852), np.int64(4467), np.int64(40648), np.int64(18037), np.int64(31132), np.int64(10956), np.int64(11186), np.int64(40995), np.int64(26638), np.int64(21902), np.int64(36725), np.int64(416), np.int64(11616), np.int64(27685), np.int64(14447), np.int64(16454), np.int64(35447), np.int64(25299), np.int64(10897), np.int64(18353), np.int64(25650), np.int64(43152), np.int64(22326), np.int64(36334), np.int64(17247), np.int64(5474), np.int64(26531), np.int64(20225), np.int64(7980), np.int64(37742), np.int64(23342), np.int64(48711), np.int64(39531))","(0, 1, 0, 0, 0, 1, 1, 0, 0, 1, 0, 1, 1, 0, 1, 1, 0, 1, 1, 0, 1, 0, 0, 0, 0, 1, 1, 1, 1, 0, 0, 0, 0)"
5.923824,19,223.801153,1,"(np.int64(38300), np.int64(13888), np.int64(29047), np.int64(28326), np.int64(42339), np.int64(49071), np.int64(17787), np.int64(726), np.int64(5192), np.int64(14651), np.int64(27248), np.int64(12374), np.int64(20375), np.int64(37451), np.int64(13983), np.int64(15078), np.int64(26988), np.int64(15101), np.int64(47756))","(0, 1, 1, 0, 0, 0, 0, 1, 1, 1, 1, 1, 0, 0, 1, 1, 0, 1, 0)"
10.424363,24,224.079506,1,"(np.int64(7888), np.int64(28487), np.int64(14662), np.int64(43340), np.int64(6783), np.int64(3609), np.int64(42757), np.int64(4805), np.int64(7696), np.int64(28676), np.int64(9379), np.int64(330), np.int64(804), np.int64(9225), np.int64(3115), np.int64(39788), np.int64(24791), np.int64(18837), np.int64(23629), np.int64(2881), np.int64(35764), np.int64(42), np.int64(23246), np.int64(39135))","(1, 1, 1, 0, 1, 1, 0, 1, 1, 1, 1, 1, 1, 1, 1, 0, 0, 1, 0, 1, 0, 1, 0, 0)"
13.138311,50,224.637997,1,"(np.int64(17191), np.int64(36830), np.int64(24643), np.int64(11197), np.int64(38906), np.int64(34129), np.int64(12409), np.int64(35667), np.int64(19880), np.int64(45602), np.int64(13395), np.int64(29561), np.int64(48874), np.int64(15525), np.int64(38878), np.int64(12929), np.int64(34929), np.int64(35184), np.int64(35967), np.int64(10338), np.int64(46618), np.int64(41013), np.int64(5050), np.int64(6768), np.int64(15280), np.int64(22826), np.int64(6170), np.int64(27715), np.int64(38123), np.int64(18756), np.int64(46893), np.int64(13302), np.int64(35035), np.int64(28672), np.int64(3691), np.int64(9050), np.int64(11532), np.int64(5361), np.int64(6202), np.int64(30029), np.int64(22121), np.int64(19303), np.int64(8068), np.int64(32687), np.int64(10377), np.int64(13067), np.int64(36170), np.int64(15698), np.int64(44317), np.int64(23163))","(0, 0, 0, 1, 0, 0, 1, 0, 0, 0, 1, 0, 0, 0, 0, 1, 0, 0, 0, 1, 0, 0, 1, 1, 1, 0, 1, 0, 0, 0, 0, 1, 0, 1, 1, 1, 1, 1, 1, 0, 1, 1, 1, 0, 1, 1, 0, 0, 0, 0)"
6.345036,26,224.927794,1,"(np.int64(34259), np.int64(23718), np.int64(16193), np.int64(49673), np.int64(4947), np.int64(30346), np.int64(14769), np.int64(20171), np.int64(14661), np.int64(32983), np.int64(19651), np.int64(35491), np.int64(41090), np.int64(14572), np.int64(13700), np.int64(46743), np.int64(15642), np.int64(32301), np.int64(20349), np.int64(33131), np.int64(16114), np.int64(17184), np.int64(46338), np.int64(8699), np.int64(20908), np.int64(639))","(0, 1, 1, 0, 1, 0, 1, 0, 1, 0, 0, 0, 0, 0, 0, 0, 1, 0, 1, 0, 0, 0, 0, 1, 1, 1)"
5.679979,26,225.214945,1,"(np.int64(20293), np.int64(36792), np.int64(49593), np.int64(23382), np.int64(8653), np.int64(35712), np.int64(33864), np.int64(48264), np.int64(39853), np.int64(36209), np.int64(26078), np.int64(2792), np.int64(45969), np.int64(48639), np.int64(38883), np.int64(10879), np.int64(5365), np.int64(28307), np.int64(33932), np.int64(36343), np.int64(24595), np.int64(39596), np.int64(37547), np.int64(33185), np.int64(6266), np.int64(36864))","(1, 1, 0, 0, 1, 0, 0, 0, 0, 0, 1, 1, 0, 0, 0, 1, 1, 0, 0, 0, 1, 0, 0, 0, 1, 0)"
3.83973,10,225.329977,1,"(np.int64(17422), np.int64(16955), np.int64(31686), np.int64(9549), np.int64(42277), np.int64(7805), np.int64(16145), np.int64(1080), np.int64(14691), np.int64(45839))","(0, 1, 0, 1, 0, 1, 1, 1, 1, 0)"
3.069882,11,225.455623,1,"(np.int64(15437), np.int64(30669), np.int64(29513), np.int64(6855), np.int64(23662), np.int64(37633), np.int64(2224), np.int64(8237), np.int64(2785), np.int64(39687), np.int64(34351))","(1, 0, 0, 1, 1, 0, 0, 1, 1, 0, 0)"
13.452738,50,226.037326,1,"(np.int64(24114), np.int64(23282), np.int64(15814), np.int64(10972), np.int64(49411), np.int64(42096), np.int64(12384), np.int64(11262), np.int64(1126), np.int64(49228), np.int64(8850), np.int64(36568), np.int64(8199), np.int64(5175), np.int64(6070), np.int64(28571), np.int64(48750), np.int64(5416), np.int64(6629), np.int64(25186), np.int64(43259), np.int64(38508), np.int64(26812), np.int64(4088), np.int64(32971), np.int64(39604), np.int64(4167), np.int64(24440), np.int64(42228), np.int64(29058), np.int64(29730), np.int64(41950), np.int64(9356), np.int64(20018), np.int64(28765), np.int64(7517), np.int64(37426), np.int64(9839), np.int64(45783), np.int64(400), np.int64(49116), np.int64(48500), np.int64(36579), np.int64(26628), np.int64(25847), np.int64(40739), np.int64(44824), np.int64(22292), np.int64(13183), np.int64(6708))","(0, 1, 1, 1, 0, 0, 1, 0, 1, 0, 1, 0, 1, 1, 1, 0, 0, 1, 1, 1, 0, 0, 0, 1, 0, 0, 1, 1, 0, 0, 0, 0, 1, 1, 0, 1, 0, 1, 0, 1, 0, 0, 0, 0, 0, 0, 0, 0, 1, 1)"
11.450019,50,226.601761,1,"(np.int64(39642), np.int64(25984), np.int64(29456), np.int64(30147), np.int64(43173), np.int64(32710), np.int64(21568), np.int64(19793), np.int64(3584), np.int64(30292), np.int64(29282), np.int64(45404), np.int64(46483), np.int64(24404), np.int64(33102), np.int64(44196), np.int64(27640), np.int64(10594), np.int64(8523), np.int64(25075), np.int64(36462), np.int64(19687), np.int64(41311), np.int64(37582), np.int64(10433), np.int64(10878), np.int64(10465), np.int64(42967), np.int64(444), np.int64(43761), np.int64(28599), np.int64(38728), np.int64(38124), np.int64(29020), np.int64(8237), np.int64(6619), np.int64(43730), np.int64(11914), np.int64(4267), np.int64(34347), np.int64(11839), np.int64(38716), np.int64(42795), np.int64(49416), np.int64(23100), np.int64(6005), np.int64(28476), np.int64(15354), np.int64(31316), np.int64(13754))","(0, 0, 0, 0, 0, 0, 0, 1, 1, 0, 0, 0, 0, 0, 0, 0, 0, 1, 1, 0, 0, 1, 0, 0, 1, 1, 1, 0, 1, 0, 0, 0, 0, 1, 1, 1, 0, 1, 1, 0, 1, 0, 0, 0, 0, 1, 0, 1, 1, 0)"
3.72414,19,226.82344,1,"(np.int64(15418), np.int64(10871), np.int64(47420), np.int64(48775), np.int64(39619), np.int64(46261), np.int64(13895), np.int64(31374), np.int64(41756), np.int64(7789), np.int64(48776), np.int64(30091), np.int64(42570), np.int64(6365), np.int64(32545), np.int64(41983), np.int64(29270), np.int64(25844), np.int64(29868))","(1, 1, 0, 0, 0, 0, 1, 1, 0, 1, 0, 0, 0, 0, 0, 0, 1, 0, 0)"
11.167977,50,227.392604,1,"(np.int64(14572), np.int64(2863), np.int64(8284), np.int64(1443), np.int64(28238), np.int64(11305), np.int64(17215), np.int64(47040), np.int64(38323), np.int64(13682), np.int64(42118), np.int64(3340), np.int64(47044), np.int64(20687), np.int64(565), np.int64(42111), np.int64(36855), np.int64(47019), np.int64(45613), np.int64(14298), np.int64(48305), np.int64(46671), np.int64(14161), np.int64(1364), np.int64(37741), np.int64(11224), np.int64(7773), np.int64(16476), np.int64(41338), np.int64(22437), np.int64(12704), np.int64(24446), np.int64(33386), np.int64(30208), np.int64(24224), np.int64(4031), np.int64(30657), np.int64(20415), np.int64(47429), np.int64(5000), np.int64(25376), np.int64(7908), np.int64(18480), np.int64(47614), np.int64(24297), np.int64(44003), np.int64(26120), np.int64(44390), np.int64(27730), np.int64(32650))","(0, 1, 0, 1, 0, 1, 0, 0, 0, 0, 0, 1, 0, 1, 1, 0, 0, 0, 0, 1, 0, 0, 1, 1, 0, 1, 1, 0, 0, 0, 1, 1, 0, 0, 0, 1, 0, 1, 0, 1, 1, 1, 0, 0, 0, 0, 0, 0, 0, 0)"
12.448285,50,227.945425,1,"(np.int64(44976), np.int64(37292), np.int64(10413), np.int64(23415), np.int64(31088), np.int64(1733), np.int64(14901), np.int64(46026), np.int64(13176), np.int64(23862), np.int64(11132), np.int64(28924), np.int64(16601), np.int64(39590), np.int64(35971), np.int64(8698), np.int64(11731), np.int64(27945), np.int64(33388), np.int64(15953), np.int64(17937), np.int64(29162), np.int64(30055), np.int64(48384), np.int64(10215), np.int64(20575), np.int64(32771), np.int64(44411), np.int64(9894), np.int64(11287), np.int64(14921), np.int64(30520), np.int64(39749), np.int64(9848), np.int64(41278), np.int64(22315), np.int64(27263), np.int64(22384), np.int64(8946), np.int64(30205), np.int64(31142), np.int64(26725), np.int64(5062), np.int64(43555), np.int64(18729), np.int64(25308), np.int64(26890), np.int64(11127), np.int64(6876), np.int64(42794))","(0, 0, 1, 1, 0, 1, 1, 0, 1, 0, 1, 1, 0, 0, 0, 0, 1, 1, 1, 1, 0, 0, 0, 0, 1, 1, 0, 0, 1, 0, 1, 0, 0, 1, 0, 0, 0, 0, 1, 0, 0, 0, 1, 0, 0, 1, 0, 1, 1, 0)"
6.906302,20,228.172072,1,"(np.int64(34843), np.int64(12358), np.int64(25604), np.int64(42328), np.int64(11925), np.int64(30311), np.int64(41586), np.int64(6974), np.int64(25474), np.int64(9833), np.int64(15603), np.int64(18547), np.int64(4452), np.int64(1401), np.int64(7739), np.int64(19161), np.int64(15730), np.int64(2305), np.int64(27134), np.int64(25149))","(0, 1, 0, 0, 1, 0, 0, 1, 1, 1, 0, 0, 1, 1, 1, 1, 1, 0, 0, 1)"
6.96588,27,228.482707,1,"(np.int64(9992), np.int64(33085), np.int64(14024), np.int64(30985), np.int64(2547), np.int64(8749), np.int64(12292), np.int64(11783), np.int64(42993), np.int64(21396), np.int64(39530), np.int64(24066), np.int64(17618), np.int64(34435), np.int64(32951), np.int64(46499), np.int64(5820), np.int64(23757), np.int64(5497), np.int64(32599), np.int64(47889), np.int64(25544), np.int64(39527), np.int64(468), np.int64(4307), np.int64(20478), np.int64(41675))","(1, 0, 0, 0, 1, 1, 1, 1, 0, 0, 0, 1, 0, 0, 0, 0, 1, 1, 1, 0, 0, 0, 0, 1, 1, 0, 0)"
10.182786,50,229.044419,1,"(np.int64(932), np.int64(38249), np.int64(187), np.int64(21209), np.int64(38065), np.int64(37649), np.int64(39392), np.int64(37344), np.int64(27843), np.int64(30792), np.int64(43206), np.int64(24882), np.int64(37735), np.int64(37733), np.int64(32016), np.int64(5652), np.int64(5833), np.int64(16391), np.int64(22758), np.int64(20379), np.int64(19228), np.int64(334), np.int64(34124), np.int64(28011), np.int64(16239), np.int64(31265), np.int64(35731), np.int64(38113), np.int64(28693), np.int64(22609), np.int64(550), np.int64(10146), np.int64(9178), np.int64(17937), np.int64(19688), np.int64(13131), np.int64(45504), np.int64(48787), np.int64(32251), np.int64(47609), np.int64(12881), np.int64(29933), np.int64(6414), np.int64(31997), np.int64(17515), np.int64(18094), np.int64(32804), np.int64(13694), np.int64(49999), np.int64(40088))","(1, 0, 1, 1, 0, 0, 0, 0, 0, 0, 0, 0, 0, 0, 0, 1, 1, 1, 0, 0, 1, 1, 0, 1, 1, 0, 0, 0, 1, 0, 1, 1, 1, 0, 1, 1, 0, 0, 0, 0, 0, 0, 1, 0, 0, 0, 0, 0, 0, 0)"
7.906246,31,229.388796,1,"(np.int64(20260), np.int64(38990), np.int64(45927), np.int64(48957), np.int64(4287), np.int64(2868), np.int64(15659), np.int64(16229), np.int64(19744), np.int64(22054), np.int64(25013), np.int64(48114), np.int64(26173), np.int64(40860), np.int64(46115), np.int64(29517), np.int64(22399), np.int64(341), np.int64(10621), np.int64(14471), np.int64(4491), np.int64(7488), np.int64(38552), np.int64(36134), np.int64(47410), np.int64(24121), np.int64(29582), np.int64(40360), np.int64(25536), np.int64(26369), np.int64(41449))","(1, 0, 0, 0, 1, 1, 1, 1, 0, 1, 1, 0, 1, 0, 0, 0, 0, 1, 1, 1, 1, 1, 0, 0, 0, 0, 0, 0, 0, 0, 0)"
8.7932,50,229.940266,1,"(np.int64(3921), np.int64(8393), np.int64(439), np.int64(42713), np.int64(41794), np.int64(35524), np.int64(38990), np.int64(31801), np.int64(15823), np.int64(21249), np.int64(38759), np.int64(31668), np.int64(19296), np.int64(48241), np.int64(41481), np.int64(23537), np.int64(40555), np.int64(39192), np.int64(18198), np.int64(34052), np.int64(9845), np.int64(49208), np.int64(41324), np.int64(2434), np.int64(14988), np.int64(31846), np.int64(25254), np.int64(563), np.int64(43249), np.int64(45120), np.int64(2999), np.int64(39055), np.int64(11664), np.int64(42667), np.int64(25989), np.int64(36717), np.int64(35223), np.int64(32626), np.int64(40176), np.int64(21025), np.int64(21696), np.int64(42222), np.int64(14781), np.int64(18250), np.int64(17304), np.int64(17921), np.int64(36278), np.int64(45116), np.int64(9773), np.int64(32472))","(1, 1, 1, 0, 0, 0, 0, 0, 0, 1, 0, 0, 1, 0, 0, 0, 0, 0, 1, 0, 1, 0, 0, 0, 1, 0, 1, 1, 0, 0, 1, 0, 0, 0, 0, 0, 0, 0, 0, 0, 1, 0, 1, 0, 0, 0, 0, 0, 1, 0)"
12.852709,50,230.49993,1,"(np.int64(10360), np.int64(22307), np.int64(612), np.int64(9064), np.int64(31162), np.int64(38834), np.int64(19301), np.int64(24543), np.int64(18391), np.int64(31613), np.int64(30521), np.int64(48259), np.int64(17334), np.int64(23307), np.int64(12113), np.int64(30243), np.int64(42879), np.int64(45937), np.int64(25050), np.int64(6131), np.int64(12444), np.int64(43641), np.int64(21241), np.int64(41195), np.int64(36989), np.int64(21193), np.int64(27902), np.int64(30734), np.int64(1592), np.int64(22633), np.int64(24560), np.int64(39471), np.int64(43675), np.int64(17802), np.int64(25424), np.int64(33060), np.int64(14335), np.int64(14768), np.int64(7205), np.int64(35153), np.int64(28052), np.int64(34185), np.int64(9745), np.int64(24172), np.int64(5083), np.int64(40873), np.int64(12276), np.int64(13213), np.int64(30344), np.int64(24734))","(1, 0, 1, 1, 0, 0, 1, 1, 0, 0, 0, 0, 0, 0, 1, 0, 0, 0, 0, 1, 0, 0, 0, 0, 0, 1, 1, 0, 1, 0, 1, 0, 0, 0, 1, 0, 1, 1, 1, 0, 1, 0, 1, 0, 1, 0, 1, 1, 0, 1)"
14.125969,50,231.060641,1,"(np.int64(901), np.int64(44619), np.int64(47485), np.int64(5802), np.int64(5636), np.int64(15007), np.int64(37908), np.int64(15172), np.int64(47246), np.int64(18259), np.int64(44599), np.int64(36519), np.int64(31098), np.int64(36540), np.int64(25014), np.int64(36882), np.int64(8908), np.int64(23967), np.int64(12158), np.int64(25970), np.int64(39624), np.int64(19864), np.int64(16731), np.int64(1403), np.int64(43042), np.int64(16511), np.int64(6692), np.int64(15441), np.int64(18789), np.int64(46699), np.int64(30958), np.int64(24162), np.int64(36122), np.int64(26873), np.int64(28204), np.int64(49111), np.int64(45099), np.int64(26908), np.int64(10454), np.int64(20524), np.int64(15477), np.int64(15841), np.int64(46063), np.int64(9653), np.int64(26201), np.int64(22787), np.int64(20612), np.int64(27274), np.int64(30518), np.int64(16162))","(1, 0, 0, 1, 1, 1, 0, 1, 0, 0, 0, 0, 0, 0, 1, 0, 1, 1, 1, 1, 0, 1, 1, 1, 0, 0, 1, 1, 1, 0, 0, 0, 0, 0, 0, 0, 0, 0, 0, 0, 1, 1, 0, 1, 1, 0, 1, 1, 0, 1)"
9.759924,41,231.516701,1,"(np.int64(41128), np.int64(3078), np.int64(5923), np.int64(14896), np.int64(26394), np.int64(36961), np.int64(10432), np.int64(22806), np.int64(46101), np.int64(7016), np.int64(17919), np.int64(24563), np.int64(9692), np.int64(3306), np.int64(48967), np.int64(9876), np.int64(14919), np.int64(21040), np.int64(38172), np.int64(24755), np.int64(39244), np.int64(18283), np.int64(13055), np.int64(35180), np.int64(47349), np.int64(37497), np.int64(49943), np.int64(11368), np.int64(45367), np.int64(48155), np.int64(2941), np.int64(36373), np.int64(6713), np.int64(21877), np.int64(25638), np.int64(42464), np.int64(30604), np.int64(18613), np.int64(27442), np.int64(45443), np.int64(32144))","(0, 1, 1, 1, 1, 0, 1, 0, 0, 0, 0, 1, 1, 1, 0, 1, 1, 1, 0, 0, 0, 0, 1, 0, 0, 0, 0, 1, 0, 0, 1, 0, 1, 1, 0, 0, 0, 0, 0, 0, 0)"
11.692466,50,232.069267,1,"(np.int64(2408), np.int64(39682), np.int64(37818), np.int64(884), np.int64(44036), np.int64(21641), np.int64(41024), np.int64(35271), np.int64(5048), np.int64(19209), np.int64(35852), np.int64(43841), np.int64(20198), np.int64(17067), np.int64(36710), np.int64(17808), np.int64(26698), np.int64(16818), np.int64(1554), np.int64(22135), np.int64(41867), np.int64(8126), np.int64(38965), np.int64(39785), np.int64(48780), np.int64(13020), np.int64(48598), np.int64(16514), np.int64(23090), np.int64(34614), np.int64(46351), np.int64(26517), np.int64(47850), np.int64(39435), np.int64(47542), np.int64(31585), np.int64(12646), np.int64(44054), np.int64(25999), np.int64(46520), np.int64(9866), np.int64(18370), np.int64(7452), np.int64(12102), np.int64(11044), np.int64(42385), np.int64(10319), np.int64(46811), np.int64(32909), np.int64(7067))","(0, 0, 0, 1, 0, 0, 0, 0, 1, 1, 0, 0, 1, 1, 0, 1, 0, 1, 1, 1, 0, 1, 0, 0, 0, 1, 0, 1, 0, 0, 0, 1, 0, 0, 0, 0, 1, 0, 1, 0, 1, 0, 1, 1, 1, 0, 1, 0, 0, 0)"
6.974132,26,232.360068,1,"(np.int64(31714), np.int64(2999), np.int64(21147), np.int64(33597), np.int64(24919), np.int64(44776), np.int64(26669), np.int64(45028), np.int64(6145), np.int64(10633), np.int64(8191), np.int64(1917), np.int64(26440), np.int64(8093), np.int64(7841), np.int64(40731), np.int64(18146), np.int64(2982), np.int64(22655), np.int64(37758), np.int64(44505), np.int64(49556), np.int64(35333), np.int64(24014), np.int64(46560), np.int64(42496))","(0, 1, 1, 0, 1, 0, 0, 0, 1, 1, 1, 1, 1, 0, 1, 0, 0, 1, 0, 0, 0, 0, 0, 1, 0, 0)"
4.675741,17,232.560775,1,"(np.int64(15794), np.int64(46280), np.int64(32496), np.int64(30802), np.int64(37747), np.int64(5145), np.int64(17253), np.int64(6505), np.int64(9907), np.int64(43037), np.int64(3394), np.int64(11963), np.int64(20282), np.int64(16557), np.int64(6345), np.int64(33647), np.int64(46836))","(1, 0, 0, 0, 0, 1, 0, 1, 1, 0, 1, 1, 1, 1, 0, 0, 0)"
10.121653,50,233.122997,1,"(np.int64(34079), np.int64(27345), np.int64(40060), np.int64(21374), np.int64(7555), np.int64(31088), np.int64(32890), np.int64(15604), np.int64(44778), np.int64(34199), np.int64(3202), np.int64(32032), np.int64(31240), np.int64(12863), np.int64(31964), np.int64(3665), np.int64(24371), np.int64(1681), np.int64(4279), np.int64(44888), np.int64(19883), np.int64(4475), np.int64(13244), np.int64(47969), np.int64(39491), np.int64(45081), np.int64(8309), np.int64(28058), np.int64(49825), np.int64(40188), np.int64(3040), np.int64(23584), np.int64(45165), np.int64(48470), np.int64(17162), np.int64(29575), np.int64(12533), np.int64(49956), np.int64(40684), np.int64(14849), np.int64(22029), np.int64(47656), np.int64(35693), np.int64(22156), np.int64(34384), np.int64(27942), np.int64(14246), np.int64(36175), np.int64(18827), np.int64(40523))","(0, 0, 0, 0, 1, 0, 0, 0, 0, 0, 1, 0, 1, 1, 0, 1, 0, 1, 1, 0, 0, 0, 1, 0, 0, 0, 1, 0, 0, 0, 1, 0, 0, 0, 0, 0, 1, 0, 0, 1, 1, 0, 0, 0, 0, 1, 1, 0, 1, 0)"
4.174572,20,233.351684,1,"(np.int64(8186), np.int64(13113), np.int64(21479), np.int64(29446), np.int64(49603), np.int64(15466), np.int64(18644), np.int64(26890), np.int64(19258), np.int64(26436), np.int64(9895), np.int64(24320), np.int64(38332), np.int64(42530), np.int64(17602), np.int64(23419), np.int64(34226), np.int64(25007), np.int64(7133), np.int64(14582))","(1, 1, 1, 0, 0, 1, 0, 0, 1, 0, 1, 0, 0, 0, 0, 1, 0, 0, 0, 0)"
9.93896,50,233.903391,1,"(np.int64(35488), np.int64(40586), np.int64(7229), np.int64(34645), np.int64(24543), np.int64(28112), np.int64(44883), np.int64(5290), np.int64(4458), np.int64(4377), np.int64(24339), np.int64(42422), np.int64(33102), np.int64(23940), np.int64(27693), np.int64(31678), np.int64(7236), np.int64(332), np.int64(38168), np.int64(11517), np.int64(49604), np.int64(46834), np.int64(49247), np.int64(14901), np.int64(45684), np.int64(49141), np.int64(33717), np.int64(34766), np.int64(6421), np.int64(38992), np.int64(27515), np.int64(16694), np.int64(13683), np.int64(50017), np.int64(37244), np.int64(9477), np.int64(32123), np.int64(17496), np.int64(37596), np.int64(30212), np.int64(26728), np.int64(32868), np.int64(18279), np.int64(11177), np.int64(38037), np.int64(18127), np.int64(20416), np.int64(27929), np.int64(24446), np.int64(29967))","(0, 0, 1, 0, 1, 0, 0, 1, 1, 1, 0, 0, 0, 0, 0, 0, 1, 1, 0, 1, 0, 0, 0, 1, 0, 0, 0, 0, 1, 0, 0, 1, 0, 0, 0, 1, 0, 0, 0, 0, 0, 0, 0, 1, 0, 0, 1, 1, 1, 0)"
4.502308,20,234.12549,1,"(np.int64(16283), np.int64(10777), np.int64(37566), np.int64(15017), np.int64(22512), np.int64(41673), np.int64(49837), np.int64(1079), np.int64(12192), np.int64(22899), np.int64(7288), np.int64(31396), np.int64(33750), np.int64(47157), np.int64(15002), np.int64(458), np.int64(28557), np.int64(10877), np.int64(38824), np.int64(43817))","(1, 1, 0, 0, 0, 0, 0, 1, 0, 0, 1, 0, 0, 0, 1, 1, 0, 1, 0, 0)"
4.581366,16,234.302503,1,"(np.int64(45687), np.int64(34792), np.int64(43873), np.int64(9654), np.int64(41646), np.int64(5669), np.int64(8896), np.int64(40996), np.int64(3960), np.int64(27857), np.int64(6043), np.int64(20229), np.int64(2512), np.int64(40379), np.int64(7103), np.int64(917))","(0, 0, 0, 1, 0, 0, 1, 0, 1, 1, 1, 1, 0, 0, 0, 1)"
10.853156,50,234.855286,1,"(np.int64(5294), np.int64(7289), np.int64(24633), np.int64(3078), np.int64(32315), np.int64(42838), np.int64(23418), np.int64(7865), np.int64(16354), np.int64(11935), np.int64(25869), np.int64(9925), np.int64(40367), np.int64(7463), np.int64(5439), np.int64(38962), np.int64(30386), np.int64(48466), np.int64(37892), np.int64(40980), np.int64(38317), np.int64(47068), np.int64(41157), np.int64(23636), np.int64(17516), np.int64(46037), np.int64(49483), np.int64(18631), np.int64(38329), np.int64(48508), np.int64(11026), np.int64(4625), np.int64(23461), np.int64(45256), np.int64(22353), np.int64(21146), np.int64(35162), np.int64(23101), np.int64(15949), np.int64(36521), np.int64(44096), np.int64(47037), np.int64(42491), np.int64(38396), np.int64(32549), np.int64(39252), np.int64(44018), np.int64(38280), np.int64(1611), np.int64(49482))","(1, 0, 1, 1, 0, 0, 1, 1, 1, 1, 0, 1, 0, 1, 1, 0, 0, 0, 0, 0, 0, 0, 0, 1, 0, 0, 0, 0, 0, 0, 1, 1, 1, 0, 0, 1, 0, 0, 1, 0, 0, 0, 0, 0, 0, 0, 0, 0, 1, 0)"
6.049313,25,235.137727,1,"(np.int64(18204), np.int64(552), np.int64(18252), np.int64(1584), np.int64(16516), np.int64(5939), np.int64(23713), np.int64(20822), np.int64(11003), np.int64(5935), np.int64(1246), np.int64(46717), np.int64(19592), np.int64(44542), np.int64(37956), np.int64(16647), np.int64(46701), np.int64(28372), np.int64(23847), np.int64(21311), np.int64(18882), np.int64(49175), np.int64(26551), np.int64(12913), np.int64(25210))","(0, 1, 0, 0, 0, 1, 1, 0, 1, 1, 1, 0, 0, 0, 0, 1, 0, 0, 0, 1, 1, 0, 0, 1, 0)"
12.357023,42,235.607244,1,"(np.int64(11536), np.int64(15581), np.int64(41553), np.int64(15136), np.int64(37812), np.int64(24180), np.int64(41727), np.int64(43085), np.int64(15321), np.int64(22029), np.int64(39974), np.int64(16442), np.int64(1945), np.int64(36488), np.int64(46009), np.int64(18967), np.int64(42865), np.int64(3966), np.int64(28378), np.int64(36561), np.int64(5749), np.int64(20045), np.int64(22546), np.int64(44157), np.int64(26137), np.int64(18238), np.int64(25348), np.int64(7684), np.int64(47941), np.int64(9995), np.int64(9688), np.int64(10162), np.int64(2263), np.int64(20071), np.int64(5250), np.int64(6957), np.int64(20427), np.int64(44150), np.int64(20741), np.int64(46025), np.int64(7709), np.int64(294))","(1, 1, 0, 1, 0, 0, 0, 0, 0, 1, 0, 1, 1, 0, 0, 0, 0, 1, 0, 0, 1, 0, 0, 0, 1, 0, 1, 1, 0, 1, 1, 1, 0, 1, 1, 1, 0, 0, 1, 0, 1, 1)"
12.563844,50,236.212452,1,"(np.int64(28543), np.int64(15455), np.int64(38424), np.int64(18829), np.int64(44846), np.int64(22642), np.int64(46239), np.int64(43585), np.int64(22601), np.int64(10031), np.int64(37539), np.int64(612), np.int64(35504), np.int64(37283), np.int64(48849), np.int64(28763), np.int64(18536), np.int64(12177), np.int64(28511), np.int64(45655), np.int64(44685), np.int64(17600), np.int64(12582), np.int64(43623), np.int64(16992), np.int64(16674), np.int64(35390), np.int64(8727), np.int64(43148), np.int64(31389), np.int64(43543), np.int64(17480), np.int64(21989), np.int64(44444), np.int64(23125), np.int64(5508), np.int64(27566), np.int64(24420), np.int64(1465), np.int64(218), np.int64(13903), np.int64(40581), np.int64(24835), np.int64(18835), np.int64(2927), np.int64(5654), np.int64(10045), np.int64(38771), np.int64(12192), np.int64(27058))","(1, 1, 0, 1, 0, 0, 0, 0, 0, 1, 0, 1, 0, 0, 0, 1, 0, 1, 0, 0, 0, 0, 1, 0, 1, 1, 0, 0, 0, 1, 0, 0, 1, 0, 0, 0, 0, 1, 1, 1, 1, 0, 0, 1, 1, 1, 1, 0, 0, 1)"
15.203229,50,236.775959,1,"(np.int64(15921), np.int64(19216), np.int64(968), np.int64(9660), np.int64(25275), np.int64(25738), np.int64(18243), np.int64(15180), np.int64(23297), np.int64(21660), np.int64(34236), np.int64(19669), np.int64(42239), np.int64(6329), np.int64(38970), np.int64(40489), np.int64(35349), np.int64(1184), np.int64(12083), np.int64(30869), np.int64(9424), np.int64(8646), np.int64(7794), np.int64(44633), np.int64(6722), np.int64(34953), np.int64(3209), np.int64(20204), np.int64(18631), np.int64(46163), np.int64(47451), np.int64(32466), np.int64(34868), np.int64(14315), np.int64(11690), np.int64(14848), np.int64(30160), np.int64(24043), np.int64(29924), np.int64(49069), np.int64(2403), np.int64(35609), np.int64(37749), np.int64(17196), np.int64(25674), np.int64(22407), np.int64(49108), np.int64(6125), np.int64(38942), np.int64(11202))","(1, 1, 1, 1, 1, 0, 0, 0, 1, 1, 0, 1, 0, 1, 0, 0, 0, 1, 1, 0, 1, 1, 1, 0, 1, 0, 1, 1, 0, 0, 0, 0, 0, 1, 1, 1, 0, 1, 0, 0, 0, 0, 0, 0, 1, 0, 0, 1, 0, 1)"
6.809198,25,237.059226,1,"(np.int64(48100), np.int64(15035), np.int64(1608), np.int64(22371), np.int64(9045), np.int64(3438), np.int64(9705), np.int64(31638), np.int64(32436), np.int64(41204), np.int64(38080), np.int64(23273), np.int64(10468), np.int64(21940), np.int64(2989), np.int64(23188), np.int64(18289), np.int64(38901), np.int64(32597), np.int64(7938), np.int64(43524), np.int64(23947), np.int64(21750), np.int64(24480), np.int64(46895))","(0, 0, 1, 0, 1, 1, 1, 0, 0, 0, 0, 0, 1, 1, 1, 0, 0, 0, 0, 1, 0, 1, 1, 1, 0)"
8.687488,27,237.366804,1,"(np.int64(44362), np.int64(40720), np.int64(14396), np.int64(18609), np.int64(28377), np.int64(29939), np.int64(1345), np.int64(5479), np.int64(12386), np.int64(3298), np.int64(38856), np.int64(29696), np.int64(25269), np.int64(13178), np.int64(15149), np.int64(34874), np.int64(20366), np.int64(26622), np.int64(16339), np.int64(16659), np.int64(22030), np.int64(4346), np.int64(3991), np.int64(2450), np.int64(44843), np.int64(11975), np.int64(27151))","(0, 0, 1, 0, 0, 0, 1, 1, 0, 1, 0, 0, 0, 1, 1, 0, 0, 1, 1, 1, 1, 1, 1, 0, 0, 1, 1)"
6.718869,28,237.678396,1,"(np.int64(21086), np.int64(23065), np.int64(35203), np.int64(14750), np.int64(40501), np.int64(24505), np.int64(88), np.int64(17558), np.int64(7697), np.int64(16299), np.int64(44131), np.int64(24527), np.int64(20826), np.int64(11198), np.int64(19045), np.int64(47175), np.int64(15254), np.int64(45145), np.int64(48127), np.int64(13782), np.int64(9942), np.int64(29643), np.int64(34537), np.int64(29639), np.int64(2609), np.int64(45886), np.int64(21061), np.int64(16042))","(0, 0, 0, 0, 0, 1, 1, 0, 1, 1, 0, 0, 1, 1, 0, 0, 1, 0, 0, 0, 1, 0, 0, 0, 1, 0, 1, 1)"
12.204634,50,238.237445,1,"(np.int64(30565), np.int64(13800), np.int64(33621), np.int64(22021), np.int64(48423), np.int64(826), np.int64(34082), np.int64(13826), np.int64(18730), np.int64(9652), np.int64(27027), np.int64(27830), np.int64(29614), np.int64(46134), np.int64(48623), np.int64(16621), np.int64(15749), np.int64(5595), np.int64(33187), np.int64(36118), np.int64(39515), np.int64(39202), np.int64(39554), np.int64(24218), np.int64(26647), np.int64(24853), np.int64(46854), np.int64(35437), np.int64(26194), np.int64(47310), np.int64(37631), np.int64(6496), np.int64(38034), np.int64(16864), np.int64(16975), np.int64(19413), np.int64(15293), np.int64(29913), np.int64(13545), np.int64(1936), np.int64(24706), np.int64(4714), np.int64(24650), np.int64(37397), np.int64(29509), np.int64(1897), np.int64(1265), np.int64(21720), np.int64(6959), np.int64(45424))","(0, 0, 0, 1, 0, 1, 0, 1, 0, 1, 0, 0, 0, 0, 0, 1, 1, 1, 0, 0, 0, 0, 0, 0, 0, 0, 0, 0, 1, 0, 1, 1, 0, 0, 1, 0, 1, 0, 1, 1, 0, 1, 0, 0, 0, 1, 1, 1, 1, 0)"
9.61439,48,238.777052,1,"(np.int64(35788), np.int64(43189), np.int64(20017), np.int64(30377), np.int64(31778), np.int64(48481), np.int64(30772), np.int64(6101), np.int64(44245), np.int64(47652), np.int64(4354), np.int64(20603), np.int64(13465), np.int64(40904), np.int64(16288), np.int64(11568), np.int64(25804), np.int64(8068), np.int64(28813), np.int64(27707), np.int64(45253), np.int64(25525), np.int64(3282), np.int64(42578), np.int64(37633), np.int64(43441), np.int64(32574), np.int64(14617), np.int64(43603), np.int64(654), np.int64(8090), np.int64(32566), np.int64(24123), np.int64(46863), np.int64(40010), np.int64(22440), np.int64(31931), np.int64(15501), np.int64(45073), np.int64(49152), np.int64(2920), np.int64(17739), np.int64(47640), np.int64(25428), np.int64(46853), np.int64(48266), np.int64(34767), np.int64(10584))","(0, 0, 1, 0, 0, 0, 0, 1, 0, 0, 1, 0, 1, 0, 1, 1, 0, 1, 1, 0, 0, 0, 1, 0, 0, 0, 0, 1, 0, 1, 1, 0, 0, 0, 0, 0, 0, 1, 0, 0, 1, 0, 0, 1, 0, 0, 0, 1)"
8.680753,31,239.125053,1,"(np.int64(21822), np.int64(23711), np.int64(36536), np.int64(27900), np.int64(12365), np.int64(8280), np.int64(24873), np.int64(18366), np.int64(34477), np.int64(13336), np.int64(22529), np.int64(29139), np.int64(47287), np.int64(12274), np.int64(36641), np.int64(21226), np.int64(31200), np.int64(12320), np.int64(42382), np.int64(30047), np.int64(8326), np.int64(35536), np.int64(16797), np.int64(18906), np.int64(40592), np.int64(6086), np.int64(6943), np.int64(27446), np.int64(31467), np.int64(2374), np.int64(6085))","(1, 1, 0, 1, 0, 1, 0, 0, 0, 1, 0, 1, 0, 0, 0, 1, 0, 1, 0, 0, 1, 0, 0, 1, 0, 1, 1, 0, 1, 0, 1)"
11.914773,46,239.642485,1,"(np.int64(28314), np.int64(45177), np.int64(9751), np.int64(48040), np.int64(13480), np.int64(22065), np.int64(20185), np.int64(28893), np.int64(25860), np.int64(30670), np.int64(47240), np.int64(10662), np.int64(3799), np.int64(20287), np.int64(25435), np.int64(25538), np.int64(41206), np.int64(22008), np.int64(36154), np.int64(8791), np.int64(3802), np.int64(9391), np.int64(24312), np.int64(1849), np.int64(11351), np.int64(33273), np.int64(43803), np.int64(43956), np.int64(17974), np.int64(30754), np.int64(32101), np.int64(47148), np.int64(30102), np.int64(49529), np.int64(33388), np.int64(21780), np.int64(42139), np.int64(24839), np.int64(14784), np.int64(5363), np.int64(40481), np.int64(45908), np.int64(18215), np.int64(37456), np.int64(31797), np.int64(1030))","(0, 0, 1, 0, 1, 1, 1, 0, 1, 0, 0, 1, 1, 1, 1, 0, 0, 0, 0, 1, 1, 1, 1, 1, 1, 0, 0, 0, 0, 0, 0, 0, 0, 0, 1, 0, 0, 0, 1, 1, 0, 0, 0, 0, 0, 1)"
4.680153,42,240.111747,1,"(np.int64(41834), np.int64(47132), np.int64(47231), np.int64(34285), np.int64(34631), np.int64(5232), np.int64(35283), np.int64(37876), np.int64(17224), np.int64(33933), np.int64(49720), np.int64(18775), np.int64(8661), np.int64(32043), np.int64(31281), np.int64(44045), np.int64(33388), np.int64(5065), np.int64(27451), np.int64(30308), np.int64(36905), np.int64(36823), np.int64(38559), np.int64(27921), np.int64(36915), np.int64(38057), np.int64(33039), np.int64(25369), np.int64(23546), np.int64(32336), np.int64(44548), np.int64(13187), np.int64(22256), np.int64(23464), np.int64(18028), np.int64(39410), np.int64(1672), np.int64(17875), np.int64(37173), np.int64(24192), np.int64(15175), np.int64(49634))","(0, 0, 0, 0, 0, 1, 0, 0, 0, 0, 0, 0, 0, 0, 1, 0, 1, 0, 0, 0, 0, 0, 0, 0, 0, 0, 0, 0, 1, 0, 0, 1, 0, 1, 0, 0, 1, 0, 0, 0, 1, 0)"
14.095865,50,240.674902,1,"(np.int64(41756), np.int64(19204), np.int64(25935), np.int64(46788), np.int64(45643), np.int64(28475), np.int64(6458), np.int64(12067), np.int64(43770), np.int64(21242), np.int64(33182), np.int64(9263), np.int64(5659), np.int64(21224), np.int64(25368), np.int64(19058), np.int64(13768), np.int64(39463), np.int64(11891), np.int64(6019), np.int64(13099), np.int64(18242), np.int64(33027), np.int64(18460), np.int64(47028), np.int64(16634), np.int64(32070), np.int64(4601), np.int64(6244), np.int64(2408), np.int64(35636), np.int64(24778), np.int64(6590), np.int64(3418), np.int64(47162), np.int64(44897), np.int64(47697), np.int64(1706), np.int64(46829), np.int64(47720), np.int64(14226), np.int64(48958), np.int64(9313), np.int64(42288), np.int64(14892), np.int64(810), np.int64(32621), np.int64(15887), np.int64(22356), np.int64(34847))","(0, 1, 0, 0, 0, 0, 1, 1, 0, 1, 0, 1, 1, 1, 1, 1, 0, 0, 1, 1, 1, 0, 0, 0, 0, 1, 0, 1, 1, 0, 0, 0, 1, 1, 0, 0, 0, 1, 0, 0, 1, 0, 1, 0, 1, 1, 0, 1, 0, 0)"
9.007123,28,240.994524,1,"(np.int64(16608), np.int64(49780), np.int64(1365), np.int64(12927), np.int64(30171), np.int64(416), np.int64(21719), np.int64(23435), np.int64(1897), np.int64(21167), np.int64(21769), np.int64(46018), np.int64(22826), np.int64(31568), np.int64(44321), np.int64(27258), np.int64(34096), np.int64(31080), np.int64(30448), np.int64(4743), np.int64(35426), np.int64(8003), np.int64(21411), np.int64(46292), np.int64(5661), np.int64(40295), np.int64(23012), np.int64(8879))","(0, 0, 1, 1, 0, 1, 1, 1, 1, 1, 1, 0, 0, 0, 0, 1, 0, 0, 0, 1, 0, 1, 1, 0, 1, 0, 0, 1)"
12.327313,50,241.551431,1,"(np.int64(34949), np.int64(45618), np.int64(22704), np.int64(42147), np.int64(12981), np.int64(7811), np.int64(22568), np.int64(47394), np.int64(9448), np.int64(17539), np.int64(15604), np.int64(17424), np.int64(26628), np.int64(1978), np.int64(17978), np.int64(29949), np.int64(48362), np.int64(40612), np.int64(13395), np.int64(27831), np.int64(30101), np.int64(12993), np.int64(1191), np.int64(6185), np.int64(3278), np.int64(31503), np.int64(48919), np.int64(12343), np.int64(7553), np.int64(10332), np.int64(21385), np.int64(47580), np.int64(43046), np.int64(33454), np.int64(20133), np.int64(18789), np.int64(40463), np.int64(5520), np.int64(3545), np.int64(42365), np.int64(28591), np.int64(43527), np.int64(33391), np.int64(8539), np.int64(17301), np.int64(36300), np.int64(23519), np.int64(30226), np.int64(9341), np.int64(31179))","(0, 0, 0, 0, 1, 1, 0, 0, 1, 0, 0, 0, 0, 1, 0, 0, 1, 0, 1, 1, 0, 1, 1, 1, 1, 0, 0, 1, 1, 1, 0, 0, 0, 0, 1, 1, 0, 1, 1, 0, 0, 0, 0, 0, 0, 0, 1, 0, 1, 0)"
10.514089,50,242.104757,1,"(np.int64(7869), np.int64(12879), np.int64(27206), np.int64(23014), np.int64(39676), np.int64(36558), np.int64(43259), np.int64(21348), np.int64(38759), np.int64(6321), np.int64(5935), np.int64(37020), np.int64(8024), np.int64(18570), np.int64(40137), np.int64(8921), np.int64(15610), np.int64(61), np.int64(25129), np.int64(20990), np.int64(25754), np.int64(6291), np.int64(27686), np.int64(13557), np.int64(46793), np.int64(24), np.int64(43295), np.int64(14966), np.int64(31548), np.int64(45426), np.int64(37786), np.int64(38364), np.int64(46408), np.int64(41004), np.int64(45257), np.int64(27447), np.int64(31245), np.int64(23583), np.int64(27343), np.int64(16149), np.int64(12297), np.int64(4607), np.int64(3000), np.int64(39621), np.int64(26487), np.int64(39731), np.int64(32177), np.int64(45020), np.int64(47526), np.int64(42462))","(1, 0, 1, 0, 0, 0, 0, 1, 0, 1, 1, 0, 0, 0, 0, 0, 1, 1, 0, 1, 0, 1, 0, 1, 0, 1, 0, 1, 0, 0, 1, 0, 0, 0, 0, 0, 0, 0, 0, 1, 1, 1, 1, 0, 0, 0, 0, 0, 0, 0)"
14.650079,49,242.648489,1,"(np.int64(39815), np.int64(30639), np.int64(39271), np.int64(13034), np.int64(23217), np.int64(3531), np.int64(25507), np.int64(47507), np.int64(43071), np.int64(25928), np.int64(16883), np.int64(32957), np.int64(15634), np.int64(30379), np.int64(33062), np.int64(23067), np.int64(4697), np.int64(45077), np.int64(7628), np.int64(21263), np.int64(21263), np.int64(45138), np.int64(35780), np.int64(20652), np.int64(29969), np.int64(41422), np.int64(25571), np.int64(559), np.int64(17587), np.int64(16733), np.int64(20146), np.int64(5920), np.int64(40399), np.int64(39527), np.int64(25012), np.int64(40626), np.int64(3167), np.int64(10469), np.int64(11408), np.int64(9940), np.int64(41308), np.int64(34462), np.int64(2383), np.int64(20551), np.int64(38477), np.int64(9849), np.int64(7241), np.int64(9206), np.int64(14654))","(0, 0, 0, 1, 0, 1, 1, 0, 0, 1, 1, 0, 1, 0, 0, 0, 1, 0, 1, 1, 1, 0, 0, 1, 0, 0, 1, 1, 0, 1, 1, 1, 0, 0, 1, 0, 0, 1, 1, 1, 0, 0, 0, 1, 0, 1, 1, 1, 1)"
16.097085,50,243.209216,1,"(np.int64(8224), np.int64(36141), np.int64(6079), np.int64(18493), np.int64(27151), np.int64(22424), np.int64(1487), np.int64(44033), np.int64(1337), np.int64(34108), np.int64(39552), np.int64(35760), np.int64(27741), np.int64(2409), np.int64(12576), np.int64(8487), np.int64(953), np.int64(34988), np.int64(26015), np.int64(39005), np.int64(5228), np.int64(7014), np.int64(33216), np.int64(41062), np.int64(27992), np.int64(32014), np.int64(7481), np.int64(42661), np.int64(9423), np.int64(2056), np.int64(19814), np.int64(7647), np.int64(5427), np.int64(18902), np.int64(22332), np.int64(25821), np.int64(30104), np.int64(35158), np.int64(34874), np.int64(10189), np.int64(9368), np.int64(20781), np.int64(21254), np.int64(267), np.int64(42569), np.int64(3582), np.int64(40365), np.int64(25603), np.int64(48169), np.int64(27297))","(1, 0, 1, 0, 1, 0, 1, 0, 1, 0, 0, 0, 1, 0, 1, 1, 1, 0, 0, 0, 1, 1, 0, 0, 1, 0, 1, 0, 1, 1, 1, 1, 1, 0, 0, 0, 0, 0, 0, 1, 1, 1, 1, 1, 0, 0, 0, 1, 0, 1)"
11.90842,50,243.767266,1,"(np.int64(33894), np.int64(42252), np.int64(212), np.int64(13340), np.int64(1278), np.int64(27574), np.int64(15341), np.int64(47349), np.int64(44024), np.int64(26377), np.int64(42235), np.int64(16901), np.int64(33202), np.int64(5861), np.int64(26807), np.int64(5875), np.int64(43738), np.int64(32270), np.int64(2233), np.int64(40093), np.int64(34341), np.int64(7201), np.int64(47932), np.int64(8969), np.int64(7986), np.int64(20225), np.int64(16359), np.int64(48198), np.int64(6569), np.int64(45862), np.int64(14767), np.int64(6507), np.int64(9779), np.int64(4861), np.int64(47503), np.int64(38232), np.int64(1465), np.int64(23639), np.int64(36453), np.int64(45924), np.int64(22386), np.int64(38189), np.int64(39745), np.int64(3946), np.int64(35543), np.int64(19033), np.int64(5470), np.int64(41431), np.int64(4837), np.int64(18714))","(0, 0, 1, 1, 1, 0, 1, 0, 0, 1, 0, 0, 0, 1, 0, 1, 0, 0, 0, 0, 0, 1, 0, 0, 1, 1, 0, 0, 1, 0, 1, 1, 0, 1, 0, 0, 1, 0, 0, 0, 0, 0, 0, 1, 0, 1, 1, 0, 1, 0)"
9.389066,50,244.334532,1,"(np.int64(35845), np.int64(35991), np.int64(23267), np.int64(41472), np.int64(1050), np.int64(14996), np.int64(40114), np.int64(21649), np.int64(1548), np.int64(2480), np.int64(7596), np.int64(32469), np.int64(49555), np.int64(16623), np.int64(22473), np.int64(6191), np.int64(45393), np.int64(10974), np.int64(17030), np.int64(26196), np.int64(49677), np.int64(16539), np.int64(15621), np.int64(35027), np.int64(17728), np.int64(1328), np.int64(41608), np.int64(9467), np.int64(27839), np.int64(41178), np.int64(47995), np.int64(38213), np.int64(11268), np.int64(38405), np.int64(34975), np.int64(45354), np.int64(37843), np.int64(41879), np.int64(33307), np.int64(26223), np.int64(33362), np.int64(1107), np.int64(29029), np.int64(43080), np.int64(3054), np.int64(29925), np.int64(9199), np.int64(37112), np.int64(18189), np.int64(11905))","(0, 0, 0, 0, 1, 1, 0, 0, 0, 0, 1, 0, 0, 0, 0, 1, 0, 0, 1, 1, 0, 1, 1, 0, 0, 1, 0, 1, 0, 0, 0, 0, 0, 0, 0, 0, 0, 0, 0, 1, 0, 1, 0, 0, 1, 0, 1, 0, 0, 1)"
12.064668,50,244.89423,1,"(np.int64(5910), np.int64(35932), np.int64(22271), np.int64(43596), np.int64(15495), np.int64(22345), np.int64(4039), np.int64(9004), np.int64(35914), np.int64(39227), np.int64(16928), np.int64(17920), np.int64(18324), np.int64(28870), np.int64(33673), np.int64(25594), np.int64(33539), np.int64(5163), np.int64(33583), np.int64(14796), np.int64(13094), np.int64(5683), np.int64(2709), np.int64(21376), np.int64(23137), np.int64(28239), np.int64(38794), np.int64(49649), np.int64(7788), np.int64(24801), np.int64(25842), np.int64(14904), np.int64(48453), np.int64(34116), np.int64(49772), np.int64(49840), np.int64(1174), np.int64(39091), np.int64(47075), np.int64(17044), np.int64(47505), np.int64(16302), np.int64(4451), np.int64(30694), np.int64(26120), np.int64(14104), np.int64(19900), np.int64(25200), np.int64(33869), np.int64(22756))","(1, 0, 0, 0, 1, 0, 1, 1, 0, 0, 1, 0, 0, 1, 0, 1, 0, 1, 0, 1, 1, 0, 1, 1, 0, 0, 0, 0, 1, 0, 0, 1, 0, 0, 0, 0, 1, 0, 0, 1, 0, 1, 1, 0, 0, 1, 0, 1, 0, 0)"
14.016109,50,245.45283,1,"(np.int64(3456), np.int64(41422), np.int64(24311), np.int64(23810), np.int64(1224), np.int64(40464), np.int64(27884), np.int64(42886), np.int64(29429), np.int64(34410), np.int64(2399), np.int64(36393), np.int64(4336), np.int64(10578), np.int64(36335), np.int64(37791), np.int64(7623), np.int64(12011), np.int64(5352), np.int64(10134), np.int64(28033), np.int64(5573), np.int64(20604), np.int64(31695), np.int64(17579), np.int64(12595), np.int64(18988), np.int64(40621), np.int64(39439), np.int64(42709), np.int64(36504), np.int64(26492), np.int64(27187), np.int64(28853), np.int64(35384), np.int64(43979), np.int64(34695), np.int64(25540), np.int64(19560), np.int64(30499), np.int64(4721), np.int64(16641), np.int64(39694), np.int64(48502), np.int64(25021), np.int64(42340), np.int64(35677), np.int64(43416), np.int64(4268), np.int64(38483))","(1, 0, 0, 1, 1, 0, 1, 0, 0, 0, 0, 0, 1, 1, 0, 1, 1, 1, 1, 1, 1, 1, 1, 0, 0, 1, 1, 0, 0, 0, 0, 1, 1, 1, 0, 0, 0, 0, 1, 0, 1, 1, 0, 0, 1, 0, 0, 0, 0, 0)"
3.529624,13,245.605756,1,"(np.int64(39939), np.int64(12942), np.int64(46986), np.int64(11119), np.int64(5365), np.int64(31101), np.int64(27400), np.int64(15118), np.int64(44573), np.int64(35513), np.int64(10185), np.int64(40154), np.int64(2339))","(0, 1, 0, 1, 1, 0, 1, 1, 0, 0, 1, 0, 0)"
7.120604,29,245.923423,1,"(np.int64(48752), np.int64(170), np.int64(13638), np.int64(446), np.int64(14242), np.int64(22344), np.int64(4511), np.int64(35636), np.int64(12438), np.int64(36580), np.int64(6911), np.int64(30658), np.int64(18131), np.int64(10257), np.int64(13486), np.int64(30717), np.int64(18298), np.int64(2145), np.int64(36469), np.int64(47270), np.int64(43606), np.int64(19060), np.int64(43609), np.int64(14845), np.int64(48608), np.int64(31445), np.int64(35279), np.int64(7353), np.int64(18638))","(0, 1, 1, 1, 1, 0, 1, 0, 0, 0, 1, 0, 0, 1, 1, 0, 0, 1, 0, 0, 0, 0, 0, 1, 0, 0, 0, 1, 0)"
11.485378,48,246.459901,1,"(np.int64(17426), np.int64(33707), np.int64(41682), np.int64(2576), np.int64(32505), np.int64(47866), np.int64(8162), np.int64(23683), np.int64(47307), np.int64(15434), np.int64(15185), np.int64(33124), np.int64(46184), np.int64(16266), np.int64(21280), np.int64(15414), np.int64(8212), np.int64(42675), np.int64(33719), np.int64(47361), np.int64(20424), np.int64(23617), np.int64(26956), np.int64(12690), np.int64(43917), np.int64(15096), np.int64(10908), np.int64(22946), np.int64(32154), np.int64(36778), np.int64(38424), np.int64(43273), np.int64(1031), np.int64(1941), np.int64(35188), np.int64(20008), np.int64(46698), np.int64(35643), np.int64(28237), np.int64(38731), np.int64(10526), np.int64(20880), np.int64(15784), np.int64(25030), np.int64(11526), np.int64(26866), np.int64(17259), np.int64(28415))","(0, 0, 0, 1, 0, 0, 1, 0, 0, 1, 1, 0, 0, 1, 1, 0, 1, 0, 0, 0, 0, 0, 0, 1, 0, 1, 1, 0, 0, 0, 0, 0, 1, 1, 0, 1, 0, 1, 0, 0, 1, 1, 1, 1, 1, 0, 0, 0)"
11.372226,46,246.99512,1,"(np.int64(23284), np.int64(39896), np.int64(23404), np.int64(48426), np.int64(14563), np.int64(27348), np.int64(3295), np.int64(24943), np.int64(36486), np.int64(31874), np.int64(11890), np.int64(9526), np.int64(48561), np.int64(12373), np.int64(34780), np.int64(37752), np.int64(42733), np.int64(15569), np.int64(16643), np.int64(5207), np.int64(5098), np.int64(18603), np.int64(10953), np.int64(44073), np.int64(34138), np.int64(36277), np.int64(19676), np.int64(46703), np.int64(31292), np.int64(18034), np.int64(47243), np.int64(6477), np.int64(48966), np.int64(10941), np.int64(20506), np.int64(11936), np.int64(25241), np.int64(34592), np.int64(9308), np.int64(25781), np.int64(5104), np.int64(18843), np.int64(821), np.int64(7969), np.int64(30939), np.int64(19205))","(0, 0, 0, 0, 0, 0, 1, 1, 0, 0, 1, 1, 0, 1, 0, 0, 0, 1, 0, 1, 1, 0, 1, 0, 0, 0, 1, 0, 1, 0, 0, 1, 0, 1, 0, 1, 0, 0, 1, 0, 1, 1, 1, 1, 0, 0)"
14.872495,50,247.557793,1,"(np.int64(1667), np.int64(42564), np.int64(11205), np.int64(28057), np.int64(43578), np.int64(13581), np.int64(39605), np.int64(16295), np.int64(11149), np.int64(1146), np.int64(303), np.int64(39603), np.int64(40686), np.int64(2353), np.int64(35799), np.int64(10523), np.int64(11255), np.int64(18807), np.int64(2947), np.int64(11327), np.int64(33464), np.int64(44966), np.int64(3733), np.int64(48891), np.int64(35599), np.int64(19643), np.int64(32901), np.int64(14084), np.int64(2473), np.int64(31377), np.int64(14713), np.int64(23027), np.int64(29717), np.int64(26682), np.int64(18596), np.int64(13837), np.int64(21272), np.int64(20382), np.int64(7278), np.int64(37244), np.int64(7953), np.int64(11817), np.int64(26815), np.int64(29065), np.int64(41698), np.int64(5228), np.int64(42219), np.int64(36712), np.int64(21877), np.int64(16156))","(1, 0, 1, 0, 0, 1, 0, 1, 1, 1, 0, 0, 0, 0, 0, 1, 1, 1, 1, 1, 0, 0, 1, 0, 0, 1, 0, 1, 0, 1, 1, 0, 0, 0, 0, 0, 1, 0, 1, 0, 1, 1, 0, 1, 0, 1, 0, 0, 1, 1)"
12.89011,50,248.120803,1,"(np.int64(48946), np.int64(161), np.int64(36430), np.int64(33558), np.int64(17260), np.int64(4591), np.int64(26784), np.int64(38735), np.int64(31542), np.int64(13290), np.int64(36799), np.int64(49125), np.int64(4159), np.int64(32894), np.int64(44088), np.int64(10318), np.int64(43), np.int64(46562), np.int64(11983), np.int64(27295), np.int64(39927), np.int64(25922), np.int64(20848), np.int64(44655), np.int64(11958), np.int64(16326), np.int64(15317), np.int64(40475), np.int64(988), np.int64(49807), np.int64(26313), np.int64(21657), np.int64(35779), np.int64(3504), np.int64(49671), np.int64(15610), np.int64(40066), np.int64(40519), np.int64(13109), np.int64(13554), np.int64(485), np.int64(35067), np.int64(33159), np.int64(26243), np.int64(13918), np.int64(6944), np.int64(37015), np.int64(44148), np.int64(15264), np.int64(19009))","(0, 0, 0, 0, 0, 1, 0, 0, 0, 1, 0, 0, 1, 0, 0, 1, 1, 0, 1, 1, 0, 0, 0, 0, 1, 1, 1, 0, 1, 0, 0, 1, 0, 1, 0, 1, 0, 0, 1, 1, 1, 0, 0, 1, 1, 1, 0, 0, 0, 0)"
12.450032,50,248.677886,1,"(np.int64(41448), np.int64(19333), np.int64(31197), np.int64(30763), np.int64(16933), np.int64(16424), np.int64(47444), np.int64(27859), np.int64(33974), np.int64(20707), np.int64(21545), np.int64(47203), np.int64(37464), np.int64(24777), np.int64(26652), np.int64(17518), np.int64(12087), np.int64(22228), np.int64(32201), np.int64(12279), np.int64(47019), np.int64(19488), np.int64(7948), np.int64(33949), np.int64(28087), np.int64(32133), np.int64(16806), np.int64(25433), np.int64(15747), np.int64(33699), np.int64(7347), np.int64(5070), np.int64(36228), np.int64(22728), np.int64(13558), np.int64(14391), np.int64(22359), np.int64(43300), np.int64(24483), np.int64(7663), np.int64(5389), np.int64(31425), np.int64(38626), np.int64(13825), np.int64(7421), np.int64(49950), np.int64(13822), np.int64(12547), np.int64(46189), np.int64(43592))","(0, 0, 0, 0, 1, 1, 0, 1, 0, 1, 0, 0, 0, 0, 0, 0, 1, 0, 0, 1, 0, 1, 1, 0, 0, 0, 1, 0, 1, 0, 1, 1, 0, 0, 1, 0, 0, 0, 1, 1, 1, 1, 0, 1, 1, 0, 1, 1, 0, 0)"
11.660425,41,249.13874,1,"(np.int64(41593), np.int64(6740), np.int64(8568), np.int64(28889), np.int64(37953), np.int64(21153), np.int64(42847), np.int64(22071), np.int64(38956), np.int64(23856), np.int64(9550), np.int64(31889), np.int64(37317), np.int64(22739), np.int64(42923), np.int64(26873), np.int64(30869), np.int64(32820), np.int64(19045), np.int64(11805), np.int64(46731), np.int64(2663), np.int64(27000), np.int64(18173), np.int64(6837), np.int64(12450), np.int64(8553), np.int64(17290), np.int64(4542), np.int64(250), np.int64(32004), np.int64(6372), np.int64(36976), np.int64(40850), np.int64(23873), np.int64(2717), np.int64(12800), np.int64(16941), np.int64(31601), np.int64(20771), np.int64(34316))","(0, 1, 1, 1, 0, 1, 0, 1, 0, 1, 0, 0, 0, 0, 0, 0, 0, 0, 0, 1, 0, 1, 0, 0, 1, 1, 1, 0, 1, 1, 0, 1, 0, 0, 1, 1, 1, 1, 0, 1, 0)"
12.794824,50,249.701756,1,"(np.int64(33310), np.int64(13641), np.int64(32709), np.int64(26467), np.int64(44914), np.int64(18733), np.int64(30677), np.int64(25620), np.int64(49864), np.int64(7790), np.int64(26248), np.int64(33678), np.int64(28228), np.int64(7181), np.int64(45555), np.int64(39266), np.int64(40903), np.int64(8766), np.int64(14843), np.int64(47623), np.int64(13486), np.int64(11607), np.int64(19298), np.int64(3056), np.int64(18093), np.int64(7988), np.int64(47195), np.int64(48), np.int64(44159), np.int64(11267), np.int64(43036), np.int64(34909), np.int64(1951), np.int64(47302), np.int64(49405), np.int64(24525), np.int64(14640), np.int64(33784), np.int64(24928), np.int64(1936), np.int64(9884), np.int64(30761), np.int64(7366), np.int64(9636), np.int64(7826), np.int64(25627), np.int64(37456), np.int64(23747), np.int64(6216), np.int64(600))","(0, 1, 0, 0, 0, 0, 0, 1, 0, 1, 0, 0, 0, 0, 0, 0, 0, 0, 1, 0, 1, 1, 1, 1, 0, 1, 0, 1, 0, 0, 0, 0, 1, 0, 0, 0, 1, 0, 1, 1, 0, 0, 1, 1, 0, 1, 0, 1, 1, 1)"
15.884007,50,250.254543,1,"(np.int64(24097), np.int64(672), np.int64(448), np.int64(10210), np.int64(48601), np.int64(42478), np.int64(38954), np.int64(30844), np.int64(5303), np.int64(15330), np.int64(5191), np.int64(11931), np.int64(32799), np.int64(1550), np.int64(35203), np.int64(7307), np.int64(5179), np.int64(22826), np.int64(10900), np.int64(31564), np.int64(16167), np.int64(5593), np.int64(43683), np.int64(43540), np.int64(26526), np.int64(11003), np.int64(22110), np.int64(13912), np.int64(26398), np.int64(19308), np.int64(46020), np.int64(24511), np.int64(11163), np.int64(12584), np.int64(35037), np.int64(16225), np.int64(18083), np.int64(3921), np.int64(26098), np.int64(14666), np.int64(1637), np.int64(24781), np.int64(26952), np.int64(37431), np.int64(15255), np.int64(25460), np.int64(4896), np.int64(34240), np.int64(23101), np.int64(38552))","(1, 1, 1, 1, 0, 0, 0, 0, 1, 1, 1, 1, 0, 1, 0, 1, 1, 0, 0, 0, 0, 1, 0, 0, 0, 1, 1, 0, 0, 1, 0, 1, 1, 1, 0, 1, 0, 1, 0, 1, 1, 0, 0, 0, 1, 1, 1, 0, 0, 0)"
8.832749,34,250.641952,1,"(np.int64(44163), np.int64(5549), np.int64(24419), np.int64(7393), np.int64(22927), np.int64(46201), np.int64(43235), np.int64(11664), np.int64(41497), np.int64(28179), np.int64(10868), np.int64(29464), np.int64(38517), np.int64(12759), np.int64(10738), np.int64(20672), np.int64(20664), np.int64(44160), np.int64(9616), np.int64(21917), np.int64(46502), np.int64(4125), np.int64(3961), np.int64(30893), np.int64(45622), np.int64(42750), np.int64(25332), np.int64(47187), np.int64(9133), np.int64(13743), np.int64(733), np.int64(17450), np.int64(12767), np.int64(36867))","(0, 1, 1, 1, 0, 0, 0, 0, 0, 0, 1, 0, 0, 1, 0, 1, 1, 0, 1, 1, 0, 1, 1, 0, 0, 0, 1, 0, 0, 0, 1, 0, 1, 0)"
9.369345,34,251.02612,1,"(np.int64(3335), np.int64(7937), np.int64(28645), np.int64(313), np.int64(14923), np.int64(18440), np.int64(36409), np.int64(3182), np.int64(19327), np.int64(41180), np.int64(15512), np.int64(6821), np.int64(24263), np.int64(45785), np.int64(14871), np.int64(39075), np.int64(29539), np.int64(33224), np.int64(27873), np.int64(46919), np.int64(27552), np.int64(24055), np.int64(396), np.int64(11906), np.int64(9251), np.int64(30230), np.int64(40508), np.int64(1341), np.int64(47140), np.int64(48738), np.int64(43635), np.int64(21015), np.int64(21376), np.int64(20848))","(1, 1, 1, 1, 1, 0, 0, 1, 1, 0, 1, 1, 0, 0, 1, 0, 0, 0, 1, 0, 0, 0, 1, 1, 1, 0, 0, 0, 0, 0, 0, 0, 1, 0)"
7.071778,25,251.304229,1,"(np.int64(2007), np.int64(10680), np.int64(30800), np.int64(44843), np.int64(21384), np.int64(5597), np.int64(36658), np.int64(38020), np.int64(28659), np.int64(49370), np.int64(16518), np.int64(35657), np.int64(25366), np.int64(32011), np.int64(29185), np.int64(24481), np.int64(15936), np.int64(16156), np.int64(8507), np.int64(25682), np.int64(12758), np.int64(33651), np.int64(12498), np.int64(22397), np.int64(33575))","(1, 1, 0, 0, 0, 1, 0, 0, 1, 0, 1, 0, 1, 0, 1, 0, 1, 1, 1, 1, 0, 0, 1, 0, 0)"
3.682154,11,251.435644,1,"(np.int64(35336), np.int64(27304), np.int64(18467), np.int64(27181), np.int64(5155), np.int64(29689), np.int64(28090), np.int64(6309), np.int64(1375), np.int64(40695), np.int64(44901))","(0, 1, 0, 1, 1, 0, 1, 1, 1, 0, 0)"
12.688969,50,251.990855,1,"(np.int64(1077), np.int64(28353), np.int64(20680), np.int64(38146), np.int64(42334), np.int64(7392), np.int64(20434), np.int64(2851), np.int64(18680), np.int64(44908), np.int64(24624), np.int64(9255), np.int64(34563), np.int64(3372), np.int64(35941), np.int64(17765), np.int64(46773), np.int64(43661), np.int64(8423), np.int64(30625), np.int64(3350), np.int64(42341), np.int64(15806), np.int64(6315), np.int64(2541), np.int64(7441), np.int64(21684), np.int64(5545), np.int64(5694), np.int64(28155), np.int64(45723), np.int64(6428), np.int64(44328), np.int64(48879), np.int64(49223), np.int64(40358), np.int64(29705), np.int64(35945), np.int64(10757), np.int64(25057), np.int64(38550), np.int64(40834), np.int64(12605), np.int64(23350), np.int64(39945), np.int64(1679), np.int64(25263), np.int64(49501), np.int64(34921), np.int64(703))","(1, 0, 1, 0, 0, 0, 0, 1, 1, 0, 1, 1, 0, 1, 0, 0, 0, 0, 1, 0, 1, 0, 0, 1, 1, 1, 1, 0, 1, 0, 0, 1, 0, 0, 0, 0, 0, 0, 1, 1, 0, 0, 1, 0, 0, 1, 1, 0, 0, 1)"
11.397013,50,252.546898,1,"(np.int64(45483), np.int64(13720), np.int64(49244), np.int64(7003), np.int64(10636), np.int64(33020), np.int64(10966), np.int64(32141), np.int64(17262), np.int64(20148), np.int64(16269), np.int64(41909), np.int64(47397), np.int64(34220), np.int64(36752), np.int64(25125), np.int64(9380), np.int64(49097), np.int64(15135), np.int64(19219), np.int64(46030), np.int64(43836), np.int64(30327), np.int64(40899), np.int64(17096), np.int64(18051), np.int64(5697), np.int64(26955), np.int64(16681), np.int64(40459), np.int64(30498), np.int64(26768), np.int64(18463), np.int64(14020), np.int64(4983), np.int64(8358), np.int64(32240), np.int64(11795), np.int64(14698), np.int64(45700), np.int64(15179), np.int64(16720), np.int64(32990), np.int64(29738), np.int64(38862), np.int64(40880), np.int64(41588), np.int64(2794), np.int64(9013), np.int64(34522))","(0, 0, 0, 1, 1, 0, 1, 0, 0, 1, 1, 0, 0, 0, 0, 1, 1, 0, 1, 0, 0, 0, 0, 0, 1, 0, 1, 0, 0, 0, 0, 0, 0, 1, 1, 1, 0, 1, 1, 0, 1, 1, 0, 0, 0, 0, 0, 1, 0, 0)"
5.504122,22,252.804076,1,"(np.int64(10913), np.int64(43656), np.int64(23111), np.int64(36917), np.int64(5527), np.int64(24395), np.int64(4823), np.int64(26210), np.int64(4705), np.int64(44175), np.int64(28472), np.int64(49985), np.int64(31779), np.int64(6842), np.int64(47039), np.int64(6462), np.int64(39364), np.int64(22055), np.int64(21962), np.int64(38199), np.int64(25504), np.int64(21626))","(1, 0, 0, 0, 1, 0, 1, 1, 1, 0, 1, 0, 0, 1, 0, 1, 0, 0, 1, 0, 0, 0)"
6.050442,21,253.03702,1,"(np.int64(30904), np.int64(8629), np.int64(25309), np.int64(25234), np.int64(9839), np.int64(35370), np.int64(26041), np.int64(14068), np.int64(4256), np.int64(23621), np.int64(12913), np.int64(34868), np.int64(38890), np.int64(3184), np.int64(31887), np.int64(49062), np.int64(47684), np.int64(45562), np.int64(34967), np.int64(26162), np.int64(49388))","(0, 1, 1, 1, 1, 0, 0, 1, 1, 1, 1, 0, 0, 1, 0, 0, 0, 0, 0, 1, 0)"
6.899292,30,253.371541,1,"(np.int64(39521), np.int64(30739), np.int64(33705), np.int64(31898), np.int64(48643), np.int64(2835), np.int64(37784), np.int64(17275), np.int64(28650), np.int64(29159), np.int64(32770), np.int64(46222), np.int64(35294), np.int64(39958), np.int64(10432), np.int64(2909), np.int64(26933), np.int64(25411), np.int64(14786), np.int64(17359), np.int64(14003), np.int64(3820), np.int64(35181), np.int64(4893), np.int64(32316), np.int64(9435), np.int64(7529), np.int64(18052), np.int64(15037), np.int64(43589))","(0, 0, 0, 0, 0, 1, 0, 0, 0, 1, 0, 0, 0, 0, 1, 0, 0, 1, 1, 0, 1, 1, 0, 1, 0, 1, 1, 0, 1, 0)"
10.680349,35,253.753674,1,"(np.int64(14040), np.int64(48292), np.int64(30428), np.int64(8428), np.int64(20646), np.int64(18039), np.int64(16575), np.int64(35924), np.int64(46673), np.int64(31474), np.int64(47764), np.int64(22065), np.int64(1655), np.int64(9542), np.int64(38790), np.int64(5816), np.int64(33816), np.int64(43006), np.int64(10702), np.int64(37734), np.int64(21438), np.int64(39845), np.int64(5182), np.int64(40753), np.int64(9559), np.int64(31550), np.int64(1860), np.int64(2314), np.int64(13014), np.int64(12681), np.int64(33715), np.int64(41024), np.int64(15422), np.int64(31959), np.int64(3918))","(1, 0, 0, 1, 1, 0, 1, 0, 0, 1, 0, 1, 1, 1, 0, 1, 0, 0, 1, 0, 1, 0, 1, 0, 1, 0, 1, 0, 1, 1, 0, 0, 1, 0, 1)"
11.611422,50,254.306301,1,"(np.int64(16226), np.int64(27462), np.int64(3472), np.int64(34764), np.int64(33186), np.int64(29454), np.int64(43324), np.int64(38715), np.int64(37005), np.int64(9602), np.int64(6077), np.int64(34671), np.int64(23247), np.int64(33257), np.int64(18429), np.int64(22734), np.int64(29368), np.int64(5239), np.int64(12434), np.int64(498), np.int64(5021), np.int64(27369), np.int64(28092), np.int64(23009), np.int64(136), np.int64(13426), np.int64(27753), np.int64(11870), np.int64(38513), np.int64(19422), np.int64(42106), np.int64(32519), np.int64(21888), np.int64(41219), np.int64(40490), np.int64(4415), np.int64(44997), np.int64(39587), np.int64(21110), np.int64(4198), np.int64(36786), np.int64(9999), np.int64(34732), np.int64(42069), np.int64(1193), np.int64(31753), np.int64(18967), np.int64(14981), np.int64(28179), np.int64(10267))","(1, 0, 1, 0, 0, 0, 0, 0, 0, 1, 1, 0, 0, 0, 0, 0, 1, 1, 1, 1, 1, 0, 0, 0, 1, 1, 0, 1, 0, 0, 0, 0, 1, 0, 0, 1, 0, 0, 0, 1, 0, 0, 0, 0, 1, 0, 0, 1, 0, 1)"
17.249372,50,254.863654,1,"(np.int64(562), np.int64(40057), np.int64(25946), np.int64(30746), np.int64(5722), np.int64(22131), np.int64(6124), np.int64(27840), np.int64(37315), np.int64(14692), np.int64(25308), np.int64(32156), np.int64(20836), np.int64(29016), np.int64(5661), np.int64(47966), np.int64(16093), np.int64(6227), np.int64(27359), np.int64(28723), np.int64(2452), np.int64(597), np.int64(6756), np.int64(33828), np.int64(30709), np.int64(9639), np.int64(35942), np.int64(49541), np.int64(22550), np.int64(42957), np.int64(20759), np.int64(10719), np.int64(27700), np.int64(279), np.int64(13381), np.int64(6874), np.int64(38149), np.int64(37699), np.int64(43825), np.int64(5200), np.int64(44298), np.int64(45473), np.int64(18790), np.int64(4627), np.int64(33366), np.int64(1631), np.int64(27088), np.int64(19059), np.int64(20510), np.int64(23152))","(1, 0, 0, 0, 1, 0, 1, 1, 0, 1, 1, 0, 1, 1, 1, 0, 1, 1, 1, 1, 0, 1, 1, 0, 0, 1, 0, 0, 0, 0, 1, 1, 0, 1, 1, 1, 0, 0, 0, 1, 0, 0, 1, 1, 0, 1, 1, 1, 1, 0)"
13.128281,50,255.430561,1,"(np.int64(3496), np.int64(47556), np.int64(31812), np.int64(48999), np.int64(17709), np.int64(13091), np.int64(15718), np.int64(39594), np.int64(29559), np.int64(26014), np.int64(39024), np.int64(47461), np.int64(33937), np.int64(17331), np.int64(47280), np.int64(4842), np.int64(22611), np.int64(874), np.int64(29126), np.int64(37984), np.int64(34234), np.int64(32151), np.int64(34987), np.int64(49598), np.int64(9792), np.int64(5661), np.int64(13350), np.int64(14657), np.int64(1673), np.int64(18341), np.int64(5017), np.int64(21504), np.int64(48961), np.int64(22751), np.int64(28118), np.int64(29552), np.int64(21648), np.int64(18314), np.int64(2792), np.int64(12356), np.int64(13337), np.int64(49231), np.int64(611), np.int64(7134), np.int64(26873), np.int64(15190), np.int64(28558), np.int64(20185), np.int64(512), np.int64(19208))","(1, 0, 0, 0, 0, 1, 0, 0, 0, 0, 0, 0, 0, 0, 0, 1, 0, 1, 1, 0, 0, 0, 0, 0, 1, 1, 1, 1, 1, 0, 1, 1, 0, 0, 0, 0, 1, 0, 1, 1, 1, 0, 1, 1, 0, 1, 0, 1, 1, 1)"
11.808996,50,256.000197,1,"(np.int64(1527), np.int64(33392), np.int64(29368), np.int64(1656), np.int64(26571), np.int64(48478), np.int64(47348), np.int64(22161), np.int64(7495), np.int64(5255), np.int64(42776), np.int64(2561), np.int64(2278), np.int64(36058), np.int64(50013), np.int64(42654), np.int64(46061), np.int64(31121), np.int64(1646), np.int64(30822), np.int64(8570), np.int64(39279), np.int64(28510), np.int64(30380), np.int64(30876), np.int64(47552), np.int64(37273), np.int64(24776), np.int64(41485), np.int64(29492), np.int64(2517), np.int64(20656), np.int64(38740), np.int64(28857), np.int64(12716), np.int64(21993), np.int64(7525), np.int64(32841), np.int64(6467), np.int64(32513), np.int64(36076), np.int64(33851), np.int64(12209), np.int64(22720), np.int64(20965), np.int64(16067), np.int64(44110), np.int64(5227), np.int64(28294), np.int64(5274))","(1, 0, 1, 1, 0, 0, 0, 1, 1, 1, 0, 1, 0, 0, 0, 0, 0, 0, 1, 0, 1, 0, 0, 0, 0, 0, 0, 0, 0, 0, 1, 1, 0, 0, 0, 1, 1, 0, 1, 1, 0, 0, 0, 0, 1, 1, 0, 1, 0, 1)"
13.745412,49,256.541884,1,"(np.int64(32222), np.int64(32335), np.int64(8502), np.int64(12852), np.int64(29701), np.int64(32073), np.int64(14738), np.int64(6518), np.int64(29289), np.int64(20365), np.int64(30049), np.int64(23200), np.int64(49034), np.int64(19653), np.int64(5310), np.int64(46630), np.int64(44784), np.int64(14106), np.int64(1550), np.int64(11021), np.int64(2478), np.int64(35713), np.int64(49799), np.int64(4697), np.int64(352), np.int64(7194), np.int64(38300), np.int64(27056), np.int64(6403), np.int64(28059), np.int64(31700), np.int64(16290), np.int64(37023), np.int64(1513), np.int64(37119), np.int64(48696), np.int64(11558), np.int64(49520), np.int64(21601), np.int64(36737), np.int64(21686), np.int64(42260), np.int64(24001), np.int64(43748), np.int64(36917), np.int64(8005), np.int64(42657), np.int64(31974), np.int64(34465))","(0, 0, 1, 1, 0, 0, 1, 1, 1, 1, 0, 0, 0, 0, 1, 0, 0, 1, 1, 1, 1, 0, 0, 1, 1, 1, 0, 0, 1, 1, 0, 1, 0, 1, 0, 0, 1, 0, 0, 0, 1, 0, 1, 0, 0, 1, 0, 0, 0)"
11.939831,50,257.106111,1,"(np.int64(12703), np.int64(16708), np.int64(36301), np.int64(29358), np.int64(2539), np.int64(21468), np.int64(45754), np.int64(23446), np.int64(30748), np.int64(22983), np.int64(43627), np.int64(10074), np.int64(13188), np.int64(24498), np.int64(38536), np.int64(37188), np.int64(29058), np.int64(39881), np.int64(38244), np.int64(20483), np.int64(21220), np.int64(23260), np.int64(39009), np.int64(20346), np.int64(44599), np.int64(233), np.int64(27594), np.int64(49218), np.int64(18224), np.int64(32240), np.int64(27033), np.int64(43682), np.int64(45885), np.int64(17288), np.int64(29297), np.int64(36352), np.int64(37226), np.int64(16244), np.int64(15934), np.int64(6545), np.int64(47589), np.int64(34709), np.int64(29416), np.int64(44904), np.int64(47020), np.int64(4929), np.int64(13743), np.int64(2703), np.int64(40905), np.int64(25435))","(1, 1, 0, 1, 1, 1, 0, 1, 0, 0, 0, 0, 1, 1, 0, 0, 0, 0, 0, 0, 1, 0, 0, 1, 0, 1, 0, 0, 0, 0, 1, 0, 0, 0, 1, 0, 0, 1, 1, 1, 0, 0, 0, 0, 1, 1, 0, 1, 0, 1)"
12.642883,50,257.703275,1,"(np.int64(21997), np.int64(49198), np.int64(32489), np.int64(22573), np.int64(7335), np.int64(38585), np.int64(2193), np.int64(19267), np.int64(32764), np.int64(680), np.int64(34448), np.int64(15791), np.int64(21917), np.int64(15006), np.int64(9673), np.int64(30353), np.int64(42502), np.int64(32393), np.int64(46006), np.int64(5989), np.int64(49302), np.int64(35946), np.int64(12455), np.int64(26017), np.int64(15434), np.int64(47862), np.int64(42672), np.int64(47881), np.int64(3434), np.int64(47646), np.int64(20867), np.int64(5679), np.int64(31869), np.int64(35489), np.int64(18810), np.int64(46982), np.int64(18094), np.int64(13158), np.int64(44851), np.int64(5794), np.int64(14547), np.int64(34061), np.int64(39532), np.int64(10319), np.int64(19657), np.int64(29462), np.int64(46442), np.int64(9853), np.int64(28520), np.int64(33513))","(1, 0, 0, 0, 1, 0, 1, 1, 0, 1, 0, 1, 1, 1, 0, 0, 0, 0, 0, 1, 0, 0, 1, 0, 1, 0, 0, 0, 1, 0, 1, 1, 0, 0, 1, 0, 0, 1, 0, 1, 1, 0, 0, 1, 1, 0, 0, 1, 0, 0)"
9.081027,48,258.253483,1,"(np.int64(19344), np.int64(25945), np.int64(47538), np.int64(31516), np.int64(39158), np.int64(13556), np.int64(41392), np.int64(35679), np.int64(6780), np.int64(20032), np.int64(47591), np.int64(39751), np.int64(31121), np.int64(27481), np.int64(41678), np.int64(22826), np.int64(21072), np.int64(16697), np.int64(6307), np.int64(5420), np.int64(3697), np.int64(48814), np.int64(35751), np.int64(18023), np.int64(24127), np.int64(1194), np.int64(35824), np.int64(40875), np.int64(7082), np.int64(17290), np.int64(41702), np.int64(15888), np.int64(30323), np.int64(44133), np.int64(36578), np.int64(26390), np.int64(43026), np.int64(46592), np.int64(17479), np.int64(23778), np.int64(1727), np.int64(47525), np.int64(28933), np.int64(15753), np.int64(38573), np.int64(25580), np.int64(3065), np.int64(15330))","(1, 0, 0, 0, 0, 1, 0, 0, 1, 0, 0, 0, 0, 0, 0, 0, 1, 1, 1, 1, 1, 0, 0, 0, 0, 1, 0, 0, 1, 0, 0, 1, 0, 0, 0, 0, 0, 0, 0, 1, 1, 0, 0, 0, 0, 0, 0, 1)"
6.820974,36,258.675316,1,"(np.int64(41287), np.int64(43415), np.int64(36660), np.int64(20463), np.int64(48657), np.int64(35117), np.int64(47553), np.int64(20604), np.int64(39541), np.int64(41963), np.int64(39757), np.int64(34851), np.int64(6533), np.int64(24140), np.int64(33611), np.int64(36634), np.int64(44733), np.int64(16543), np.int64(48415), np.int64(39967), np.int64(15430), np.int64(1749), np.int64(3703), np.int64(3729), np.int64(10818), np.int64(34291), np.int64(42364), np.int64(46787), np.int64(46974), np.int64(7812), np.int64(18554), np.int64(23221), np.int64(49860), np.int64(42465), np.int64(6241), np.int64(39240))","(0, 0, 0, 1, 0, 0, 0, 1, 0, 0, 0, 0, 1, 0, 0, 0, 0, 1, 0, 0, 1, 1, 1, 1, 1, 0, 0, 0, 0, 1, 0, 0, 0, 0, 1, 0)"
13.099045,41,259.155912,1,"(np.int64(24024), np.int64(12487), np.int64(22130), np.int64(934), np.int64(36514), np.int64(22154), np.int64(46984), np.int64(29984), np.int64(7534), np.int64(35642), np.int64(14240), np.int64(27172), np.int64(38037), np.int64(3225), np.int64(32145), np.int64(4054), np.int64(38245), np.int64(23025), np.int64(6529), np.int64(37240), np.int64(7666), np.int64(22182), np.int64(26314), np.int64(28234), np.int64(25272), np.int64(11308), np.int64(31450), np.int64(7622), np.int64(11972), np.int64(6007), np.int64(18883), np.int64(16460), np.int64(38819), np.int64(12164), np.int64(833), np.int64(18384), np.int64(10371), np.int64(38991), np.int64(36480), np.int64(13654), np.int64(8424))","(0, 1, 0, 1, 0, 0, 0, 0, 1, 0, 1, 1, 0, 1, 0, 1, 0, 0, 1, 0, 1, 1, 0, 0, 1, 1, 0, 1, 1, 1, 0, 1, 0, 1, 1, 0, 1, 0, 0, 1, 1)"
6.633773,30,259.613977,1,"(np.int64(30398), np.int64(24256), np.int64(18653), np.int64(14782), np.int64(45411), np.int64(8808), np.int64(35840), np.int64(37847), np.int64(18643), np.int64(23714), np.int64(27312), np.int64(11305), np.int64(12552), np.int64(38002), np.int64(2716), np.int64(43840), np.int64(11403), np.int64(24050), np.int64(31159), np.int64(44797), np.int64(36621), np.int64(39988), np.int64(39994), np.int64(12308), np.int64(4338), np.int64(5350), np.int64(43363), np.int64(26996), np.int64(25118), np.int64(907))","(0, 0, 0, 1, 0, 0, 0, 0, 0, 0, 1, 1, 1, 0, 1, 0, 1, 1, 0, 0, 0, 0, 0, 0, 1, 1, 0, 0, 1, 1)"
2.916305,17,259.816112,1,"(np.int64(32628), np.int64(13539), np.int64(13849), np.int64(34209), np.int64(42180), np.int64(42176), np.int64(34661), np.int64(38767), np.int64(22654), np.int64(13165), np.int64(43729), np.int64(21837), np.int64(22086), np.int64(39612), np.int64(28154), np.int64(32595), np.int64(16258))","(0, 1, 1, 0, 0, 0, 0, 0, 0, 1, 0, 0, 1, 0, 0, 0, 1)"
13.423365,50,260.408443,1,"(np.int64(39099), np.int64(24794), np.int64(13607), np.int64(23276), np.int64(20899), np.int64(37863), np.int64(9038), np.int64(29115), np.int64(23957), np.int64(30038), np.int64(13770), np.int64(11011), np.int64(30548), np.int64(14181), np.int64(26913), np.int64(46849), np.int64(46382), np.int64(43489), np.int64(35310), np.int64(12197), np.int64(38491), np.int64(47284), np.int64(24611), np.int64(45612), np.int64(13997), np.int64(37631), np.int64(37209), np.int64(5203), np.int64(9790), np.int64(45611), np.int64(1270), np.int64(46825), np.int64(12282), np.int64(34381), np.int64(48081), np.int64(10062), np.int64(6680), np.int64(21744), np.int64(14404), np.int64(8940), np.int64(20547), np.int64(46336), np.int64(21590), np.int64(1584), np.int64(4580), np.int64(38753), np.int64(12942), np.int64(9985), np.int64(24062), np.int64(31350))","(0, 0, 1, 0, 1, 0, 1, 1, 0, 0, 0, 1, 0, 1, 0, 0, 0, 0, 0, 1, 0, 0, 1, 0, 1, 1, 0, 1, 1, 0, 1, 0, 0, 0, 0, 1, 1, 1, 1, 1, 1, 0, 0, 0, 1, 0, 1, 0, 1, 0)"
12.556714,50,260.968749,1,"(np.int64(23860), np.int64(46692), np.int64(25044), np.int64(26463), np.int64(939), np.int64(748), np.int64(32484), np.int64(9436), np.int64(28581), np.int64(48796), np.int64(7631), np.int64(10178), np.int64(31602), np.int64(1441), np.int64(39004), np.int64(40622), np.int64(28201), np.int64(22899), np.int64(34543), np.int64(16680), np.int64(47089), np.int64(48195), np.int64(17334), np.int64(48554), np.int64(12720), np.int64(27265), np.int64(35938), np.int64(13790), np.int64(7959), np.int64(20942), np.int64(14010), np.int64(5547), np.int64(42016), np.int64(18032), np.int64(25547), np.int64(16216), np.int64(16385), np.int64(13870), np.int64(16467), np.int64(27607), np.int64(32865), np.int64(48762), np.int64(33846), np.int64(45164), np.int64(36881), np.int64(44360), np.int64(41073), np.int64(33976), np.int64(4440), np.int64(6933))","(1, 0, 1, 0, 1, 1, 0, 0, 1, 0, 1, 1, 0, 1, 0, 0, 0, 0, 0, 1, 0, 0, 0, 0, 1, 1, 0, 0, 1, 1, 1, 0, 0, 0, 1, 1, 1, 0, 1, 0, 0, 0, 0, 0, 0, 0, 0, 0, 1, 1)"
3.665967,13,261.12765,1,"(np.int64(29778), np.int64(3499), np.int64(31168), np.int64(30136), np.int64(13050), np.int64(46791), np.int64(3226), np.int64(29039), np.int64(29393), np.int64(49115), np.int64(20626), np.int64(2459), np.int64(11977))","(0, 1, 0, 0, 1, 0, 1, 1, 1, 0, 1, 0, 0)"
11.720736,50,261.674069,1,"(np.int64(1246), np.int64(30144), np.int64(21695), np.int64(4889), np.int64(13403), np.int64(28682), np.int64(43049), np.int64(31401), np.int64(28173), np.int64(24960), np.int64(30135), np.int64(31026), np.int64(26717), np.int64(31640), np.int64(523), np.int64(41741), np.int64(28048), np.int64(46975), np.int64(4080), np.int64(39494), np.int64(32150), np.int64(31388), np.int64(2428), np.int64(46864), np.int64(22190), np.int64(42135), np.int64(13593), np.int64(3202), np.int64(24344), np.int64(13283), np.int64(8440), np.int64(25752), np.int64(22448), np.int64(1856), np.int64(38149), np.int64(42857), np.int64(21511), np.int64(31971), np.int64(40493), np.int64(15756), np.int64(47298), np.int64(39664), np.int64(6445), np.int64(407), np.int64(12960), np.int64(20434), np.int64(31244), np.int64(22121), np.int64(26215), np.int64(46329))","(1, 0, 1, 1, 0, 1, 0, 0, 0, 1, 0, 0, 0, 0, 1, 0, 0, 0, 1, 0, 0, 1, 0, 0, 1, 0, 1, 1, 0, 1, 1, 1, 0, 0, 0, 0, 0, 0, 0, 1, 0, 0, 0, 1, 0, 0, 1, 1, 1, 0)"
13.879682,50,262.22719,1,"(np.int64(29344), np.int64(44378), np.int64(24036), np.int64(12394), np.int64(49835), np.int64(25006), np.int64(37185), np.int64(491), np.int64(40668), np.int64(47299), np.int64(42562), np.int64(29117), np.int64(46517), np.int64(45208), np.int64(41568), np.int64(14826), np.int64(13370), np.int64(31187), np.int64(25246), np.int64(20893), np.int64(39806), np.int64(44373), np.int64(4874), np.int64(43823), np.int64(29054), np.int64(40057), np.int64(47825), np.int64(23866), np.int64(30781), np.int64(21012), np.int64(29466), np.int64(41929), np.int64(10687), np.int64(23944), np.int64(4113), np.int64(8471), np.int64(21039), np.int64(17030), np.int64(35112), np.int64(43541), np.int64(13164), np.int64(44861), np.int64(4525), np.int64(12329), np.int64(22726), np.int64(6713), np.int64(43371), np.int64(42423), np.int64(28111), np.int64(43930))","(1, 0, 1, 1, 0, 1, 0, 1, 0, 0, 0, 0, 0, 0, 0, 1, 1, 1, 1, 1, 0, 0, 1, 0, 1, 0, 0, 0, 0, 1, 1, 0, 0, 0, 1, 1, 1, 1, 0, 0, 1, 0, 1, 1, 0, 1, 0, 0, 1, 0)"
6.466926,30,262.566049,1,"(np.int64(30746), np.int64(41835), np.int64(39283), np.int64(43625), np.int64(45724), np.int64(14461), np.int64(7432), np.int64(30133), np.int64(17552), np.int64(17781), np.int64(41725), np.int64(11916), np.int64(30656), np.int64(25654), np.int64(1874), np.int64(23899), np.int64(22983), np.int64(4541), np.int64(24538), np.int64(43108), np.int64(7776), np.int64(40836), np.int64(43358), np.int64(35936), np.int64(1076), np.int64(34040), np.int64(49119), np.int64(39798), np.int64(13764), np.int64(20250))","(0, 0, 0, 0, 0, 1, 1, 0, 0, 0, 0, 1, 0, 0, 1, 1, 0, 1, 1, 0, 1, 0, 0, 0, 1, 0, 0, 0, 0, 1)"
6.739323,30,262.903425,1,"(np.int64(16402), np.int64(30950), np.int64(39025), np.int64(3665), np.int64(45769), np.int64(26499), np.int64(45303), np.int64(44297), np.int64(17921), np.int64(7263), np.int64(2385), np.int64(47000), np.int64(18824), np.int64(8305), np.int64(22810), np.int64(11487), np.int64(23261), np.int64(12569), np.int64(29862), np.int64(23924), np.int64(999), np.int64(7278), np.int64(4249), np.int64(43514), np.int64(34584), np.int64(41923), np.int64(11754), np.int64(34200), np.int64(36089), np.int64(36697))","(0, 0, 0, 1, 0, 0, 0, 0, 0, 1, 0, 0, 1, 1, 0, 1, 0, 1, 0, 1, 1, 1, 1, 0, 0, 0, 1, 0, 0, 0)"
14.826057,50,263.457873,1,"(np.int64(14637), np.int64(2214), np.int64(1063), np.int64(3775), np.int64(38562), np.int64(37755), np.int64(45632), np.int64(5020), np.int64(23783), np.int64(28332), np.int64(11598), np.int64(27067), np.int64(25162), np.int64(8176), np.int64(44029), np.int64(5221), np.int64(19441), np.int64(25227), np.int64(22637), np.int64(3501), np.int64(32162), np.int64(29331), np.int64(11583), np.int64(6809), np.int64(33282), np.int64(20457), np.int64(23972), np.int64(32554), np.int64(18348), np.int64(1768), np.int64(30991), np.int64(37275), np.int64(47307), np.int64(43196), np.int64(7336), np.int64(6225), np.int64(1910), np.int64(13860), np.int64(39770), np.int64(17172), np.int64(9610), np.int64(29759), np.int64(36135), np.int64(33455), np.int64(38003), np.int64(17037), np.int64(38633), np.int64(48596), np.int64(14889), np.int64(41154))","(1, 1, 1, 1, 0, 0, 0, 0, 1, 0, 1, 1, 0, 1, 0, 0, 1, 1, 0, 1, 0, 1, 1, 1, 0, 0, 1, 0, 1, 1, 0, 0, 0, 0, 1, 1, 1, 1, 0, 0, 1, 0, 0, 0, 0, 1, 0, 0, 1, 0)"
12.399772,44,263.93526,1,"(np.int64(18839), np.int64(33480), np.int64(35969), np.int64(39844), np.int64(1280), np.int64(34790), np.int64(19459), np.int64(41833), np.int64(26322), np.int64(43745), np.int64(39841), np.int64(6407), np.int64(47540), np.int64(6085), np.int64(21471), np.int64(32220), np.int64(6515), np.int64(28994), np.int64(17154), np.int64(38551), np.int64(43407), np.int64(37768), np.int64(5282), np.int64(12609), np.int64(41268), np.int64(4663), np.int64(15850), np.int64(39077), np.int64(34601), np.int64(12763), np.int64(29607), np.int64(4341), np.int64(6029), np.int64(14297), np.int64(43181), np.int64(11107), np.int64(16094), np.int64(30591), np.int64(46624), np.int64(15989), np.int64(26536), np.int64(11555), np.int64(47648), np.int64(14037))","(0, 0, 0, 0, 1, 0, 1, 0, 0, 0, 0, 1, 0, 1, 1, 0, 1, 1, 1, 0, 0, 0, 0, 1, 0, 1, 0, 0, 0, 1, 0, 1, 1, 1, 0, 1, 1, 0, 0, 1, 1, 1, 0, 1)"
14.174127,47,264.46439,1,"(np.int64(41477), np.int64(40857), np.int64(29824), np.int64(2619), np.int64(40504), np.int64(16163), np.int64(11477), np.int64(39350), np.int64(45506), np.int64(18801), np.int64(40076), np.int64(21718), np.int64(38794), np.int64(41644), np.int64(8814), np.int64(34986), np.int64(8262), np.int64(30355), np.int64(8211), np.int64(2951), np.int64(20909), np.int64(21595), np.int64(14173), np.int64(19763), np.int64(27780), np.int64(24338), np.int64(32549), np.int64(2357), np.int64(17203), np.int64(47154), np.int64(14935), np.int64(619), np.int64(47624), np.int64(5008), np.int64(42547), np.int64(42981), np.int64(4310), np.int64(40327), np.int64(3421), np.int64(7566), np.int64(30897), np.int64(3127), np.int64(25211), np.int64(9591), np.int64(24942), np.int64(23632), np.int64(17466))","(0, 0, 0, 1, 0, 1, 1, 0, 0, 0, 0, 0, 0, 0, 1, 0, 1, 0, 1, 1, 1, 1, 1, 1, 1, 0, 0, 0, 0, 0, 1, 1, 0, 1, 0, 0, 1, 0, 1, 1, 0, 1, 1, 1, 1, 1, 0)"
9.473664,50,265.007708,1,"(np.int64(35454), np.int64(29639), np.int64(8704), np.int64(39993), np.int64(30105), np.int64(46515), np.int64(15248), np.int64(30455), np.int64(20200), np.int64(47465), np.int64(10407), np.int64(46007), np.int64(36238), np.int64(28764), np.int64(19916), np.int64(28746), np.int64(29740), np.int64(4175), np.int64(13363), np.int64(35010), np.int64(11686), np.int64(45733), np.int64(27598), np.int64(9584), np.int64(25332), np.int64(23213), np.int64(19121), np.int64(22285), np.int64(5343), np.int64(10538), np.int64(34934), np.int64(45640), np.int64(43751), np.int64(35225), np.int64(21505), np.int64(31181), np.int64(26905), np.int64(40100), np.int64(40591), np.int64(15844), np.int64(15954), np.int64(37499), np.int64(36167), np.int64(29550), np.int64(17013), np.int64(37207), np.int64(29101), np.int64(26844), np.int64(9179), np.int64(36181))","(0, 0, 0, 0, 0, 0, 1, 0, 1, 0, 0, 0, 0, 0, 0, 1, 0, 1, 0, 0, 1, 0, 0, 1, 1, 0, 1, 0, 1, 1, 0, 0, 0, 0, 0, 0, 0, 0, 0, 1, 1, 0, 0, 0, 1, 1, 1, 0, 1, 0)"
14.535565,50,265.551859,1,"(np.int64(46300), np.int64(10907), np.int64(13681), np.int64(20632), np.int64(13708), np.int64(43288), np.int64(23664), np.int64(39512), np.int64(22808), np.int64(12687), np.int64(17233), np.int64(25155), np.int64(14962), np.int64(22465), np.int64(9989), np.int64(29649), np.int64(16726), np.int64(8639), np.int64(42673), np.int64(16742), np.int64(12785), np.int64(41754), np.int64(45492), np.int64(36334), np.int64(15790), np.int64(337), np.int64(18968), np.int64(18545), np.int64(42639), np.int64(1160), np.int64(16845), np.int64(29973), np.int64(13562), np.int64(4693), np.int64(5119), np.int64(44835), np.int64(9258), np.int64(13614), np.int64(14897), np.int64(48049), np.int64(4176), np.int64(2671), np.int64(28536), np.int64(5377), np.int64(28080), np.int64(8757), np.int64(12310), np.int64(2605), np.int64(33462), np.int64(4868))","(0, 1, 0, 1, 0, 0, 0, 0, 0, 1, 0, 1, 0, 0, 1, 0, 1, 1, 0, 1, 1, 0, 0, 0, 0, 1, 1, 0, 0, 0, 1, 0, 1, 1, 1, 0, 1, 1, 0, 0, 1, 1, 0, 1, 0, 1, 1, 0, 0, 1)"
13.021079,50,266.095517,1,"(np.int64(18709), np.int64(28393), np.int64(24709), np.int64(47116), np.int64(12312), np.int64(27576), np.int64(23206), np.int64(41896), np.int64(12004), np.int64(24207), np.int64(7422), np.int64(49722), np.int64(38788), np.int64(49644), np.int64(1448), np.int64(46860), np.int64(45312), np.int64(3336), np.int64(28914), np.int64(3925), np.int64(28721), np.int64(32240), np.int64(42496), np.int64(20277), np.int64(18750), np.int64(35749), np.int64(5980), np.int64(6504), np.int64(45485), np.int64(7995), np.int64(3839), np.int64(3915), np.int64(16688), np.int64(3525), np.int64(48302), np.int64(12421), np.int64(9602), np.int64(47821), np.int64(42510), np.int64(30982), np.int64(4717), np.int64(883), np.int64(628), np.int64(32992), np.int64(49240), np.int64(46752), np.int64(10671), np.int64(36744), np.int64(21254), np.int64(8887))","(0, 0, 1, 0, 1, 0, 0, 0, 1, 0, 1, 0, 0, 0, 0, 0, 0, 1, 1, 1, 1, 0, 0, 0, 0, 0, 1, 1, 0, 1, 1, 0, 0, 1, 0, 1, 1, 0, 0, 0, 1, 1, 1, 0, 0, 0, 1, 0, 1, 1)"
10.008675,42,266.55605,1,"(np.int64(13847), np.int64(20484), np.int64(7031), np.int64(34433), np.int64(43100), np.int64(48440), np.int64(29103), np.int64(35279), np.int64(34784), np.int64(36125), np.int64(29332), np.int64(47114), np.int64(26180), np.int64(34542), np.int64(75), np.int64(31461), np.int64(46587), np.int64(6464), np.int64(9405), np.int64(8766), np.int64(47528), np.int64(15628), np.int64(30177), np.int64(1144), np.int64(47223), np.int64(44616), np.int64(28268), np.int64(12373), np.int64(7843), np.int64(13477), np.int64(10848), np.int64(46366), np.int64(36356), np.int64(5115), np.int64(37902), np.int64(37607), np.int64(17671), np.int64(31076), np.int64(39837), np.int64(10215), np.int64(27617), np.int64(42343))","(1, 0, 1, 0, 0, 0, 0, 0, 0, 1, 1, 0, 1, 0, 1, 0, 0, 1, 1, 0, 0, 1, 0, 1, 0, 0, 0, 1, 1, 1, 1, 0, 0, 1, 0, 0, 0, 0, 0, 1, 0, 0)"
15.096395,50,267.103671,1,"(np.int64(168), np.int64(23605), np.int64(4075), np.int64(37277), np.int64(10350), np.int64(12014), np.int64(1387), np.int64(2597), np.int64(50001), np.int64(46308), np.int64(14924), np.int64(18777), np.int64(31487), np.int64(34553), np.int64(44983), np.int64(47582), np.int64(31189), np.int64(32672), np.int64(23373), np.int64(27253), np.int64(29339), np.int64(48976), np.int64(9534), np.int64(8865), np.int64(16466), np.int64(19710), np.int64(48840), np.int64(31121), np.int64(47799), np.int64(27255), np.int64(15486), np.int64(32175), np.int64(5146), np.int64(4663), np.int64(9238), np.int64(21776), np.int64(37603), np.int64(9356), np.int64(44488), np.int64(32265), np.int64(49122), np.int64(38049), np.int64(18680), np.int64(25250), np.int64(32947), np.int64(44775), np.int64(5134), np.int64(39580), np.int64(7565), np.int64(15654))","(1, 1, 1, 0, 1, 1, 1, 1, 0, 0, 1, 0, 1, 0, 0, 0, 0, 0, 0, 1, 0, 0, 1, 0, 1, 1, 0, 0, 0, 1, 1, 0, 1, 1, 1, 1, 0, 1, 0, 0, 0, 0, 1, 0, 0, 0, 1, 0, 1, 1)"
10.88959,42,267.567823,1,"(np.int64(6610), np.int64(21858), np.int64(49469), np.int64(24449), np.int64(2324), np.int64(23266), np.int64(13361), np.int64(43273), np.int64(24736), np.int64(49984), np.int64(893), np.int64(17479), np.int64(20777), np.int64(27465), np.int64(20604), np.int64(8068), np.int64(9026), np.int64(9346), np.int64(36295), np.int64(40501), np.int64(2503), np.int64(14084), np.int64(40219), np.int64(35355), np.int64(10547), np.int64(20649), np.int64(43864), np.int64(40416), np.int64(26146), np.int64(25713), np.int64(24511), np.int64(25750), np.int64(45507), np.int64(10313), np.int64(40456), np.int64(15622), np.int64(31552), np.int64(13176), np.int64(35233), np.int64(20812), np.int64(13811), np.int64(20145))","(1, 1, 0, 1, 0, 0, 0, 0, 0, 0, 1, 0, 1, 0, 1, 1, 0, 1, 0, 0, 0, 1, 0, 0, 1, 1, 0, 0, 1, 0, 1, 1, 0, 1, 0, 1, 0, 1, 0, 1, 0, 0)"
3.73967,14,267.716816,1,"(np.int64(43219), np.int64(38773), np.int64(8493), np.int64(38570), np.int64(25014), np.int64(32125), np.int64(41886), np.int64(8920), np.int64(39701), np.int64(8082), np.int64(8841), np.int64(7045), np.int64(47401), np.int64(13329))","(0, 0, 1, 0, 1, 0, 0, 1, 0, 0, 1, 1, 0, 1)"
11.773268,50,268.273696,1,"(np.int64(16132), np.int64(22782), np.int64(47513), np.int64(9374), np.int64(41145), np.int64(45623), np.int64(10577), np.int64(39523), np.int64(40587), np.int64(29136), np.int64(9551), np.int64(4580), np.int64(12644), np.int64(46400), np.int64(30747), np.int64(24027), np.int64(17038), np.int64(41555), np.int64(37346), np.int64(3315), np.int64(36513), np.int64(37534), np.int64(711), np.int64(1691), np.int64(10452), np.int64(45727), np.int64(26345), np.int64(16363), np.int64(27801), np.int64(31730), np.int64(30254), np.int64(27707), np.int64(26676), np.int64(11052), np.int64(5719), np.int64(27652), np.int64(25599), np.int64(24726), np.int64(46544), np.int64(21479), np.int64(30024), np.int64(903), np.int64(10433), np.int64(32728), np.int64(46111), np.int64(42999), np.int64(28317), np.int64(27901), np.int64(8381), np.int64(10814))","(1, 0, 0, 1, 0, 0, 0, 0, 0, 1, 1, 1, 0, 0, 0, 1, 1, 0, 1, 1, 0, 0, 0, 1, 1, 0, 0, 1, 0, 0, 0, 0, 0, 1, 1, 0, 0, 1, 0, 1, 0, 0, 1, 0, 0, 0, 0, 0, 1, 1)"
12.524437,50,268.821738,1,"(np.int64(2725), np.int64(42265), np.int64(13284), np.int64(25569), np.int64(37153), np.int64(21644), np.int64(42880), np.int64(29415), np.int64(31590), np.int64(39500), np.int64(3493), np.int64(11023), np.int64(11018), np.int64(18238), np.int64(3484), np.int64(46008), np.int64(12174), np.int64(3474), np.int64(10838), np.int64(13042), np.int64(911), np.int64(47381), np.int64(38236), np.int64(37297), np.int64(34900), np.int64(34353), np.int64(21022), np.int64(774), np.int64(27988), np.int64(18227), np.int64(8569), np.int64(47800), np.int64(8769), np.int64(19344), np.int64(45728), np.int64(13898), np.int64(32539), np.int64(17566), np.int64(40995), np.int64(47599), np.int64(2572), np.int64(5337), np.int64(11774), np.int64(16983), np.int64(18918), np.int64(22450), np.int64(3687), np.int64(46934), np.int64(39899), np.int64(8340))","(1, 0, 1, 1, 0, 0, 0, 0, 0, 0, 1, 1, 1, 0, 0, 0, 0, 1, 1, 0, 1, 0, 0, 0, 0, 0, 0, 1, 1, 0, 1, 0, 1, 1, 0, 1, 0, 0, 0, 0, 1, 1, 1, 1, 0, 0, 0, 0, 0, 1)"
12.774562,50,269.38609,1,"(np.int64(42995), np.int64(40243), np.int64(5785), np.int64(9494), np.int64(21546), np.int64(40170), np.int64(6034), np.int64(34483), np.int64(16376), np.int64(16775), np.int64(24558), np.int64(16019), np.int64(36915), np.int64(8922), np.int64(48810), np.int64(43263), np.int64(22421), np.int64(29139), np.int64(23315), np.int64(32873), np.int64(40181), np.int64(13624), np.int64(38538), np.int64(36496), np.int64(4543), np.int64(21489), np.int64(2512), np.int64(16765), np.int64(18008), np.int64(21679), np.int64(37936), np.int64(32552), np.int64(9480), np.int64(39999), np.int64(40475), np.int64(45681), np.int64(29845), np.int64(11024), np.int64(1693), np.int64(4594), np.int64(406), np.int64(45215), np.int64(37020), np.int64(12218), np.int64(15778), np.int64(11198), np.int64(15474), np.int64(22831), np.int64(29511), np.int64(45292))","(0, 0, 1, 1, 0, 0, 1, 0, 1, 1, 1, 1, 0, 1, 1, 0, 0, 1, 0, 0, 0, 1, 0, 0, 1, 0, 0, 1, 0, 1, 0, 0, 1, 0, 0, 0, 0, 1, 1, 1, 0, 0, 0, 0, 1, 1, 0, 0, 0, 0)"
5.574028,17,269.584564,1,"(np.int64(17006), np.int64(42579), np.int64(49717), np.int64(19533), np.int64(42193), np.int64(41120), np.int64(48744), np.int64(14475), np.int64(26922), np.int64(13634), np.int64(25415), np.int64(23679), np.int64(31431), np.int64(47820), np.int64(49028), np.int64(29152), np.int64(24463))","(1, 0, 0, 1, 0, 0, 0, 1, 0, 1, 1, 1, 1, 0, 0, 1, 1)"
9.246012,28,269.885538,1,"(np.int64(4101), np.int64(19655), np.int64(27795), np.int64(17194), np.int64(9676), np.int64(48999), np.int64(36278), np.int64(16201), np.int64(5789), np.int64(37621), np.int64(34880), np.int64(25980), np.int64(23228), np.int64(42916), np.int64(12271), np.int64(28040), np.int64(45743), np.int64(25303), np.int64(5096), np.int64(13425), np.int64(31205), np.int64(26276), np.int64(1013), np.int64(2109), np.int64(19977), np.int64(13345), np.int64(12226), np.int64(32518))","(1, 1, 0, 0, 1, 0, 0, 1, 1, 0, 0, 0, 0, 0, 1, 1, 0, 1, 1, 1, 0, 1, 1, 1, 0, 1, 1, 0)"
8.344339,23,270.143721,1,"(np.int64(23457), np.int64(28367), np.int64(44507), np.int64(15415), np.int64(49135), np.int64(14779), np.int64(36157), np.int64(12072), np.int64(28578), np.int64(21397), np.int64(42343), np.int64(5122), np.int64(391), np.int64(12767), np.int64(14656), np.int64(8870), np.int64(13105), np.int64(9448), np.int64(16036), np.int64(45539), np.int64(2544), np.int64(21787), np.int64(49029))","(1, 0, 0, 0, 0, 1, 0, 1, 0, 1, 0, 1, 1, 1, 1, 1, 1, 1, 1, 0, 1, 0, 0)"
3.321114,9,270.249536,1,"(np.int64(1979), np.int64(40624), np.int64(22696), np.int64(12057), np.int64(6944), np.int64(3064), np.int64(46736), np.int64(9866), np.int64(10885))","(1, 0, 0, 0, 1, 1, 0, 1, 1)"
11.465576,50,270.81598,1,"(np.int64(2591), np.int64(19749), np.int64(9029), np.int64(37793), np.int64(28889), np.int64(6026), np.int64(7888), np.int64(12510), np.int64(28179), np.int64(36801), np.int64(46932), np.int64(8086), np.int64(23405), np.int64(38208), np.int64(46300), np.int64(16985), np.int64(1508), np.int64(40231), np.int64(10460), np.int64(37697), np.int64(25167), np.int64(23366), np.int64(45142), np.int64(40911), np.int64(17781), np.int64(35850), np.int64(44481), np.int64(23733), np.int64(18776), np.int64(24883), np.int64(49502), np.int64(28462), np.int64(9752), np.int64(25776), np.int64(9214), np.int64(8133), np.int64(22969), np.int64(21858), np.int64(33954), np.int64(30274), np.int64(43274), np.int64(28898), np.int64(3996), np.int64(570), np.int64(43973), np.int64(42072), np.int64(8941), np.int64(46544), np.int64(48051), np.int64(41935))","(1, 0, 1, 0, 1, 1, 1, 1, 0, 0, 0, 1, 0, 0, 0, 1, 1, 0, 0, 0, 1, 0, 0, 0, 0, 0, 0, 1, 0, 0, 0, 0, 1, 0, 1, 1, 0, 1, 1, 0, 0, 0, 1, 1, 0, 0, 1, 0, 0, 0)"
7.502666,45,271.3423,1,"(np.int64(32912), np.int64(20813), np.int64(4428), np.int64(2316), np.int64(2318), np.int64(46826), np.int64(2843), np.int64(43046), np.int64(48685), np.int64(26100), np.int64(46772), np.int64(2629), np.int64(33029), np.int64(3042), np.int64(44327), np.int64(45989), np.int64(6297), np.int64(37074), np.int64(8031), np.int64(46882), np.int64(49608), np.int64(18936), np.int64(14127), np.int64(33283), np.int64(22856), np.int64(24321), np.int64(41527), np.int64(26760), np.int64(39439), np.int64(43625), np.int64(27526), np.int64(26405), np.int64(19269), np.int64(19752), np.int64(44967), np.int64(8131), np.int64(47942), np.int64(31635), np.int64(12883), np.int64(38321), np.int64(48375), np.int64(44236), np.int64(33139), np.int64(39667), np.int64(37563))","(0, 1, 1, 0, 0, 0, 1, 0, 0, 0, 0, 1, 0, 1, 0, 0, 1, 0, 1, 0, 0, 0, 1, 0, 0, 0, 0, 1, 0, 0, 0, 0, 1, 1, 0, 1, 0, 0, 0, 0, 0, 0, 0, 0, 0)"
4.30195,13,271.49255,1,"(np.int64(2896), np.int64(46009), np.int64(39522), np.int64(9882), np.int64(41006), np.int64(5494), np.int64(4938), np.int64(33385), np.int64(15478), np.int64(2389), np.int64(28803), np.int64(8313), np.int64(24188))","(1, 0, 0, 1, 0, 1, 1, 0, 1, 0, 1, 1, 0)"
5.921586,31,271.913271,1,"(np.int64(25583), np.int64(36069), np.int64(49722), np.int64(45009), np.int64(21698), np.int64(41388), np.int64(42230), np.int64(43078), np.int64(22024), np.int64(18077), np.int64(37490), np.int64(23233), np.int64(36720), np.int64(29705), np.int64(19678), np.int64(46300), np.int64(37513), np.int64(40176), np.int64(42420), np.int64(23496), np.int64(38679), np.int64(3032), np.int64(14063), np.int64(17227), np.int64(2841), np.int64(21302), np.int64(15222), np.int64(45188), np.int64(25834), np.int64(33398), np.int64(22388))","(1, 0, 0, 0, 1, 0, 0, 0, 1, 0, 0, 0, 0, 0, 1, 0, 0, 0, 0, 1, 0, 1, 1, 0, 1, 0, 1, 0, 0, 1, 0)"
12.279168,50,272.536029,1,"(np.int64(21550), np.int64(41828), np.int64(10070), np.int64(20821), np.int64(46031), np.int64(45248), np.int64(31661), np.int64(21), np.int64(40253), np.int64(40199), np.int64(3990), np.int64(49249), np.int64(47247), np.int64(37952), np.int64(24086), np.int64(25068), np.int64(21429), np.int64(43873), np.int64(7192), np.int64(10707), np.int64(33675), np.int64(34295), np.int64(16910), np.int64(15381), np.int64(48347), np.int64(42102), np.int64(6567), np.int64(3429), np.int64(38667), np.int64(5247), np.int64(6915), np.int64(18783), np.int64(25189), np.int64(49806), np.int64(25019), np.int64(28380), np.int64(10105), np.int64(13683), np.int64(9303), np.int64(27736), np.int64(17213), np.int64(18857), np.int64(29684), np.int64(18967), np.int64(43196), np.int64(698), np.int64(41290), np.int64(11158), np.int64(13094), np.int64(39516))","(0, 0, 1, 1, 0, 0, 0, 1, 0, 0, 1, 0, 0, 0, 1, 1, 0, 0, 1, 1, 0, 0, 1, 1, 0, 0, 1, 0, 0, 1, 1, 0, 0, 0, 1, 0, 1, 0, 1, 0, 0, 1, 0, 0, 0, 1, 0, 1, 1, 0)"
3.087705,18,272.754478,1,"(np.int64(36992), np.int64(19087), np.int64(37318), np.int64(32748), np.int64(8561), np.int64(48403), np.int64(24416), np.int64(25947), np.int64(46152), np.int64(12077), np.int64(25564), np.int64(47856), np.int64(21629), np.int64(47890), np.int64(25934), np.int64(25939), np.int64(4931), np.int64(7638))","(0, 0, 0, 0, 1, 0, 0, 0, 0, 1, 1, 0, 0, 0, 0, 0, 1, 1)"
3.759244,17,272.965918,1,"(np.int64(33149), np.int64(17548), np.int64(12126), np.int64(36553), np.int64(11600), np.int64(26786), np.int64(41005), np.int64(29868), np.int64(28445), np.int64(45844), np.int64(27022), np.int64(13541), np.int64(8808), np.int64(4366), np.int64(12255), np.int64(11743), np.int64(40723))","(0, 0, 1, 0, 1, 1, 0, 0, 0, 0, 0, 1, 0, 1, 0, 1, 0)"
4.112164,18,273.178078,1,"(np.int64(30569), np.int64(3613), np.int64(46991), np.int64(7955), np.int64(34961), np.int64(40394), np.int64(43854), np.int64(47383), np.int64(30960), np.int64(35242), np.int64(9475), np.int64(40810), np.int64(36179), np.int64(19544), np.int64(10595), np.int64(48810), np.int64(7393), np.int64(43348))","(0, 1, 0, 1, 0, 0, 0, 0, 0, 0, 1, 0, 0, 1, 1, 1, 1, 0)"
4.958807,30,273.505781,1,"(np.int64(2783), np.int64(22320), np.int64(31140), np.int64(10158), np.int64(46841), np.int64(44989), np.int64(24247), np.int64(17209), np.int64(21552), np.int64(32492), np.int64(22548), np.int64(30438), np.int64(2704), np.int64(42053), np.int64(11267), np.int64(25403), np.int64(31176), np.int64(45857), np.int64(25182), np.int64(19090), np.int64(11328), np.int64(17716), np.int64(27126), np.int64(9288), np.int64(9954), np.int64(47741), np.int64(15905), np.int64(10162), np.int64(13117), np.int64(16598))","(1, 0, 0, 1, 0, 0, 0, 0, 0, 0, 0, 0, 1, 0, 0, 0, 0, 0, 0, 1, 1, 0, 0, 1, 1, 0, 0, 1, 0, 0)"
5.182259,13,273.663814,1,"(np.int64(1636), np.int64(26237), np.int64(46842), np.int64(40363), np.int64(14399), np.int64(43350), np.int64(3405), np.int64(14256), np.int64(22996), np.int64(23389), np.int64(7466), np.int64(19296), np.int64(23443))","(1, 1, 0, 0, 1, 0, 1, 1, 0, 0, 1, 1, 1)"
8.116455,50,274.208243,1,"(np.int64(13799), np.int64(736), np.int64(26278), np.int64(37364), np.int64(45363), np.int64(34794), np.int64(31701), np.int64(18605), np.int64(3477), np.int64(37972), np.int64(32938), np.int64(27303), np.int64(32876), np.int64(49102), np.int64(26030), np.int64(29595), np.int64(41541), np.int64(40250), np.int64(5354), np.int64(2713), np.int64(8316), np.int64(8508), np.int64(25917), np.int64(22711), np.int64(48281), np.int64(35768), np.int64(33884), np.int64(41367), np.int64(22250), np.int64(6920), np.int64(33847), np.int64(28997), np.int64(20306), np.int64(27371), np.int64(12881), np.int64(20107), np.int64(23993), np.int64(48881), np.int64(23913), np.int64(42982), np.int64(43650), np.int64(48984), np.int64(40109), np.int64(21533), np.int64(45373), np.int64(17076), np.int64(11947), np.int64(21546), np.int64(27759), np.int64(46909))","(0, 1, 0, 0, 0, 0, 0, 0, 1, 0, 0, 0, 0, 0, 0, 0, 0, 0, 1, 0, 0, 1, 0, 0, 0, 0, 0, 0, 0, 1, 0, 1, 1, 1, 0, 1, 1, 0, 1, 0, 0, 0, 0, 0, 0, 1, 1, 0, 0, 0)"
3.708837,19,274.42288,1,"(np.int64(28589), np.int64(22769), np.int64(9385), np.int64(8327), np.int64(33136), np.int64(36352), np.int64(43453), np.int64(46374), np.int64(29997), np.int64(43313), np.int64(35480), np.int64(4856), np.int64(28238), np.int64(5967), np.int64(37096), np.int64(22544), np.int64(41140), np.int64(1001), np.int64(14306))","(0, 0, 1, 1, 0, 0, 0, 0, 0, 0, 0, 1, 0, 1, 0, 0, 0, 1, 1)"
7.245916,33,274.795928,1,"(np.int64(41065), np.int64(34175), np.int64(5780), np.int64(43893), np.int64(35179), np.int64(38951), np.int64(40074), np.int64(42302), np.int64(18486), np.int64(27399), np.int64(19189), np.int64(761), np.int64(46508), np.int64(44423), np.int64(31248), np.int64(29707), np.int64(40430), np.int64(14574), np.int64(7080), np.int64(44532), np.int64(21026), np.int64(44599), np.int64(7272), np.int64(14651), np.int64(18083), np.int64(17725), np.int64(27105), np.int64(8079), np.int64(21887), np.int64(2248), np.int64(9730), np.int64(21152), np.int64(17562))","(0, 0, 1, 0, 0, 0, 0, 0, 0, 0, 1, 1, 0, 0, 1, 0, 0, 0, 1, 0, 1, 0, 1, 1, 0, 1, 0, 1, 0, 0, 1, 1, 0)"
10.750426,38,275.240721,1,"(np.int64(26802), np.int64(9901), np.int64(33732), np.int64(41999), np.int64(13910), np.int64(5657), np.int64(4276), np.int64(42872), np.int64(18395), np.int64(98), np.int64(14093), np.int64(27227), np.int64(41274), np.int64(39678), np.int64(33839), np.int64(31900), np.int64(4979), np.int64(13623), np.int64(2518), np.int64(18710), np.int64(30309), np.int64(12563), np.int64(20828), np.int64(16355), np.int64(31400), np.int64(19319), np.int64(41860), np.int64(42180), np.int64(38442), np.int64(23671), np.int64(35717), np.int64(8840), np.int64(40409), np.int64(32316), np.int64(1105), np.int64(10019), np.int64(26041), np.int64(14734))","(0, 1, 0, 0, 1, 1, 1, 0, 0, 1, 1, 1, 0, 0, 0, 0, 1, 1, 1, 0, 0, 1, 1, 1, 1, 1, 0, 0, 0, 0, 0, 1, 0, 0, 0, 1, 0, 1)"
12.928758,45,275.792152,1,"(np.int64(16557), np.int64(39659), np.int64(3775), np.int64(12080), np.int64(5790), np.int64(11470), np.int64(3522), np.int64(48736), np.int64(32669), np.int64(2843), np.int64(23130), np.int64(49582), np.int64(48043), np.int64(46880), np.int64(37467), np.int64(14200), np.int64(21263), np.int64(34003), np.int64(12308), np.int64(42075), np.int64(46257), np.int64(34209), np.int64(17578), np.int64(48532), np.int64(38974), np.int64(9011), np.int64(24801), np.int64(38516), np.int64(31479), np.int64(10381), np.int64(31785), np.int64(5299), np.int64(21064), np.int64(6006), np.int64(19446), np.int64(4943), np.int64(22877), np.int64(17087), np.int64(37437), np.int64(29766), np.int64(30791), np.int64(11212), np.int64(17725), np.int64(38962), np.int64(4034))","(1, 0, 1, 1, 1, 1, 1, 0, 0, 1, 0, 0, 0, 0, 0, 1, 1, 0, 0, 0, 0, 0, 0, 0, 0, 1, 0, 0, 1, 1, 0, 1, 1, 1, 1, 1, 0, 1, 0, 0, 0, 1, 1, 0, 1)"
10.060484,40,276.248181,1,"(np.int64(3604), np.int64(3479), np.int64(49663), np.int64(40475), np.int64(29889), np.int64(9252), np.int64(40457), np.int64(36938), np.int64(4603), np.int64(43438), np.int64(24003), np.int64(30864), np.int64(9499), np.int64(2804), np.int64(17606), np.int64(19979), np.int64(29869), np.int64(4490), np.int64(25789), np.int64(21362), np.int64(23567), np.int64(27812), np.int64(36987), np.int64(5767), np.int64(23063), np.int64(44163), np.int64(27806), np.int64(19119), np.int64(45367), np.int64(29653), np.int64(28755), np.int64(10234), np.int64(30638), np.int64(4876), np.int64(39607), np.int64(35239), np.int64(27946), np.int64(12072), np.int64(47325), np.int64(49547))","(1, 1, 0, 0, 0, 0, 0, 0, 1, 0, 1, 0, 1, 1, 0, 1, 0, 0, 0, 1, 1, 0, 0, 1, 0, 0, 0, 1, 0, 0, 1, 1, 0, 1, 0, 0, 1, 1, 0, 0)"
5.341163,20,276.506746,1,"(np.int64(44133), np.int64(16213), np.int64(32668), np.int64(20741), np.int64(46735), np.int64(45756), np.int64(27918), np.int64(11755), np.int64(29529), np.int64(19770), np.int64(44836), np.int64(35028), np.int64(47096), np.int64(13217), np.int64(23750), np.int64(22102), np.int64(17707), np.int64(33750), np.int64(27965), np.int64(33722))","(0, 1, 0, 1, 0, 0, 1, 1, 0, 1, 0, 0, 0, 1, 1, 1, 0, 0, 1, 0)"
4.809555,14,276.683847,1,"(np.int64(12099), np.int64(27911), np.int64(6002), np.int64(15444), np.int64(40457), np.int64(9362), np.int64(28708), np.int64(41057), np.int64(20936), np.int64(23401), np.int64(39897), np.int64(18933), np.int64(29840), np.int64(14221))","(1, 0, 1, 1, 0, 1, 1, 0, 0, 1, 0, 1, 0, 1)"
5.240259,23,277.01552,1,"(np.int64(31815), np.int64(35749), np.int64(27700), np.int64(40756), np.int64(28499), np.int64(8678), np.int64(26776), np.int64(5265), np.int64(17059), np.int64(41454), np.int64(12322), np.int64(19733), np.int64(27422), np.int64(5844), np.int64(48940), np.int64(47013), np.int64(48982), np.int64(42476), np.int64(18937), np.int64(18532), np.int64(49852), np.int64(5534), np.int64(28004))","(0, 0, 0, 0, 0, 1, 0, 1, 1, 0, 1, 1, 0, 1, 0, 0, 0, 0, 0, 0, 0, 1, 1)"
15.917314,48,277.57864,1,"(np.int64(15064), np.int64(24289), np.int64(11016), np.int64(37399), np.int64(40152), np.int64(3139), np.int64(24506), np.int64(785), np.int64(46964), np.int64(21891), np.int64(46905), np.int64(28966), np.int64(27148), np.int64(450), np.int64(49897), np.int64(39972), np.int64(21094), np.int64(25403), np.int64(27920), np.int64(21527), np.int64(28982), np.int64(7891), np.int64(14097), np.int64(21395), np.int64(19548), np.int64(12594), np.int64(35210), np.int64(48082), np.int64(20099), np.int64(4523), np.int64(44604), np.int64(38496), np.int64(17682), np.int64(18794), np.int64(5404), np.int64(42702), np.int64(3815), np.int64(46743), np.int64(17319), np.int64(49633), np.int64(22056), np.int64(7776), np.int64(10238), np.int64(22919), np.int64(16960), np.int64(4537), np.int64(21055), np.int64(47864))","(1, 0, 1, 0, 0, 1, 1, 1, 0, 0, 0, 1, 1, 1, 0, 0, 1, 0, 0, 0, 1, 1, 1, 1, 1, 1, 0, 0, 1, 1, 0, 0, 0, 0, 1, 0, 1, 0, 0, 0, 0, 1, 1, 0, 1, 1, 1, 0)"
13.132717,50,278.154115,1,"(np.int64(7489), np.int64(17130), np.int64(36038), np.int64(9207), np.int64(37317), np.int64(39492), np.int64(27670), np.int64(49164), np.int64(42478), np.int64(5239), np.int64(13064), np.int64(12667), np.int64(18780), np.int64(20981), np.int64(9693), np.int64(29963), np.int64(12695), np.int64(7162), np.int64(22135), np.int64(5973), np.int64(35716), np.int64(22439), np.int64(11486), np.int64(45846), np.int64(11254), np.int64(21652), np.int64(8877), np.int64(8965), np.int64(4080), np.int64(16676), np.int64(5193), np.int64(9249), np.int64(47363), np.int64(38298), np.int64(43470), np.int64(31944), np.int64(15050), np.int64(21558), np.int64(30005), np.int64(30950), np.int64(48281), np.int64(32215), np.int64(31323), np.int64(13733), np.int64(23414), np.int64(39990), np.int64(9218), np.int64(38983), np.int64(24753), np.int64(13424))","(1, 0, 0, 1, 0, 0, 0, 0, 0, 1, 0, 0, 0, 0, 1, 0, 0, 1, 1, 1, 0, 0, 1, 0, 1, 0, 1, 1, 1, 1, 1, 1, 0, 1, 0, 0, 1, 0, 0, 0, 0, 0, 0, 0, 1, 0, 1, 0, 1, 1)"
12.085514,40,278.650577,1,"(np.int64(18165), np.int64(37631), np.int64(32694), np.int64(41989), np.int64(45872), np.int64(43167), np.int64(14187), np.int64(21751), np.int64(46908), np.int64(41088), np.int64(30352), np.int64(42621), np.int64(7759), np.int64(29228), np.int64(32081), np.int64(6516), np.int64(11633), np.int64(28044), np.int64(4132), np.int64(20280), np.int64(31492), np.int64(2086), np.int64(5877), np.int64(37285), np.int64(630), np.int64(27495), np.int64(9032), np.int64(12162), np.int64(49151), np.int64(15466), np.int64(22205), np.int64(23326), np.int64(17000), np.int64(23838), np.int64(5232), np.int64(22982), np.int64(19869), np.int64(22994), np.int64(2024), np.int64(45053))","(0, 1, 0, 0, 0, 0, 1, 1, 0, 0, 0, 0, 1, 1, 0, 0, 1, 1, 1, 1, 0, 1, 1, 0, 1, 0, 1, 1, 0, 1, 1, 0, 1, 1, 1, 0, 0, 0, 1, 0)"
11.040367,45,279.190423,1,"(np.int64(11080), np.int64(30735), np.int64(45235), np.int64(7382), np.int64(42486), np.int64(7988), np.int64(20860), np.int64(28039), np.int64(26223), np.int64(21413), np.int64(30098), np.int64(41878), np.int64(36489), np.int64(31957), np.int64(23716), np.int64(40475), np.int64(34640), np.int64(34035), np.int64(18110), np.int64(10509), np.int64(38308), np.int64(45345), np.int64(19799), np.int64(25336), np.int64(47941), np.int64(31950), np.int64(10556), np.int64(18041), np.int64(30248), np.int64(40023), np.int64(42835), np.int64(4502), np.int64(48472), np.int64(34479), np.int64(33725), np.int64(31991), np.int64(15249), np.int64(39051), np.int64(42205), np.int64(32070), np.int64(29732), np.int64(12934), np.int64(6779), np.int64(315), np.int64(8197))","(1, 0, 0, 1, 0, 1, 1, 1, 1, 1, 0, 0, 0, 0, 1, 0, 0, 0, 0, 1, 0, 0, 1, 1, 0, 0, 1, 0, 0, 0, 0, 1, 0, 0, 0, 0, 1, 0, 0, 0, 0, 1, 1, 1, 1)"
7.469274,32,279.579416,1,"(np.int64(14762), np.int64(42173), np.int64(9571), np.int64(29245), np.int64(4347), np.int64(10298), np.int64(32704), np.int64(1974), np.int64(18924), np.int64(24508), np.int64(16379), np.int64(49793), np.int64(39623), np.int64(36330), np.int64(27741), np.int64(7718), np.int64(20265), np.int64(22171), np.int64(30111), np.int64(32053), np.int64(33133), np.int64(38740), np.int64(49608), np.int64(35747), np.int64(49694), np.int64(28908), np.int64(45806), np.int64(37462), np.int64(45199), np.int64(35530), np.int64(6535), np.int64(31817))","(1, 0, 1, 1, 1, 0, 0, 1, 0, 1, 1, 0, 0, 0, 1, 1, 1, 0, 0, 0, 0, 0, 0, 0, 0, 1, 0, 0, 0, 0, 1, 0)"
3.601533,15,279.770485,1,"(np.int64(10396), np.int64(47564), np.int64(22580), np.int64(12246), np.int64(46959), np.int64(3799), np.int64(28332), np.int64(33717), np.int64(35970), np.int64(5139), np.int64(48265), np.int64(2837), np.int64(19066), np.int64(38581), np.int64(7152))","(0, 0, 0, 1, 0, 1, 0, 0, 0, 1, 0, 1, 1, 0, 1)"
9.252486,45,280.296513,1,"(np.int64(4538), np.int64(40437), np.int64(45920), np.int64(47805), np.int64(40030), np.int64(30631), np.int64(24690), np.int64(21253), np.int64(44501), np.int64(34305), np.int64(24791), np.int64(1974), np.int64(30791), np.int64(21355), np.int64(23111), np.int64(26285), np.int64(42038), np.int64(832), np.int64(27134), np.int64(8318), np.int64(12673), np.int64(24347), np.int64(17015), np.int64(22256), np.int64(1463), np.int64(46381), np.int64(12439), np.int64(1609), np.int64(23613), np.int64(36954), np.int64(36285), np.int64(21167), np.int64(12539), np.int64(12357), np.int64(16013), np.int64(6648), np.int64(47198), np.int64(36231), np.int64(7345), np.int64(49205), np.int64(41166), np.int64(5908), np.int64(17734), np.int64(32122), np.int64(45207))","(1, 0, 0, 0, 0, 0, 0, 0, 0, 0, 0, 1, 0, 1, 0, 0, 0, 1, 0, 1, 1, 0, 0, 0, 1, 0, 1, 0, 0, 0, 0, 1, 1, 1, 1, 1, 0, 0, 1, 0, 0, 1, 0, 0, 0)"
10.328182,42,280.789364,1,"(np.int64(20130), np.int64(19600), np.int64(36666), np.int64(1449), np.int64(25453), np.int64(38251), np.int64(49150), np.int64(25406), np.int64(20855), np.int64(5635), np.int64(8720), np.int64(3680), np.int64(22277), np.int64(45604), np.int64(30812), np.int64(13200), np.int64(3760), np.int64(45418), np.int64(10325), np.int64(22782), np.int64(27782), np.int64(23394), np.int64(33365), np.int64(27284), np.int64(22358), np.int64(31447), np.int64(47147), np.int64(28028), np.int64(13050), np.int64(48458), np.int64(7558), np.int64(43020), np.int64(26474), np.int64(13028), np.int64(5059), np.int64(17661), np.int64(9791), np.int64(36158), np.int64(23455), np.int64(43771), np.int64(5363), np.int64(10109))","(1, 0, 0, 1, 0, 0, 0, 0, 1, 1, 0, 1, 0, 0, 0, 1, 1, 0, 0, 0, 1, 0, 0, 1, 0, 1, 0, 0, 1, 0, 1, 0, 0, 0, 1, 0, 1, 0, 1, 0, 1, 1)"
11.532089,50,281.403364,1,"(np.int64(35043), np.int64(28024), np.int64(18155), np.int64(30209), np.int64(7960), np.int64(4261), np.int64(5024), np.int64(24300), np.int64(36415), np.int64(41949), np.int64(31739), np.int64(14867), np.int64(26868), np.int64(14146), np.int64(10964), np.int64(13823), np.int64(46987), np.int64(22146), np.int64(45195), np.int64(23201), np.int64(49868), np.int64(22526), np.int64(44555), np.int64(48540), np.int64(42604), np.int64(27332), np.int64(45178), np.int64(33907), np.int64(9919), np.int64(16442), np.int64(35541), np.int64(31649), np.int64(3706), np.int64(26701), np.int64(3528), np.int64(1904), np.int64(33715), np.int64(46906), np.int64(11848), np.int64(37261), np.int64(47054), np.int64(11018), np.int64(15782), np.int64(303), np.int64(14911), np.int64(14339), np.int64(27442), np.int64(39827), np.int64(20875), np.int64(48144))","(0, 1, 0, 0, 1, 0, 1, 0, 0, 0, 0, 0, 0, 1, 1, 1, 0, 1, 0, 0, 0, 0, 0, 0, 0, 0, 0, 0, 1, 1, 0, 0, 1, 1, 1, 1, 0, 0, 1, 0, 0, 1, 1, 0, 1, 1, 0, 0, 1, 0)"
10.014824,48,281.94998,1,"(np.int64(42214), np.int64(43457), np.int64(34539), np.int64(3249), np.int64(37385), np.int64(49989), np.int64(18786), np.int64(9335), np.int64(26245), np.int64(35524), np.int64(26899), np.int64(30303), np.int64(48777), np.int64(28794), np.int64(24756), np.int64(1753), np.int64(38695), np.int64(12802), np.int64(39803), np.int64(29561), np.int64(47704), np.int64(43674), np.int64(48599), np.int64(5362), np.int64(30641), np.int64(19422), np.int64(32709), np.int64(25510), np.int64(39180), np.int64(15447), np.int64(34463), np.int64(29386), np.int64(42815), np.int64(45532), np.int64(44693), np.int64(48573), np.int64(6705), np.int64(12930), np.int64(1573), np.int64(23496), np.int64(39524), np.int64(26308), np.int64(32862), np.int64(39231), np.int64(35348), np.int64(26463), np.int64(4882), np.int64(15610))","(0, 0, 0, 1, 0, 0, 1, 1, 1, 0, 0, 0, 0, 1, 0, 1, 0, 1, 0, 0, 0, 0, 0, 1, 0, 0, 0, 0, 0, 1, 0, 1, 0, 0, 0, 0, 1, 1, 1, 1, 0, 0, 0, 0, 0, 0, 1, 1)"
13.754239,46,282.475409,1,"(np.int64(19554), np.int64(41395), np.int64(34705), np.int64(6620), np.int64(38027), np.int64(8491), np.int64(9619), np.int64(15306), np.int64(149), np.int64(34601), np.int64(14395), np.int64(44305), np.int64(49012), np.int64(17621), np.int64(23973), np.int64(37071), np.int64(33898), np.int64(49828), np.int64(30743), np.int64(29582), np.int64(33698), np.int64(45077), np.int64(3057), np.int64(15243), np.int64(4097), np.int64(38258), np.int64(9973), np.int64(43816), np.int64(21871), np.int64(47125), np.int64(6453), np.int64(46315), np.int64(24009), np.int64(18310), np.int64(45763), np.int64(3183), np.int64(7233), np.int64(2738), np.int64(43880), np.int64(19984), np.int64(23464), np.int64(22023), np.int64(37467), np.int64(30474), np.int64(10057), np.int64(5815))","(1, 0, 0, 1, 0, 1, 1, 1, 1, 0, 1, 0, 1, 0, 1, 0, 0, 0, 0, 0, 0, 0, 1, 1, 1, 0, 1, 0, 1, 0, 1, 0, 0, 0, 0, 1, 1, 1, 0, 1, 1, 1, 0, 0, 1, 1)"
4.933387,25,282.796975,1,"(np.int64(8223), np.int64(18641), np.int64(4163), np.int64(8132), np.int64(47295), np.int64(45489), np.int64(38020), np.int64(40716), np.int64(41770), np.int64(48657), np.int64(1223), np.int64(35080), np.int64(6041), np.int64(27366), np.int64(9345), np.int64(40632), np.int64(26922), np.int64(30186), np.int64(25900), np.int64(5954), np.int64(48165), np.int64(46060), np.int64(22136), np.int64(22261), np.int64(1562))","(1, 0, 0, 1, 0, 0, 0, 0, 0, 0, 0, 0, 1, 1, 1, 0, 0, 0, 0, 1, 0, 0, 1, 0, 1)"
5.242056,35,283.206789,1,"(np.int64(34883), np.int64(23392), np.int64(48954), np.int64(17246), np.int64(34989), np.int64(36598), np.int64(8873), np.int64(39980), np.int64(25129), np.int64(19647), np.int64(17916), np.int64(48621), np.int64(24022), np.int64(40076), np.int64(34549), np.int64(9305), np.int64(41131), np.int64(23621), np.int64(16421), np.int64(40316), np.int64(45261), np.int64(48171), np.int64(48770), np.int64(19987), np.int64(39903), np.int64(40329), np.int64(38339), np.int64(13726), np.int64(11921), np.int64(40409), np.int64(32566), np.int64(36732), np.int64(23541), np.int64(17323), np.int64(48926))","(0, 1, 0, 0, 0, 0, 1, 0, 0, 1, 0, 0, 1, 0, 0, 1, 0, 1, 1, 0, 0, 0, 0, 1, 0, 0, 0, 0, 1, 0, 0, 0, 0, 0, 0)"
5.500391,21,283.458777,1,"(np.int64(17953), np.int64(50012), np.int64(5053), np.int64(49768), np.int64(21639), np.int64(3212), np.int64(39143), np.int64(36626), np.int64(42134), np.int64(39056), np.int64(31743), np.int64(9228), np.int64(32766), np.int64(31411), np.int64(6254), np.int64(32145), np.int64(16191), np.int64(4829), np.int64(16457), np.int64(33125), np.int64(41983))","(0, 0, 1, 0, 1, 1, 0, 0, 0, 0, 0, 1, 0, 1, 1, 0, 1, 1, 1, 0, 0)"
10.117564,42,283.937968,1,"(np.int64(15745), np.int64(2924), np.int64(45711), np.int64(29068), np.int64(9100), np.int64(27554), np.int64(25089), np.int64(43706), np.int64(31026), np.int64(47991), np.int64(24197), np.int64(17486), np.int64(25612), np.int64(6835), np.int64(27743), np.int64(37511), np.int64(35947), np.int64(7434), np.int64(43062), np.int64(32706), np.int64(12132), np.int64(47764), np.int64(44250), np.int64(126), np.int64(39393), np.int64(28827), np.int64(48957), np.int64(7112), np.int64(18472), np.int64(47447), np.int64(45269), np.int64(49514), np.int64(5052), np.int64(34663), np.int64(10987), np.int64(38416), np.int64(11844), np.int64(23156), np.int64(7310), np.int64(41030), np.int64(47005), np.int64(10135))","(1, 1, 0, 1, 1, 0, 1, 0, 0, 0, 0, 0, 1, 1, 0, 0, 0, 1, 0, 0, 1, 0, 0, 1, 0, 1, 0, 1, 0, 0, 0, 0, 1, 0, 1, 0, 1, 0, 1, 0, 0, 1)"
9.732628,50,284.52492,1,"(np.int64(31350), np.int64(30965), np.int64(22540), np.int64(26500), np.int64(44360), np.int64(18552), np.int64(23690), np.int64(4904), np.int64(28006), np.int64(20129), np.int64(27932), np.int64(45798), np.int64(42700), np.int64(34041), np.int64(15252), np.int64(33596), np.int64(20553), np.int64(46542), np.int64(17187), np.int64(46175), np.int64(17782), np.int64(17632), np.int64(27550), np.int64(46666), np.int64(36741), np.int64(27813), np.int64(42224), np.int64(22830), np.int64(15378), np.int64(13273), np.int64(17951), np.int64(5828), np.int64(13436), np.int64(23527), np.int64(2312), np.int64(35999), np.int64(23460), np.int64(9707), np.int64(39991), np.int64(22491), np.int64(47562), np.int64(40177), np.int64(24428), np.int64(44727), np.int64(2291), np.int64(29315), np.int64(47095), np.int64(2714), np.int64(48550), np.int64(29896))","(0, 0, 0, 0, 0, 0, 0, 1, 1, 1, 0, 0, 0, 0, 1, 0, 1, 1, 0, 0, 0, 0, 0, 0, 0, 0, 0, 0, 1, 1, 0, 1, 1, 1, 0, 0, 1, 1, 0, 0, 0, 0, 1, 0, 0, 1, 0, 1, 0, 0)"
4.907321,20,284.754312,1,"(np.int64(28589), np.int64(45261), np.int64(15229), np.int64(44957), np.int64(18778), np.int64(49533), np.int64(35254), np.int64(7656), np.int64(10620), np.int64(4351), np.int64(13414), np.int64(19199), np.int64(21088), np.int64(43440), np.int64(39896), np.int64(48813), np.int64(40181), np.int64(29456), np.int64(24337), np.int64(15192))","(0, 0, 1, 0, 0, 0, 0, 1, 1, 1, 1, 1, 1, 0, 0, 0, 0, 0, 0, 1)"
3.249306,14,284.922422,1,"(np.int64(13718), np.int64(42630), np.int64(30944), np.int64(13640), np.int64(5438), np.int64(43117), np.int64(2080), np.int64(22786), np.int64(38235), np.int64(13192), np.int64(20150), np.int64(13709), np.int64(42793), np.int64(19732))","(0, 0, 0, 1, 1, 0, 1, 0, 0, 1, 1, 0, 0, 0)"
6.052058,37,285.370966,1,"(np.int64(30275), np.int64(18863), np.int64(47717), np.int64(40368), np.int64(7345), np.int64(42170), np.int64(18014), np.int64(48037), np.int64(45575), np.int64(5986), np.int64(30184), np.int64(12157), np.int64(32438), np.int64(23362), np.int64(41477), np.int64(35152), np.int64(47300), np.int64(28851), np.int64(32505), np.int64(38233), np.int64(34856), np.int64(47326), np.int64(29287), np.int64(32892), np.int64(227), np.int64(28018), np.int64(793), np.int64(31694), np.int64(26100), np.int64(46852), np.int64(21321), np.int64(19488), np.int64(42950), np.int64(43728), np.int64(46687), np.int64(39985), np.int64(39054))","(0, 0, 0, 0, 1, 0, 0, 0, 0, 1, 0, 1, 0, 1, 0, 0, 0, 1, 0, 0, 0, 0, 0, 0, 1, 1, 1, 0, 0, 0, 1, 1, 0, 0, 0, 0, 0)"
6.078842,24,285.6593,1,"(np.int64(12107), np.int64(38336), np.int64(13353), np.int64(17558), np.int64(25110), np.int64(10921), np.int64(17090), np.int64(5913), np.int64(22568), np.int64(24605), np.int64(3710), np.int64(8526), np.int64(31762), np.int64(13069), np.int64(24135), np.int64(19057), np.int64(41155), np.int64(48820), np.int64(16562), np.int64(17634), np.int64(48205), np.int64(43875), np.int64(35641), np.int64(46411))","(1, 0, 1, 0, 1, 1, 1, 1, 0, 1, 1, 1, 0, 0, 0, 0, 0, 0, 1, 0, 0, 0, 0, 0)"
6.659408,24,285.943167,1,"(np.int64(24719), np.int64(42214), np.int64(46561), np.int64(14118), np.int64(28159), np.int64(30811), np.int64(38753), np.int64(2275), np.int64(9647), np.int64(13941), np.int64(42277), np.int64(25289), np.int64(4621), np.int64(36368), np.int64(24467), np.int64(24342), np.int64(8829), np.int64(8115), np.int64(38418), np.int64(28298), np.int64(12969), np.int64(12999), np.int64(23479), np.int64(42708))","(1, 0, 0, 0, 1, 0, 0, 0, 1, 1, 0, 0, 1, 0, 1, 0, 1, 1, 0, 0, 1, 1, 1, 0)"
7.644245,30,286.287771,1,"(np.int64(29357), np.int64(21146), np.int64(27506), np.int64(18274), np.int64(44579), np.int64(9177), np.int64(26769), np.int64(21418), np.int64(28836), np.int64(23052), np.int64(44800), np.int64(903), np.int64(7723), np.int64(8356), np.int64(22118), np.int64(15805), np.int64(44914), np.int64(14271), np.int64(32638), np.int64(49639), np.int64(9840), np.int64(17543), np.int64(46314), np.int64(41185), np.int64(43592), np.int64(33568), np.int64(25298), np.int64(10674), np.int64(13726), np.int64(29351))","(1, 1, 0, 0, 0, 1, 0, 1, 1, 0, 0, 0, 1, 1, 1, 1, 0, 1, 0, 0, 1, 0, 0, 0, 0, 0, 1, 0, 0, 1)"
10.167904,50,286.841198,1,"(np.int64(13422), np.int64(32713), np.int64(21433), np.int64(21225), np.int64(38006), np.int64(29421), np.int64(8127), np.int64(41644), np.int64(4069), np.int64(11446), np.int64(35996), np.int64(36648), np.int64(16889), np.int64(6998), np.int64(4139), np.int64(33123), np.int64(35932), np.int64(27489), np.int64(45775), np.int64(25946), np.int64(29962), np.int64(47520), np.int64(32832), np.int64(45444), np.int64(14732), np.int64(16992), np.int64(12895), np.int64(46590), np.int64(49329), np.int64(32052), np.int64(10818), np.int64(7726), np.int64(34900), np.int64(42301), np.int64(45235), np.int64(9507), np.int64(46794), np.int64(39648), np.int64(8908), np.int64(35482), np.int64(7967), np.int64(46501), np.int64(19493), np.int64(48499), np.int64(4593), np.int64(48737), np.int64(33711), np.int64(39597), np.int64(29017), np.int64(25764))","(1, 0, 1, 0, 0, 0, 1, 0, 1, 1, 0, 0, 1, 0, 1, 0, 0, 0, 0, 0, 0, 0, 0, 0, 1, 1, 0, 0, 0, 0, 1, 1, 0, 0, 0, 1, 0, 0, 1, 0, 1, 0, 1, 0, 1, 0, 0, 0, 1, 0)"
11.161345,50,287.38431,1,"(np.int64(11296), np.int64(6737), np.int64(1450), np.int64(33962), np.int64(41277), np.int64(37194), np.int64(39450), np.int64(20775), np.int64(14489), np.int64(20095), np.int64(34719), np.int64(16130), np.int64(3881), np.int64(44257), np.int64(34116), np.int64(17643), np.int64(11202), np.int64(22001), np.int64(4148), np.int64(33686), np.int64(41442), np.int64(36134), np.int64(34823), np.int64(32013), np.int64(8648), np.int64(36402), np.int64(32883), np.int64(42991), np.int64(5134), np.int64(34071), np.int64(45214), np.int64(6491), np.int64(32818), np.int64(28561), np.int64(11955), np.int64(17809), np.int64(46888), np.int64(25709), np.int64(47225), np.int64(44987), np.int64(42190), np.int64(11133), np.int64(18592), np.int64(4418), np.int64(2311), np.int64(24795), np.int64(24966), np.int64(23073), np.int64(20280), np.int64(36588))","(1, 1, 1, 1, 0, 0, 0, 1, 1, 1, 0, 1, 1, 0, 0, 0, 1, 1, 1, 0, 0, 0, 0, 0, 1, 0, 0, 0, 1, 0, 0, 0, 0, 0, 0, 0, 0, 0, 0, 0, 0, 1, 0, 1, 0, 0, 1, 0, 1, 0)"
3.59369,16,287.564324,1,"(np.int64(47792), np.int64(40511), np.int64(19155), np.int64(18333), np.int64(16782), np.int64(21978), np.int64(13566), np.int64(47481), np.int64(36148), np.int64(34691), np.int64(41805), np.int64(23055), np.int64(40635), np.int64(49294), np.int64(12320), np.int64(16207))","(0, 0, 1, 0, 1, 1, 1, 0, 0, 0, 0, 0, 0, 0, 1, 1)"
2.942258,10,287.679384,1,"(np.int64(39026), np.int64(27151), np.int64(38334), np.int64(37569), np.int64(25979), np.int64(41955), np.int64(16268), np.int64(48650), np.int64(15787), np.int64(4180))","(0, 1, 0, 0, 0, 0, 1, 1, 1, 1)"
10.855769,50,288.228687,1,"(np.int64(40619), np.int64(19521), np.int64(3050), np.int64(40543), np.int64(13440), np.int64(31782), np.int64(38058), np.int64(49283), np.int64(42015), np.int64(4278), np.int64(33540), np.int64(33609), np.int64(43197), np.int64(5587), np.int64(21805), np.int64(6286), np.int64(24260), np.int64(37689), np.int64(19928), np.int64(40954), np.int64(40144), np.int64(42018), np.int64(39678), np.int64(8523), np.int64(12857), np.int64(27991), np.int64(1208), np.int64(15840), np.int64(38957), np.int64(42033), np.int64(39632), np.int64(43569), np.int64(22918), np.int64(48956), np.int64(32799), np.int64(26687), np.int64(15765), np.int64(41087), np.int64(21426), np.int64(12499), np.int64(6624), np.int64(20826), np.int64(36633), np.int64(33459), np.int64(25733), np.int64(23926), np.int64(2439), np.int64(48567), np.int64(40669), np.int64(21882))","(0, 1, 1, 0, 1, 0, 0, 0, 0, 1, 0, 0, 0, 1, 1, 1, 0, 0, 1, 0, 0, 0, 0, 1, 1, 0, 1, 0, 0, 0, 0, 0, 0, 1, 0, 0, 1, 0, 0, 1, 1, 1, 0, 0, 0, 1, 0, 0, 0, 1)"
12.611914,47,288.744022,1,"(np.int64(46904), np.int64(43259), np.int64(37841), np.int64(39780), np.int64(9539), np.int64(39804), np.int64(12093), np.int64(47931), np.int64(19250), np.int64(15538), np.int64(47305), np.int64(45925), np.int64(13849), np.int64(687), np.int64(20128), np.int64(19944), np.int64(28716), np.int64(36796), np.int64(19319), np.int64(32782), np.int64(46606), np.int64(15344), np.int64(17043), np.int64(31255), np.int64(476), np.int64(10485), np.int64(45510), np.int64(48522), np.int64(32298), np.int64(13658), np.int64(16585), np.int64(37713), np.int64(23098), np.int64(18540), np.int64(12803), np.int64(4211), np.int64(40858), np.int64(5942), np.int64(42773), np.int64(29649), np.int64(7656), np.int64(39439), np.int64(20140), np.int64(43881), np.int64(27998), np.int64(44855), np.int64(11051))","(0, 0, 0, 0, 1, 0, 1, 0, 1, 1, 0, 0, 1, 0, 1, 0, 1, 0, 1, 0, 0, 1, 1, 1, 1, 1, 0, 0, 0, 1, 1, 0, 0, 0, 1, 1, 0, 1, 0, 0, 1, 0, 0, 0, 1, 0, 0)"
5.693852,23,289.00443,1,"(np.int64(23633), np.int64(12014), np.int64(978), np.int64(23698), np.int64(7137), np.int64(17509), np.int64(26895), np.int64(21503), np.int64(38369), np.int64(6819), np.int64(23466), np.int64(31447), np.int64(31556), np.int64(37088), np.int64(26772), np.int64(49393), np.int64(37142), np.int64(33187), np.int64(31882), np.int64(22100), np.int64(19980), np.int64(20131), np.int64(36907))","(1, 1, 1, 1, 1, 0, 0, 0, 0, 1, 0, 1, 0, 0, 0, 0, 0, 0, 0, 1, 1, 1, 0)"
3.539794,11,289.126199,1,"(np.int64(11324), np.int64(1806), np.int64(12388), np.int64(40763), np.int64(9617), np.int64(46024), np.int64(31816), np.int64(6526), np.int64(26368), np.int64(40051), np.int64(30776))","(1, 1, 1, 0, 1, 0, 0, 1, 1, 0, 0)"
3.567791,18,289.337425,1,"(np.int64(47322), np.int64(24381), np.int64(47343), np.int64(46153), np.int64(21863), np.int64(23968), np.int64(45711), np.int64(8335), np.int64(38803), np.int64(30763), np.int64(20983), np.int64(48314), np.int64(48927), np.int64(31), np.int64(42909), np.int64(35281), np.int64(49025), np.int64(41279))","(0, 1, 0, 0, 1, 1, 0, 1, 0, 0, 1, 0, 0, 1, 0, 0, 0, 0)"
15.768519,45,289.850245,1,"(np.int64(47914), np.int64(30611), np.int64(10727), np.int64(11283), np.int64(8062), np.int64(22219), np.int64(7593), np.int64(17069), np.int64(49109), np.int64(1120), np.int64(31285), np.int64(2221), np.int64(6479), np.int64(42607), np.int64(40509), np.int64(23726), np.int64(16075), np.int64(13302), np.int64(7367), np.int64(8004), np.int64(26742), np.int64(28919), np.int64(1828), np.int64(17628), np.int64(27903), np.int64(36169), np.int64(13424), np.int64(12000), np.int64(21358), np.int64(24819), np.int64(47412), np.int64(42245), np.int64(37029), np.int64(26031), np.int64(41724), np.int64(12258), np.int64(5060), np.int64(13747), np.int64(27814), np.int64(48551), np.int64(21315), np.int64(28156), np.int64(15869), np.int64(20679), np.int64(8021))","(0, 0, 1, 0, 1, 1, 1, 0, 0, 1, 1, 0, 1, 0, 0, 1, 1, 1, 1, 1, 0, 1, 1, 1, 1, 0, 1, 1, 1, 1, 0, 0, 0, 0, 0, 1, 1, 0, 0, 0, 1, 0, 1, 1, 1)"
13.30554,50,290.451654,1,"(np.int64(4607), np.int64(482), np.int64(43779), np.int64(26071), np.int64(36373), np.int64(3859), np.int64(612), np.int64(43078), np.int64(4257), np.int64(10382), np.int64(33373), np.int64(11776), np.int64(12764), np.int64(36860), np.int64(19283), np.int64(15455), np.int64(36915), np.int64(14553), np.int64(33415), np.int64(35993), np.int64(12518), np.int64(17051), np.int64(8583), np.int64(14500), np.int64(15835), np.int64(30871), np.int64(6966), np.int64(49277), np.int64(16872), np.int64(18842), np.int64(6635), np.int64(40463), np.int64(18696), np.int64(13069), np.int64(46696), np.int64(28894), np.int64(26802), np.int64(18953), np.int64(17976), np.int64(22809), np.int64(8283), np.int64(7071), np.int64(26082), np.int64(25759), np.int64(40822), np.int64(28498), np.int64(28325), np.int64(48657), np.int64(31769), np.int64(17820))","(1, 1, 0, 1, 0, 1, 1, 0, 1, 0, 0, 1, 1, 0, 0, 1, 0, 1, 0, 0, 1, 1, 1, 0, 1, 0, 1, 0, 1, 1, 1, 0, 0, 0, 0, 1, 0, 1, 0, 0, 1, 0, 1, 0, 0, 0, 0, 0, 0, 0)"
5.60362,23,290.708983,1,"(np.int64(30017), np.int64(22356), np.int64(10934), np.int64(5978), np.int64(21542), np.int64(47785), np.int64(20313), np.int64(49236), np.int64(25188), np.int64(37383), np.int64(4755), np.int64(27092), np.int64(16071), np.int64(47749), np.int64(16878), np.int64(7581), np.int64(16882), np.int64(2955), np.int64(30017), np.int64(40853), np.int64(17267), np.int64(19115), np.int64(22792))","(0, 0, 1, 1, 0, 0, 0, 0, 1, 0, 1, 0, 1, 0, 1, 1, 0, 1, 0, 0, 0, 1, 0)"
12.044787,37,291.139323,1,"(np.int64(47437), np.int64(28384), np.int64(44926), np.int64(9642), np.int64(43836), np.int64(20265), np.int64(28441), np.int64(11966), np.int64(7147), np.int64(31909), np.int64(7346), np.int64(5043), np.int64(21303), np.int64(10997), np.int64(37824), np.int64(13507), np.int64(17039), np.int64(11511), np.int64(37602), np.int64(13138), np.int64(33010), np.int64(12885), np.int64(20414), np.int64(11674), np.int64(23402), np.int64(3057), np.int64(37039), np.int64(19185), np.int64(17025), np.int64(8572), np.int64(16081), np.int64(15569), np.int64(673), np.int64(13262), np.int64(13879), np.int64(36636), np.int64(17197))","(0, 0, 0, 1, 0, 1, 0, 1, 1, 0, 1, 0, 1, 1, 0, 1, 1, 1, 0, 0, 0, 0, 1, 0, 0, 1, 0, 1, 1, 1, 1, 1, 1, 1, 1, 0, 0)"
11.377023,50,291.694694,1,"(np.int64(34435), np.int64(18464), np.int64(15330), np.int64(10972), np.int64(47462), np.int64(44203), np.int64(34471), np.int64(46592), np.int64(37629), np.int64(47163), np.int64(47470), np.int64(11236), np.int64(46413), np.int64(41420), np.int64(28851), np.int64(23831), np.int64(35048), np.int64(13345), np.int64(47627), np.int64(17507), np.int64(29146), np.int64(8864), np.int64(13356), np.int64(35329), np.int64(35136), np.int64(20865), np.int64(14446), np.int64(2871), np.int64(49869), np.int64(39392), np.int64(22279), np.int64(25136), np.int64(43115), np.int64(4820), np.int64(2223), np.int64(18393), np.int64(27250), np.int64(20037), np.int64(12149), np.int64(14066), np.int64(49692), np.int64(14683), np.int64(39232), np.int64(40452), np.int64(21294), np.int64(14969), np.int64(31186), np.int64(15789), np.int64(24658), np.int64(29806))","(0, 0, 1, 1, 0, 0, 0, 0, 0, 0, 0, 1, 0, 0, 1, 1, 0, 1, 0, 0, 0, 0, 1, 0, 0, 1, 1, 1, 0, 0, 0, 1, 0, 1, 0, 0, 1, 1, 0, 1, 0, 1, 0, 0, 1, 1, 0, 0, 1, 0)"
8.53961,50,292.247066,1,"(np.int64(37477), np.int64(22748), np.int64(26387), np.int64(39535), np.int64(13940), np.int64(33034), np.int64(7851), np.int64(34717), np.int64(9224), np.int64(39711), np.int64(45051), np.int64(21418), np.int64(31995), np.int64(29829), np.int64(45597), np.int64(41583), np.int64(44476), np.int64(35127), np.int64(24808), np.int64(45492), np.int64(36190), np.int64(43690), np.int64(10358), np.int64(20570), np.int64(38787), np.int64(591), np.int64(33669), np.int64(28599), np.int64(31497), np.int64(2910), np.int64(12457), np.int64(12508), np.int64(54), np.int64(15604), np.int64(17566), np.int64(29419), np.int64(6559), np.int64(26710), np.int64(36508), np.int64(26898), np.int64(30720), np.int64(42902), np.int64(25547), np.int64(31022), np.int64(34319), np.int64(30058), np.int64(7806), np.int64(18939), np.int64(17245), np.int64(44004))","(0, 0, 1, 0, 1, 0, 1, 0, 0, 0, 0, 1, 0, 0, 0, 0, 0, 0, 0, 0, 0, 0, 1, 1, 0, 1, 0, 0, 0, 1, 0, 1, 1, 0, 0, 0, 1, 0, 0, 0, 0, 0, 1, 0, 0, 0, 1, 1, 0, 0)"
5.218843,29,292.567771,1,"(np.int64(46604), np.int64(35994), np.int64(43578), np.int64(235), np.int64(36084), np.int64(34203), np.int64(550), np.int64(42632), np.int64(6773), np.int64(11090), np.int64(12881), np.int64(30625), np.int64(37395), np.int64(26021), np.int64(40110), np.int64(38917), np.int64(40392), np.int64(32411), np.int64(49920), np.int64(29372), np.int64(11674), np.int64(5861), np.int64(29993), np.int64(24812), np.int64(33443), np.int64(43035), np.int64(21144), np.int64(10529), np.int64(2811))","(0, 0, 0, 1, 0, 0, 1, 0, 1, 1, 0, 0, 0, 0, 0, 0, 0, 0, 0, 1, 0, 1, 0, 0, 0, 0, 1, 0, 1)"
7.51192,33,292.936422,1,"(np.int64(45433), np.int64(17213), np.int64(26004), np.int64(42533), np.int64(44458), np.int64(35842), np.int64(5687), np.int64(22763), np.int64(16331), np.int64(21884), np.int64(6940), np.int64(26750), np.int64(2546), np.int64(48377), np.int64(10963), np.int64(27054), np.int64(35441), np.int64(2026), np.int64(19653), np.int64(18), np.int64(44531), np.int64(19149), np.int64(18210), np.int64(30464), np.int64(16101), np.int64(28834), np.int64(12128), np.int64(1830), np.int64(36020), np.int64(21765), np.int64(16494), np.int64(32479), np.int64(18473))","(0, 0, 0, 0, 0, 0, 1, 0, 1, 0, 1, 0, 0, 0, 1, 0, 0, 1, 0, 1, 0, 0, 0, 0, 1, 1, 1, 1, 0, 1, 0, 0, 1)"
10.284298,50,293.482826,1,"(np.int64(46401), np.int64(3892), np.int64(42933), np.int64(42942), np.int64(48473), np.int64(12641), np.int64(10467), np.int64(25314), np.int64(8949), np.int64(37496), np.int64(18421), np.int64(36708), np.int64(23401), np.int64(7560), np.int64(33935), np.int64(6015), np.int64(22305), np.int64(44059), np.int64(18744), np.int64(5128), np.int64(45813), np.int64(36240), np.int64(28549), np.int64(37375), np.int64(28271), np.int64(11725), np.int64(37889), np.int64(33759), np.int64(39856), np.int64(33797), np.int64(16796), np.int64(39355), np.int64(33882), np.int64(28684), np.int64(13458), np.int64(43838), np.int64(16010), np.int64(1470), np.int64(37928), np.int64(18091), np.int64(109), np.int64(48998), np.int64(892), np.int64(36719), np.int64(37063), np.int64(17969), np.int64(39461), np.int64(15289), np.int64(47211), np.int64(32835))","(0, 1, 0, 0, 0, 1, 1, 1, 1, 0, 0, 0, 1, 1, 0, 1, 0, 0, 0, 1, 0, 0, 0, 1, 0, 0, 0, 0, 0, 0, 1, 0, 0, 1, 1, 0, 1, 1, 0, 0, 0, 0, 1, 0, 0, 0, 0, 0, 0, 0)"
10.393671,35,293.881088,1,"(np.int64(6875), np.int64(17337), np.int64(12086), np.int64(39551), np.int64(41753), np.int64(9874), np.int64(5433), np.int64(33021), np.int64(41690), np.int64(13820), np.int64(48225), np.int64(8274), np.int64(19388), np.int64(28333), np.int64(15389), np.int64(6059), np.int64(20743), np.int64(2002), np.int64(2940), np.int64(21864), np.int64(29910), np.int64(9471), np.int64(33389), np.int64(22496), np.int64(29920), np.int64(25757), np.int64(2086), np.int64(48272), np.int64(8421), np.int64(1260), np.int64(24783), np.int64(39025), np.int64(14930), np.int64(41862), np.int64(22592))","(1, 0, 1, 0, 0, 1, 1, 0, 0, 1, 0, 1, 1, 0, 1, 1, 1, 1, 1, 1, 0, 1, 0, 0, 0, 0, 1, 0, 0, 1, 0, 0, 0, 0, 0)"
14.861537,50,294.440195,1,"(np.int64(26110), np.int64(19059), np.int64(45004), np.int64(49318), np.int64(47603), np.int64(44102), np.int64(5627), np.int64(48500), np.int64(9180), np.int64(33255), np.int64(30055), np.int64(8966), np.int64(22624), np.int64(15713), np.int64(47639), np.int64(1231), np.int64(22695), np.int64(15635), np.int64(10260), np.int64(14099), np.int64(31620), np.int64(20222), np.int64(28750), np.int64(7129), np.int64(36798), np.int64(850), np.int64(25319), np.int64(4122), np.int64(37055), np.int64(5876), np.int64(26283), np.int64(37615), np.int64(5561), np.int64(45162), np.int64(15151), np.int64(6401), np.int64(25940), np.int64(10833), np.int64(33816), np.int64(12206), np.int64(7982), np.int64(39328), np.int64(36618), np.int64(16425), np.int64(8950), np.int64(2781), np.int64(12881), np.int64(21659), np.int64(16783), np.int64(12317))","(1, 1, 0, 0, 0, 0, 1, 0, 1, 0, 0, 1, 0, 0, 0, 1, 0, 0, 1, 1, 0, 1, 1, 1, 0, 0, 1, 1, 0, 1, 0, 0, 1, 0, 1, 1, 0, 1, 0, 1, 1, 0, 0, 1, 0, 1, 0, 1, 1, 1)"
10.415769,50,294.987484,1,"(np.int64(36785), np.int64(49791), np.int64(18840), np.int64(165), np.int64(35576), np.int64(42769), np.int64(46144), np.int64(29435), np.int64(11797), np.int64(28601), np.int64(41596), np.int64(34078), np.int64(36958), np.int64(27575), np.int64(39471), np.int64(49448), np.int64(13950), np.int64(22883), np.int64(16881), np.int64(10716), np.int64(6075), np.int64(3883), np.int64(17299), np.int64(35310), np.int64(17098), np.int64(27832), np.int64(29277), np.int64(40034), np.int64(45289), np.int64(15622), np.int64(1530), np.int64(22934), np.int64(48376), np.int64(22161), np.int64(22162), np.int64(11383), np.int64(11015), np.int64(17563), np.int64(43067), np.int64(26738), np.int64(29919), np.int64(5896), np.int64(38757), np.int64(22121), np.int64(13676), np.int64(50011), np.int64(30381), np.int64(14346), np.int64(42713), np.int64(33231))","(0, 0, 1, 0, 0, 0, 0, 0, 1, 0, 0, 0, 0, 0, 0, 0, 1, 0, 1, 1, 1, 1, 0, 0, 1, 0, 1, 0, 0, 1, 1, 0, 0, 1, 1, 1, 0, 0, 0, 0, 0, 1, 0, 1, 1, 0, 0, 0, 0, 1)"
5.528434,22,295.237798,1,"(np.int64(47793), np.int64(16591), np.int64(9119), np.int64(32628), np.int64(19865), np.int64(23128), np.int64(17059), np.int64(38420), np.int64(30293), np.int64(30523), np.int64(31457), np.int64(26522), np.int64(34347), np.int64(6986), np.int64(13308), np.int64(35367), np.int64(31370), np.int64(11781), np.int64(6117), np.int64(21297), np.int64(37825), np.int64(3322))","(0, 1, 0, 0, 0, 0, 1, 0, 0, 0, 0, 1, 0, 1, 1, 0, 0, 1, 1, 1, 0, 1)"
10.146346,42,295.701437,1,"(np.int64(3178), np.int64(13930), np.int64(10756), np.int64(5379), np.int64(195), np.int64(49449), np.int64(19818), np.int64(39000), np.int64(46762), np.int64(4169), np.int64(25744), np.int64(17793), np.int64(12469), np.int64(3466), np.int64(14881), np.int64(28717), np.int64(15418), np.int64(35976), np.int64(46639), np.int64(26924), np.int64(14047), np.int64(36597), np.int64(18179), np.int64(29087), np.int64(42674), np.int64(24492), np.int64(25221), np.int64(24395), np.int64(44790), np.int64(10372), np.int64(33964), np.int64(47386), np.int64(7380), np.int64(22952), np.int64(35855), np.int64(46631), np.int64(30099), np.int64(25938), np.int64(23047), np.int64(9836), np.int64(25804), np.int64(43778))","(1, 1, 1, 1, 1, 0, 1, 0, 0, 0, 1, 0, 1, 1, 1, 1, 1, 0, 0, 0, 0, 0, 0, 1, 0, 1, 1, 0, 0, 1, 0, 0, 0, 0, 0, 0, 0, 0, 0, 1, 0, 0)"
9.900446,47,296.206198,1,"(np.int64(12530), np.int64(31385), np.int64(24125), np.int64(4082), np.int64(39064), np.int64(48933), np.int64(28740), np.int64(3529), np.int64(16242), np.int64(19257), np.int64(8672), np.int64(46749), np.int64(2422), np.int64(32279), np.int64(41588), np.int64(24338), np.int64(18252), np.int64(59), np.int64(11499), np.int64(41926), np.int64(28283), np.int64(19151), np.int64(43220), np.int64(20266), np.int64(12293), np.int64(31532), np.int64(22648), np.int64(1166), np.int64(38808), np.int64(17999), np.int64(46350), np.int64(5789), np.int64(37359), np.int64(628), np.int64(32022), np.int64(24899), np.int64(14262), np.int64(22585), np.int64(37583), np.int64(2658), np.int64(17653), np.int64(39937), np.int64(37710), np.int64(17425), np.int64(13552), np.int64(22875), np.int64(34839))","(1, 1, 0, 1, 0, 0, 1, 1, 1, 1, 0, 0, 0, 0, 0, 0, 0, 1, 1, 0, 0, 1, 0, 0, 1, 0, 0, 1, 0, 0, 0, 1, 0, 1, 0, 0, 0, 0, 0, 1, 0, 0, 0, 0, 1, 0, 0)"
12.769628,50,296.750428,1,"(np.int64(4711), np.int64(16526), np.int64(15209), np.int64(3415), np.int64(12702), np.int64(8122), np.int64(44696), np.int64(1457), np.int64(38970), np.int64(10091), np.int64(10166), np.int64(38980), np.int64(17388), np.int64(5566), np.int64(41375), np.int64(6379), np.int64(13104), np.int64(49901), np.int64(48768), np.int64(39919), np.int64(47355), np.int64(34313), np.int64(16419), np.int64(36963), np.int64(6299), np.int64(37641), np.int64(46274), np.int64(38661), np.int64(23634), np.int64(47841), np.int64(23742), np.int64(18486), np.int64(8106), np.int64(43837), np.int64(7903), np.int64(24408), np.int64(35502), np.int64(13979), np.int64(29276), np.int64(42255), np.int64(25141), np.int64(15828), np.int64(22075), np.int64(11484), np.int64(34627), np.int64(25616), np.int64(24152), np.int64(26333), np.int64(35774), np.int64(4976))","(1, 0, 1, 1, 1, 1, 0, 1, 0, 1, 1, 0, 0, 1, 0, 1, 1, 0, 0, 0, 0, 0, 0, 0, 1, 1, 0, 0, 1, 0, 0, 0, 1, 0, 1, 0, 0, 0, 1, 0, 0, 0, 1, 1, 0, 1, 0, 0, 0, 1)"
8.906066,37,297.165255,1,"(np.int64(11420), np.int64(27020), np.int64(6426), np.int64(9423), np.int64(47976), np.int64(17078), np.int64(42543), np.int64(44713), np.int64(28271), np.int64(47002), np.int64(24817), np.int64(6761), np.int64(45125), np.int64(29256), np.int64(17586), np.int64(36098), np.int64(35515), np.int64(30080), np.int64(1901), np.int64(15530), np.int64(3825), np.int64(40611), np.int64(3825), np.int64(4958), np.int64(13377), np.int64(45397), np.int64(41713), np.int64(37452), np.int64(9755), np.int64(2997), np.int64(22419), np.int64(1059), np.int64(43751), np.int64(4558), np.int64(12881), np.int64(30635), np.int64(6738))","(1, 0, 0, 1, 0, 1, 0, 0, 0, 0, 0, 1, 0, 1, 0, 0, 0, 0, 1, 1, 1, 0, 1, 1, 1, 0, 0, 0, 1, 1, 0, 1, 0, 1, 0, 0, 0)"
12.859538,50,297.713448,1,"(np.int64(18396), np.int64(19412), np.int64(10253), np.int64(28858), np.int64(40856), np.int64(45028), np.int64(7919), np.int64(23445), np.int64(25679), np.int64(38670), np.int64(27306), np.int64(6766), np.int64(48623), np.int64(8953), np.int64(42873), np.int64(31632), np.int64(43030), np.int64(31548), np.int64(39373), np.int64(20748), np.int64(34680), np.int64(18317), np.int64(27854), np.int64(28239), np.int64(25074), np.int64(21129), np.int64(19525), np.int64(43686), np.int64(48614), np.int64(28139), np.int64(25368), np.int64(21046), np.int64(22619), np.int64(22152), np.int64(13666), np.int64(10283), np.int64(42024), np.int64(43600), np.int64(6354), np.int64(21245), np.int64(37182), np.int64(20560), np.int64(46288), np.int64(46754), np.int64(7412), np.int64(33673), np.int64(34668), np.int64(17001), np.int64(31605), np.int64(19884))","(0, 1, 1, 1, 0, 0, 0, 1, 0, 0, 1, 1, 0, 1, 0, 0, 0, 0, 0, 0, 0, 0, 1, 0, 1, 1, 1, 0, 0, 1, 1, 0, 0, 1, 1, 1, 0, 0, 1, 1, 0, 1, 0, 1, 1, 0, 0, 0, 0, 0)"
11.219682,50,298.261715,1,"(np.int64(49363), np.int64(19985), np.int64(36634), np.int64(15018), np.int64(33826), np.int64(48237), np.int64(9034), np.int64(11376), np.int64(35771), np.int64(30207), np.int64(32263), np.int64(31430), np.int64(3464), np.int64(11717), np.int64(43653), np.int64(45885), np.int64(32973), np.int64(26443), np.int64(31140), np.int64(42400), np.int64(6721), np.int64(6884), np.int64(26787), np.int64(23474), np.int64(32068), np.int64(30871), np.int64(15341), np.int64(6534), np.int64(37715), np.int64(12510), np.int64(46587), np.int64(11129), np.int64(26185), np.int64(14796), np.int64(9250), np.int64(8894), np.int64(43828), np.int64(995), np.int64(34815), np.int64(45048), np.int64(49668), np.int64(48402), np.int64(49801), np.int64(637), np.int64(22595), np.int64(9478), np.int64(28339), np.int64(31750), np.int64(4576), np.int64(16122))","(0, 0, 0, 0, 0, 0, 1, 1, 0, 0, 0, 0, 1, 1, 0, 0, 0, 0, 0, 0, 1, 1, 0, 1, 0, 0, 1, 1, 0, 1, 0, 1, 0, 1, 1, 0, 0, 1, 0, 0, 0, 0, 0, 1, 0, 1, 0, 0, 1, 1)"
4.802779,20,298.482019,1,"(np.int64(20096), np.int64(31312), np.int64(35807), np.int64(14840), np.int64(10730), np.int64(2893), np.int64(8200), np.int64(6955), np.int64(38510), np.int64(49503), np.int64(44885), np.int64(21316), np.int64(27350), np.int64(32972), np.int64(26585), np.int64(23461), np.int64(24202), np.int64(42045), np.int64(25659), np.int64(45897))","(0, 1, 0, 0, 1, 1, 1, 1, 0, 0, 0, 1, 0, 0, 1, 1, 0, 0, 0, 0)"
13.494748,50,299.031464,1,"(np.int64(1394), np.int64(28695), np.int64(45745), np.int64(13232), np.int64(20602), np.int64(25823), np.int64(2154), np.int64(44058), np.int64(44288), np.int64(6781), np.int64(16310), np.int64(12296), np.int64(25960), np.int64(16671), np.int64(27342), np.int64(11225), np.int64(35845), np.int64(30378), np.int64(36065), np.int64(9696), np.int64(10594), np.int64(12451), np.int64(3092), np.int64(21247), np.int64(45737), np.int64(1780), np.int64(49606), np.int64(34409), np.int64(5689), np.int64(37427), np.int64(40582), np.int64(42646), np.int64(22062), np.int64(13714), np.int64(7280), np.int64(2334), np.int64(34995), np.int64(49187), np.int64(33702), np.int64(18789), np.int64(42517), np.int64(48436), np.int64(7530), np.int64(29264), np.int64(34794), np.int64(18663), np.int64(19898), np.int64(17364), np.int64(20460), np.int64(20323))","(1, 1, 0, 1, 1, 0, 1, 0, 0, 0, 1, 1, 0, 1, 0, 1, 0, 0, 0, 1, 1, 1, 1, 1, 0, 1, 0, 0, 1, 0, 0, 0, 1, 0, 1, 0, 0, 0, 0, 1, 0, 0, 1, 1, 0, 1, 0, 0, 0, 0)"
14.417828,50,299.586435,1,"(np.int64(14653), np.int64(44286), np.int64(10697), np.int64(11453), np.int64(44228), np.int64(35504), np.int64(34643), np.int64(13192), np.int64(19428), np.int64(12966), np.int64(21740), np.int64(28674), np.int64(27648), np.int64(37593), np.int64(4631), np.int64(6866), np.int64(28761), np.int64(7530), np.int64(33958), np.int64(38122), np.int64(32445), np.int64(41431), np.int64(44545), np.int64(31302), np.int64(46031), np.int64(29723), np.int64(14710), np.int64(9561), np.int64(30449), np.int64(34284), np.int64(23609), np.int64(11386), np.int64(41464), np.int64(5928), np.int64(11111), np.int64(42121), np.int64(11455), np.int64(15248), np.int64(96), np.int64(2211), np.int64(13228), np.int64(44822), np.int64(31537), np.int64(40228), np.int64(40138), np.int64(45426), np.int64(4767), np.int64(26343), np.int64(45399), np.int64(24951))","(0, 0, 1, 1, 0, 0, 0, 1, 1, 1, 1, 1, 0, 0, 1, 1, 1, 1, 0, 0, 0, 0, 0, 1, 0, 0, 0, 1, 0, 0, 0, 1, 0, 1, 1, 0, 1, 1, 1, 1, 1, 0, 0, 0, 0, 0, 1, 0, 0, 1)"
5.711547,22,299.831611,1,"(np.int64(13731), np.int64(47722), np.int64(4351), np.int64(14430), np.int64(48868), np.int64(26243), np.int64(46122), np.int64(2699), np.int64(31925), np.int64(49799), np.int64(7042), np.int64(47918), np.int64(43982), np.int64(25822), np.int64(24772), np.int64(15495), np.int64(12817), np.int64(26256), np.int64(29524), np.int64(36947), np.int64(35451), np.int64(19111))","(0, 0, 1, 1, 0, 1, 0, 1, 0, 0, 1, 0, 0, 0, 0, 1, 1, 1, 0, 0, 0, 1)"
15.328233,50,300.370612,1,"(np.int64(44544), np.int64(6707), np.int64(22879), np.int64(4580), np.int64(7674), np.int64(8451), np.int64(26799), np.int64(12643), np.int64(40665), np.int64(22591), np.int64(47149), np.int64(13833), np.int64(47228), np.int64(13229), np.int64(723), np.int64(14651), np.int64(36123), np.int64(9813), np.int64(30718), np.int64(9524), np.int64(44916), np.int64(18527), np.int64(19755), np.int64(12982), np.int64(26443), np.int64(23103), np.int64(27318), np.int64(38570), np.int64(841), np.int64(2932), np.int64(6683), np.int64(37669), np.int64(13408), np.int64(6062), np.int64(14292), np.int64(20057), np.int64(7694), np.int64(3541), np.int64(2740), np.int64(43130), np.int64(33286), np.int64(47910), np.int64(28871), np.int64(35592), np.int64(29939), np.int64(2827), np.int64(47968), np.int64(28289), np.int64(38867), np.int64(22049))","(0, 1, 0, 1, 1, 1, 0, 1, 0, 0, 0, 0, 0, 1, 1, 1, 0, 1, 0, 1, 0, 0, 0, 1, 0, 0, 1, 0, 1, 1, 1, 0, 1, 1, 1, 1, 1, 1, 1, 0, 0, 0, 1, 0, 0, 1, 0, 0, 0, 0)"
3.026002,16,300.549137,1,"(np.int64(32602), np.int64(32117), np.int64(15858), np.int64(43185), np.int64(2468), np.int64(20720), np.int64(33033), np.int64(30022), np.int64(79), np.int64(28551), np.int64(33162), np.int64(7398), np.int64(36988), np.int64(35412), np.int64(31950), np.int64(39336))","(0, 0, 1, 0, 1, 1, 0, 0, 1, 0, 0, 1, 0, 0, 0, 0)"
7.850207,25,300.823137,1,"(np.int64(34901), np.int64(18259), np.int64(11390), np.int64(2181), np.int64(37471), np.int64(14315), np.int64(42244), np.int64(40874), np.int64(33243), np.int64(39574), np.int64(38415), np.int64(15684), np.int64(1503), np.int64(12578), np.int64(29331), np.int64(2839), np.int64(21312), np.int64(27256), np.int64(3984), np.int64(26229), np.int64(28463), np.int64(3968), np.int64(16721), np.int64(44533), np.int64(16700))","(0, 0, 1, 1, 0, 1, 0, 0, 0, 0, 0, 0, 1, 1, 1, 1, 1, 0, 1, 0, 0, 1, 1, 0, 1)"
8.191489,50,301.372698,1,"(np.int64(30173), np.int64(21071), np.int64(48014), np.int64(33074), np.int64(37358), np.int64(12397), np.int64(40440), np.int64(7016), np.int64(40317), np.int64(30576), np.int64(14081), np.int64(49704), np.int64(4299), np.int64(34181), np.int64(14379), np.int64(20705), np.int64(45811), np.int64(32370), np.int64(5653), np.int64(1277), np.int64(26798), np.int64(9463), np.int64(44786), np.int64(16051), np.int64(47971), np.int64(954), np.int64(25817), np.int64(36516), np.int64(40207), np.int64(43817), np.int64(25878), np.int64(7787), np.int64(3952), np.int64(19357), np.int64(39330), np.int64(2621), np.int64(28947), np.int64(39010), np.int64(42274), np.int64(48774), np.int64(31370), np.int64(49974), np.int64(39347), np.int64(25837), np.int64(38691), np.int64(40678), np.int64(49085), np.int64(34818), np.int64(33153), np.int64(22728))","(0, 0, 0, 0, 0, 1, 0, 0, 0, 0, 1, 0, 1, 0, 1, 0, 0, 0, 1, 1, 0, 1, 0, 1, 0, 1, 0, 0, 0, 0, 0, 0, 1, 1, 0, 1, 1, 0, 0, 0, 0, 0, 0, 0, 0, 0, 0, 0, 0, 0)"
11.803334,50,301.91443,1,"(np.int64(23168), np.int64(22044), np.int64(49931), np.int64(1894), np.int64(29664), np.int64(19954), np.int64(31053), np.int64(38737), np.int64(13771), np.int64(34372), np.int64(18329), np.int64(5097), np.int64(12445), np.int64(35435), np.int64(40820), np.int64(8430), np.int64(2120), np.int64(28447), np.int64(36236), np.int64(42628), np.int64(7316), np.int64(35976), np.int64(38570), np.int64(39902), np.int64(17103), np.int64(14748), np.int64(26824), np.int64(39384), np.int64(36632), np.int64(45229), np.int64(25319), np.int64(16005), np.int64(1912), np.int64(4240), np.int64(40692), np.int64(7318), np.int64(32134), np.int64(34470), np.int64(9383), np.int64(9850), np.int64(9713), np.int64(22740), np.int64(31634), np.int64(289), np.int64(29601), np.int64(42100), np.int64(37124), np.int64(34298), np.int64(41170), np.int64(9026))","(0, 1, 0, 1, 0, 1, 0, 0, 0, 0, 1, 1, 1, 0, 0, 1, 1, 0, 0, 0, 1, 0, 0, 0, 1, 1, 0, 0, 0, 0, 1, 1, 1, 1, 0, 0, 0, 0, 1, 1, 1, 0, 0, 1, 0, 0, 0, 0, 0, 0)"
11.969908,50,302.466293,1,"(np.int64(1635), np.int64(40964), np.int64(32615), np.int64(10418), np.int64(29533), np.int64(47454), np.int64(34509), np.int64(14586), np.int64(5464), np.int64(11987), np.int64(9073), np.int64(6381), np.int64(35227), np.int64(36085), np.int64(31561), np.int64(10856), np.int64(22803), np.int64(36976), np.int64(37496), np.int64(9923), np.int64(25634), np.int64(42408), np.int64(47563), np.int64(35176), np.int64(1846), np.int64(44140), np.int64(15676), np.int64(669), np.int64(6857), np.int64(45225), np.int64(22474), np.int64(12232), np.int64(30522), np.int64(19797), np.int64(790), np.int64(22498), np.int64(40565), np.int64(16827), np.int64(18122), np.int64(19231), np.int64(9430), np.int64(20469), np.int64(26601), np.int64(15366), np.int64(34396), np.int64(6698), np.int64(40962), np.int64(23186), np.int64(34083), np.int64(26334))","(1, 0, 0, 1, 0, 0, 0, 0, 1, 1, 1, 1, 0, 0, 0, 1, 0, 0, 0, 1, 1, 0, 0, 0, 1, 0, 0, 1, 1, 0, 0, 1, 0, 1, 1, 0, 0, 0, 0, 1, 1, 0, 0, 1, 0, 1, 0, 0, 0, 0)"
13.510362,50,303.013212,1,"(np.int64(19876), np.int64(16631), np.int64(5771), np.int64(12013), np.int64(11665), np.int64(44402), np.int64(37859), np.int64(38914), np.int64(36030), np.int64(44879), np.int64(10147), np.int64(28637), np.int64(32217), np.int64(14504), np.int64(12144), np.int64(44208), np.int64(37469), np.int64(40411), np.int64(49234), np.int64(3102), np.int64(200), np.int64(31841), np.int64(26729), np.int64(5436), np.int64(43210), np.int64(24654), np.int64(15706), np.int64(34514), np.int64(24899), np.int64(38549), np.int64(11535), np.int64(32361), np.int64(31987), np.int64(44704), np.int64(1664), np.int64(12158), np.int64(23585), np.int64(32561), np.int64(9428), np.int64(42211), np.int64(4706), np.int64(3016), np.int64(7107), np.int64(20655), np.int64(19221), np.int64(42619), np.int64(41874), np.int64(39555), np.int64(23914), np.int64(37211))","(0, 1, 1, 1, 1, 0, 0, 0, 0, 0, 1, 1, 0, 0, 1, 0, 0, 0, 0, 1, 1, 0, 0, 1, 0, 1, 0, 0, 0, 0, 1, 0, 0, 0, 1, 1, 1, 0, 1, 0, 1, 1, 0, 1, 1, 0, 0, 0, 1, 0)"
8.039246,43,303.48764,1,"(np.int64(9948), np.int64(40259), np.int64(40194), np.int64(15889), np.int64(46172), np.int64(43976), np.int64(48946), np.int64(14177), np.int64(3908), np.int64(36025), np.int64(49812), np.int64(41179), np.int64(45623), np.int64(11758), np.int64(7836), np.int64(6335), np.int64(17811), np.int64(29499), np.int64(31981), np.int64(16831), np.int64(35830), np.int64(1249), np.int64(7696), np.int64(36696), np.int64(45693), np.int64(5016), np.int64(30046), np.int64(4391), np.int64(33138), np.int64(20020), np.int64(44973), np.int64(29092), np.int64(37928), np.int64(27739), np.int64(46846), np.int64(48112), np.int64(49230), np.int64(7170), np.int64(49880), np.int64(24117), np.int64(33587), np.int64(38182), np.int64(35821))","(0, 0, 0, 0, 0, 0, 0, 1, 1, 0, 0, 0, 0, 1, 0, 1, 0, 0, 0, 1, 0, 1, 1, 0, 0, 1, 0, 1, 0, 1, 0, 1, 0, 0, 1, 0, 0, 1, 0, 0, 0, 0, 0)"
10.025235,42,303.951535,1,"(np.int64(1308), np.int64(18119), np.int64(1515), np.int64(12845), np.int64(26367), np.int64(35474), np.int64(15347), np.int64(34696), np.int64(34955), np.int64(21142), np.int64(32694), np.int64(16422), np.int64(36661), np.int64(15169), np.int64(46731), np.int64(38377), np.int64(3655), np.int64(13131), np.int64(32948), np.int64(43975), np.int64(21584), np.int64(20233), np.int64(19642), np.int64(25782), np.int64(1138), np.int64(22343), np.int64(5204), np.int64(45336), np.int64(39182), np.int64(23219), np.int64(3593), np.int64(45235), np.int64(42609), np.int64(28177), np.int64(37704), np.int64(39481), np.int64(10297), np.int64(4267), np.int64(18460), np.int64(25417), np.int64(37584), np.int64(12771))","(1, 0, 1, 1, 1, 0, 1, 0, 0, 1, 0, 0, 0, 1, 0, 0, 1, 1, 0, 0, 1, 0, 0, 0, 1, 0, 1, 0, 0, 0, 1, 0, 0, 0, 0, 0, 1, 1, 0, 0, 0, 1)"
3.961497,15,304.121196,1,"(np.int64(36664), np.int64(25694), np.int64(18979), np.int64(26037), np.int64(430), np.int64(17301), np.int64(9054), np.int64(37221), np.int64(31932), np.int64(45496), np.int64(31342), np.int64(43104), np.int64(3190), np.int64(6156), np.int64(46705))","(0, 0, 1, 0, 1, 0, 1, 0, 0, 0, 1, 0, 1, 1, 0)"
13.12863,50,304.663026,1,"(np.int64(21306), np.int64(39724), np.int64(17841), np.int64(5633), np.int64(36941), np.int64(48955), np.int64(3170), np.int64(18374), np.int64(28518), np.int64(6398), np.int64(13254), np.int64(49481), np.int64(39338), np.int64(49506), np.int64(14234), np.int64(32249), np.int64(43664), np.int64(17413), np.int64(16216), np.int64(13472), np.int64(24799), np.int64(3700), np.int64(4679), np.int64(46859), np.int64(46529), np.int64(42128), np.int64(26290), np.int64(37411), np.int64(14344), np.int64(25519), np.int64(22263), np.int64(44695), np.int64(44982), np.int64(20734), np.int64(14149), np.int64(23941), np.int64(25424), np.int64(43257), np.int64(9462), np.int64(4663), np.int64(28420), np.int64(24077), np.int64(4237), np.int64(44651), np.int64(38141), np.int64(48460), np.int64(19044), np.int64(44307), np.int64(29719), np.int64(17111))","(1, 0, 0, 1, 0, 0, 1, 0, 1, 1, 0, 0, 0, 0, 1, 0, 0, 1, 1, 1, 0, 1, 1, 0, 0, 0, 0, 0, 1, 0, 0, 0, 0, 1, 1, 0, 1, 0, 1, 1, 0, 1, 1, 0, 0, 0, 1, 0, 0, 1)"
9.947562,50,305.217432,1,"(np.int64(31681), np.int64(13524), np.int64(28818), np.int64(36761), np.int64(44718), np.int64(22305), np.int64(25129), np.int64(8385), np.int64(9520), np.int64(35493), np.int64(6569), np.int64(27586), np.int64(48449), np.int64(27246), np.int64(20371), np.int64(34552), np.int64(43858), np.int64(33473), np.int64(6539), np.int64(27944), np.int64(820), np.int64(27844), np.int64(11270), np.int64(42254), np.int64(25258), np.int64(21064), np.int64(28512), np.int64(44325), np.int64(15252), np.int64(6027), np.int64(39627), np.int64(39433), np.int64(38786), np.int64(45520), np.int64(36069), np.int64(6240), np.int64(48503), np.int64(3241), np.int64(45132), np.int64(29301), np.int64(39977), np.int64(29380), np.int64(42351), np.int64(30646), np.int64(45272), np.int64(25026), np.int64(42831), np.int64(18271), np.int64(14392), np.int64(20184))","(0, 1, 1, 0, 0, 0, 0, 1, 1, 0, 1, 0, 0, 1, 0, 0, 0, 0, 1, 0, 1, 1, 0, 0, 0, 1, 0, 0, 1, 1, 0, 0, 0, 0, 0, 1, 0, 1, 0, 1, 0, 1, 0, 0, 0, 0, 0, 0, 0, 0)"
8.08361,27,305.522504,1,"(np.int64(31148), np.int64(36990), np.int64(5318), np.int64(47612), np.int64(5555), np.int64(21156), np.int64(556), np.int64(27280), np.int64(37275), np.int64(33975), np.int64(26420), np.int64(7739), np.int64(13559), np.int64(18420), np.int64(3273), np.int64(2531), np.int64(15508), np.int64(17889), np.int64(5089), np.int64(29765), np.int64(44983), np.int64(43817), np.int64(19871), np.int64(32249), np.int64(43398), np.int64(39605), np.int64(12989))","(0, 0, 1, 0, 1, 1, 1, 1, 0, 0, 1, 1, 1, 0, 1, 1, 1, 0, 1, 0, 0, 0, 0, 0, 0, 0, 1)"
2.985154,18,305.718225,1,"(np.int64(36572), np.int64(4044), np.int64(16728), np.int64(30488), np.int64(7756), np.int64(2504), np.int64(41919), np.int64(41662), np.int64(37825), np.int64(42883), np.int64(20574), np.int64(3344), np.int64(34708), np.int64(40377), np.int64(18938), np.int64(46018), np.int64(18795), np.int64(39839))","(0, 1, 1, 0, 1, 0, 0, 0, 0, 0, 0, 1, 0, 0, 1, 0, 0, 0)"
10.624139,44,306.208023,1,"(np.int64(4918), np.int64(5758), np.int64(43046), np.int64(762), np.int64(44225), np.int64(29897), np.int64(28237), np.int64(8005), np.int64(15498), np.int64(41005), np.int64(7191), np.int64(43533), np.int64(40050), np.int64(23343), np.int64(40457), np.int64(44482), np.int64(47441), np.int64(41558), np.int64(30926), np.int64(13308), np.int64(11546), np.int64(42201), np.int64(44441), np.int64(5557), np.int64(41462), np.int64(40624), np.int64(16103), np.int64(48991), np.int64(31997), np.int64(3209), np.int64(49243), np.int64(23498), np.int64(3789), np.int64(42276), np.int64(46202), np.int64(32848), np.int64(34997), np.int64(40207), np.int64(11385), np.int64(15536), np.int64(3679), np.int64(44126), np.int64(5033), np.int64(41344))","(1, 1, 0, 1, 0, 0, 0, 1, 1, 0, 1, 0, 0, 0, 0, 0, 0, 0, 0, 1, 1, 0, 0, 1, 0, 0, 1, 0, 0, 1, 0, 1, 1, 0, 0, 0, 0, 0, 1, 1, 1, 0, 1, 0)"
11.403072,44,306.691603,1,"(np.int64(9165), np.int64(1534), np.int64(32457), np.int64(23157), np.int64(41083), np.int64(37366), np.int64(43151), np.int64(49045), np.int64(27482), np.int64(15883), np.int64(44364), np.int64(20337), np.int64(10006), np.int64(23428), np.int64(5727), np.int64(38202), np.int64(46637), np.int64(33973), np.int64(6187), np.int64(12256), np.int64(36518), np.int64(22701), np.int64(21814), np.int64(42199), np.int64(10320), np.int64(602), np.int64(37199), np.int64(28580), np.int64(14), np.int64(6058), np.int64(49428), np.int64(31014), np.int64(10131), np.int64(1207), np.int64(45972), np.int64(45706), np.int64(12292), np.int64(28820), np.int64(49636), np.int64(5017), np.int64(3459), np.int64(46103), np.int64(11547), np.int64(13663))","(1, 1, 0, 0, 0, 0, 0, 0, 0, 1, 0, 0, 1, 1, 1, 0, 0, 0, 1, 1, 0, 0, 0, 0, 0, 1, 0, 0, 1, 1, 0, 0, 1, 1, 0, 0, 1, 1, 0, 1, 1, 0, 1, 1)"
7.296672,25,306.988871,1,"(np.int64(49477), np.int64(7589), np.int64(32459), np.int64(14203), np.int64(48446), np.int64(12754), np.int64(32305), np.int64(41399), np.int64(7050), np.int64(3471), np.int64(32665), np.int64(21495), np.int64(14774), np.int64(21789), np.int64(25475), np.int64(23762), np.int64(36623), np.int64(9014), np.int64(23533), np.int64(43423), np.int64(6581), np.int64(30496), np.int64(8574), np.int64(38072), np.int64(19716))","(0, 1, 0, 1, 0, 1, 0, 0, 1, 1, 0, 1, 1, 0, 0, 1, 0, 1, 0, 0, 1, 0, 1, 0, 1)"
5.103825,17,307.214717,1,"(np.int64(14798), np.int64(33211), np.int64(39261), np.int64(43776), np.int64(12413), np.int64(25697), np.int64(34372), np.int64(10895), np.int64(25114), np.int64(41484), np.int64(31475), np.int64(22716), np.int64(4384), np.int64(3882), np.int64(9699), np.int64(3717), np.int64(48246))","(1, 0, 0, 0, 1, 0, 0, 1, 0, 0, 1, 0, 1, 1, 1, 1, 0)"
12.57434,50,307.764537,1,"(np.int64(21758), np.int64(11138), np.int64(33486), np.int64(29504), np.int64(18559), np.int64(38764), np.int64(42351), np.int64(14843), np.int64(1758), np.int64(14986), np.int64(45289), np.int64(12042), np.int64(43956), np.int64(4430), np.int64(39745), np.int64(36702), np.int64(32729), np.int64(18881), np.int64(25708), np.int64(34723), np.int64(26532), np.int64(28748), np.int64(33083), np.int64(16031), np.int64(46551), np.int64(31132), np.int64(16385), np.int64(23086), np.int64(22461), np.int64(35685), np.int64(17875), np.int64(33291), np.int64(33273), np.int64(21417), np.int64(20005), np.int64(42430), np.int64(19996), np.int64(46433), np.int64(8290), np.int64(6123), np.int64(577), np.int64(13547), np.int64(35639), np.int64(22483), np.int64(20552), np.int64(27987), np.int64(21632), np.int64(40829), np.int64(492), np.int64(28510))","(0, 1, 0, 0, 0, 0, 0, 1, 1, 1, 0, 1, 0, 1, 0, 0, 0, 1, 0, 0, 0, 1, 0, 1, 0, 0, 1, 0, 0, 0, 0, 0, 0, 1, 0, 0, 1, 0, 1, 1, 1, 1, 0, 0, 1, 1, 1, 0, 1, 0)"
7.019625,39,308.209004,1,"(np.int64(31152), np.int64(23953), np.int64(21926), np.int64(43111), np.int64(35684), np.int64(25160), np.int64(2746), np.int64(19664), np.int64(7148), np.int64(20693), np.int64(14530), np.int64(11087), np.int64(10682), np.int64(1137), np.int64(28423), np.int64(24239), np.int64(18884), np.int64(35872), np.int64(23167), np.int64(6095), np.int64(36511), np.int64(27589), np.int64(17346), np.int64(20922), np.int64(39592), np.int64(14147), np.int64(45329), np.int64(32781), np.int64(35663), np.int64(48792), np.int64(28681), np.int64(2946), np.int64(48523), np.int64(7488), np.int64(31374), np.int64(17198), np.int64(30676), np.int64(37527), np.int64(34647))","(0, 0, 0, 0, 0, 0, 1, 0, 0, 1, 1, 1, 1, 1, 0, 0, 0, 0, 0, 1, 0, 0, 0, 0, 0, 1, 0, 0, 0, 0, 0, 1, 0, 1, 1, 0, 0, 0, 0)"
11.462515,50,308.773761,1,"(np.int64(41279), np.int64(14375), np.int64(1721), np.int64(21516), np.int64(20742), np.int64(31716), np.int64(44723), np.int64(8228), np.int64(1153), np.int64(32111), np.int64(28481), np.int64(15199), np.int64(11266), np.int64(38542), np.int64(30262), np.int64(46791), np.int64(36110), np.int64(29600), np.int64(20241), np.int64(2435), np.int64(15485), np.int64(20382), np.int64(5377), np.int64(10293), np.int64(48960), np.int64(27473), np.int64(6914), np.int64(25788), np.int64(46668), np.int64(6557), np.int64(5281), np.int64(13441), np.int64(10393), np.int64(40818), np.int64(3062), np.int64(4181), np.int64(46450), np.int64(31793), np.int64(49245), np.int64(39591), np.int64(14379), np.int64(41777), np.int64(26623), np.int64(16766), np.int64(14913), np.int64(33647), np.int64(33432), np.int64(13482), np.int64(46161), np.int64(46520))","(0, 1, 0, 0, 0, 0, 0, 1, 1, 0, 0, 1, 0, 0, 0, 0, 0, 0, 1, 0, 1, 0, 1, 1, 0, 0, 1, 0, 0, 1, 1, 1, 1, 0, 1, 0, 0, 0, 0, 0, 1, 0, 0, 1, 1, 0, 0, 1, 0, 0)"
7.872146,28,309.090416,1,"(np.int64(23256), np.int64(1541), np.int64(29338), np.int64(49949), np.int64(15824), np.int64(21509), np.int64(44712), np.int64(15113), np.int64(25162), np.int64(11344), np.int64(26590), np.int64(39654), np.int64(41022), np.int64(594), np.int64(5308), np.int64(28373), np.int64(47146), np.int64(10885), np.int64(27918), np.int64(5131), np.int64(35452), np.int64(28105), np.int64(691), np.int64(7656), np.int64(31824), np.int64(40118), np.int64(19237), np.int64(603))","(0, 1, 1, 0, 1, 0, 0, 1, 0, 1, 0, 0, 0, 1, 1, 0, 0, 1, 1, 1, 0, 1, 1, 1, 0, 0, 0, 0)"
11.511464,47,309.602373,1,"(np.int64(33484), np.int64(29450), np.int64(46685), np.int64(35542), np.int64(39891), np.int64(31970), np.int64(9428), np.int64(35609), np.int64(41247), np.int64(13802), np.int64(18531), np.int64(32400), np.int64(31555), np.int64(27271), np.int64(3829), np.int64(13491), np.int64(9584), np.int64(9586), np.int64(20427), np.int64(28380), np.int64(9349), np.int64(20010), np.int64(36521), np.int64(13671), np.int64(15732), np.int64(49049), np.int64(4837), np.int64(12944), np.int64(46460), np.int64(37457), np.int64(14456), np.int64(25664), np.int64(8774), np.int64(3079), np.int64(49308), np.int64(35231), np.int64(25762), np.int64(23655), np.int64(9131), np.int64(20351), np.int64(31585), np.int64(37665), np.int64(25894), np.int64(17462), np.int64(37481), np.int64(26498), np.int64(21003))","(0, 0, 0, 0, 0, 0, 1, 0, 0, 0, 0, 0, 0, 1, 1, 1, 1, 1, 0, 0, 1, 1, 0, 1, 1, 0, 1, 1, 0, 0, 1, 0, 1, 1, 0, 0, 0, 1, 1, 0, 0, 0, 0, 1, 0, 1, 0)"
5.607553,28,309.914023,1,"(np.int64(5658), np.int64(44097), np.int64(47730), np.int64(44307), np.int64(24173), np.int64(4849), np.int64(37472), np.int64(19803), np.int64(17690), np.int64(13714), np.int64(18482), np.int64(3282), np.int64(33150), np.int64(17619), np.int64(47240), np.int64(5806), np.int64(45260), np.int64(38593), np.int64(19352), np.int64(32671), np.int64(31846), np.int64(2093), np.int64(42375), np.int64(48404), np.int64(7546), np.int64(46817), np.int64(6132), np.int64(30136))","(1, 0, 0, 0, 0, 1, 0, 1, 0, 0, 0, 1, 0, 0, 0, 1, 0, 0, 1, 0, 0, 1, 0, 0, 1, 0, 1, 0)"
9.471903,37,310.326881,1,"(np.int64(47808), np.int64(5252), np.int64(32544), np.int64(37867), np.int64(37316), np.int64(47273), np.int64(33304), np.int64(4240), np.int64(20073), np.int64(11041), np.int64(2973), np.int64(43520), np.int64(629), np.int64(26191), np.int64(3734), np.int64(44508), np.int64(18995), np.int64(20139), np.int64(41394), np.int64(209), np.int64(1479), np.int64(13470), np.int64(37287), np.int64(44118), np.int64(22743), np.int64(23886), np.int64(28649), np.int64(168), np.int64(5864), np.int64(48713), np.int64(26198), np.int64(32918), np.int64(18580), np.int64(32532), np.int64(39956), np.int64(27937), np.int64(22575))","(0, 1, 0, 0, 0, 0, 0, 1, 1, 1, 1, 0, 1, 1, 1, 0, 1, 0, 0, 1, 0, 1, 0, 0, 0, 0, 1, 1, 1, 0, 1, 0, 0, 0, 0, 0, 0)"
14.775381,50,310.894276,1,"(np.int64(17897), np.int64(23433), np.int64(3720), np.int64(28306), np.int64(38188), np.int64(42820), np.int64(37664), np.int64(30993), np.int64(885), np.int64(24714), np.int64(11229), np.int64(13124), np.int64(20529), np.int64(13578), np.int64(15210), np.int64(40494), np.int64(9128), np.int64(14601), np.int64(17157), np.int64(2877), np.int64(21259), np.int64(11610), np.int64(19052), np.int64(29454), np.int64(40316), np.int64(25615), np.int64(10458), np.int64(49730), np.int64(18659), np.int64(39169), np.int64(7693), np.int64(46517), np.int64(38885), np.int64(33715), np.int64(30478), np.int64(22417), np.int64(4690), np.int64(47866), np.int64(10914), np.int64(11707), np.int64(2803), np.int64(45585), np.int64(3543), np.int64(30757), np.int64(1143), np.int64(41427), np.int64(33494), np.int64(19434), np.int64(3802), np.int64(3828))","(0, 1, 1, 0, 0, 0, 0, 0, 1, 0, 1, 1, 1, 1, 1, 0, 1, 1, 0, 1, 0, 1, 1, 0, 0, 0, 0, 0, 0, 0, 1, 0, 0, 0, 0, 0, 1, 0, 1, 1, 1, 0, 1, 0, 1, 0, 0, 1, 1, 1)"
11.561066,50,311.47955,1,"(np.int64(48316), np.int64(25212), np.int64(5815), np.int64(8832), np.int64(7209), np.int64(29772), np.int64(35482), np.int64(43715), np.int64(23882), np.int64(47165), np.int64(42289), np.int64(2433), np.int64(6923), np.int64(29800), np.int64(5486), np.int64(5505), np.int64(41667), np.int64(2346), np.int64(30188), np.int64(47429), np.int64(41410), np.int64(29643), np.int64(34577), np.int64(37280), np.int64(9751), np.int64(17235), np.int64(36765), np.int64(1029), np.int64(23455), np.int64(42108), np.int64(4975), np.int64(8359), np.int64(38889), np.int64(5551), np.int64(33872), np.int64(39388), np.int64(39300), np.int64(1556), np.int64(10006), np.int64(19281), np.int64(42557), np.int64(10678), np.int64(44121), np.int64(31029), np.int64(29294), np.int64(21096), np.int64(16398), np.int64(8558), np.int64(30231), np.int64(21597))","(0, 1, 1, 1, 1, 0, 0, 0, 0, 0, 0, 0, 1, 0, 0, 1, 0, 0, 0, 0, 0, 0, 0, 0, 1, 0, 0, 1, 1, 0, 1, 1, 0, 1, 0, 0, 0, 1, 1, 1, 0, 1, 0, 0, 1, 0, 0, 1, 0, 0)"
5.643978,20,311.725693,1,"(np.int64(23162), np.int64(995), np.int64(39076), np.int64(13520), np.int64(38368), np.int64(30898), np.int64(12766), np.int64(38395), np.int64(12860), np.int64(28824), np.int64(44212), np.int64(13632), np.int64(45703), np.int64(14614), np.int64(10868), np.int64(47841), np.int64(27148), np.int64(15286), np.int64(14893), np.int64(2476))","(0, 1, 0, 1, 0, 0, 1, 0, 1, 1, 0, 1, 0, 0, 1, 0, 1, 1, 0, 0)"
6.542519,25,312.011738,1,"(np.int64(27219), np.int64(2037), np.int64(23723), np.int64(4049), np.int64(31650), np.int64(6141), np.int64(15628), np.int64(33612), np.int64(19583), np.int64(32640), np.int64(32808), np.int64(35849), np.int64(35009), np.int64(9221), np.int64(15908), np.int64(27659), np.int64(41281), np.int64(44487), np.int64(4010), np.int64(44330), np.int64(28556), np.int64(24825), np.int64(38465), np.int64(33489), np.int64(8871))","(1, 1, 1, 1, 0, 1, 1, 0, 0, 0, 0, 0, 0, 1, 0, 0, 0, 0, 1, 0, 1, 0, 0, 0, 1)"
14.518455,47,312.53867,1,"(np.int64(31883), np.int64(7693), np.int64(43056), np.int64(48082), np.int64(1860), np.int64(28940), np.int64(41306), np.int64(3598), np.int64(6589), np.int64(49999), np.int64(9084), np.int64(42453), np.int64(14503), np.int64(4360), np.int64(19453), np.int64(21358), np.int64(29780), np.int64(16489), np.int64(24663), np.int64(19502), np.int64(23848), np.int64(32174), np.int64(48921), np.int64(18392), np.int64(23238), np.int64(4543), np.int64(9666), np.int64(4519), np.int64(47739), np.int64(357), np.int64(27079), np.int64(46110), np.int64(11156), np.int64(28612), np.int64(33079), np.int64(47766), np.int64(12734), np.int64(23777), np.int64(6063), np.int64(32961), np.int64(32106), np.int64(35242), np.int64(798), np.int64(12196), np.int64(15037), np.int64(9933), np.int64(11021))","(0, 1, 0, 0, 1, 1, 0, 1, 1, 0, 1, 0, 0, 1, 1, 1, 0, 1, 1, 0, 0, 0, 0, 0, 0, 1, 1, 1, 0, 1, 0, 0, 0, 1, 0, 0, 1, 0, 1, 0, 0, 0, 1, 1, 1, 1, 1)"
4.449424,18,312.734133,1,"(np.int64(48519), np.int64(28865), np.int64(6297), np.int64(29353), np.int64(2348), np.int64(35108), np.int64(49685), np.int64(28063), np.int64(38622), np.int64(26458), np.int64(49309), np.int64(30876), np.int64(15757), np.int64(30889), np.int64(49248), np.int64(49682), np.int64(4676), np.int64(7642))","(0, 1, 1, 1, 0, 0, 0, 1, 0, 0, 0, 0, 1, 0, 0, 0, 1, 1)"
10.752557,43,313.205674,1,"(np.int64(12320), np.int64(313), np.int64(23849), np.int64(13810), np.int64(38720), np.int64(33848), np.int64(12774), np.int64(33160), np.int64(14897), np.int64(52), np.int64(17207), np.int64(42414), np.int64(38776), np.int64(47294), np.int64(48711), np.int64(18838), np.int64(24099), np.int64(13796), np.int64(13056), np.int64(43266), np.int64(12452), np.int64(17005), np.int64(21044), np.int64(33522), np.int64(24700), np.int64(7176), np.int64(46439), np.int64(30218), np.int64(12138), np.int64(43607), np.int64(4901), np.int64(41394), np.int64(11610), np.int64(25633), np.int64(40762), np.int64(9270), np.int64(29457), np.int64(31822), np.int64(45019), np.int64(11347), np.int64(46856), np.int64(1057), np.int64(49295))","(1, 1, 1, 0, 0, 0, 1, 0, 0, 1, 0, 0, 0, 0, 0, 1, 1, 0, 0, 0, 1, 1, 1, 0, 1, 1, 0, 0, 1, 0, 1, 0, 1, 0, 0, 1, 0, 0, 0, 1, 0, 1, 0)"
6.049277,24,313.478426,1,"(np.int64(23926), np.int64(49518), np.int64(13156), np.int64(34422), np.int64(24262), np.int64(2172), np.int64(24994), np.int64(44264), np.int64(39995), np.int64(15801), np.int64(9312), np.int64(17083), np.int64(23067), np.int64(19676), np.int64(43670), np.int64(32601), np.int64(30795), np.int64(3466), np.int64(37327), np.int64(29273), np.int64(16214), np.int64(35851), np.int64(26007), np.int64(37711))","(1, 0, 0, 0, 0, 1, 1, 0, 0, 1, 1, 1, 0, 1, 0, 0, 0, 1, 0, 1, 1, 0, 0, 0)"
9.416421,35,313.864167,1,"(np.int64(4416), np.int64(11495), np.int64(49256), np.int64(14681), np.int64(48590), np.int64(43370), np.int64(44871), np.int64(43326), np.int64(44401), np.int64(11333), np.int64(36093), np.int64(18125), np.int64(15732), np.int64(2980), np.int64(44933), np.int64(5655), np.int64(47407), np.int64(33185), np.int64(36742), np.int64(10587), np.int64(45666), np.int64(31445), np.int64(38330), np.int64(77), np.int64(3692), np.int64(44599), np.int64(23425), np.int64(41508), np.int64(39044), np.int64(10479), np.int64(18885), np.int64(8667), np.int64(9026), np.int64(28716), np.int64(42674))","(1, 1, 0, 1, 0, 0, 0, 0, 0, 1, 0, 0, 1, 1, 0, 1, 0, 0, 0, 1, 0, 0, 0, 1, 1, 0, 1, 0, 0, 1, 1, 1, 0, 1, 0)"
14.107124,50,314.414645,1,"(np.int64(2379), np.int64(13450), np.int64(728), np.int64(42601), np.int64(36759), np.int64(29676), np.int64(32719), np.int64(9721), np.int64(4680), np.int64(7232), np.int64(29598), np.int64(19194), np.int64(30569), np.int64(24832), np.int64(25504), np.int64(38203), np.int64(505), np.int64(29363), np.int64(37628), np.int64(24800), np.int64(8452), np.int64(38173), np.int64(18588), np.int64(8623), np.int64(3738), np.int64(21969), np.int64(4471), np.int64(5015), np.int64(20490), np.int64(31998), np.int64(30922), np.int64(35819), np.int64(1354), np.int64(19774), np.int64(16832), np.int64(48892), np.int64(23258), np.int64(39569), np.int64(30400), np.int64(1533), np.int64(43196), np.int64(23238), np.int64(3302), np.int64(20832), np.int64(8839), np.int64(5617), np.int64(38304), np.int64(9243), np.int64(41119), np.int64(411))","(0, 1, 1, 0, 0, 0, 0, 1, 1, 1, 0, 1, 0, 0, 0, 0, 1, 1, 0, 0, 1, 0, 0, 1, 1, 1, 1, 1, 0, 0, 0, 0, 1, 1, 1, 0, 0, 0, 0, 1, 0, 0, 0, 0, 1, 1, 0, 1, 0, 1)"
8.897738,50,314.967924,1,"(np.int64(2113), np.int64(41353), np.int64(30123), np.int64(47807), np.int64(12944), np.int64(19766), np.int64(9219), np.int64(21897), np.int64(42354), np.int64(36747), np.int64(13730), np.int64(33081), np.int64(38801), np.int64(27964), np.int64(6042), np.int64(20970), np.int64(25597), np.int64(11087), np.int64(36511), np.int64(17158), np.int64(42076), np.int64(38470), np.int64(7046), np.int64(9942), np.int64(35284), np.int64(47974), np.int64(17209), np.int64(44731), np.int64(45275), np.int64(26526), np.int64(1706), np.int64(32823), np.int64(5047), np.int64(25967), np.int64(21137), np.int64(23242), np.int64(43431), np.int64(39501), np.int64(27076), np.int64(41291), np.int64(4268), np.int64(3975), np.int64(36920), np.int64(32799), np.int64(44792), np.int64(47033), np.int64(16160), np.int64(28875), np.int64(44541), np.int64(38074))","(1, 0, 0, 0, 1, 1, 1, 0, 0, 0, 0, 0, 0, 1, 1, 0, 0, 1, 0, 0, 0, 0, 1, 1, 0, 0, 0, 0, 0, 0, 1, 0, 1, 0, 0, 0, 0, 0, 0, 0, 0, 1, 0, 0, 0, 0, 1, 1, 0, 0)"
11.98553,50,315.519694,1,"(np.int64(3370), np.int64(1113), np.int64(34287), np.int64(38157), np.int64(12155), np.int64(16393), np.int64(33558), np.int64(23141), np.int64(32460), np.int64(4619), np.int64(8378), np.int64(16619), np.int64(44085), np.int64(47721), np.int64(39842), np.int64(36737), np.int64(47191), np.int64(31642), np.int64(24358), np.int64(5048), np.int64(16544), np.int64(30840), np.int64(30642), np.int64(47956), np.int64(2658), np.int64(27180), np.int64(43031), np.int64(13303), np.int64(7992), np.int64(49776), np.int64(23049), np.int64(47039), np.int64(18584), np.int64(29049), np.int64(4502), np.int64(37029), np.int64(34652), np.int64(11060), np.int64(47495), np.int64(46241), np.int64(38422), np.int64(3026), np.int64(24971), np.int64(17096), np.int64(26542), np.int64(20123), np.int64(38050), np.int64(11908), np.int64(11100), np.int64(34768))","(1, 1, 0, 0, 1, 1, 0, 0, 0, 1, 1, 1, 0, 0, 0, 0, 0, 0, 0, 1, 1, 0, 0, 0, 1, 0, 0, 1, 0, 0, 0, 0, 0, 1, 1, 0, 0, 1, 0, 0, 0, 1, 0, 1, 0, 1, 0, 1, 1, 0)"
4.00268,27,315.813922,1,"(np.int64(14409), np.int64(23867), np.int64(10746), np.int64(24955), np.int64(43725), np.int64(3309), np.int64(41771), np.int64(17691), np.int64(48396), np.int64(34692), np.int64(15258), np.int64(49774), np.int64(44748), np.int64(42219), np.int64(15059), np.int64(32074), np.int64(49371), np.int64(25622), np.int64(44224), np.int64(47175), np.int64(41457), np.int64(31885), np.int64(10777), np.int64(29930), np.int64(12331), np.int64(28926), np.int64(48549))","(1, 0, 0, 0, 0, 1, 0, 0, 0, 0, 1, 0, 0, 0, 1, 0, 0, 0, 0, 0, 0, 0, 1, 0, 1, 1, 0)"
14.716558,50,316.368774,1,"(np.int64(3478), np.int64(45295), np.int64(49884), np.int64(34310), np.int64(113), np.int64(7162), np.int64(13575), np.int64(8884), np.int64(6568), np.int64(35828), np.int64(48137), np.int64(42122), np.int64(5052), np.int64(27035), np.int64(6592), np.int64(5193), np.int64(12816), np.int64(45681), np.int64(27430), np.int64(31424), np.int64(33321), np.int64(21573), np.int64(23364), np.int64(16762), np.int64(22493), np.int64(4996), np.int64(10044), np.int64(11840), np.int64(15399), np.int64(49475), np.int64(28754), np.int64(4493), np.int64(8101), np.int64(36871), np.int64(34752), np.int64(22808), np.int64(44271), np.int64(35281), np.int64(29665), np.int64(554), np.int64(2936), np.int64(1865), np.int64(25586), np.int64(10563), np.int64(26974), np.int64(16550), np.int64(43139), np.int64(17700), np.int64(32518), np.int64(34902))","(1, 0, 0, 0, 1, 1, 1, 1, 1, 0, 0, 0, 1, 0, 1, 1, 1, 0, 0, 1, 0, 1, 0, 1, 0, 1, 1, 1, 1, 0, 0, 1, 1, 0, 0, 0, 0, 0, 0, 1, 1, 1, 1, 1, 0, 0, 0, 0, 0, 0)"
15.878948,50,316.918197,1,"(np.int64(42201), np.int64(21405), np.int64(14826), np.int64(6402), np.int64(43074), np.int64(8171), np.int64(33315), np.int64(30100), np.int64(46993), np.int64(3659), np.int64(8835), np.int64(42705), np.int64(12835), np.int64(2381), np.int64(6580), np.int64(8888), np.int64(29859), np.int64(31343), np.int64(19624), np.int64(643), np.int64(3736), np.int64(43014), np.int64(18525), np.int64(9921), np.int64(39797), np.int64(20901), np.int64(24046), np.int64(34744), np.int64(48278), np.int64(51), np.int64(6121), np.int64(22854), np.int64(4969), np.int64(13298), np.int64(9709), np.int64(38967), np.int64(35805), np.int64(39451), np.int64(12440), np.int64(23520), np.int64(10260), np.int64(3133), np.int64(2024), np.int64(33499), np.int64(19890), np.int64(47085), np.int64(42531), np.int64(13767), np.int64(32286), np.int64(8120))","(0, 1, 1, 1, 0, 1, 0, 0, 0, 1, 1, 0, 1, 0, 1, 1, 0, 1, 1, 1, 1, 0, 0, 0, 0, 1, 1, 0, 0, 1, 1, 0, 1, 1, 1, 0, 0, 0, 1, 1, 1, 0, 1, 0, 0, 0, 0, 0, 0, 1)"
9.608912,50,317.463525,1,"(np.int64(48900), np.int64(35077), np.int64(31088), np.int64(49620), np.int64(26204), np.int64(9056), np.int64(43013), np.int64(30926), np.int64(8429), np.int64(26269), np.int64(41564), np.int64(39985), np.int64(4905), np.int64(41802), np.int64(12136), np.int64(23853), np.int64(35471), np.int64(47777), np.int64(26759), np.int64(15160), np.int64(47821), np.int64(7744), np.int64(43529), np.int64(37199), np.int64(25568), np.int64(32471), np.int64(31889), np.int64(217), np.int64(29491), np.int64(30813), np.int64(39656), np.int64(6559), np.int64(44054), np.int64(46316), np.int64(17417), np.int64(40946), np.int64(7834), np.int64(13169), np.int64(32912), np.int64(22387), np.int64(13632), np.int64(183), np.int64(14516), np.int64(39766), np.int64(5170), np.int64(35454), np.int64(35413), np.int64(25688), np.int64(22130), np.int64(12801))","(0, 0, 0, 0, 1, 1, 0, 0, 1, 0, 0, 0, 0, 0, 1, 0, 0, 0, 0, 1, 0, 1, 0, 0, 1, 0, 0, 1, 0, 0, 0, 1, 0, 0, 0, 0, 0, 1, 0, 0, 1, 1, 1, 0, 1, 0, 0, 0, 0, 1)"
6.207389,29,317.774581,1,"(np.int64(40260), np.int64(26889), np.int64(14280), np.int64(40064), np.int64(13856), np.int64(10568), np.int64(15843), np.int64(42389), np.int64(30132), np.int64(3945), np.int64(39932), np.int64(33552), np.int64(3884), np.int64(32372), np.int64(40659), np.int64(18575), np.int64(38231), np.int64(16179), np.int64(26734), np.int64(39954), np.int64(21998), np.int64(8822), np.int64(41503), np.int64(8726), np.int64(29402), np.int64(24246), np.int64(30182), np.int64(9322), np.int64(14988))","(0, 0, 1, 0, 0, 0, 1, 0, 0, 1, 0, 0, 1, 0, 0, 0, 0, 1, 0, 0, 1, 1, 0, 0, 1, 0, 0, 1, 1)"
5.581022,23,318.026784,1,"(np.int64(12479), np.int64(24814), np.int64(3624), np.int64(16), np.int64(30999), np.int64(45974), np.int64(1537), np.int64(35220), np.int64(49257), np.int64(32556), np.int64(9717), np.int64(17197), np.int64(24513), np.int64(27975), np.int64(21375), np.int64(21638), np.int64(37537), np.int64(14408), np.int64(34685), np.int64(38505), np.int64(31524), np.int64(39470), np.int64(22386))","(1, 0, 1, 1, 0, 0, 1, 0, 1, 0, 1, 0, 1, 1, 1, 0, 0, 0, 0, 0, 0, 0, 0)"
3.424656,16,318.214651,1,"(np.int64(16668), np.int64(14567), np.int64(22862), np.int64(45074), np.int64(7162), np.int64(13848), np.int64(11837), np.int64(40275), np.int64(38249), np.int64(32154), np.int64(14714), np.int64(49093), np.int64(25256), np.int64(20175), np.int64(26879), np.int64(42412))","(1, 0, 0, 0, 1, 1, 1, 0, 0, 0, 1, 0, 1, 0, 0, 0)"
13.505085,43,318.680245,1,"(np.int64(3774), np.int64(4926), np.int64(32082), np.int64(15852), np.int64(26907), np.int64(8984), np.int64(647), np.int64(49747), np.int64(17230), np.int64(3440), np.int64(39260), np.int64(33623), np.int64(39665), np.int64(7256), np.int64(43137), np.int64(5197), np.int64(22651), np.int64(6362), np.int64(34132), np.int64(22715), np.int64(2557), np.int64(46939), np.int64(11565), np.int64(19648), np.int64(16587), np.int64(21659), np.int64(27617), np.int64(11886), np.int64(23581), np.int64(31749), np.int64(43384), np.int64(47191), np.int64(9247), np.int64(19243), np.int64(35727), np.int64(6308), np.int64(6215), np.int64(24092), np.int64(43111), np.int64(48307), np.int64(15158), np.int64(38471), np.int64(10374))","(1, 1, 0, 1, 0, 1, 1, 0, 0, 1, 0, 0, 0, 1, 0, 1, 0, 1, 0, 0, 1, 0, 1, 1, 0, 1, 0, 1, 1, 0, 0, 0, 1, 1, 0, 1, 1, 1, 0, 0, 1, 0, 1)"
6.033709,37,319.086804,1,"(np.int64(35837), np.int64(4990), np.int64(9371), np.int64(43213), np.int64(28428), np.int64(25612), np.int64(35773), np.int64(49101), np.int64(38304), np.int64(23213), np.int64(48335), np.int64(47638), np.int64(38248), np.int64(43728), np.int64(24837), np.int64(7208), np.int64(49851), np.int64(35918), np.int64(41501), np.int64(13732), np.int64(28671), np.int64(37306), np.int64(36156), np.int64(20626), np.int64(17894), np.int64(11271), np.int64(12684), np.int64(48543), np.int64(20657), np.int64(4439), np.int64(47778), np.int64(16503), np.int64(40059), np.int64(20557), np.int64(30674), np.int64(9372), np.int64(43533))","(0, 1, 1, 0, 0, 1, 0, 0, 0, 0, 0, 0, 0, 0, 0, 1, 0, 0, 0, 0, 0, 0, 0, 1, 0, 0, 1, 0, 0, 1, 0, 1, 0, 1, 0, 1, 0)"
18.570235,50,319.629352,1,"(np.int64(13505), np.int64(44846), np.int64(24048), np.int64(25588), np.int64(14926), np.int64(25848), np.int64(2742), np.int64(32347), np.int64(28712), np.int64(16657), np.int64(48873), np.int64(1193), np.int64(18984), np.int64(13235), np.int64(6599), np.int64(13464), np.int64(8473), np.int64(10694), np.int64(35768), np.int64(10284), np.int64(18308), np.int64(9211), np.int64(10855), np.int64(4529), np.int64(27770), np.int64(41945), np.int64(30931), np.int64(12002), np.int64(17720), np.int64(12420), np.int64(5381), np.int64(24106), np.int64(48748), np.int64(37048), np.int64(19177), np.int64(878), np.int64(39858), np.int64(23946), np.int64(2445), np.int64(38943), np.int64(115), np.int64(19758), np.int64(21232), np.int64(11348), np.int64(10119), np.int64(8175), np.int64(26449), np.int64(47128), np.int64(3301), np.int64(35694))","(0, 0, 1, 1, 1, 0, 1, 0, 1, 1, 0, 1, 1, 1, 1, 1, 1, 1, 0, 1, 0, 1, 1, 1, 0, 0, 0, 1, 0, 1, 1, 0, 0, 0, 1, 1, 0, 1, 0, 0, 1, 1, 1, 1, 1, 1, 0, 0, 1, 0)"
10.602671,37,320.024458,1,"(np.int64(2493), np.int64(23459), np.int64(20317), np.int64(12412), np.int64(9008), np.int64(38437), np.int64(14997), np.int64(8484), np.int64(12398), np.int64(28013), np.int64(13253), np.int64(42767), np.int64(32658), np.int64(30527), np.int64(48795), np.int64(17077), np.int64(13152), np.int64(3507), np.int64(46591), np.int64(35829), np.int64(47728), np.int64(25955), np.int64(48171), np.int64(49654), np.int64(27992), np.int64(31705), np.int64(39462), np.int64(43928), np.int64(33225), np.int64(31527), np.int64(45980), np.int64(4294), np.int64(25159), np.int64(8547), np.int64(8393), np.int64(28526), np.int64(4871))","(0, 1, 1, 1, 1, 0, 1, 1, 1, 1, 1, 0, 0, 0, 0, 1, 1, 1, 0, 0, 0, 0, 0, 0, 1, 0, 0, 0, 0, 0, 0, 1, 1, 1, 1, 0, 1)"
15.772118,50,320.577104,1,"(np.int64(27845), np.int64(3240), np.int64(1798), np.int64(17525), np.int64(23318), np.int64(40544), np.int64(3338), np.int64(27711), np.int64(35315), np.int64(27421), np.int64(27811), np.int64(16283), np.int64(10674), np.int64(49261), np.int64(5347), np.int64(15218), np.int64(28810), np.int64(32134), np.int64(31450), np.int64(24066), np.int64(29895), np.int64(23538), np.int64(6735), np.int64(25086), np.int64(23894), np.int64(8909), np.int64(44711), np.int64(9216), np.int64(36090), np.int64(17110), np.int64(46993), np.int64(46660), np.int64(44537), np.int64(22247), np.int64(10048), np.int64(44293), np.int64(10091), np.int64(13929), np.int64(39828), np.int64(3968), np.int64(23901), np.int64(43251), np.int64(19612), np.int64(23223), np.int64(1729), np.int64(5377), np.int64(439), np.int64(988), np.int64(40769), np.int64(21062))","(1, 1, 1, 0, 0, 0, 1, 0, 0, 0, 0, 1, 0, 0, 1, 1, 1, 0, 0, 1, 0, 0, 1, 1, 1, 1, 0, 1, 0, 0, 0, 0, 0, 0, 1, 0, 1, 1, 0, 1, 1, 0, 1, 0, 1, 1, 1, 1, 0, 1)"
11.438139,50,321.118879,1,"(np.int64(32757), np.int64(41452), np.int64(26307), np.int64(49782), np.int64(34649), np.int64(34738), np.int64(36467), np.int64(6604), np.int64(22525), np.int64(9357), np.int64(14844), np.int64(35897), np.int64(4578), np.int64(10449), np.int64(43351), np.int64(21045), np.int64(28394), np.int64(21470), np.int64(25919), np.int64(45749), np.int64(2851), np.int64(10535), np.int64(45063), np.int64(48361), np.int64(46180), np.int64(6821), np.int64(5001), np.int64(10878), np.int64(21991), np.int64(37497), np.int64(7195), np.int64(30926), np.int64(40710), np.int64(31537), np.int64(6726), np.int64(42147), np.int64(15697), np.int64(46612), np.int64(41679), np.int64(1167), np.int64(34811), np.int64(48911), np.int64(37918), np.int64(44890), np.int64(21421), np.int64(21022), np.int64(24485), np.int64(30771), np.int64(27818), np.int64(14078))","(0, 0, 0, 0, 0, 0, 0, 1, 0, 1, 1, 0, 1, 1, 0, 1, 0, 1, 0, 0, 1, 1, 0, 0, 0, 1, 1, 1, 1, 0, 1, 0, 0, 0, 1, 0, 1, 0, 0, 1, 0, 0, 0, 0, 0, 0, 0, 0, 1, 1)"
11.922232,50,321.661599,1,"(np.int64(31839), np.int64(46796), np.int64(21424), np.int64(47710), np.int64(13317), np.int64(46620), np.int64(45852), np.int64(3282), np.int64(38993), np.int64(1441), np.int64(3763), np.int64(23520), np.int64(38433), np.int64(48360), np.int64(22860), np.int64(38460), np.int64(25762), np.int64(3662), np.int64(8023), np.int64(28375), np.int64(7491), np.int64(30761), np.int64(32260), np.int64(22222), np.int64(25506), np.int64(10674), np.int64(5485), np.int64(45531), np.int64(26602), np.int64(18604), np.int64(3268), np.int64(1478), np.int64(33416), np.int64(21748), np.int64(47920), np.int64(18068), np.int64(19267), np.int64(39944), np.int64(45113), np.int64(12514), np.int64(3547), np.int64(31971), np.int64(3725), np.int64(20292), np.int64(46349), np.int64(33120), np.int64(24021), np.int64(1189), np.int64(8649), np.int64(45801))","(0, 0, 0, 0, 1, 0, 0, 1, 0, 1, 1, 1, 0, 0, 0, 0, 0, 1, 1, 0, 1, 0, 0, 1, 1, 0, 0, 0, 0, 0, 1, 0, 0, 1, 0, 0, 1, 0, 0, 0, 1, 0, 1, 1, 0, 0, 1, 1, 1, 0)"
5.72953,22,321.907854,1,"(np.int64(10516), np.int64(30078), np.int64(14082), np.int64(31519), np.int64(25664), np.int64(45031), np.int64(13154), np.int64(9126), np.int64(45037), np.int64(23325), np.int64(49687), np.int64(45497), np.int64(3142), np.int64(33944), np.int64(17509), np.int64(37958), np.int64(26082), np.int64(34670), np.int64(3686), np.int64(14427), np.int64(7917), np.int64(4600))","(1, 0, 1, 0, 0, 0, 1, 1, 0, 0, 0, 0, 1, 0, 0, 0, 1, 0, 1, 1, 0, 1)"
12.508927,38,322.330956,1,"(np.int64(20317), np.int64(38192), np.int64(44055), np.int64(6072), np.int64(12314), np.int64(2981), np.int64(4610), np.int64(49906), np.int64(28245), np.int64(4504), np.int64(3380), np.int64(21484), np.int64(190), np.int64(10232), np.int64(11866), np.int64(23331), np.int64(34337), np.int64(46509), np.int64(22142), np.int64(12945), np.int64(16218), np.int64(3524), np.int64(25464), np.int64(31424), np.int64(47785), np.int64(19276), np.int64(28448), np.int64(45774), np.int64(3835), np.int64(19449), np.int64(32918), np.int64(13252), np.int64(27106), np.int64(45491), np.int64(11858), np.int64(15121), np.int64(18873), np.int64(14935))","(1, 0, 0, 1, 1, 1, 1, 0, 0, 1, 1, 0, 0, 1, 1, 1, 0, 0, 0, 0, 1, 1, 1, 1, 0, 1, 0, 0, 1, 0, 0, 1, 0, 0, 1, 1, 0, 1)"
12.650037,50,322.873444,1,"(np.int64(19817), np.int64(43874), np.int64(5290), np.int64(10472), np.int64(42771), np.int64(18351), np.int64(39246), np.int64(21602), np.int64(29155), np.int64(22851), np.int64(37440), np.int64(20831), np.int64(1434), np.int64(7703), np.int64(35821), np.int64(5881), np.int64(8075), np.int64(22807), np.int64(40226), np.int64(45144), np.int64(5738), np.int64(39642), np.int64(2892), np.int64(25052), np.int64(28797), np.int64(4785), np.int64(27425), np.int64(46147), np.int64(28171), np.int64(29566), np.int64(15852), np.int64(12486), np.int64(29505), np.int64(25771), np.int64(23551), np.int64(41657), np.int64(20616), np.int64(39408), np.int64(46096), np.int64(33173), np.int64(48641), np.int64(21154), np.int64(17173), np.int64(46283), np.int64(39646), np.int64(16662), np.int64(1838), np.int64(31622), np.int64(31330), np.int64(34465))","(1, 0, 1, 1, 0, 0, 0, 1, 1, 0, 0, 1, 0, 1, 0, 1, 1, 0, 0, 0, 1, 0, 1, 1, 1, 1, 0, 0, 0, 0, 1, 1, 0, 0, 0, 0, 1, 0, 0, 0, 0, 1, 0, 0, 0, 1, 1, 0, 1, 0)"
3.695321,13,323.023102,1,"(np.int64(908), np.int64(27890), np.int64(45214), np.int64(46009), np.int64(24395), np.int64(49689), np.int64(8285), np.int64(3302), np.int64(2202), np.int64(16750), np.int64(27769), np.int64(47058), np.int64(36666))","(1, 1, 0, 0, 0, 0, 1, 0, 1, 1, 1, 0, 0)"
10.710696,40,323.560222,1,"(np.int64(44242), np.int64(19841), np.int64(29830), np.int64(43695), np.int64(46684), np.int64(47308), np.int64(27617), np.int64(30204), np.int64(29286), np.int64(3334), np.int64(12523), np.int64(10483), np.int64(9592), np.int64(40008), np.int64(15752), np.int64(39531), np.int64(24906), np.int64(7915), np.int64(7378), np.int64(30098), np.int64(30120), np.int64(7230), np.int64(14406), np.int64(29308), np.int64(16995), np.int64(32539), np.int64(18786), np.int64(17882), np.int64(40950), np.int64(23578), np.int64(44651), np.int64(42903), np.int64(5584), np.int64(48012), np.int64(39467), np.int64(45852), np.int64(34951), np.int64(3824), np.int64(2172), np.int64(7522))","(0, 1, 0, 0, 0, 0, 0, 0, 1, 1, 1, 1, 1, 0, 1, 0, 0, 0, 1, 0, 0, 1, 1, 1, 1, 0, 1, 0, 0, 0, 0, 0, 1, 0, 0, 0, 0, 1, 1, 1)"
13.148317,50,324.156296,1,"(np.int64(14539), np.int64(30415), np.int64(16407), np.int64(18784), np.int64(13135), np.int64(10288), np.int64(32218), np.int64(11138), np.int64(20321), np.int64(42682), np.int64(11422), np.int64(35700), np.int64(39923), np.int64(886), np.int64(33024), np.int64(14795), np.int64(21417), np.int64(13280), np.int64(4823), np.int64(5268), np.int64(3209), np.int64(45123), np.int64(45916), np.int64(28514), np.int64(42108), np.int64(7828), np.int64(13755), np.int64(48324), np.int64(24906), np.int64(38748), np.int64(27747), np.int64(24960), np.int64(22729), np.int64(17480), np.int64(30681), np.int64(4497), np.int64(37175), np.int64(35056), np.int64(16039), np.int64(13472), np.int64(46196), np.int64(45026), np.int64(12292), np.int64(15996), np.int64(34856), np.int64(48657), np.int64(5548), np.int64(13714), np.int64(16341), np.int64(33601))","(1, 0, 0, 0, 1, 1, 0, 1, 0, 0, 1, 0, 0, 1, 0, 1, 1, 1, 1, 1, 1, 0, 0, 0, 0, 1, 0, 0, 0, 0, 0, 1, 0, 0, 0, 1, 0, 0, 1, 1, 0, 0, 1, 1, 0, 0, 1, 0, 1, 0)"
5.217142,27,324.460029,1,"(np.int64(4960), np.int64(9240), np.int64(22082), np.int64(26209), np.int64(22586), np.int64(39404), np.int64(773), np.int64(17781), np.int64(43158), np.int64(42641), np.int64(35664), np.int64(8204), np.int64(4560), np.int64(40074), np.int64(42484), np.int64(16555), np.int64(5221), np.int64(32725), np.int64(29180), np.int64(32150), np.int64(41077), np.int64(18338), np.int64(2158), np.int64(16422), np.int64(37209), np.int64(23667), np.int64(7468))","(1, 0, 0, 1, 0, 0, 1, 0, 0, 0, 0, 1, 1, 0, 0, 0, 0, 0, 1, 0, 0, 0, 1, 0, 0, 0, 1)"
3.189352,16,324.646759,1,"(np.int64(35887), np.int64(36034), np.int64(22413), np.int64(11953), np.int64(9433), np.int64(31180), np.int64(6574), np.int64(41022), np.int64(35104), np.int64(33189), np.int64(30317), np.int64(29158), np.int64(31930), np.int64(41185), np.int64(27353), np.int64(14993))","(0, 1, 0, 1, 0, 0, 1, 0, 0, 0, 0, 1, 0, 0, 0, 1)"
13.282647,50,325.20616,1,"(np.int64(12292), np.int64(9564), np.int64(39149), np.int64(1145), np.int64(22213), np.int64(14193), np.int64(2072), np.int64(33764), np.int64(44094), np.int64(5875), np.int64(20042), np.int64(24752), np.int64(10159), np.int64(27228), np.int64(31985), np.int64(48539), np.int64(17475), np.int64(5474), np.int64(37333), np.int64(23592), np.int64(42444), np.int64(39521), np.int64(8726), np.int64(28474), np.int64(39913), np.int64(31793), np.int64(19878), np.int64(30982), np.int64(45586), np.int64(40353), np.int64(49548), np.int64(34152), np.int64(22073), np.int64(12022), np.int64(42684), np.int64(42739), np.int64(37728), np.int64(15097), np.int64(35846), np.int64(3216), np.int64(23035), np.int64(27998), np.int64(17593), np.int64(15481), np.int64(41655), np.int64(13582), np.int64(5247), np.int64(39424), np.int64(44707), np.int64(11845))","(1, 1, 0, 1, 0, 1, 1, 0, 0, 1, 1, 1, 1, 1, 0, 0, 0, 1, 0, 1, 0, 0, 0, 0, 0, 0, 0, 0, 0, 0, 0, 0, 1, 1, 0, 0, 0, 1, 0, 1, 0, 1, 0, 1, 0, 1, 1, 0, 0, 1)"
15.158924,50,325.76062,1,"(np.int64(24388), np.int64(3143), np.int64(29206), np.int64(45622), np.int64(36735), np.int64(7516), np.int64(41285), np.int64(28974), np.int64(34828), np.int64(44980), np.int64(35935), np.int64(32805), np.int64(37930), np.int64(16549), np.int64(32194), np.int64(24184), np.int64(9807), np.int64(46732), np.int64(527), np.int64(29827), np.int64(4049), np.int64(27396), np.int64(14017), np.int64(13048), np.int64(7245), np.int64(43666), np.int64(40932), np.int64(10953), np.int64(31528), np.int64(7642), np.int64(49166), np.int64(920), np.int64(42878), np.int64(26039), np.int64(6663), np.int64(2117), np.int64(37436), np.int64(2006), np.int64(32114), np.int64(18488), np.int64(20988), np.int64(24473), np.int64(25105), np.int64(27245), np.int64(6627), np.int64(46757), np.int64(47023), np.int64(24083), np.int64(4375), np.int64(105))","(0, 1, 1, 0, 0, 1, 0, 1, 0, 0, 0, 0, 0, 1, 0, 0, 1, 0, 1, 0, 1, 1, 1, 1, 1, 0, 0, 1, 0, 1, 0, 1, 0, 0, 1, 1, 0, 0, 0, 0, 1, 1, 1, 1, 1, 0, 0, 1, 1, 1)"
7.171241,41,326.198209,1,"(np.int64(7899), np.int64(41317), np.int64(42462), np.int64(40250), np.int64(31966), np.int64(39653), np.int64(37415), np.int64(45665), np.int64(12443), np.int64(26519), np.int64(27085), np.int64(31293), np.int64(21076), np.int64(19429), np.int64(23315), np.int64(28199), np.int64(41727), np.int64(26885), np.int64(2684), np.int64(34650), np.int64(33186), np.int64(10563), np.int64(28133), np.int64(29552), np.int64(39783), np.int64(37639), np.int64(19421), np.int64(11930), np.int64(39559), np.int64(18858), np.int64(26570), np.int64(45741), np.int64(33944), np.int64(44167), np.int64(31731), np.int64(34125), np.int64(45059), np.int64(1774), np.int64(30234), np.int64(27386), np.int64(17048))","(1, 0, 0, 0, 0, 0, 0, 0, 0, 0, 0, 1, 1, 1, 0, 0, 0, 0, 1, 0, 0, 1, 1, 0, 0, 0, 1, 1, 0, 0, 0, 0, 0, 0, 0, 0, 0, 1, 0, 1, 1)"
13.287663,50,326.743626,1,"(np.int64(312), np.int64(16887), np.int64(29429), np.int64(18309), np.int64(16972), np.int64(34488), np.int64(6069), np.int64(3276), np.int64(28690), np.int64(32784), np.int64(25831), np.int64(49467), np.int64(41371), np.int64(35111), np.int64(24963), np.int64(673), np.int64(7911), np.int64(25244), np.int64(43925), np.int64(6734), np.int64(13890), np.int64(19375), np.int64(35208), np.int64(44374), np.int64(13873), np.int64(25026), np.int64(29028), np.int64(47317), np.int64(17246), np.int64(22177), np.int64(16842), np.int64(33614), np.int64(3752), np.int64(35338), np.int64(41376), np.int64(4666), np.int64(41274), np.int64(18587), np.int64(32473), np.int64(30440), np.int64(46175), np.int64(27249), np.int64(27407), np.int64(21684), np.int64(1522), np.int64(9508), np.int64(6226), np.int64(11002), np.int64(27468), np.int64(10915))","(1, 1, 0, 0, 1, 0, 1, 1, 1, 0, 0, 0, 0, 0, 1, 1, 0, 1, 0, 1, 1, 1, 0, 0, 0, 0, 1, 0, 0, 1, 1, 0, 1, 0, 0, 1, 0, 0, 0, 0, 0, 0, 0, 1, 1, 0, 1, 1, 0, 1)"
11.924989,45,327.23683,1,"(np.int64(37470), np.int64(10811), np.int64(3585), np.int64(37696), np.int64(12747), np.int64(18859), np.int64(44896), np.int64(43543), np.int64(48873), np.int64(6042), np.int64(1735), np.int64(8490), np.int64(37011), np.int64(1880), np.int64(10901), np.int64(2728), np.int64(23428), np.int64(43566), np.int64(20657), np.int64(1153), np.int64(9989), np.int64(20716), np.int64(10377), np.int64(49117), np.int64(38461), np.int64(43618), np.int64(15019), np.int64(2631), np.int64(11208), np.int64(47637), np.int64(41810), np.int64(16179), np.int64(36295), np.int64(48101), np.int64(30467), np.int64(20053), np.int64(43760), np.int64(47028), np.int64(30219), np.int64(30760), np.int64(16807), np.int64(30775), np.int64(47200), np.int64(17434), np.int64(45148))","(0, 1, 1, 0, 1, 0, 0, 0, 0, 1, 1, 1, 0, 1, 1, 1, 1, 0, 0, 1, 1, 1, 1, 0, 0, 0, 1, 1, 1, 0, 0, 1, 0, 0, 0, 1, 0, 0, 0, 0, 0, 0, 0, 0, 0)"
10.682783,48,327.761771,1,"(np.int64(49045), np.int64(728), np.int64(37097), np.int64(17811), np.int64(5741), np.int64(26797), np.int64(27993), np.int64(23863), np.int64(28015), np.int64(40431), np.int64(6933), np.int64(18851), np.int64(12808), np.int64(34955), np.int64(17488), np.int64(6922), np.int64(18918), np.int64(8165), np.int64(6712), np.int64(27719), np.int64(31788), np.int64(21055), np.int64(47800), np.int64(4844), np.int64(32151), np.int64(45578), np.int64(44145), np.int64(48149), np.int64(33632), np.int64(48376), np.int64(21332), np.int64(19417), np.int64(45118), np.int64(7561), np.int64(29360), np.int64(46416), np.int64(33853), np.int64(48849), np.int64(48064), np.int64(13626), np.int64(29981), np.int64(721), np.int64(35891), np.int64(44406), np.int64(38216), np.int64(637), np.int64(37056), np.int64(24649))","(0, 1, 0, 0, 1, 0, 0, 0, 1, 0, 1, 0, 1, 0, 0, 1, 0, 1, 1, 0, 0, 1, 0, 1, 0, 0, 0, 0, 0, 0, 1, 0, 0, 1, 1, 0, 0, 0, 0, 1, 0, 1, 0, 0, 0, 1, 0, 1)"
13.055871,50,328.314562,1,"(np.int64(30104), np.int64(11197), np.int64(29251), np.int64(31781), np.int64(35155), np.int64(21527), np.int64(19927), np.int64(19217), np.int64(13574), np.int64(29816), np.int64(37153), np.int64(46822), np.int64(23248), np.int64(23853), np.int64(48576), np.int64(17794), np.int64(44082), np.int64(39746), np.int64(17826), np.int64(33), np.int64(26788), np.int64(13920), np.int64(15125), np.int64(46949), np.int64(43359), np.int64(12118), np.int64(4592), np.int64(4640), np.int64(23691), np.int64(3902), np.int64(22747), np.int64(29964), np.int64(14442), np.int64(9139), np.int64(19190), np.int64(37073), np.int64(20582), np.int64(45334), np.int64(2516), np.int64(34753), np.int64(15298), np.int64(18157), np.int64(32698), np.int64(37038), np.int64(2773), np.int64(3343), np.int64(29003), np.int64(32750), np.int64(10550), np.int64(14932))","(0, 1, 1, 0, 0, 0, 0, 1, 1, 0, 0, 0, 0, 0, 0, 1, 0, 0, 0, 1, 0, 1, 1, 0, 0, 1, 1, 1, 0, 1, 0, 0, 1, 1, 1, 0, 0, 0, 1, 0, 1, 0, 0, 0, 0, 1, 1, 0, 1, 1)"
10.75407,41,328.764632,1,"(np.int64(14159), np.int64(31839), np.int64(43729), np.int64(252), np.int64(9378), np.int64(17042), np.int64(34077), np.int64(28330), np.int64(7779), np.int64(39984), np.int64(10675), np.int64(45369), np.int64(29976), np.int64(6902), np.int64(1516), np.int64(4758), np.int64(42697), np.int64(31432), np.int64(37275), np.int64(26690), np.int64(21175), np.int64(39387), np.int64(47559), np.int64(10191), np.int64(41627), np.int64(43545), np.int64(38589), np.int64(22670), np.int64(3404), np.int64(13060), np.int64(19632), np.int64(16404), np.int64(22540), np.int64(39178), np.int64(10350), np.int64(24725), np.int64(15310), np.int64(12607), np.int64(44814), np.int64(37467), np.int64(8678))","(1, 0, 0, 1, 1, 1, 0, 0, 0, 0, 1, 0, 0, 1, 1, 1, 0, 0, 0, 0, 1, 0, 0, 1, 0, 0, 0, 0, 1, 1, 1, 0, 0, 0, 1, 0, 1, 1, 0, 0, 1)"
5.656259,33,329.129253,1,"(np.int64(33088), np.int64(6449), np.int64(10432), np.int64(37489), np.int64(7435), np.int64(7234), np.int64(42310), np.int64(42459), np.int64(46716), np.int64(42303), np.int64(14940), np.int64(17818), np.int64(42902), np.int64(5407), np.int64(43387), np.int64(18567), np.int64(44605), np.int64(28324), np.int64(27389), np.int64(40544), np.int64(37588), np.int64(11611), np.int64(39793), np.int64(41647), np.int64(49504), np.int64(24126), np.int64(35502), np.int64(542), np.int64(46445), np.int64(16861), np.int64(37488), np.int64(4650), np.int64(29858))","(0, 0, 1, 0, 1, 1, 0, 0, 0, 0, 0, 0, 0, 1, 0, 0, 0, 0, 0, 0, 1, 1, 0, 0, 0, 0, 0, 1, 0, 1, 0, 1, 0)"
4.473197,27,329.428022,1,"(np.int64(36153), np.int64(21218), np.int64(29730), np.int64(9429), np.int64(40526), np.int64(29865), np.int64(7621), np.int64(25880), np.int64(17328), np.int64(26864), np.int64(420), np.int64(41953), np.int64(46361), np.int64(23691), np.int64(31546), np.int64(14479), np.int64(20420), np.int64(20420), np.int64(26596), np.int64(11624), np.int64(30968), np.int64(47982), np.int64(48882), np.int64(33179), np.int64(3395), np.int64(46526), np.int64(20753))","(0, 1, 0, 1, 0, 0, 1, 0, 0, 0, 1, 0, 0, 0, 0, 0, 1, 1, 0, 1, 0, 0, 0, 0, 1, 0, 0)"
11.950538,50,329.971388,1,"(np.int64(23983), np.int64(31332), np.int64(11682), np.int64(24559), np.int64(26186), np.int64(12362), np.int64(43423), np.int64(30920), np.int64(26471), np.int64(44178), np.int64(3324), np.int64(12003), np.int64(38887), np.int64(34432), np.int64(8180), np.int64(37013), np.int64(8655), np.int64(42660), np.int64(37467), np.int64(44100), np.int64(43968), np.int64(28717), np.int64(41543), np.int64(31690), np.int64(1197), np.int64(9641), np.int64(9135), np.int64(14762), np.int64(2473), np.int64(17373), np.int64(16094), np.int64(7264), np.int64(13230), np.int64(27119), np.int64(42633), np.int64(182), np.int64(44454), np.int64(23826), np.int64(38388), np.int64(48838), np.int64(49919), np.int64(5811), np.int64(35332), np.int64(36009), np.int64(35620), np.int64(2576), np.int64(4836), np.int64(14775), np.int64(42603), np.int64(38081))","(1, 0, 1, 1, 1, 1, 0, 0, 0, 0, 1, 1, 0, 0, 1, 0, 0, 0, 0, 0, 0, 1, 0, 0, 0, 1, 1, 1, 0, 0, 1, 1, 1, 0, 0, 1, 0, 0, 0, 0, 0, 1, 0, 0, 0, 1, 1, 1, 0, 0)"
5.694199,15,330.141624,1,"(np.int64(2488), np.int64(34412), np.int64(46563), np.int64(25684), np.int64(5205), np.int64(38004), np.int64(20165), np.int64(8572), np.int64(7470), np.int64(28523), np.int64(32111), np.int64(6837), np.int64(14691), np.int64(2738), np.int64(15784))","(0, 0, 0, 1, 1, 0, 1, 1, 1, 0, 0, 1, 1, 1, 1)"
6.125022,21,330.37279,1,"(np.int64(47491), np.int64(32654), np.int64(4068), np.int64(10663), np.int64(49496), np.int64(10391), np.int64(43971), np.int64(8910), np.int64(6671), np.int64(34708), np.int64(30897), np.int64(3502), np.int64(44496), np.int64(38000), np.int64(49705), np.int64(13541), np.int64(40110), np.int64(318), np.int64(15824), np.int64(32722), np.int64(19537))","(0, 0, 1, 1, 0, 1, 0, 1, 1, 0, 0, 1, 0, 0, 0, 1, 0, 1, 1, 0, 1)"
13.557069,50,330.917816,1,"(np.int64(39971), np.int64(12064), np.int64(3594), np.int64(1332), np.int64(31288), np.int64(13465), np.int64(3831), np.int64(29681), np.int64(41133), np.int64(41407), np.int64(22555), np.int64(14457), np.int64(13469), np.int64(16148), np.int64(13571), np.int64(18676), np.int64(30030), np.int64(45511), np.int64(18783), np.int64(37997), np.int64(29247), np.int64(7924), np.int64(14703), np.int64(40294), np.int64(12510), np.int64(31218), np.int64(46501), np.int64(12047), np.int64(7824), np.int64(1794), np.int64(42190), np.int64(412), np.int64(18562), np.int64(6624), np.int64(38731), np.int64(44437), np.int64(14587), np.int64(29102), np.int64(26857), np.int64(27442), np.int64(35503), np.int64(29633), np.int64(8144), np.int64(10601), np.int64(33445), np.int64(39622), np.int64(36086), np.int64(17521), np.int64(28964), np.int64(16856))","(0, 0, 1, 0, 1, 1, 1, 0, 0, 0, 0, 1, 1, 1, 1, 0, 0, 0, 0, 0, 0, 1, 1, 0, 1, 1, 0, 1, 1, 1, 0, 1, 0, 1, 0, 0, 0, 1, 0, 0, 0, 0, 1, 1, 0, 0, 0, 0, 1, 1)"
11.734931,50,331.461612,1,"(np.int64(9078), np.int64(30670), np.int64(7804), np.int64(32558), np.int64(31847), np.int64(1584), np.int64(41991), np.int64(8183), np.int64(42150), np.int64(8068), np.int64(38036), np.int64(26382), np.int64(32937), np.int64(25640), np.int64(32276), np.int64(8205), np.int64(43413), np.int64(27287), np.int64(34676), np.int64(1920), np.int64(32170), np.int64(24468), np.int64(28338), np.int64(17310), np.int64(44888), np.int64(8319), np.int64(14720), np.int64(1398), np.int64(17100), np.int64(42627), np.int64(39153), np.int64(47384), np.int64(43966), np.int64(26209), np.int64(15338), np.int64(5894), np.int64(16243), np.int64(27064), np.int64(13687), np.int64(45735), np.int64(34018), np.int64(14498), np.int64(3121), np.int64(24215), np.int64(26263), np.int64(13930), np.int64(17247), np.int64(25620), np.int64(41817), np.int64(33279))","(1, 0, 1, 0, 0, 0, 0, 1, 0, 1, 0, 0, 0, 0, 0, 1, 0, 1, 0, 1, 0, 0, 0, 0, 0, 1, 1, 1, 1, 0, 0, 0, 0, 1, 1, 1, 1, 0, 0, 0, 0, 0, 1, 0, 1, 1, 0, 1, 0, 0)"
13.249414,50,332.003937,1,"(np.int64(43884), np.int64(46213), np.int64(26282), np.int64(36594), np.int64(41630), np.int64(9284), np.int64(34410), np.int64(45135), np.int64(29894), np.int64(23783), np.int64(38590), np.int64(6321), np.int64(13297), np.int64(27717), np.int64(11584), np.int64(41999), np.int64(13671), np.int64(16892), np.int64(10560), np.int64(24965), np.int64(9608), np.int64(49973), np.int64(5531), np.int64(7239), np.int64(42464), np.int64(21106), np.int64(12426), np.int64(24724), np.int64(39197), np.int64(36442), np.int64(1985), np.int64(41975), np.int64(33568), np.int64(790), np.int64(169), np.int64(47470), np.int64(41467), np.int64(3098), np.int64(760), np.int64(18315), np.int64(40787), np.int64(21640), np.int64(31361), np.int64(7692), np.int64(26583), np.int64(40952), np.int64(4161), np.int64(16319), np.int64(10314), np.int64(32275))","(0, 0, 0, 0, 0, 1, 0, 0, 0, 1, 0, 1, 1, 0, 1, 0, 1, 1, 0, 1, 1, 0, 1, 1, 0, 1, 0, 0, 0, 1, 1, 0, 0, 1, 1, 0, 0, 0, 1, 0, 0, 0, 1, 1, 0, 0, 1, 0, 1, 0)"
3.057071,12,332.147805,1,"(np.int64(24487), np.int64(4937), np.int64(30660), np.int64(14893), np.int64(25408), np.int64(36468), np.int64(6300), np.int64(27014), np.int64(22070), np.int64(46456), np.int64(31753), np.int64(29937))","(1, 1, 0, 0, 1, 0, 1, 0, 1, 0, 0, 0)"
10.898186,40,332.590522,1,"(np.int64(22374), np.int64(9004), np.int64(10130), np.int64(33126), np.int64(21016), np.int64(15621), np.int64(12769), np.int64(5726), np.int64(47965), np.int64(3856), np.int64(44732), np.int64(22919), np.int64(43795), np.int64(32373), np.int64(9933), np.int64(13715), np.int64(31536), np.int64(43933), np.int64(34711), np.int64(30052), np.int64(35116), np.int64(2103), np.int64(42793), np.int64(29381), np.int64(39112), np.int64(37672), np.int64(40412), np.int64(39288), np.int64(2096), np.int64(7757), np.int64(45530), np.int64(11913), np.int64(40908), np.int64(30632), np.int64(1977), np.int64(39732), np.int64(24580), np.int64(15390), np.int64(6767), np.int64(47204))","(0, 1, 1, 0, 1, 1, 1, 1, 0, 1, 0, 0, 0, 0, 1, 0, 0, 0, 0, 0, 0, 1, 0, 1, 0, 1, 0, 0, 1, 1, 0, 0, 0, 0, 1, 0, 1, 1, 1, 0)"
14.064035,48,333.118079,1,"(np.int64(14308), np.int64(15323), np.int64(21252), np.int64(24008), np.int64(22856), np.int64(9789), np.int64(4353), np.int64(38262), np.int64(14717), np.int64(12866), np.int64(20207), np.int64(4960), np.int64(731), np.int64(20448), np.int64(32327), np.int64(32198), np.int64(18794), np.int64(21516), np.int64(36189), np.int64(10711), np.int64(19200), np.int64(20992), np.int64(48915), np.int64(16079), np.int64(41090), np.int64(34037), np.int64(31916), np.int64(35580), np.int64(16177), np.int64(17017), np.int64(17344), np.int64(25093), np.int64(3272), np.int64(16404), np.int64(14023), np.int64(14047), np.int64(47245), np.int64(16191), np.int64(19417), np.int64(38939), np.int64(31159), np.int64(41460), np.int64(8982), np.int64(11741), np.int64(7529), np.int64(38123), np.int64(12507), np.int64(37932))","(1, 1, 1, 0, 0, 1, 1, 0, 1, 0, 1, 1, 1, 0, 0, 0, 0, 0, 0, 1, 1, 1, 0, 0, 0, 0, 0, 0, 1, 1, 1, 1, 1, 0, 1, 0, 0, 1, 0, 0, 0, 0, 1, 1, 1, 0, 1, 0)"
10.752307,50,333.670762,1,"(np.int64(7461), np.int64(43208), np.int64(27243), np.int64(26826), np.int64(18573), np.int64(44638), np.int64(6774), np.int64(30086), np.int64(42156), np.int64(25999), np.int64(29634), np.int64(29263), np.int64(47620), np.int64(15937), np.int64(10088), np.int64(29175), np.int64(5453), np.int64(40388), np.int64(5095), np.int64(352), np.int64(41271), np.int64(32082), np.int64(38792), np.int64(28454), np.int64(38330), np.int64(40572), np.int64(29179), np.int64(47240), np.int64(38125), np.int64(28464), np.int64(1020), np.int64(41574), np.int64(11088), np.int64(38224), np.int64(47732), np.int64(8506), np.int64(41044), np.int64(25900), np.int64(9777), np.int64(48485), np.int64(14577), np.int64(48430), np.int64(40755), np.int64(33244), np.int64(33771), np.int64(36289), np.int64(4377), np.int64(34320), np.int64(15808), np.int64(13797))","(1, 0, 1, 0, 0, 0, 1, 0, 0, 1, 1, 1, 0, 1, 1, 0, 1, 0, 1, 1, 0, 0, 0, 0, 0, 0, 1, 0, 0, 0, 0, 0, 1, 0, 0, 1, 0, 0, 1, 0, 0, 0, 0, 0, 0, 0, 1, 0, 1, 0)"
3.535614,14,333.830998,1,"(np.int64(17455), np.int64(22213), np.int64(48242), np.int64(615), np.int64(37546), np.int64(1767), np.int64(24568), np.int64(27147), np.int64(29698), np.int64(48468), np.int64(47380), np.int64(41100), np.int64(40127), np.int64(1842))","(0, 0, 1, 1, 0, 1, 1, 1, 0, 0, 0, 0, 0, 1)"
16.709833,50,334.377272,1,"(np.int64(12258), np.int64(32727), np.int64(6119), np.int64(46085), np.int64(7455), np.int64(4292), np.int64(48321), np.int64(6899), np.int64(14977), np.int64(20842), np.int64(32291), np.int64(19025), np.int64(4206), np.int64(28757), np.int64(7061), np.int64(4578), np.int64(41419), np.int64(43095), np.int64(7770), np.int64(14037), np.int64(48850), np.int64(37436), np.int64(18172), np.int64(394), np.int64(1840), np.int64(28825), np.int64(26771), np.int64(43527), np.int64(45363), np.int64(18291), np.int64(38454), np.int64(4600), np.int64(11641), np.int64(14010), np.int64(19073), np.int64(18485), np.int64(40007), np.int64(30247), np.int64(6958), np.int64(10208), np.int64(46420), np.int64(21476), np.int64(1845), np.int64(21447), np.int64(11762), np.int64(2353), np.int64(43437), np.int64(20405), np.int64(1196), np.int64(47665))","(1, 0, 1, 0, 1, 1, 0, 1, 1, 1, 0, 0, 1, 1, 1, 1, 0, 0, 1, 1, 0, 0, 0, 1, 1, 1, 0, 0, 0, 0, 0, 1, 1, 1, 1, 0, 0, 0, 1, 1, 0, 1, 1, 0, 1, 0, 0, 0, 1, 0)"
12.917767,40,334.817543,1,"(np.int64(7304), np.int64(15231), np.int64(7616), np.int64(2696), np.int64(26817), np.int64(301), np.int64(17891), np.int64(2616), np.int64(40205), np.int64(11875), np.int64(12959), np.int64(18951), np.int64(18898), np.int64(7237), np.int64(39684), np.int64(2675), np.int64(26358), np.int64(13451), np.int64(22409), np.int64(44083), np.int64(12728), np.int64(36076), np.int64(26452), np.int64(21975), np.int64(36335), np.int64(13804), np.int64(35973), np.int64(44075), np.int64(16265), np.int64(7552), np.int64(4223), np.int64(13500), np.int64(24028), np.int64(26782), np.int64(48187), np.int64(28984), np.int64(6403), np.int64(30995), np.int64(4606), np.int64(3027))","(1, 1, 1, 1, 0, 1, 0, 1, 0, 1, 1, 0, 1, 1, 0, 0, 0, 1, 0, 0, 1, 0, 0, 1, 0, 0, 0, 0, 1, 1, 0, 1, 1, 0, 0, 1, 1, 0, 1, 1)"
15.160097,50,335.363102,1,"(np.int64(38693), np.int64(987), np.int64(41977), np.int64(2319), np.int64(25572), np.int64(29273), np.int64(21726), np.int64(4152), np.int64(34106), np.int64(40224), np.int64(13007), np.int64(42151), np.int64(47281), np.int64(7555), np.int64(19076), np.int64(5733), np.int64(12975), np.int64(22341), np.int64(40717), np.int64(815), np.int64(1366), np.int64(25553), np.int64(17869), np.int64(2783), np.int64(28203), np.int64(36669), np.int64(45407), np.int64(42559), np.int64(31011), np.int64(10631), np.int64(32582), np.int64(22999), np.int64(16166), np.int64(8054), np.int64(15035), np.int64(16445), np.int64(11561), np.int64(9499), np.int64(38858), np.int64(8012), np.int64(11594), np.int64(3291), np.int64(12080), np.int64(26193), np.int64(45525), np.int64(42373), np.int64(19627), np.int64(29800), np.int64(27178), np.int64(17968))","(0, 1, 0, 0, 0, 1, 1, 1, 0, 0, 1, 0, 0, 1, 1, 0, 1, 0, 0, 1, 1, 1, 0, 1, 0, 0, 0, 0, 0, 1, 0, 0, 1, 1, 0, 1, 1, 1, 0, 1, 1, 1, 1, 1, 0, 0, 1, 0, 1, 0)"
8.241705,34,335.738116,1,"(np.int64(29835), np.int64(46638), np.int64(20168), np.int64(85), np.int64(23469), np.int64(11850), np.int64(42916), np.int64(45023), np.int64(43760), np.int64(38989), np.int64(48783), np.int64(27426), np.int64(5287), np.int64(21714), np.int64(20975), np.int64(12060), np.int64(8769), np.int64(29816), np.int64(27651), np.int64(5340), np.int64(29090), np.int64(49316), np.int64(13754), np.int64(29443), np.int64(36003), np.int64(43851), np.int64(22379), np.int64(8186), np.int64(1638), np.int64(46564), np.int64(15372), np.int64(40218), np.int64(26000), np.int64(45013))","(0, 0, 1, 1, 1, 1, 0, 0, 0, 0, 0, 0, 1, 1, 1, 0, 1, 0, 0, 1, 1, 0, 0, 0, 0, 0, 0, 1, 1, 0, 1, 0, 0, 0)"
7.347418,29,336.058626,1,"(np.int64(36873), np.int64(49607), np.int64(43289), np.int64(3228), np.int64(18160), np.int64(49262), np.int64(30396), np.int64(10217), np.int64(15062), np.int64(32063), np.int64(49454), np.int64(15447), np.int64(7729), np.int64(38504), np.int64(7335), np.int64(40035), np.int64(33961), np.int64(18985), np.int64(27301), np.int64(9558), np.int64(20787), np.int64(3433), np.int64(39005), np.int64(32240), np.int64(11916), np.int64(3098), np.int64(34772), np.int64(49305), np.int64(39176))","(0, 0, 0, 1, 0, 0, 0, 1, 1, 0, 0, 1, 1, 0, 1, 0, 0, 1, 1, 1, 1, 1, 0, 0, 1, 0, 0, 0, 0)"
3.701331,22,336.296269,1,"(np.int64(38663), np.int64(49026), np.int64(29357), np.int64(20479), np.int64(49425), np.int64(32100), np.int64(43294), np.int64(29165), np.int64(45670), np.int64(26746), np.int64(27871), np.int64(37852), np.int64(33009), np.int64(16231), np.int64(29808), np.int64(18008), np.int64(17876), np.int64(39580), np.int64(20956), np.int64(43583), np.int64(33071), np.int64(8982))","(0, 0, 1, 0, 0, 0, 0, 1, 0, 0, 1, 0, 0, 1, 0, 0, 0, 0, 1, 0, 0, 1)"
7.161896,20,336.521843,1,"(np.int64(31342), np.int64(3465), np.int64(42355), np.int64(22324), np.int64(18805), np.int64(42342), np.int64(12524), np.int64(8164), np.int64(45279), np.int64(11698), np.int64(1498), np.int64(1651), np.int64(37070), np.int64(41531), np.int64(19828), np.int64(19979), np.int64(4590), np.int64(16165), np.int64(15093), np.int64(32411))","(1, 1, 0, 0, 0, 0, 1, 1, 0, 1, 1, 1, 0, 0, 1, 1, 1, 1, 1, 0)"
4.003335,22,336.770141,1,"(np.int64(31738), np.int64(36365), np.int64(4819), np.int64(3873), np.int64(45273), np.int64(35928), np.int64(32534), np.int64(37972), np.int64(38902), np.int64(30794), np.int64(10157), np.int64(2558), np.int64(2713), np.int64(12204), np.int64(44069), np.int64(8111), np.int64(30244), np.int64(25704), np.int64(12576), np.int64(338), np.int64(17557), np.int64(2574))","(0, 0, 1, 1, 0, 0, 0, 0, 0, 0, 0, 1, 0, 0, 0, 0, 0, 0, 1, 1, 0, 1)"
