#{"t_start": 1745270263.326047, "env_id": "None"}
r,l,t,user_id,item_interact,item_clicks
3.684928,64,0.986324,0,"(np.int64(33506), np.int64(6863), np.int64(14886), np.int64(39705), np.int64(24093), np.int64(36542), np.int64(18697), np.int64(48625), np.int64(32986), np.int64(13903), np.int64(20821), np.int64(40775), np.int64(28919), np.int64(18844), np.int64(15047), np.int64(40676), np.int64(16594), np.int64(5349), np.int64(48718), np.int64(1535), np.int64(26334), np.int64(6791), np.int64(362), np.int64(18955), np.int64(49839), np.int64(9713), np.int64(7707), np.int64(16268), np.int64(35747), np.int64(46574), np.int64(42141), np.int64(46271), np.int64(48827), np.int64(44285), np.int64(24384), np.int64(10900), np.int64(30412), np.int64(43578), np.int64(37518), np.int64(12059), np.int64(15423), np.int64(45528), np.int64(8236), np.int64(3668), np.int64(17258), np.int64(47743), np.int64(690), np.int64(1427), np.int64(36335), np.int64(31228), np.int64(15299), np.int64(8028), np.int64(23251), np.int64(31686), np.int64(30945), np.int64(24850), np.int64(3478), np.int64(30723), np.int64(17252), np.int64(20034), np.int64(37156), np.int64(35989), np.int64(25716), np.int64(4297))","(0, 0, 0, 0, 0, 0, 0, 0, 0, 0, 0, 0, 0, 0, 0, 0, 0, 0, 0, 0, 1, 0, 1, 0, 0, 0, 0, 0, 0, 0, 0, 0, 0, 0, 0, 0, 0, 0, 0, 0, 0, 0, 0, 0, 0, 0, 1, 0, 0, 0, 0, 1, 0, 0, 0, 0, 0, 0, 0, 0, 0, 0, 0, 1)"
3.628669,50,1.639059,0,"(np.int64(24589), np.int64(42459), np.int64(24844), np.int64(47082), np.int64(26817), np.int64(9199), np.int64(43578), np.int64(48937), np.int64(41192), np.int64(49308), np.int64(34048), np.int64(30048), np.int64(8733), np.int64(42997), np.int64(2895), np.int64(47219), np.int64(27118), np.int64(35583), np.int64(329), np.int64(44066), np.int64(7564), np.int64(41295), np.int64(11456), np.int64(10236), np.int64(6664), np.int64(29362), np.int64(2278), np.int64(3979), np.int64(24565), np.int64(15532), np.int64(29701), np.int64(33214), np.int64(6433), np.int64(42073), np.int64(6122), np.int64(22752), np.int64(22), np.int64(2016), np.int64(10597), np.int64(5747), np.int64(15328), np.int64(7372), np.int64(30850), np.int64(17931), np.int64(20822), np.int64(23715), np.int64(32555), np.int64(34829), np.int64(40726), np.int64(33789))","(0, 1, 0, 0, 0, 1, 0, 0, 0, 0, 0, 0, 1, 0, 0, 0, 0, 0, 0, 0, 1, 0, 0, 0, 0, 0, 0, 0, 0, 0, 0, 0, 0, 0, 0, 0, 0, 0, 0, 0, 0, 0, 0, 0, 0, 0, 0, 0, 0, 1)"
3.914764,50,2.289361,0,"(np.int64(732), np.int64(32339), np.int64(34499), np.int64(44864), np.int64(30339), np.int64(43772), np.int64(44575), np.int64(26507), np.int64(3109), np.int64(13655), np.int64(48925), np.int64(3701), np.int64(30678), np.int64(30655), np.int64(27719), np.int64(25530), np.int64(28957), np.int64(28413), np.int64(10353), np.int64(37765), np.int64(14305), np.int64(18195), np.int64(33988), np.int64(43221), np.int64(33090), np.int64(17922), np.int64(7442), np.int64(8129), np.int64(9768), np.int64(16421), np.int64(20572), np.int64(31699), np.int64(23355), np.int64(35159), np.int64(24503), np.int64(29471), np.int64(39365), np.int64(15003), np.int64(34989), np.int64(35903), np.int64(16242), np.int64(43898), np.int64(6751), np.int64(11617), np.int64(7675), np.int64(19775), np.int64(10575), np.int64(37450), np.int64(27801), np.int64(45924))","(0, 0, 0, 0, 0, 0, 0, 0, 0, 0, 0, 0, 0, 0, 0, 0, 1, 0, 1, 0, 1, 1, 0, 0, 0, 0, 0, 0, 0, 0, 0, 0, 0, 0, 0, 1, 0, 0, 0, 0, 0, 0, 0, 0, 0, 0, 0, 0, 0, 0)"
3.641431,35,2.73907,0,"(np.int64(3100), np.int64(43604), np.int64(43159), np.int64(12703), np.int64(32434), np.int64(49368), np.int64(36476), np.int64(5795), np.int64(4163), np.int64(16521), np.int64(5713), np.int64(7721), np.int64(15391), np.int64(28295), np.int64(21874), np.int64(19714), np.int64(36559), np.int64(45792), np.int64(39252), np.int64(19408), np.int64(5993), np.int64(23162), np.int64(2890), np.int64(13698), np.int64(13654), np.int64(2707), np.int64(34310), np.int64(11554), np.int64(7980), np.int64(40403), np.int64(15088), np.int64(1036), np.int64(28213), np.int64(8554), np.int64(30016))","(1, 0, 0, 0, 0, 0, 0, 0, 0, 0, 0, 0, 0, 0, 0, 0, 0, 1, 1, 0, 0, 0, 0, 0, 0, 0, 0, 1, 0, 0, 1, 0, 0, 0, 0)"
3.764489,64,3.58273,0,"(np.int64(18706), np.int64(21983), np.int64(48203), np.int64(20986), np.int64(18085), np.int64(32314), np.int64(36360), np.int64(33245), np.int64(27218), np.int64(44175), np.int64(37747), np.int64(42514), np.int64(49856), np.int64(9960), np.int64(40039), np.int64(38282), np.int64(28740), np.int64(33558), np.int64(35879), np.int64(22596), np.int64(6316), np.int64(47170), np.int64(47690), np.int64(15691), np.int64(8190), np.int64(14476), np.int64(17087), np.int64(7865), np.int64(37523), np.int64(35893), np.int64(24426), np.int64(32858), np.int64(43736), np.int64(26613), np.int64(4701), np.int64(2040), np.int64(35177), np.int64(20122), np.int64(43882), np.int64(30228), np.int64(7844), np.int64(41086), np.int64(46369), np.int64(24538), np.int64(16245), np.int64(34249), np.int64(19167), np.int64(45030), np.int64(42967), np.int64(15185), np.int64(20157), np.int64(16423), np.int64(49414), np.int64(24973), np.int64(19382), np.int64(5873), np.int64(32775), np.int64(11598), np.int64(13988), np.int64(38264), np.int64(5188), np.int64(37706), np.int64(45305), np.int64(15311))","(0, 0, 0, 0, 0, 0, 0, 0, 0, 0, 0, 0, 0, 0, 1, 0, 0, 0, 0, 0, 0, 0, 0, 1, 0, 1, 0, 0, 0, 0, 0, 0, 0, 0, 0, 0, 0, 0, 0, 0, 0, 0, 0, 0, 0, 0, 0, 0, 0, 0, 0, 0, 0, 0, 0, 0, 1, 0, 0, 0, 0, 0, 0, 1)"
3.875864,50,4.275391,0,"(np.int64(2749), np.int64(48932), np.int64(16184), np.int64(24317), np.int64(27807), np.int64(47720), np.int64(33059), np.int64(37825), np.int64(18671), np.int64(20228), np.int64(35685), np.int64(21873), np.int64(47127), np.int64(2805), np.int64(2992), np.int64(49975), np.int64(30757), np.int64(28917), np.int64(8099), np.int64(34451), np.int64(16618), np.int64(43831), np.int64(23446), np.int64(39544), np.int64(29452), np.int64(45156), np.int64(10697), np.int64(17910), np.int64(15180), np.int64(2871), np.int64(34261), np.int64(46227), np.int64(32770), np.int64(32935), np.int64(34256), np.int64(16922), np.int64(27857), np.int64(48152), np.int64(41758), np.int64(46501), np.int64(3478), np.int64(31322), np.int64(21780), np.int64(30969), np.int64(9084), np.int64(35572), np.int64(8480), np.int64(17655), np.int64(2676), np.int64(33999))","(0, 0, 0, 0, 0, 0, 0, 0, 0, 0, 0, 0, 0, 0, 1, 0, 0, 0, 0, 0, 1, 0, 1, 0, 0, 0, 0, 1, 0, 1, 0, 0, 0, 0, 0, 0, 0, 0, 0, 0, 0, 0, 0, 0, 0, 0, 0, 0, 0, 0)"
6.056148,50,4.90988,0,"(np.int64(35712), np.int64(22194), np.int64(16272), np.int64(3458), np.int64(14291), np.int64(24039), np.int64(46172), np.int64(31279), np.int64(3505), np.int64(44347), np.int64(33720), np.int64(13), np.int64(32680), np.int64(5575), np.int64(14561), np.int64(3598), np.int64(11179), np.int64(41732), np.int64(7307), np.int64(16931), np.int64(40120), np.int64(10852), np.int64(45366), np.int64(24856), np.int64(30714), np.int64(20383), np.int64(25466), np.int64(1619), np.int64(37192), np.int64(6615), np.int64(24035), np.int64(20448), np.int64(34306), np.int64(47786), np.int64(14145), np.int64(6125), np.int64(38765), np.int64(11646), np.int64(34933), np.int64(31709), np.int64(27903), np.int64(33881), np.int64(29674), np.int64(7514), np.int64(4423), np.int64(41614), np.int64(28364), np.int64(5674), np.int64(31261), np.int64(244))","(0, 0, 0, 0, 1, 0, 0, 0, 0, 0, 0, 0, 0, 0, 0, 1, 0, 0, 0, 0, 0, 1, 0, 0, 0, 0, 0, 0, 0, 0, 1, 0, 0, 0, 0, 1, 0, 1, 0, 0, 0, 0, 0, 0, 1, 1, 0, 0, 0, 0)"
3.899558,64,5.722275,0,"(np.int64(37458), np.int64(11357), np.int64(43548), np.int64(4004), np.int64(46661), np.int64(11499), np.int64(3678), np.int64(48122), np.int64(7154), np.int64(14974), np.int64(23658), np.int64(18943), np.int64(41163), np.int64(17132), np.int64(3720), np.int64(12518), np.int64(3394), np.int64(36246), np.int64(9813), np.int64(10839), np.int64(32378), np.int64(42203), np.int64(20066), np.int64(36526), np.int64(13598), np.int64(5771), np.int64(15360), np.int64(32679), np.int64(29431), np.int64(5081), np.int64(34722), np.int64(2788), np.int64(15335), np.int64(26334), np.int64(48699), np.int64(47599), np.int64(1179), np.int64(44510), np.int64(40888), np.int64(18403), np.int64(15400), np.int64(28200), np.int64(42068), np.int64(1398), np.int64(46476), np.int64(29760), np.int64(19859), np.int64(6421), np.int64(41994), np.int64(42562), np.int64(2015), np.int64(16322), np.int64(41249), np.int64(40710), np.int64(49621), np.int64(1449), np.int64(7835), np.int64(47705), np.int64(41313), np.int64(12553), np.int64(10685), np.int64(47921), np.int64(34887), np.int64(12616))","(0, 0, 0, 1, 0, 0, 0, 0, 0, 0, 0, 0, 0, 0, 0, 0, 0, 0, 0, 0, 0, 0, 1, 0, 0, 0, 0, 0, 0, 0, 0, 0, 0, 1, 0, 0, 0, 0, 0, 0, 1, 0, 0, 0, 0, 0, 0, 0, 0, 0, 0, 0, 0, 0, 0, 0, 0, 0, 0, 0, 0, 0, 0, 1)"
3.94775,60,6.537241,0,"(np.int64(8819), np.int64(47148), np.int64(20973), np.int64(15844), np.int64(6760), np.int64(16524), np.int64(32059), np.int64(22029), np.int64(30327), np.int64(3991), np.int64(35208), np.int64(18321), np.int64(29681), np.int64(8614), np.int64(45445), np.int64(28449), np.int64(18526), np.int64(46850), np.int64(48603), np.int64(1836), np.int64(21707), np.int64(42450), np.int64(1013), np.int64(2193), np.int64(14782), np.int64(1903), np.int64(15188), np.int64(4580), np.int64(13731), np.int64(9839), np.int64(45013), np.int64(26311), np.int64(28664), np.int64(34169), np.int64(28594), np.int64(8417), np.int64(33399), np.int64(38202), np.int64(117), np.int64(11967), np.int64(45230), np.int64(13375), np.int64(10106), np.int64(49992), np.int64(27111), np.int64(46030), np.int64(28859), np.int64(3444), np.int64(29803), np.int64(31641), np.int64(25589), np.int64(16501), np.int64(43767), np.int64(31320), np.int64(38022), np.int64(44780), np.int64(44754), np.int64(44273), np.int64(44932), np.int64(2368))","(0, 0, 0, 0, 0, 0, 0, 0, 0, 1, 0, 1, 0, 0, 0, 0, 1, 0, 0, 0, 0, 0, 0, 0, 0, 0, 0, 0, 0, 0, 0, 0, 0, 0, 0, 0, 0, 0, 0, 0, 0, 0, 0, 0, 0, 0, 0, 0, 0, 0, 1, 0, 0, 0, 0, 0, 0, 0, 0, 1)"
3.812462,72,7.475765,0,"(np.int64(32596), np.int64(42495), np.int64(17166), np.int64(5325), np.int64(27509), np.int64(44053), np.int64(19991), np.int64(27956), np.int64(32102), np.int64(49549), np.int64(4316), np.int64(23549), np.int64(10379), np.int64(34845), np.int64(9613), np.int64(38203), np.int64(24625), np.int64(33319), np.int64(42826), np.int64(44468), np.int64(47293), np.int64(10648), np.int64(20647), np.int64(19474), np.int64(43464), np.int64(2556), np.int64(25303), np.int64(28658), np.int64(5753), np.int64(17345), np.int64(39640), np.int64(48568), np.int64(3706), np.int64(32148), np.int64(20208), np.int64(39543), np.int64(35094), np.int64(5368), np.int64(34597), np.int64(1173), np.int64(27683), np.int64(14988), np.int64(36351), np.int64(16388), np.int64(1995), np.int64(26151), np.int64(34128), np.int64(45478), np.int64(43217), np.int64(45473), np.int64(15559), np.int64(33162), np.int64(1021), np.int64(36416), np.int64(29420), np.int64(38910), np.int64(3590), np.int64(15120), np.int64(35048), np.int64(24032), np.int64(20330), np.int64(35306), np.int64(35233), np.int64(13166), np.int64(33079), np.int64(7376), np.int64(11952), np.int64(42296), np.int64(17491), np.int64(49780), np.int64(42800), np.int64(6219))","(0, 0, 0, 0, 0, 0, 0, 0, 0, 0, 0, 0, 0, 0, 0, 0, 0, 0, 0, 0, 0, 0, 0, 0, 0, 0, 1, 1, 0, 0, 0, 0, 0, 0, 0, 0, 0, 0, 0, 0, 0, 1, 0, 0, 0, 0, 0, 0, 0, 0, 0, 0, 0, 1, 0, 0, 0, 0, 0, 0, 0, 0, 0, 0, 0, 0, 0, 0, 0, 0, 0, 1)"
3.942576,67,8.362169,0,"(np.int64(48211), np.int64(41919), np.int64(36335), np.int64(36117), np.int64(18592), np.int64(2341), np.int64(13273), np.int64(12447), np.int64(341), np.int64(31182), np.int64(42421), np.int64(32414), np.int64(12125), np.int64(24635), np.int64(12710), np.int64(8822), np.int64(28265), np.int64(24654), np.int64(36426), np.int64(28607), np.int64(16828), np.int64(18644), np.int64(6459), np.int64(45166), np.int64(41738), np.int64(3356), np.int64(4958), np.int64(29640), np.int64(49390), np.int64(44972), np.int64(40575), np.int64(14682), np.int64(4104), np.int64(24826), np.int64(7881), np.int64(18600), np.int64(42330), np.int64(37503), np.int64(5763), np.int64(28139), np.int64(26749), np.int64(41046), np.int64(37195), np.int64(38929), np.int64(26566), np.int64(41141), np.int64(40490), np.int64(956), np.int64(21567), np.int64(43658), np.int64(12420), np.int64(34618), np.int64(20998), np.int64(9873), np.int64(10773), np.int64(6510), np.int64(39735), np.int64(26325), np.int64(123), np.int64(2428), np.int64(19940), np.int64(29125), np.int64(6491), np.int64(30159), np.int64(12991), np.int64(42873), np.int64(4410))","(0, 0, 0, 0, 0, 0, 0, 0, 0, 0, 0, 0, 1, 0, 0, 1, 0, 1, 0, 0, 0, 0, 0, 0, 0, 0, 0, 0, 0, 0, 0, 0, 0, 0, 0, 0, 0, 0, 0, 0, 0, 0, 0, 0, 0, 0, 0, 0, 0, 0, 0, 0, 0, 0, 0, 0, 0, 0, 0, 0, 0, 0, 0, 0, 1, 0, 1)"
3.970937,70,9.315413,0,"(np.int64(23668), np.int64(26557), np.int64(4638), np.int64(33664), np.int64(26618), np.int64(47684), np.int64(40832), np.int64(33987), np.int64(36743), np.int64(48155), np.int64(11055), np.int64(17459), np.int64(42002), np.int64(49531), np.int64(19123), np.int64(19257), np.int64(27365), np.int64(27495), np.int64(37523), np.int64(14589), np.int64(36081), np.int64(7212), np.int64(16523), np.int64(7264), np.int64(37864), np.int64(24351), np.int64(48305), np.int64(20133), np.int64(47774), np.int64(14579), np.int64(11799), np.int64(27333), np.int64(18924), np.int64(24559), np.int64(31678), np.int64(8251), np.int64(3174), np.int64(41223), np.int64(41629), np.int64(24276), np.int64(25236), np.int64(21621), np.int64(4838), np.int64(44338), np.int64(49632), np.int64(41042), np.int64(35723), np.int64(30638), np.int64(19831), np.int64(30708), np.int64(43300), np.int64(26442), np.int64(1941), np.int64(33791), np.int64(39761), np.int64(5702), np.int64(6723), np.int64(31163), np.int64(31909), np.int64(5505), np.int64(47255), np.int64(13470), np.int64(19230), np.int64(35729), np.int64(22664), np.int64(1066), np.int64(4068), np.int64(37497), np.int64(12724), np.int64(24993))","(0, 0, 1, 0, 0, 0, 0, 0, 0, 0, 0, 0, 0, 0, 0, 0, 0, 0, 0, 0, 0, 0, 0, 0, 0, 0, 0, 1, 0, 0, 0, 0, 0, 0, 0, 0, 1, 0, 1, 0, 0, 0, 0, 0, 0, 0, 0, 0, 0, 0, 0, 0, 0, 0, 0, 0, 0, 0, 0, 0, 0, 0, 0, 0, 0, 0, 0, 0, 0, 1)"
3.508491,54,10.015685,0,"(np.int64(38850), np.int64(38822), np.int64(32056), np.int64(11392), np.int64(46208), np.int64(43240), np.int64(45189), np.int64(10332), np.int64(13172), np.int64(7355), np.int64(2411), np.int64(35093), np.int64(44843), np.int64(27627), np.int64(29897), np.int64(49395), np.int64(7682), np.int64(7057), np.int64(47101), np.int64(929), np.int64(44370), np.int64(37652), np.int64(19086), np.int64(37016), np.int64(29581), np.int64(12953), np.int64(5855), np.int64(43797), np.int64(7397), np.int64(36837), np.int64(32447), np.int64(29055), np.int64(35325), np.int64(29683), np.int64(29548), np.int64(23288), np.int64(11885), np.int64(2266), np.int64(23965), np.int64(32956), np.int64(41594), np.int64(37481), np.int64(9527), np.int64(35259), np.int64(23160), np.int64(42143), np.int64(31198), np.int64(4422), np.int64(10409), np.int64(43108), np.int64(34928), np.int64(44239), np.int64(15692), np.int64(22076))","(1, 0, 0, 1, 0, 0, 0, 0, 0, 0, 0, 0, 0, 0, 0, 0, 0, 0, 0, 0, 0, 0, 0, 0, 0, 0, 0, 0, 0, 0, 0, 0, 0, 0, 0, 0, 0, 0, 0, 0, 1, 0, 0, 0, 0, 0, 0, 0, 1, 0, 0, 0, 0, 1)"
3.672071,50,10.686321,0,"(np.int64(26011), np.int64(43826), np.int64(25735), np.int64(42530), np.int64(39126), np.int64(31636), np.int64(32201), np.int64(40727), np.int64(1360), np.int64(10436), np.int64(19493), np.int64(28558), np.int64(20354), np.int64(7061), np.int64(37488), np.int64(14384), np.int64(12995), np.int64(7921), np.int64(16734), np.int64(4475), np.int64(35855), np.int64(34665), np.int64(32446), np.int64(10742), np.int64(46803), np.int64(37681), np.int64(35784), np.int64(16243), np.int64(29572), np.int64(12985), np.int64(37982), np.int64(4796), np.int64(25804), np.int64(17719), np.int64(19370), np.int64(29215), np.int64(19439), np.int64(11695), np.int64(41351), np.int64(35577), np.int64(39332), np.int64(27509), np.int64(28702), np.int64(41305), np.int64(12868), np.int64(28819), np.int64(46899), np.int64(10405), np.int64(21694), np.int64(5045))","(0, 0, 0, 0, 0, 0, 0, 0, 0, 0, 1, 0, 0, 1, 0, 0, 0, 0, 0, 0, 0, 0, 1, 0, 0, 0, 0, 0, 1, 1, 0, 0, 0, 0, 0, 0, 0, 0, 0, 0, 0, 0, 0, 0, 0, 0, 0, 0, 0, 0)"
3.685532,101,12.022113,0,"(np.int64(2880), np.int64(40561), np.int64(14834), np.int64(27535), np.int64(2724), np.int64(36051), np.int64(20438), np.int64(20800), np.int64(5349), np.int64(16999), np.int64(18488), np.int64(35064), np.int64(37990), np.int64(40462), np.int64(49587), np.int64(45631), np.int64(45662), np.int64(44909), np.int64(1071), np.int64(1316), np.int64(6099), np.int64(33835), np.int64(36058), np.int64(47816), np.int64(28355), np.int64(37311), np.int64(9569), np.int64(48852), np.int64(38894), np.int64(19094), np.int64(39762), np.int64(5850), np.int64(4185), np.int64(7692), np.int64(48023), np.int64(12457), np.int64(39304), np.int64(6683), np.int64(11998), np.int64(41858), np.int64(47515), np.int64(24335), np.int64(2363), np.int64(3046), np.int64(47829), np.int64(2652), np.int64(24762), np.int64(15329), np.int64(29164), np.int64(31432), np.int64(8216), np.int64(4665), np.int64(40414), np.int64(31334), np.int64(1748), np.int64(39698), np.int64(48573), np.int64(26598), np.int64(8252), np.int64(25011), np.int64(39560), np.int64(16764), np.int64(24558), np.int64(18952), np.int64(36352), np.int64(29492), np.int64(10097), np.int64(50000), np.int64(8427), np.int64(47679), np.int64(19513), np.int64(1464), np.int64(38744), np.int64(45086), np.int64(47421), np.int64(22682), np.int64(7922), np.int64(21173), np.int64(49644), np.int64(36060), np.int64(4813), np.int64(30037), np.int64(27054), np.int64(1723), np.int64(21882), np.int64(46969), np.int64(24155), np.int64(20080), np.int64(26311), np.int64(31747), np.int64(18338), np.int64(26051), np.int64(28418), np.int64(20809), np.int64(31010), np.int64(19846), np.int64(27434), np.int64(10251), np.int64(16445), np.int64(46332), np.int64(36539))","(0, 0, 0, 0, 0, 0, 1, 0, 0, 0, 0, 0, 0, 0, 0, 0, 0, 0, 0, 0, 0, 0, 0, 0, 0, 0, 0, 0, 0, 0, 0, 0, 0, 1, 0, 0, 0, 1, 0, 0, 0, 0, 0, 0, 0, 0, 0, 0, 0, 0, 0, 0, 0, 0, 0, 0, 0, 0, 0, 0, 0, 0, 0, 0, 0, 0, 0, 0, 0, 0, 0, 0, 0, 0, 0, 0, 0, 0, 0, 0, 0, 0, 0, 0, 0, 0, 0, 0, 0, 0, 0, 0, 0, 0, 0, 0, 0, 0, 0, 1, 1)"
3.609267,99,13.289474,0,"(np.int64(28351), np.int64(2944), np.int64(13198), np.int64(47290), np.int64(10165), np.int64(41962), np.int64(46939), np.int64(22131), np.int64(40567), np.int64(15672), np.int64(23411), np.int64(26961), np.int64(35319), np.int64(41775), np.int64(3463), np.int64(28696), np.int64(19042), np.int64(42354), np.int64(31861), np.int64(10620), np.int64(7786), np.int64(12560), np.int64(22241), np.int64(19880), np.int64(44664), np.int64(19990), np.int64(20131), np.int64(26518), np.int64(21962), np.int64(26402), np.int64(45029), np.int64(21189), np.int64(48868), np.int64(16157), np.int64(20737), np.int64(5550), np.int64(35074), np.int64(27381), np.int64(43478), np.int64(15755), np.int64(25142), np.int64(1526), np.int64(37381), np.int64(43804), np.int64(39475), np.int64(8373), np.int64(49346), np.int64(49769), np.int64(34025), np.int64(23292), np.int64(18281), np.int64(9469), np.int64(6782), np.int64(41732), np.int64(36997), np.int64(39790), np.int64(41702), np.int64(22024), np.int64(2540), np.int64(3168), np.int64(36600), np.int64(48347), np.int64(1532), np.int64(36773), np.int64(46928), np.int64(17941), np.int64(24063), np.int64(17523), np.int64(2707), np.int64(5637), np.int64(13617), np.int64(5886), np.int64(19217), np.int64(25093), np.int64(12145), np.int64(19394), np.int64(32731), np.int64(45309), np.int64(20491), np.int64(12018), np.int64(3127), np.int64(39917), np.int64(16295), np.int64(40760), np.int64(9131), np.int64(33861), np.int64(14011), np.int64(38199), np.int64(20641), np.int64(4144), np.int64(47730), np.int64(49827), np.int64(12214), np.int64(14897), np.int64(3697), np.int64(45559), np.int64(27185), np.int64(38153), np.int64(32716))","(0, 0, 0, 0, 0, 0, 1, 0, 0, 1, 0, 0, 0, 0, 0, 0, 0, 0, 0, 0, 0, 0, 0, 0, 0, 0, 0, 0, 0, 0, 0, 0, 0, 0, 0, 0, 0, 0, 0, 0, 0, 0, 0, 0, 0, 0, 0, 0, 0, 0, 0, 0, 0, 0, 0, 0, 0, 0, 0, 0, 0, 0, 0, 0, 0, 0, 0, 0, 0, 0, 0, 0, 0, 0, 0, 0, 0, 0, 0, 0, 0, 0, 0, 0, 0, 1, 0, 0, 0, 1, 0, 0, 0, 0, 0, 0, 0, 0, 1)"
3.745842,51,14.020273,0,"(np.int64(13669), np.int64(40238), np.int64(47233), np.int64(14682), np.int64(674), np.int64(47102), np.int64(14678), np.int64(38467), np.int64(21605), np.int64(5151), np.int64(6558), np.int64(824), np.int64(35483), np.int64(49544), np.int64(11511), np.int64(35539), np.int64(42336), np.int64(17421), np.int64(48091), np.int64(39266), np.int64(42875), np.int64(99), np.int64(6905), np.int64(4572), np.int64(8761), np.int64(16215), np.int64(44136), np.int64(48840), np.int64(1498), np.int64(19579), np.int64(13344), np.int64(20438), np.int64(32284), np.int64(32203), np.int64(42749), np.int64(15235), np.int64(10941), np.int64(38658), np.int64(22862), np.int64(35907), np.int64(42549), np.int64(4587), np.int64(41081), np.int64(1345), np.int64(48403), np.int64(41565), np.int64(31091), np.int64(29969), np.int64(23071), np.int64(17870), np.int64(23502))","(0, 0, 0, 0, 0, 0, 0, 0, 0, 0, 0, 0, 0, 0, 0, 0, 0, 0, 0, 0, 0, 0, 0, 0, 0, 0, 0, 0, 0, 1, 0, 1, 0, 0, 0, 0, 0, 0, 0, 0, 0, 0, 0, 1, 0, 1, 0, 0, 0, 0, 1)"
4.613395,50,15.210463,0,"(np.int64(29571), np.int64(28215), np.int64(20249), np.int64(43692), np.int64(41573), np.int64(9115), np.int64(17821), np.int64(37993), np.int64(26370), np.int64(49756), np.int64(13517), np.int64(2913), np.int64(35451), np.int64(44826), np.int64(23524), np.int64(15886), np.int64(41464), np.int64(4563), np.int64(45082), np.int64(2759), np.int64(21388), np.int64(41525), np.int64(15680), np.int64(30025), np.int64(7677), np.int64(44994), np.int64(48708), np.int64(23564), np.int64(16391), np.int64(30472), np.int64(16588), np.int64(23688), np.int64(34218), np.int64(4741), np.int64(49286), np.int64(46439), np.int64(40986), np.int64(16486), np.int64(43862), np.int64(22505), np.int64(27725), np.int64(6854), np.int64(27825), np.int64(49253), np.int64(23925), np.int64(15675), np.int64(23207), np.int64(911), np.int64(38551), np.int64(27179))","(0, 0, 0, 0, 0, 0, 0, 0, 1, 0, 0, 0, 0, 0, 0, 0, 0, 1, 0, 0, 0, 0, 0, 0, 0, 0, 0, 0, 0, 0, 0, 0, 0, 0, 0, 0, 0, 0, 0, 0, 0, 0, 0, 0, 1, 0, 0, 1, 1, 1)"
3.821233,112,17.424866,0,"(np.int64(18288), np.int64(40929), np.int64(37012), np.int64(29393), np.int64(5525), np.int64(37140), np.int64(47474), np.int64(17609), np.int64(14809), np.int64(26926), np.int64(29868), np.int64(37071), np.int64(38361), np.int64(12900), np.int64(17436), np.int64(37523), np.int64(28376), np.int64(518), np.int64(40942), np.int64(25421), np.int64(6296), np.int64(1464), np.int64(39613), np.int64(10526), np.int64(44874), np.int64(14633), np.int64(22451), np.int64(19071), np.int64(45834), np.int64(8371), np.int64(23772), np.int64(36040), np.int64(11179), np.int64(17335), np.int64(42653), np.int64(9234), np.int64(32029), np.int64(40079), np.int64(26006), np.int64(15806), np.int64(42746), np.int64(35701), np.int64(6301), np.int64(7830), np.int64(15430), np.int64(11644), np.int64(49971), np.int64(46588), np.int64(16568), np.int64(14842), np.int64(1166), np.int64(45228), np.int64(45696), np.int64(24085), np.int64(27666), np.int64(29699), np.int64(37235), np.int64(16181), np.int64(13462), np.int64(1493), np.int64(39768), np.int64(16838), np.int64(26776), np.int64(40510), np.int64(30918), np.int64(5720), np.int64(217), np.int64(19798), np.int64(987), np.int64(23002), np.int64(30213), np.int64(13235), np.int64(24799), np.int64(46481), np.int64(40784), np.int64(48336), np.int64(31820), np.int64(45342), np.int64(36908), np.int64(44099), np.int64(43822), np.int64(21568), np.int64(36709), np.int64(45772), np.int64(15554), np.int64(37070), np.int64(40809), np.int64(15176), np.int64(44963), np.int64(38400), np.int64(612), np.int64(8212), np.int64(24208), np.int64(14144), np.int64(8479), np.int64(10827), np.int64(35530), np.int64(39370), np.int64(43140), np.int64(16059), np.int64(33557), np.int64(14527), np.int64(34122), np.int64(39967), np.int64(23537), np.int64(25289), np.int64(25400), np.int64(30403), np.int64(11057), np.int64(8646), np.int64(38925), np.int64(8214))","(1, 0, 0, 0, 0, 0, 0, 0, 0, 0, 0, 0, 0, 0, 0, 0, 0, 0, 0, 0, 1, 0, 0, 0, 0, 0, 0, 0, 0, 0, 0, 0, 0, 0, 0, 0, 0, 0, 0, 0, 0, 0, 0, 0, 0, 0, 0, 0, 0, 0, 0, 0, 0, 0, 0, 0, 0, 0, 0, 0, 0, 0, 0, 0, 0, 0, 0, 0, 0, 0, 0, 0, 0, 0, 0, 1, 0, 0, 0, 0, 0, 0, 0, 0, 0, 0, 0, 0, 0, 0, 1, 0, 0, 0, 0, 0, 0, 0, 0, 0, 0, 0, 0, 0, 0, 0, 0, 0, 0, 0, 0, 1)"
5.532792,48,18.275235,0,"(np.int64(36362), np.int64(7522), np.int64(44033), np.int64(29013), np.int64(29204), np.int64(2020), np.int64(31447), np.int64(2376), np.int64(48773), np.int64(14852), np.int64(44266), np.int64(13805), np.int64(13035), np.int64(9030), np.int64(17912), np.int64(23101), np.int64(10286), np.int64(46239), np.int64(33346), np.int64(41872), np.int64(13492), np.int64(40218), np.int64(13038), np.int64(26901), np.int64(7909), np.int64(47618), np.int64(40192), np.int64(44862), np.int64(23012), np.int64(41450), np.int64(19788), np.int64(10845), np.int64(35352), np.int64(5246), np.int64(11915), np.int64(30380), np.int64(9367), np.int64(42489), np.int64(17442), np.int64(24059), np.int64(7871), np.int64(21268), np.int64(5296), np.int64(37561), np.int64(47923), np.int64(46876), np.int64(16653), np.int64(47068))","(0, 0, 0, 0, 0, 0, 0, 0, 0, 0, 0, 0, 0, 1, 0, 0, 0, 0, 0, 0, 0, 0, 0, 0, 0, 0, 0, 0, 0, 0, 1, 0, 0, 1, 0, 0, 0, 0, 0, 0, 1, 0, 1, 0, 0, 1, 1, 0)"
3.734885,23,18.649347,0,"(np.int64(8025), np.int64(34347), np.int64(23343), np.int64(9775), np.int64(17662), np.int64(8132), np.int64(34759), np.int64(27150), np.int64(23590), np.int64(4677), np.int64(25088), np.int64(47083), np.int64(16653), np.int64(27906), np.int64(26996), np.int64(17330), np.int64(2190), np.int64(1636), np.int64(6058), np.int64(19508), np.int64(17640), np.int64(41877), np.int64(23560))","(0, 0, 0, 0, 0, 0, 1, 0, 0, 0, 0, 1, 1, 0, 0, 0, 0, 0, 1, 0, 0, 0, 1)"
3.547228,50,19.574875,0,"(np.int64(21430), np.int64(42572), np.int64(13982), np.int64(20118), np.int64(34946), np.int64(8911), np.int64(43186), np.int64(48363), np.int64(11548), np.int64(14181), np.int64(1198), np.int64(2363), np.int64(24425), np.int64(22700), np.int64(26553), np.int64(8970), np.int64(20307), np.int64(18884), np.int64(8237), np.int64(15916), np.int64(4683), np.int64(31265), np.int64(49667), np.int64(1259), np.int64(3693), np.int64(31467), np.int64(42951), np.int64(12718), np.int64(23942), np.int64(15491), np.int64(47089), np.int64(20559), np.int64(21066), np.int64(373), np.int64(13500), np.int64(16200), np.int64(10639), np.int64(7102), np.int64(4898), np.int64(49783), np.int64(10132), np.int64(46155), np.int64(9781), np.int64(32515), np.int64(38808), np.int64(28336), np.int64(16728), np.int64(8812), np.int64(10090), np.int64(5231))","(0, 1, 1, 0, 0, 0, 0, 1, 0, 1, 0, 0, 0, 0, 0, 0, 0, 0, 0, 0, 0, 0, 0, 0, 0, 0, 0, 0, 0, 0, 0, 1, 0, 0, 0, 0, 0, 0, 0, 0, 0, 0, 0, 0, 0, 0, 0, 0, 0, 0)"
3.630314,76,21.103241,0,"(np.int64(9366), np.int64(46603), np.int64(38067), np.int64(17341), np.int64(44571), np.int64(43970), np.int64(47495), np.int64(5943), np.int64(6553), np.int64(46026), np.int64(41759), np.int64(46838), np.int64(17069), np.int64(21901), np.int64(9864), np.int64(16456), np.int64(6970), np.int64(32428), np.int64(3616), np.int64(33815), np.int64(15164), np.int64(2040), np.int64(26485), np.int64(34662), np.int64(12111), np.int64(46725), np.int64(19769), np.int64(2555), np.int64(39541), np.int64(10165), np.int64(33260), np.int64(36292), np.int64(34476), np.int64(48619), np.int64(42305), np.int64(2849), np.int64(3447), np.int64(38206), np.int64(41123), np.int64(14073), np.int64(21025), np.int64(7426), np.int64(39330), np.int64(48405), np.int64(23467), np.int64(48338), np.int64(49826), np.int64(2843), np.int64(37218), np.int64(17931), np.int64(15551), np.int64(32844), np.int64(22228), np.int64(5971), np.int64(38962), np.int64(3962), np.int64(12653), np.int64(38771), np.int64(26556), np.int64(36843), np.int64(26705), np.int64(34051), np.int64(36297), np.int64(25559), np.int64(32188), np.int64(15396), np.int64(46334), np.int64(25982), np.int64(31342), np.int64(46525), np.int64(45883), np.int64(1850), np.int64(30578), np.int64(9926), np.int64(13795), np.int64(14801))","(0, 0, 0, 0, 0, 0, 0, 1, 1, 0, 0, 0, 0, 1, 0, 0, 0, 0, 0, 0, 0, 0, 0, 0, 0, 0, 0, 0, 0, 0, 0, 0, 0, 0, 0, 0, 0, 0, 0, 0, 0, 0, 0, 0, 0, 0, 0, 0, 0, 0, 0, 0, 0, 0, 0, 0, 0, 0, 0, 0, 0, 0, 0, 0, 0, 0, 0, 1, 0, 0, 0, 0, 0, 0, 0, 1)"
3.710825,50,21.878553,0,"(np.int64(35319), np.int64(38938), np.int64(39506), np.int64(46299), np.int64(19404), np.int64(29261), np.int64(40909), np.int64(12050), np.int64(38974), np.int64(33408), np.int64(42323), np.int64(41953), np.int64(34816), np.int64(42789), np.int64(33419), np.int64(787), np.int64(37456), np.int64(12950), np.int64(19315), np.int64(24539), np.int64(27738), np.int64(31819), np.int64(28659), np.int64(10299), np.int64(7859), np.int64(16393), np.int64(6081), np.int64(14858), np.int64(29450), np.int64(39737), np.int64(32378), np.int64(11129), np.int64(4045), np.int64(8145), np.int64(10650), np.int64(42686), np.int64(40164), np.int64(27866), np.int64(31924), np.int64(2079), np.int64(38040), np.int64(13398), np.int64(28247), np.int64(10811), np.int64(10404), np.int64(8722), np.int64(12015), np.int64(466), np.int64(16581), np.int64(29755))","(0, 1, 0, 0, 0, 0, 0, 0, 0, 0, 0, 0, 0, 0, 0, 0, 0, 0, 0, 0, 0, 1, 0, 0, 1, 0, 1, 1, 0, 0, 0, 0, 0, 0, 0, 0, 0, 0, 0, 0, 0, 0, 0, 0, 0, 0, 0, 0, 0, 0)"
3.921555,65,22.771508,0,"(np.int64(4708), np.int64(6260), np.int64(32367), np.int64(30516), np.int64(28585), np.int64(30045), np.int64(7168), np.int64(38420), np.int64(30686), np.int64(3791), np.int64(29214), np.int64(15665), np.int64(31288), np.int64(9233), np.int64(20270), np.int64(36738), np.int64(18777), np.int64(21905), np.int64(26274), np.int64(36590), np.int64(32669), np.int64(11477), np.int64(29685), np.int64(38894), np.int64(44103), np.int64(33822), np.int64(30234), np.int64(20535), np.int64(44065), np.int64(33080), np.int64(39913), np.int64(32166), np.int64(17995), np.int64(20055), np.int64(20713), np.int64(47419), np.int64(46551), np.int64(11600), np.int64(31801), np.int64(38531), np.int64(8967), np.int64(17290), np.int64(36169), np.int64(15504), np.int64(30342), np.int64(4599), np.int64(3107), np.int64(5483), np.int64(10648), np.int64(22350), np.int64(14059), np.int64(20688), np.int64(29374), np.int64(43371), np.int64(47186), np.int64(32033), np.int64(23580), np.int64(32906), np.int64(14083), np.int64(15590), np.int64(4187), np.int64(47550), np.int64(47947), np.int64(4115), np.int64(1062))","(0, 0, 0, 0, 0, 0, 0, 0, 0, 1, 0, 0, 1, 0, 0, 0, 0, 0, 0, 0, 0, 0, 0, 0, 0, 0, 0, 0, 0, 1, 0, 0, 0, 0, 0, 0, 0, 0, 0, 0, 0, 0, 0, 0, 0, 0, 0, 0, 0, 0, 0, 0, 0, 0, 0, 0, 0, 0, 0, 1, 0, 0, 0, 0, 1)"
6.373845,50,23.434952,0,"(np.int64(27338), np.int64(44047), np.int64(12488), np.int64(21591), np.int64(11918), np.int64(16797), np.int64(18896), np.int64(26086), np.int64(29213), np.int64(42951), np.int64(8652), np.int64(43621), np.int64(12894), np.int64(2155), np.int64(8386), np.int64(10576), np.int64(46017), np.int64(42766), np.int64(14725), np.int64(11502), np.int64(14686), np.int64(6187), np.int64(19113), np.int64(3347), np.int64(18125), np.int64(49765), np.int64(29971), np.int64(21448), np.int64(1886), np.int64(841), np.int64(40326), np.int64(16836), np.int64(529), np.int64(37284), np.int64(25650), np.int64(33289), np.int64(34079), np.int64(31666), np.int64(12209), np.int64(11723), np.int64(33502), np.int64(2565), np.int64(40974), np.int64(42407), np.int64(2562), np.int64(42989), np.int64(29622), np.int64(46768), np.int64(6538), np.int64(10353))","(0, 0, 0, 0, 0, 0, 0, 1, 0, 0, 1, 0, 0, 0, 1, 0, 0, 0, 0, 0, 0, 0, 0, 1, 0, 0, 0, 0, 1, 0, 0, 0, 1, 0, 1, 0, 0, 0, 0, 0, 0, 0, 0, 0, 0, 0, 0, 0, 0, 1)"
3.940387,50,24.127922,0,"(np.int64(3412), np.int64(15252), np.int64(18979), np.int64(42864), np.int64(43266), np.int64(3908), np.int64(153), np.int64(11921), np.int64(1373), np.int64(754), np.int64(25425), np.int64(5023), np.int64(47075), np.int64(15208), np.int64(34490), np.int64(31498), np.int64(7688), np.int64(41299), np.int64(33002), np.int64(49406), np.int64(14173), np.int64(1888), np.int64(15575), np.int64(38202), np.int64(7936), np.int64(15061), np.int64(26537), np.int64(13434), np.int64(36288), np.int64(32146), np.int64(46165), np.int64(31082), np.int64(3129), np.int64(24073), np.int64(31897), np.int64(6274), np.int64(38647), np.int64(23374), np.int64(41508), np.int64(7746), np.int64(28497), np.int64(19825), np.int64(29850), np.int64(3876), np.int64(38294), np.int64(11227), np.int64(42283), np.int64(34915), np.int64(15676), np.int64(6624))","(0, 0, 0, 0, 0, 1, 0, 0, 1, 0, 0, 0, 0, 0, 0, 0, 0, 0, 0, 0, 0, 0, 0, 0, 0, 1, 0, 0, 0, 0, 0, 0, 0, 0, 0, 0, 0, 1, 0, 1, 0, 0, 0, 0, 0, 0, 0, 0, 0, 0)"
3.80582,50,24.819687,0,"(np.int64(29840), np.int64(7133), np.int64(41876), np.int64(42887), np.int64(5617), np.int64(34222), np.int64(43538), np.int64(24990), np.int64(3627), np.int64(29199), np.int64(29773), np.int64(34633), np.int64(21568), np.int64(24433), np.int64(38179), np.int64(48991), np.int64(15819), np.int64(23303), np.int64(2994), np.int64(8083), np.int64(22148), np.int64(44737), np.int64(48592), np.int64(5734), np.int64(47623), np.int64(25588), np.int64(29410), np.int64(44947), np.int64(23348), np.int64(25140), np.int64(10820), np.int64(17522), np.int64(15797), np.int64(3809), np.int64(4289), np.int64(4458), np.int64(47966), np.int64(47835), np.int64(49764), np.int64(4003), np.int64(30249), np.int64(34476), np.int64(37890), np.int64(2476), np.int64(7659), np.int64(22509), np.int64(34793), np.int64(47622), np.int64(14400), np.int64(37169))","(0, 0, 0, 0, 0, 0, 0, 0, 0, 0, 0, 0, 0, 1, 0, 0, 0, 0, 0, 0, 0, 0, 0, 0, 0, 0, 0, 0, 0, 0, 0, 1, 0, 1, 0, 1, 0, 0, 0, 0, 0, 0, 0, 0, 0, 1, 0, 0, 0, 0)"
3.941577,44,25.427527,0,"(np.int64(38609), np.int64(11056), np.int64(27361), np.int64(23868), np.int64(12447), np.int64(37729), np.int64(14353), np.int64(5260), np.int64(32854), np.int64(41954), np.int64(3305), np.int64(3318), np.int64(4521), np.int64(20165), np.int64(251), np.int64(42136), np.int64(20144), np.int64(41775), np.int64(27122), np.int64(31972), np.int64(19103), np.int64(44987), np.int64(2258), np.int64(36865), np.int64(27827), np.int64(11596), np.int64(19238), np.int64(37318), np.int64(19563), np.int64(24206), np.int64(37352), np.int64(23556), np.int64(3265), np.int64(27777), np.int64(42665), np.int64(45134), np.int64(43355), np.int64(73), np.int64(23415), np.int64(48172), np.int64(38863), np.int64(549), np.int64(26445), np.int64(30139))","(0, 0, 0, 0, 0, 0, 0, 1, 0, 0, 0, 0, 0, 1, 0, 0, 1, 0, 1, 0, 0, 0, 0, 0, 0, 0, 1, 0, 0, 0, 0, 0, 0, 0, 0, 0, 0, 0, 0, 0, 0, 0, 0, 0)"
3.538786,65,26.287212,0,"(np.int64(27810), np.int64(34521), np.int64(22985), np.int64(26373), np.int64(30571), np.int64(10838), np.int64(20061), np.int64(36757), np.int64(16536), np.int64(36951), np.int64(16768), np.int64(46651), np.int64(18086), np.int64(35352), np.int64(47561), np.int64(14126), np.int64(3617), np.int64(11740), np.int64(33769), np.int64(33062), np.int64(13026), np.int64(39660), np.int64(25445), np.int64(49189), np.int64(33656), np.int64(47645), np.int64(49238), np.int64(37939), np.int64(37707), np.int64(16789), np.int64(38816), np.int64(31336), np.int64(42033), np.int64(2569), np.int64(8283), np.int64(27008), np.int64(25859), np.int64(5883), np.int64(29484), np.int64(9186), np.int64(44921), np.int64(20828), np.int64(16727), np.int64(11866), np.int64(48499), np.int64(19602), np.int64(22045), np.int64(37284), np.int64(25028), np.int64(34670), np.int64(2720), np.int64(29051), np.int64(33660), np.int64(13730), np.int64(22943), np.int64(48675), np.int64(31673), np.int64(27358), np.int64(25365), np.int64(41290), np.int64(1116), np.int64(45964), np.int64(19572), np.int64(10045), np.int64(12470))","(0, 0, 0, 0, 0, 0, 0, 0, 0, 0, 1, 0, 0, 0, 0, 0, 0, 0, 1, 0, 0, 0, 0, 0, 0, 0, 0, 0, 0, 0, 0, 0, 1, 0, 0, 1, 0, 0, 0, 0, 0, 0, 0, 0, 0, 0, 0, 0, 0, 0, 0, 0, 0, 0, 0, 0, 0, 0, 0, 0, 0, 0, 0, 0, 1)"
3.957658,50,26.932199,0,"(np.int64(17151), np.int64(684), np.int64(12117), np.int64(14633), np.int64(21735), np.int64(48065), np.int64(39278), np.int64(48693), np.int64(49097), np.int64(25565), np.int64(20479), np.int64(17990), np.int64(27758), np.int64(39270), np.int64(31094), np.int64(727), np.int64(24632), np.int64(20315), np.int64(1585), np.int64(9042), np.int64(46416), np.int64(1898), np.int64(2502), np.int64(15661), np.int64(30936), np.int64(6867), np.int64(38885), np.int64(44288), np.int64(15672), np.int64(817), np.int64(47794), np.int64(3151), np.int64(35721), np.int64(8983), np.int64(21341), np.int64(4343), np.int64(38025), np.int64(14380), np.int64(2475), np.int64(32620), np.int64(29589), np.int64(34246), np.int64(35661), np.int64(31995), np.int64(38579), np.int64(46114), np.int64(28691), np.int64(46701), np.int64(35901), np.int64(4250))","(0, 0, 0, 0, 0, 0, 0, 0, 0, 0, 0, 0, 0, 0, 0, 1, 0, 0, 0, 0, 0, 1, 0, 0, 0, 0, 0, 0, 1, 1, 0, 0, 0, 0, 0, 0, 0, 0, 0, 0, 0, 0, 0, 0, 0, 0, 1, 0, 0, 0)"
3.578426,39,27.48233,0,"(np.int64(32576), np.int64(1082), np.int64(43502), np.int64(27472), np.int64(7772), np.int64(18659), np.int64(19612), np.int64(19155), np.int64(32933), np.int64(25703), np.int64(33047), np.int64(15303), np.int64(21803), np.int64(36732), np.int64(32215), np.int64(46740), np.int64(24234), np.int64(2130), np.int64(33730), np.int64(39686), np.int64(4247), np.int64(16273), np.int64(37290), np.int64(37421), np.int64(37808), np.int64(14100), np.int64(18456), np.int64(22748), np.int64(19406), np.int64(17876), np.int64(16063), np.int64(20063), np.int64(48342), np.int64(39868), np.int64(26888), np.int64(2934), np.int64(39003), np.int64(3560), np.int64(42587))","(0, 0, 0, 0, 0, 0, 0, 1, 0, 0, 0, 0, 0, 1, 0, 1, 0, 0, 1, 0, 0, 0, 0, 0, 0, 0, 0, 0, 0, 0, 0, 0, 0, 0, 0, 0, 1, 0, 0)"
3.701919,97,28.728657,0,"(np.int64(34013), np.int64(2944), np.int64(17469), np.int64(29579), np.int64(35269), np.int64(24713), np.int64(19481), np.int64(40631), np.int64(24222), np.int64(13642), np.int64(16136), np.int64(18473), np.int64(43824), np.int64(41151), np.int64(49066), np.int64(21981), np.int64(30853), np.int64(6780), np.int64(48978), np.int64(24220), np.int64(27072), np.int64(47162), np.int64(21100), np.int64(28782), np.int64(22619), np.int64(20709), np.int64(11763), np.int64(18494), np.int64(1775), np.int64(34704), np.int64(20278), np.int64(31966), np.int64(16143), np.int64(19073), np.int64(48392), np.int64(26161), np.int64(18000), np.int64(36708), np.int64(29966), np.int64(39417), np.int64(14154), np.int64(43985), np.int64(28793), np.int64(30664), np.int64(22552), np.int64(45850), np.int64(27319), np.int64(28311), np.int64(6049), np.int64(48130), np.int64(27343), np.int64(37947), np.int64(32520), np.int64(32711), np.int64(29374), np.int64(43682), np.int64(5828), np.int64(43219), np.int64(14622), np.int64(39710), np.int64(18118), np.int64(48844), np.int64(39464), np.int64(42379), np.int64(5081), np.int64(47735), np.int64(21696), np.int64(39339), np.int64(32746), np.int64(29924), np.int64(12520), np.int64(41597), np.int64(28363), np.int64(308), np.int64(24411), np.int64(5509), np.int64(7782), np.int64(20041), np.int64(7045), np.int64(7835), np.int64(26714), np.int64(42874), np.int64(48071), np.int64(39785), np.int64(14867), np.int64(21177), np.int64(42503), np.int64(28900), np.int64(26176), np.int64(49518), np.int64(680), np.int64(10026), np.int64(44578), np.int64(18802), np.int64(44135), np.int64(34644), np.int64(26080))","(0, 0, 0, 0, 0, 0, 0, 0, 0, 0, 0, 0, 0, 0, 0, 0, 0, 0, 0, 0, 0, 0, 0, 0, 0, 0, 0, 0, 0, 0, 0, 0, 0, 0, 0, 0, 0, 0, 0, 0, 0, 0, 0, 0, 0, 0, 0, 0, 0, 0, 0, 0, 0, 0, 0, 0, 1, 0, 0, 0, 0, 0, 0, 0, 0, 0, 0, 0, 0, 0, 0, 1, 0, 0, 0, 0, 1, 0, 0, 0, 0, 0, 0, 0, 0, 0, 0, 0, 0, 0, 0, 0, 0, 0, 1, 0, 1)"
3.60363,64,29.52667,0,"(np.int64(37629), np.int64(7773), np.int64(25875), np.int64(30455), np.int64(12739), np.int64(37427), np.int64(20451), np.int64(1671), np.int64(20458), np.int64(5558), np.int64(44731), np.int64(15847), np.int64(20782), np.int64(32207), np.int64(24739), np.int64(34056), np.int64(12891), np.int64(2891), np.int64(26274), np.int64(20514), np.int64(20591), np.int64(40019), np.int64(30720), np.int64(1745), np.int64(49133), np.int64(24205), np.int64(13976), np.int64(25398), np.int64(21850), np.int64(24338), np.int64(18495), np.int64(34792), np.int64(47784), np.int64(8152), np.int64(29692), np.int64(25366), np.int64(33957), np.int64(37109), np.int64(37316), np.int64(5862), np.int64(6004), np.int64(18804), np.int64(14084), np.int64(12557), np.int64(17368), np.int64(13204), np.int64(8961), np.int64(41215), np.int64(29897), np.int64(39656), np.int64(1859), np.int64(24698), np.int64(5710), np.int64(41845), np.int64(10467), np.int64(2156), np.int64(15966), np.int64(26750), np.int64(8818), np.int64(9866), np.int64(1254), np.int64(8513), np.int64(23921), np.int64(47180))","(0, 0, 0, 0, 1, 0, 0, 0, 1, 0, 0, 0, 0, 0, 0, 0, 0, 0, 0, 0, 0, 0, 0, 0, 0, 0, 0, 0, 0, 1, 0, 0, 0, 0, 0, 0, 0, 0, 0, 0, 0, 0, 0, 0, 0, 0, 0, 0, 0, 0, 0, 0, 0, 0, 0, 1, 0, 0, 0, 0, 0, 0, 0, 1)"
3.715904,53,30.216362,0,"(np.int64(1795), np.int64(1587), np.int64(8353), np.int64(20853), np.int64(10747), np.int64(19837), np.int64(31285), np.int64(40935), np.int64(46218), np.int64(49577), np.int64(11626), np.int64(28042), np.int64(43474), np.int64(30482), np.int64(14964), np.int64(3), np.int64(39643), np.int64(21508), np.int64(24423), np.int64(705), np.int64(27901), np.int64(36073), np.int64(48372), np.int64(46682), np.int64(47761), np.int64(613), np.int64(42309), np.int64(39079), np.int64(15387), np.int64(16057), np.int64(1309), np.int64(5948), np.int64(16451), np.int64(28275), np.int64(1017), np.int64(35357), np.int64(44040), np.int64(16018), np.int64(17711), np.int64(820), np.int64(7710), np.int64(6234), np.int64(27687), np.int64(48841), np.int64(18216), np.int64(48435), np.int64(11210), np.int64(31247), np.int64(44719), np.int64(3184), np.int64(12517), np.int64(10410), np.int64(9333))","(0, 0, 1, 0, 0, 0, 0, 0, 0, 0, 0, 0, 0, 0, 0, 0, 0, 0, 0, 0, 0, 0, 0, 0, 0, 0, 0, 0, 0, 0, 0, 0, 0, 0, 0, 0, 1, 0, 0, 0, 1, 0, 0, 0, 0, 0, 0, 0, 0, 0, 1, 0, 1)"
3.838788,82,31.283714,0,"(np.int64(41031), np.int64(23681), np.int64(26541), np.int64(38394), np.int64(12915), np.int64(3934), np.int64(7136), np.int64(45565), np.int64(47662), np.int64(10321), np.int64(2374), np.int64(42665), np.int64(3745), np.int64(11535), np.int64(30505), np.int64(5611), np.int64(9045), np.int64(11800), np.int64(27289), np.int64(26051), np.int64(44852), np.int64(21319), np.int64(7248), np.int64(20252), np.int64(25081), np.int64(47884), np.int64(19701), np.int64(7402), np.int64(2719), np.int64(4835), np.int64(42845), np.int64(28233), np.int64(16348), np.int64(44864), np.int64(20355), np.int64(38099), np.int64(40978), np.int64(8711), np.int64(44398), np.int64(44190), np.int64(41099), np.int64(9439), np.int64(30706), np.int64(6641), np.int64(31665), np.int64(547), np.int64(42256), np.int64(33499), np.int64(5247), np.int64(3367), np.int64(8188), np.int64(21235), np.int64(47051), np.int64(2782), np.int64(38462), np.int64(19456), np.int64(28559), np.int64(34122), np.int64(46130), np.int64(48630), np.int64(837), np.int64(8372), np.int64(5273), np.int64(27644), np.int64(3703), np.int64(26481), np.int64(18557), np.int64(3965), np.int64(1530), np.int64(35097), np.int64(8099), np.int64(33538), np.int64(45662), np.int64(39436), np.int64(2283), np.int64(36446), np.int64(42493), np.int64(8701), np.int64(13612), np.int64(21616), np.int64(33851), np.int64(23302))","(0, 0, 0, 0, 0, 0, 0, 0, 0, 0, 1, 0, 0, 0, 0, 0, 0, 0, 0, 0, 0, 0, 0, 0, 0, 0, 1, 1, 0, 0, 0, 0, 1, 0, 0, 0, 0, 0, 0, 0, 0, 0, 0, 0, 0, 0, 0, 0, 0, 0, 0, 0, 0, 0, 0, 0, 0, 0, 0, 0, 0, 0, 0, 0, 0, 0, 0, 0, 0, 0, 0, 0, 0, 0, 0, 0, 0, 0, 0, 0, 0, 1)"
4.946789,50,31.921595,0,"(np.int64(45749), np.int64(17489), np.int64(9629), np.int64(8822), np.int64(15809), np.int64(15293), np.int64(47398), np.int64(40595), np.int64(22439), np.int64(34437), np.int64(26671), np.int64(2688), np.int64(11762), np.int64(43172), np.int64(30323), np.int64(22131), np.int64(42470), np.int64(7986), np.int64(44927), np.int64(47187), np.int64(36195), np.int64(4453), np.int64(3183), np.int64(21961), np.int64(18070), np.int64(45285), np.int64(5211), np.int64(5011), np.int64(41586), np.int64(41039), np.int64(14544), np.int64(44145), np.int64(5356), np.int64(45939), np.int64(5886), np.int64(25110), np.int64(44049), np.int64(40449), np.int64(9970), np.int64(38945), np.int64(12025), np.int64(38492), np.int64(44713), np.int64(35613), np.int64(14290), np.int64(1601), np.int64(11974), np.int64(10075), np.int64(1951), np.int64(36897))","(0, 0, 1, 1, 0, 0, 0, 0, 0, 0, 0, 0, 0, 0, 0, 0, 0, 0, 0, 0, 0, 0, 1, 0, 1, 0, 0, 0, 0, 0, 0, 0, 0, 0, 0, 0, 0, 0, 0, 0, 0, 0, 0, 0, 1, 0, 0, 0, 1, 0)"
3.952966,63,32.751289,0,"(np.int64(19313), np.int64(3562), np.int64(46029), np.int64(6092), np.int64(40009), np.int64(36103), np.int64(41633), np.int64(37122), np.int64(34508), np.int64(10322), np.int64(28590), np.int64(46617), np.int64(39145), np.int64(39155), np.int64(15406), np.int64(26579), np.int64(39404), np.int64(48999), np.int64(4765), np.int64(24012), np.int64(5743), np.int64(42759), np.int64(49346), np.int64(25453), np.int64(12699), np.int64(15311), np.int64(37075), np.int64(21573), np.int64(36428), np.int64(37309), np.int64(33662), np.int64(34575), np.int64(45987), np.int64(35792), np.int64(23765), np.int64(22321), np.int64(42664), np.int64(8096), np.int64(30276), np.int64(44659), np.int64(29242), np.int64(14257), np.int64(30747), np.int64(8414), np.int64(35038), np.int64(8927), np.int64(41944), np.int64(48286), np.int64(12513), np.int64(16260), np.int64(2487), np.int64(6637), np.int64(10733), np.int64(5329), np.int64(24771), np.int64(44162), np.int64(46135), np.int64(46377), np.int64(25933), np.int64(24876), np.int64(44244), np.int64(9032), np.int64(37390))","(0, 0, 0, 0, 0, 0, 0, 0, 0, 0, 0, 0, 0, 0, 0, 0, 0, 0, 0, 0, 0, 0, 0, 0, 0, 1, 1, 0, 0, 0, 0, 0, 0, 0, 0, 0, 0, 0, 0, 0, 0, 0, 0, 0, 0, 0, 0, 0, 0, 1, 0, 0, 0, 1, 0, 0, 0, 0, 0, 0, 0, 0, 1)"
3.870568,59,33.507107,0,"(np.int64(48036), np.int64(19729), np.int64(8790), np.int64(18037), np.int64(40173), np.int64(43909), np.int64(31085), np.int64(12481), np.int64(17754), np.int64(44609), np.int64(32503), np.int64(24052), np.int64(46093), np.int64(17708), np.int64(23979), np.int64(48202), np.int64(5919), np.int64(27), np.int64(16262), np.int64(17243), np.int64(49706), np.int64(14006), np.int64(31903), np.int64(27576), np.int64(26300), np.int64(12009), np.int64(38162), np.int64(12997), np.int64(37201), np.int64(39401), np.int64(41009), np.int64(23808), np.int64(48834), np.int64(29072), np.int64(23387), np.int64(32430), np.int64(45903), np.int64(15014), np.int64(15442), np.int64(22859), np.int64(37561), np.int64(3642), np.int64(5005), np.int64(5879), np.int64(18054), np.int64(18578), np.int64(49152), np.int64(32885), np.int64(46030), np.int64(21505), np.int64(47220), np.int64(12373), np.int64(28651), np.int64(45872), np.int64(35944), np.int64(47757), np.int64(37201), np.int64(30442), np.int64(28151))","(0, 0, 1, 0, 0, 0, 0, 0, 1, 0, 0, 0, 0, 0, 0, 0, 0, 0, 0, 0, 0, 0, 0, 0, 0, 0, 0, 0, 0, 0, 0, 0, 0, 0, 0, 0, 0, 0, 0, 0, 0, 1, 0, 1, 0, 0, 0, 0, 0, 0, 0, 0, 0, 0, 0, 0, 0, 0, 1)"
3.832833,103,34.816365,0,"(np.int64(41433), np.int64(5208), np.int64(35646), np.int64(7181), np.int64(7951), np.int64(37936), np.int64(12722), np.int64(46799), np.int64(519), np.int64(22270), np.int64(30484), np.int64(44688), np.int64(38053), np.int64(7599), np.int64(23643), np.int64(13042), np.int64(47802), np.int64(24510), np.int64(18582), np.int64(34735), np.int64(12055), np.int64(33246), np.int64(28468), np.int64(21779), np.int64(48479), np.int64(33522), np.int64(26089), np.int64(6612), np.int64(27492), np.int64(19917), np.int64(13007), np.int64(39380), np.int64(8392), np.int64(28122), np.int64(25220), np.int64(409), np.int64(34874), np.int64(23671), np.int64(25179), np.int64(28106), np.int64(30589), np.int64(18271), np.int64(48385), np.int64(40122), np.int64(36820), np.int64(32840), np.int64(7713), np.int64(21507), np.int64(16515), np.int64(17945), np.int64(21963), np.int64(33741), np.int64(11935), np.int64(44648), np.int64(22090), np.int64(13614), np.int64(24989), np.int64(40376), np.int64(10938), np.int64(25176), np.int64(29467), np.int64(24556), np.int64(33709), np.int64(42258), np.int64(34788), np.int64(34653), np.int64(42890), np.int64(39845), np.int64(38478), np.int64(43526), np.int64(27690), np.int64(39596), np.int64(41126), np.int64(30811), np.int64(29557), np.int64(36808), np.int64(26114), np.int64(45634), np.int64(26181), np.int64(16811), np.int64(2446), np.int64(39174), np.int64(47882), np.int64(10907), np.int64(16095), np.int64(21275), np.int64(25170), np.int64(12053), np.int64(26022), np.int64(3805), np.int64(41557), np.int64(4957), np.int64(44955), np.int64(8761), np.int64(39778), np.int64(12945), np.int64(19675), np.int64(42027), np.int64(23037), np.int64(12), np.int64(4471), np.int64(35032), np.int64(2470))","(0, 0, 0, 0, 0, 0, 0, 0, 0, 0, 0, 0, 0, 0, 1, 0, 0, 0, 0, 0, 0, 0, 0, 0, 0, 0, 0, 0, 0, 0, 0, 0, 0, 0, 0, 0, 0, 0, 0, 0, 0, 0, 0, 0, 1, 0, 1, 0, 0, 0, 0, 0, 0, 0, 0, 0, 0, 0, 0, 0, 0, 0, 0, 0, 0, 0, 0, 0, 0, 0, 0, 0, 0, 0, 0, 0, 0, 0, 0, 1, 0, 0, 0, 0, 0, 0, 0, 0, 0, 0, 0, 0, 0, 0, 0, 0, 0, 0, 0, 0, 0, 0, 1)"
3.52482,50,35.465793,0,"(np.int64(38903), np.int64(17545), np.int64(45889), np.int64(27744), np.int64(46482), np.int64(7800), np.int64(5491), np.int64(44922), np.int64(39652), np.int64(8573), np.int64(36713), np.int64(48624), np.int64(45435), np.int64(40682), np.int64(21336), np.int64(41456), np.int64(20351), np.int64(25783), np.int64(13600), np.int64(34759), np.int64(42365), np.int64(36381), np.int64(48439), np.int64(39151), np.int64(40301), np.int64(37664), np.int64(40122), np.int64(22478), np.int64(14052), np.int64(11254), np.int64(37637), np.int64(24885), np.int64(2015), np.int64(20122), np.int64(26623), np.int64(23840), np.int64(20555), np.int64(40653), np.int64(42671), np.int64(44669), np.int64(3984), np.int64(33363), np.int64(29690), np.int64(30534), np.int64(49691), np.int64(32427), np.int64(40971), np.int64(8933), np.int64(23271), np.int64(23053))","(0, 0, 0, 0, 0, 0, 0, 0, 0, 0, 0, 0, 0, 0, 0, 0, 0, 0, 0, 1, 0, 0, 0, 0, 0, 0, 0, 0, 1, 0, 0, 0, 0, 0, 0, 1, 0, 0, 0, 0, 0, 0, 0, 0, 0, 1, 1, 0, 0, 0)"
3.625976,50,36.118241,0,"(np.int64(6876), np.int64(49284), np.int64(9944), np.int64(36472), np.int64(45771), np.int64(12458), np.int64(20087), np.int64(38652), np.int64(10760), np.int64(35872), np.int64(41951), np.int64(7214), np.int64(49842), np.int64(12785), np.int64(24731), np.int64(34464), np.int64(49845), np.int64(23821), np.int64(32600), np.int64(44602), np.int64(42106), np.int64(24712), np.int64(49833), np.int64(23887), np.int64(21340), np.int64(29559), np.int64(20986), np.int64(10272), np.int64(31535), np.int64(26726), np.int64(38924), np.int64(348), np.int64(9108), np.int64(19277), np.int64(4710), np.int64(16688), np.int64(10186), np.int64(41536), np.int64(15307), np.int64(33251), np.int64(30011), np.int64(35640), np.int64(31142), np.int64(9468), np.int64(8210), np.int64(47079), np.int64(14329), np.int64(6149), np.int64(47467), np.int64(8022))","(0, 0, 1, 0, 0, 0, 0, 1, 0, 0, 0, 0, 0, 0, 0, 0, 0, 0, 0, 0, 0, 0, 0, 0, 1, 0, 0, 0, 1, 0, 1, 0, 0, 0, 0, 0, 0, 0, 0, 0, 0, 0, 0, 0, 0, 0, 0, 0, 0, 0)"
3.481997,50,36.773259,0,"(np.int64(31762), np.int64(49802), np.int64(44758), np.int64(24170), np.int64(47650), np.int64(13904), np.int64(7702), np.int64(49694), np.int64(15866), np.int64(20748), np.int64(13001), np.int64(23731), np.int64(48277), np.int64(128), np.int64(39413), np.int64(13229), np.int64(12240), np.int64(26493), np.int64(46086), np.int64(41857), np.int64(49017), np.int64(1305), np.int64(41131), np.int64(12458), np.int64(10086), np.int64(40425), np.int64(48754), np.int64(22847), np.int64(23985), np.int64(10318), np.int64(15255), np.int64(28504), np.int64(21186), np.int64(44996), np.int64(16858), np.int64(26636), np.int64(38353), np.int64(24674), np.int64(40013), np.int64(5632), np.int64(23376), np.int64(4180), np.int64(23396), np.int64(21853), np.int64(15612), np.int64(29791), np.int64(26650), np.int64(49578), np.int64(8765), np.int64(4235))","(0, 0, 0, 0, 0, 0, 0, 0, 0, 0, 0, 1, 0, 0, 0, 0, 1, 0, 0, 1, 0, 1, 0, 0, 0, 0, 0, 0, 0, 0, 0, 0, 0, 0, 0, 0, 0, 0, 0, 0, 0, 0, 0, 1, 0, 0, 0, 0, 0, 0)"
5.21003,50,37.427678,0,"(np.int64(37341), np.int64(4779), np.int64(15773), np.int64(9109), np.int64(16541), np.int64(5094), np.int64(14011), np.int64(4087), np.int64(26656), np.int64(35881), np.int64(21346), np.int64(10355), np.int64(43900), np.int64(8516), np.int64(12446), np.int64(25456), np.int64(48818), np.int64(19928), np.int64(37420), np.int64(10929), np.int64(13792), np.int64(1770), np.int64(44662), np.int64(34745), np.int64(44624), np.int64(40068), np.int64(27274), np.int64(2652), np.int64(19631), np.int64(25107), np.int64(5469), np.int64(23679), np.int64(21948), np.int64(31979), np.int64(45818), np.int64(16785), np.int64(21048), np.int64(40509), np.int64(4691), np.int64(14377), np.int64(8458), np.int64(11179), np.int64(3719), np.int64(12356), np.int64(18180), np.int64(12800), np.int64(26156), np.int64(23295), np.int64(8289), np.int64(36254))","(0, 0, 0, 0, 0, 0, 0, 0, 0, 0, 0, 0, 0, 0, 0, 0, 0, 1, 0, 0, 0, 0, 0, 1, 0, 0, 0, 0, 0, 0, 1, 1, 0, 0, 0, 0, 0, 0, 0, 0, 0, 0, 1, 1, 0, 1, 0, 0, 0, 0)"
3.729585,79,38.521883,0,"(np.int64(28074), np.int64(8068), np.int64(44198), np.int64(43031), np.int64(33041), np.int64(38920), np.int64(41824), np.int64(845), np.int64(33982), np.int64(48717), np.int64(49021), np.int64(33930), np.int64(14515), np.int64(36515), np.int64(558), np.int64(38081), np.int64(37558), np.int64(46917), np.int64(45180), np.int64(23194), np.int64(48918), np.int64(32666), np.int64(636), np.int64(6297), np.int64(29856), np.int64(34210), np.int64(1897), np.int64(35241), np.int64(23160), np.int64(8796), np.int64(2698), np.int64(25663), np.int64(49422), np.int64(18503), np.int64(15298), np.int64(44218), np.int64(15009), np.int64(16179), np.int64(15976), np.int64(2387), np.int64(32194), np.int64(46459), np.int64(1913), np.int64(10639), np.int64(48324), np.int64(38671), np.int64(29487), np.int64(38894), np.int64(33838), np.int64(48387), np.int64(25149), np.int64(33061), np.int64(36556), np.int64(16740), np.int64(25784), np.int64(48051), np.int64(41286), np.int64(26577), np.int64(13880), np.int64(4030), np.int64(45891), np.int64(6356), np.int64(13795), np.int64(21127), np.int64(9108), np.int64(11595), np.int64(19556), np.int64(7852), np.int64(33867), np.int64(41827), np.int64(41026), np.int64(6797), np.int64(3683), np.int64(22824), np.int64(391), np.int64(30141), np.int64(5530), np.int64(12141), np.int64(1878))","(0, 0, 0, 0, 0, 0, 0, 1, 0, 0, 1, 0, 0, 0, 0, 0, 0, 0, 0, 0, 0, 0, 0, 0, 0, 0, 0, 0, 0, 0, 0, 0, 0, 0, 0, 0, 1, 0, 0, 1, 0, 0, 0, 0, 0, 0, 0, 0, 0, 0, 0, 0, 0, 0, 0, 0, 0, 0, 0, 0, 0, 0, 0, 0, 0, 0, 0, 0, 0, 0, 0, 0, 0, 0, 0, 0, 0, 0, 1)"
3.663809,114,40.022884,0,"(np.int64(40741), np.int64(34395), np.int64(20036), np.int64(9284), np.int64(10410), np.int64(2191), np.int64(41718), np.int64(23030), np.int64(24374), np.int64(44113), np.int64(39955), np.int64(30289), np.int64(28406), np.int64(48583), np.int64(8505), np.int64(181), np.int64(8276), np.int64(48789), np.int64(33901), np.int64(44112), np.int64(31225), np.int64(20582), np.int64(39822), np.int64(45421), np.int64(29211), np.int64(8233), np.int64(8749), np.int64(25773), np.int64(3538), np.int64(27275), np.int64(24021), np.int64(13074), np.int64(32263), np.int64(49792), np.int64(49071), np.int64(45119), np.int64(39318), np.int64(21440), np.int64(5360), np.int64(44196), np.int64(14970), np.int64(19534), np.int64(34830), np.int64(1472), np.int64(16888), np.int64(12557), np.int64(19961), np.int64(12718), np.int64(29152), np.int64(28291), np.int64(31864), np.int64(41319), np.int64(22702), np.int64(26063), np.int64(17718), np.int64(15657), np.int64(19383), np.int64(14599), np.int64(21484), np.int64(35010), np.int64(33960), np.int64(34278), np.int64(24966), np.int64(42590), np.int64(23288), np.int64(31544), np.int64(16435), np.int64(4700), np.int64(41580), np.int64(1357), np.int64(49574), np.int64(20096), np.int64(44379), np.int64(21959), np.int64(27124), np.int64(10853), np.int64(33059), np.int64(48541), np.int64(19654), np.int64(45595), np.int64(640), np.int64(38760), np.int64(43696), np.int64(26580), np.int64(17292), np.int64(40757), np.int64(40902), np.int64(38108), np.int64(40696), np.int64(10554), np.int64(621), np.int64(35596), np.int64(2063), np.int64(17210), np.int64(6376), np.int64(6952), np.int64(28970), np.int64(24541), np.int64(30308), np.int64(49354), np.int64(36553), np.int64(39194), np.int64(41500), np.int64(3035), np.int64(21724), np.int64(6803), np.int64(33119), np.int64(462), np.int64(17138), np.int64(35480), np.int64(1313), np.int64(44912), np.int64(12156), np.int64(15487))","(0, 0, 0, 0, 0, 0, 0, 0, 0, 0, 0, 0, 0, 0, 0, 0, 0, 0, 0, 0, 0, 0, 0, 0, 0, 0, 0, 0, 0, 0, 0, 0, 0, 0, 0, 0, 0, 0, 0, 0, 1, 0, 0, 0, 0, 0, 0, 0, 0, 0, 0, 0, 0, 0, 0, 0, 0, 0, 0, 0, 0, 0, 0, 0, 0, 0, 0, 0, 0, 1, 0, 0, 0, 0, 0, 0, 0, 0, 0, 0, 0, 1, 0, 0, 0, 0, 0, 0, 0, 0, 0, 0, 0, 0, 0, 0, 0, 0, 0, 0, 0, 0, 0, 1, 0, 0, 0, 0, 0, 0, 0, 0, 0, 1)"
3.742637,55,40.751694,0,"(np.int64(23237), np.int64(12069), np.int64(42000), np.int64(49691), np.int64(11741), np.int64(17800), np.int64(38280), np.int64(45421), np.int64(32396), np.int64(6200), np.int64(3785), np.int64(14578), np.int64(32620), np.int64(34905), np.int64(47997), np.int64(9133), np.int64(8505), np.int64(18530), np.int64(4736), np.int64(15244), np.int64(24147), np.int64(42208), np.int64(35787), np.int64(25600), np.int64(3787), np.int64(46623), np.int64(21789), np.int64(28425), np.int64(38487), np.int64(48994), np.int64(41466), np.int64(19828), np.int64(35867), np.int64(25372), np.int64(16010), np.int64(43531), np.int64(37941), np.int64(3759), np.int64(5885), np.int64(22032), np.int64(1850), np.int64(35573), np.int64(9768), np.int64(47137), np.int64(19698), np.int64(42975), np.int64(107), np.int64(21931), np.int64(1960), np.int64(33121), np.int64(13265), np.int64(32747), np.int64(47908), np.int64(35088), np.int64(4229))","(0, 0, 0, 0, 0, 0, 0, 0, 0, 0, 0, 0, 0, 0, 0, 0, 0, 0, 0, 0, 0, 0, 0, 0, 0, 0, 0, 0, 0, 0, 0, 0, 0, 0, 0, 0, 0, 1, 0, 0, 0, 0, 0, 0, 0, 0, 0, 1, 1, 0, 0, 1, 0, 0, 1)"
3.640674,54,41.457333,0,"(np.int64(36592), np.int64(2863), np.int64(42462), np.int64(48512), np.int64(24734), np.int64(31113), np.int64(28912), np.int64(6801), np.int64(32645), np.int64(47389), np.int64(30190), np.int64(45330), np.int64(23499), np.int64(23517), np.int64(12458), np.int64(7193), np.int64(41017), np.int64(32823), np.int64(17953), np.int64(13095), np.int64(26831), np.int64(16655), np.int64(10209), np.int64(5250), np.int64(5132), np.int64(38471), np.int64(37531), np.int64(15421), np.int64(27881), np.int64(36045), np.int64(11456), np.int64(29762), np.int64(42957), np.int64(16059), np.int64(2452), np.int64(15887), np.int64(13868), np.int64(43076), np.int64(754), np.int64(42753), np.int64(11583), np.int64(25633), np.int64(45906), np.int64(39080), np.int64(9448), np.int64(20820), np.int64(28850), np.int64(15378), np.int64(24413), np.int64(32588), np.int64(10625), np.int64(21790), np.int64(12089), np.int64(28519))","(0, 0, 0, 0, 0, 0, 0, 0, 0, 0, 0, 0, 1, 0, 0, 0, 0, 0, 1, 1, 0, 0, 0, 0, 0, 0, 0, 0, 0, 0, 0, 0, 0, 0, 0, 1, 0, 0, 0, 0, 0, 0, 0, 0, 0, 0, 0, 0, 0, 0, 0, 0, 0, 1)"
7.59683,50,42.109461,0,"(np.int64(33753), np.int64(38877), np.int64(798), np.int64(10667), np.int64(34028), np.int64(47848), np.int64(25637), np.int64(116), np.int64(42319), np.int64(41813), np.int64(32473), np.int64(34308), np.int64(25222), np.int64(37923), np.int64(27720), np.int64(33432), np.int64(1912), np.int64(48191), np.int64(46560), np.int64(19901), np.int64(41189), np.int64(28208), np.int64(820), np.int64(5311), np.int64(34327), np.int64(31290), np.int64(5527), np.int64(18302), np.int64(22937), np.int64(19260), np.int64(41937), np.int64(45201), np.int64(15670), np.int64(5998), np.int64(3173), np.int64(31533), np.int64(15584), np.int64(14228), np.int64(20872), np.int64(2321), np.int64(6076), np.int64(32109), np.int64(12823), np.int64(22971), np.int64(18708), np.int64(48366), np.int64(35086), np.int64(22579), np.int64(15076), np.int64(28912))","(0, 0, 0, 1, 0, 0, 0, 1, 0, 1, 0, 0, 0, 0, 0, 0, 1, 0, 1, 0, 0, 0, 0, 0, 0, 0, 0, 0, 0, 1, 0, 0, 0, 0, 1, 0, 0, 1, 0, 0, 0, 0, 1, 0, 1, 0, 0, 0, 0, 0)"
4.025657,62,42.953758,0,"(np.int64(11996), np.int64(20787), np.int64(41666), np.int64(8908), np.int64(31937), np.int64(26625), np.int64(11137), np.int64(3069), np.int64(30060), np.int64(10508), np.int64(34249), np.int64(19399), np.int64(25298), np.int64(9604), np.int64(19016), np.int64(49674), np.int64(49258), np.int64(23257), np.int64(8712), np.int64(46440), np.int64(7591), np.int64(21746), np.int64(49208), np.int64(47273), np.int64(44719), np.int64(7282), np.int64(2880), np.int64(1086), np.int64(12354), np.int64(23775), np.int64(46903), np.int64(47671), np.int64(10450), np.int64(549), np.int64(46053), np.int64(14796), np.int64(26030), np.int64(46387), np.int64(31171), np.int64(37295), np.int64(33227), np.int64(24813), np.int64(36698), np.int64(15941), np.int64(43912), np.int64(7357), np.int64(24628), np.int64(6227), np.int64(34376), np.int64(8888), np.int64(25506), np.int64(24447), np.int64(18059), np.int64(35598), np.int64(6434), np.int64(5866), np.int64(37878), np.int64(31580), np.int64(32078), np.int64(47743), np.int64(16965), np.int64(15314))","(0, 0, 0, 0, 0, 0, 1, 0, 0, 0, 0, 0, 0, 0, 0, 0, 0, 0, 0, 0, 1, 0, 0, 0, 0, 0, 0, 0, 0, 1, 0, 0, 0, 0, 0, 0, 0, 0, 0, 0, 0, 0, 0, 0, 0, 0, 0, 1, 0, 0, 0, 0, 0, 0, 0, 0, 0, 0, 0, 0, 0, 1)"
3.731587,50,43.607043,0,"(np.int64(41272), np.int64(7635), np.int64(4872), np.int64(19199), np.int64(28438), np.int64(2658), np.int64(2586), np.int64(35146), np.int64(11563), np.int64(38974), np.int64(32213), np.int64(39382), np.int64(8770), np.int64(15011), np.int64(33298), np.int64(47957), np.int64(24711), np.int64(5862), np.int64(32898), np.int64(42421), np.int64(28696), np.int64(4671), np.int64(1147), np.int64(4455), np.int64(17722), np.int64(27053), np.int64(40366), np.int64(4240), np.int64(22841), np.int64(37310), np.int64(14539), np.int64(44), np.int64(4468), np.int64(47673), np.int64(35483), np.int64(2325), np.int64(1173), np.int64(5838), np.int64(9722), np.int64(15494), np.int64(38203), np.int64(43749), np.int64(15990), np.int64(17145), np.int64(37209), np.int64(30210), np.int64(35275), np.int64(2576), np.int64(11347), np.int64(33760))","(0, 0, 0, 0, 0, 0, 0, 0, 1, 0, 0, 1, 0, 0, 0, 0, 0, 0, 0, 0, 0, 0, 0, 0, 0, 0, 0, 1, 0, 0, 0, 1, 0, 0, 0, 0, 0, 0, 0, 0, 0, 0, 1, 0, 0, 0, 0, 0, 0, 0)"
3.818754,100,45.018114,0,"(np.int64(48761), np.int64(8921), np.int64(17021), np.int64(26756), np.int64(27119), np.int64(30897), np.int64(13468), np.int64(21449), np.int64(22056), np.int64(28583), np.int64(39995), np.int64(28414), np.int64(11322), np.int64(1962), np.int64(28743), np.int64(16987), np.int64(41912), np.int64(48734), np.int64(35352), np.int64(23595), np.int64(28444), np.int64(22310), np.int64(17845), np.int64(45093), np.int64(42841), np.int64(853), np.int64(49563), np.int64(44467), np.int64(37818), np.int64(33487), np.int64(6766), np.int64(43206), np.int64(11770), np.int64(10010), np.int64(40703), np.int64(25354), np.int64(3701), np.int64(32955), np.int64(16610), np.int64(38221), np.int64(16706), np.int64(49154), np.int64(26920), np.int64(2757), np.int64(15838), np.int64(781), np.int64(44988), np.int64(2924), np.int64(31084), np.int64(17220), np.int64(17696), np.int64(8909), np.int64(3107), np.int64(35936), np.int64(48338), np.int64(22670), np.int64(4933), np.int64(44161), np.int64(31275), np.int64(34390), np.int64(30093), np.int64(45591), np.int64(22637), np.int64(38107), np.int64(1602), np.int64(20812), np.int64(43985), np.int64(8304), np.int64(19021), np.int64(16360), np.int64(31140), np.int64(24483), np.int64(12105), np.int64(27846), np.int64(40267), np.int64(19287), np.int64(1205), np.int64(11580), np.int64(20908), np.int64(45163), np.int64(49596), np.int64(36749), np.int64(23547), np.int64(45331), np.int64(37545), np.int64(22603), np.int64(39682), np.int64(31022), np.int64(9565), np.int64(26273), np.int64(12440), np.int64(39869), np.int64(904), np.int64(49083), np.int64(14691), np.int64(48123), np.int64(34394), np.int64(41151), np.int64(811), np.int64(13532))","(0, 0, 0, 0, 0, 0, 0, 0, 0, 0, 0, 0, 0, 0, 0, 0, 0, 0, 0, 1, 0, 0, 0, 0, 0, 0, 0, 0, 0, 0, 0, 0, 1, 0, 0, 0, 0, 0, 0, 0, 0, 0, 0, 0, 0, 0, 0, 0, 0, 0, 0, 0, 0, 0, 0, 0, 0, 0, 0, 0, 0, 0, 0, 0, 0, 0, 0, 0, 0, 0, 0, 0, 0, 0, 0, 1, 0, 0, 0, 0, 0, 0, 0, 0, 0, 0, 0, 1, 0, 0, 0, 0, 0, 0, 0, 0, 0, 0, 0, 1)"
3.805967,75,46.262798,0,"(np.int64(21730), np.int64(19975), np.int64(34006), np.int64(36870), np.int64(14067), np.int64(13157), np.int64(43266), np.int64(42138), np.int64(13199), np.int64(1384), np.int64(30702), np.int64(7690), np.int64(47995), np.int64(47858), np.int64(12415), np.int64(34044), np.int64(9684), np.int64(37585), np.int64(2336), np.int64(19371), np.int64(25026), np.int64(41073), np.int64(582), np.int64(47810), np.int64(1117), np.int64(1763), np.int64(2133), np.int64(28782), np.int64(23027), np.int64(24726), np.int64(16206), np.int64(24850), np.int64(38651), np.int64(22923), np.int64(5810), np.int64(15211), np.int64(35994), np.int64(44608), np.int64(23889), np.int64(46635), np.int64(16526), np.int64(21085), np.int64(17217), np.int64(41724), np.int64(27269), np.int64(4041), np.int64(23838), np.int64(25929), np.int64(39602), np.int64(30684), np.int64(30546), np.int64(45063), np.int64(6198), np.int64(840), np.int64(3250), np.int64(21939), np.int64(21505), np.int64(42535), np.int64(49074), np.int64(8983), np.int64(20966), np.int64(3578), np.int64(46845), np.int64(45369), np.int64(16104), np.int64(1503), np.int64(47429), np.int64(4054), np.int64(30368), np.int64(11649), np.int64(15623), np.int64(6345), np.int64(4935), np.int64(5045), np.int64(20507))","(1, 0, 0, 0, 0, 0, 0, 0, 1, 0, 0, 0, 0, 0, 0, 0, 0, 0, 0, 0, 0, 0, 0, 0, 0, 0, 0, 0, 0, 0, 0, 0, 0, 0, 0, 0, 0, 0, 0, 0, 0, 0, 0, 0, 0, 0, 0, 0, 0, 0, 0, 0, 1, 0, 0, 1, 0, 0, 0, 0, 0, 0, 0, 0, 0, 0, 0, 0, 0, 0, 0, 0, 0, 0, 1)"
3.539101,50,47.180074,0,"(np.int64(5854), np.int64(34795), np.int64(49225), np.int64(25418), np.int64(30360), np.int64(29400), np.int64(23343), np.int64(1192), np.int64(40343), np.int64(5187), np.int64(11899), np.int64(13910), np.int64(33745), np.int64(41642), np.int64(38145), np.int64(30946), np.int64(13897), np.int64(1645), np.int64(2387), np.int64(2129), np.int64(34005), np.int64(403), np.int64(41209), np.int64(14744), np.int64(20929), np.int64(37925), np.int64(1246), np.int64(14297), np.int64(17692), np.int64(38315), np.int64(38709), np.int64(25706), np.int64(46631), np.int64(10624), np.int64(44106), np.int64(46316), np.int64(46970), np.int64(13915), np.int64(29701), np.int64(2979), np.int64(226), np.int64(42877), np.int64(49070), np.int64(36911), np.int64(8640), np.int64(23046), np.int64(19666), np.int64(49107), np.int64(36245), np.int64(35329))","(0, 0, 0, 0, 0, 0, 0, 0, 0, 0, 0, 0, 0, 1, 0, 0, 0, 1, 1, 0, 0, 0, 0, 0, 0, 0, 0, 0, 0, 0, 0, 0, 0, 0, 0, 0, 0, 0, 0, 0, 0, 0, 1, 0, 0, 0, 1, 0, 0, 0)"
4.009444,67,48.258581,0,"(np.int64(38748), np.int64(42591), np.int64(34737), np.int64(28882), np.int64(44651), np.int64(36387), np.int64(6531), np.int64(14269), np.int64(844), np.int64(25796), np.int64(39335), np.int64(13550), np.int64(16791), np.int64(41291), np.int64(49572), np.int64(19591), np.int64(13179), np.int64(46079), np.int64(2580), np.int64(13541), np.int64(20093), np.int64(49555), np.int64(37252), np.int64(4677), np.int64(47479), np.int64(29122), np.int64(3499), np.int64(30788), np.int64(37610), np.int64(24346), np.int64(9854), np.int64(25025), np.int64(944), np.int64(19445), np.int64(24301), np.int64(22131), np.int64(27056), np.int64(13605), np.int64(3846), np.int64(1369), np.int64(14813), np.int64(47995), np.int64(13603), np.int64(3206), np.int64(42707), np.int64(3294), np.int64(49366), np.int64(23035), np.int64(4993), np.int64(26216), np.int64(49949), np.int64(29153), np.int64(26768), np.int64(48323), np.int64(36182), np.int64(17326), np.int64(35898), np.int64(10489), np.int64(7574), np.int64(9979), np.int64(33011), np.int64(8510), np.int64(49845), np.int64(47296), np.int64(407), np.int64(49855), np.int64(6001))","(0, 0, 0, 0, 0, 0, 0, 0, 0, 0, 0, 0, 0, 0, 0, 0, 0, 0, 0, 0, 1, 0, 0, 0, 0, 0, 0, 0, 0, 0, 0, 0, 0, 0, 0, 0, 0, 1, 0, 1, 0, 0, 0, 0, 0, 0, 0, 0, 1, 0, 0, 0, 0, 0, 0, 0, 0, 0, 0, 0, 0, 0, 0, 0, 0, 0, 1)"
4.363296,50,49.222512,0,"(np.int64(47197), np.int64(11292), np.int64(32468), np.int64(28441), np.int64(7269), np.int64(21681), np.int64(47852), np.int64(38325), np.int64(22564), np.int64(9426), np.int64(5969), np.int64(32037), np.int64(29423), np.int64(19775), np.int64(26957), np.int64(4046), np.int64(2108), np.int64(12613), np.int64(44672), np.int64(8293), np.int64(17209), np.int64(3761), np.int64(19626), np.int64(44815), np.int64(24484), np.int64(21208), np.int64(31008), np.int64(48290), np.int64(28899), np.int64(49401), np.int64(44216), np.int64(456), np.int64(37356), np.int64(43693), np.int64(36321), np.int64(21610), np.int64(1270), np.int64(41114), np.int64(15180), np.int64(41718), np.int64(19118), np.int64(42206), np.int64(643), np.int64(16873), np.int64(6058), np.int64(8286), np.int64(41233), np.int64(33860), np.int64(12866), np.int64(41198))","(0, 0, 0, 1, 1, 0, 0, 0, 0, 0, 1, 0, 0, 0, 0, 0, 0, 0, 0, 0, 0, 0, 0, 0, 0, 0, 0, 0, 0, 0, 0, 0, 0, 0, 0, 0, 1, 1, 0, 0, 0, 0, 0, 0, 1, 0, 0, 0, 0, 0)"
3.629203,27,49.682814,0,"(np.int64(13159), np.int64(17166), np.int64(17428), np.int64(2218), np.int64(48914), np.int64(41488), np.int64(27667), np.int64(27028), np.int64(25134), np.int64(46531), np.int64(41488), np.int64(9549), np.int64(5086), np.int64(13279), np.int64(15841), np.int64(41187), np.int64(3580), np.int64(6443), np.int64(23671), np.int64(14382), np.int64(12076), np.int64(33050), np.int64(25561), np.int64(8505), np.int64(34229), np.int64(33656), np.int64(15183))","(0, 0, 0, 0, 1, 0, 0, 1, 0, 0, 0, 1, 0, 0, 1, 0, 0, 0, 0, 1, 0, 0, 0, 0, 0, 0, 0)"
3.892997,63,50.692314,0,"(np.int64(48671), np.int64(5427), np.int64(26095), np.int64(11896), np.int64(24670), np.int64(19983), np.int64(39636), np.int64(17897), np.int64(19136), np.int64(21929), np.int64(33978), np.int64(17293), np.int64(46708), np.int64(13715), np.int64(38606), np.int64(18701), np.int64(18126), np.int64(20949), np.int64(6354), np.int64(5911), np.int64(42211), np.int64(13219), np.int64(8610), np.int64(16298), np.int64(16327), np.int64(1618), np.int64(7558), np.int64(28656), np.int64(43138), np.int64(19689), np.int64(45876), np.int64(32130), np.int64(49702), np.int64(50021), np.int64(40579), np.int64(26454), np.int64(38979), np.int64(22337), np.int64(25632), np.int64(19650), np.int64(26717), np.int64(29082), np.int64(3169), np.int64(7563), np.int64(30098), np.int64(30210), np.int64(42922), np.int64(25499), np.int64(23933), np.int64(27321), np.int64(16804), np.int64(22154), np.int64(9010), np.int64(41562), np.int64(17761), np.int64(17495), np.int64(2740), np.int64(48986), np.int64(28736), np.int64(33785), np.int64(47063), np.int64(17288), np.int64(529))","(0, 0, 1, 0, 0, 0, 0, 0, 1, 0, 0, 0, 0, 0, 0, 0, 0, 0, 1, 0, 0, 0, 0, 1, 0, 0, 0, 0, 0, 0, 0, 0, 0, 0, 0, 0, 0, 0, 0, 0, 0, 0, 0, 0, 0, 0, 0, 0, 0, 0, 0, 0, 0, 0, 0, 0, 0, 0, 0, 0, 0, 0, 1)"
4.611089,50,51.597964,0,"(np.int64(19695), np.int64(1760), np.int64(12768), np.int64(32023), np.int64(43937), np.int64(18002), np.int64(17587), np.int64(21384), np.int64(39291), np.int64(7283), np.int64(24926), np.int64(16166), np.int64(5660), np.int64(25047), np.int64(15288), np.int64(29205), np.int64(32314), np.int64(29520), np.int64(45007), np.int64(40374), np.int64(19270), np.int64(3987), np.int64(33188), np.int64(5417), np.int64(6999), np.int64(9808), np.int64(46355), np.int64(10640), np.int64(46804), np.int64(10298), np.int64(32583), np.int64(24351), np.int64(13697), np.int64(45381), np.int64(5552), np.int64(5887), np.int64(14074), np.int64(43731), np.int64(11263), np.int64(48903), np.int64(37911), np.int64(12724), np.int64(25361), np.int64(37174), np.int64(2638), np.int64(10186), np.int64(1608), np.int64(8065), np.int64(10112), np.int64(8967))","(0, 0, 1, 0, 0, 0, 1, 0, 0, 1, 0, 0, 0, 0, 0, 0, 0, 0, 0, 0, 0, 0, 0, 0, 0, 0, 0, 0, 0, 0, 0, 0, 0, 0, 1, 1, 0, 0, 0, 0, 0, 0, 0, 0, 0, 0, 1, 0, 0, 0)"
4.610969,44,52.161994,0,"(np.int64(8427), np.int64(28380), np.int64(8939), np.int64(36557), np.int64(20400), np.int64(6703), np.int64(20844), np.int64(10349), np.int64(2634), np.int64(27189), np.int64(43580), np.int64(31713), np.int64(40238), np.int64(24907), np.int64(45984), np.int64(40412), np.int64(30786), np.int64(36640), np.int64(22006), np.int64(31990), np.int64(48841), np.int64(37791), np.int64(9916), np.int64(23271), np.int64(16128), np.int64(34407), np.int64(41691), np.int64(9654), np.int64(23081), np.int64(48808), np.int64(47688), np.int64(25461), np.int64(42261), np.int64(38148), np.int64(34739), np.int64(12017), np.int64(25031), np.int64(17450), np.int64(36829), np.int64(44265), np.int64(17955), np.int64(44731), np.int64(35758), np.int64(12770))","(0, 0, 0, 0, 0, 0, 0, 1, 0, 0, 0, 0, 0, 0, 0, 0, 0, 0, 0, 0, 0, 1, 1, 0, 0, 0, 0, 0, 0, 0, 0, 0, 0, 0, 0, 0, 1, 0, 1, 0, 0, 0, 1, 0)"
4.369364,50,52.811097,0,"(np.int64(15449), np.int64(8676), np.int64(22966), np.int64(28624), np.int64(39495), np.int64(25482), np.int64(35799), np.int64(3292), np.int64(24670), np.int64(4808), np.int64(27259), np.int64(14776), np.int64(32186), np.int64(1999), np.int64(21848), np.int64(20211), np.int64(11611), np.int64(47145), np.int64(46073), np.int64(1981), np.int64(41285), np.int64(21836), np.int64(27113), np.int64(32011), np.int64(10652), np.int64(17214), np.int64(36385), np.int64(13558), np.int64(41254), np.int64(1847), np.int64(23000), np.int64(48954), np.int64(26747), np.int64(14725), np.int64(44989), np.int64(3435), np.int64(34319), np.int64(28084), np.int64(15470), np.int64(46282), np.int64(36390), np.int64(13591), np.int64(49949), np.int64(14018), np.int64(24712), np.int64(47864), np.int64(38002), np.int64(21120), np.int64(42895), np.int64(44901))","(0, 0, 0, 0, 0, 0, 0, 0, 0, 0, 0, 0, 0, 0, 0, 0, 0, 0, 0, 0, 0, 1, 0, 0, 1, 0, 0, 0, 0, 0, 0, 0, 0, 0, 0, 0, 0, 0, 1, 1, 1, 0, 0, 1, 0, 0, 0, 0, 0, 0)"
3.808716,44,53.370417,0,"(np.int64(49237), np.int64(24435), np.int64(30050), np.int64(6727), np.int64(43338), np.int64(33240), np.int64(42823), np.int64(15583), np.int64(4694), np.int64(655), np.int64(6924), np.int64(25538), np.int64(33794), np.int64(1784), np.int64(40451), np.int64(18134), np.int64(6820), np.int64(41719), np.int64(38162), np.int64(47337), np.int64(28520), np.int64(37771), np.int64(44813), np.int64(41524), np.int64(12504), np.int64(8806), np.int64(22627), np.int64(39253), np.int64(29069), np.int64(9721), np.int64(13201), np.int64(23682), np.int64(16732), np.int64(15287), np.int64(3499), np.int64(1985), np.int64(43866), np.int64(14738), np.int64(19508), np.int64(32726), np.int64(17148), np.int64(9721), np.int64(44088), np.int64(20334))","(0, 0, 0, 0, 0, 0, 0, 0, 0, 1, 1, 0, 0, 1, 0, 0, 1, 0, 0, 0, 0, 0, 0, 0, 0, 0, 0, 0, 1, 0, 0, 0, 0, 0, 0, 0, 0, 0, 0, 0, 0, 0, 0, 0)"
3.990303,50,54.001689,0,"(np.int64(16949), np.int64(25883), np.int64(1583), np.int64(16311), np.int64(46961), np.int64(48827), np.int64(9188), np.int64(14306), np.int64(18457), np.int64(13832), np.int64(25245), np.int64(45378), np.int64(28978), np.int64(29442), np.int64(29422), np.int64(966), np.int64(37294), np.int64(42953), np.int64(21060), np.int64(15106), np.int64(46836), np.int64(6240), np.int64(46913), np.int64(11826), np.int64(34847), np.int64(20768), np.int64(37105), np.int64(35050), np.int64(49247), np.int64(28761), np.int64(47491), np.int64(22312), np.int64(9507), np.int64(2183), np.int64(40737), np.int64(21736), np.int64(43643), np.int64(28346), np.int64(23957), np.int64(49421), np.int64(35406), np.int64(46705), np.int64(47289), np.int64(7347), np.int64(8017), np.int64(25408), np.int64(6782), np.int64(12077), np.int64(7002), np.int64(17020))","(0, 0, 0, 0, 0, 0, 0, 1, 0, 0, 1, 0, 0, 0, 0, 0, 1, 0, 0, 0, 0, 0, 0, 0, 0, 0, 0, 0, 0, 1, 0, 0, 0, 0, 0, 0, 0, 0, 0, 0, 0, 0, 0, 0, 0, 0, 0, 1, 0, 0)"
5.584108,23,54.3017,0,"(np.int64(14349), np.int64(6327), np.int64(15244), np.int64(16364), np.int64(43814), np.int64(36222), np.int64(6416), np.int64(17407), np.int64(9038), np.int64(9710), np.int64(18341), np.int64(13141), np.int64(19283), np.int64(47734), np.int64(34493), np.int64(4364), np.int64(18026), np.int64(20570), np.int64(14047), np.int64(6967), np.int64(15450), np.int64(10646), np.int64(36681))","(0, 1, 0, 1, 0, 0, 0, 0, 0, 1, 1, 0, 0, 0, 1, 0, 0, 0, 0, 1, 1, 0, 0)"
3.936049,55,54.990258,0,"(np.int64(47989), np.int64(29379), np.int64(11610), np.int64(38742), np.int64(42187), np.int64(40637), np.int64(34664), np.int64(16390), np.int64(30775), np.int64(25972), np.int64(37825), np.int64(21187), np.int64(22354), np.int64(44275), np.int64(41626), np.int64(44320), np.int64(34617), np.int64(36528), np.int64(3656), np.int64(7090), np.int64(32762), np.int64(49485), np.int64(47621), np.int64(25767), np.int64(25214), np.int64(17880), np.int64(49422), np.int64(36488), np.int64(6646), np.int64(47745), np.int64(36304), np.int64(1281), np.int64(9677), np.int64(42174), np.int64(19852), np.int64(36364), np.int64(7830), np.int64(42500), np.int64(32551), np.int64(7686), np.int64(28474), np.int64(14961), np.int64(23832), np.int64(9472), np.int64(14538), np.int64(17093), np.int64(3402), np.int64(22797), np.int64(4668), np.int64(7523), np.int64(21969), np.int64(7888), np.int64(36892), np.int64(1472), np.int64(4659))","(0, 0, 1, 0, 0, 0, 0, 0, 0, 0, 0, 0, 0, 0, 0, 0, 0, 0, 0, 0, 0, 0, 0, 0, 0, 0, 0, 0, 0, 0, 0, 0, 0, 0, 0, 0, 0, 0, 0, 1, 0, 0, 0, 0, 0, 0, 1, 0, 0, 0, 0, 1, 0, 0, 1)"
3.763918,46,55.591423,0,"(np.int64(35488), np.int64(8618), np.int64(19681), np.int64(46698), np.int64(13583), np.int64(39392), np.int64(35675), np.int64(48187), np.int64(6750), np.int64(4824), np.int64(32459), np.int64(3530), np.int64(39577), np.int64(43683), np.int64(4607), np.int64(31255), np.int64(35827), np.int64(20422), np.int64(7684), np.int64(31144), np.int64(35326), np.int64(50026), np.int64(26339), np.int64(3396), np.int64(34376), np.int64(39239), np.int64(19468), np.int64(33620), np.int64(27624), np.int64(14521), np.int64(18475), np.int64(5518), np.int64(13841), np.int64(3267), np.int64(13902), np.int64(29399), np.int64(32368), np.int64(13183), np.int64(11911), np.int64(32680), np.int64(904), np.int64(34400), np.int64(11543), np.int64(34739), np.int64(1467), np.int64(50021))","(0, 0, 1, 0, 0, 0, 0, 0, 0, 0, 0, 0, 0, 0, 0, 1, 0, 1, 0, 0, 0, 0, 0, 0, 0, 0, 0, 1, 0, 0, 0, 0, 0, 0, 0, 1, 0, 0, 0, 0, 0, 0, 0, 0, 0, 0)"
3.734331,77,56.578097,0,"(np.int64(38837), np.int64(18935), np.int64(34102), np.int64(23404), np.int64(5040), np.int64(8350), np.int64(2021), np.int64(17755), np.int64(42066), np.int64(44438), np.int64(31563), np.int64(33075), np.int64(17636), np.int64(25327), np.int64(49953), np.int64(21483), np.int64(20095), np.int64(30631), np.int64(32572), np.int64(46853), np.int64(21194), np.int64(31109), np.int64(41471), np.int64(9770), np.int64(49038), np.int64(8317), np.int64(1545), np.int64(34990), np.int64(31096), np.int64(1974), np.int64(21329), np.int64(43949), np.int64(13499), np.int64(31498), np.int64(8311), np.int64(43267), np.int64(48121), np.int64(16646), np.int64(39101), np.int64(19276), np.int64(25419), np.int64(30586), np.int64(24766), np.int64(34301), np.int64(38344), np.int64(25260), np.int64(40567), np.int64(44084), np.int64(9360), np.int64(42425), np.int64(14427), np.int64(38019), np.int64(32262), np.int64(41227), np.int64(28424), np.int64(43277), np.int64(40193), np.int64(4581), np.int64(19553), np.int64(21105), np.int64(8070), np.int64(43927), np.int64(24892), np.int64(38879), np.int64(7473), np.int64(3670), np.int64(695), np.int64(3247), np.int64(48706), np.int64(21926), np.int64(42202), np.int64(7327), np.int64(2847), np.int64(13447), np.int64(48848), np.int64(27535), np.int64(32924))","(0, 0, 0, 0, 0, 0, 0, 0, 0, 0, 0, 0, 0, 0, 0, 0, 0, 0, 0, 0, 1, 0, 0, 0, 0, 0, 1, 0, 0, 0, 0, 0, 0, 0, 0, 0, 0, 0, 0, 0, 0, 0, 0, 0, 0, 0, 0, 0, 0, 0, 0, 0, 1, 0, 0, 0, 0, 1, 0, 0, 0, 0, 0, 0, 0, 0, 0, 0, 0, 0, 0, 0, 0, 0, 0, 0, 1)"
3.741755,68,57.452673,0,"(np.int64(18369), np.int64(37624), np.int64(9715), np.int64(28717), np.int64(31114), np.int64(17319), np.int64(15645), np.int64(2548), np.int64(17896), np.int64(27397), np.int64(15797), np.int64(28852), np.int64(28575), np.int64(3600), np.int64(39913), np.int64(24539), np.int64(32006), np.int64(31159), np.int64(18756), np.int64(7660), np.int64(14627), np.int64(37416), np.int64(5807), np.int64(35202), np.int64(20709), np.int64(33965), np.int64(34406), np.int64(28861), np.int64(28182), np.int64(43745), np.int64(4547), np.int64(35918), np.int64(14864), np.int64(42294), np.int64(1698), np.int64(669), np.int64(34563), np.int64(49277), np.int64(34539), np.int64(18245), np.int64(1032), np.int64(42668), np.int64(22118), np.int64(20812), np.int64(48592), np.int64(31697), np.int64(5652), np.int64(13368), np.int64(7337), np.int64(35850), np.int64(44973), np.int64(36479), np.int64(49401), np.int64(46433), np.int64(45045), np.int64(10036), np.int64(1313), np.int64(44256), np.int64(35308), np.int64(8947), np.int64(23841), np.int64(38817), np.int64(5984), np.int64(25833), np.int64(5550), np.int64(23377), np.int64(47803), np.int64(817))","(0, 0, 0, 0, 0, 0, 0, 0, 0, 0, 0, 0, 0, 0, 0, 0, 0, 0, 1, 0, 0, 0, 0, 0, 0, 0, 0, 0, 0, 0, 1, 0, 0, 0, 0, 0, 0, 0, 0, 0, 0, 1, 0, 0, 0, 0, 0, 0, 1, 0, 0, 0, 0, 0, 0, 0, 0, 0, 0, 0, 0, 0, 0, 0, 0, 0, 0, 1)"
3.837075,24,57.770269,0,"(np.int64(1544), np.int64(16445), np.int64(347), np.int64(24848), np.int64(43705), np.int64(43516), np.int64(19805), np.int64(45715), np.int64(11686), np.int64(30158), np.int64(38903), np.int64(31664), np.int64(18976), np.int64(2054), np.int64(42868), np.int64(14333), np.int64(10794), np.int64(34179), np.int64(40974), np.int64(1531), np.int64(8052), np.int64(5777), np.int64(44464), np.int64(19724))","(0, 0, 1, 0, 0, 0, 1, 0, 0, 0, 0, 0, 1, 1, 0, 0, 0, 0, 0, 0, 1, 0, 0, 0)"
3.802475,106,59.137142,0,"(np.int64(20250), np.int64(14728), np.int64(2630), np.int64(8), np.int64(7012), np.int64(14002), np.int64(48063), np.int64(29025), np.int64(31662), np.int64(97), np.int64(4769), np.int64(44755), np.int64(12488), np.int64(44283), np.int64(35980), np.int64(1898), np.int64(4440), np.int64(39494), np.int64(45610), np.int64(2846), np.int64(28552), np.int64(31512), np.int64(32754), np.int64(36133), np.int64(36320), np.int64(23695), np.int64(5508), np.int64(16473), np.int64(12973), np.int64(28697), np.int64(3068), np.int64(35870), np.int64(11651), np.int64(21464), np.int64(48388), np.int64(17963), np.int64(44987), np.int64(11865), np.int64(21434), np.int64(33710), np.int64(740), np.int64(29267), np.int64(10786), np.int64(18689), np.int64(49517), np.int64(28622), np.int64(9399), np.int64(31761), np.int64(49686), np.int64(31798), np.int64(12752), np.int64(48180), np.int64(7621), np.int64(19912), np.int64(29464), np.int64(17055), np.int64(12181), np.int64(27295), np.int64(9752), np.int64(28554), np.int64(33093), np.int64(21383), np.int64(24133), np.int64(11561), np.int64(24812), np.int64(16852), np.int64(4307), np.int64(5221), np.int64(26621), np.int64(24762), np.int64(820), np.int64(31962), np.int64(37949), np.int64(8602), np.int64(39833), np.int64(32273), np.int64(27948), np.int64(48641), np.int64(38681), np.int64(34564), np.int64(10381), np.int64(11748), np.int64(22581), np.int64(40853), np.int64(24701), np.int64(42549), np.int64(22621), np.int64(13352), np.int64(45969), np.int64(8212), np.int64(45698), np.int64(36355), np.int64(45126), np.int64(41569), np.int64(13660), np.int64(46581), np.int64(16135), np.int64(3386), np.int64(22297), np.int64(45419), np.int64(23462), np.int64(42094), np.int64(47907), np.int64(39671), np.int64(14436), np.int64(1227))","(0, 0, 0, 0, 0, 0, 0, 0, 0, 0, 0, 0, 0, 0, 0, 1, 0, 0, 1, 0, 0, 0, 0, 0, 0, 0, 0, 1, 0, 0, 0, 0, 0, 0, 0, 1, 0, 0, 0, 0, 0, 0, 0, 0, 0, 0, 0, 0, 0, 0, 0, 0, 0, 0, 0, 0, 0, 0, 0, 0, 0, 0, 0, 0, 0, 0, 0, 0, 0, 0, 0, 0, 0, 0, 0, 0, 0, 0, 0, 0, 0, 0, 0, 0, 0, 0, 0, 0, 0, 0, 0, 0, 0, 0, 0, 0, 0, 0, 0, 0, 0, 0, 0, 0, 0, 1)"
3.594069,36,59.593112,0,"(np.int64(8990), np.int64(16617), np.int64(40685), np.int64(22256), np.int64(34917), np.int64(27689), np.int64(34640), np.int64(29480), np.int64(34291), np.int64(14092), np.int64(19297), np.int64(3199), np.int64(1633), np.int64(3059), np.int64(1165), np.int64(18723), np.int64(24251), np.int64(13172), np.int64(24150), np.int64(15932), np.int64(46044), np.int64(23381), np.int64(21691), np.int64(30792), np.int64(41474), np.int64(49867), np.int64(22906), np.int64(27270), np.int64(16524), np.int64(7892), np.int64(11548), np.int64(41227), np.int64(7936), np.int64(17693), np.int64(31427), np.int64(28862))","(0, 0, 0, 0, 0, 0, 0, 0, 0, 1, 0, 0, 1, 0, 1, 0, 0, 0, 0, 0, 0, 0, 0, 0, 1, 0, 0, 0, 0, 0, 0, 0, 0, 0, 1, 0)"
5.196802,50,60.224921,0,"(np.int64(8140), np.int64(7002), np.int64(23881), np.int64(46758), np.int64(33610), np.int64(21626), np.int64(21710), np.int64(24185), np.int64(21544), np.int64(7507), np.int64(30271), np.int64(9866), np.int64(17963), np.int64(1471), np.int64(16707), np.int64(30918), np.int64(25871), np.int64(46587), np.int64(42707), np.int64(17119), np.int64(36864), np.int64(3667), np.int64(2628), np.int64(40389), np.int64(24973), np.int64(42527), np.int64(31441), np.int64(33173), np.int64(6111), np.int64(4450), np.int64(11155), np.int64(41834), np.int64(43896), np.int64(5318), np.int64(40627), np.int64(18573), np.int64(42529), np.int64(14738), np.int64(2739), np.int64(12416), np.int64(35383), np.int64(17583), np.int64(41995), np.int64(11998), np.int64(24659), np.int64(1708), np.int64(6819), np.int64(17086), np.int64(41508), np.int64(39259))","(0, 0, 0, 0, 0, 0, 0, 0, 0, 1, 0, 0, 1, 0, 1, 0, 0, 0, 0, 0, 1, 0, 0, 0, 0, 1, 0, 0, 0, 1, 0, 0, 0, 0, 0, 0, 0, 0, 0, 0, 0, 0, 1, 0, 0, 0, 0, 0, 0, 0)"
4.527507,50,60.860362,0,"(np.int64(24867), np.int64(29328), np.int64(17310), np.int64(33430), np.int64(24807), np.int64(6082), np.int64(43808), np.int64(40366), np.int64(199), np.int64(10028), np.int64(33527), np.int64(36831), np.int64(20955), np.int64(43419), np.int64(7634), np.int64(27066), np.int64(30434), np.int64(42789), np.int64(49671), np.int64(24200), np.int64(41979), np.int64(7227), np.int64(44786), np.int64(26109), np.int64(40938), np.int64(31393), np.int64(37826), np.int64(46593), np.int64(32973), np.int64(31898), np.int64(39650), np.int64(32752), np.int64(32973), np.int64(13017), np.int64(31254), np.int64(218), np.int64(11474), np.int64(46316), np.int64(48241), np.int64(30213), np.int64(38293), np.int64(6784), np.int64(15615), np.int64(12206), np.int64(46053), np.int64(182), np.int64(19309), np.int64(21297), np.int64(6045), np.int64(22054))","(0, 0, 0, 0, 0, 0, 0, 0, 0, 0, 0, 0, 0, 0, 0, 1, 0, 0, 0, 0, 0, 0, 0, 0, 0, 0, 0, 0, 0, 1, 1, 0, 0, 0, 1, 0, 0, 0, 0, 0, 0, 0, 1, 0, 0, 0, 0, 1, 0, 0)"
3.84867,61,61.612306,0,"(np.int64(14150), np.int64(44442), np.int64(41518), np.int64(34919), np.int64(2809), np.int64(42126), np.int64(25859), np.int64(7861), np.int64(9525), np.int64(8772), np.int64(41377), np.int64(40276), np.int64(44301), np.int64(42243), np.int64(21585), np.int64(46064), np.int64(9472), np.int64(30039), np.int64(326), np.int64(5349), np.int64(27299), np.int64(1787), np.int64(10166), np.int64(16286), np.int64(35954), np.int64(4753), np.int64(20521), np.int64(1629), np.int64(16055), np.int64(43617), np.int64(10965), np.int64(18217), np.int64(17364), np.int64(37039), np.int64(43409), np.int64(5393), np.int64(7910), np.int64(6749), np.int64(44528), np.int64(44760), np.int64(13527), np.int64(24321), np.int64(37172), np.int64(4303), np.int64(12898), np.int64(42360), np.int64(36553), np.int64(21203), np.int64(49037), np.int64(48698), np.int64(6229), np.int64(28966), np.int64(12730), np.int64(17510), np.int64(18839), np.int64(1002), np.int64(5735), np.int64(7069), np.int64(34122), np.int64(37000), np.int64(16656))","(1, 0, 0, 0, 0, 0, 0, 1, 0, 0, 0, 0, 0, 0, 0, 0, 0, 0, 0, 0, 0, 0, 0, 0, 0, 0, 0, 0, 0, 0, 0, 0, 0, 0, 0, 0, 0, 0, 0, 0, 0, 0, 0, 0, 1, 0, 0, 0, 0, 0, 0, 0, 0, 0, 0, 0, 1, 0, 0, 0, 1)"
5.429663,50,62.244517,0,"(np.int64(1264), np.int64(7853), np.int64(11681), np.int64(25650), np.int64(17532), np.int64(7094), np.int64(29142), np.int64(47260), np.int64(30295), np.int64(11486), np.int64(34308), np.int64(23047), np.int64(49677), np.int64(49590), np.int64(10252), np.int64(20306), np.int64(29650), np.int64(27261), np.int64(48647), np.int64(19540), np.int64(27358), np.int64(25382), np.int64(13017), np.int64(1991), np.int64(36631), np.int64(26021), np.int64(47739), np.int64(2205), np.int64(12486), np.int64(40549), np.int64(6406), np.int64(37236), np.int64(36793), np.int64(35352), np.int64(33280), np.int64(40113), np.int64(24268), np.int64(2225), np.int64(23448), np.int64(16119), np.int64(3401), np.int64(35987), np.int64(565), np.int64(28269), np.int64(6765), np.int64(12915), np.int64(28546), np.int64(49911), np.int64(36647), np.int64(12949))","(0, 0, 1, 1, 0, 0, 0, 0, 0, 1, 0, 0, 0, 0, 0, 0, 0, 0, 0, 1, 0, 0, 0, 0, 0, 0, 0, 1, 0, 0, 0, 0, 0, 0, 0, 0, 0, 0, 1, 0, 0, 0, 0, 0, 1, 0, 0, 0, 0, 0)"
3.739348,50,62.889808,0,"(np.int64(18748), np.int64(902), np.int64(27952), np.int64(49676), np.int64(36701), np.int64(16242), np.int64(4202), np.int64(28901), np.int64(16934), np.int64(35990), np.int64(2272), np.int64(47157), np.int64(1044), np.int64(14303), np.int64(13932), np.int64(6041), np.int64(10039), np.int64(1953), np.int64(25848), np.int64(23840), np.int64(15472), np.int64(8749), np.int64(36517), np.int64(21427), np.int64(36019), np.int64(13169), np.int64(5638), np.int64(16451), np.int64(43129), np.int64(44944), np.int64(15132), np.int64(18849), np.int64(22606), np.int64(42185), np.int64(28298), np.int64(13402), np.int64(25756), np.int64(9529), np.int64(11897), np.int64(22266), np.int64(13461), np.int64(28942), np.int64(47274), np.int64(36702), np.int64(38633), np.int64(46066), np.int64(45569), np.int64(44541), np.int64(43495), np.int64(45040))","(0, 0, 0, 0, 0, 0, 0, 0, 0, 0, 0, 0, 0, 0, 0, 1, 0, 0, 0, 1, 1, 0, 0, 0, 0, 0, 0, 0, 0, 0, 0, 0, 0, 0, 0, 0, 0, 0, 1, 0, 0, 0, 0, 0, 1, 0, 0, 0, 0, 0)"
4.583468,50,63.547628,0,"(np.int64(24934), np.int64(33533), np.int64(22241), np.int64(33067), np.int64(10481), np.int64(44986), np.int64(47914), np.int64(39170), np.int64(14183), np.int64(32165), np.int64(45448), np.int64(49292), np.int64(2441), np.int64(3985), np.int64(39827), np.int64(33485), np.int64(28214), np.int64(34404), np.int64(42520), np.int64(36520), np.int64(38663), np.int64(10115), np.int64(24215), np.int64(26910), np.int64(6885), np.int64(30270), np.int64(20294), np.int64(48358), np.int64(20549), np.int64(18766), np.int64(6329), np.int64(49871), np.int64(31047), np.int64(11972), np.int64(27819), np.int64(12391), np.int64(23723), np.int64(32036), np.int64(9822), np.int64(45543), np.int64(42393), np.int64(22749), np.int64(18895), np.int64(20905), np.int64(21110), np.int64(28843), np.int64(39218), np.int64(6250), np.int64(48331), np.int64(29031))","(0, 0, 0, 0, 0, 0, 0, 0, 0, 0, 0, 0, 0, 0, 0, 0, 0, 0, 0, 0, 0, 0, 1, 0, 1, 0, 0, 0, 0, 0, 1, 0, 0, 1, 0, 0, 1, 0, 0, 0, 0, 0, 0, 0, 0, 0, 0, 0, 1, 0)"
4.783628,44,64.125077,0,"(np.int64(30099), np.int64(30452), np.int64(42757), np.int64(38537), np.int64(18348), np.int64(21348), np.int64(16074), np.int64(19506), np.int64(43514), np.int64(39925), np.int64(39654), np.int64(10225), np.int64(26959), np.int64(39987), np.int64(4540), np.int64(12087), np.int64(24911), np.int64(24051), np.int64(9392), np.int64(37478), np.int64(13950), np.int64(27435), np.int64(49297), np.int64(48937), np.int64(6363), np.int64(22967), np.int64(40342), np.int64(10345), np.int64(22538), np.int64(16924), np.int64(6219), np.int64(16980), np.int64(3081), np.int64(11878), np.int64(26746), np.int64(49164), np.int64(41030), np.int64(12125), np.int64(20675), np.int64(2841), np.int64(46389), np.int64(3849), np.int64(22610), np.int64(30504))","(0, 0, 0, 0, 0, 0, 0, 1, 0, 0, 0, 0, 0, 0, 0, 1, 0, 1, 0, 0, 0, 0, 0, 0, 1, 0, 0, 0, 0, 0, 1, 0, 0, 0, 0, 0, 0, 1, 0, 0, 0, 0, 0, 0)"
5.343309,50,64.786053,0,"(np.int64(4216), np.int64(46145), np.int64(21921), np.int64(18133), np.int64(10248), np.int64(2906), np.int64(13323), np.int64(260), np.int64(26213), np.int64(3287), np.int64(29883), np.int64(45983), np.int64(16773), np.int64(15860), np.int64(11748), np.int64(21195), np.int64(19408), np.int64(33798), np.int64(28476), np.int64(46237), np.int64(13405), np.int64(44067), np.int64(6804), np.int64(18687), np.int64(37657), np.int64(15875), np.int64(34212), np.int64(2625), np.int64(6243), np.int64(22669), np.int64(2282), np.int64(35744), np.int64(1923), np.int64(19648), np.int64(14328), np.int64(762), np.int64(17969), np.int64(5745), np.int64(32893), np.int64(19086), np.int64(31276), np.int64(36856), np.int64(39336), np.int64(46602), np.int64(27370), np.int64(32315), np.int64(38068), np.int64(39170), np.int64(37667), np.int64(38881))","(0, 0, 0, 0, 0, 0, 1, 0, 0, 1, 0, 0, 0, 1, 0, 0, 0, 0, 0, 0, 0, 0, 0, 1, 0, 0, 0, 0, 0, 0, 1, 1, 0, 0, 0, 1, 0, 0, 0, 0, 0, 0, 0, 0, 0, 0, 0, 0, 0, 0)"
3.866619,59,65.547157,0,"(np.int64(22647), np.int64(16804), np.int64(47879), np.int64(16572), np.int64(41904), np.int64(34089), np.int64(15838), np.int64(10475), np.int64(19923), np.int64(25710), np.int64(20968), np.int64(9862), np.int64(39132), np.int64(15745), np.int64(39647), np.int64(22039), np.int64(9248), np.int64(29063), np.int64(4965), np.int64(15175), np.int64(28353), np.int64(37454), np.int64(30893), np.int64(23144), np.int64(2178), np.int64(14010), np.int64(27333), np.int64(3552), np.int64(2613), np.int64(2401), np.int64(16857), np.int64(42053), np.int64(34020), np.int64(9223), np.int64(32350), np.int64(406), np.int64(39699), np.int64(43917), np.int64(40219), np.int64(1599), np.int64(26601), np.int64(21272), np.int64(11188), np.int64(48320), np.int64(32781), np.int64(5687), np.int64(34384), np.int64(2920), np.int64(32628), np.int64(47417), np.int64(11919), np.int64(38721), np.int64(43495), np.int64(16822), np.int64(20086), np.int64(12711), np.int64(2995), np.int64(33828), np.int64(15981))","(0, 0, 0, 0, 0, 0, 0, 0, 0, 0, 1, 0, 0, 0, 0, 0, 0, 0, 0, 1, 0, 0, 0, 0, 0, 0, 0, 0, 0, 0, 0, 0, 0, 0, 0, 0, 0, 0, 0, 0, 0, 0, 1, 0, 0, 0, 0, 0, 0, 0, 0, 0, 0, 0, 1, 0, 0, 0, 1)"
4.539892,50,66.197548,0,"(np.int64(49088), np.int64(28102), np.int64(21757), np.int64(39807), np.int64(6910), np.int64(12628), np.int64(23993), np.int64(12222), np.int64(34449), np.int64(13419), np.int64(47332), np.int64(11732), np.int64(16985), np.int64(16181), np.int64(20630), np.int64(47014), np.int64(6839), np.int64(36405), np.int64(42756), np.int64(33050), np.int64(5353), np.int64(21199), np.int64(13220), np.int64(27920), np.int64(32746), np.int64(29510), np.int64(45855), np.int64(27602), np.int64(43055), np.int64(34884), np.int64(38775), np.int64(49705), np.int64(21350), np.int64(40951), np.int64(12867), np.int64(47827), np.int64(16119), np.int64(7466), np.int64(5835), np.int64(36288), np.int64(9317), np.int64(36552), np.int64(15811), np.int64(45722), np.int64(10829), np.int64(2430), np.int64(1623), np.int64(24418), np.int64(13842), np.int64(33598))","(0, 0, 0, 0, 0, 0, 0, 0, 0, 0, 0, 0, 0, 0, 0, 0, 0, 0, 0, 0, 0, 0, 1, 0, 0, 0, 0, 0, 1, 0, 0, 0, 0, 0, 1, 0, 0, 0, 0, 0, 0, 0, 0, 0, 0, 1, 0, 1, 1, 0)"
5.328775,47,66.796108,0,"(np.int64(24434), np.int64(7283), np.int64(9957), np.int64(39118), np.int64(39356), np.int64(33342), np.int64(33625), np.int64(8456), np.int64(18250), np.int64(43971), np.int64(3045), np.int64(47809), np.int64(2105), np.int64(25494), np.int64(14087), np.int64(23231), np.int64(21223), np.int64(3734), np.int64(38449), np.int64(347), np.int64(42339), np.int64(46555), np.int64(13848), np.int64(4202), np.int64(30661), np.int64(43627), np.int64(26450), np.int64(42767), np.int64(31161), np.int64(5411), np.int64(37083), np.int64(42631), np.int64(16071), np.int64(13094), np.int64(46698), np.int64(34947), np.int64(26368), np.int64(41510), np.int64(21564), np.int64(20938), np.int64(9847), np.int64(23522), np.int64(2346), np.int64(10881), np.int64(26386), np.int64(24680), np.int64(7943))","(0, 1, 0, 0, 0, 0, 0, 0, 1, 0, 0, 0, 0, 0, 1, 0, 0, 0, 0, 1, 0, 0, 0, 0, 0, 0, 0, 1, 0, 0, 0, 0, 0, 0, 0, 0, 0, 0, 0, 0, 0, 0, 1, 0, 0, 1, 0)"
3.668459,50,67.452093,0,"(np.int64(31804), np.int64(7583), np.int64(14744), np.int64(22715), np.int64(12769), np.int64(19829), np.int64(2228), np.int64(12044), np.int64(12263), np.int64(6122), np.int64(45545), np.int64(665), np.int64(47370), np.int64(5038), np.int64(36812), np.int64(43064), np.int64(8544), np.int64(12378), np.int64(45055), np.int64(37279), np.int64(4342), np.int64(4486), np.int64(24919), np.int64(38035), np.int64(11498), np.int64(15867), np.int64(31980), np.int64(36646), np.int64(14777), np.int64(3965), np.int64(48323), np.int64(33364), np.int64(47534), np.int64(46524), np.int64(50016), np.int64(40669), np.int64(30992), np.int64(11782), np.int64(13427), np.int64(44903), np.int64(3156), np.int64(45480), np.int64(29894), np.int64(42544), np.int64(13516), np.int64(39623), np.int64(30125), np.int64(34784), np.int64(17126), np.int64(28436))","(0, 0, 0, 0, 0, 1, 0, 0, 0, 0, 0, 0, 0, 0, 0, 0, 0, 0, 0, 0, 0, 0, 1, 0, 0, 0, 0, 0, 0, 0, 0, 0, 0, 1, 0, 0, 0, 0, 0, 0, 0, 0, 0, 0, 0, 0, 1, 0, 1, 0)"
3.664205,50,68.105265,0,"(np.int64(2084), np.int64(30826), np.int64(1226), np.int64(25981), np.int64(24467), np.int64(35517), np.int64(9089), np.int64(34287), np.int64(21223), np.int64(9685), np.int64(19014), np.int64(35348), np.int64(49052), np.int64(12262), np.int64(24725), np.int64(26714), np.int64(46160), np.int64(42133), np.int64(48356), np.int64(15248), np.int64(3323), np.int64(44614), np.int64(7345), np.int64(30847), np.int64(45978), np.int64(37341), np.int64(35452), np.int64(12872), np.int64(41356), np.int64(15673), np.int64(14839), np.int64(9826), np.int64(40745), np.int64(13431), np.int64(49191), np.int64(15602), np.int64(31610), np.int64(12126), np.int64(7827), np.int64(45428), np.int64(31420), np.int64(5575), np.int64(3708), np.int64(3071), np.int64(26645), np.int64(30761), np.int64(5867), np.int64(46430), np.int64(47184), np.int64(46767))","(0, 0, 0, 0, 0, 0, 0, 0, 0, 0, 0, 0, 0, 0, 1, 0, 0, 0, 0, 0, 0, 0, 0, 0, 0, 0, 0, 0, 0, 0, 0, 0, 0, 1, 0, 0, 1, 0, 0, 0, 1, 0, 0, 0, 0, 0, 0, 1, 0, 0)"
4.723434,50,68.745978,0,"(np.int64(5598), np.int64(6855), np.int64(39089), np.int64(46521), np.int64(16604), np.int64(3763), np.int64(21411), np.int64(21276), np.int64(39954), np.int64(21043), np.int64(38554), np.int64(43767), np.int64(34608), np.int64(28330), np.int64(34451), np.int64(7339), np.int64(25145), np.int64(27488), np.int64(20702), np.int64(16776), np.int64(1475), np.int64(19247), np.int64(34989), np.int64(36515), np.int64(46686), np.int64(36817), np.int64(17207), np.int64(8106), np.int64(34996), np.int64(41720), np.int64(8538), np.int64(27), np.int64(19125), np.int64(35715), np.int64(19801), np.int64(17692), np.int64(33879), np.int64(46099), np.int64(47105), np.int64(30845), np.int64(22524), np.int64(8378), np.int64(13800), np.int64(44579), np.int64(1953), np.int64(15322), np.int64(46975), np.int64(832), np.int64(12948), np.int64(41724))","(0, 1, 0, 0, 0, 1, 0, 0, 0, 0, 0, 0, 0, 0, 0, 0, 0, 0, 1, 0, 0, 0, 0, 0, 0, 0, 0, 0, 0, 1, 0, 0, 0, 0, 0, 0, 0, 0, 0, 0, 0, 0, 0, 0, 0, 1, 0, 1, 0, 0)"
3.520641,65,69.608284,0,"(np.int64(15715), np.int64(34545), np.int64(4527), np.int64(24081), np.int64(25932), np.int64(7593), np.int64(27538), np.int64(48353), np.int64(16448), np.int64(30014), np.int64(5666), np.int64(23646), np.int64(23036), np.int64(38947), np.int64(2084), np.int64(14233), np.int64(13168), np.int64(39695), np.int64(45604), np.int64(22708), np.int64(48064), np.int64(42253), np.int64(25352), np.int64(8609), np.int64(40501), np.int64(3695), np.int64(22146), np.int64(26942), np.int64(24547), np.int64(499), np.int64(1138), np.int64(38273), np.int64(18410), np.int64(1833), np.int64(23938), np.int64(10076), np.int64(47529), np.int64(21177), np.int64(15756), np.int64(22542), np.int64(12939), np.int64(33722), np.int64(42340), np.int64(8657), np.int64(45444), np.int64(43539), np.int64(44310), np.int64(33509), np.int64(30662), np.int64(17249), np.int64(2039), np.int64(42825), np.int64(48741), np.int64(34935), np.int64(40840), np.int64(44211), np.int64(23217), np.int64(23618), np.int64(40319), np.int64(17084), np.int64(7196), np.int64(5468), np.int64(35249), np.int64(42079), np.int64(45718))","(0, 0, 0, 0, 0, 0, 0, 0, 0, 0, 0, 0, 0, 0, 0, 0, 0, 0, 0, 0, 0, 0, 0, 1, 0, 0, 0, 0, 0, 0, 0, 0, 0, 0, 0, 1, 1, 0, 0, 0, 0, 0, 1, 0, 0, 0, 0, 0, 0, 0, 0, 0, 0, 0, 0, 0, 0, 0, 0, 0, 0, 0, 0, 0, 1)"
4.571024,50,70.255481,0,"(np.int64(5950), np.int64(26819), np.int64(9263), np.int64(4328), np.int64(38535), np.int64(45327), np.int64(10439), np.int64(33987), np.int64(19884), np.int64(47263), np.int64(37040), np.int64(52), np.int64(18548), np.int64(35875), np.int64(7891), np.int64(48073), np.int64(46173), np.int64(21644), np.int64(34589), np.int64(9329), np.int64(42353), np.int64(15634), np.int64(41075), np.int64(13563), np.int64(28086), np.int64(17034), np.int64(22617), np.int64(42075), np.int64(7383), np.int64(20194), np.int64(9067), np.int64(22570), np.int64(11088), np.int64(16047), np.int64(23604), np.int64(13174), np.int64(22519), np.int64(207), np.int64(40785), np.int64(9937), np.int64(2742), np.int64(49654), np.int64(18061), np.int64(44813), np.int64(35366), np.int64(31218), np.int64(13388), np.int64(19127), np.int64(25696), np.int64(4941))","(1, 0, 0, 0, 0, 0, 0, 0, 0, 0, 0, 0, 1, 0, 0, 1, 0, 0, 0, 0, 0, 0, 0, 0, 0, 0, 0, 0, 1, 0, 0, 0, 0, 0, 0, 1, 0, 0, 0, 0, 0, 0, 0, 0, 0, 1, 0, 0, 0, 0)"
3.881102,50,70.900875,0,"(np.int64(22774), np.int64(33407), np.int64(15711), np.int64(4073), np.int64(38467), np.int64(37066), np.int64(4205), np.int64(47090), np.int64(18033), np.int64(39221), np.int64(27419), np.int64(23202), np.int64(2496), np.int64(17227), np.int64(46996), np.int64(45256), np.int64(4482), np.int64(18045), np.int64(13082), np.int64(40), np.int64(5138), np.int64(37945), np.int64(47071), np.int64(39079), np.int64(16575), np.int64(13269), np.int64(42976), np.int64(2260), np.int64(6112), np.int64(43642), np.int64(35505), np.int64(33689), np.int64(39596), np.int64(25766), np.int64(12952), np.int64(10340), np.int64(40032), np.int64(39536), np.int64(15475), np.int64(40738), np.int64(10629), np.int64(40416), np.int64(11901), np.int64(9780), np.int64(33844), np.int64(44498), np.int64(2246), np.int64(24440), np.int64(43474), np.int64(10253))","(0, 0, 0, 1, 0, 0, 0, 0, 0, 0, 0, 0, 0, 0, 0, 0, 0, 0, 0, 1, 0, 0, 0, 0, 0, 1, 0, 0, 0, 0, 1, 0, 0, 0, 0, 0, 0, 0, 0, 0, 0, 0, 0, 0, 0, 0, 0, 0, 0, 1)"
4.688793,50,71.551151,0,"(np.int64(36778), np.int64(32198), np.int64(44675), np.int64(7285), np.int64(30114), np.int64(34424), np.int64(36776), np.int64(15539), np.int64(14680), np.int64(29957), np.int64(19422), np.int64(34170), np.int64(23495), np.int64(568), np.int64(49459), np.int64(41748), np.int64(38737), np.int64(160), np.int64(34653), np.int64(44283), np.int64(15001), np.int64(7569), np.int64(30424), np.int64(49677), np.int64(44699), np.int64(7861), np.int64(3329), np.int64(2295), np.int64(31466), np.int64(4801), np.int64(4717), np.int64(40116), np.int64(19949), np.int64(45051), np.int64(48809), np.int64(34703), np.int64(31812), np.int64(34958), np.int64(15441), np.int64(1141), np.int64(13815), np.int64(1685), np.int64(33476), np.int64(41885), np.int64(23303), np.int64(34055), np.int64(3865), np.int64(1259), np.int64(29219), np.int64(18259))","(0, 1, 0, 0, 0, 0, 0, 0, 0, 0, 0, 0, 0, 0, 0, 0, 0, 0, 0, 0, 0, 0, 0, 0, 0, 1, 0, 1, 0, 0, 0, 0, 0, 0, 0, 0, 0, 0, 0, 1, 0, 0, 0, 0, 0, 1, 0, 0, 1, 0)"
3.566493,89,72.663054,0,"(np.int64(9244), np.int64(9782), np.int64(47379), np.int64(22116), np.int64(16537), np.int64(21081), np.int64(21531), np.int64(9574), np.int64(29412), np.int64(27233), np.int64(24943), np.int64(33588), np.int64(16598), np.int64(5898), np.int64(30962), np.int64(881), np.int64(38536), np.int64(34139), np.int64(46804), np.int64(33669), np.int64(38834), np.int64(23516), np.int64(28405), np.int64(29500), np.int64(34130), np.int64(2114), np.int64(29772), np.int64(11676), np.int64(16309), np.int64(13758), np.int64(10403), np.int64(8191), np.int64(22280), np.int64(21790), np.int64(46915), np.int64(30384), np.int64(14896), np.int64(21433), np.int64(42569), np.int64(44623), np.int64(43029), np.int64(36203), np.int64(45746), np.int64(14040), np.int64(21039), np.int64(5570), np.int64(29692), np.int64(45873), np.int64(40539), np.int64(33136), np.int64(41146), np.int64(11615), np.int64(21280), np.int64(8516), np.int64(41870), np.int64(46630), np.int64(11260), np.int64(30509), np.int64(25843), np.int64(5799), np.int64(25757), np.int64(21892), np.int64(8777), np.int64(15243), np.int64(22226), np.int64(41221), np.int64(10539), np.int64(6750), np.int64(2847), np.int64(25897), np.int64(11875), np.int64(21239), np.int64(23327), np.int64(45912), np.int64(33273), np.int64(41413), np.int64(16166), np.int64(17943), np.int64(35717), np.int64(31989), np.int64(15816), np.int64(18922), np.int64(15974), np.int64(49619), np.int64(26429), np.int64(31515), np.int64(38906), np.int64(44835), np.int64(23857))","(0, 0, 0, 0, 0, 1, 0, 0, 0, 0, 0, 0, 0, 0, 0, 0, 0, 0, 0, 0, 0, 0, 0, 0, 0, 0, 0, 0, 0, 0, 0, 0, 0, 0, 0, 0, 0, 0, 0, 0, 0, 0, 0, 0, 0, 0, 0, 1, 0, 0, 0, 0, 0, 0, 0, 0, 0, 0, 0, 0, 0, 0, 0, 0, 0, 0, 0, 0, 0, 0, 0, 0, 0, 0, 0, 0, 0, 0, 0, 1, 0, 0, 1, 0, 0, 0, 0, 0, 1)"
3.575204,73,73.573008,0,"(np.int64(11235), np.int64(21202), np.int64(31139), np.int64(18267), np.int64(12231), np.int64(40238), np.int64(16334), np.int64(23797), np.int64(30873), np.int64(21449), np.int64(7308), np.int64(31277), np.int64(38486), np.int64(29537), np.int64(39248), np.int64(24070), np.int64(30872), np.int64(4412), np.int64(10468), np.int64(4759), np.int64(25359), np.int64(24813), np.int64(43138), np.int64(42033), np.int64(17672), np.int64(31318), np.int64(8235), np.int64(30100), np.int64(27623), np.int64(41657), np.int64(31873), np.int64(19777), np.int64(36694), np.int64(9418), np.int64(4772), np.int64(20801), np.int64(31242), np.int64(19149), np.int64(40311), np.int64(49095), np.int64(14356), np.int64(46560), np.int64(28766), np.int64(45835), np.int64(34806), np.int64(33861), np.int64(36672), np.int64(14615), np.int64(2705), np.int64(37067), np.int64(9189), np.int64(10890), np.int64(3362), np.int64(36622), np.int64(3753), np.int64(15534), np.int64(24765), np.int64(5326), np.int64(33922), np.int64(17066), np.int64(38774), np.int64(15049), np.int64(7558), np.int64(45371), np.int64(12913), np.int64(18936), np.int64(33282), np.int64(30382), np.int64(9798), np.int64(24002), np.int64(7207), np.int64(41850), np.int64(42572))","(0, 0, 0, 0, 0, 0, 0, 0, 0, 0, 0, 0, 0, 0, 0, 1, 0, 0, 0, 0, 0, 0, 0, 1, 0, 0, 0, 0, 0, 0, 0, 0, 0, 0, 0, 0, 0, 0, 0, 0, 0, 1, 0, 0, 0, 1, 0, 0, 0, 0, 0, 0, 0, 0, 0, 0, 0, 0, 0, 0, 0, 0, 0, 0, 0, 0, 0, 0, 0, 0, 0, 0, 1)"
6.19728,50,74.373844,0,"(np.int64(9515), np.int64(49486), np.int64(3144), np.int64(42985), np.int64(13606), np.int64(22856), np.int64(22455), np.int64(24041), np.int64(3735), np.int64(6508), np.int64(28473), np.int64(17517), np.int64(48711), np.int64(40492), np.int64(22452), np.int64(19652), np.int64(40138), np.int64(31941), np.int64(13165), np.int64(13524), np.int64(278), np.int64(17719), np.int64(12169), np.int64(49133), np.int64(4473), np.int64(19770), np.int64(39120), np.int64(46248), np.int64(28527), np.int64(11799), np.int64(9452), np.int64(15843), np.int64(40928), np.int64(2252), np.int64(41241), np.int64(7339), np.int64(35299), np.int64(48567), np.int64(10361), np.int64(35756), np.int64(39585), np.int64(40070), np.int64(32824), np.int64(32828), np.int64(27777), np.int64(10139), np.int64(8205), np.int64(33482), np.int64(25920), np.int64(11316))","(0, 0, 0, 0, 0, 0, 0, 0, 1, 1, 0, 0, 0, 0, 0, 1, 0, 0, 0, 0, 1, 0, 0, 0, 0, 1, 1, 1, 0, 0, 0, 0, 0, 0, 0, 0, 0, 0, 1, 0, 0, 0, 0, 0, 0, 0, 0, 0, 0, 0)"
3.817499,56,75.258074,0,"(np.int64(1201), np.int64(18695), np.int64(48681), np.int64(20288), np.int64(10454), np.int64(19292), np.int64(13796), np.int64(12910), np.int64(46610), np.int64(12092), np.int64(1247), np.int64(29185), np.int64(49762), np.int64(43159), np.int64(20932), np.int64(35355), np.int64(21175), np.int64(31453), np.int64(35229), np.int64(24719), np.int64(2114), np.int64(34895), np.int64(32443), np.int64(39574), np.int64(34276), np.int64(24299), np.int64(45877), np.int64(37890), np.int64(41872), np.int64(11243), np.int64(19142), np.int64(4821), np.int64(31052), np.int64(12754), np.int64(15219), np.int64(8042), np.int64(33356), np.int64(17599), np.int64(24545), np.int64(46183), np.int64(15120), np.int64(9640), np.int64(33731), np.int64(12453), np.int64(38295), np.int64(47078), np.int64(4834), np.int64(27645), np.int64(5381), np.int64(25776), np.int64(15072), np.int64(17111), np.int64(33738), np.int64(1806), np.int64(22258), np.int64(20416))","(0, 0, 0, 0, 0, 0, 0, 0, 0, 0, 1, 0, 0, 0, 0, 0, 0, 0, 0, 0, 0, 0, 0, 0, 0, 0, 0, 0, 0, 0, 0, 0, 0, 0, 0, 0, 0, 0, 0, 0, 0, 1, 0, 0, 0, 1, 0, 0, 1, 0, 0, 0, 0, 0, 0, 1)"
3.93256,91,76.892516,0,"(np.int64(22715), np.int64(38006), np.int64(24685), np.int64(23315), np.int64(19893), np.int64(19549), np.int64(45944), np.int64(29470), np.int64(26125), np.int64(1651), np.int64(32489), np.int64(33673), np.int64(3144), np.int64(19592), np.int64(43400), np.int64(3264), np.int64(39516), np.int64(8679), np.int64(37986), np.int64(41268), np.int64(24191), np.int64(24140), np.int64(47167), np.int64(6235), np.int64(2613), np.int64(19299), np.int64(31602), np.int64(46666), np.int64(26973), np.int64(40572), np.int64(18187), np.int64(35811), np.int64(47809), np.int64(2201), np.int64(44299), np.int64(10168), np.int64(16029), np.int64(19078), np.int64(16068), np.int64(24012), np.int64(44820), np.int64(13455), np.int64(9034), np.int64(27027), np.int64(47043), np.int64(24192), np.int64(40287), np.int64(34435), np.int64(47703), np.int64(32372), np.int64(16166), np.int64(20336), np.int64(11119), np.int64(34559), np.int64(37960), np.int64(34336), np.int64(43754), np.int64(38246), np.int64(40687), np.int64(460), np.int64(47083), np.int64(25861), np.int64(380), np.int64(28170), np.int64(11818), np.int64(28881), np.int64(18191), np.int64(12911), np.int64(29922), np.int64(19298), np.int64(41235), np.int64(11440), np.int64(18883), np.int64(37689), np.int64(45798), np.int64(31499), np.int64(48829), np.int64(31359), np.int64(30870), np.int64(34260), np.int64(16323), np.int64(6300), np.int64(9785), np.int64(33333), np.int64(13551), np.int64(26469), np.int64(15345), np.int64(49736), np.int64(6948), np.int64(17195), np.int64(2664))","(0, 0, 0, 0, 0, 0, 0, 0, 0, 0, 0, 0, 0, 0, 0, 0, 0, 0, 0, 0, 0, 0, 0, 0, 0, 0, 0, 0, 0, 0, 1, 0, 0, 0, 0, 0, 0, 0, 0, 0, 0, 0, 0, 0, 0, 0, 0, 0, 0, 0, 0, 0, 0, 0, 0, 0, 0, 0, 0, 0, 1, 0, 1, 0, 0, 0, 0, 0, 0, 0, 0, 0, 0, 0, 0, 0, 0, 0, 0, 0, 0, 0, 0, 0, 1, 0, 0, 0, 0, 0, 1)"
3.686469,28,77.350951,0,"(np.int64(37658), np.int64(29660), np.int64(3101), np.int64(44135), np.int64(27319), np.int64(48699), np.int64(47682), np.int64(47414), np.int64(17877), np.int64(17195), np.int64(44221), np.int64(18968), np.int64(9304), np.int64(8352), np.int64(24528), np.int64(37747), np.int64(8271), np.int64(22814), np.int64(23059), np.int64(5514), np.int64(19341), np.int64(21071), np.int64(18321), np.int64(23745), np.int64(29097), np.int64(13130), np.int64(15672), np.int64(2479))","(0, 0, 0, 1, 0, 0, 0, 0, 0, 0, 0, 1, 1, 0, 0, 0, 0, 0, 0, 0, 0, 0, 1, 0, 0, 0, 1, 0)"
5.219499,41,78.076199,0,"(np.int64(23094), np.int64(21818), np.int64(7543), np.int64(10335), np.int64(13955), np.int64(35199), np.int64(17218), np.int64(24430), np.int64(11197), np.int64(30646), np.int64(48837), np.int64(30868), np.int64(42316), np.int64(8954), np.int64(25359), np.int64(11811), np.int64(32925), np.int64(48339), np.int64(27205), np.int64(26641), np.int64(46266), np.int64(7046), np.int64(48477), np.int64(37499), np.int64(18496), np.int64(48073), np.int64(24190), np.int64(24010), np.int64(24124), np.int64(20432), np.int64(48001), np.int64(19171), np.int64(47367), np.int64(12252), np.int64(16679), np.int64(38388), np.int64(36274), np.int64(20438), np.int64(49368), np.int64(18697), np.int64(41375))","(0, 0, 0, 0, 0, 0, 0, 1, 1, 0, 0, 0, 0, 0, 0, 0, 1, 0, 0, 0, 0, 0, 0, 0, 0, 1, 0, 0, 0, 0, 0, 1, 0, 0, 0, 0, 1, 1, 0, 0, 0)"
3.924438,42,78.781409,0,"(np.int64(31281), np.int64(34213), np.int64(19569), np.int64(3890), np.int64(30381), np.int64(34471), np.int64(50002), np.int64(44742), np.int64(49606), np.int64(42060), np.int64(2864), np.int64(10229), np.int64(14107), np.int64(27570), np.int64(25756), np.int64(6746), np.int64(26166), np.int64(15752), np.int64(36548), np.int64(46461), np.int64(25564), np.int64(27826), np.int64(38728), np.int64(45139), np.int64(15619), np.int64(26926), np.int64(1463), np.int64(12860), np.int64(13862), np.int64(32941), np.int64(48693), np.int64(16870), np.int64(23684), np.int64(24011), np.int64(36705), np.int64(10579), np.int64(7538), np.int64(1231), np.int64(19712), np.int64(7138), np.int64(27457), np.int64(47107))","(0, 0, 0, 0, 0, 0, 0, 0, 0, 0, 0, 0, 0, 0, 0, 1, 1, 0, 0, 0, 0, 0, 0, 0, 0, 0, 0, 0, 0, 0, 0, 0, 0, 0, 0, 1, 0, 1, 1, 0, 0, 0)"
3.595531,113,80.562146,0,"(np.int64(27980), np.int64(44571), np.int64(35201), np.int64(45067), np.int64(29807), np.int64(27330), np.int64(30893), np.int64(48737), np.int64(20459), np.int64(44344), np.int64(32495), np.int64(10583), np.int64(11095), np.int64(7112), np.int64(18331), np.int64(21408), np.int64(45944), np.int64(41975), np.int64(44936), np.int64(27148), np.int64(8172), np.int64(42676), np.int64(49466), np.int64(480), np.int64(9439), np.int64(25856), np.int64(38041), np.int64(2140), np.int64(37529), np.int64(10328), np.int64(38990), np.int64(36880), np.int64(2789), np.int64(14786), np.int64(49149), np.int64(14468), np.int64(715), np.int64(16663), np.int64(38550), np.int64(1631), np.int64(5710), np.int64(17713), np.int64(48849), np.int64(9836), np.int64(49239), np.int64(37085), np.int64(29942), np.int64(43468), np.int64(13434), np.int64(7200), np.int64(23543), np.int64(33559), np.int64(2381), np.int64(41052), np.int64(32084), np.int64(9682), np.int64(27876), np.int64(39899), np.int64(10905), np.int64(15050), np.int64(12525), np.int64(29465), np.int64(11835), np.int64(2985), np.int64(16573), np.int64(3790), np.int64(38741), np.int64(4109), np.int64(34706), np.int64(14820), np.int64(45512), np.int64(9472), np.int64(33912), np.int64(7), np.int64(3153), np.int64(19737), np.int64(43792), np.int64(9211), np.int64(39565), np.int64(9847), np.int64(48238), np.int64(12687), np.int64(29109), np.int64(47931), np.int64(38369), np.int64(20392), np.int64(25534), np.int64(31291), np.int64(33968), np.int64(14234), np.int64(34386), np.int64(33616), np.int64(27436), np.int64(5176), np.int64(40737), np.int64(45642), np.int64(19729), np.int64(12438), np.int64(6926), np.int64(48052), np.int64(9942), np.int64(43852), np.int64(27798), np.int64(2383), np.int64(27937), np.int64(44038), np.int64(3425), np.int64(20638), np.int64(37546), np.int64(27585), np.int64(34529), np.int64(3334), np.int64(10114))","(0, 0, 0, 0, 0, 0, 0, 0, 0, 0, 1, 0, 0, 0, 0, 0, 0, 0, 0, 0, 0, 0, 0, 0, 0, 1, 0, 0, 0, 0, 0, 0, 0, 0, 0, 0, 0, 0, 0, 0, 0, 0, 0, 0, 0, 0, 0, 0, 0, 0, 1, 0, 0, 0, 0, 0, 0, 0, 0, 0, 0, 0, 0, 0, 0, 0, 1, 0, 0, 0, 0, 0, 0, 0, 0, 0, 0, 0, 0, 0, 0, 0, 0, 0, 0, 0, 0, 0, 0, 0, 0, 0, 0, 0, 0, 0, 0, 0, 0, 0, 0, 0, 0, 0, 0, 0, 0, 0, 0, 0, 0, 0, 1)"
3.657298,51,81.252421,0,"(np.int64(5413), np.int64(12811), np.int64(16168), np.int64(23831), np.int64(22496), np.int64(25933), np.int64(46503), np.int64(47897), np.int64(34352), np.int64(11438), np.int64(22442), np.int64(5030), np.int64(30253), np.int64(17347), np.int64(46265), np.int64(5933), np.int64(23051), np.int64(11703), np.int64(15750), np.int64(14915), np.int64(28041), np.int64(9339), np.int64(13915), np.int64(12991), np.int64(47747), np.int64(33507), np.int64(27285), np.int64(20031), np.int64(38552), np.int64(9985), np.int64(574), np.int64(5112), np.int64(43191), np.int64(26805), np.int64(38474), np.int64(5899), np.int64(14271), np.int64(38911), np.int64(4281), np.int64(46979), np.int64(7227), np.int64(11679), np.int64(3372), np.int64(12379), np.int64(14614), np.int64(18050), np.int64(25215), np.int64(37944), np.int64(253), np.int64(24604), np.int64(19492))","(0, 0, 0, 1, 0, 0, 0, 0, 0, 0, 0, 0, 0, 0, 0, 0, 0, 0, 0, 0, 0, 0, 0, 1, 0, 0, 0, 0, 0, 0, 0, 1, 0, 0, 0, 0, 0, 1, 0, 0, 0, 0, 0, 0, 0, 0, 0, 0, 0, 0, 1)"
5.369709,50,81.873171,0,"(np.int64(18343), np.int64(19821), np.int64(22447), np.int64(17037), np.int64(19086), np.int64(49006), np.int64(49918), np.int64(25754), np.int64(35585), np.int64(952), np.int64(26183), np.int64(20551), np.int64(17171), np.int64(18800), np.int64(1170), np.int64(34595), np.int64(27879), np.int64(32687), np.int64(4367), np.int64(4110), np.int64(29316), np.int64(6642), np.int64(11844), np.int64(34439), np.int64(22688), np.int64(29815), np.int64(8628), np.int64(38698), np.int64(48691), np.int64(15509), np.int64(18808), np.int64(31289), np.int64(875), np.int64(48407), np.int64(28201), np.int64(14752), np.int64(25323), np.int64(37556), np.int64(42714), np.int64(49019), np.int64(5022), np.int64(44011), np.int64(25672), np.int64(2512), np.int64(34626), np.int64(15962), np.int64(20485), np.int64(19806), np.int64(48421), np.int64(1056))","(0, 1, 0, 1, 0, 0, 0, 0, 0, 0, 0, 1, 0, 0, 0, 0, 0, 0, 0, 0, 0, 0, 0, 0, 0, 0, 0, 0, 0, 0, 0, 1, 1, 0, 0, 0, 0, 0, 0, 0, 1, 0, 0, 0, 0, 0, 0, 0, 0, 1)"
3.976009,53,82.559531,0,"(np.int64(49314), np.int64(28489), np.int64(18830), np.int64(9048), np.int64(20644), np.int64(17546), np.int64(7649), np.int64(43504), np.int64(21058), np.int64(37084), np.int64(6940), np.int64(39271), np.int64(33179), np.int64(18191), np.int64(15373), np.int64(30234), np.int64(13566), np.int64(13914), np.int64(8042), np.int64(25522), np.int64(43562), np.int64(19985), np.int64(40756), np.int64(17778), np.int64(10620), np.int64(171), np.int64(14003), np.int64(8520), np.int64(6007), np.int64(32646), np.int64(22073), np.int64(13556), np.int64(33623), np.int64(48771), np.int64(22209), np.int64(49967), np.int64(18538), np.int64(16908), np.int64(6452), np.int64(22647), np.int64(49086), np.int64(2700), np.int64(33209), np.int64(19232), np.int64(42047), np.int64(47791), np.int64(1606), np.int64(16300), np.int64(24619), np.int64(13035), np.int64(24678), np.int64(43790), np.int64(2510))","(0, 0, 0, 0, 0, 0, 0, 0, 1, 0, 0, 0, 0, 0, 0, 0, 0, 0, 0, 0, 0, 0, 0, 1, 0, 1, 0, 0, 0, 0, 0, 0, 0, 0, 0, 0, 0, 0, 0, 0, 0, 0, 0, 0, 0, 0, 0, 0, 1, 0, 0, 0, 1)"
3.955118,50,83.209806,0,"(np.int64(45142), np.int64(32764), np.int64(11566), np.int64(21949), np.int64(46194), np.int64(15685), np.int64(47835), np.int64(33354), np.int64(33741), np.int64(25619), np.int64(24006), np.int64(5044), np.int64(49500), np.int64(9046), np.int64(25231), np.int64(25261), np.int64(31326), np.int64(3585), np.int64(7380), np.int64(44253), np.int64(23484), np.int64(988), np.int64(9499), np.int64(42094), np.int64(6727), np.int64(42931), np.int64(28789), np.int64(6864), np.int64(33546), np.int64(7611), np.int64(6926), np.int64(2273), np.int64(8728), np.int64(47582), np.int64(30314), np.int64(4054), np.int64(41724), np.int64(20838), np.int64(48619), np.int64(31488), np.int64(23836), np.int64(30620), np.int64(19856), np.int64(2138), np.int64(5228), np.int64(39021), np.int64(13784), np.int64(34725), np.int64(25336), np.int64(33272))","(0, 0, 0, 1, 0, 0, 0, 0, 0, 0, 1, 0, 0, 0, 0, 0, 1, 0, 0, 0, 0, 1, 0, 0, 0, 0, 0, 0, 0, 0, 0, 0, 0, 0, 0, 0, 0, 0, 0, 0, 0, 0, 0, 0, 0, 0, 0, 0, 1, 0)"
3.717694,63,83.996298,0,"(np.int64(31047), np.int64(38560), np.int64(45742), np.int64(18901), np.int64(35666), np.int64(45232), np.int64(23309), np.int64(49352), np.int64(21537), np.int64(28442), np.int64(9933), np.int64(22491), np.int64(24682), np.int64(14606), np.int64(33288), np.int64(39137), np.int64(6035), np.int64(5525), np.int64(4397), np.int64(3032), np.int64(7543), np.int64(15863), np.int64(11093), np.int64(31503), np.int64(47485), np.int64(12988), np.int64(28428), np.int64(13622), np.int64(9718), np.int64(27275), np.int64(28165), np.int64(28411), np.int64(28112), np.int64(1196), np.int64(27178), np.int64(5264), np.int64(24525), np.int64(3487), np.int64(45147), np.int64(40941), np.int64(4387), np.int64(20722), np.int64(324), np.int64(654), np.int64(9515), np.int64(21090), np.int64(653), np.int64(20352), np.int64(28041), np.int64(7485), np.int64(46659), np.int64(3421), np.int64(27114), np.int64(10313), np.int64(34120), np.int64(39362), np.int64(957), np.int64(22129), np.int64(30150), np.int64(49708), np.int64(40065), np.int64(2299), np.int64(23919))","(0, 0, 0, 1, 0, 0, 0, 0, 0, 1, 0, 0, 0, 0, 0, 0, 0, 0, 0, 0, 0, 0, 0, 0, 0, 0, 0, 1, 0, 0, 0, 0, 0, 0, 0, 0, 0, 0, 0, 0, 0, 0, 0, 0, 0, 0, 1, 0, 0, 0, 0, 0, 0, 0, 0, 0, 0, 0, 0, 0, 0, 0, 1)"
3.531567,85,85.088284,0,"(np.int64(38432), np.int64(40021), np.int64(3125), np.int64(20319), np.int64(31603), np.int64(19140), np.int64(49857), np.int64(31410), np.int64(46690), np.int64(49048), np.int64(32605), np.int64(37652), np.int64(29313), np.int64(42405), np.int64(17402), np.int64(37278), np.int64(28781), np.int64(38485), np.int64(36503), np.int64(2464), np.int64(12002), np.int64(11516), np.int64(15417), np.int64(19628), np.int64(8522), np.int64(10684), np.int64(14168), np.int64(2840), np.int64(47368), np.int64(12197), np.int64(12486), np.int64(32844), np.int64(26560), np.int64(9512), np.int64(6488), np.int64(27829), np.int64(42536), np.int64(26759), np.int64(45968), np.int64(20025), np.int64(19783), np.int64(34414), np.int64(42325), np.int64(28155), np.int64(46480), np.int64(5577), np.int64(14883), np.int64(47852), np.int64(4272), np.int64(34639), np.int64(38558), np.int64(44645), np.int64(40348), np.int64(37398), np.int64(28317), np.int64(26251), np.int64(26664), np.int64(11406), np.int64(13069), np.int64(38826), np.int64(25571), np.int64(25803), np.int64(48187), np.int64(34433), np.int64(47599), np.int64(20299), np.int64(41981), np.int64(40728), np.int64(38662), np.int64(31337), np.int64(1977), np.int64(40806), np.int64(34673), np.int64(35282), np.int64(15772), np.int64(23399), np.int64(6438), np.int64(30748), np.int64(44341), np.int64(47553), np.int64(9854), np.int64(23809), np.int64(5385), np.int64(30783), np.int64(12234))","(0, 0, 0, 0, 0, 1, 0, 0, 0, 0, 0, 0, 0, 0, 0, 0, 0, 0, 0, 0, 0, 0, 0, 0, 0, 0, 0, 0, 0, 0, 0, 0, 1, 0, 0, 0, 0, 0, 0, 0, 0, 1, 0, 0, 0, 0, 0, 0, 0, 0, 0, 0, 0, 0, 0, 0, 0, 1, 0, 0, 0, 0, 0, 0, 0, 0, 0, 0, 0, 0, 0, 0, 0, 0, 0, 0, 0, 0, 0, 0, 0, 0, 0, 0, 1)"
3.852037,72,86.032744,0,"(np.int64(28619), np.int64(22950), np.int64(9042), np.int64(33169), np.int64(48887), np.int64(9827), np.int64(24054), np.int64(14298), np.int64(27193), np.int64(11811), np.int64(16261), np.int64(2670), np.int64(18493), np.int64(1687), np.int64(30287), np.int64(22226), np.int64(49609), np.int64(16304), np.int64(40142), np.int64(27511), np.int64(34858), np.int64(26952), np.int64(28715), np.int64(1323), np.int64(40002), np.int64(23369), np.int64(13537), np.int64(10333), np.int64(1521), np.int64(1347), np.int64(36836), np.int64(1989), np.int64(13867), np.int64(31223), np.int64(7856), np.int64(5966), np.int64(14374), np.int64(35220), np.int64(39719), np.int64(13214), np.int64(45438), np.int64(31513), np.int64(38482), np.int64(33700), np.int64(26415), np.int64(25879), np.int64(11361), np.int64(47989), np.int64(29189), np.int64(35545), np.int64(6398), np.int64(3853), np.int64(38036), np.int64(44982), np.int64(6682), np.int64(48219), np.int64(37553), np.int64(22950), np.int64(32905), np.int64(14142), np.int64(42721), np.int64(31931), np.int64(39812), np.int64(18314), np.int64(38884), np.int64(17385), np.int64(28869), np.int64(34367), np.int64(34002), np.int64(23809), np.int64(43901), np.int64(19180))","(0, 0, 0, 0, 0, 0, 0, 0, 0, 0, 0, 0, 0, 0, 0, 0, 0, 0, 0, 0, 0, 0, 0, 0, 0, 0, 0, 0, 0, 0, 0, 0, 0, 0, 0, 0, 1, 0, 0, 0, 0, 0, 0, 0, 0, 0, 0, 0, 0, 0, 0, 0, 0, 0, 0, 0, 0, 0, 0, 1, 0, 0, 0, 0, 1, 0, 1, 0, 0, 0, 0, 1)"
5.404682,50,86.674151,0,"(np.int64(15613), np.int64(8326), np.int64(48391), np.int64(11809), np.int64(17776), np.int64(36952), np.int64(46426), np.int64(13596), np.int64(33173), np.int64(28091), np.int64(394), np.int64(47388), np.int64(5617), np.int64(46091), np.int64(7584), np.int64(27384), np.int64(30320), np.int64(44458), np.int64(18020), np.int64(17388), np.int64(7640), np.int64(28434), np.int64(28155), np.int64(24952), np.int64(26581), np.int64(19830), np.int64(47007), np.int64(31954), np.int64(2351), np.int64(8345), np.int64(39266), np.int64(2028), np.int64(45602), np.int64(47767), np.int64(394), np.int64(18402), np.int64(26506), np.int64(3052), np.int64(42047), np.int64(35760), np.int64(39699), np.int64(8573), np.int64(4703), np.int64(20328), np.int64(21195), np.int64(115), np.int64(22180), np.int64(9828), np.int64(2170), np.int64(25708))","(1, 0, 0, 0, 1, 0, 0, 0, 0, 1, 1, 0, 0, 0, 0, 0, 0, 0, 0, 0, 0, 0, 0, 0, 0, 0, 0, 0, 0, 0, 0, 0, 1, 0, 1, 1, 0, 0, 0, 0, 0, 0, 0, 1, 0, 0, 0, 0, 0, 0)"
4.351994,50,87.312681,0,"(np.int64(34390), np.int64(22476), np.int64(46232), np.int64(32239), np.int64(6648), np.int64(46546), np.int64(1657), np.int64(23435), np.int64(6668), np.int64(35744), np.int64(42509), np.int64(5844), np.int64(3271), np.int64(38441), np.int64(37220), np.int64(28482), np.int64(12486), np.int64(12496), np.int64(20332), np.int64(19601), np.int64(27365), np.int64(44606), np.int64(28269), np.int64(2199), np.int64(27776), np.int64(26834), np.int64(9905), np.int64(2912), np.int64(34493), np.int64(2657), np.int64(24002), np.int64(23247), np.int64(150), np.int64(6755), np.int64(23564), np.int64(22782), np.int64(23719), np.int64(29363), np.int64(7326), np.int64(19753), np.int64(27295), np.int64(36290), np.int64(7264), np.int64(42759), np.int64(17530), np.int64(34400), np.int64(42513), np.int64(30239), np.int64(38875), np.int64(17554))","(0, 0, 0, 0, 0, 0, 0, 1, 0, 1, 0, 0, 0, 0, 0, 0, 0, 0, 0, 0, 0, 0, 0, 0, 0, 0, 0, 0, 1, 0, 0, 0, 0, 0, 0, 0, 0, 0, 1, 0, 0, 0, 0, 0, 0, 0, 1, 0, 1, 0)"
4.026911,89,88.454197,0,"(np.int64(29999), np.int64(49659), np.int64(41005), np.int64(1428), np.int64(34314), np.int64(512), np.int64(45954), np.int64(7287), np.int64(37086), np.int64(5247), np.int64(37846), np.int64(32438), np.int64(2475), np.int64(48805), np.int64(8839), np.int64(20981), np.int64(12809), np.int64(44743), np.int64(2250), np.int64(25287), np.int64(10472), np.int64(49155), np.int64(49073), np.int64(20104), np.int64(34048), np.int64(45850), np.int64(8583), np.int64(46116), np.int64(50025), np.int64(14543), np.int64(41451), np.int64(18108), np.int64(10786), np.int64(41051), np.int64(29828), np.int64(31209), np.int64(15987), np.int64(1847), np.int64(12913), np.int64(18356), np.int64(3367), np.int64(40258), np.int64(37182), np.int64(35864), np.int64(36561), np.int64(44356), np.int64(4191), np.int64(13572), np.int64(44079), np.int64(10956), np.int64(14084), np.int64(27300), np.int64(21563), np.int64(18356), np.int64(26424), np.int64(10928), np.int64(17751), np.int64(26558), np.int64(42961), np.int64(11745), np.int64(3118), np.int64(175), np.int64(22556), np.int64(27581), np.int64(44344), np.int64(9589), np.int64(30124), np.int64(43804), np.int64(38069), np.int64(42411), np.int64(17767), np.int64(21561), np.int64(28083), np.int64(44266), np.int64(7063), np.int64(27491), np.int64(25718), np.int64(48197), np.int64(41035), np.int64(23392), np.int64(7790), np.int64(3254), np.int64(46472), np.int64(29111), np.int64(17290), np.int64(21367), np.int64(25389), np.int64(49653), np.int64(3809))","(0, 0, 0, 0, 0, 0, 0, 0, 0, 0, 0, 0, 0, 0, 0, 0, 0, 0, 0, 0, 0, 0, 0, 0, 0, 0, 0, 0, 0, 0, 0, 0, 0, 0, 0, 0, 1, 0, 0, 0, 0, 0, 0, 0, 0, 0, 0, 0, 0, 1, 0, 0, 0, 0, 0, 0, 0, 0, 0, 0, 1, 0, 0, 0, 0, 1, 0, 0, 0, 0, 0, 0, 0, 0, 0, 0, 0, 0, 0, 0, 0, 0, 0, 0, 0, 0, 0, 0, 1)"
3.94707,95,89.670708,0,"(np.int64(30616), np.int64(13595), np.int64(48364), np.int64(34950), np.int64(37965), np.int64(30587), np.int64(29836), np.int64(31645), np.int64(14943), np.int64(35570), np.int64(39073), np.int64(22010), np.int64(28494), np.int64(20251), np.int64(23216), np.int64(16086), np.int64(22605), np.int64(42784), np.int64(31351), np.int64(29253), np.int64(12852), np.int64(44296), np.int64(36214), np.int64(14829), np.int64(18302), np.int64(4192), np.int64(25764), np.int64(19429), np.int64(4168), np.int64(24683), np.int64(19262), np.int64(38477), np.int64(5499), np.int64(49068), np.int64(38318), np.int64(38194), np.int64(5017), np.int64(13408), np.int64(39984), np.int64(41898), np.int64(11758), np.int64(21269), np.int64(12942), np.int64(4350), np.int64(15328), np.int64(1639), np.int64(14335), np.int64(18581), np.int64(19486), np.int64(16709), np.int64(29629), np.int64(30648), np.int64(25601), np.int64(45114), np.int64(27067), np.int64(17726), np.int64(48083), np.int64(4221), np.int64(22225), np.int64(2004), np.int64(32755), np.int64(1943), np.int64(21104), np.int64(17325), np.int64(20741), np.int64(9046), np.int64(30687), np.int64(28258), np.int64(36642), np.int64(29956), np.int64(27661), np.int64(13036), np.int64(35852), np.int64(2637), np.int64(16619), np.int64(38378), np.int64(42702), np.int64(19815), np.int64(759), np.int64(6802), np.int64(35064), np.int64(21463), np.int64(12103), np.int64(6340), np.int64(32450), np.int64(23782), np.int64(5268), np.int64(2921), np.int64(47224), np.int64(47554), np.int64(46419), np.int64(9391), np.int64(44921), np.int64(24958), np.int64(416))","(0, 0, 0, 0, 0, 0, 0, 0, 0, 0, 0, 0, 0, 0, 0, 1, 0, 0, 1, 0, 0, 0, 0, 0, 0, 0, 0, 0, 0, 0, 0, 0, 0, 0, 0, 0, 0, 0, 0, 0, 0, 0, 0, 0, 0, 0, 0, 0, 0, 0, 0, 0, 0, 0, 0, 0, 0, 1, 0, 0, 0, 0, 0, 0, 0, 0, 0, 0, 0, 0, 0, 0, 0, 0, 0, 0, 0, 0, 0, 0, 0, 0, 0, 0, 0, 1, 0, 0, 0, 0, 0, 0, 0, 0, 1)"
3.838639,60,90.446496,0,"(np.int64(44786), np.int64(1186), np.int64(21221), np.int64(24641), np.int64(21658), np.int64(47963), np.int64(32800), np.int64(38371), np.int64(47717), np.int64(38052), np.int64(1842), np.int64(31949), np.int64(38578), np.int64(42589), np.int64(20657), np.int64(41961), np.int64(17653), np.int64(24055), np.int64(26043), np.int64(42734), np.int64(5037), np.int64(15681), np.int64(23281), np.int64(26690), np.int64(48799), np.int64(43200), np.int64(33581), np.int64(41843), np.int64(31593), np.int64(35966), np.int64(9918), np.int64(16913), np.int64(7362), np.int64(19779), np.int64(9689), np.int64(26217), np.int64(36347), np.int64(30734), np.int64(47078), np.int64(40012), np.int64(4352), np.int64(47902), np.int64(18887), np.int64(34827), np.int64(36549), np.int64(10877), np.int64(44390), np.int64(37384), np.int64(19747), np.int64(6048), np.int64(22890), np.int64(9340), np.int64(22059), np.int64(19011), np.int64(43213), np.int64(2904), np.int64(15362), np.int64(4169), np.int64(48561), np.int64(6824))","(0, 0, 0, 0, 0, 0, 0, 0, 0, 0, 0, 0, 0, 0, 0, 0, 0, 0, 0, 0, 0, 0, 0, 0, 1, 0, 0, 0, 0, 0, 0, 0, 0, 1, 0, 0, 0, 0, 1, 0, 0, 0, 0, 0, 0, 0, 0, 0, 0, 0, 0, 0, 0, 0, 0, 0, 1, 0, 0, 1)"
3.586707,52,91.133216,0,"(np.int64(39199), np.int64(12061), np.int64(3377), np.int64(34796), np.int64(43233), np.int64(24393), np.int64(35470), np.int64(40589), np.int64(39068), np.int64(17318), np.int64(7193), np.int64(939), np.int64(22722), np.int64(11382), np.int64(7458), np.int64(47719), np.int64(10740), np.int64(33207), np.int64(48256), np.int64(43627), np.int64(33861), np.int64(3459), np.int64(45934), np.int64(19247), np.int64(44689), np.int64(11667), np.int64(48164), np.int64(42193), np.int64(11464), np.int64(42683), np.int64(12454), np.int64(48692), np.int64(19622), np.int64(21413), np.int64(4215), np.int64(39164), np.int64(43962), np.int64(11342), np.int64(42244), np.int64(26088), np.int64(19534), np.int64(25629), np.int64(41491), np.int64(17114), np.int64(47503), np.int64(20686), np.int64(12018), np.int64(47140), np.int64(38413), np.int64(48199), np.int64(9008), np.int64(8439))","(0, 0, 1, 0, 0, 0, 0, 0, 0, 0, 0, 0, 0, 0, 0, 0, 0, 0, 0, 0, 1, 0, 0, 0, 0, 0, 0, 0, 0, 1, 1, 0, 0, 0, 0, 0, 0, 0, 0, 0, 0, 0, 0, 0, 0, 0, 0, 0, 0, 0, 0, 1)"
3.989158,65,92.089418,0,"(np.int64(30217), np.int64(1974), np.int64(38547), np.int64(8708), np.int64(38905), np.int64(28824), np.int64(1476), np.int64(44110), np.int64(49404), np.int64(7685), np.int64(39420), np.int64(21246), np.int64(32375), np.int64(37209), np.int64(16953), np.int64(322), np.int64(21935), np.int64(14670), np.int64(26148), np.int64(48137), np.int64(20104), np.int64(42370), np.int64(13955), np.int64(37322), np.int64(27486), np.int64(20476), np.int64(41443), np.int64(31678), np.int64(34214), np.int64(36404), np.int64(7104), np.int64(27173), np.int64(27866), np.int64(47778), np.int64(24853), np.int64(15531), np.int64(11175), np.int64(14322), np.int64(26529), np.int64(7216), np.int64(1474), np.int64(2092), np.int64(32134), np.int64(36723), np.int64(38723), np.int64(20696), np.int64(11026), np.int64(33257), np.int64(22530), np.int64(46490), np.int64(6232), np.int64(10944), np.int64(242), np.int64(37303), np.int64(37410), np.int64(38118), np.int64(7727), np.int64(35805), np.int64(27895), np.int64(3905), np.int64(8304), np.int64(41059), np.int64(29411), np.int64(7649), np.int64(2242))","(0, 0, 0, 0, 0, 0, 0, 0, 0, 0, 0, 0, 0, 0, 1, 0, 0, 0, 0, 0, 0, 0, 0, 0, 0, 0, 0, 0, 0, 0, 0, 0, 0, 0, 0, 0, 0, 0, 0, 0, 0, 0, 0, 0, 0, 1, 0, 0, 0, 0, 1, 0, 0, 0, 0, 0, 1, 0, 0, 0, 0, 0, 0, 0, 1)"
3.727486,60,92.873611,0,"(np.int64(40703), np.int64(835), np.int64(11712), np.int64(47754), np.int64(11696), np.int64(27723), np.int64(13320), np.int64(38573), np.int64(27026), np.int64(6819), np.int64(22031), np.int64(9882), np.int64(45536), np.int64(15337), np.int64(19868), np.int64(3324), np.int64(19510), np.int64(15237), np.int64(28688), np.int64(22623), np.int64(24301), np.int64(3301), np.int64(8664), np.int64(46712), np.int64(47776), np.int64(11760), np.int64(19438), np.int64(6981), np.int64(7855), np.int64(37578), np.int64(11693), np.int64(19383), np.int64(25664), np.int64(19681), np.int64(8559), np.int64(36880), np.int64(24149), np.int64(22453), np.int64(38975), np.int64(38309), np.int64(45809), np.int64(46976), np.int64(35811), np.int64(37790), np.int64(45197), np.int64(11455), np.int64(22809), np.int64(1005), np.int64(8014), np.int64(17555), np.int64(2909), np.int64(44265), np.int64(9203), np.int64(5754), np.int64(33145), np.int64(21500), np.int64(48472), np.int64(7958), np.int64(37695), np.int64(2151))","(0, 0, 0, 0, 0, 0, 0, 0, 1, 0, 1, 0, 0, 0, 0, 0, 0, 0, 0, 0, 0, 0, 0, 0, 0, 0, 0, 0, 0, 0, 0, 0, 0, 1, 0, 0, 0, 0, 0, 0, 0, 0, 0, 0, 0, 1, 0, 0, 0, 0, 0, 0, 0, 0, 0, 0, 0, 0, 0, 1)"
4.503857,49,93.515767,0,"(np.int64(15889), np.int64(25206), np.int64(4759), np.int64(40480), np.int64(6695), np.int64(5553), np.int64(10907), np.int64(13281), np.int64(36733), np.int64(30180), np.int64(33080), np.int64(23525), np.int64(20078), np.int64(13689), np.int64(23316), np.int64(15546), np.int64(14778), np.int64(40299), np.int64(47803), np.int64(30659), np.int64(23177), np.int64(1900), np.int64(29289), np.int64(9973), np.int64(23856), np.int64(40083), np.int64(2010), np.int64(4778), np.int64(15240), np.int64(48993), np.int64(13688), np.int64(31235), np.int64(23158), np.int64(4697), np.int64(842), np.int64(23952), np.int64(50010), np.int64(44582), np.int64(26148), np.int64(15530), np.int64(39058), np.int64(17946), np.int64(676), np.int64(17912), np.int64(17143), np.int64(47097), np.int64(48499), np.int64(33685), np.int64(39735))","(0, 0, 0, 0, 0, 0, 0, 0, 1, 0, 1, 1, 0, 0, 0, 0, 0, 0, 0, 0, 0, 0, 0, 0, 0, 0, 0, 0, 0, 0, 0, 0, 0, 0, 1, 0, 0, 0, 0, 1, 0, 0, 0, 0, 0, 1, 0, 0, 0)"
5.465916,50,94.166912,0,"(np.int64(34297), np.int64(20235), np.int64(27670), np.int64(17828), np.int64(41354), np.int64(13182), np.int64(50021), np.int64(38624), np.int64(45293), np.int64(3146), np.int64(23307), np.int64(46972), np.int64(22222), np.int64(45882), np.int64(27352), np.int64(20807), np.int64(3211), np.int64(30363), np.int64(31359), np.int64(25833), np.int64(35081), np.int64(7253), np.int64(34174), np.int64(29412), np.int64(24115), np.int64(5423), np.int64(11039), np.int64(36020), np.int64(7894), np.int64(39868), np.int64(13950), np.int64(37820), np.int64(49719), np.int64(15354), np.int64(35441), np.int64(19008), np.int64(39188), np.int64(33163), np.int64(35296), np.int64(20144), np.int64(3181), np.int64(20922), np.int64(19379), np.int64(16959), np.int64(20722), np.int64(46827), np.int64(26506), np.int64(37058), np.int64(23760), np.int64(36518))","(0, 0, 0, 0, 0, 0, 0, 0, 0, 0, 0, 0, 0, 0, 0, 0, 0, 0, 0, 0, 0, 1, 0, 0, 0, 1, 1, 0, 0, 0, 0, 0, 0, 1, 0, 0, 1, 0, 0, 1, 0, 0, 1, 0, 0, 0, 0, 0, 0, 0)"
3.794805,64,94.988686,0,"(np.int64(31884), np.int64(22666), np.int64(3067), np.int64(42524), np.int64(9204), np.int64(11817), np.int64(23478), np.int64(26284), np.int64(6835), np.int64(17166), np.int64(49974), np.int64(22715), np.int64(13542), np.int64(35228), np.int64(28037), np.int64(8180), np.int64(14392), np.int64(4882), np.int64(46451), np.int64(20828), np.int64(1593), np.int64(43585), np.int64(48834), np.int64(28909), np.int64(23511), np.int64(46391), np.int64(27631), np.int64(45144), np.int64(37579), np.int64(2033), np.int64(10274), np.int64(26397), np.int64(18276), np.int64(38915), np.int64(40555), np.int64(47074), np.int64(23351), np.int64(1682), np.int64(35990), np.int64(20862), np.int64(6661), np.int64(1438), np.int64(20412), np.int64(7282), np.int64(15583), np.int64(49858), np.int64(34183), np.int64(9885), np.int64(36591), np.int64(12915), np.int64(13469), np.int64(36949), np.int64(42124), np.int64(17706), np.int64(25583), np.int64(33441), np.int64(29720), np.int64(14295), np.int64(10580), np.int64(1252), np.int64(39795), np.int64(19385), np.int64(19950), np.int64(10556))","(0, 0, 0, 0, 0, 0, 1, 0, 0, 0, 0, 0, 0, 0, 0, 0, 0, 0, 0, 0, 1, 0, 0, 0, 0, 0, 0, 0, 0, 0, 0, 0, 0, 0, 0, 0, 0, 0, 0, 1, 0, 0, 0, 0, 0, 0, 0, 0, 0, 0, 0, 0, 0, 0, 0, 0, 0, 1, 0, 0, 0, 0, 0, 1)"
3.676196,63,95.812462,0,"(np.int64(22217), np.int64(23246), np.int64(40776), np.int64(37097), np.int64(23281), np.int64(31178), np.int64(33739), np.int64(16586), np.int64(1812), np.int64(35995), np.int64(34345), np.int64(8977), np.int64(2072), np.int64(37495), np.int64(37507), np.int64(15117), np.int64(42916), np.int64(39887), np.int64(42483), np.int64(46674), np.int64(23150), np.int64(45245), np.int64(28501), np.int64(36045), np.int64(29427), np.int64(42973), np.int64(844), np.int64(45727), np.int64(49176), np.int64(3273), np.int64(23238), np.int64(33754), np.int64(42069), np.int64(44684), np.int64(28159), np.int64(12748), np.int64(43188), np.int64(47496), np.int64(24295), np.int64(20579), np.int64(14372), np.int64(20897), np.int64(3291), np.int64(16002), np.int64(23772), np.int64(24156), np.int64(36698), np.int64(43772), np.int64(43271), np.int64(41618), np.int64(47912), np.int64(23439), np.int64(34023), np.int64(33848), np.int64(34041), np.int64(34043), np.int64(19224), np.int64(27669), np.int64(47611), np.int64(18530), np.int64(16944), np.int64(28356), np.int64(17462))","(0, 0, 0, 0, 0, 0, 0, 0, 1, 0, 0, 0, 0, 0, 0, 1, 0, 0, 0, 0, 0, 0, 0, 0, 0, 0, 0, 0, 0, 0, 0, 0, 0, 1, 0, 0, 0, 0, 0, 0, 0, 0, 0, 0, 0, 0, 0, 0, 0, 0, 0, 0, 0, 0, 0, 0, 0, 0, 0, 0, 1, 0, 1)"
3.740152,50,96.45241,0,"(np.int64(24011), np.int64(26796), np.int64(3636), np.int64(6151), np.int64(10295), np.int64(16066), np.int64(7792), np.int64(27055), np.int64(24617), np.int64(44211), np.int64(12227), np.int64(9396), np.int64(4575), np.int64(4527), np.int64(36569), np.int64(48313), np.int64(24636), np.int64(12725), np.int64(6506), np.int64(40376), np.int64(12098), np.int64(4605), np.int64(35617), np.int64(13474), np.int64(45137), np.int64(36531), np.int64(1494), np.int64(12212), np.int64(26022), np.int64(30373), np.int64(41827), np.int64(15951), np.int64(17793), np.int64(42669), np.int64(24546), np.int64(8674), np.int64(34753), np.int64(39734), np.int64(5515), np.int64(46969), np.int64(48768), np.int64(46269), np.int64(2498), np.int64(39082), np.int64(47978), np.int64(48863), np.int64(48466), np.int64(41215), np.int64(2484), np.int64(38023))","(0, 1, 0, 0, 0, 0, 0, 0, 1, 0, 0, 1, 0, 0, 0, 0, 0, 0, 0, 0, 0, 0, 0, 0, 0, 0, 0, 1, 0, 0, 0, 1, 0, 0, 0, 0, 0, 0, 0, 0, 0, 0, 0, 0, 0, 0, 0, 0, 0, 0)"
3.711966,55,97.157942,0,"(np.int64(7947), np.int64(35937), np.int64(35836), np.int64(48680), np.int64(25436), np.int64(32855), np.int64(13379), np.int64(12748), np.int64(35584), np.int64(39263), np.int64(42207), np.int64(24425), np.int64(27392), np.int64(34317), np.int64(11354), np.int64(48993), np.int64(26160), np.int64(16818), np.int64(43439), np.int64(46281), np.int64(32653), np.int64(33530), np.int64(9761), np.int64(26140), np.int64(40136), np.int64(23242), np.int64(31560), np.int64(13386), np.int64(17769), np.int64(20718), np.int64(14048), np.int64(32223), np.int64(6050), np.int64(12047), np.int64(4588), np.int64(9726), np.int64(44889), np.int64(36671), np.int64(48549), np.int64(20886), np.int64(31048), np.int64(42881), np.int64(29358), np.int64(49373), np.int64(13251), np.int64(105), np.int64(3867), np.int64(5839), np.int64(15651), np.int64(20509), np.int64(21364), np.int64(48057), np.int64(26823), np.int64(35534), np.int64(14726))","(1, 0, 0, 0, 0, 0, 0, 0, 0, 0, 0, 0, 0, 0, 0, 0, 0, 1, 0, 0, 0, 0, 0, 0, 0, 0, 0, 0, 1, 0, 0, 0, 0, 0, 0, 0, 0, 0, 0, 0, 0, 0, 0, 0, 0, 0, 0, 0, 0, 0, 0, 0, 1, 0, 1)"
3.79436,51,97.833558,0,"(np.int64(17072), np.int64(19851), np.int64(43745), np.int64(11938), np.int64(30049), np.int64(34717), np.int64(8809), np.int64(34343), np.int64(48542), np.int64(31405), np.int64(38956), np.int64(8815), np.int64(14205), np.int64(4063), np.int64(2899), np.int64(33223), np.int64(25404), np.int64(25156), np.int64(34382), np.int64(34997), np.int64(40931), np.int64(19181), np.int64(33665), np.int64(6347), np.int64(36492), np.int64(13872), np.int64(49127), np.int64(14787), np.int64(12755), np.int64(34188), np.int64(17363), np.int64(46114), np.int64(8461), np.int64(761), np.int64(28477), np.int64(25769), np.int64(26988), np.int64(7798), np.int64(45158), np.int64(43819), np.int64(6847), np.int64(19807), np.int64(8554), np.int64(6246), np.int64(14784), np.int64(9077), np.int64(45638), np.int64(36025), np.int64(37961), np.int64(35149), np.int64(19235))","(0, 0, 0, 0, 0, 0, 0, 0, 1, 0, 0, 0, 1, 0, 0, 0, 0, 0, 0, 0, 0, 0, 0, 0, 1, 0, 0, 0, 0, 0, 1, 0, 0, 0, 0, 0, 0, 0, 0, 0, 0, 0, 0, 0, 0, 0, 0, 0, 0, 0, 1)"
3.899983,59,98.580171,0,"(np.int64(37117), np.int64(43376), np.int64(7905), np.int64(14479), np.int64(40624), np.int64(20366), np.int64(40904), np.int64(12168), np.int64(32277), np.int64(24881), np.int64(19356), np.int64(33987), np.int64(9819), np.int64(34099), np.int64(36895), np.int64(49354), np.int64(20877), np.int64(45999), np.int64(9420), np.int64(15409), np.int64(40923), np.int64(29299), np.int64(30307), np.int64(14517), np.int64(38435), np.int64(27991), np.int64(28834), np.int64(12845), np.int64(19710), np.int64(29117), np.int64(28199), np.int64(621), np.int64(14635), np.int64(27802), np.int64(32441), np.int64(9432), np.int64(18967), np.int64(603), np.int64(36217), np.int64(45129), np.int64(37545), np.int64(27931), np.int64(48885), np.int64(9156), np.int64(27212), np.int64(28378), np.int64(31395), np.int64(28306), np.int64(44762), np.int64(229), np.int64(39768), np.int64(30079), np.int64(8223), np.int64(15106), np.int64(2416), np.int64(15832), np.int64(40287), np.int64(22889), np.int64(29274))","(0, 0, 0, 0, 0, 0, 0, 0, 0, 0, 0, 0, 0, 0, 1, 0, 0, 0, 0, 0, 0, 0, 0, 0, 0, 0, 0, 0, 1, 0, 0, 0, 0, 0, 0, 1, 0, 0, 0, 0, 0, 0, 0, 0, 0, 0, 0, 0, 0, 0, 0, 0, 1, 0, 0, 0, 0, 0, 1)"
4.471586,50,99.226515,0,"(np.int64(34153), np.int64(28689), np.int64(12433), np.int64(34860), np.int64(45884), np.int64(45987), np.int64(39313), np.int64(1702), np.int64(18931), np.int64(16147), np.int64(10011), np.int64(43706), np.int64(22610), np.int64(12828), np.int64(8395), np.int64(20857), np.int64(25996), np.int64(42684), np.int64(26560), np.int64(19925), np.int64(2126), np.int64(49438), np.int64(22433), np.int64(19044), np.int64(12772), np.int64(16078), np.int64(867), np.int64(6816), np.int64(32515), np.int64(7618), np.int64(17194), np.int64(40401), np.int64(14387), np.int64(12994), np.int64(11621), np.int64(41084), np.int64(37237), np.int64(34977), np.int64(42651), np.int64(3862), np.int64(41288), np.int64(45090), np.int64(16861), np.int64(18200), np.int64(18472), np.int64(13186), np.int64(43472), np.int64(27879), np.int64(31339), np.int64(6712))","(0, 0, 0, 0, 0, 0, 0, 0, 0, 0, 0, 0, 0, 0, 0, 0, 1, 0, 1, 0, 0, 0, 0, 0, 1, 0, 0, 1, 0, 0, 0, 0, 0, 1, 0, 0, 0, 0, 0, 0, 0, 0, 0, 0, 0, 0, 0, 0, 1, 0)"
3.836987,62,100.029949,0,"(np.int64(5942), np.int64(16760), np.int64(17960), np.int64(5090), np.int64(5369), np.int64(39134), np.int64(11449), np.int64(1854), np.int64(12757), np.int64(41043), np.int64(32905), np.int64(31832), np.int64(28949), np.int64(11381), np.int64(33032), np.int64(37884), np.int64(29505), np.int64(37448), np.int64(12984), np.int64(48110), np.int64(25929), np.int64(34812), np.int64(38538), np.int64(12275), np.int64(8209), np.int64(25241), np.int64(30021), np.int64(14143), np.int64(26294), np.int64(662), np.int64(18339), np.int64(13348), np.int64(48004), np.int64(18614), np.int64(28098), np.int64(44595), np.int64(21727), np.int64(45748), np.int64(27268), np.int64(40134), np.int64(36030), np.int64(9975), np.int64(20504), np.int64(1448), np.int64(38266), np.int64(19640), np.int64(24634), np.int64(40964), np.int64(28551), np.int64(26781), np.int64(5467), np.int64(25602), np.int64(2907), np.int64(26760), np.int64(24539), np.int64(16149), np.int64(46892), np.int64(30225), np.int64(47240), np.int64(3456), np.int64(39626), np.int64(46846))","(0, 0, 0, 0, 0, 0, 0, 0, 0, 0, 0, 0, 0, 0, 0, 0, 0, 0, 0, 0, 0, 0, 0, 0, 0, 0, 0, 0, 0, 0, 0, 1, 0, 1, 0, 0, 0, 0, 0, 0, 0, 0, 0, 0, 0, 1, 0, 0, 0, 0, 0, 0, 0, 1, 0, 0, 0, 0, 0, 0, 0, 1)"
4.714901,50,100.661878,0,"(np.int64(45627), np.int64(31634), np.int64(39281), np.int64(21570), np.int64(33794), np.int64(2687), np.int64(34467), np.int64(28052), np.int64(26645), np.int64(4637), np.int64(30097), np.int64(12505), np.int64(20794), np.int64(33770), np.int64(36306), np.int64(948), np.int64(6203), np.int64(38960), np.int64(38005), np.int64(49815), np.int64(43987), np.int64(36538), np.int64(45564), np.int64(1096), np.int64(21878), np.int64(23272), np.int64(2703), np.int64(24831), np.int64(11856), np.int64(293), np.int64(42226), np.int64(46674), np.int64(25335), np.int64(26382), np.int64(18276), np.int64(1093), np.int64(14178), np.int64(21014), np.int64(35638), np.int64(21582), np.int64(48779), np.int64(41936), np.int64(40650), np.int64(22186), np.int64(39026), np.int64(34151), np.int64(31178), np.int64(49567), np.int64(38711), np.int64(17798))","(0, 0, 0, 0, 0, 0, 0, 0, 0, 1, 0, 0, 0, 0, 0, 1, 0, 0, 0, 0, 0, 0, 0, 1, 0, 0, 0, 0, 0, 1, 0, 0, 0, 0, 0, 0, 1, 0, 0, 0, 0, 0, 0, 0, 0, 0, 0, 0, 0, 1)"
3.826663,61,101.450956,0,"(np.int64(6202), np.int64(35164), np.int64(33876), np.int64(40420), np.int64(42509), np.int64(34745), np.int64(11622), np.int64(977), np.int64(25366), np.int64(11300), np.int64(24454), np.int64(20233), np.int64(48305), np.int64(17209), np.int64(26735), np.int64(38125), np.int64(30614), np.int64(31771), np.int64(24161), np.int64(9500), np.int64(27964), np.int64(26985), np.int64(21822), np.int64(19399), np.int64(11265), np.int64(26423), np.int64(11875), np.int64(42163), np.int64(40653), np.int64(49316), np.int64(16198), np.int64(8013), np.int64(25029), np.int64(49815), np.int64(27698), np.int64(34373), np.int64(26417), np.int64(7427), np.int64(49967), np.int64(27405), np.int64(2841), np.int64(45372), np.int64(40122), np.int64(29178), np.int64(42812), np.int64(46132), np.int64(3436), np.int64(44031), np.int64(48155), np.int64(34123), np.int64(28761), np.int64(17980), np.int64(39747), np.int64(49120), np.int64(24230), np.int64(23292), np.int64(11327), np.int64(43753), np.int64(32564), np.int64(42588), np.int64(8975))","(0, 0, 0, 0, 0, 1, 0, 0, 0, 0, 0, 0, 0, 0, 0, 0, 0, 0, 0, 0, 0, 0, 0, 0, 0, 0, 0, 0, 0, 0, 0, 0, 0, 0, 0, 0, 0, 0, 0, 0, 0, 0, 0, 0, 0, 0, 0, 0, 0, 0, 1, 1, 0, 0, 0, 0, 1, 0, 0, 0, 1)"
4.459733,50,102.099718,0,"(np.int64(42329), np.int64(24790), np.int64(30026), np.int64(34690), np.int64(34369), np.int64(44627), np.int64(25374), np.int64(28627), np.int64(43518), np.int64(772), np.int64(11488), np.int64(28176), np.int64(21), np.int64(44011), np.int64(17099), np.int64(20379), np.int64(46603), np.int64(40033), np.int64(24117), np.int64(48594), np.int64(32830), np.int64(42725), np.int64(3213), np.int64(6398), np.int64(20016), np.int64(34697), np.int64(49567), np.int64(37490), np.int64(17709), np.int64(24894), np.int64(49905), np.int64(29058), np.int64(45017), np.int64(31427), np.int64(22022), np.int64(41354), np.int64(46459), np.int64(81), np.int64(29721), np.int64(7627), np.int64(29396), np.int64(44547), np.int64(5290), np.int64(7126), np.int64(27084), np.int64(32363), np.int64(6517), np.int64(9755), np.int64(42718), np.int64(33534))","(0, 0, 0, 0, 0, 0, 0, 0, 0, 0, 0, 0, 0, 0, 0, 0, 0, 0, 0, 0, 0, 0, 0, 0, 0, 1, 0, 0, 0, 0, 0, 0, 0, 1, 0, 0, 0, 1, 0, 0, 0, 0, 0, 0, 1, 0, 1, 1, 0, 0)"
4.992218,50,102.748925,0,"(np.int64(4134), np.int64(40550), np.int64(26022), np.int64(48187), np.int64(48773), np.int64(14051), np.int64(29974), np.int64(43943), np.int64(37731), np.int64(24011), np.int64(42037), np.int64(20854), np.int64(44134), np.int64(46580), np.int64(36633), np.int64(5136), np.int64(5381), np.int64(12233), np.int64(17998), np.int64(43570), np.int64(25694), np.int64(10500), np.int64(7769), np.int64(45923), np.int64(25242), np.int64(25157), np.int64(47335), np.int64(12252), np.int64(26865), np.int64(6200), np.int64(8420), np.int64(27484), np.int64(35232), np.int64(111), np.int64(7137), np.int64(11069), np.int64(32924), np.int64(12040), np.int64(23123), np.int64(49806), np.int64(10211), np.int64(38318), np.int64(31207), np.int64(19706), np.int64(37443), np.int64(27512), np.int64(15939), np.int64(24948), np.int64(20703), np.int64(9568))","(1, 0, 0, 0, 0, 0, 0, 0, 0, 0, 0, 0, 0, 0, 0, 0, 1, 1, 0, 0, 0, 0, 0, 1, 0, 0, 1, 0, 0, 0, 0, 0, 0, 0, 0, 0, 1, 0, 0, 0, 0, 0, 0, 0, 0, 0, 0, 1, 0, 0)"
4.687747,50,103.455155,0,"(np.int64(18033), np.int64(47545), np.int64(19781), np.int64(24280), np.int64(4771), np.int64(45181), np.int64(10425), np.int64(43737), np.int64(2332), np.int64(6318), np.int64(20897), np.int64(17798), np.int64(32526), np.int64(38236), np.int64(45541), np.int64(34678), np.int64(35365), np.int64(42452), np.int64(34410), np.int64(7090), np.int64(27479), np.int64(15081), np.int64(35727), np.int64(40025), np.int64(9972), np.int64(38712), np.int64(3964), np.int64(32927), np.int64(33159), np.int64(33237), np.int64(40747), np.int64(1298), np.int64(47042), np.int64(26378), np.int64(32936), np.int64(42613), np.int64(42985), np.int64(37515), np.int64(32768), np.int64(32771), np.int64(40575), np.int64(39389), np.int64(18257), np.int64(37647), np.int64(12981), np.int64(6223), np.int64(37880), np.int64(30072), np.int64(27124), np.int64(22525))","(0, 0, 0, 0, 0, 0, 1, 0, 0, 1, 0, 1, 0, 0, 0, 1, 0, 0, 0, 0, 0, 0, 0, 0, 1, 0, 0, 0, 0, 0, 0, 0, 0, 0, 0, 0, 0, 0, 0, 0, 0, 0, 0, 0, 0, 1, 0, 0, 0, 0)"
3.545157,40,104.095686,0,"(np.int64(18801), np.int64(110), np.int64(37219), np.int64(3578), np.int64(38030), np.int64(13167), np.int64(49105), np.int64(28705), np.int64(3870), np.int64(46766), np.int64(7335), np.int64(19957), np.int64(26145), np.int64(18346), np.int64(43784), np.int64(1794), np.int64(7953), np.int64(29480), np.int64(13010), np.int64(1436), np.int64(25264), np.int64(17656), np.int64(25602), np.int64(22709), np.int64(7877), np.int64(49164), np.int64(31041), np.int64(49191), np.int64(44586), np.int64(39028), np.int64(10632), np.int64(33338), np.int64(44237), np.int64(23753), np.int64(42955), np.int64(2547), np.int64(37826), np.int64(19002), np.int64(23136), np.int64(1598))","(0, 0, 1, 0, 0, 0, 0, 0, 0, 0, 0, 1, 0, 0, 0, 0, 1, 0, 1, 0, 0, 0, 0, 0, 0, 0, 0, 0, 0, 0, 1, 0, 0, 0, 0, 0, 0, 0, 0, 0)"
3.797576,50,104.935896,0,"(np.int64(7818), np.int64(396), np.int64(35991), np.int64(45170), np.int64(43753), np.int64(10257), np.int64(36667), np.int64(47367), np.int64(13396), np.int64(35163), np.int64(27927), np.int64(25836), np.int64(5942), np.int64(15959), np.int64(35857), np.int64(10532), np.int64(23137), np.int64(49135), np.int64(39093), np.int64(25578), np.int64(39866), np.int64(3918), np.int64(23659), np.int64(407), np.int64(6517), np.int64(39873), np.int64(40355), np.int64(6738), np.int64(44692), np.int64(40594), np.int64(18586), np.int64(29533), np.int64(31778), np.int64(35368), np.int64(45363), np.int64(38691), np.int64(10518), np.int64(26451), np.int64(11362), np.int64(25596), np.int64(35123), np.int64(16627), np.int64(37813), np.int64(21259), np.int64(24603), np.int64(19216), np.int64(49818), np.int64(9766), np.int64(38393), np.int64(9680))","(0, 0, 0, 0, 0, 0, 0, 0, 0, 0, 1, 0, 0, 0, 0, 0, 0, 0, 0, 0, 0, 0, 0, 0, 1, 0, 0, 0, 0, 0, 0, 0, 0, 0, 0, 1, 1, 0, 0, 0, 0, 0, 0, 0, 0, 1, 0, 0, 0, 0)"
3.701645,50,105.738802,0,"(np.int64(29288), np.int64(40818), np.int64(16557), np.int64(17705), np.int64(38622), np.int64(32606), np.int64(13401), np.int64(16283), np.int64(9588), np.int64(10518), np.int64(10817), np.int64(7892), np.int64(2896), np.int64(25363), np.int64(24038), np.int64(9958), np.int64(33624), np.int64(42959), np.int64(5017), np.int64(40), np.int64(35228), np.int64(38397), np.int64(7143), np.int64(2863), np.int64(47748), np.int64(27520), np.int64(32366), np.int64(28638), np.int64(45891), np.int64(12675), np.int64(6079), np.int64(36672), np.int64(34293), np.int64(26629), np.int64(17313), np.int64(6979), np.int64(45873), np.int64(17244), np.int64(46050), np.int64(10670), np.int64(31127), np.int64(32106), np.int64(29), np.int64(41682), np.int64(39456), np.int64(6799), np.int64(35026), np.int64(33003), np.int64(37769), np.int64(21354))","(0, 0, 0, 0, 0, 0, 0, 0, 0, 1, 0, 0, 0, 0, 0, 1, 0, 0, 0, 1, 0, 0, 0, 0, 0, 0, 0, 0, 0, 0, 0, 0, 0, 0, 0, 0, 1, 0, 0, 0, 0, 0, 0, 0, 0, 0, 0, 1, 0, 0)"
4.757718,50,106.577637,0,"(np.int64(7810), np.int64(119), np.int64(21493), np.int64(12231), np.int64(29439), np.int64(33116), np.int64(23295), np.int64(28290), np.int64(11455), np.int64(8908), np.int64(1324), np.int64(45228), np.int64(6496), np.int64(27855), np.int64(14338), np.int64(16107), np.int64(43169), np.int64(13747), np.int64(47426), np.int64(9583), np.int64(45257), np.int64(13992), np.int64(32655), np.int64(9988), np.int64(49830), np.int64(37356), np.int64(9793), np.int64(22187), np.int64(17821), np.int64(17601), np.int64(9645), np.int64(1742), np.int64(47137), np.int64(14615), np.int64(15429), np.int64(29374), np.int64(4458), np.int64(975), np.int64(3340), np.int64(47792), np.int64(2114), np.int64(3801), np.int64(40972), np.int64(15755), np.int64(17136), np.int64(3112), np.int64(44200), np.int64(9817), np.int64(8044), np.int64(22929))","(1, 0, 0, 0, 0, 0, 0, 0, 1, 0, 1, 0, 0, 0, 0, 0, 0, 0, 0, 0, 0, 0, 0, 0, 0, 0, 0, 0, 0, 0, 0, 0, 0, 0, 0, 0, 1, 0, 1, 0, 0, 0, 0, 0, 0, 1, 0, 0, 0, 0)"
3.653524,63,107.591926,0,"(np.int64(48444), np.int64(41723), np.int64(26876), np.int64(29501), np.int64(4197), np.int64(18924), np.int64(14786), np.int64(46778), np.int64(21926), np.int64(40100), np.int64(47932), np.int64(35684), np.int64(9682), np.int64(35981), np.int64(43120), np.int64(30245), np.int64(47843), np.int64(39939), np.int64(36580), np.int64(3986), np.int64(14477), np.int64(26718), np.int64(30944), np.int64(30968), np.int64(11324), np.int64(48874), np.int64(45843), np.int64(11843), np.int64(9672), np.int64(10131), np.int64(23202), np.int64(591), np.int64(41738), np.int64(48399), np.int64(29561), np.int64(22663), np.int64(24183), np.int64(45018), np.int64(7772), np.int64(8319), np.int64(6101), np.int64(44351), np.int64(33006), np.int64(36332), np.int64(43334), np.int64(31035), np.int64(2342), np.int64(9290), np.int64(30493), np.int64(8945), np.int64(49909), np.int64(12816), np.int64(45659), np.int64(29936), np.int64(13226), np.int64(11586), np.int64(8441), np.int64(45047), np.int64(23981), np.int64(45136), np.int64(14808), np.int64(47220), np.int64(7984))","(0, 0, 0, 0, 0, 0, 0, 0, 0, 0, 0, 0, 0, 0, 0, 0, 0, 0, 0, 0, 0, 0, 0, 0, 0, 0, 0, 0, 0, 1, 0, 0, 0, 0, 0, 0, 0, 0, 0, 0, 1, 0, 0, 1, 0, 0, 0, 0, 0, 0, 0, 0, 1, 0, 0, 0, 0, 0, 0, 0, 0, 0, 1)"
4.476268,50,108.604557,0,"(np.int64(10672), np.int64(3426), np.int64(45121), np.int64(4228), np.int64(20446), np.int64(43960), np.int64(38174), np.int64(23413), np.int64(33685), np.int64(15596), np.int64(45364), np.int64(27292), np.int64(31821), np.int64(45040), np.int64(25106), np.int64(2859), np.int64(33084), np.int64(22523), np.int64(13470), np.int64(37440), np.int64(10690), np.int64(46030), np.int64(872), np.int64(25524), np.int64(11055), np.int64(843), np.int64(36925), np.int64(4662), np.int64(36833), np.int64(36635), np.int64(18771), np.int64(6880), np.int64(27364), np.int64(29736), np.int64(27406), np.int64(44960), np.int64(27012), np.int64(16809), np.int64(10976), np.int64(836), np.int64(24200), np.int64(23877), np.int64(32200), np.int64(5864), np.int64(38687), np.int64(29604), np.int64(12100), np.int64(17344), np.int64(35947), np.int64(1173))","(0, 0, 0, 0, 0, 0, 0, 0, 0, 1, 0, 0, 0, 0, 0, 1, 0, 0, 0, 0, 0, 0, 0, 0, 0, 0, 0, 0, 0, 0, 0, 1, 0, 1, 0, 0, 0, 0, 0, 0, 0, 0, 0, 0, 0, 1, 0, 1, 0, 0)"
4.536733,50,109.549177,0,"(np.int64(48613), np.int64(27346), np.int64(14447), np.int64(47075), np.int64(34317), np.int64(32838), np.int64(10925), np.int64(549), np.int64(40024), np.int64(8666), np.int64(38572), np.int64(14452), np.int64(35360), np.int64(36772), np.int64(43362), np.int64(22932), np.int64(32215), np.int64(23601), np.int64(44709), np.int64(23414), np.int64(34119), np.int64(16221), np.int64(3519), np.int64(9128), np.int64(25706), np.int64(34274), np.int64(14889), np.int64(16653), np.int64(31310), np.int64(38741), np.int64(2321), np.int64(17143), np.int64(6946), np.int64(38600), np.int64(37480), np.int64(26249), np.int64(36630), np.int64(17376), np.int64(24767), np.int64(21090), np.int64(9067), np.int64(28549), np.int64(31416), np.int64(4318), np.int64(28971), np.int64(3657), np.int64(30587), np.int64(37933), np.int64(16800), np.int64(32838))","(0, 0, 0, 0, 0, 0, 0, 0, 0, 0, 0, 0, 0, 0, 0, 0, 0, 0, 0, 0, 0, 0, 0, 0, 0, 0, 0, 1, 0, 1, 0, 0, 0, 1, 0, 1, 0, 0, 0, 0, 0, 0, 0, 0, 1, 1, 0, 0, 0, 0)"
3.840779,103,110.998318,0,"(np.int64(45667), np.int64(33522), np.int64(21216), np.int64(13342), np.int64(41165), np.int64(48409), np.int64(8121), np.int64(20482), np.int64(35014), np.int64(13603), np.int64(25751), np.int64(13729), np.int64(4635), np.int64(13864), np.int64(38662), np.int64(1057), np.int64(40796), np.int64(36531), np.int64(1541), np.int64(47160), np.int64(23795), np.int64(45239), np.int64(599), np.int64(31236), np.int64(17539), np.int64(31561), np.int64(37866), np.int64(38019), np.int64(41769), np.int64(10402), np.int64(49606), np.int64(31259), np.int64(25252), np.int64(8541), np.int64(11688), np.int64(14360), np.int64(30897), np.int64(32017), np.int64(2130), np.int64(46257), np.int64(44796), np.int64(12092), np.int64(41490), np.int64(37645), np.int64(9133), np.int64(10845), np.int64(14820), np.int64(4860), np.int64(9726), np.int64(29830), np.int64(3496), np.int64(23969), np.int64(17245), np.int64(21126), np.int64(578), np.int64(45794), np.int64(16169), np.int64(40821), np.int64(44363), np.int64(107), np.int64(7200), np.int64(14512), np.int64(42048), np.int64(24647), np.int64(7739), np.int64(10312), np.int64(22400), np.int64(35938), np.int64(45843), np.int64(50010), np.int64(2017), np.int64(31189), np.int64(1910), np.int64(13837), np.int64(42448), np.int64(41135), np.int64(36755), np.int64(10690), np.int64(25069), np.int64(41493), np.int64(36630), np.int64(19184), np.int64(47079), np.int64(1119), np.int64(39686), np.int64(34167), np.int64(43201), np.int64(38328), np.int64(41856), np.int64(20400), np.int64(48379), np.int64(23532), np.int64(42743), np.int64(31254), np.int64(19132), np.int64(4966), np.int64(22838), np.int64(21333), np.int64(5544), np.int64(20983), np.int64(2433), np.int64(33094), np.int64(35448))","(0, 0, 0, 0, 0, 0, 0, 0, 0, 0, 0, 0, 0, 0, 0, 0, 0, 0, 0, 0, 0, 0, 0, 0, 0, 0, 0, 0, 0, 0, 0, 0, 0, 0, 1, 0, 0, 0, 0, 0, 0, 0, 0, 0, 0, 0, 0, 0, 0, 0, 0, 0, 0, 0, 0, 0, 0, 0, 0, 0, 0, 0, 0, 1, 0, 0, 0, 0, 0, 0, 1, 0, 0, 0, 0, 0, 0, 0, 0, 0, 0, 0, 0, 0, 0, 0, 0, 0, 0, 0, 0, 0, 0, 1, 0, 0, 0, 0, 0, 0, 0, 0, 1)"
3.918193,98,112.243911,0,"(np.int64(11120), np.int64(47381), np.int64(33154), np.int64(9349), np.int64(6472), np.int64(28783), np.int64(10687), np.int64(7914), np.int64(42372), np.int64(38185), np.int64(25588), np.int64(20987), np.int64(43917), np.int64(22298), np.int64(25689), np.int64(40696), np.int64(40654), np.int64(15301), np.int64(38936), np.int64(37236), np.int64(6818), np.int64(14420), np.int64(44552), np.int64(5854), np.int64(48751), np.int64(7300), np.int64(16686), np.int64(2393), np.int64(41458), np.int64(1625), np.int64(16989), np.int64(38029), np.int64(17634), np.int64(48624), np.int64(2115), np.int64(34929), np.int64(49435), np.int64(30557), np.int64(14131), np.int64(9167), np.int64(39079), np.int64(16796), np.int64(30352), np.int64(36941), np.int64(37467), np.int64(26066), np.int64(47697), np.int64(10673), np.int64(30921), np.int64(32362), np.int64(14580), np.int64(31497), np.int64(988), np.int64(18081), np.int64(29236), np.int64(14241), np.int64(9768), np.int64(33440), np.int64(22110), np.int64(28542), np.int64(605), np.int64(15102), np.int64(3383), np.int64(14371), np.int64(48340), np.int64(20917), np.int64(11440), np.int64(37622), np.int64(17632), np.int64(29208), np.int64(11212), np.int64(25920), np.int64(40372), np.int64(35564), np.int64(40339), np.int64(39425), np.int64(9802), np.int64(41163), np.int64(29389), np.int64(8637), np.int64(26802), np.int64(44282), np.int64(38343), np.int64(35663), np.int64(29512), np.int64(1719), np.int64(11430), np.int64(14464), np.int64(16540), np.int64(40265), np.int64(42041), np.int64(15134), np.int64(20256), np.int64(19683), np.int64(19668), np.int64(1264), np.int64(2813), np.int64(804))","(0, 0, 0, 0, 0, 0, 0, 0, 0, 0, 0, 1, 0, 0, 0, 0, 0, 0, 0, 0, 0, 0, 0, 0, 0, 0, 0, 0, 0, 0, 0, 0, 0, 0, 0, 0, 0, 0, 0, 0, 0, 0, 0, 0, 0, 0, 0, 0, 0, 0, 0, 0, 1, 0, 0, 0, 0, 0, 0, 0, 0, 0, 0, 0, 0, 0, 0, 0, 0, 0, 0, 0, 0, 0, 0, 0, 0, 0, 0, 0, 0, 0, 0, 0, 0, 0, 0, 0, 0, 0, 0, 1, 0, 1, 0, 0, 0, 1)"
3.99522,50,112.883643,0,"(np.int64(8072), np.int64(4607), np.int64(38046), np.int64(9599), np.int64(12537), np.int64(6801), np.int64(26539), np.int64(3436), np.int64(35656), np.int64(1529), np.int64(27069), np.int64(31354), np.int64(4452), np.int64(32094), np.int64(48906), np.int64(12738), np.int64(16012), np.int64(8188), np.int64(11705), np.int64(23033), np.int64(48968), np.int64(31670), np.int64(48091), np.int64(39899), np.int64(31867), np.int64(14810), np.int64(30839), np.int64(16131), np.int64(41157), np.int64(7235), np.int64(48051), np.int64(1103), np.int64(35748), np.int64(23550), np.int64(8309), np.int64(32002), np.int64(3299), np.int64(26197), np.int64(46312), np.int64(2323), np.int64(38129), np.int64(45876), np.int64(49358), np.int64(31160), np.int64(5635), np.int64(26808), np.int64(45963), np.int64(15151), np.int64(27387), np.int64(28501))","(0, 0, 0, 0, 1, 0, 0, 0, 0, 0, 0, 1, 0, 0, 0, 0, 0, 0, 0, 0, 1, 0, 0, 0, 0, 0, 0, 0, 0, 0, 0, 1, 0, 0, 0, 0, 0, 1, 0, 0, 0, 0, 0, 0, 0, 0, 0, 0, 0, 0)"
3.932069,77,113.898842,0,"(np.int64(7988), np.int64(45637), np.int64(5448), np.int64(38651), np.int64(45568), np.int64(21956), np.int64(18887), np.int64(3837), np.int64(25459), np.int64(49635), np.int64(37697), np.int64(43487), np.int64(26722), np.int64(28700), np.int64(30688), np.int64(1445), np.int64(8760), np.int64(27916), np.int64(22796), np.int64(45078), np.int64(645), np.int64(11402), np.int64(1848), np.int64(8615), np.int64(37949), np.int64(6522), np.int64(39547), np.int64(36593), np.int64(36893), np.int64(12695), np.int64(18560), np.int64(17540), np.int64(15634), np.int64(47720), np.int64(40441), np.int64(42466), np.int64(2752), np.int64(8182), np.int64(40212), np.int64(2440), np.int64(20991), np.int64(34664), np.int64(44520), np.int64(49594), np.int64(14269), np.int64(6036), np.int64(4850), np.int64(44939), np.int64(17476), np.int64(10864), np.int64(39539), np.int64(20117), np.int64(43672), np.int64(29392), np.int64(11883), np.int64(5942), np.int64(39071), np.int64(40587), np.int64(43075), np.int64(24925), np.int64(31330), np.int64(49735), np.int64(44993), np.int64(43212), np.int64(8622), np.int64(4321), np.int64(39560), np.int64(3130), np.int64(33074), np.int64(48543), np.int64(19225), np.int64(20804), np.int64(49974), np.int64(8696), np.int64(20417), np.int64(6733), np.int64(1994))","(0, 0, 0, 0, 0, 0, 0, 0, 0, 0, 0, 0, 0, 0, 0, 0, 0, 0, 0, 0, 0, 0, 0, 0, 0, 0, 0, 0, 0, 0, 0, 0, 0, 0, 0, 0, 0, 0, 0, 0, 0, 0, 0, 0, 0, 1, 1, 0, 0, 0, 0, 0, 0, 0, 0, 0, 0, 0, 0, 1, 0, 0, 0, 0, 0, 0, 0, 0, 0, 0, 0, 0, 0, 0, 0, 1, 1)"
4.583867,50,114.548837,0,"(np.int64(23455), np.int64(33546), np.int64(33353), np.int64(31489), np.int64(28748), np.int64(40677), np.int64(22890), np.int64(29725), np.int64(48995), np.int64(11669), np.int64(30236), np.int64(8486), np.int64(12320), np.int64(21780), np.int64(25023), np.int64(5471), np.int64(4882), np.int64(2381), np.int64(37721), np.int64(18146), np.int64(15980), np.int64(35749), np.int64(917), np.int64(10549), np.int64(40620), np.int64(40695), np.int64(3814), np.int64(29011), np.int64(179), np.int64(3426), np.int64(29601), np.int64(6476), np.int64(26231), np.int64(29683), np.int64(17663), np.int64(44787), np.int64(49362), np.int64(11840), np.int64(17465), np.int64(27966), np.int64(11508), np.int64(3070), np.int64(40847), np.int64(10597), np.int64(22101), np.int64(40735), np.int64(1555), np.int64(10985), np.int64(25502), np.int64(3882))","(0, 0, 0, 0, 1, 0, 0, 0, 0, 1, 0, 0, 1, 0, 0, 0, 0, 0, 0, 0, 0, 0, 0, 0, 0, 0, 0, 0, 0, 0, 0, 0, 0, 0, 1, 0, 0, 0, 0, 0, 0, 0, 0, 0, 0, 0, 0, 0, 1, 1)"
3.698418,61,115.343166,0,"(np.int64(47146), np.int64(47288), np.int64(45798), np.int64(29650), np.int64(19017), np.int64(31375), np.int64(4049), np.int64(42118), np.int64(44820), np.int64(24010), np.int64(37651), np.int64(14426), np.int64(20305), np.int64(44), np.int64(41539), np.int64(2267), np.int64(43735), np.int64(7266), np.int64(19328), np.int64(26120), np.int64(40707), np.int64(12195), np.int64(32234), np.int64(43255), np.int64(34942), np.int64(43760), np.int64(29437), np.int64(24503), np.int64(190), np.int64(19068), np.int64(17035), np.int64(11811), np.int64(29283), np.int64(37414), np.int64(33608), np.int64(26090), np.int64(33421), np.int64(4283), np.int64(11133), np.int64(15113), np.int64(40979), np.int64(37546), np.int64(42901), np.int64(27953), np.int64(33172), np.int64(38074), np.int64(31364), np.int64(26674), np.int64(35008), np.int64(7436), np.int64(22787), np.int64(45111), np.int64(39038), np.int64(39993), np.int64(31654), np.int64(30630), np.int64(277), np.int64(49347), np.int64(42488), np.int64(44875), np.int64(22509))","(0, 0, 0, 0, 0, 0, 0, 0, 0, 0, 0, 0, 0, 1, 0, 0, 0, 0, 1, 0, 0, 0, 0, 0, 0, 0, 0, 0, 0, 0, 0, 0, 1, 0, 0, 0, 0, 0, 0, 0, 0, 0, 0, 0, 0, 0, 0, 0, 0, 0, 0, 1, 0, 0, 0, 0, 0, 0, 0, 0, 1)"
3.847831,74,116.376253,0,"(np.int64(18840), np.int64(2344), np.int64(34327), np.int64(37604), np.int64(31545), np.int64(2703), np.int64(488), np.int64(35635), np.int64(40219), np.int64(48332), np.int64(12157), np.int64(13061), np.int64(17203), np.int64(15207), np.int64(2438), np.int64(22717), np.int64(21289), np.int64(41128), np.int64(19613), np.int64(27928), np.int64(44409), np.int64(45703), np.int64(46756), np.int64(39797), np.int64(25624), np.int64(14961), np.int64(17926), np.int64(11616), np.int64(33549), np.int64(39311), np.int64(22087), np.int64(11621), np.int64(45692), np.int64(9926), np.int64(21924), np.int64(7211), np.int64(30209), np.int64(40831), np.int64(9598), np.int64(44991), np.int64(8893), np.int64(33294), np.int64(49795), np.int64(9895), np.int64(35267), np.int64(48755), np.int64(19178), np.int64(29372), np.int64(33935), np.int64(33539), np.int64(45334), np.int64(26496), np.int64(11624), np.int64(4968), np.int64(13841), np.int64(48458), np.int64(36398), np.int64(12706), np.int64(35812), np.int64(36087), np.int64(43404), np.int64(31459), np.int64(48059), np.int64(41532), np.int64(47400), np.int64(21979), np.int64(34328), np.int64(2454), np.int64(21746), np.int64(31247), np.int64(48827), np.int64(41905), np.int64(39276), np.int64(3751))","(0, 0, 0, 1, 0, 0, 0, 0, 0, 0, 1, 0, 0, 0, 0, 0, 0, 0, 0, 0, 0, 0, 0, 0, 0, 0, 0, 0, 0, 0, 0, 0, 0, 0, 1, 0, 0, 0, 0, 0, 0, 0, 0, 1, 0, 0, 0, 0, 0, 0, 0, 0, 0, 0, 0, 0, 0, 0, 0, 0, 0, 0, 0, 0, 0, 0, 0, 0, 0, 0, 0, 0, 0, 1)"
3.724646,82,117.421803,0,"(np.int64(38754), np.int64(5487), np.int64(11623), np.int64(12593), np.int64(7388), np.int64(27006), np.int64(11180), np.int64(7750), np.int64(34441), np.int64(46186), np.int64(41839), np.int64(7711), np.int64(46495), np.int64(38771), np.int64(34240), np.int64(18427), np.int64(27475), np.int64(19704), np.int64(12526), np.int64(19673), np.int64(21312), np.int64(26929), np.int64(17133), np.int64(45383), np.int64(27993), np.int64(44217), np.int64(45017), np.int64(525), np.int64(12439), np.int64(30395), np.int64(24334), np.int64(37436), np.int64(32658), np.int64(4728), np.int64(7998), np.int64(1783), np.int64(45158), np.int64(15122), np.int64(19653), np.int64(35101), np.int64(34305), np.int64(33296), np.int64(37771), np.int64(5395), np.int64(35883), np.int64(40828), np.int64(40969), np.int64(43809), np.int64(38901), np.int64(32412), np.int64(49007), np.int64(18885), np.int64(43908), np.int64(2283), np.int64(12149), np.int64(15034), np.int64(21018), np.int64(39666), np.int64(33507), np.int64(35936), np.int64(24230), np.int64(40920), np.int64(11785), np.int64(18763), np.int64(49797), np.int64(24550), np.int64(1905), np.int64(39827), np.int64(45196), np.int64(25057), np.int64(14648), np.int64(21037), np.int64(49094), np.int64(38964), np.int64(17128), np.int64(42152), np.int64(13640), np.int64(30362), np.int64(48149), np.int64(15072), np.int64(20900), np.int64(27869))","(0, 0, 0, 0, 0, 0, 0, 0, 0, 0, 0, 0, 0, 0, 0, 1, 0, 0, 0, 0, 0, 1, 0, 0, 0, 0, 0, 0, 0, 0, 1, 0, 0, 0, 0, 0, 0, 0, 0, 0, 0, 0, 0, 0, 0, 0, 0, 0, 0, 0, 0, 0, 0, 0, 0, 0, 1, 0, 0, 0, 0, 0, 0, 0, 0, 0, 0, 0, 0, 0, 0, 0, 0, 0, 0, 0, 0, 0, 0, 0, 0, 1)"
3.602347,56,118.131936,0,"(np.int64(10566), np.int64(31849), np.int64(25993), np.int64(6914), np.int64(43448), np.int64(29581), np.int64(9724), np.int64(30570), np.int64(39937), np.int64(45041), np.int64(6148), np.int64(34304), np.int64(48668), np.int64(21185), np.int64(12048), np.int64(8932), np.int64(5564), np.int64(19644), np.int64(17773), np.int64(27086), np.int64(33704), np.int64(43816), np.int64(37274), np.int64(34515), np.int64(34739), np.int64(15759), np.int64(49399), np.int64(47713), np.int64(41699), np.int64(42970), np.int64(48765), np.int64(45143), np.int64(47959), np.int64(5399), np.int64(47504), np.int64(48864), np.int64(17937), np.int64(41540), np.int64(30346), np.int64(36572), np.int64(4163), np.int64(20143), np.int64(3631), np.int64(23747), np.int64(18650), np.int64(27183), np.int64(27695), np.int64(46098), np.int64(48996), np.int64(34245), np.int64(11446), np.int64(49495), np.int64(47804), np.int64(43559), np.int64(15452), np.int64(40921))","(0, 0, 1, 0, 0, 0, 0, 0, 0, 0, 0, 0, 0, 0, 0, 0, 0, 0, 1, 0, 0, 0, 0, 0, 0, 0, 0, 0, 0, 0, 0, 0, 0, 1, 0, 0, 0, 0, 0, 0, 0, 0, 0, 1, 0, 0, 0, 0, 0, 0, 0, 0, 0, 0, 0, 1)"
5.203856,50,118.772103,0,"(np.int64(38803), np.int64(1635), np.int64(37999), np.int64(18393), np.int64(9027), np.int64(9424), np.int64(744), np.int64(4269), np.int64(6448), np.int64(12887), np.int64(25220), np.int64(7813), np.int64(17738), np.int64(39982), np.int64(28797), np.int64(13081), np.int64(17013), np.int64(48417), np.int64(9218), np.int64(22847), np.int64(15384), np.int64(40248), np.int64(2636), np.int64(12547), np.int64(37521), np.int64(29288), np.int64(12230), np.int64(1418), np.int64(26970), np.int64(18855), np.int64(9111), np.int64(11165), np.int64(12195), np.int64(45879), np.int64(9611), np.int64(20769), np.int64(13012), np.int64(37467), np.int64(7246), np.int64(25089), np.int64(20150), np.int64(853), np.int64(22163), np.int64(20499), np.int64(38863), np.int64(40270), np.int64(45977), np.int64(28287), np.int64(33236), np.int64(27830))","(0, 0, 0, 0, 0, 0, 0, 0, 1, 0, 0, 0, 1, 0, 0, 0, 0, 0, 0, 0, 0, 0, 0, 1, 1, 0, 0, 0, 1, 0, 0, 0, 0, 0, 0, 0, 1, 0, 0, 1, 0, 0, 0, 0, 0, 0, 0, 0, 0, 0)"
3.772239,69,119.660908,0,"(np.int64(34424), np.int64(37030), np.int64(24522), np.int64(10891), np.int64(11791), np.int64(19920), np.int64(33938), np.int64(5335), np.int64(12242), np.int64(568), np.int64(42078), np.int64(15630), np.int64(13174), np.int64(10094), np.int64(48237), np.int64(8848), np.int64(33460), np.int64(42670), np.int64(38119), np.int64(43637), np.int64(17970), np.int64(16700), np.int64(48209), np.int64(21178), np.int64(23554), np.int64(35213), np.int64(22144), np.int64(15292), np.int64(46245), np.int64(5667), np.int64(19470), np.int64(3431), np.int64(1921), np.int64(22278), np.int64(48759), np.int64(10902), np.int64(15858), np.int64(38836), np.int64(41914), np.int64(42902), np.int64(34314), np.int64(38319), np.int64(17982), np.int64(37173), np.int64(22585), np.int64(21672), np.int64(1158), np.int64(1430), np.int64(5360), np.int64(8956), np.int64(40587), np.int64(24930), np.int64(46073), np.int64(22238), np.int64(44868), np.int64(36930), np.int64(16679), np.int64(19536), np.int64(34623), np.int64(44589), np.int64(20963), np.int64(27332), np.int64(11780), np.int64(14483), np.int64(37027), np.int64(4171), np.int64(21059), np.int64(41563), np.int64(11710))","(0, 0, 0, 0, 0, 0, 0, 0, 0, 0, 0, 0, 1, 0, 0, 0, 0, 0, 0, 0, 0, 1, 0, 0, 0, 0, 0, 0, 0, 0, 1, 0, 0, 0, 0, 0, 0, 1, 0, 0, 0, 0, 0, 0, 0, 0, 0, 0, 0, 0, 0, 0, 0, 0, 0, 0, 0, 0, 0, 0, 0, 0, 0, 0, 0, 0, 0, 0, 1)"
3.66032,71,120.563095,0,"(np.int64(21926), np.int64(29429), np.int64(43022), np.int64(21998), np.int64(7531), np.int64(14677), np.int64(8161), np.int64(11384), np.int64(6940), np.int64(23816), np.int64(35923), np.int64(44776), np.int64(9076), np.int64(8686), np.int64(27781), np.int64(10374), np.int64(14233), np.int64(15100), np.int64(41986), np.int64(768), np.int64(48795), np.int64(15283), np.int64(35113), np.int64(35243), np.int64(20232), np.int64(35109), np.int64(11827), np.int64(47966), np.int64(33170), np.int64(24590), np.int64(37031), np.int64(11166), np.int64(21530), np.int64(2234), np.int64(19210), np.int64(8947), np.int64(8532), np.int64(29772), np.int64(7313), np.int64(21666), np.int64(15513), np.int64(27586), np.int64(27623), np.int64(145), np.int64(34699), np.int64(26454), np.int64(6785), np.int64(23230), np.int64(37941), np.int64(30046), np.int64(48641), np.int64(39782), np.int64(43484), np.int64(10131), np.int64(3643), np.int64(13439), np.int64(37504), np.int64(45422), np.int64(5631), np.int64(23264), np.int64(15972), np.int64(40334), np.int64(25487), np.int64(5374), np.int64(3039), np.int64(21625), np.int64(23237), np.int64(26057), np.int64(41082), np.int64(45009), np.int64(42767))","(0, 0, 0, 0, 0, 0, 0, 0, 0, 1, 0, 0, 0, 0, 0, 0, 0, 0, 0, 0, 0, 0, 0, 0, 0, 0, 0, 0, 0, 0, 0, 0, 0, 0, 0, 0, 1, 0, 0, 0, 0, 0, 0, 0, 0, 0, 0, 0, 0, 0, 0, 0, 1, 1, 0, 0, 0, 0, 0, 0, 0, 0, 0, 0, 0, 0, 0, 0, 0, 0, 1)"
3.971605,84,121.644265,0,"(np.int64(43108), np.int64(16995), np.int64(20123), np.int64(38013), np.int64(10624), np.int64(30484), np.int64(21546), np.int64(29981), np.int64(20505), np.int64(32604), np.int64(44750), np.int64(35839), np.int64(32575), np.int64(6209), np.int64(30910), np.int64(27820), np.int64(22032), np.int64(7794), np.int64(13780), np.int64(6554), np.int64(2666), np.int64(15858), np.int64(20489), np.int64(8767), np.int64(14424), np.int64(15881), np.int64(19987), np.int64(4769), np.int64(18360), np.int64(42435), np.int64(1617), np.int64(39905), np.int64(24439), np.int64(18755), np.int64(43778), np.int64(37917), np.int64(43448), np.int64(30044), np.int64(19172), np.int64(6760), np.int64(16797), np.int64(39523), np.int64(45706), np.int64(35852), np.int64(35651), np.int64(38358), np.int64(46119), np.int64(14796), np.int64(31026), np.int64(19055), np.int64(13986), np.int64(29207), np.int64(42361), np.int64(29359), np.int64(38966), np.int64(9700), np.int64(43105), np.int64(40097), np.int64(36241), np.int64(30133), np.int64(27575), np.int64(42014), np.int64(3538), np.int64(22762), np.int64(45405), np.int64(15358), np.int64(22025), np.int64(10025), np.int64(16879), np.int64(45532), np.int64(1663), np.int64(6022), np.int64(37432), np.int64(15617), np.int64(13891), np.int64(41485), np.int64(42559), np.int64(31477), np.int64(6428), np.int64(17165), np.int64(20720), np.int64(2142), np.int64(18988), np.int64(42646))","(0, 0, 0, 0, 0, 0, 0, 0, 0, 0, 0, 0, 0, 0, 0, 0, 0, 1, 0, 0, 0, 0, 0, 0, 0, 0, 0, 0, 0, 0, 0, 0, 0, 0, 0, 0, 0, 0, 0, 0, 0, 0, 0, 0, 0, 0, 0, 0, 0, 0, 0, 0, 0, 1, 0, 0, 0, 0, 0, 0, 0, 0, 0, 0, 0, 1, 0, 0, 0, 0, 0, 0, 0, 0, 0, 0, 0, 0, 0, 0, 0, 1, 0, 1)"
4.502488,50,122.261438,0,"(np.int64(23216), np.int64(47735), np.int64(46813), np.int64(13769), np.int64(32462), np.int64(29750), np.int64(43592), np.int64(44975), np.int64(28149), np.int64(46573), np.int64(25612), np.int64(25762), np.int64(49659), np.int64(36161), np.int64(10053), np.int64(34357), np.int64(25461), np.int64(14289), np.int64(35414), np.int64(2033), np.int64(29066), np.int64(21752), np.int64(16554), np.int64(7572), np.int64(40661), np.int64(23189), np.int64(42003), np.int64(48231), np.int64(13272), np.int64(4075), np.int64(14542), np.int64(34346), np.int64(32183), np.int64(49796), np.int64(32820), np.int64(12491), np.int64(45715), np.int64(9645), np.int64(10992), np.int64(45186), np.int64(22275), np.int64(39219), np.int64(7850), np.int64(5367), np.int64(30640), np.int64(48689), np.int64(4631), np.int64(28436), np.int64(1094), np.int64(13833))","(0, 0, 0, 0, 1, 0, 0, 0, 0, 0, 1, 0, 0, 0, 0, 0, 0, 0, 0, 0, 1, 0, 0, 0, 0, 0, 0, 0, 0, 0, 0, 0, 0, 0, 0, 1, 0, 0, 0, 0, 0, 0, 1, 0, 0, 1, 0, 0, 0, 0)"
3.754343,69,123.173723,0,"(np.int64(49395), np.int64(33259), np.int64(15098), np.int64(39838), np.int64(13760), np.int64(11761), np.int64(19699), np.int64(6424), np.int64(48876), np.int64(32077), np.int64(6942), np.int64(22258), np.int64(9757), np.int64(39715), np.int64(31044), np.int64(16333), np.int64(9138), np.int64(21478), np.int64(26422), np.int64(244), np.int64(3196), np.int64(40061), np.int64(29989), np.int64(9548), np.int64(2215), np.int64(22656), np.int64(2363), np.int64(1921), np.int64(27947), np.int64(39333), np.int64(22175), np.int64(44716), np.int64(22186), np.int64(35406), np.int64(37916), np.int64(26800), np.int64(49119), np.int64(42334), np.int64(12734), np.int64(33754), np.int64(45231), np.int64(35817), np.int64(2908), np.int64(27646), np.int64(42509), np.int64(34387), np.int64(15434), np.int64(47570), np.int64(7408), np.int64(36181), np.int64(16134), np.int64(46502), np.int64(28237), np.int64(41567), np.int64(16996), np.int64(19540), np.int64(41868), np.int64(4500), np.int64(19539), np.int64(37923), np.int64(42819), np.int64(6205), np.int64(1292), np.int64(39318), np.int64(10873), np.int64(25977), np.int64(36480), np.int64(37639), np.int64(15077))","(0, 0, 0, 0, 0, 0, 0, 0, 0, 0, 0, 0, 0, 0, 0, 1, 1, 0, 0, 0, 0, 0, 0, 0, 0, 0, 0, 0, 0, 0, 0, 0, 0, 0, 0, 0, 0, 0, 0, 0, 0, 0, 0, 0, 0, 0, 0, 0, 0, 1, 0, 0, 0, 0, 0, 1, 0, 0, 0, 0, 0, 0, 0, 0, 0, 0, 0, 0, 1)"
3.607682,63,124.001737,0,"(np.int64(15772), np.int64(25524), np.int64(13078), np.int64(4409), np.int64(16999), np.int64(35188), np.int64(39404), np.int64(6698), np.int64(35851), np.int64(543), np.int64(12747), np.int64(20459), np.int64(49113), np.int64(35201), np.int64(44417), np.int64(33781), np.int64(49146), np.int64(7442), np.int64(2638), np.int64(39128), np.int64(16455), np.int64(26905), np.int64(18058), np.int64(7464), np.int64(8527), np.int64(28319), np.int64(1418), np.int64(26532), np.int64(24732), np.int64(11432), np.int64(46709), np.int64(45610), np.int64(29650), np.int64(1011), np.int64(24433), np.int64(42650), np.int64(26130), np.int64(21360), np.int64(49886), np.int64(8775), np.int64(31868), np.int64(8333), np.int64(33731), np.int64(48479), np.int64(212), np.int64(1825), np.int64(11581), np.int64(14547), np.int64(14737), np.int64(3166), np.int64(25220), np.int64(12726), np.int64(42790), np.int64(46741), np.int64(14107), np.int64(12690), np.int64(32614), np.int64(46310), np.int64(408), np.int64(34863), np.int64(29897), np.int64(37339), np.int64(46740))","(0, 0, 1, 0, 0, 0, 0, 0, 0, 0, 0, 0, 0, 0, 0, 0, 0, 0, 0, 0, 0, 0, 0, 0, 0, 0, 0, 0, 0, 0, 0, 1, 0, 0, 1, 0, 0, 0, 0, 0, 0, 0, 0, 0, 1, 0, 0, 0, 0, 0, 0, 0, 0, 0, 0, 0, 0, 0, 0, 0, 0, 0, 1)"
4.610119,50,124.624588,0,"(np.int64(23968), np.int64(9852), np.int64(43813), np.int64(21107), np.int64(13404), np.int64(5292), np.int64(27504), np.int64(47434), np.int64(31204), np.int64(9085), np.int64(30640), np.int64(15676), np.int64(12862), np.int64(7037), np.int64(22351), np.int64(12881), np.int64(9272), np.int64(39691), np.int64(23595), np.int64(13891), np.int64(28234), np.int64(31400), np.int64(6241), np.int64(5084), np.int64(1781), np.int64(28401), np.int64(12119), np.int64(1264), np.int64(7747), np.int64(25773), np.int64(34479), np.int64(43018), np.int64(49874), np.int64(31268), np.int64(44925), np.int64(4716), np.int64(28137), np.int64(47121), np.int64(463), np.int64(42025), np.int64(26641), np.int64(6403), np.int64(14727), np.int64(15440), np.int64(30261), np.int64(10557), np.int64(511), np.int64(38884), np.int64(41249), np.int64(46497))","(0, 0, 0, 0, 0, 0, 0, 0, 0, 0, 0, 0, 0, 0, 0, 0, 0, 0, 1, 0, 0, 0, 1, 0, 1, 0, 0, 0, 0, 0, 0, 0, 0, 0, 0, 0, 0, 0, 0, 0, 0, 0, 0, 0, 0, 1, 1, 1, 0, 0)"
4.006385,50,125.250418,0,"(np.int64(13174), np.int64(46796), np.int64(28690), np.int64(28062), np.int64(1666), np.int64(38682), np.int64(8885), np.int64(25326), np.int64(2463), np.int64(12775), np.int64(26587), np.int64(13168), np.int64(17335), np.int64(28084), np.int64(4427), np.int64(17832), np.int64(17362), np.int64(18733), np.int64(24768), np.int64(39033), np.int64(20128), np.int64(25273), np.int64(13776), np.int64(41164), np.int64(38833), np.int64(15491), np.int64(27397), np.int64(30581), np.int64(45218), np.int64(15079), np.int64(43392), np.int64(43786), np.int64(5182), np.int64(3178), np.int64(45254), np.int64(16669), np.int64(21515), np.int64(41395), np.int64(13918), np.int64(41681), np.int64(7445), np.int64(30034), np.int64(2677), np.int64(48307), np.int64(13331), np.int64(17398), np.int64(20078), np.int64(40158), np.int64(47472), np.int64(25123))","(1, 0, 0, 0, 0, 0, 0, 0, 1, 0, 0, 0, 0, 0, 0, 0, 0, 0, 0, 0, 0, 0, 0, 0, 0, 0, 0, 0, 0, 0, 0, 0, 0, 1, 0, 0, 0, 0, 0, 0, 0, 0, 0, 0, 1, 1, 0, 0, 0, 0)"
3.871311,50,125.877158,0,"(np.int64(19978), np.int64(37990), np.int64(4474), np.int64(37210), np.int64(13475), np.int64(33179), np.int64(33702), np.int64(33205), np.int64(23970), np.int64(25009), np.int64(6837), np.int64(13600), np.int64(2470), np.int64(39362), np.int64(31490), np.int64(40620), np.int64(48301), np.int64(6545), np.int64(47147), np.int64(3436), np.int64(7578), np.int64(17862), np.int64(13444), np.int64(31045), np.int64(26236), np.int64(20948), np.int64(38744), np.int64(32568), np.int64(46155), np.int64(11155), np.int64(75), np.int64(43494), np.int64(48493), np.int64(47729), np.int64(7832), np.int64(6180), np.int64(17088), np.int64(12054), np.int64(21926), np.int64(30534), np.int64(4200), np.int64(20172), np.int64(43787), np.int64(49724), np.int64(35532), np.int64(49746), np.int64(2034), np.int64(36657), np.int64(21620), np.int64(14347))","(0, 0, 0, 0, 0, 0, 0, 0, 0, 0, 0, 0, 1, 0, 1, 0, 1, 0, 0, 0, 0, 1, 0, 0, 0, 0, 0, 0, 0, 0, 0, 0, 0, 0, 0, 0, 0, 1, 0, 0, 0, 0, 0, 0, 0, 0, 0, 0, 0, 0)"
5.102379,50,126.512008,0,"(np.int64(27577), np.int64(23347), np.int64(33098), np.int64(45556), np.int64(33919), np.int64(4079), np.int64(20227), np.int64(4595), np.int64(32362), np.int64(163), np.int64(16746), np.int64(5962), np.int64(2077), np.int64(38918), np.int64(43034), np.int64(34127), np.int64(35255), np.int64(27222), np.int64(13342), np.int64(21489), np.int64(15299), np.int64(16729), np.int64(34698), np.int64(46684), np.int64(37354), np.int64(11597), np.int64(30386), np.int64(13786), np.int64(36596), np.int64(32228), np.int64(49026), np.int64(11582), np.int64(18377), np.int64(16921), np.int64(22138), np.int64(46777), np.int64(218), np.int64(25665), np.int64(44272), np.int64(27154), np.int64(18452), np.int64(31709), np.int64(46112), np.int64(35986), np.int64(34624), np.int64(21719), np.int64(5259), np.int64(21440), np.int64(38888), np.int64(14867))","(0, 0, 0, 0, 0, 0, 0, 0, 0, 0, 0, 1, 0, 0, 0, 1, 0, 0, 0, 1, 0, 0, 0, 0, 1, 1, 0, 0, 0, 0, 0, 1, 0, 0, 0, 0, 0, 0, 0, 0, 0, 0, 0, 0, 0, 1, 0, 0, 0, 0)"
3.513023,71,127.392147,0,"(np.int64(22517), np.int64(10050), np.int64(42195), np.int64(15937), np.int64(18607), np.int64(7583), np.int64(49568), np.int64(45312), np.int64(48359), np.int64(16043), np.int64(6863), np.int64(29722), np.int64(48511), np.int64(33260), np.int64(47319), np.int64(25363), np.int64(45756), np.int64(3458), np.int64(10119), np.int64(6073), np.int64(15027), np.int64(15190), np.int64(42521), np.int64(28208), np.int64(46127), np.int64(29711), np.int64(15437), np.int64(42912), np.int64(40749), np.int64(25060), np.int64(34260), np.int64(24112), np.int64(35668), np.int64(28765), np.int64(27249), np.int64(35637), np.int64(11207), np.int64(17813), np.int64(18027), np.int64(32151), np.int64(18343), np.int64(42975), np.int64(24148), np.int64(11846), np.int64(15580), np.int64(10307), np.int64(9258), np.int64(10251), np.int64(2682), np.int64(24533), np.int64(45508), np.int64(18331), np.int64(1557), np.int64(47136), np.int64(15909), np.int64(33660), np.int64(16669), np.int64(5546), np.int64(2031), np.int64(29410), np.int64(22664), np.int64(9106), np.int64(40312), np.int64(28391), np.int64(745), np.int64(26304), np.int64(50011), np.int64(15545), np.int64(48778), np.int64(17487), np.int64(16903))","(0, 0, 0, 0, 0, 0, 0, 0, 0, 0, 0, 0, 0, 0, 0, 0, 0, 0, 0, 0, 0, 0, 0, 0, 0, 0, 0, 0, 0, 0, 0, 0, 0, 0, 0, 0, 0, 0, 0, 1, 0, 0, 0, 0, 0, 0, 1, 0, 1, 0, 0, 0, 0, 0, 0, 0, 0, 0, 0, 0, 0, 0, 0, 0, 0, 0, 0, 0, 1, 0, 1)"
5.185976,50,128.03288,0,"(np.int64(14677), np.int64(34144), np.int64(30454), np.int64(8525), np.int64(158), np.int64(37346), np.int64(17960), np.int64(48415), np.int64(30212), np.int64(27043), np.int64(49884), np.int64(22556), np.int64(38209), np.int64(18911), np.int64(40700), np.int64(38300), np.int64(23988), np.int64(49520), np.int64(19883), np.int64(25234), np.int64(28806), np.int64(15353), np.int64(48886), np.int64(44577), np.int64(17850), np.int64(39379), np.int64(173), np.int64(47290), np.int64(35782), np.int64(8355), np.int64(20600), np.int64(2770), np.int64(42760), np.int64(41408), np.int64(6423), np.int64(19268), np.int64(25173), np.int64(19618), np.int64(32372), np.int64(46900), np.int64(20254), np.int64(27547), np.int64(42360), np.int64(3946), np.int64(3386), np.int64(35883), np.int64(29777), np.int64(18860), np.int64(41570), np.int64(2425))","(0, 0, 0, 1, 0, 1, 0, 0, 0, 1, 0, 0, 0, 0, 0, 0, 0, 0, 0, 0, 0, 1, 0, 0, 0, 0, 0, 0, 0, 0, 1, 0, 0, 0, 0, 0, 0, 0, 0, 1, 0, 0, 0, 0, 0, 0, 0, 0, 1, 0)"
3.820482,57,128.74331,0,"(np.int64(42235), np.int64(11051), np.int64(47705), np.int64(39896), np.int64(47391), np.int64(45467), np.int64(7303), np.int64(26694), np.int64(3709), np.int64(48411), np.int64(21757), np.int64(9753), np.int64(27605), np.int64(19092), np.int64(28444), np.int64(20324), np.int64(4110), np.int64(24489), np.int64(47356), np.int64(26432), np.int64(22854), np.int64(875), np.int64(21372), np.int64(6066), np.int64(41330), np.int64(48830), np.int64(3370), np.int64(30865), np.int64(2830), np.int64(2128), np.int64(5418), np.int64(20621), np.int64(36717), np.int64(2780), np.int64(32389), np.int64(15242), np.int64(31291), np.int64(21937), np.int64(35143), np.int64(29911), np.int64(6167), np.int64(36691), np.int64(46494), np.int64(16870), np.int64(2098), np.int64(32296), np.int64(34694), np.int64(20431), np.int64(37545), np.int64(28349), np.int64(40120), np.int64(40621), np.int64(27677), np.int64(31686), np.int64(1380), np.int64(26436), np.int64(18753))","(1, 0, 0, 0, 0, 0, 0, 0, 0, 0, 0, 0, 0, 0, 0, 0, 0, 0, 0, 0, 0, 1, 1, 1, 0, 0, 0, 0, 0, 0, 0, 0, 0, 0, 0, 0, 0, 0, 0, 0, 0, 0, 0, 0, 0, 0, 0, 0, 0, 0, 0, 0, 0, 0, 0, 0, 1)"
3.644802,56,129.45393,0,"(np.int64(27259), np.int64(47101), np.int64(28234), np.int64(44110), np.int64(49414), np.int64(28978), np.int64(23980), np.int64(38050), np.int64(28144), np.int64(40276), np.int64(17852), np.int64(16605), np.int64(48196), np.int64(12990), np.int64(11010), np.int64(48868), np.int64(7527), np.int64(36135), np.int64(49414), np.int64(34702), np.int64(1402), np.int64(28371), np.int64(30264), np.int64(34972), np.int64(812), np.int64(1616), np.int64(37601), np.int64(45912), np.int64(12432), np.int64(21865), np.int64(11186), np.int64(48993), np.int64(39386), np.int64(11433), np.int64(16998), np.int64(39944), np.int64(43611), np.int64(17207), np.int64(45450), np.int64(11043), np.int64(11508), np.int64(45886), np.int64(22513), np.int64(9519), np.int64(38920), np.int64(45241), np.int64(21910), np.int64(2843), np.int64(2827), np.int64(18214), np.int64(31112), np.int64(44736), np.int64(34525), np.int64(37494), np.int64(41601), np.int64(27057))","(0, 0, 0, 0, 0, 0, 0, 0, 0, 0, 1, 1, 0, 0, 0, 0, 1, 0, 0, 0, 0, 0, 0, 0, 0, 0, 0, 0, 0, 0, 0, 0, 0, 0, 0, 0, 0, 0, 1, 0, 0, 0, 0, 0, 0, 0, 0, 0, 0, 0, 0, 0, 0, 0, 0, 1)"
3.427945,72,130.382157,0,"(np.int64(42968), np.int64(30409), np.int64(17641), np.int64(46475), np.int64(15001), np.int64(40553), np.int64(47748), np.int64(29910), np.int64(43824), np.int64(611), np.int64(16183), np.int64(28903), np.int64(5132), np.int64(39807), np.int64(7970), np.int64(18991), np.int64(24028), np.int64(107), np.int64(42060), np.int64(25654), np.int64(29636), np.int64(788), np.int64(45701), np.int64(42798), np.int64(24874), np.int64(22166), np.int64(48398), np.int64(49823), np.int64(31265), np.int64(43594), np.int64(32981), np.int64(24358), np.int64(48806), np.int64(42450), np.int64(15213), np.int64(5314), np.int64(7024), np.int64(31867), np.int64(8839), np.int64(1081), np.int64(14704), np.int64(19145), np.int64(39654), np.int64(1429), np.int64(4676), np.int64(6328), np.int64(18092), np.int64(28577), np.int64(8821), np.int64(30202), np.int64(40038), np.int64(1233), np.int64(40883), np.int64(36573), np.int64(16497), np.int64(15569), np.int64(1408), np.int64(41521), np.int64(36584), np.int64(36993), np.int64(6377), np.int64(39559), np.int64(39807), np.int64(1658), np.int64(48263), np.int64(9836), np.int64(2319), np.int64(24193), np.int64(9807), np.int64(27901), np.int64(26096), np.int64(38898))","(0, 0, 0, 0, 0, 0, 0, 0, 0, 0, 0, 0, 0, 0, 0, 1, 0, 0, 0, 0, 0, 0, 1, 0, 0, 0, 0, 0, 0, 0, 1, 0, 0, 0, 0, 0, 0, 0, 0, 0, 0, 0, 0, 0, 0, 0, 0, 0, 0, 0, 0, 0, 0, 0, 0, 0, 1, 0, 0, 0, 0, 0, 0, 0, 0, 0, 0, 0, 0, 0, 0, 1)"
3.97148,54,131.050855,0,"(np.int64(49731), np.int64(48179), np.int64(13560), np.int64(11602), np.int64(14554), np.int64(49244), np.int64(8437), np.int64(30208), np.int64(3164), np.int64(35932), np.int64(45649), np.int64(27344), np.int64(2731), np.int64(34892), np.int64(14623), np.int64(36979), np.int64(12695), np.int64(37461), np.int64(1104), np.int64(45151), np.int64(45442), np.int64(19945), np.int64(14813), np.int64(19252), np.int64(16942), np.int64(29661), np.int64(17348), np.int64(28994), np.int64(38226), np.int64(42637), np.int64(35986), np.int64(48864), np.int64(5461), np.int64(13570), np.int64(25408), np.int64(8222), np.int64(42006), np.int64(24346), np.int64(27350), np.int64(47747), np.int64(49800), np.int64(47824), np.int64(27455), np.int64(17357), np.int64(22629), np.int64(29698), np.int64(28198), np.int64(45527), np.int64(38581), np.int64(24757), np.int64(13196), np.int64(8782), np.int64(15327), np.int64(31326))","(0, 0, 0, 0, 0, 0, 0, 0, 0, 0, 0, 0, 1, 0, 0, 0, 0, 1, 0, 0, 0, 0, 0, 0, 0, 0, 0, 1, 0, 0, 0, 0, 0, 0, 0, 0, 0, 0, 0, 0, 0, 0, 0, 0, 0, 0, 0, 0, 0, 0, 0, 1, 0, 1)"
3.637054,57,131.810011,0,"(np.int64(45141), np.int64(3796), np.int64(5297), np.int64(45105), np.int64(49422), np.int64(13593), np.int64(21841), np.int64(17693), np.int64(18167), np.int64(13455), np.int64(17431), np.int64(46071), np.int64(42570), np.int64(20225), np.int64(32756), np.int64(26482), np.int64(19194), np.int64(41691), np.int64(46147), np.int64(26011), np.int64(45031), np.int64(47377), np.int64(37549), np.int64(47121), np.int64(31804), np.int64(23504), np.int64(28763), np.int64(46025), np.int64(12020), np.int64(16981), np.int64(27171), np.int64(1766), np.int64(27572), np.int64(14415), np.int64(4799), np.int64(16634), np.int64(1909), np.int64(34356), np.int64(5957), np.int64(41896), np.int64(32443), np.int64(23459), np.int64(28729), np.int64(27604), np.int64(49598), np.int64(48589), np.int64(27435), np.int64(16957), np.int64(6588), np.int64(45349), np.int64(26736), np.int64(45935), np.int64(43008), np.int64(24366), np.int64(18275), np.int64(49631), np.int64(45904))","(0, 0, 0, 0, 0, 0, 0, 0, 1, 0, 0, 0, 1, 0, 0, 0, 0, 0, 0, 0, 0, 0, 0, 0, 0, 1, 0, 0, 0, 0, 0, 0, 0, 0, 0, 0, 0, 0, 0, 0, 0, 0, 0, 0, 0, 0, 0, 1, 0, 0, 0, 0, 0, 0, 0, 0, 1)"
3.717696,50,132.537432,0,"(np.int64(4842), np.int64(18436), np.int64(10814), np.int64(36155), np.int64(2636), np.int64(31741), np.int64(13975), np.int64(33881), np.int64(13330), np.int64(30509), np.int64(29335), np.int64(48838), np.int64(41867), np.int64(15723), np.int64(31685), np.int64(29433), np.int64(9440), np.int64(24579), np.int64(39350), np.int64(31787), np.int64(18628), np.int64(15587), np.int64(42565), np.int64(15906), np.int64(5800), np.int64(48353), np.int64(34674), np.int64(32544), np.int64(24745), np.int64(1016), np.int64(22187), np.int64(31963), np.int64(18229), np.int64(34494), np.int64(41155), np.int64(2497), np.int64(25165), np.int64(1290), np.int64(2553), np.int64(40458), np.int64(46281), np.int64(27158), np.int64(30012), np.int64(167), np.int64(22382), np.int64(25996), np.int64(5956), np.int64(956), np.int64(7537), np.int64(42859))","(0, 0, 0, 0, 0, 0, 0, 0, 1, 0, 0, 0, 0, 0, 0, 0, 1, 0, 1, 0, 0, 0, 0, 0, 0, 0, 0, 0, 0, 0, 0, 0, 0, 0, 0, 0, 1, 0, 0, 0, 0, 0, 0, 0, 0, 1, 0, 0, 0, 0)"
4.632997,50,133.489485,0,"(np.int64(46216), np.int64(27905), np.int64(31292), np.int64(5459), np.int64(17769), np.int64(21909), np.int64(32087), np.int64(45409), np.int64(36459), np.int64(30954), np.int64(18257), np.int64(45911), np.int64(10368), np.int64(22816), np.int64(19239), np.int64(10069), np.int64(45120), np.int64(28499), np.int64(22984), np.int64(32761), np.int64(32861), np.int64(48350), np.int64(22338), np.int64(21093), np.int64(41658), np.int64(10601), np.int64(5754), np.int64(5569), np.int64(15419), np.int64(41202), np.int64(3251), np.int64(48332), np.int64(40852), np.int64(33443), np.int64(32237), np.int64(28635), np.int64(3166), np.int64(6387), np.int64(34106), np.int64(10910), np.int64(25760), np.int64(46093), np.int64(21623), np.int64(9268), np.int64(6114), np.int64(41985), np.int64(20401), np.int64(15508), np.int64(44074), np.int64(20498))","(0, 0, 0, 0, 1, 0, 0, 0, 0, 0, 0, 0, 1, 0, 0, 0, 0, 0, 0, 0, 0, 0, 0, 0, 0, 0, 0, 0, 1, 0, 0, 0, 0, 0, 0, 0, 0, 1, 0, 1, 0, 0, 0, 0, 0, 0, 0, 1, 0, 0)"
3.840567,89,135.181344,0,"(np.int64(33812), np.int64(9229), np.int64(143), np.int64(18243), np.int64(27939), np.int64(43304), np.int64(44597), np.int64(9154), np.int64(45788), np.int64(21906), np.int64(21210), np.int64(27285), np.int64(37057), np.int64(43307), np.int64(27832), np.int64(21718), np.int64(35759), np.int64(20985), np.int64(21334), np.int64(32587), np.int64(2384), np.int64(2361), np.int64(45708), np.int64(4990), np.int64(9940), np.int64(21187), np.int64(38082), np.int64(41780), np.int64(40272), np.int64(11354), np.int64(20965), np.int64(7227), np.int64(7163), np.int64(32879), np.int64(555), np.int64(15071), np.int64(11548), np.int64(12183), np.int64(43376), np.int64(2736), np.int64(34652), np.int64(14430), np.int64(20083), np.int64(14150), np.int64(28355), np.int64(18166), np.int64(13452), np.int64(37794), np.int64(43859), np.int64(38661), np.int64(3963), np.int64(15787), np.int64(22219), np.int64(11026), np.int64(43962), np.int64(38067), np.int64(44940), np.int64(24017), np.int64(11952), np.int64(38012), np.int64(22886), np.int64(34772), np.int64(424), np.int64(28704), np.int64(17209), np.int64(48317), np.int64(41669), np.int64(34056), np.int64(11831), np.int64(19798), np.int64(18525), np.int64(19688), np.int64(27516), np.int64(48422), np.int64(29289), np.int64(20651), np.int64(36673), np.int64(10023), np.int64(16588), np.int64(30987), np.int64(31358), np.int64(20645), np.int64(38299), np.int64(34350), np.int64(14708), np.int64(34009), np.int64(3687), np.int64(20455), np.int64(5198))","(0, 0, 0, 0, 0, 0, 0, 1, 0, 0, 0, 0, 0, 0, 0, 0, 1, 0, 0, 0, 0, 0, 0, 0, 0, 0, 0, 0, 0, 0, 0, 0, 0, 0, 0, 0, 0, 0, 0, 0, 0, 0, 0, 1, 0, 0, 1, 0, 0, 0, 0, 0, 0, 0, 0, 0, 0, 0, 0, 0, 0, 0, 0, 0, 0, 0, 0, 0, 0, 0, 0, 0, 0, 0, 0, 0, 0, 0, 0, 0, 0, 0, 0, 0, 0, 0, 0, 0, 1)"
4.363312,40,135.880834,0,"(np.int64(11581), np.int64(7786), np.int64(42948), np.int64(20131), np.int64(17341), np.int64(5005), np.int64(28421), np.int64(40558), np.int64(2614), np.int64(32741), np.int64(21302), np.int64(36863), np.int64(42224), np.int64(20127), np.int64(27923), np.int64(24630), np.int64(32431), np.int64(122), np.int64(19676), np.int64(47468), np.int64(29139), np.int64(49091), np.int64(30406), np.int64(4174), np.int64(20019), np.int64(9686), np.int64(33896), np.int64(617), np.int64(14310), np.int64(32472), np.int64(21232), np.int64(28672), np.int64(33983), np.int64(11586), np.int64(23072), np.int64(14200), np.int64(25448), np.int64(32399), np.int64(17474), np.int64(49493))","(0, 0, 0, 0, 0, 0, 0, 0, 0, 0, 0, 0, 0, 0, 0, 0, 0, 0, 0, 0, 0, 0, 0, 0, 0, 0, 1, 0, 0, 0, 1, 1, 1, 0, 0, 0, 0, 1, 1, 0)"
4.44436,44,136.79736,0,"(np.int64(15727), np.int64(39031), np.int64(38968), np.int64(36063), np.int64(28250), np.int64(41968), np.int64(27658), np.int64(31696), np.int64(33514), np.int64(27794), np.int64(30271), np.int64(49571), np.int64(4790), np.int64(39708), np.int64(32564), np.int64(46451), np.int64(37560), np.int64(3557), np.int64(6909), np.int64(20814), np.int64(16979), np.int64(30120), np.int64(49721), np.int64(19007), np.int64(36493), np.int64(26278), np.int64(23500), np.int64(31157), np.int64(13649), np.int64(4444), np.int64(13776), np.int64(13591), np.int64(31694), np.int64(11540), np.int64(43755), np.int64(8900), np.int64(10822), np.int64(9226), np.int64(21688), np.int64(24388), np.int64(20437), np.int64(51), np.int64(38077), np.int64(8917))","(0, 0, 1, 0, 0, 0, 0, 1, 0, 0, 0, 0, 0, 0, 0, 0, 0, 0, 0, 0, 1, 0, 0, 0, 0, 0, 0, 0, 0, 0, 0, 0, 0, 0, 0, 1, 0, 0, 0, 0, 1, 0, 0, 1)"
6.077875,50,137.64413,0,"(np.int64(43142), np.int64(15875), np.int64(29980), np.int64(27633), np.int64(38553), np.int64(31227), np.int64(306), np.int64(31879), np.int64(4017), np.int64(26315), np.int64(43862), np.int64(35067), np.int64(7299), np.int64(2733), np.int64(45940), np.int64(4274), np.int64(44274), np.int64(42377), np.int64(49616), np.int64(22779), np.int64(46392), np.int64(39388), np.int64(37207), np.int64(7674), np.int64(19361), np.int64(17089), np.int64(5843), np.int64(26908), np.int64(19877), np.int64(28761), np.int64(21481), np.int64(7527), np.int64(21896), np.int64(36690), np.int64(7088), np.int64(45197), np.int64(41356), np.int64(10893), np.int64(40905), np.int64(33832), np.int64(17259), np.int64(21868), np.int64(10656), np.int64(2839), np.int64(41200), np.int64(27755), np.int64(15893), np.int64(21495), np.int64(6890), np.int64(49451))","(0, 0, 0, 0, 0, 0, 0, 0, 0, 0, 0, 0, 0, 0, 0, 0, 0, 0, 0, 0, 0, 0, 1, 1, 1, 1, 0, 0, 0, 1, 0, 1, 0, 0, 0, 0, 0, 0, 1, 0, 0, 1, 0, 0, 0, 0, 0, 0, 0, 0)"
3.065864,59,138.626862,0,"(np.int64(9392), np.int64(17999), np.int64(15604), np.int64(298), np.int64(960), np.int64(46909), np.int64(44675), np.int64(4567), np.int64(8141), np.int64(12772), np.int64(39099), np.int64(30248), np.int64(32224), np.int64(23412), np.int64(20941), np.int64(40984), np.int64(3148), np.int64(40102), np.int64(30901), np.int64(9055), np.int64(37622), np.int64(1689), np.int64(20753), np.int64(17803), np.int64(19595), np.int64(11165), np.int64(49961), np.int64(5170), np.int64(11683), np.int64(33037), np.int64(13673), np.int64(5774), np.int64(11870), np.int64(36868), np.int64(14228), np.int64(12772), np.int64(26559), np.int64(15385), np.int64(46604), np.int64(34696), np.int64(10999), np.int64(29150), np.int64(42713), np.int64(28999), np.int64(16647), np.int64(28607), np.int64(3263), np.int64(42820), np.int64(31605), np.int64(24369), np.int64(49170), np.int64(5619), np.int64(49743), np.int64(8750), np.int64(24427), np.int64(14489), np.int64(12238), np.int64(16318), np.int64(26509))","(0, 0, 0, 0, 0, 0, 0, 0, 0, 1, 0, 0, 0, 0, 0, 0, 0, 0, 0, 0, 0, 0, 0, 0, 0, 0, 0, 0, 0, 1, 0, 0, 0, 0, 1, 1, 0, 0, 0, 0, 0, 0, 0, 0, 0, 0, 0, 0, 0, 0, 0, 0, 0, 0, 0, 0, 0, 0, 1)"
3.941264,50,139.441007,0,"(np.int64(9396), np.int64(13921), np.int64(7822), np.int64(3702), np.int64(35977), np.int64(11127), np.int64(49640), np.int64(3907), np.int64(46197), np.int64(28798), np.int64(17345), np.int64(2301), np.int64(12526), np.int64(38794), np.int64(9469), np.int64(32355), np.int64(13289), np.int64(11529), np.int64(4249), np.int64(28743), np.int64(12487), np.int64(38140), np.int64(29225), np.int64(44461), np.int64(49871), np.int64(4406), np.int64(29845), np.int64(5871), np.int64(21087), np.int64(4998), np.int64(9731), np.int64(34858), np.int64(38329), np.int64(14551), np.int64(43852), np.int64(13730), np.int64(45708), np.int64(38836), np.int64(7616), np.int64(28421), np.int64(3320), np.int64(30418), np.int64(38145), np.int64(45724), np.int64(15953), np.int64(24602), np.int64(6297), np.int64(1228), np.int64(4866), np.int64(35015))","(1, 0, 0, 0, 0, 0, 0, 1, 0, 1, 0, 0, 0, 0, 0, 0, 0, 0, 0, 0, 0, 0, 0, 0, 0, 0, 0, 0, 0, 0, 1, 0, 0, 0, 0, 0, 0, 1, 0, 0, 0, 0, 0, 0, 0, 0, 0, 0, 0, 0)"
3.92023,83,140.790711,0,"(np.int64(35140), np.int64(19867), np.int64(8238), np.int64(30347), np.int64(18802), np.int64(24127), np.int64(30047), np.int64(46725), np.int64(19661), np.int64(11692), np.int64(7904), np.int64(22303), np.int64(24545), np.int64(11682), np.int64(59), np.int64(38190), np.int64(1810), np.int64(46668), np.int64(9729), np.int64(3247), np.int64(20688), np.int64(31494), np.int64(14958), np.int64(39998), np.int64(35783), np.int64(25102), np.int64(12793), np.int64(12056), np.int64(12082), np.int64(37865), np.int64(31430), np.int64(5364), np.int64(48652), np.int64(38690), np.int64(36738), np.int64(45658), np.int64(30142), np.int64(33035), np.int64(9554), np.int64(25099), np.int64(11307), np.int64(36547), np.int64(19573), np.int64(19284), np.int64(31643), np.int64(39276), np.int64(38640), np.int64(14950), np.int64(38655), np.int64(31332), np.int64(33253), np.int64(21420), np.int64(33468), np.int64(36952), np.int64(25141), np.int64(4619), np.int64(43557), np.int64(48412), np.int64(29611), np.int64(20475), np.int64(43085), np.int64(35348), np.int64(31917), np.int64(7687), np.int64(5207), np.int64(21771), np.int64(48812), np.int64(41491), np.int64(11864), np.int64(13413), np.int64(19154), np.int64(20417), np.int64(14913), np.int64(48528), np.int64(36264), np.int64(10820), np.int64(6588), np.int64(36625), np.int64(17514), np.int64(29392), np.int64(2093), np.int64(10006), np.int64(4638))","(0, 0, 0, 0, 0, 0, 0, 0, 0, 0, 0, 0, 0, 0, 0, 0, 0, 0, 0, 0, 0, 0, 0, 0, 0, 0, 0, 0, 0, 0, 0, 0, 0, 0, 0, 0, 0, 0, 0, 0, 0, 0, 0, 0, 0, 0, 0, 0, 0, 0, 0, 1, 0, 0, 0, 0, 0, 0, 0, 0, 0, 0, 0, 1, 0, 0, 0, 0, 1, 0, 0, 0, 1, 0, 0, 0, 0, 0, 0, 0, 0, 0, 1)"
4.626682,50,141.408626,0,"(np.int64(20047), np.int64(40976), np.int64(942), np.int64(40189), np.int64(24001), np.int64(22570), np.int64(2644), np.int64(45255), np.int64(37690), np.int64(1448), np.int64(924), np.int64(37177), np.int64(2405), np.int64(42595), np.int64(40594), np.int64(36591), np.int64(10421), np.int64(49001), np.int64(45124), np.int64(6271), np.int64(38437), np.int64(34511), np.int64(875), np.int64(49518), np.int64(31623), np.int64(4346), np.int64(14330), np.int64(819), np.int64(8511), np.int64(42412), np.int64(24177), np.int64(39065), np.int64(33836), np.int64(25345), np.int64(39034), np.int64(17359), np.int64(35490), np.int64(16630), np.int64(25866), np.int64(32234), np.int64(28404), np.int64(24532), np.int64(21001), np.int64(12839), np.int64(49981), np.int64(46327), np.int64(49200), np.int64(49308), np.int64(5970), np.int64(48870))","(0, 0, 0, 0, 0, 0, 0, 0, 0, 0, 0, 0, 0, 0, 0, 0, 0, 1, 0, 1, 0, 0, 1, 0, 0, 0, 0, 0, 1, 0, 1, 0, 0, 0, 0, 0, 0, 0, 0, 0, 0, 0, 0, 0, 0, 0, 0, 0, 1, 0)"
5.125031,50,142.204234,0,"(np.int64(3405), np.int64(1536), np.int64(8303), np.int64(27193), np.int64(39465), np.int64(38907), np.int64(3351), np.int64(26513), np.int64(24117), np.int64(35399), np.int64(31307), np.int64(6588), np.int64(47086), np.int64(22703), np.int64(16186), np.int64(32800), np.int64(20410), np.int64(47250), np.int64(38279), np.int64(46540), np.int64(14251), np.int64(8721), np.int64(4518), np.int64(22948), np.int64(37093), np.int64(9929), np.int64(23683), np.int64(46061), np.int64(9610), np.int64(38828), np.int64(4902), np.int64(30064), np.int64(747), np.int64(31326), np.int64(1587), np.int64(26716), np.int64(11389), np.int64(24885), np.int64(38169), np.int64(39304), np.int64(23838), np.int64(32354), np.int64(24920), np.int64(136), np.int64(1755), np.int64(23703), np.int64(28089), np.int64(28002), np.int64(2921), np.int64(19354))","(0, 0, 1, 0, 0, 0, 0, 0, 0, 0, 0, 0, 0, 0, 1, 0, 1, 0, 0, 0, 0, 0, 0, 0, 0, 0, 0, 0, 0, 0, 0, 0, 1, 1, 0, 0, 0, 0, 0, 0, 0, 1, 0, 1, 0, 0, 0, 0, 0, 0)"
3.820019,63,143.077332,0,"(np.int64(19608), np.int64(26435), np.int64(28757), np.int64(43903), np.int64(14913), np.int64(49475), np.int64(31885), np.int64(17888), np.int64(43348), np.int64(18739), np.int64(8700), np.int64(17065), np.int64(30690), np.int64(47191), np.int64(32739), np.int64(46185), np.int64(46456), np.int64(31434), np.int64(22245), np.int64(22461), np.int64(14132), np.int64(38940), np.int64(38432), np.int64(14759), np.int64(46848), np.int64(46792), np.int64(21951), np.int64(39194), np.int64(22279), np.int64(31198), np.int64(37398), np.int64(35351), np.int64(22473), np.int64(32964), np.int64(45827), np.int64(17383), np.int64(16975), np.int64(39026), np.int64(48247), np.int64(49912), np.int64(49361), np.int64(465), np.int64(27793), np.int64(27366), np.int64(9113), np.int64(4632), np.int64(10840), np.int64(7022), np.int64(12946), np.int64(8695), np.int64(11865), np.int64(39047), np.int64(493), np.int64(27399), np.int64(49532), np.int64(7021), np.int64(29044), np.int64(29415), np.int64(48808), np.int64(40878), np.int64(47202), np.int64(31951), np.int64(653))","(1, 0, 1, 0, 1, 0, 0, 0, 0, 0, 0, 0, 0, 0, 0, 0, 0, 0, 0, 0, 0, 0, 0, 0, 0, 0, 0, 0, 0, 0, 0, 0, 0, 0, 0, 0, 0, 0, 0, 0, 0, 1, 0, 0, 0, 0, 0, 0, 0, 0, 0, 0, 0, 0, 0, 0, 0, 0, 0, 0, 0, 0, 1)"
5.466796,46,143.714993,0,"(np.int64(31781), np.int64(49239), np.int64(48685), np.int64(42205), np.int64(16874), np.int64(3123), np.int64(2583), np.int64(9484), np.int64(46516), np.int64(21030), np.int64(23670), np.int64(29180), np.int64(23281), np.int64(15476), np.int64(48537), np.int64(22822), np.int64(45453), np.int64(9462), np.int64(7704), np.int64(6988), np.int64(30401), np.int64(9968), np.int64(5229), np.int64(43533), np.int64(29525), np.int64(3166), np.int64(16648), np.int64(12470), np.int64(24547), np.int64(24852), np.int64(25997), np.int64(6198), np.int64(20811), np.int64(44341), np.int64(19335), np.int64(22443), np.int64(45640), np.int64(6431), np.int64(24426), np.int64(40792), np.int64(48417), np.int64(41547), np.int64(17127), np.int64(20377), np.int64(11563), np.int64(9455))","(0, 0, 0, 0, 0, 1, 0, 0, 0, 1, 0, 1, 0, 0, 0, 0, 0, 0, 0, 0, 0, 0, 0, 0, 0, 0, 0, 1, 0, 0, 0, 1, 0, 0, 0, 0, 0, 0, 0, 0, 0, 0, 0, 0, 1, 1)"
4.00138,47,144.309033,0,"(np.int64(30341), np.int64(12429), np.int64(43869), np.int64(46011), np.int64(44273), np.int64(9326), np.int64(27942), np.int64(36298), np.int64(23121), np.int64(13275), np.int64(1321), np.int64(26779), np.int64(21167), np.int64(32623), np.int64(12843), np.int64(28280), np.int64(10765), np.int64(18303), np.int64(6796), np.int64(49950), np.int64(3954), np.int64(41676), np.int64(35884), np.int64(6778), np.int64(30036), np.int64(28577), np.int64(41646), np.int64(15093), np.int64(45577), np.int64(14526), np.int64(29483), np.int64(47607), np.int64(8507), np.int64(1727), np.int64(1913), np.int64(25188), np.int64(26990), np.int64(26251), np.int64(16139), np.int64(46746), np.int64(34188), np.int64(33101), np.int64(26764), np.int64(21356), np.int64(24847), np.int64(47417), np.int64(23973))","(0, 0, 0, 0, 0, 0, 0, 0, 0, 0, 0, 0, 0, 0, 1, 0, 0, 0, 1, 0, 0, 0, 0, 1, 0, 0, 0, 0, 0, 0, 0, 0, 0, 0, 0, 0, 0, 0, 0, 0, 0, 1, 0, 1, 0, 0, 0)"
4.334388,47,144.923046,0,"(np.int64(37793), np.int64(24523), np.int64(25338), np.int64(12201), np.int64(22575), np.int64(35792), np.int64(44496), np.int64(18975), np.int64(4059), np.int64(34290), np.int64(28930), np.int64(31984), np.int64(33194), np.int64(49502), np.int64(40839), np.int64(46227), np.int64(41233), np.int64(21842), np.int64(35413), np.int64(29060), np.int64(23856), np.int64(49073), np.int64(41637), np.int64(10108), np.int64(47276), np.int64(3794), np.int64(2959), np.int64(15486), np.int64(13012), np.int64(21446), np.int64(14831), np.int64(43298), np.int64(1424), np.int64(35136), np.int64(43221), np.int64(4403), np.int64(46041), np.int64(21845), np.int64(18630), np.int64(48607), np.int64(28449), np.int64(38961), np.int64(38739), np.int64(50016), np.int64(22758), np.int64(25449), np.int64(31650))","(0, 1, 0, 1, 0, 0, 0, 1, 0, 0, 0, 0, 0, 0, 0, 0, 0, 0, 0, 0, 0, 0, 0, 0, 0, 0, 0, 0, 1, 0, 1, 0, 0, 0, 0, 0, 0, 0, 1, 0, 0, 0, 0, 0, 0, 0, 0)"
5.361786,50,145.56232,0,"(np.int64(34797), np.int64(30840), np.int64(36677), np.int64(41491), np.int64(41760), np.int64(690), np.int64(47598), np.int64(40755), np.int64(23293), np.int64(47008), np.int64(22189), np.int64(26298), np.int64(16826), np.int64(16132), np.int64(17451), np.int64(32673), np.int64(1586), np.int64(17154), np.int64(1996), np.int64(2885), np.int64(14564), np.int64(7575), np.int64(40279), np.int64(9670), np.int64(15562), np.int64(49937), np.int64(20701), np.int64(47177), np.int64(30275), np.int64(20441), np.int64(36415), np.int64(38119), np.int64(16779), np.int64(24383), np.int64(36214), np.int64(12962), np.int64(9133), np.int64(13490), np.int64(17876), np.int64(20088), np.int64(17567), np.int64(20145), np.int64(17125), np.int64(3191), np.int64(3180), np.int64(25303), np.int64(41105), np.int64(31218), np.int64(19443), np.int64(46437))","(0, 0, 0, 0, 0, 1, 1, 0, 0, 0, 1, 0, 0, 0, 0, 0, 0, 0, 0, 0, 0, 0, 0, 0, 0, 0, 0, 0, 0, 0, 0, 0, 1, 0, 0, 0, 0, 0, 0, 0, 0, 0, 0, 0, 1, 1, 0, 1, 0, 0)"
3.736625,117,147.029084,0,"(np.int64(2637), np.int64(47917), np.int64(13450), np.int64(29058), np.int64(3094), np.int64(856), np.int64(4417), np.int64(11300), np.int64(14796), np.int64(23530), np.int64(7175), np.int64(13016), np.int64(8597), np.int64(162), np.int64(39294), np.int64(16864), np.int64(25733), np.int64(43430), np.int64(24315), np.int64(20633), np.int64(39097), np.int64(4974), np.int64(30368), np.int64(5238), np.int64(37632), np.int64(19340), np.int64(47508), np.int64(25362), np.int64(39199), np.int64(14880), np.int64(8468), np.int64(45654), np.int64(13342), np.int64(21459), np.int64(42532), np.int64(29983), np.int64(33621), np.int64(5842), np.int64(1024), np.int64(39719), np.int64(3901), np.int64(27863), np.int64(6910), np.int64(43935), np.int64(19816), np.int64(29257), np.int64(21556), np.int64(7190), np.int64(41557), np.int64(49502), np.int64(6417), np.int64(5118), np.int64(26402), np.int64(41746), np.int64(27484), np.int64(24839), np.int64(48727), np.int64(28657), np.int64(45265), np.int64(39919), np.int64(6862), np.int64(22757), np.int64(43355), np.int64(1794), np.int64(10676), np.int64(6183), np.int64(48233), np.int64(42337), np.int64(45623), np.int64(49521), np.int64(16940), np.int64(13844), np.int64(34040), np.int64(12499), np.int64(4923), np.int64(32372), np.int64(7016), np.int64(9448), np.int64(14119), np.int64(42398), np.int64(24652), np.int64(48835), np.int64(33257), np.int64(6449), np.int64(33752), np.int64(37256), np.int64(17780), np.int64(41657), np.int64(22743), np.int64(40858), np.int64(17327), np.int64(17880), np.int64(12287), np.int64(3202), np.int64(3969), np.int64(15880), np.int64(10675), np.int64(18849), np.int64(21897), np.int64(33061), np.int64(16814), np.int64(27565), np.int64(49311), np.int64(11624), np.int64(30179), np.int64(34625), np.int64(40246), np.int64(44730), np.int64(39308), np.int64(49597), np.int64(39996), np.int64(11856), np.int64(8408), np.int64(31193), np.int64(35055), np.int64(38956), np.int64(14077))","(0, 0, 0, 0, 0, 0, 0, 0, 0, 0, 0, 0, 0, 0, 0, 0, 0, 0, 0, 0, 0, 0, 0, 0, 0, 0, 0, 0, 0, 0, 0, 0, 0, 0, 0, 0, 0, 0, 0, 0, 0, 0, 0, 0, 0, 1, 0, 0, 0, 0, 0, 0, 0, 0, 0, 0, 0, 0, 0, 0, 0, 0, 0, 0, 0, 0, 0, 0, 0, 0, 0, 0, 0, 0, 0, 0, 0, 0, 1, 0, 0, 0, 0, 0, 0, 0, 0, 0, 0, 0, 0, 0, 0, 1, 0, 0, 0, 0, 0, 0, 0, 0, 0, 0, 0, 0, 0, 0, 0, 0, 0, 0, 0, 1, 0, 0, 1)"
3.865046,46,147.630534,0,"(np.int64(30425), np.int64(37053), np.int64(11535), np.int64(10105), np.int64(42099), np.int64(4459), np.int64(30547), np.int64(12433), np.int64(28523), np.int64(477), np.int64(27873), np.int64(49900), np.int64(25599), np.int64(7562), np.int64(39967), np.int64(21916), np.int64(33158), np.int64(32708), np.int64(36748), np.int64(38808), np.int64(29784), np.int64(10889), np.int64(19529), np.int64(5892), np.int64(42664), np.int64(27497), np.int64(48191), np.int64(13717), np.int64(15927), np.int64(25372), np.int64(15260), np.int64(44767), np.int64(20714), np.int64(25174), np.int64(48398), np.int64(45826), np.int64(20093), np.int64(9016), np.int64(13258), np.int64(19791), np.int64(45233), np.int64(40688), np.int64(17301), np.int64(8760), np.int64(3007), np.int64(49323))","(0, 0, 0, 0, 0, 0, 0, 0, 1, 1, 0, 0, 0, 0, 0, 0, 0, 0, 0, 0, 0, 0, 0, 0, 0, 0, 0, 0, 0, 0, 1, 0, 0, 0, 0, 0, 1, 0, 0, 1, 0, 0, 0, 0, 0, 0)"
3.57068,53,148.318494,0,"(np.int64(44299), np.int64(38645), np.int64(16770), np.int64(6263), np.int64(27363), np.int64(26892), np.int64(5764), np.int64(35551), np.int64(29823), np.int64(17115), np.int64(26751), np.int64(4995), np.int64(21378), np.int64(10767), np.int64(26544), np.int64(41943), np.int64(9060), np.int64(41367), np.int64(28777), np.int64(44028), np.int64(4104), np.int64(16723), np.int64(48529), np.int64(18617), np.int64(20350), np.int64(39281), np.int64(18041), np.int64(20435), np.int64(2813), np.int64(42248), np.int64(19454), np.int64(4728), np.int64(39479), np.int64(35616), np.int64(24414), np.int64(27287), np.int64(16441), np.int64(20402), np.int64(22293), np.int64(4560), np.int64(46280), np.int64(29078), np.int64(14694), np.int64(42195), np.int64(15896), np.int64(28358), np.int64(45557), np.int64(27090), np.int64(37016), np.int64(14422), np.int64(28416), np.int64(19666), np.int64(31069))","(0, 0, 0, 0, 0, 0, 0, 0, 0, 0, 0, 0, 0, 1, 0, 0, 0, 0, 0, 0, 0, 0, 0, 0, 0, 0, 0, 0, 0, 0, 0, 0, 0, 0, 0, 1, 0, 0, 0, 0, 0, 0, 0, 0, 1, 0, 0, 0, 0, 0, 0, 1, 1)"
5.722837,50,148.975982,0,"(np.int64(795), np.int64(3442), np.int64(46341), np.int64(46700), np.int64(18620), np.int64(18756), np.int64(15057), np.int64(37013), np.int64(13889), np.int64(4676), np.int64(19986), np.int64(49832), np.int64(34229), np.int64(47155), np.int64(20267), np.int64(10343), np.int64(39024), np.int64(30345), np.int64(9487), np.int64(48804), np.int64(18592), np.int64(40258), np.int64(27865), np.int64(39892), np.int64(26377), np.int64(28243), np.int64(46592), np.int64(5801), np.int64(39535), np.int64(24845), np.int64(7245), np.int64(40383), np.int64(33073), np.int64(33744), np.int64(45626), np.int64(49461), np.int64(48440), np.int64(22265), np.int64(29588), np.int64(23799), np.int64(7731), np.int64(45835), np.int64(34780), np.int64(46706), np.int64(38793), np.int64(39376), np.int64(38444), np.int64(42832), np.int64(40628), np.int64(28131))","(0, 1, 0, 0, 0, 1, 1, 0, 0, 0, 1, 0, 0, 0, 0, 0, 1, 0, 0, 0, 0, 0, 0, 0, 1, 0, 0, 0, 0, 1, 0, 0, 0, 0, 0, 0, 0, 0, 0, 0, 0, 0, 0, 0, 0, 0, 0, 0, 0, 1)"
5.386717,50,149.627252,0,"(np.int64(7225), np.int64(33708), np.int64(6506), np.int64(24114), np.int64(20165), np.int64(5369), np.int64(12237), np.int64(41431), np.int64(3833), np.int64(9228), np.int64(7966), np.int64(32768), np.int64(9425), np.int64(4053), np.int64(34542), np.int64(10335), np.int64(4904), np.int64(18825), np.int64(7701), np.int64(43057), np.int64(32999), np.int64(46639), np.int64(44362), np.int64(22603), np.int64(23583), np.int64(1992), np.int64(598), np.int64(10645), np.int64(27360), np.int64(46734), np.int64(46068), np.int64(46864), np.int64(33748), np.int64(14624), np.int64(9066), np.int64(29038), np.int64(27378), np.int64(29517), np.int64(13615), np.int64(12444), np.int64(21929), np.int64(38473), np.int64(39572), np.int64(2603), np.int64(26795), np.int64(4563), np.int64(3528), np.int64(17408), np.int64(24136), np.int64(18221))","(0, 0, 0, 1, 1, 0, 1, 0, 1, 0, 0, 0, 0, 0, 0, 0, 0, 0, 0, 0, 0, 0, 0, 0, 0, 0, 0, 0, 0, 1, 0, 0, 0, 0, 0, 0, 0, 0, 0, 0, 0, 0, 0, 0, 0, 1, 0, 0, 0, 1)"
3.959296,50,150.278853,0,"(np.int64(33960), np.int64(39866), np.int64(36422), np.int64(46058), np.int64(26520), np.int64(7754), np.int64(46967), np.int64(6786), np.int64(7557), np.int64(76), np.int64(1237), np.int64(14301), np.int64(18280), np.int64(45271), np.int64(3576), np.int64(15631), np.int64(31328), np.int64(4667), np.int64(39248), np.int64(13034), np.int64(2431), np.int64(466), np.int64(32484), np.int64(35621), np.int64(40963), np.int64(2), np.int64(17069), np.int64(13621), np.int64(24300), np.int64(7503), np.int64(7272), np.int64(31991), np.int64(26097), np.int64(6161), np.int64(26746), np.int64(46535), np.int64(11001), np.int64(3089), np.int64(18647), np.int64(25253), np.int64(9397), np.int64(18568), np.int64(30672), np.int64(23275), np.int64(19326), np.int64(19605), np.int64(1793), np.int64(77), np.int64(6953), np.int64(13815))","(0, 0, 0, 0, 0, 1, 0, 0, 0, 1, 0, 0, 0, 0, 0, 0, 0, 1, 0, 0, 0, 0, 0, 0, 0, 0, 0, 0, 0, 1, 0, 0, 0, 0, 0, 0, 0, 0, 0, 0, 0, 0, 0, 0, 0, 0, 0, 0, 1, 0)"
3.612831,50,150.922861,0,"(np.int64(9548), np.int64(13939), np.int64(11024), np.int64(28562), np.int64(5260), np.int64(43325), np.int64(47047), np.int64(24634), np.int64(662), np.int64(6792), np.int64(45637), np.int64(34121), np.int64(20261), np.int64(8434), np.int64(11195), np.int64(16584), np.int64(6968), np.int64(45458), np.int64(17220), np.int64(40035), np.int64(45690), np.int64(23879), np.int64(1124), np.int64(47047), np.int64(25837), np.int64(33027), np.int64(8286), np.int64(45687), np.int64(10253), np.int64(1568), np.int64(26603), np.int64(7573), np.int64(8522), np.int64(16127), np.int64(41760), np.int64(16697), np.int64(16420), np.int64(19050), np.int64(23722), np.int64(13033), np.int64(17395), np.int64(48290), np.int64(47188), np.int64(34111), np.int64(40176), np.int64(344), np.int64(4964), np.int64(38639), np.int64(3985), np.int64(23687))","(0, 0, 0, 0, 1, 0, 0, 0, 0, 0, 0, 0, 0, 0, 0, 0, 0, 0, 0, 0, 1, 0, 0, 0, 0, 0, 0, 0, 1, 0, 0, 0, 0, 0, 0, 0, 0, 1, 0, 0, 0, 0, 1, 0, 0, 0, 0, 0, 0, 0)"
6.932039,50,151.580859,0,"(np.int64(49858), np.int64(35289), np.int64(15472), np.int64(31217), np.int64(38392), np.int64(32588), np.int64(23104), np.int64(25087), np.int64(43053), np.int64(29973), np.int64(43215), np.int64(38200), np.int64(45498), np.int64(10101), np.int64(5496), np.int64(49759), np.int64(31283), np.int64(37171), np.int64(5915), np.int64(18364), np.int64(39770), np.int64(30567), np.int64(29351), np.int64(26177), np.int64(1911), np.int64(29658), np.int64(31909), np.int64(11388), np.int64(12205), np.int64(33993), np.int64(38796), np.int64(27775), np.int64(3658), np.int64(20850), np.int64(19746), np.int64(16239), np.int64(6638), np.int64(43946), np.int64(35404), np.int64(34268), np.int64(21863), np.int64(30071), np.int64(32226), np.int64(32474), np.int64(34977), np.int64(27676), np.int64(4747), np.int64(17612), np.int64(10426), np.int64(31273))","(0, 0, 1, 0, 0, 0, 0, 1, 0, 0, 0, 0, 0, 0, 0, 0, 0, 0, 1, 0, 0, 0, 0, 0, 0, 0, 0, 0, 1, 1, 0, 0, 1, 0, 0, 0, 0, 0, 0, 0, 1, 0, 0, 0, 0, 0, 1, 0, 0, 1)"
3.896291,50,152.225474,0,"(np.int64(17778), np.int64(46101), np.int64(13957), np.int64(11523), np.int64(34351), np.int64(38202), np.int64(23912), np.int64(6809), np.int64(9302), np.int64(13730), np.int64(26062), np.int64(1567), np.int64(16085), np.int64(31179), np.int64(27999), np.int64(37141), np.int64(41031), np.int64(2548), np.int64(4806), np.int64(25685), np.int64(38210), np.int64(9233), np.int64(6150), np.int64(19646), np.int64(34064), np.int64(24438), np.int64(21481), np.int64(11578), np.int64(31331), np.int64(37695), np.int64(17303), np.int64(2616), np.int64(19799), np.int64(24122), np.int64(20193), np.int64(3773), np.int64(27947), np.int64(30436), np.int64(27454), np.int64(9814), np.int64(455), np.int64(23659), np.int64(3615), np.int64(5029), np.int64(7048), np.int64(21004), np.int64(9488), np.int64(50025), np.int64(40059), np.int64(21851))","(1, 0, 0, 0, 0, 0, 0, 1, 0, 0, 1, 0, 0, 0, 0, 0, 0, 0, 0, 0, 0, 0, 0, 0, 0, 0, 0, 0, 1, 0, 0, 0, 0, 0, 0, 0, 0, 0, 0, 1, 0, 0, 0, 0, 0, 0, 0, 0, 0, 0)"
5.289511,33,152.646381,0,"(np.int64(27740), np.int64(22471), np.int64(37150), np.int64(42576), np.int64(35515), np.int64(39757), np.int64(9542), np.int64(46877), np.int64(44130), np.int64(26517), np.int64(14489), np.int64(37126), np.int64(5698), np.int64(47401), np.int64(16075), np.int64(30807), np.int64(15484), np.int64(26511), np.int64(15413), np.int64(9161), np.int64(5756), np.int64(2062), np.int64(4890), np.int64(12281), np.int64(14471), np.int64(4888), np.int64(26733), np.int64(15410), np.int64(11252), np.int64(45727), np.int64(31186), np.int64(7279), np.int64(42153))","(1, 0, 0, 0, 0, 0, 0, 0, 0, 0, 0, 0, 0, 0, 1, 0, 1, 0, 1, 1, 0, 1, 0, 0, 1, 0, 0, 0, 0, 0, 0, 0, 0)"
3.68839,70,153.553321,0,"(np.int64(30005), np.int64(29917), np.int64(46938), np.int64(10378), np.int64(43338), np.int64(3874), np.int64(24581), np.int64(16557), np.int64(39755), np.int64(39365), np.int64(45632), np.int64(40750), np.int64(1417), np.int64(12062), np.int64(31507), np.int64(7154), np.int64(18522), np.int64(28625), np.int64(39680), np.int64(33516), np.int64(16968), np.int64(15851), np.int64(33027), np.int64(24493), np.int64(40069), np.int64(14065), np.int64(30526), np.int64(35622), np.int64(8377), np.int64(1643), np.int64(5350), np.int64(33981), np.int64(33687), np.int64(20067), np.int64(43484), np.int64(991), np.int64(49465), np.int64(17070), np.int64(2124), np.int64(10196), np.int64(10400), np.int64(13514), np.int64(33739), np.int64(4104), np.int64(3903), np.int64(35797), np.int64(17248), np.int64(23266), np.int64(23152), np.int64(8358), np.int64(31194), np.int64(178), np.int64(30991), np.int64(41510), np.int64(1243), np.int64(20113), np.int64(22982), np.int64(36878), np.int64(39185), np.int64(10093), np.int64(42802), np.int64(26598), np.int64(36109), np.int64(33097), np.int64(38331), np.int64(19926), np.int64(15671), np.int64(7736), np.int64(10587), np.int64(23930))","(0, 0, 0, 0, 0, 0, 0, 0, 0, 0, 0, 0, 0, 0, 0, 0, 0, 0, 0, 0, 0, 0, 0, 0, 1, 0, 0, 0, 0, 0, 0, 0, 0, 0, 1, 0, 0, 0, 1, 0, 0, 0, 0, 0, 0, 0, 0, 0, 0, 0, 0, 0, 0, 0, 0, 0, 0, 0, 0, 0, 0, 0, 0, 0, 0, 1, 0, 0, 0, 1)"
3.846044,50,154.183076,0,"(np.int64(16962), np.int64(41800), np.int64(3718), np.int64(3344), np.int64(40358), np.int64(19659), np.int64(10149), np.int64(19985), np.int64(47987), np.int64(16946), np.int64(30711), np.int64(20430), np.int64(5084), np.int64(4649), np.int64(17784), np.int64(16876), np.int64(49519), np.int64(34545), np.int64(27816), np.int64(33493), np.int64(29078), np.int64(25109), np.int64(10704), np.int64(41), np.int64(41953), np.int64(18540), np.int64(8660), np.int64(30437), np.int64(33232), np.int64(41524), np.int64(28401), np.int64(32730), np.int64(4171), np.int64(36612), np.int64(45323), np.int64(41663), np.int64(48789), np.int64(21911), np.int64(3571), np.int64(5171), np.int64(44723), np.int64(9702), np.int64(28186), np.int64(39329), np.int64(43525), np.int64(29366), np.int64(9569), np.int64(9161), np.int64(6169), np.int64(41815))","(0, 0, 0, 0, 0, 0, 0, 0, 0, 1, 0, 0, 0, 1, 1, 1, 0, 0, 0, 0, 0, 0, 0, 0, 0, 0, 0, 0, 0, 0, 0, 0, 0, 0, 0, 0, 0, 0, 0, 0, 0, 0, 0, 0, 0, 0, 0, 1, 0, 0)"
3.672159,50,154.814566,0,"(np.int64(28873), np.int64(1825), np.int64(49186), np.int64(35786), np.int64(3910), np.int64(3039), np.int64(14031), np.int64(4007), np.int64(22366), np.int64(45760), np.int64(1139), np.int64(14143), np.int64(37659), np.int64(5919), np.int64(47411), np.int64(47949), np.int64(34009), np.int64(21081), np.int64(37145), np.int64(23696), np.int64(24160), np.int64(14748), np.int64(21190), np.int64(20080), np.int64(36247), np.int64(30484), np.int64(40273), np.int64(21270), np.int64(31489), np.int64(26914), np.int64(39919), np.int64(32789), np.int64(14695), np.int64(35036), np.int64(38869), np.int64(9504), np.int64(4946), np.int64(44657), np.int64(49591), np.int64(19408), np.int64(42702), np.int64(41695), np.int64(23580), np.int64(40917), np.int64(3132), np.int64(4569), np.int64(22870), np.int64(15858), np.int64(30335), np.int64(37862))","(0, 0, 0, 0, 0, 0, 0, 1, 0, 0, 0, 0, 1, 0, 0, 0, 0, 1, 0, 0, 0, 0, 0, 0, 0, 0, 1, 0, 0, 0, 0, 0, 0, 0, 0, 0, 0, 0, 0, 0, 0, 1, 0, 0, 0, 0, 0, 0, 0, 0)"
3.677163,70,155.720392,0,"(np.int64(31763), np.int64(39027), np.int64(28469), np.int64(36702), np.int64(13953), np.int64(6076), np.int64(44663), np.int64(34506), np.int64(19847), np.int64(47095), np.int64(32357), np.int64(32762), np.int64(24701), np.int64(37074), np.int64(8203), np.int64(46076), np.int64(48222), np.int64(21192), np.int64(23297), np.int64(34690), np.int64(12034), np.int64(9980), np.int64(21887), np.int64(18132), np.int64(19162), np.int64(28194), np.int64(33891), np.int64(20785), np.int64(35437), np.int64(25183), np.int64(25151), np.int64(21848), np.int64(2256), np.int64(22356), np.int64(27907), np.int64(32323), np.int64(2444), np.int64(13050), np.int64(47511), np.int64(47830), np.int64(47009), np.int64(359), np.int64(4232), np.int64(23037), np.int64(18925), np.int64(32835), np.int64(35532), np.int64(25026), np.int64(27197), np.int64(37383), np.int64(22273), np.int64(24483), np.int64(49072), np.int64(30993), np.int64(45114), np.int64(35503), np.int64(11034), np.int64(7424), np.int64(26558), np.int64(39592), np.int64(8368), np.int64(4872), np.int64(24657), np.int64(3697), np.int64(39351), np.int64(48721), np.int64(18627), np.int64(46599), np.int64(13260), np.int64(5693))","(0, 0, 1, 0, 0, 0, 0, 0, 0, 0, 0, 0, 0, 0, 0, 0, 0, 0, 0, 0, 0, 0, 0, 0, 0, 0, 0, 0, 0, 0, 0, 0, 0, 0, 0, 0, 1, 0, 0, 0, 0, 0, 0, 0, 0, 1, 0, 0, 0, 0, 0, 0, 0, 0, 0, 0, 1, 0, 0, 0, 0, 0, 0, 0, 0, 0, 0, 0, 0, 1)"
3.905791,77,156.721318,0,"(np.int64(23374), np.int64(3209), np.int64(46221), np.int64(11592), np.int64(41621), np.int64(43524), np.int64(48516), np.int64(4760), np.int64(24495), np.int64(39140), np.int64(15052), np.int64(11502), np.int64(27457), np.int64(27962), np.int64(26478), np.int64(4455), np.int64(41282), np.int64(49319), np.int64(41888), np.int64(14688), np.int64(42040), np.int64(14189), np.int64(1836), np.int64(36320), np.int64(21886), np.int64(42984), np.int64(14083), np.int64(2780), np.int64(34153), np.int64(40849), np.int64(42360), np.int64(44148), np.int64(36192), np.int64(15620), np.int64(27564), np.int64(29575), np.int64(49785), np.int64(18120), np.int64(16047), np.int64(11549), np.int64(20564), np.int64(4678), np.int64(23129), np.int64(46758), np.int64(45039), np.int64(30190), np.int64(35059), np.int64(45630), np.int64(20212), np.int64(46478), np.int64(40357), np.int64(46956), np.int64(40885), np.int64(38625), np.int64(42213), np.int64(4018), np.int64(20382), np.int64(38573), np.int64(20622), np.int64(4710), np.int64(28663), np.int64(25184), np.int64(44617), np.int64(12443), np.int64(48905), np.int64(15823), np.int64(18316), np.int64(18073), np.int64(3089), np.int64(39994), np.int64(27705), np.int64(15391), np.int64(35908), np.int64(24857), np.int64(16753), np.int64(17985), np.int64(16767))","(1, 1, 0, 0, 0, 0, 0, 0, 0, 0, 0, 0, 0, 0, 0, 0, 0, 0, 0, 0, 0, 1, 0, 0, 0, 0, 0, 0, 0, 0, 0, 0, 0, 0, 0, 0, 0, 0, 0, 0, 0, 0, 0, 0, 0, 0, 0, 0, 0, 0, 0, 0, 0, 0, 0, 0, 0, 0, 0, 0, 0, 1, 0, 0, 0, 0, 0, 0, 0, 0, 0, 0, 0, 0, 0, 0, 1)"
3.891571,50,157.366239,0,"(np.int64(10540), np.int64(14675), np.int64(36484), np.int64(49211), np.int64(43198), np.int64(44795), np.int64(15218), np.int64(32641), np.int64(12067), np.int64(3963), np.int64(22550), np.int64(17126), np.int64(45867), np.int64(2712), np.int64(1075), np.int64(424), np.int64(45595), np.int64(26386), np.int64(18746), np.int64(26434), np.int64(5859), np.int64(48703), np.int64(45156), np.int64(6636), np.int64(30434), np.int64(23241), np.int64(48935), np.int64(4713), np.int64(41264), np.int64(6438), np.int64(47481), np.int64(13074), np.int64(16565), np.int64(45971), np.int64(46377), np.int64(1847), np.int64(23713), np.int64(17742), np.int64(1221), np.int64(32046), np.int64(2770), np.int64(14373), np.int64(13667), np.int64(26494), np.int64(39328), np.int64(3567), np.int64(18871), np.int64(38859), np.int64(26125), np.int64(5841))","(0, 0, 0, 0, 0, 0, 1, 0, 0, 0, 0, 1, 0, 0, 0, 0, 0, 0, 1, 0, 0, 0, 0, 0, 0, 0, 0, 0, 0, 0, 0, 0, 0, 0, 0, 0, 0, 0, 1, 0, 0, 1, 0, 0, 0, 0, 0, 0, 0, 0)"
3.826334,51,158.025248,0,"(np.int64(17041), np.int64(5731), np.int64(25386), np.int64(42316), np.int64(38269), np.int64(2276), np.int64(15451), np.int64(26703), np.int64(32933), np.int64(13211), np.int64(5619), np.int64(2563), np.int64(22383), np.int64(44900), np.int64(30200), np.int64(600), np.int64(36880), np.int64(8066), np.int64(29637), np.int64(16378), np.int64(20029), np.int64(7385), np.int64(9671), np.int64(28378), np.int64(28482), np.int64(39448), np.int64(10663), np.int64(49070), np.int64(31057), np.int64(9579), np.int64(39490), np.int64(38326), np.int64(47912), np.int64(25457), np.int64(33881), np.int64(38), np.int64(22852), np.int64(4314), np.int64(26), np.int64(20947), np.int64(32416), np.int64(604), np.int64(28891), np.int64(5573), np.int64(17693), np.int64(33448), np.int64(30171), np.int64(40578), np.int64(17885), np.int64(6137), np.int64(5559))","(0, 0, 0, 0, 0, 0, 0, 0, 0, 0, 0, 0, 0, 0, 0, 1, 0, 0, 0, 0, 0, 0, 0, 0, 0, 0, 0, 1, 0, 0, 0, 0, 0, 0, 0, 0, 0, 0, 0, 0, 1, 0, 0, 1, 0, 0, 0, 0, 0, 0, 1)"
3.845125,50,158.652126,0,"(np.int64(1141), np.int64(16599), np.int64(29836), np.int64(38227), np.int64(5935), np.int64(40358), np.int64(19711), np.int64(29080), np.int64(40415), np.int64(26928), np.int64(41015), np.int64(41124), np.int64(28310), np.int64(3644), np.int64(24297), np.int64(28784), np.int64(21012), np.int64(18708), np.int64(43761), np.int64(46214), np.int64(15983), np.int64(9937), np.int64(33765), np.int64(36160), np.int64(16022), np.int64(14622), np.int64(7970), np.int64(30836), np.int64(41290), np.int64(42059), np.int64(37549), np.int64(8151), np.int64(23105), np.int64(10276), np.int64(35107), np.int64(22487), np.int64(45654), np.int64(48813), np.int64(23386), np.int64(22263), np.int64(47818), np.int64(23494), np.int64(10252), np.int64(19128), np.int64(39514), np.int64(33988), np.int64(49657), np.int64(37566), np.int64(41440), np.int64(15954))","(1, 1, 0, 0, 0, 0, 0, 0, 0, 0, 0, 0, 0, 1, 0, 0, 0, 1, 0, 0, 0, 0, 0, 0, 0, 0, 0, 0, 0, 0, 0, 0, 0, 0, 0, 0, 0, 0, 0, 0, 0, 1, 0, 0, 0, 0, 0, 0, 0, 0)"
3.964716,65,159.48447,0,"(np.int64(4831), np.int64(34407), np.int64(43989), np.int64(11189), np.int64(39517), np.int64(23666), np.int64(7040), np.int64(771), np.int64(47047), np.int64(47511), np.int64(18208), np.int64(779), np.int64(48050), np.int64(19699), np.int64(23061), np.int64(22096), np.int64(36412), np.int64(40514), np.int64(30326), np.int64(15678), np.int64(22031), np.int64(4899), np.int64(30511), np.int64(28742), np.int64(44777), np.int64(38590), np.int64(37283), np.int64(33890), np.int64(43612), np.int64(15554), np.int64(228), np.int64(7928), np.int64(15611), np.int64(15779), np.int64(5672), np.int64(46585), np.int64(7108), np.int64(1563), np.int64(33746), np.int64(4488), np.int64(30435), np.int64(37815), np.int64(15084), np.int64(25635), np.int64(14180), np.int64(24558), np.int64(31586), np.int64(2433), np.int64(30346), np.int64(31474), np.int64(13864), np.int64(34498), np.int64(40942), np.int64(22410), np.int64(37967), np.int64(29792), np.int64(2319), np.int64(4393), np.int64(3277), np.int64(41167), np.int64(44753), np.int64(24558), np.int64(6010), np.int64(49881), np.int64(19141))","(0, 0, 0, 0, 0, 0, 1, 0, 0, 0, 0, 0, 0, 0, 0, 0, 0, 0, 0, 0, 1, 0, 0, 0, 0, 0, 0, 0, 0, 0, 1, 0, 1, 0, 0, 0, 0, 0, 0, 0, 0, 0, 0, 0, 0, 0, 0, 0, 0, 0, 0, 0, 0, 0, 0, 0, 0, 0, 0, 0, 0, 0, 0, 0, 1)"
3.655688,50,160.126099,0,"(np.int64(44706), np.int64(42021), np.int64(31346), np.int64(44680), np.int64(39617), np.int64(48856), np.int64(4261), np.int64(44481), np.int64(8671), np.int64(33636), np.int64(27578), np.int64(29856), np.int64(21210), np.int64(48563), np.int64(48944), np.int64(48081), np.int64(25499), np.int64(41161), np.int64(14329), np.int64(46552), np.int64(24870), np.int64(43247), np.int64(26434), np.int64(35328), np.int64(28192), np.int64(25749), np.int64(9822), np.int64(10206), np.int64(28290), np.int64(17988), np.int64(11019), np.int64(44898), np.int64(31678), np.int64(29883), np.int64(41567), np.int64(40189), np.int64(17108), np.int64(48438), np.int64(37), np.int64(28127), np.int64(45525), np.int64(5044), np.int64(46049), np.int64(36603), np.int64(22351), np.int64(24303), np.int64(43975), np.int64(29004), np.int64(43117), np.int64(25697))","(0, 0, 0, 0, 0, 0, 1, 0, 0, 0, 0, 0, 0, 0, 0, 0, 0, 0, 0, 1, 0, 0, 0, 0, 0, 0, 0, 1, 0, 0, 1, 0, 0, 0, 0, 0, 0, 0, 0, 0, 0, 0, 0, 0, 0, 1, 0, 0, 0, 0)"
3.908095,50,160.749538,0,"(np.int64(21062), np.int64(2650), np.int64(34133), np.int64(3847), np.int64(47650), np.int64(25615), np.int64(2703), np.int64(45940), np.int64(31639), np.int64(4557), np.int64(27346), np.int64(9817), np.int64(36980), np.int64(20675), np.int64(3512), np.int64(48374), np.int64(40238), np.int64(12775), np.int64(21339), np.int64(29321), np.int64(9593), np.int64(26690), np.int64(17382), np.int64(28772), np.int64(2136), np.int64(16402), np.int64(44846), np.int64(24437), np.int64(19122), np.int64(15444), np.int64(45437), np.int64(5527), np.int64(15666), np.int64(27431), np.int64(24999), np.int64(10477), np.int64(10342), np.int64(9569), np.int64(18947), np.int64(40581), np.int64(13348), np.int64(4950), np.int64(23559), np.int64(37433), np.int64(7337), np.int64(39691), np.int64(29563), np.int64(22911), np.int64(4969), np.int64(13125))","(0, 0, 0, 1, 0, 0, 0, 0, 0, 0, 0, 0, 0, 0, 0, 0, 0, 0, 0, 0, 0, 0, 0, 1, 0, 0, 0, 0, 0, 0, 0, 0, 0, 0, 0, 0, 0, 0, 0, 0, 1, 1, 0, 0, 1, 0, 0, 0, 0, 0)"
5.237231,50,161.392077,0,"(np.int64(48462), np.int64(10984), np.int64(39773), np.int64(49274), np.int64(6557), np.int64(39799), np.int64(31848), np.int64(19444), np.int64(32849), np.int64(47857), np.int64(8936), np.int64(28281), np.int64(24968), np.int64(4557), np.int64(30270), np.int64(22806), np.int64(30532), np.int64(38614), np.int64(49916), np.int64(5321), np.int64(8764), np.int64(46532), np.int64(42168), np.int64(9617), np.int64(31894), np.int64(22397), np.int64(25299), np.int64(42230), np.int64(19824), np.int64(23047), np.int64(12884), np.int64(24361), np.int64(36301), np.int64(4018), np.int64(46157), np.int64(35028), np.int64(37116), np.int64(30928), np.int64(12866), np.int64(30261), np.int64(10209), np.int64(30358), np.int64(40192), np.int64(32696), np.int64(23503), np.int64(12631), np.int64(14067), np.int64(19574), np.int64(4528), np.int64(41586))","(0, 0, 0, 0, 0, 0, 0, 1, 1, 0, 1, 0, 1, 0, 0, 0, 0, 0, 0, 0, 1, 0, 1, 0, 0, 0, 0, 0, 0, 0, 0, 1, 0, 0, 0, 0, 0, 0, 0, 0, 0, 0, 0, 0, 0, 0, 0, 0, 0, 0)"
5.287394,50,162.038389,0,"(np.int64(44023), np.int64(49692), np.int64(33118), np.int64(19439), np.int64(39880), np.int64(1678), np.int64(32747), np.int64(15856), np.int64(33483), np.int64(18630), np.int64(10055), np.int64(21579), np.int64(38061), np.int64(46171), np.int64(11682), np.int64(31391), np.int64(29168), np.int64(13095), np.int64(19505), np.int64(46559), np.int64(22264), np.int64(21417), np.int64(8451), np.int64(37983), np.int64(25678), np.int64(41938), np.int64(34270), np.int64(15294), np.int64(7776), np.int64(17105), np.int64(31305), np.int64(6054), np.int64(37305), np.int64(15492), np.int64(16252), np.int64(11444), np.int64(37828), np.int64(39798), np.int64(24432), np.int64(8469), np.int64(49822), np.int64(28672), np.int64(36987), np.int64(43975), np.int64(40676), np.int64(8828), np.int64(28272), np.int64(46531), np.int64(26541), np.int64(22778))","(0, 0, 0, 0, 0, 0, 1, 0, 0, 1, 0, 0, 0, 0, 0, 0, 0, 1, 0, 0, 0, 0, 0, 0, 0, 0, 0, 0, 0, 0, 0, 0, 0, 0, 0, 1, 0, 0, 0, 1, 0, 1, 0, 0, 0, 1, 0, 0, 0, 0)"
4.435097,50,162.680095,0,"(np.int64(19490), np.int64(47866), np.int64(28291), np.int64(15131), np.int64(46479), np.int64(14933), np.int64(36978), np.int64(4112), np.int64(29100), np.int64(2713), np.int64(33377), np.int64(7561), np.int64(28239), np.int64(2888), np.int64(28094), np.int64(21814), np.int64(11907), np.int64(32780), np.int64(48395), np.int64(15428), np.int64(37667), np.int64(45713), np.int64(34710), np.int64(49498), np.int64(5007), np.int64(37171), np.int64(19534), np.int64(25305), np.int64(31502), np.int64(25817), np.int64(9968), np.int64(31415), np.int64(45790), np.int64(30371), np.int64(11110), np.int64(6109), np.int64(45964), np.int64(13233), np.int64(7745), np.int64(14551), np.int64(36402), np.int64(44195), np.int64(12059), np.int64(24308), np.int64(11976), np.int64(14082), np.int64(31859), np.int64(39346), np.int64(44190), np.int64(39835))","(1, 0, 0, 0, 0, 1, 0, 0, 0, 0, 0, 0, 0, 0, 0, 0, 0, 0, 0, 0, 0, 0, 0, 0, 0, 0, 0, 0, 0, 0, 0, 1, 0, 0, 0, 0, 0, 1, 0, 0, 0, 0, 0, 0, 0, 1, 1, 0, 0, 0)"
3.883281,73,163.825182,0,"(np.int64(41837), np.int64(5886), np.int64(38), np.int64(282), np.int64(12879), np.int64(25074), np.int64(45153), np.int64(13825), np.int64(932), np.int64(33279), np.int64(5461), np.int64(25229), np.int64(47286), np.int64(4956), np.int64(43823), np.int64(46425), np.int64(31820), np.int64(18542), np.int64(43604), np.int64(23478), np.int64(16692), np.int64(27272), np.int64(43819), np.int64(29588), np.int64(13188), np.int64(29888), np.int64(46043), np.int64(39282), np.int64(39460), np.int64(38442), np.int64(43237), np.int64(44265), np.int64(32237), np.int64(46787), np.int64(12996), np.int64(34327), np.int64(3109), np.int64(47265), np.int64(19082), np.int64(39398), np.int64(46830), np.int64(34735), np.int64(23458), np.int64(9701), np.int64(16742), np.int64(25450), np.int64(21701), np.int64(34858), np.int64(42136), np.int64(35845), np.int64(848), np.int64(48310), np.int64(46253), np.int64(48305), np.int64(18881), np.int64(20563), np.int64(23766), np.int64(26423), np.int64(37054), np.int64(49591), np.int64(48093), np.int64(23003), np.int64(25466), np.int64(32457), np.int64(578), np.int64(22277), np.int64(12014), np.int64(11150), np.int64(173), np.int64(21197), np.int64(35918), np.int64(44392), np.int64(21420))","(0, 0, 0, 0, 0, 0, 0, 0, 0, 0, 0, 1, 0, 0, 0, 0, 0, 0, 0, 1, 0, 0, 0, 0, 0, 0, 0, 0, 0, 0, 0, 0, 0, 0, 0, 0, 0, 0, 0, 0, 0, 0, 0, 0, 0, 0, 1, 0, 0, 0, 0, 0, 0, 0, 0, 0, 0, 0, 1, 0, 0, 0, 0, 0, 0, 0, 0, 0, 0, 0, 0, 0, 1)"
4.636221,50,164.605228,0,"(np.int64(46165), np.int64(36231), np.int64(31285), np.int64(35859), np.int64(2172), np.int64(15307), np.int64(17087), np.int64(33695), np.int64(48343), np.int64(30271), np.int64(19666), np.int64(16995), np.int64(11744), np.int64(32768), np.int64(987), np.int64(13074), np.int64(9228), np.int64(2597), np.int64(34613), np.int64(43781), np.int64(5302), np.int64(10084), np.int64(32987), np.int64(33390), np.int64(32106), np.int64(43500), np.int64(42767), np.int64(2404), np.int64(4869), np.int64(29221), np.int64(17446), np.int64(47155), np.int64(21776), np.int64(25319), np.int64(6342), np.int64(24386), np.int64(20384), np.int64(26264), np.int64(41811), np.int64(37217), np.int64(15791), np.int64(29601), np.int64(43479), np.int64(18101), np.int64(19988), np.int64(16129), np.int64(2397), np.int64(27135), np.int64(20856), np.int64(31348))","(0, 0, 0, 0, 1, 0, 0, 0, 0, 0, 1, 0, 0, 0, 0, 0, 0, 0, 0, 0, 0, 0, 0, 0, 0, 0, 1, 1, 1, 0, 0, 0, 1, 0, 0, 0, 0, 0, 0, 0, 0, 0, 0, 0, 0, 0, 0, 0, 0, 0)"
3.563769,42,165.256752,0,"(np.int64(31378), np.int64(38937), np.int64(21931), np.int64(26268), np.int64(10029), np.int64(8079), np.int64(49241), np.int64(6126), np.int64(41923), np.int64(49821), np.int64(10557), np.int64(8340), np.int64(42842), np.int64(31735), np.int64(29531), np.int64(49764), np.int64(15849), np.int64(2688), np.int64(37439), np.int64(27338), np.int64(43391), np.int64(28911), np.int64(28669), np.int64(44362), np.int64(15445), np.int64(33881), np.int64(17783), np.int64(26752), np.int64(5840), np.int64(25716), np.int64(18589), np.int64(6109), np.int64(14014), np.int64(30645), np.int64(36210), np.int64(31274), np.int64(24121), np.int64(2690), np.int64(19016), np.int64(42337), np.int64(40945), np.int64(25218))","(0, 0, 1, 0, 0, 0, 0, 1, 0, 0, 1, 0, 0, 0, 1, 0, 0, 0, 0, 0, 0, 0, 0, 0, 0, 0, 0, 0, 0, 0, 0, 0, 0, 0, 0, 0, 0, 1, 0, 0, 0, 0)"
3.669447,66,166.501147,0,"(np.int64(28208), np.int64(27308), np.int64(30135), np.int64(41626), np.int64(20308), np.int64(4859), np.int64(19658), np.int64(22762), np.int64(8505), np.int64(27850), np.int64(37075), np.int64(21476), np.int64(36243), np.int64(33013), np.int64(21111), np.int64(35023), np.int64(12923), np.int64(32048), np.int64(1), np.int64(9675), np.int64(2502), np.int64(7693), np.int64(10933), np.int64(38827), np.int64(1563), np.int64(9357), np.int64(13240), np.int64(12585), np.int64(3516), np.int64(48190), np.int64(40713), np.int64(3433), np.int64(28752), np.int64(4924), np.int64(839), np.int64(4013), np.int64(29987), np.int64(12564), np.int64(32309), np.int64(9796), np.int64(38035), np.int64(44331), np.int64(29752), np.int64(24875), np.int64(1101), np.int64(47846), np.int64(41333), np.int64(8374), np.int64(16638), np.int64(31395), np.int64(28983), np.int64(32216), np.int64(36347), np.int64(36624), np.int64(49851), np.int64(9284), np.int64(32004), np.int64(33309), np.int64(41090), np.int64(43404), np.int64(29808), np.int64(24133), np.int64(49666), np.int64(19430), np.int64(17228), np.int64(1444))","(0, 0, 0, 0, 0, 0, 0, 0, 0, 0, 1, 0, 0, 0, 0, 0, 1, 0, 0, 0, 0, 0, 0, 0, 0, 0, 0, 0, 0, 0, 0, 0, 1, 0, 1, 0, 0, 0, 0, 0, 0, 0, 0, 0, 0, 0, 0, 0, 0, 0, 0, 0, 0, 0, 0, 0, 0, 0, 0, 0, 0, 0, 0, 0, 0, 1)"
5.08215,50,167.316673,0,"(np.int64(49317), np.int64(32916), np.int64(31591), np.int64(1438), np.int64(319), np.int64(31964), np.int64(33276), np.int64(39323), np.int64(8684), np.int64(43817), np.int64(44602), np.int64(39229), np.int64(9643), np.int64(8235), np.int64(39029), np.int64(20222), np.int64(37243), np.int64(39176), np.int64(5676), np.int64(17111), np.int64(24209), np.int64(43810), np.int64(25923), np.int64(48750), np.int64(9115), np.int64(27735), np.int64(12728), np.int64(876), np.int64(29322), np.int64(12606), np.int64(31639), np.int64(14983), np.int64(22026), np.int64(33987), np.int64(1734), np.int64(38205), np.int64(40489), np.int64(46030), np.int64(28268), np.int64(41418), np.int64(18121), np.int64(25937), np.int64(23002), np.int64(19652), np.int64(42129), np.int64(20743), np.int64(26927), np.int64(28816), np.int64(186), np.int64(2279))","(0, 0, 1, 0, 0, 0, 0, 0, 0, 0, 0, 0, 0, 0, 0, 0, 0, 0, 0, 0, 0, 0, 0, 1, 0, 0, 0, 0, 0, 1, 0, 0, 0, 0, 1, 1, 0, 0, 0, 0, 0, 0, 0, 1, 0, 0, 0, 0, 0, 1)"
4.570261,50,168.151996,0,"(np.int64(6490), np.int64(25373), np.int64(47016), np.int64(19396), np.int64(36511), np.int64(44433), np.int64(37143), np.int64(35554), np.int64(5539), np.int64(16526), np.int64(31516), np.int64(44178), np.int64(13393), np.int64(8515), np.int64(15659), np.int64(47599), np.int64(29183), np.int64(29890), np.int64(32340), np.int64(16566), np.int64(33536), np.int64(6630), np.int64(1399), np.int64(17021), np.int64(9975), np.int64(18917), np.int64(7188), np.int64(41197), np.int64(39028), np.int64(20576), np.int64(28229), np.int64(7862), np.int64(43487), np.int64(2687), np.int64(15907), np.int64(18997), np.int64(29443), np.int64(16897), np.int64(48382), np.int64(43305), np.int64(36494), np.int64(47241), np.int64(42336), np.int64(47132), np.int64(887), np.int64(43822), np.int64(48745), np.int64(22672), np.int64(8948), np.int64(15188))","(1, 0, 0, 0, 0, 0, 0, 0, 0, 0, 0, 0, 0, 0, 0, 0, 1, 0, 0, 0, 0, 0, 1, 0, 0, 0, 0, 1, 0, 0, 0, 1, 0, 0, 1, 0, 0, 0, 0, 0, 0, 0, 0, 0, 0, 0, 0, 0, 0, 0)"
3.731575,57,169.097824,0,"(np.int64(48674), np.int64(3627), np.int64(9876), np.int64(35279), np.int64(30626), np.int64(43773), np.int64(35367), np.int64(19623), np.int64(13680), np.int64(3538), np.int64(19054), np.int64(22140), np.int64(24392), np.int64(29588), np.int64(44868), np.int64(1120), np.int64(14855), np.int64(7942), np.int64(46918), np.int64(48228), np.int64(12974), np.int64(4593), np.int64(29951), np.int64(26297), np.int64(39482), np.int64(37724), np.int64(40871), np.int64(35882), np.int64(37661), np.int64(25791), np.int64(1249), np.int64(17888), np.int64(17230), np.int64(3147), np.int64(44500), np.int64(12844), np.int64(10410), np.int64(9942), np.int64(22557), np.int64(23256), np.int64(13447), np.int64(49915), np.int64(26626), np.int64(48491), np.int64(26940), np.int64(39117), np.int64(3807), np.int64(9421), np.int64(46798), np.int64(45477), np.int64(23344), np.int64(18402), np.int64(18933), np.int64(7820), np.int64(13878), np.int64(16740), np.int64(1789))","(1, 0, 1, 0, 0, 0, 0, 0, 0, 0, 0, 0, 0, 0, 0, 0, 0, 0, 0, 0, 0, 0, 0, 0, 1, 0, 0, 0, 0, 0, 0, 0, 0, 0, 0, 0, 0, 0, 0, 0, 0, 0, 0, 0, 0, 0, 0, 0, 0, 0, 0, 1, 0, 0, 0, 0, 1)"
3.725305,70,170.129807,0,"(np.int64(17850), np.int64(26906), np.int64(14613), np.int64(24710), np.int64(15379), np.int64(930), np.int64(46719), np.int64(22229), np.int64(19467), np.int64(34489), np.int64(4689), np.int64(5868), np.int64(41188), np.int64(20818), np.int64(38319), np.int64(36498), np.int64(42897), np.int64(17694), np.int64(3073), np.int64(10109), np.int64(5554), np.int64(3674), np.int64(47889), np.int64(45731), np.int64(12858), np.int64(41788), np.int64(21242), np.int64(22542), np.int64(11152), np.int64(24373), np.int64(37685), np.int64(8805), np.int64(32182), np.int64(6154), np.int64(7199), np.int64(38319), np.int64(14344), np.int64(44093), np.int64(13197), np.int64(49341), np.int64(26883), np.int64(3344), np.int64(31090), np.int64(45829), np.int64(3610), np.int64(41444), np.int64(36725), np.int64(2863), np.int64(36041), np.int64(20650), np.int64(27228), np.int64(43484), np.int64(15264), np.int64(18198), np.int64(2165), np.int64(6748), np.int64(32958), np.int64(11785), np.int64(34324), np.int64(10043), np.int64(30828), np.int64(22294), np.int64(39296), np.int64(20319), np.int64(45565), np.int64(1650), np.int64(24113), np.int64(28539), np.int64(39693), np.int64(4207))","(0, 0, 1, 0, 0, 0, 0, 0, 0, 0, 0, 0, 0, 0, 0, 0, 0, 0, 0, 0, 0, 0, 0, 0, 0, 0, 0, 0, 0, 1, 0, 1, 0, 0, 0, 0, 0, 0, 0, 0, 0, 0, 0, 0, 0, 0, 0, 0, 0, 0, 0, 1, 0, 0, 0, 0, 0, 0, 0, 0, 0, 0, 0, 0, 0, 0, 0, 0, 0, 1)"
4.124448,60,170.910644,0,"(np.int64(18864), np.int64(14323), np.int64(36067), np.int64(1948), np.int64(14481), np.int64(1781), np.int64(9149), np.int64(27647), np.int64(33368), np.int64(8802), np.int64(6987), np.int64(36160), np.int64(14441), np.int64(35862), np.int64(15855), np.int64(21306), np.int64(45212), np.int64(46297), np.int64(35125), np.int64(43492), np.int64(43848), np.int64(43798), np.int64(14013), np.int64(29857), np.int64(46564), np.int64(12583), np.int64(42047), np.int64(17667), np.int64(37066), np.int64(29001), np.int64(21611), np.int64(45619), np.int64(39794), np.int64(27088), np.int64(7188), np.int64(39811), np.int64(18064), np.int64(47781), np.int64(44257), np.int64(12766), np.int64(32509), np.int64(41344), np.int64(23295), np.int64(36305), np.int64(9385), np.int64(30252), np.int64(34850), np.int64(20325), np.int64(13491), np.int64(8618), np.int64(21308), np.int64(35647), np.int64(44305), np.int64(6142), np.int64(45556), np.int64(12217), np.int64(5618), np.int64(30686), np.int64(43076), np.int64(3003))","(0, 0, 0, 0, 0, 1, 0, 0, 0, 0, 1, 0, 0, 0, 0, 0, 0, 0, 0, 0, 0, 0, 0, 0, 0, 0, 0, 0, 0, 0, 0, 0, 0, 0, 0, 0, 0, 0, 0, 1, 0, 0, 0, 0, 0, 0, 0, 0, 0, 0, 1, 0, 0, 0, 0, 0, 0, 0, 0, 1)"
5.449556,46,171.502735,0,"(np.int64(15263), np.int64(21206), np.int64(34691), np.int64(28989), np.int64(9275), np.int64(16086), np.int64(26572), np.int64(34891), np.int64(20), np.int64(42900), np.int64(33530), np.int64(20049), np.int64(20667), np.int64(31341), np.int64(5600), np.int64(17423), np.int64(10509), np.int64(2653), np.int64(36298), np.int64(14383), np.int64(34793), np.int64(35036), np.int64(32958), np.int64(41136), np.int64(22262), np.int64(33189), np.int64(20248), np.int64(261), np.int64(41624), np.int64(45939), np.int64(3689), np.int64(22814), np.int64(47427), np.int64(29480), np.int64(22970), np.int64(32272), np.int64(9087), np.int64(16102), np.int64(3209), np.int64(35129), np.int64(3616), np.int64(49552), np.int64(32110), np.int64(14880), np.int64(20841), np.int64(17548))","(1, 0, 0, 0, 0, 1, 0, 0, 1, 0, 0, 0, 0, 0, 0, 0, 0, 0, 0, 0, 0, 0, 0, 0, 0, 1, 1, 0, 0, 0, 0, 0, 0, 0, 0, 0, 0, 0, 1, 0, 0, 1, 0, 0, 0, 0)"
3.822771,57,172.215723,0,"(np.int64(4171), np.int64(22289), np.int64(16369), np.int64(21107), np.int64(21717), np.int64(18423), np.int64(27117), np.int64(27567), np.int64(21739), np.int64(13590), np.int64(27715), np.int64(13740), np.int64(31298), np.int64(48754), np.int64(2348), np.int64(15196), np.int64(12588), np.int64(19774), np.int64(21017), np.int64(31408), np.int64(33406), np.int64(33061), np.int64(5142), np.int64(37917), np.int64(37746), np.int64(49243), np.int64(26400), np.int64(2993), np.int64(26165), np.int64(7749), np.int64(41442), np.int64(5638), np.int64(14256), np.int64(15946), np.int64(37463), np.int64(13435), np.int64(28541), np.int64(21979), np.int64(46896), np.int64(46447), np.int64(34456), np.int64(14570), np.int64(48252), np.int64(6951), np.int64(44858), np.int64(6964), np.int64(31602), np.int64(40114), np.int64(49460), np.int64(937), np.int64(9936), np.int64(26235), np.int64(49006), np.int64(42555), np.int64(36862), np.int64(25082), np.int64(7814))","(0, 0, 1, 0, 0, 0, 0, 0, 0, 0, 0, 0, 0, 0, 0, 0, 0, 0, 0, 0, 0, 0, 0, 0, 0, 0, 0, 0, 1, 0, 0, 0, 0, 0, 0, 0, 0, 0, 0, 0, 0, 0, 0, 0, 0, 0, 0, 1, 0, 1, 0, 0, 0, 0, 0, 0, 1)"
4.25391,32,172.63321,0,"(np.int64(23383), np.int64(2547), np.int64(40786), np.int64(4142), np.int64(17701), np.int64(12456), np.int64(14491), np.int64(25515), np.int64(35924), np.int64(36298), np.int64(17851), np.int64(18901), np.int64(6067), np.int64(19846), np.int64(17104), np.int64(95), np.int64(32393), np.int64(21000), np.int64(19422), np.int64(6010), np.int64(12718), np.int64(23421), np.int64(36642), np.int64(4274), np.int64(15570), np.int64(17463), np.int64(4154), np.int64(36255), np.int64(18550), np.int64(5464), np.int64(14070), np.int64(38190))","(0, 0, 1, 0, 0, 0, 0, 0, 1, 0, 0, 1, 1, 0, 0, 1, 0, 0, 0, 0, 0, 0, 0, 0, 0, 0, 0, 0, 0, 0, 1, 0)"
3.836325,50,173.270562,0,"(np.int64(7147), np.int64(4809), np.int64(5739), np.int64(23688), np.int64(38300), np.int64(44975), np.int64(18602), np.int64(2311), np.int64(5528), np.int64(11171), np.int64(42227), np.int64(2444), np.int64(29723), np.int64(42269), np.int64(47712), np.int64(8660), np.int64(21966), np.int64(18635), np.int64(48036), np.int64(50020), np.int64(28997), np.int64(34343), np.int64(10099), np.int64(13547), np.int64(22534), np.int64(44849), np.int64(44297), np.int64(5675), np.int64(2186), np.int64(48474), np.int64(5684), np.int64(18770), np.int64(49341), np.int64(14587), np.int64(11058), np.int64(11444), np.int64(18287), np.int64(33068), np.int64(38241), np.int64(39494), np.int64(5704), np.int64(41064), np.int64(42273), np.int64(9166), np.int64(4513), np.int64(45219), np.int64(30175), np.int64(20886), np.int64(2717), np.int64(18245))","(0, 0, 0, 0, 0, 0, 0, 0, 1, 0, 0, 1, 0, 0, 0, 0, 0, 0, 0, 0, 0, 0, 0, 0, 0, 0, 0, 0, 1, 0, 0, 0, 0, 0, 0, 1, 0, 1, 0, 0, 0, 0, 0, 0, 0, 0, 0, 0, 0, 0)"
6.186792,50,173.923356,0,"(np.int64(13416), np.int64(4470), np.int64(7271), np.int64(45614), np.int64(49558), np.int64(13989), np.int64(18098), np.int64(35509), np.int64(47593), np.int64(3385), np.int64(5619), np.int64(26334), np.int64(16049), np.int64(29557), np.int64(36785), np.int64(45294), np.int64(8223), np.int64(48786), np.int64(44659), np.int64(39735), np.int64(41413), np.int64(42726), np.int64(23868), np.int64(6731), np.int64(35011), np.int64(6283), np.int64(11848), np.int64(2308), np.int64(32797), np.int64(33981), np.int64(6753), np.int64(6928), np.int64(34910), np.int64(47516), np.int64(18085), np.int64(2329), np.int64(48546), np.int64(35641), np.int64(20159), np.int64(12559), np.int64(35700), np.int64(20862), np.int64(48148), np.int64(39606), np.int64(13825), np.int64(15940), np.int64(33680), np.int64(23618), np.int64(11088), np.int64(48423))","(0, 1, 0, 0, 0, 0, 0, 0, 0, 0, 0, 1, 0, 0, 0, 0, 1, 0, 0, 0, 0, 0, 0, 0, 0, 0, 0, 1, 0, 0, 1, 0, 0, 0, 0, 0, 0, 0, 0, 1, 1, 1, 0, 0, 0, 0, 0, 0, 0, 0)"
3.608498,71,174.815409,0,"(np.int64(14580), np.int64(8086), np.int64(44626), np.int64(43950), np.int64(23576), np.int64(42748), np.int64(47525), np.int64(4911), np.int64(19609), np.int64(42785), np.int64(12674), np.int64(27117), np.int64(19306), np.int64(19135), np.int64(38018), np.int64(16714), np.int64(49210), np.int64(32876), np.int64(11640), np.int64(36504), np.int64(2783), np.int64(27671), np.int64(2302), np.int64(33561), np.int64(16535), np.int64(44773), np.int64(19478), np.int64(20289), np.int64(28360), np.int64(21920), np.int64(36067), np.int64(49355), np.int64(12053), np.int64(14959), np.int64(18773), np.int64(17656), np.int64(21850), np.int64(1080), np.int64(25611), np.int64(42294), np.int64(9845), np.int64(49353), np.int64(5763), np.int64(21770), np.int64(36866), np.int64(2607), np.int64(33242), np.int64(19669), np.int64(23678), np.int64(4896), np.int64(41666), np.int64(45170), np.int64(37414), np.int64(40137), np.int64(27689), np.int64(44286), np.int64(34701), np.int64(12300), np.int64(9130), np.int64(19982), np.int64(13789), np.int64(22937), np.int64(48344), np.int64(2371), np.int64(26669), np.int64(23589), np.int64(39336), np.int64(24509), np.int64(33784), np.int64(10599), np.int64(48919))","(0, 0, 0, 0, 0, 0, 0, 0, 0, 0, 0, 0, 0, 0, 0, 0, 1, 0, 0, 0, 0, 0, 0, 0, 0, 0, 0, 0, 0, 0, 0, 0, 0, 1, 0, 0, 0, 0, 1, 0, 0, 0, 0, 0, 0, 0, 0, 0, 0, 0, 0, 0, 0, 0, 0, 0, 0, 0, 0, 0, 0, 0, 0, 0, 0, 1, 0, 0, 0, 0, 1)"
3.937677,61,175.602794,0,"(np.int64(49587), np.int64(49939), np.int64(36951), np.int64(1925), np.int64(25617), np.int64(36182), np.int64(8029), np.int64(31956), np.int64(42021), np.int64(14541), np.int64(23276), np.int64(31447), np.int64(49038), np.int64(40728), np.int64(42752), np.int64(6409), np.int64(27096), np.int64(47867), np.int64(40525), np.int64(30285), np.int64(7452), np.int64(15635), np.int64(27402), np.int64(11622), np.int64(9729), np.int64(43694), np.int64(5092), np.int64(5993), np.int64(3676), np.int64(14265), np.int64(20146), np.int64(28773), np.int64(6081), np.int64(29152), np.int64(48647), np.int64(30939), np.int64(18583), np.int64(36560), np.int64(46259), np.int64(18358), np.int64(33843), np.int64(4897), np.int64(3372), np.int64(16127), np.int64(8733), np.int64(49596), np.int64(8610), np.int64(17300), np.int64(47109), np.int64(40372), np.int64(45353), np.int64(27753), np.int64(2058), np.int64(35549), np.int64(35584), np.int64(16410), np.int64(36661), np.int64(36620), np.int64(26176), np.int64(23892), np.int64(21540))","(0, 0, 0, 0, 0, 0, 0, 0, 0, 0, 0, 0, 0, 0, 0, 0, 0, 0, 0, 0, 0, 0, 0, 0, 0, 0, 0, 0, 0, 0, 1, 1, 1, 0, 0, 0, 0, 0, 0, 0, 0, 0, 0, 0, 1, 0, 0, 0, 0, 0, 0, 0, 0, 0, 0, 0, 0, 0, 0, 0, 1)"
3.709614,57,176.333733,0,"(np.int64(8858), np.int64(13804), np.int64(5638), np.int64(19231), np.int64(18369), np.int64(33499), np.int64(1426), np.int64(42981), np.int64(20060), np.int64(10342), np.int64(1555), np.int64(6541), np.int64(45019), np.int64(45143), np.int64(45329), np.int64(36336), np.int64(18347), np.int64(31666), np.int64(40683), np.int64(32113), np.int64(8490), np.int64(7427), np.int64(6209), np.int64(41301), np.int64(37697), np.int64(38649), np.int64(44009), np.int64(17511), np.int64(42590), np.int64(49062), np.int64(26782), np.int64(24908), np.int64(218), np.int64(2843), np.int64(46021), np.int64(26891), np.int64(10327), np.int64(24862), np.int64(47923), np.int64(15919), np.int64(3731), np.int64(47729), np.int64(30278), np.int64(2243), np.int64(49501), np.int64(48822), np.int64(5293), np.int64(21067), np.int64(9902), np.int64(35169), np.int64(47199), np.int64(1680), np.int64(3411), np.int64(25662), np.int64(28019), np.int64(21681), np.int64(28772))","(1, 0, 0, 0, 0, 0, 0, 1, 0, 0, 0, 0, 0, 0, 0, 1, 0, 0, 0, 0, 0, 0, 0, 0, 0, 0, 0, 0, 0, 0, 0, 0, 0, 0, 0, 0, 0, 0, 0, 0, 0, 0, 0, 0, 0, 0, 0, 0, 0, 0, 0, 0, 1, 0, 0, 0, 1)"
4.460529,44,176.904406,0,"(np.int64(46421), np.int64(20922), np.int64(2096), np.int64(29082), np.int64(16916), np.int64(44256), np.int64(14846), np.int64(43068), np.int64(11140), np.int64(29233), np.int64(27200), np.int64(44236), np.int64(7923), np.int64(26006), np.int64(46062), np.int64(26086), np.int64(11308), np.int64(9444), np.int64(23421), np.int64(24951), np.int64(7422), np.int64(2710), np.int64(11431), np.int64(7974), np.int64(28895), np.int64(43712), np.int64(8388), np.int64(2457), np.int64(45742), np.int64(48723), np.int64(20261), np.int64(48274), np.int64(18715), np.int64(9973), np.int64(17446), np.int64(38993), np.int64(49032), np.int64(37349), np.int64(33570), np.int64(31224), np.int64(34994), np.int64(35303), np.int64(1702), np.int64(26601))","(0, 0, 0, 0, 0, 0, 1, 0, 1, 0, 0, 0, 0, 0, 0, 1, 1, 0, 0, 0, 0, 0, 1, 0, 1, 0, 0, 0, 0, 0, 0, 0, 0, 0, 0, 0, 0, 0, 0, 0, 0, 0, 0, 0)"
3.682635,26,177.236928,0,"(np.int64(2796), np.int64(31713), np.int64(8933), np.int64(7449), np.int64(7898), np.int64(43792), np.int64(49314), np.int64(47799), np.int64(7306), np.int64(15648), np.int64(14387), np.int64(25998), np.int64(5390), np.int64(49179), np.int64(30146), np.int64(11032), np.int64(39800), np.int64(4873), np.int64(3089), np.int64(32903), np.int64(36609), np.int64(4944), np.int64(32451), np.int64(21556), np.int64(2119), np.int64(31720))","(0, 0, 0, 1, 0, 0, 0, 0, 0, 0, 0, 0, 0, 0, 0, 1, 1, 0, 0, 0, 0, 1, 0, 0, 0, 1)"
4.769938,50,177.877642,0,"(np.int64(6352), np.int64(15353), np.int64(35364), np.int64(1368), np.int64(48500), np.int64(46353), np.int64(38560), np.int64(36063), np.int64(46487), np.int64(3655), np.int64(32954), np.int64(32409), np.int64(31906), np.int64(18454), np.int64(15871), np.int64(38542), np.int64(15270), np.int64(16574), np.int64(49119), np.int64(17995), np.int64(9781), np.int64(11838), np.int64(24876), np.int64(22316), np.int64(26794), np.int64(7404), np.int64(46910), np.int64(7046), np.int64(43654), np.int64(29446), np.int64(38442), np.int64(40600), np.int64(24864), np.int64(18422), np.int64(27592), np.int64(6101), np.int64(705), np.int64(24491), np.int64(31925), np.int64(25262), np.int64(5310), np.int64(16380), np.int64(24462), np.int64(44046), np.int64(31684), np.int64(38264), np.int64(1000), np.int64(43630), np.int64(40592), np.int64(26133))","(0, 1, 0, 1, 0, 0, 0, 0, 0, 0, 0, 0, 0, 0, 0, 0, 1, 1, 0, 0, 0, 0, 0, 0, 0, 1, 0, 0, 0, 0, 0, 0, 0, 0, 0, 1, 0, 0, 0, 0, 0, 0, 0, 0, 0, 0, 0, 0, 0, 0)"
4.073889,50,178.519996,0,"(np.int64(22330), np.int64(33942), np.int64(49417), np.int64(42447), np.int64(41895), np.int64(23181), np.int64(23787), np.int64(2185), np.int64(33180), np.int64(47995), np.int64(26989), np.int64(19467), np.int64(4853), np.int64(15539), np.int64(19333), np.int64(29140), np.int64(40618), np.int64(7870), np.int64(21110), np.int64(28044), np.int64(11312), np.int64(43406), np.int64(14140), np.int64(44570), np.int64(18451), np.int64(14233), np.int64(10144), np.int64(12208), np.int64(13970), np.int64(19859), np.int64(20567), np.int64(26935), np.int64(30928), np.int64(31229), np.int64(45056), np.int64(42331), np.int64(27162), np.int64(32997), np.int64(43742), np.int64(35698), np.int64(8697), np.int64(27336), np.int64(36678), np.int64(31324), np.int64(28410), np.int64(27731), np.int64(37466), np.int64(7318), np.int64(12173), np.int64(24649))","(0, 0, 0, 0, 0, 0, 0, 1, 0, 0, 0, 0, 0, 0, 0, 1, 0, 0, 0, 0, 0, 0, 1, 0, 0, 0, 0, 0, 0, 0, 0, 0, 0, 0, 0, 0, 0, 0, 0, 1, 1, 0, 0, 0, 0, 0, 0, 0, 0, 0)"
3.634646,78,179.516583,0,"(np.int64(46387), np.int64(5174), np.int64(11), np.int64(49681), np.int64(19267), np.int64(13686), np.int64(34162), np.int64(34755), np.int64(30713), np.int64(34666), np.int64(6654), np.int64(5632), np.int64(36027), np.int64(30788), np.int64(10001), np.int64(22124), np.int64(17288), np.int64(11523), np.int64(580), np.int64(4571), np.int64(29086), np.int64(39761), np.int64(32696), np.int64(11393), np.int64(45592), np.int64(19309), np.int64(42411), np.int64(44984), np.int64(20605), np.int64(3305), np.int64(4801), np.int64(1599), np.int64(35467), np.int64(49374), np.int64(595), np.int64(8094), np.int64(16736), np.int64(21318), np.int64(5676), np.int64(49393), np.int64(27785), np.int64(34445), np.int64(34774), np.int64(1740), np.int64(31862), np.int64(40331), np.int64(41686), np.int64(37763), np.int64(3526), np.int64(15554), np.int64(19634), np.int64(35046), np.int64(10017), np.int64(36684), np.int64(16866), np.int64(24275), np.int64(1257), np.int64(17470), np.int64(11550), np.int64(26667), np.int64(27532), np.int64(38226), np.int64(43022), np.int64(38876), np.int64(9064), np.int64(28678), np.int64(28352), np.int64(17839), np.int64(43876), np.int64(49011), np.int64(35361), np.int64(43886), np.int64(18767), np.int64(19063), np.int64(2408), np.int64(49418), np.int64(41517), np.int64(4510))","(0, 0, 0, 0, 1, 0, 0, 0, 0, 0, 0, 0, 0, 0, 0, 0, 0, 0, 0, 0, 0, 0, 0, 0, 0, 0, 0, 0, 0, 0, 0, 0, 0, 0, 0, 0, 0, 0, 0, 0, 0, 0, 0, 0, 0, 0, 1, 0, 0, 0, 0, 0, 0, 0, 0, 0, 0, 0, 1, 0, 0, 0, 0, 1, 0, 0, 0, 0, 0, 0, 0, 0, 0, 0, 0, 0, 0, 1)"
3.701771,87,180.638724,0,"(np.int64(37029), np.int64(20794), np.int64(35544), np.int64(17526), np.int64(24186), np.int64(19212), np.int64(27849), np.int64(49433), np.int64(25253), np.int64(30143), np.int64(17006), np.int64(23578), np.int64(18206), np.int64(22160), np.int64(26948), np.int64(38800), np.int64(10295), np.int64(11593), np.int64(35480), np.int64(5398), np.int64(32948), np.int64(40723), np.int64(44771), np.int64(30853), np.int64(34342), np.int64(12258), np.int64(49639), np.int64(32531), np.int64(35167), np.int64(31347), np.int64(28465), np.int64(8746), np.int64(34988), np.int64(13631), np.int64(27258), np.int64(48210), np.int64(3917), np.int64(11324), np.int64(4375), np.int64(37072), np.int64(21624), np.int64(16221), np.int64(12950), np.int64(23580), np.int64(9162), np.int64(1502), np.int64(33389), np.int64(13326), np.int64(43429), np.int64(47020), np.int64(41595), np.int64(32485), np.int64(23943), np.int64(27884), np.int64(48421), np.int64(43145), np.int64(46960), np.int64(46089), np.int64(22784), np.int64(6031), np.int64(42458), np.int64(17427), np.int64(44546), np.int64(21936), np.int64(24151), np.int64(28929), np.int64(11200), np.int64(41918), np.int64(15847), np.int64(49786), np.int64(764), np.int64(42892), np.int64(6334), np.int64(9416), np.int64(4844), np.int64(9729), np.int64(18723), np.int64(13107), np.int64(37528), np.int64(42114), np.int64(47004), np.int64(38810), np.int64(17414), np.int64(27850), np.int64(49845), np.int64(31617), np.int64(13814))","(0, 0, 0, 0, 1, 0, 0, 0, 0, 0, 0, 1, 1, 0, 0, 0, 0, 0, 0, 0, 0, 0, 0, 0, 0, 0, 0, 0, 0, 0, 0, 1, 0, 0, 0, 0, 0, 0, 0, 0, 0, 0, 0, 0, 0, 0, 0, 0, 0, 0, 0, 0, 0, 0, 0, 0, 0, 0, 0, 0, 0, 0, 0, 0, 0, 0, 0, 0, 0, 0, 0, 0, 0, 0, 0, 0, 0, 0, 0, 0, 0, 0, 0, 0, 0, 0, 1)"
3.793627,54,181.341648,0,"(np.int64(40171), np.int64(35073), np.int64(24908), np.int64(16479), np.int64(21197), np.int64(10551), np.int64(14961), np.int64(26553), np.int64(12671), np.int64(39289), np.int64(26113), np.int64(4241), np.int64(36303), np.int64(3821), np.int64(1742), np.int64(28984), np.int64(48179), np.int64(11022), np.int64(27396), np.int64(47843), np.int64(35790), np.int64(48527), np.int64(12481), np.int64(4147), np.int64(204), np.int64(35752), np.int64(42838), np.int64(35863), np.int64(21567), np.int64(19803), np.int64(2984), np.int64(20770), np.int64(46715), np.int64(15420), np.int64(46663), np.int64(46843), np.int64(37614), np.int64(26817), np.int64(39428), np.int64(19847), np.int64(22128), np.int64(13845), np.int64(34098), np.int64(23786), np.int64(14079), np.int64(34040), np.int64(36653), np.int64(1036), np.int64(15694), np.int64(12110), np.int64(42992), np.int64(43225), np.int64(36331), np.int64(49232))","(0, 0, 0, 0, 0, 0, 0, 0, 0, 0, 1, 1, 0, 0, 0, 0, 0, 0, 1, 0, 1, 0, 0, 0, 0, 0, 0, 0, 0, 0, 0, 0, 0, 0, 0, 0, 0, 0, 0, 0, 0, 0, 0, 0, 0, 0, 0, 0, 0, 0, 0, 0, 0, 1)"
3.890751,50,181.972508,0,"(np.int64(49907), np.int64(48473), np.int64(3821), np.int64(39760), np.int64(22435), np.int64(43770), np.int64(20722), np.int64(37728), np.int64(40755), np.int64(29039), np.int64(7600), np.int64(3733), np.int64(30088), np.int64(14471), np.int64(29031), np.int64(19911), np.int64(43742), np.int64(19396), np.int64(11210), np.int64(5127), np.int64(10873), np.int64(15616), np.int64(47196), np.int64(48258), np.int64(32630), np.int64(10326), np.int64(29765), np.int64(46203), np.int64(1512), np.int64(15417), np.int64(43094), np.int64(6545), np.int64(25558), np.int64(18960), np.int64(27174), np.int64(11558), np.int64(46534), np.int64(26457), np.int64(2705), np.int64(36470), np.int64(45594), np.int64(30201), np.int64(17875), np.int64(47118), np.int64(3148), np.int64(10300), np.int64(3036), np.int64(33411), np.int64(19660), np.int64(530))","(0, 0, 0, 0, 0, 0, 0, 0, 0, 0, 0, 0, 0, 1, 0, 0, 0, 0, 0, 0, 0, 1, 0, 0, 0, 0, 0, 0, 0, 0, 0, 0, 0, 0, 1, 1, 0, 0, 0, 0, 0, 0, 0, 0, 0, 0, 1, 0, 0, 0)"
3.778513,55,182.664438,0,"(np.int64(6397), np.int64(8770), np.int64(11251), np.int64(27765), np.int64(31861), np.int64(9470), np.int64(6601), np.int64(41500), np.int64(24263), np.int64(31862), np.int64(3448), np.int64(4410), np.int64(24628), np.int64(32605), np.int64(39314), np.int64(37470), np.int64(30890), np.int64(25524), np.int64(40638), np.int64(43699), np.int64(25652), np.int64(39241), np.int64(21577), np.int64(11122), np.int64(46876), np.int64(43299), np.int64(5669), np.int64(8832), np.int64(33198), np.int64(28964), np.int64(44422), np.int64(38862), np.int64(42037), np.int64(22540), np.int64(34126), np.int64(37692), np.int64(7055), np.int64(8460), np.int64(20539), np.int64(26482), np.int64(24054), np.int64(6570), np.int64(3714), np.int64(10417), np.int64(28471), np.int64(45953), np.int64(4799), np.int64(24438), np.int64(33476), np.int64(44003), np.int64(23347), np.int64(31382), np.int64(42816), np.int64(38564), np.int64(13861))","(0, 0, 0, 0, 0, 0, 1, 0, 0, 0, 0, 1, 0, 0, 0, 0, 0, 0, 0, 0, 0, 0, 0, 0, 1, 0, 0, 1, 0, 0, 0, 0, 0, 0, 0, 0, 0, 0, 0, 0, 0, 0, 0, 0, 0, 0, 0, 0, 0, 0, 0, 0, 0, 0, 1)"
3.712384,50,183.3081,0,"(np.int64(6588), np.int64(9426), np.int64(26331), np.int64(23324), np.int64(6085), np.int64(4321), np.int64(436), np.int64(18467), np.int64(20988), np.int64(40234), np.int64(12571), np.int64(5592), np.int64(33701), np.int64(20816), np.int64(44124), np.int64(44878), np.int64(41721), np.int64(10834), np.int64(29603), np.int64(31188), np.int64(31194), np.int64(23991), np.int64(10190), np.int64(19043), np.int64(17372), np.int64(11107), np.int64(42277), np.int64(14570), np.int64(5088), np.int64(49230), np.int64(1220), np.int64(46325), np.int64(22250), np.int64(735), np.int64(3493), np.int64(15914), np.int64(38478), np.int64(42694), np.int64(27912), np.int64(16407), np.int64(6562), np.int64(26639), np.int64(15220), np.int64(1161), np.int64(5299), np.int64(16201), np.int64(25171), np.int64(33419), np.int64(24333), np.int64(8722))","(0, 0, 0, 0, 0, 0, 1, 0, 0, 0, 1, 0, 0, 0, 0, 0, 0, 0, 1, 0, 0, 0, 1, 0, 0, 0, 0, 0, 0, 0, 0, 0, 0, 0, 0, 0, 0, 0, 0, 0, 0, 1, 0, 0, 0, 0, 0, 0, 0, 0)"
3.713432,50,183.953132,0,"(np.int64(7495), np.int64(44687), np.int64(12279), np.int64(21514), np.int64(27745), np.int64(46789), np.int64(37333), np.int64(39089), np.int64(25193), np.int64(13310), np.int64(5517), np.int64(26564), np.int64(28110), np.int64(10545), np.int64(10054), np.int64(19392), np.int64(768), np.int64(31056), np.int64(42316), np.int64(18933), np.int64(24115), np.int64(49157), np.int64(6708), np.int64(45127), np.int64(25581), np.int64(20325), np.int64(33347), np.int64(774), np.int64(43142), np.int64(11444), np.int64(41668), np.int64(44103), np.int64(21844), np.int64(25064), np.int64(42614), np.int64(1041), np.int64(107), np.int64(31493), np.int64(5228), np.int64(41987), np.int64(7483), np.int64(12594), np.int64(36646), np.int64(20498), np.int64(26122), np.int64(23969), np.int64(21204), np.int64(9000), np.int64(29360), np.int64(47222))","(0, 0, 0, 0, 0, 0, 0, 0, 1, 0, 0, 0, 0, 0, 0, 0, 0, 0, 0, 0, 0, 0, 0, 0, 1, 0, 0, 1, 0, 1, 0, 0, 0, 0, 0, 0, 0, 0, 0, 0, 0, 0, 0, 0, 0, 0, 0, 1, 0, 0)"
3.737715,50,184.594053,0,"(np.int64(32317), np.int64(47198), np.int64(27609), np.int64(39449), np.int64(28950), np.int64(43077), np.int64(15449), np.int64(48607), np.int64(18198), np.int64(259), np.int64(43525), np.int64(47856), np.int64(49951), np.int64(17147), np.int64(37598), np.int64(33267), np.int64(31102), np.int64(46649), np.int64(1216), np.int64(14550), np.int64(9761), np.int64(43096), np.int64(28851), np.int64(11600), np.int64(27529), np.int64(29464), np.int64(50024), np.int64(40866), np.int64(6087), np.int64(11378), np.int64(37723), np.int64(52), np.int64(31953), np.int64(34302), np.int64(14707), np.int64(28156), np.int64(12756), np.int64(12648), np.int64(35645), np.int64(29412), np.int64(20991), np.int64(15701), np.int64(46700), np.int64(38422), np.int64(18446), np.int64(39321), np.int64(14836), np.int64(31282), np.int64(10380), np.int64(14860))","(0, 0, 0, 0, 0, 0, 0, 0, 0, 0, 0, 0, 0, 0, 0, 0, 0, 0, 0, 0, 0, 0, 1, 0, 0, 0, 0, 0, 0, 0, 1, 0, 0, 0, 1, 0, 0, 1, 0, 0, 0, 0, 0, 0, 0, 1, 0, 0, 0, 0)"
4.284747,30,184.967,0,"(np.int64(26308), np.int64(26602), np.int64(23780), np.int64(19895), np.int64(30782), np.int64(23514), np.int64(26841), np.int64(46691), np.int64(7060), np.int64(33501), np.int64(18296), np.int64(50004), np.int64(47058), np.int64(32057), np.int64(26743), np.int64(19981), np.int64(34509), np.int64(36841), np.int64(24199), np.int64(49575), np.int64(15204), np.int64(47157), np.int64(7063), np.int64(26496), np.int64(49350), np.int64(42099), np.int64(19282), np.int64(14846), np.int64(38432), np.int64(3184))","(0, 0, 0, 1, 0, 0, 0, 0, 0, 0, 0, 0, 1, 0, 0, 1, 0, 1, 0, 0, 1, 0, 0, 0, 0, 0, 0, 1, 0, 0)"
4.525837,50,185.604482,0,"(np.int64(49642), np.int64(25658), np.int64(4275), np.int64(46186), np.int64(3553), np.int64(293), np.int64(20121), np.int64(32798), np.int64(49451), np.int64(15037), np.int64(5827), np.int64(26289), np.int64(3570), np.int64(18482), np.int64(12153), np.int64(3507), np.int64(19609), np.int64(23735), np.int64(37919), np.int64(16185), np.int64(17575), np.int64(33505), np.int64(40113), np.int64(13834), np.int64(267), np.int64(13595), np.int64(29822), np.int64(1368), np.int64(10559), np.int64(16758), np.int64(7917), np.int64(13714), np.int64(13320), np.int64(3466), np.int64(8363), np.int64(17939), np.int64(7163), np.int64(17290), np.int64(46055), np.int64(25144), np.int64(43252), np.int64(34222), np.int64(49059), np.int64(10583), np.int64(6868), np.int64(25829), np.int64(30983), np.int64(15047), np.int64(31275), np.int64(18862))","(0, 1, 0, 0, 0, 1, 0, 0, 0, 0, 0, 0, 0, 0, 1, 0, 0, 0, 0, 0, 0, 0, 0, 1, 0, 0, 0, 1, 0, 0, 0, 0, 0, 0, 0, 0, 0, 0, 0, 0, 0, 0, 0, 0, 0, 0, 1, 0, 0, 0)"
5.607842,50,186.243739,0,"(np.int64(32151), np.int64(14568), np.int64(44872), np.int64(20115), np.int64(33315), np.int64(28706), np.int64(48384), np.int64(18044), np.int64(40780), np.int64(1497), np.int64(10534), np.int64(14593), np.int64(5143), np.int64(10459), np.int64(37745), np.int64(47414), np.int64(20093), np.int64(3949), np.int64(43364), np.int64(11186), np.int64(30620), np.int64(5649), np.int64(25031), np.int64(22326), np.int64(14151), np.int64(41833), np.int64(26339), np.int64(4105), np.int64(18427), np.int64(28483), np.int64(29356), np.int64(47821), np.int64(22354), np.int64(27340), np.int64(5493), np.int64(19299), np.int64(5704), np.int64(19030), np.int64(2545), np.int64(757), np.int64(42662), np.int64(31812), np.int64(13470), np.int64(12248), np.int64(11001), np.int64(16559), np.int64(12488), np.int64(33111), np.int64(19287), np.int64(33240))","(1, 0, 0, 1, 0, 0, 0, 0, 0, 0, 0, 0, 0, 0, 0, 0, 1, 1, 0, 0, 0, 0, 1, 0, 0, 0, 0, 0, 1, 0, 0, 0, 0, 0, 0, 0, 0, 0, 0, 0, 0, 0, 0, 0, 0, 0, 0, 0, 1, 0)"
4.559438,45,186.83257,0,"(np.int64(18293), np.int64(10018), np.int64(8363), np.int64(46276), np.int64(42772), np.int64(47946), np.int64(35983), np.int64(40626), np.int64(32807), np.int64(13026), np.int64(25165), np.int64(43099), np.int64(23810), np.int64(3658), np.int64(16993), np.int64(43473), np.int64(25980), np.int64(1077), np.int64(31405), np.int64(40599), np.int64(22225), np.int64(1480), np.int64(34997), np.int64(933), np.int64(41217), np.int64(49883), np.int64(4794), np.int64(45505), np.int64(43841), np.int64(43630), np.int64(44048), np.int64(19851), np.int64(26628), np.int64(10617), np.int64(18847), np.int64(44000), np.int64(20072), np.int64(5863), np.int64(22774), np.int64(20618), np.int64(20918), np.int64(37091), np.int64(22981), np.int64(32233), np.int64(26963))","(1, 0, 0, 0, 0, 0, 0, 0, 0, 0, 1, 0, 1, 1, 0, 0, 0, 0, 0, 0, 0, 0, 0, 0, 0, 0, 0, 0, 0, 0, 0, 0, 0, 0, 0, 0, 1, 0, 0, 0, 0, 0, 0, 0, 1)"
3.777131,58,187.586301,0,"(np.int64(3403), np.int64(4538), np.int64(22065), np.int64(48415), np.int64(21297), np.int64(30308), np.int64(29367), np.int64(38001), np.int64(34506), np.int64(30874), np.int64(26790), np.int64(7034), np.int64(32884), np.int64(36267), np.int64(42571), np.int64(45884), np.int64(46396), np.int64(20973), np.int64(37286), np.int64(3539), np.int64(38035), np.int64(11426), np.int64(11015), np.int64(29636), np.int64(41807), np.int64(40147), np.int64(47961), np.int64(418), np.int64(1357), np.int64(31523), np.int64(27808), np.int64(35890), np.int64(10006), np.int64(13831), np.int64(1291), np.int64(10692), np.int64(40864), np.int64(39317), np.int64(44303), np.int64(47225), np.int64(3867), np.int64(22614), np.int64(741), np.int64(30810), np.int64(4121), np.int64(41001), np.int64(8414), np.int64(25322), np.int64(36104), np.int64(18898), np.int64(16127), np.int64(6870), np.int64(28010), np.int64(42168), np.int64(18138), np.int64(45051), np.int64(43945), np.int64(13097))","(0, 0, 0, 0, 1, 0, 0, 0, 0, 0, 0, 0, 0, 0, 0, 0, 0, 0, 0, 0, 0, 0, 0, 0, 0, 0, 0, 0, 1, 0, 0, 0, 0, 0, 0, 0, 0, 0, 0, 0, 0, 0, 0, 0, 0, 0, 0, 0, 0, 0, 0, 1, 0, 1, 0, 0, 0, 1)"
5.970089,50,188.216704,0,"(np.int64(29003), np.int64(24256), np.int64(23656), np.int64(25203), np.int64(44153), np.int64(31071), np.int64(28046), np.int64(10951), np.int64(11744), np.int64(8918), np.int64(29355), np.int64(26259), np.int64(5848), np.int64(9062), np.int64(44700), np.int64(48452), np.int64(5249), np.int64(21996), np.int64(33945), np.int64(44033), np.int64(34256), np.int64(32316), np.int64(3658), np.int64(39765), np.int64(29903), np.int64(13447), np.int64(24894), np.int64(17371), np.int64(34000), np.int64(5696), np.int64(46061), np.int64(46833), np.int64(8119), np.int64(41428), np.int64(34015), np.int64(26982), np.int64(16106), np.int64(12620), np.int64(19259), np.int64(31585), np.int64(40791), np.int64(43022), np.int64(24447), np.int64(27962), np.int64(16930), np.int64(711), np.int64(13653), np.int64(18417), np.int64(19917), np.int64(3129))","(0, 0, 0, 0, 0, 1, 0, 0, 0, 1, 1, 0, 0, 0, 0, 0, 0, 0, 1, 0, 0, 0, 1, 0, 0, 0, 0, 0, 0, 1, 0, 0, 0, 1, 0, 0, 0, 0, 0, 0, 0, 0, 0, 0, 1, 0, 0, 0, 0, 0)"
3.848283,61,188.989111,0,"(np.int64(38137), np.int64(17823), np.int64(48909), np.int64(26884), np.int64(19338), np.int64(1700), np.int64(49279), np.int64(48865), np.int64(10565), np.int64(49330), np.int64(1777), np.int64(49849), np.int64(2021), np.int64(11728), np.int64(12858), np.int64(36149), np.int64(1983), np.int64(40277), np.int64(32372), np.int64(35053), np.int64(26065), np.int64(18982), np.int64(20491), np.int64(27271), np.int64(4037), np.int64(43817), np.int64(36596), np.int64(46481), np.int64(21831), np.int64(44108), np.int64(35741), np.int64(15766), np.int64(8198), np.int64(29975), np.int64(32402), np.int64(17973), np.int64(33557), np.int64(29200), np.int64(40842), np.int64(2671), np.int64(25108), np.int64(49259), np.int64(32612), np.int64(11668), np.int64(7483), np.int64(9579), np.int64(48904), np.int64(13912), np.int64(12861), np.int64(35678), np.int64(16703), np.int64(33038), np.int64(31965), np.int64(39998), np.int64(40189), np.int64(47873), np.int64(31715), np.int64(4327), np.int64(27197), np.int64(40949), np.int64(8476))","(0, 0, 0, 0, 0, 0, 0, 0, 0, 0, 0, 0, 0, 0, 0, 0, 0, 0, 0, 0, 1, 0, 0, 1, 0, 0, 0, 0, 1, 0, 0, 0, 0, 0, 0, 0, 0, 0, 0, 0, 0, 0, 0, 1, 0, 0, 0, 0, 0, 0, 0, 0, 0, 0, 0, 0, 0, 0, 0, 0, 1)"
5.576199,39,189.503135,0,"(np.int64(16893), np.int64(27039), np.int64(15656), np.int64(33266), np.int64(72), np.int64(33227), np.int64(20006), np.int64(34842), np.int64(20027), np.int64(29929), np.int64(10678), np.int64(36103), np.int64(22189), np.int64(40256), np.int64(34477), np.int64(14475), np.int64(40814), np.int64(23917), np.int64(4853), np.int64(23211), np.int64(1684), np.int64(48992), np.int64(36154), np.int64(20738), np.int64(29688), np.int64(30257), np.int64(11050), np.int64(6988), np.int64(7589), np.int64(12879), np.int64(41703), np.int64(11783), np.int64(11110), np.int64(18096), np.int64(20550), np.int64(2011), np.int64(31108), np.int64(18138), np.int64(4744))","(1, 0, 0, 0, 1, 0, 0, 0, 0, 0, 0, 0, 1, 0, 0, 0, 0, 1, 0, 0, 0, 0, 0, 0, 0, 0, 0, 0, 0, 0, 0, 1, 0, 0, 0, 1, 0, 0, 1)"
3.832113,64,190.307621,0,"(np.int64(2768), np.int64(12435), np.int64(31826), np.int64(30888), np.int64(29126), np.int64(13635), np.int64(3065), np.int64(42208), np.int64(38520), np.int64(16793), np.int64(28355), np.int64(36827), np.int64(4019), np.int64(4414), np.int64(16771), np.int64(38621), np.int64(41096), np.int64(22294), np.int64(10737), np.int64(21768), np.int64(22192), np.int64(2008), np.int64(10142), np.int64(5857), np.int64(34010), np.int64(9462), np.int64(23902), np.int64(39177), np.int64(6065), np.int64(14577), np.int64(29801), np.int64(19020), np.int64(10053), np.int64(23288), np.int64(34843), np.int64(25284), np.int64(30411), np.int64(43417), np.int64(1598), np.int64(16015), np.int64(26022), np.int64(39009), np.int64(10154), np.int64(19636), np.int64(24179), np.int64(13863), np.int64(43546), np.int64(4418), np.int64(38025), np.int64(615), np.int64(39429), np.int64(38058), np.int64(41759), np.int64(25579), np.int64(7073), np.int64(16754), np.int64(30918), np.int64(49348), np.int64(15906), np.int64(32321), np.int64(16466), np.int64(22653), np.int64(36440), np.int64(21728))","(0, 0, 0, 0, 0, 0, 0, 0, 0, 0, 0, 0, 0, 1, 0, 0, 0, 0, 0, 0, 0, 0, 0, 0, 0, 0, 0, 0, 0, 0, 0, 0, 0, 0, 0, 0, 0, 0, 0, 1, 0, 0, 0, 0, 0, 0, 0, 0, 0, 1, 0, 0, 0, 0, 0, 0, 0, 0, 0, 0, 0, 0, 1, 1)"
4.479704,50,190.937251,0,"(np.int64(35301), np.int64(49936), np.int64(31410), np.int64(1028), np.int64(21647), np.int64(33783), np.int64(44370), np.int64(14806), np.int64(25578), np.int64(38759), np.int64(24153), np.int64(40181), np.int64(15777), np.int64(29427), np.int64(46675), np.int64(11165), np.int64(49666), np.int64(25995), np.int64(38121), np.int64(11936), np.int64(19530), np.int64(12037), np.int64(46971), np.int64(1739), np.int64(27964), np.int64(1338), np.int64(11603), np.int64(20862), np.int64(2791), np.int64(23655), np.int64(44473), np.int64(48408), np.int64(29762), np.int64(36716), np.int64(6405), np.int64(13502), np.int64(19354), np.int64(41624), np.int64(26626), np.int64(41720), np.int64(36785), np.int64(29345), np.int64(2054), np.int64(27165), np.int64(11963), np.int64(39868), np.int64(3458), np.int64(6055), np.int64(22545), np.int64(18549))","(0, 0, 0, 1, 0, 1, 0, 0, 0, 0, 0, 0, 0, 0, 0, 0, 0, 0, 0, 0, 0, 0, 0, 0, 0, 0, 0, 1, 0, 0, 0, 0, 0, 0, 0, 0, 0, 0, 0, 1, 0, 1, 1, 0, 0, 0, 0, 0, 0, 0)"
3.911167,50,191.569093,0,"(np.int64(30871), np.int64(13387), np.int64(2327), np.int64(5354), np.int64(28512), np.int64(1552), np.int64(34679), np.int64(25512), np.int64(28955), np.int64(27023), np.int64(14385), np.int64(19866), np.int64(30350), np.int64(25646), np.int64(9725), np.int64(46238), np.int64(23324), np.int64(45533), np.int64(26564), np.int64(11839), np.int64(11404), np.int64(30786), np.int64(20105), np.int64(38170), np.int64(29245), np.int64(26305), np.int64(32974), np.int64(40316), np.int64(6455), np.int64(7654), np.int64(2178), np.int64(35657), np.int64(45366), np.int64(27697), np.int64(37150), np.int64(5682), np.int64(21575), np.int64(14487), np.int64(43522), np.int64(39961), np.int64(25645), np.int64(49532), np.int64(22564), np.int64(7213), np.int64(41391), np.int64(34138), np.int64(35609), np.int64(11380), np.int64(10863), np.int64(42610))","(0, 0, 1, 1, 0, 0, 0, 1, 0, 0, 0, 0, 0, 0, 0, 0, 0, 0, 0, 0, 0, 0, 0, 0, 1, 0, 0, 0, 0, 0, 0, 0, 0, 0, 0, 0, 0, 0, 0, 0, 0, 0, 0, 0, 0, 0, 0, 1, 0, 0)"
4.855146,50,192.385454,0,"(np.int64(29847), np.int64(46382), np.int64(33170), np.int64(13274), np.int64(16899), np.int64(43056), np.int64(39975), np.int64(18055), np.int64(2820), np.int64(40493), np.int64(34330), np.int64(33200), np.int64(1180), np.int64(3882), np.int64(23211), np.int64(31246), np.int64(28532), np.int64(27733), np.int64(16942), np.int64(6027), np.int64(28429), np.int64(27577), np.int64(25874), np.int64(8546), np.int64(8690), np.int64(12739), np.int64(40782), np.int64(42922), np.int64(32795), np.int64(20956), np.int64(13741), np.int64(11096), np.int64(20664), np.int64(30300), np.int64(42949), np.int64(19704), np.int64(4400), np.int64(33460), np.int64(4675), np.int64(33079), np.int64(44147), np.int64(49973), np.int64(45490), np.int64(31015), np.int64(26059), np.int64(21627), np.int64(32623), np.int64(9370), np.int64(7103), np.int64(24450))","(0, 0, 0, 0, 0, 0, 0, 0, 0, 0, 0, 0, 0, 1, 0, 1, 0, 0, 0, 0, 0, 0, 0, 1, 0, 1, 0, 0, 0, 0, 0, 1, 0, 0, 0, 0, 0, 0, 0, 0, 0, 0, 0, 0, 0, 0, 0, 0, 0, 1)"
3.920861,43,193.164514,0,"(np.int64(32136), np.int64(37602), np.int64(3686), np.int64(36899), np.int64(13362), np.int64(38971), np.int64(48638), np.int64(18325), np.int64(46750), np.int64(38820), np.int64(1153), np.int64(16748), np.int64(3762), np.int64(5159), np.int64(18342), np.int64(16480), np.int64(33978), np.int64(33940), np.int64(25805), np.int64(41169), np.int64(3185), np.int64(10228), np.int64(31900), np.int64(15827), np.int64(3781), np.int64(47627), np.int64(18865), np.int64(14653), np.int64(44823), np.int64(5125), np.int64(12941), np.int64(6252), np.int64(32684), np.int64(8557), np.int64(34318), np.int64(36023), np.int64(48052), np.int64(10219), np.int64(16660), np.int64(47109), np.int64(44130), np.int64(44704), np.int64(22826))","(1, 0, 0, 0, 1, 0, 0, 0, 0, 0, 0, 1, 0, 0, 0, 0, 0, 0, 0, 0, 0, 1, 0, 0, 0, 0, 0, 0, 0, 1, 0, 0, 0, 0, 0, 0, 0, 0, 0, 0, 0, 0, 0)"
4.673281,50,193.947521,0,"(np.int64(3219), np.int64(8667), np.int64(49143), np.int64(44764), np.int64(1667), np.int64(38343), np.int64(6446), np.int64(12799), np.int64(40060), np.int64(43595), np.int64(44306), np.int64(5880), np.int64(40269), np.int64(27396), np.int64(40893), np.int64(2911), np.int64(20441), np.int64(23293), np.int64(48366), np.int64(2262), np.int64(8495), np.int64(31792), np.int64(20626), np.int64(21319), np.int64(43668), np.int64(13712), np.int64(35531), np.int64(44112), np.int64(16793), np.int64(34071), np.int64(25494), np.int64(9600), np.int64(45235), np.int64(25453), np.int64(37761), np.int64(28213), np.int64(19213), np.int64(34931), np.int64(15119), np.int64(12877), np.int64(7179), np.int64(24209), np.int64(31866), np.int64(24123), np.int64(36023), np.int64(17468), np.int64(12447), np.int64(18863), np.int64(46561), np.int64(41501))","(0, 0, 0, 0, 0, 0, 0, 1, 0, 0, 0, 0, 0, 1, 0, 0, 0, 0, 0, 0, 0, 1, 1, 0, 0, 0, 0, 0, 0, 0, 0, 0, 0, 0, 1, 0, 1, 0, 0, 0, 0, 0, 0, 0, 0, 0, 0, 0, 0, 0)"
4.825905,49,194.856771,0,"(np.int64(32562), np.int64(23687), np.int64(21617), np.int64(32627), np.int64(41114), np.int64(48655), np.int64(10810), np.int64(25447), np.int64(32208), np.int64(32726), np.int64(28980), np.int64(45726), np.int64(46028), np.int64(22225), np.int64(41312), np.int64(49520), np.int64(21015), np.int64(47026), np.int64(21292), np.int64(6732), np.int64(43233), np.int64(833), np.int64(17958), np.int64(41515), np.int64(49527), np.int64(41160), np.int64(35703), np.int64(44000), np.int64(44652), np.int64(1402), np.int64(34709), np.int64(48063), np.int64(27320), np.int64(33768), np.int64(45118), np.int64(5673), np.int64(30550), np.int64(41668), np.int64(18956), np.int64(20015), np.int64(19110), np.int64(31974), np.int64(13830), np.int64(8861), np.int64(31266), np.int64(3444), np.int64(36218), np.int64(563), np.int64(789))","(0, 0, 0, 0, 1, 1, 0, 0, 0, 0, 0, 0, 1, 0, 1, 0, 0, 0, 0, 0, 0, 1, 0, 0, 0, 0, 0, 0, 0, 0, 0, 0, 0, 0, 0, 1, 0, 0, 0, 0, 0, 0, 0, 0, 0, 0, 0, 1, 0)"
3.705301,48,195.626748,0,"(np.int64(1464), np.int64(48348), np.int64(21301), np.int64(33343), np.int64(43873), np.int64(36620), np.int64(43845), np.int64(28107), np.int64(23086), np.int64(25416), np.int64(25128), np.int64(13983), np.int64(13180), np.int64(40524), np.int64(8921), np.int64(10411), np.int64(37165), np.int64(34914), np.int64(35365), np.int64(33379), np.int64(11862), np.int64(32341), np.int64(15239), np.int64(8308), np.int64(28228), np.int64(5091), np.int64(18379), np.int64(41120), np.int64(33332), np.int64(38010), np.int64(35257), np.int64(46280), np.int64(31579), np.int64(14246), np.int64(16408), np.int64(19237), np.int64(10623), np.int64(7749), np.int64(7519), np.int64(28036), np.int64(34104), np.int64(21806), np.int64(662), np.int64(41067), np.int64(18735), np.int64(37298), np.int64(33345), np.int64(15490))","(0, 1, 0, 0, 0, 0, 0, 0, 0, 0, 1, 0, 0, 0, 0, 0, 0, 0, 0, 0, 0, 0, 1, 1, 0, 0, 0, 0, 0, 0, 0, 0, 0, 0, 0, 0, 1, 0, 0, 0, 0, 0, 0, 0, 0, 0, 0, 0)"
3.677029,42,196.318889,0,"(np.int64(26047), np.int64(47405), np.int64(2352), np.int64(20279), np.int64(10808), np.int64(8249), np.int64(4213), np.int64(15006), np.int64(6073), np.int64(19763), np.int64(22036), np.int64(8415), np.int64(10120), np.int64(34215), np.int64(33529), np.int64(14748), np.int64(8349), np.int64(951), np.int64(36060), np.int64(30240), np.int64(17940), np.int64(26567), np.int64(33587), np.int64(8205), np.int64(42354), np.int64(37340), np.int64(45697), np.int64(26663), np.int64(41859), np.int64(11192), np.int64(7266), np.int64(39393), np.int64(23232), np.int64(11410), np.int64(23860), np.int64(35544), np.int64(26430), np.int64(3992), np.int64(23519), np.int64(29580), np.int64(10771), np.int64(41548))","(0, 0, 0, 1, 0, 0, 0, 1, 0, 0, 0, 1, 1, 0, 0, 0, 0, 0, 0, 0, 0, 0, 0, 0, 0, 0, 0, 0, 0, 0, 0, 0, 0, 0, 0, 0, 1, 0, 0, 0, 0, 0)"
4.628643,50,197.131085,0,"(np.int64(31554), np.int64(16969), np.int64(14603), np.int64(35928), np.int64(37183), np.int64(37368), np.int64(12150), np.int64(11050), np.int64(32187), np.int64(37010), np.int64(10008), np.int64(39490), np.int64(48346), np.int64(20910), np.int64(34918), np.int64(12587), np.int64(24332), np.int64(30544), np.int64(12489), np.int64(4011), np.int64(21150), np.int64(36028), np.int64(23517), np.int64(7885), np.int64(47847), np.int64(1247), np.int64(33865), np.int64(35834), np.int64(31776), np.int64(3270), np.int64(39836), np.int64(881), np.int64(49594), np.int64(1707), np.int64(2947), np.int64(1726), np.int64(49983), np.int64(28034), np.int64(38584), np.int64(7144), np.int64(13249), np.int64(22100), np.int64(32970), np.int64(26543), np.int64(28387), np.int64(12933), np.int64(6621), np.int64(43032), np.int64(32246), np.int64(15762))","(0, 1, 0, 0, 0, 0, 1, 0, 0, 0, 0, 0, 0, 0, 0, 0, 0, 0, 0, 1, 0, 0, 0, 0, 0, 1, 0, 0, 0, 0, 0, 0, 0, 0, 0, 0, 0, 0, 0, 1, 0, 0, 0, 0, 0, 0, 1, 0, 0, 0)"
4.345402,50,197.980321,0,"(np.int64(14072), np.int64(29277), np.int64(924), np.int64(22045), np.int64(35733), np.int64(19364), np.int64(46984), np.int64(46387), np.int64(44109), np.int64(48459), np.int64(1893), np.int64(36767), np.int64(20860), np.int64(24577), np.int64(3791), np.int64(26072), np.int64(32361), np.int64(48906), np.int64(25866), np.int64(8504), np.int64(33643), np.int64(21071), np.int64(21577), np.int64(39033), np.int64(2974), np.int64(26917), np.int64(43166), np.int64(6508), np.int64(4602), np.int64(28543), np.int64(41039), np.int64(33997), np.int64(6049), np.int64(24798), np.int64(17542), np.int64(7536), np.int64(41019), np.int64(38420), np.int64(3119), np.int64(44950), np.int64(35772), np.int64(29371), np.int64(33544), np.int64(13065), np.int64(12297), np.int64(45093), np.int64(49152), np.int64(14938), np.int64(42881), np.int64(35954))","(0, 0, 0, 0, 1, 0, 0, 0, 0, 0, 0, 0, 0, 0, 1, 0, 0, 0, 0, 0, 0, 0, 0, 0, 0, 0, 0, 1, 0, 1, 0, 0, 0, 0, 0, 0, 0, 0, 0, 1, 0, 1, 0, 0, 0, 0, 0, 0, 0, 0)"
3.60192,56,198.907001,0,"(np.int64(11231), np.int64(22359), np.int64(28116), np.int64(34895), np.int64(9047), np.int64(34847), np.int64(42715), np.int64(44799), np.int64(40328), np.int64(17257), np.int64(15733), np.int64(42450), np.int64(34473), np.int64(18723), np.int64(26257), np.int64(17639), np.int64(18524), np.int64(21159), np.int64(32471), np.int64(31910), np.int64(17736), np.int64(28324), np.int64(29006), np.int64(42293), np.int64(39652), np.int64(46449), np.int64(33789), np.int64(24022), np.int64(35842), np.int64(21505), np.int64(40321), np.int64(29512), np.int64(40828), np.int64(17473), np.int64(44784), np.int64(20349), np.int64(25812), np.int64(38254), np.int64(44021), np.int64(37578), np.int64(49619), np.int64(34020), np.int64(15420), np.int64(24060), np.int64(41813), np.int64(11500), np.int64(43035), np.int64(47323), np.int64(23473), np.int64(18786), np.int64(24158), np.int64(34946), np.int64(129), np.int64(18077), np.int64(14899), np.int64(10341))","(0, 0, 0, 0, 0, 0, 0, 0, 1, 0, 0, 0, 0, 0, 0, 1, 0, 0, 0, 0, 0, 0, 0, 0, 0, 0, 1, 0, 0, 0, 0, 0, 0, 0, 0, 0, 0, 0, 0, 0, 0, 0, 0, 0, 1, 0, 0, 0, 0, 0, 0, 0, 0, 0, 0, 1)"
4.474851,50,199.544641,0,"(np.int64(26352), np.int64(8579), np.int64(34383), np.int64(12448), np.int64(46518), np.int64(16295), np.int64(12967), np.int64(26902), np.int64(13304), np.int64(2450), np.int64(45629), np.int64(18932), np.int64(4093), np.int64(41388), np.int64(9960), np.int64(15265), np.int64(17180), np.int64(49989), np.int64(12395), np.int64(5048), np.int64(289), np.int64(23671), np.int64(27203), np.int64(27172), np.int64(44541), np.int64(13727), np.int64(38782), np.int64(35084), np.int64(19999), np.int64(46403), np.int64(36733), np.int64(18123), np.int64(36961), np.int64(33960), np.int64(20816), np.int64(16207), np.int64(2476), np.int64(44622), np.int64(7204), np.int64(13508), np.int64(31621), np.int64(15594), np.int64(42153), np.int64(11329), np.int64(18374), np.int64(91), np.int64(6980), np.int64(35939), np.int64(33739), np.int64(5598))","(1, 1, 0, 0, 0, 0, 0, 0, 0, 0, 0, 0, 0, 0, 0, 0, 0, 0, 0, 0, 1, 0, 0, 0, 0, 0, 0, 0, 1, 0, 1, 1, 0, 0, 0, 0, 0, 0, 0, 0, 0, 0, 0, 0, 0, 0, 0, 0, 0, 0)"
6.742718,50,200.185664,0,"(np.int64(7537), np.int64(5613), np.int64(7479), np.int64(40399), np.int64(27828), np.int64(7486), np.int64(40662), np.int64(44863), np.int64(17016), np.int64(11959), np.int64(33294), np.int64(48398), np.int64(12241), np.int64(11576), np.int64(17543), np.int64(11314), np.int64(29557), np.int64(4102), np.int64(22873), np.int64(41072), np.int64(40135), np.int64(47083), np.int64(30605), np.int64(30787), np.int64(44130), np.int64(13056), np.int64(38610), np.int64(48992), np.int64(11110), np.int64(31526), np.int64(29529), np.int64(16838), np.int64(19817), np.int64(12735), np.int64(36460), np.int64(22528), np.int64(32802), np.int64(21030), np.int64(10457), np.int64(31756), np.int64(31689), np.int64(31393), np.int64(36452), np.int64(37777), np.int64(17703), np.int64(17973), np.int64(38652), np.int64(328), np.int64(17247), np.int64(4492))","(0, 0, 1, 0, 0, 0, 0, 0, 0, 0, 0, 0, 0, 0, 1, 0, 0, 0, 0, 0, 0, 1, 0, 0, 0, 0, 0, 0, 0, 0, 0, 0, 1, 0, 0, 0, 0, 1, 0, 0, 0, 0, 1, 1, 1, 0, 1, 0, 0, 0)"
6.31266,48,200.798247,0,"(np.int64(7398), np.int64(7462), np.int64(7911), np.int64(5976), np.int64(22643), np.int64(44814), np.int64(16350), np.int64(33154), np.int64(12946), np.int64(29733), np.int64(38888), np.int64(34863), np.int64(26742), np.int64(45672), np.int64(21617), np.int64(42577), np.int64(15452), np.int64(3518), np.int64(7732), np.int64(22916), np.int64(24244), np.int64(29984), np.int64(21706), np.int64(31460), np.int64(3331), np.int64(13605), np.int64(21321), np.int64(31217), np.int64(43246), np.int64(37012), np.int64(30280), np.int64(2094), np.int64(7208), np.int64(23827), np.int64(47886), np.int64(47038), np.int64(33393), np.int64(42203), np.int64(36541), np.int64(10051), np.int64(6140), np.int64(19243), np.int64(17689), np.int64(12996), np.int64(44896), np.int64(28762), np.int64(23120), np.int64(21579))","(0, 0, 0, 1, 0, 0, 1, 0, 0, 0, 0, 0, 0, 0, 0, 0, 0, 1, 0, 0, 0, 0, 1, 0, 0, 1, 0, 0, 0, 0, 0, 0, 0, 0, 1, 0, 0, 0, 0, 0, 1, 0, 0, 0, 0, 1, 0, 0)"
4.451849,50,201.412737,0,"(np.int64(29852), np.int64(15806), np.int64(15242), np.int64(31332), np.int64(26839), np.int64(46008), np.int64(38619), np.int64(46446), np.int64(11660), np.int64(31179), np.int64(43215), np.int64(19313), np.int64(44578), np.int64(6214), np.int64(47441), np.int64(10410), np.int64(21442), np.int64(40754), np.int64(26412), np.int64(33003), np.int64(1594), np.int64(41786), np.int64(25975), np.int64(16611), np.int64(21833), np.int64(19925), np.int64(12454), np.int64(40471), np.int64(36091), np.int64(19906), np.int64(5316), np.int64(17805), np.int64(13377), np.int64(725), np.int64(12332), np.int64(18602), np.int64(21774), np.int64(13112), np.int64(25490), np.int64(6275), np.int64(49052), np.int64(14613), np.int64(36552), np.int64(6680), np.int64(5459), np.int64(13078), np.int64(32534), np.int64(36352), np.int64(6109), np.int64(14166))","(0, 0, 0, 0, 0, 0, 0, 0, 0, 0, 0, 0, 0, 0, 0, 0, 0, 0, 0, 1, 0, 0, 0, 0, 0, 0, 1, 0, 0, 0, 0, 1, 0, 0, 1, 0, 0, 0, 0, 0, 0, 1, 0, 0, 0, 1, 0, 0, 0, 0)"
4.008246,42,201.954219,0,"(np.int64(8460), np.int64(13888), np.int64(47460), np.int64(29263), np.int64(37539), np.int64(21948), np.int64(3498), np.int64(7331), np.int64(30302), np.int64(47488), np.int64(34054), np.int64(32393), np.int64(23067), np.int64(43776), np.int64(25678), np.int64(17262), np.int64(22763), np.int64(20115), np.int64(22502), np.int64(11179), np.int64(31112), np.int64(8052), np.int64(3898), np.int64(38687), np.int64(17920), np.int64(3866), np.int64(37422), np.int64(44387), np.int64(4443), np.int64(13627), np.int64(19562), np.int64(44692), np.int64(37731), np.int64(11932), np.int64(3081), np.int64(3317), np.int64(35093), np.int64(37656), np.int64(15840), np.int64(17583), np.int64(10480), np.int64(15647))","(0, 0, 0, 0, 0, 0, 0, 0, 0, 0, 0, 0, 0, 0, 0, 0, 0, 1, 0, 0, 0, 1, 0, 0, 0, 1, 0, 0, 0, 1, 0, 0, 0, 0, 0, 0, 0, 0, 0, 0, 0, 1)"
3.890948,50,202.590588,0,"(np.int64(47338), np.int64(28617), np.int64(22136), np.int64(2473), np.int64(3085), np.int64(9663), np.int64(36581), np.int64(39418), np.int64(2420), np.int64(2403), np.int64(5530), np.int64(38824), np.int64(20364), np.int64(47028), np.int64(41347), np.int64(22103), np.int64(26509), np.int64(34797), np.int64(40816), np.int64(17739), np.int64(49736), np.int64(45961), np.int64(21995), np.int64(9492), np.int64(23088), np.int64(18972), np.int64(14593), np.int64(36293), np.int64(24960), np.int64(43360), np.int64(38564), np.int64(11725), np.int64(19466), np.int64(29882), np.int64(7255), np.int64(7254), np.int64(29168), np.int64(43110), np.int64(32880), np.int64(42867), np.int64(29644), np.int64(38580), np.int64(38439), np.int64(9690), np.int64(40767), np.int64(14130), np.int64(31129), np.int64(34284), np.int64(22377), np.int64(39236))","(0, 1, 0, 0, 0, 1, 0, 0, 0, 0, 0, 0, 0, 0, 0, 0, 1, 0, 0, 0, 0, 0, 0, 0, 0, 0, 0, 0, 0, 0, 0, 0, 0, 0, 1, 0, 0, 0, 0, 0, 0, 0, 0, 1, 0, 0, 0, 0, 0, 0)"
3.906128,109,203.996363,0,"(np.int64(15972), np.int64(27900), np.int64(46334), np.int64(32554), np.int64(38379), np.int64(29478), np.int64(21272), np.int64(6480), np.int64(33101), np.int64(39829), np.int64(8547), np.int64(35573), np.int64(17854), np.int64(2498), np.int64(28636), np.int64(3319), np.int64(24616), np.int64(7646), np.int64(32264), np.int64(8764), np.int64(45980), np.int64(30490), np.int64(47526), np.int64(28805), np.int64(40630), np.int64(40240), np.int64(28969), np.int64(19764), np.int64(4489), np.int64(16321), np.int64(33696), np.int64(32421), np.int64(19251), np.int64(35765), np.int64(40695), np.int64(4822), np.int64(7745), np.int64(9583), np.int64(39440), np.int64(39609), np.int64(20241), np.int64(12100), np.int64(8996), np.int64(36111), np.int64(15986), np.int64(12194), np.int64(517), np.int64(49931), np.int64(14652), np.int64(48952), np.int64(20700), np.int64(16112), np.int64(44637), np.int64(36598), np.int64(36231), np.int64(22288), np.int64(13365), np.int64(33336), np.int64(2670), np.int64(35159), np.int64(9919), np.int64(1072), np.int64(33667), np.int64(38826), np.int64(5179), np.int64(31770), np.int64(20973), np.int64(29804), np.int64(47359), np.int64(26407), np.int64(20975), np.int64(49438), np.int64(9969), np.int64(4090), np.int64(43399), np.int64(13087), np.int64(6922), np.int64(35471), np.int64(44508), np.int64(37234), np.int64(20019), np.int64(18667), np.int64(9872), np.int64(35561), np.int64(15631), np.int64(39565), np.int64(19615), np.int64(26357), np.int64(17448), np.int64(21275), np.int64(34020), np.int64(22614), np.int64(11225), np.int64(2484), np.int64(45312), np.int64(49259), np.int64(44993), np.int64(26859), np.int64(48040), np.int64(24109), np.int64(40096), np.int64(10824), np.int64(1943), np.int64(22998), np.int64(29742), np.int64(34814), np.int64(44535), np.int64(47691), np.int64(528))","(0, 1, 0, 0, 0, 0, 0, 0, 1, 0, 0, 0, 0, 0, 0, 0, 0, 0, 0, 1, 0, 0, 0, 0, 0, 0, 0, 0, 0, 0, 0, 0, 0, 0, 0, 0, 0, 0, 0, 0, 0, 0, 0, 0, 0, 0, 0, 0, 0, 0, 0, 0, 0, 0, 0, 0, 0, 0, 0, 0, 1, 0, 0, 0, 0, 0, 0, 0, 0, 0, 0, 0, 0, 0, 0, 0, 0, 0, 0, 0, 0, 0, 0, 0, 0, 0, 0, 0, 0, 0, 0, 0, 0, 0, 0, 0, 0, 0, 0, 0, 0, 0, 0, 0, 0, 0, 0, 0, 1)"
3.875274,55,204.710372,0,"(np.int64(44250), np.int64(16770), np.int64(28808), np.int64(22793), np.int64(26800), np.int64(32239), np.int64(47983), np.int64(339), np.int64(4071), np.int64(1254), np.int64(666), np.int64(443), np.int64(18805), np.int64(20906), np.int64(3163), np.int64(14930), np.int64(32707), np.int64(37000), np.int64(10558), np.int64(28620), np.int64(38237), np.int64(41862), np.int64(3832), np.int64(21224), np.int64(30631), np.int64(42362), np.int64(17101), np.int64(31834), np.int64(45708), np.int64(33803), np.int64(37944), np.int64(14842), np.int64(27692), np.int64(28690), np.int64(13436), np.int64(34429), np.int64(16965), np.int64(14531), np.int64(12036), np.int64(39470), np.int64(36887), np.int64(9088), np.int64(25183), np.int64(16949), np.int64(36188), np.int64(43928), np.int64(28563), np.int64(16677), np.int64(2155), np.int64(44597), np.int64(8929), np.int64(29499), np.int64(47433), np.int64(41082), np.int64(12532))","(0, 0, 0, 0, 0, 0, 0, 1, 0, 0, 0, 0, 0, 1, 0, 0, 0, 0, 0, 0, 0, 0, 0, 0, 0, 0, 0, 0, 0, 0, 0, 0, 0, 0, 0, 0, 0, 0, 1, 0, 0, 1, 0, 0, 0, 0, 0, 0, 0, 0, 0, 0, 0, 0, 1)"
3.765486,50,205.35213,0,"(np.int64(28770), np.int64(3269), np.int64(22671), np.int64(37150), np.int64(30134), np.int64(23428), np.int64(43842), np.int64(32994), np.int64(43644), np.int64(9914), np.int64(43335), np.int64(47516), np.int64(39744), np.int64(11413), np.int64(35995), np.int64(41675), np.int64(44948), np.int64(1074), np.int64(40694), np.int64(1864), np.int64(4102), np.int64(41847), np.int64(44032), np.int64(21268), np.int64(38938), np.int64(22371), np.int64(31171), np.int64(6232), np.int64(39069), np.int64(6403), np.int64(11177), np.int64(33242), np.int64(32710), np.int64(38170), np.int64(20261), np.int64(37579), np.int64(19845), np.int64(43455), np.int64(25775), np.int64(30908), np.int64(11709), np.int64(17973), np.int64(17178), np.int64(29294), np.int64(135), np.int64(6553), np.int64(2440), np.int64(23346), np.int64(31807), np.int64(20028))","(0, 0, 0, 0, 0, 0, 0, 0, 0, 0, 0, 0, 0, 0, 0, 0, 0, 0, 0, 1, 0, 0, 0, 0, 1, 0, 0, 1, 0, 0, 0, 0, 1, 0, 0, 0, 0, 0, 0, 0, 0, 0, 0, 0, 0, 1, 0, 0, 0, 0)"
3.876763,73,206.285981,0,"(np.int64(4018), np.int64(48644), np.int64(37973), np.int64(48494), np.int64(16999), np.int64(45257), np.int64(18098), np.int64(47293), np.int64(46615), np.int64(17997), np.int64(20110), np.int64(15279), np.int64(47678), np.int64(33260), np.int64(40581), np.int64(16725), np.int64(15049), np.int64(49052), np.int64(44290), np.int64(28640), np.int64(1387), np.int64(42021), np.int64(13092), np.int64(23759), np.int64(19624), np.int64(42297), np.int64(21640), np.int64(32007), np.int64(27282), np.int64(15862), np.int64(34754), np.int64(25841), np.int64(18044), np.int64(20400), np.int64(17047), np.int64(12706), np.int64(11806), np.int64(19016), np.int64(30239), np.int64(16044), np.int64(13760), np.int64(30809), np.int64(3377), np.int64(9169), np.int64(5820), np.int64(41901), np.int64(7272), np.int64(45126), np.int64(47823), np.int64(42996), np.int64(22759), np.int64(47899), np.int64(26448), np.int64(43167), np.int64(35635), np.int64(44384), np.int64(3692), np.int64(21652), np.int64(2299), np.int64(16931), np.int64(27031), np.int64(44488), np.int64(31666), np.int64(28278), np.int64(38719), np.int64(13044), np.int64(47435), np.int64(16116), np.int64(28464), np.int64(19340), np.int64(10753), np.int64(24339), np.int64(14528))","(0, 0, 0, 0, 0, 0, 0, 0, 0, 0, 0, 0, 0, 0, 0, 0, 0, 0, 0, 0, 1, 0, 0, 0, 0, 0, 0, 0, 0, 0, 0, 0, 0, 0, 0, 0, 0, 0, 0, 1, 0, 0, 1, 0, 0, 0, 0, 0, 0, 0, 0, 0, 0, 0, 0, 0, 0, 0, 0, 0, 0, 0, 0, 0, 0, 0, 0, 1, 0, 0, 0, 0, 1)"
4.077099,72,207.192238,0,"(np.int64(40171), np.int64(9239), np.int64(7008), np.int64(48866), np.int64(24274), np.int64(11909), np.int64(20556), np.int64(42467), np.int64(33207), np.int64(31565), np.int64(19581), np.int64(28282), np.int64(2242), np.int64(33709), np.int64(6954), np.int64(34573), np.int64(43187), np.int64(44140), np.int64(8792), np.int64(5329), np.int64(39584), np.int64(41456), np.int64(44033), np.int64(29702), np.int64(33053), np.int64(38122), np.int64(36596), np.int64(19945), np.int64(4305), np.int64(12063), np.int64(17473), np.int64(5135), np.int64(12824), np.int64(46597), np.int64(11181), np.int64(26749), np.int64(26205), np.int64(16416), np.int64(37617), np.int64(28184), np.int64(21635), np.int64(21005), np.int64(19558), np.int64(47660), np.int64(40368), np.int64(37170), np.int64(34131), np.int64(46763), np.int64(28343), np.int64(42216), np.int64(18514), np.int64(31082), np.int64(39666), np.int64(45306), np.int64(18029), np.int64(28731), np.int64(49370), np.int64(32950), np.int64(2668), np.int64(31805), np.int64(35731), np.int64(36144), np.int64(17390), np.int64(19194), np.int64(45933), np.int64(31128), np.int64(44261), np.int64(28696), np.int64(16454), np.int64(28540), np.int64(11691), np.int64(4661))","(0, 0, 0, 0, 0, 0, 0, 0, 0, 0, 0, 0, 1, 0, 0, 0, 0, 0, 0, 1, 0, 0, 0, 0, 0, 0, 0, 0, 0, 0, 0, 0, 0, 0, 0, 0, 1, 0, 0, 0, 0, 0, 0, 0, 0, 0, 0, 0, 0, 0, 1, 0, 0, 0, 0, 0, 0, 0, 0, 0, 0, 0, 0, 0, 0, 0, 0, 0, 0, 0, 0, 1)"
4.358021,47,207.771288,0,"(np.int64(14885), np.int64(42405), np.int64(8439), np.int64(24087), np.int64(49449), np.int64(12306), np.int64(4734), np.int64(10832), np.int64(10731), np.int64(35108), np.int64(5947), np.int64(2881), np.int64(34564), np.int64(28586), np.int64(4077), np.int64(32672), np.int64(34952), np.int64(43697), np.int64(20536), np.int64(22628), np.int64(22913), np.int64(25631), np.int64(36747), np.int64(38899), np.int64(8190), np.int64(30892), np.int64(18391), np.int64(8424), np.int64(29093), np.int64(7442), np.int64(35633), np.int64(45107), np.int64(40189), np.int64(21309), np.int64(36683), np.int64(39914), np.int64(24052), np.int64(35532), np.int64(39900), np.int64(44229), np.int64(28105), np.int64(31707), np.int64(31987), np.int64(36463), np.int64(30443), np.int64(7051), np.int64(24599))","(0, 0, 1, 0, 0, 0, 0, 1, 0, 0, 0, 0, 0, 0, 0, 0, 0, 0, 0, 0, 0, 0, 0, 0, 0, 0, 0, 0, 1, 0, 0, 1, 0, 0, 0, 0, 0, 0, 0, 0, 0, 1, 1, 0, 0, 0, 0)"
3.648978,28,208.122906,0,"(np.int64(18935), np.int64(7554), np.int64(45512), np.int64(22094), np.int64(19184), np.int64(21247), np.int64(12773), np.int64(33609), np.int64(28877), np.int64(41028), np.int64(45430), np.int64(48968), np.int64(45791), np.int64(22368), np.int64(44336), np.int64(17337), np.int64(10022), np.int64(34191), np.int64(5001), np.int64(10556), np.int64(9151), np.int64(48834), np.int64(25568), np.int64(20294), np.int64(18669), np.int64(28815), np.int64(28006), np.int64(38680))","(0, 0, 0, 0, 0, 0, 0, 0, 0, 0, 0, 1, 0, 0, 0, 0, 0, 0, 0, 1, 1, 0, 0, 0, 0, 1, 1, 0)"
3.866816,108,209.477003,0,"(np.int64(3279), np.int64(14906), np.int64(9065), np.int64(17645), np.int64(42897), np.int64(24880), np.int64(36153), np.int64(26535), np.int64(28852), np.int64(32501), np.int64(49200), np.int64(45007), np.int64(31072), np.int64(40447), np.int64(24535), np.int64(37711), np.int64(9689), np.int64(39724), np.int64(13762), np.int64(14252), np.int64(456), np.int64(47349), np.int64(33792), np.int64(33829), np.int64(34936), np.int64(1026), np.int64(46562), np.int64(18272), np.int64(17019), np.int64(21478), np.int64(2869), np.int64(11499), np.int64(22249), np.int64(21735), np.int64(12562), np.int64(35163), np.int64(33977), np.int64(16553), np.int64(8556), np.int64(3103), np.int64(16105), np.int64(25031), np.int64(46370), np.int64(8660), np.int64(46200), np.int64(30305), np.int64(12578), np.int64(15186), np.int64(25989), np.int64(12557), np.int64(19267), np.int64(49281), np.int64(10162), np.int64(18834), np.int64(40312), np.int64(19295), np.int64(42843), np.int64(43601), np.int64(36471), np.int64(20764), np.int64(8328), np.int64(21280), np.int64(44646), np.int64(36835), np.int64(44150), np.int64(20405), np.int64(46323), np.int64(45621), np.int64(34608), np.int64(36859), np.int64(8581), np.int64(31546), np.int64(47709), np.int64(43336), np.int64(19132), np.int64(46819), np.int64(22313), np.int64(2671), np.int64(48277), np.int64(23600), np.int64(31051), np.int64(32033), np.int64(38136), np.int64(8392), np.int64(11124), np.int64(12035), np.int64(39816), np.int64(45603), np.int64(43156), np.int64(37556), np.int64(48094), np.int64(6289), np.int64(11180), np.int64(2996), np.int64(12280), np.int64(37197), np.int64(16956), np.int64(16003), np.int64(14385), np.int64(40994), np.int64(45582), np.int64(10590), np.int64(7910), np.int64(27266), np.int64(9729), np.int64(6597), np.int64(18898), np.int64(42983))","(0, 0, 0, 0, 0, 0, 0, 0, 0, 0, 0, 0, 0, 0, 1, 0, 0, 0, 0, 0, 0, 0, 0, 0, 0, 0, 0, 0, 0, 0, 0, 0, 0, 0, 0, 0, 0, 0, 0, 0, 0, 1, 0, 0, 0, 0, 0, 0, 0, 0, 1, 0, 0, 0, 0, 0, 0, 0, 0, 0, 0, 0, 0, 0, 0, 0, 0, 0, 0, 0, 0, 0, 0, 0, 0, 0, 0, 0, 0, 0, 0, 0, 0, 0, 0, 0, 0, 0, 0, 0, 0, 1, 0, 0, 0, 0, 0, 0, 0, 0, 0, 0, 0, 0, 0, 0, 0, 1)"
3.627145,65,210.308123,0,"(np.int64(21988), np.int64(12724), np.int64(37874), np.int64(43034), np.int64(15617), np.int64(2235), np.int64(4499), np.int64(24636), np.int64(46759), np.int64(24083), np.int64(47857), np.int64(48109), np.int64(35062), np.int64(9147), np.int64(24557), np.int64(41735), np.int64(20892), np.int64(37508), np.int64(449), np.int64(20403), np.int64(19728), np.int64(27530), np.int64(15277), np.int64(20567), np.int64(40419), np.int64(24664), np.int64(30750), np.int64(40854), np.int64(49288), np.int64(49660), np.int64(33758), np.int64(40367), np.int64(44638), np.int64(22848), np.int64(37804), np.int64(11580), np.int64(30172), np.int64(15511), np.int64(14062), np.int64(41998), np.int64(40141), np.int64(23843), np.int64(28922), np.int64(41216), np.int64(9929), np.int64(26675), np.int64(47060), np.int64(28403), np.int64(26614), np.int64(3011), np.int64(33415), np.int64(1678), np.int64(21657), np.int64(41053), np.int64(35066), np.int64(34237), np.int64(12139), np.int64(8070), np.int64(48207), np.int64(4104), np.int64(28751), np.int64(12913), np.int64(32608), np.int64(11169), np.int64(37004))","(0, 0, 0, 0, 0, 0, 0, 0, 0, 1, 0, 0, 0, 0, 0, 0, 0, 0, 0, 0, 0, 0, 0, 0, 0, 0, 0, 0, 0, 0, 0, 0, 0, 0, 0, 0, 0, 0, 0, 0, 0, 0, 0, 0, 0, 0, 0, 0, 0, 1, 0, 0, 1, 0, 1, 0, 0, 0, 0, 0, 0, 0, 0, 0, 1)"
4.54434,50,210.942522,0,"(np.int64(21068), np.int64(22863), np.int64(26665), np.int64(25256), np.int64(22103), np.int64(33494), np.int64(7793), np.int64(11129), np.int64(47339), np.int64(18187), np.int64(17551), np.int64(47917), np.int64(47030), np.int64(12152), np.int64(18107), np.int64(29538), np.int64(45064), np.int64(27313), np.int64(6065), np.int64(39143), np.int64(42896), np.int64(11721), np.int64(3199), np.int64(44923), np.int64(27684), np.int64(33577), np.int64(34589), np.int64(15296), np.int64(7058), np.int64(17039), np.int64(37228), np.int64(9959), np.int64(17808), np.int64(23951), np.int64(34169), np.int64(24999), np.int64(21058), np.int64(23452), np.int64(2439), np.int64(14648), np.int64(43171), np.int64(10465), np.int64(14347), np.int64(35123), np.int64(28025), np.int64(36835), np.int64(46055), np.int64(44463), np.int64(24086), np.int64(46468))","(0, 0, 0, 1, 0, 1, 0, 0, 0, 1, 0, 0, 0, 0, 0, 0, 0, 0, 0, 0, 0, 0, 0, 0, 0, 1, 0, 0, 0, 0, 0, 0, 0, 1, 0, 0, 1, 0, 0, 0, 0, 0, 0, 0, 0, 0, 0, 0, 0, 0)"
3.797637,100,212.208368,0,"(np.int64(43755), np.int64(9477), np.int64(28143), np.int64(24904), np.int64(4875), np.int64(23049), np.int64(7306), np.int64(43810), np.int64(25758), np.int64(29407), np.int64(15331), np.int64(35769), np.int64(11922), np.int64(5831), np.int64(32937), np.int64(11661), np.int64(10475), np.int64(22365), np.int64(40849), np.int64(15501), np.int64(42580), np.int64(810), np.int64(42925), np.int64(33350), np.int64(12393), np.int64(40218), np.int64(30381), np.int64(6713), np.int64(46652), np.int64(41806), np.int64(30687), np.int64(47043), np.int64(29234), np.int64(13141), np.int64(40950), np.int64(28655), np.int64(36812), np.int64(21080), np.int64(1935), np.int64(6315), np.int64(42485), np.int64(4301), np.int64(25699), np.int64(14470), np.int64(29340), np.int64(25480), np.int64(34254), np.int64(21678), np.int64(10555), np.int64(13919), np.int64(22459), np.int64(18226), np.int64(3631), np.int64(34840), np.int64(21325), np.int64(43698), np.int64(15673), np.int64(18061), np.int64(47431), np.int64(45151), np.int64(21482), np.int64(7125), np.int64(29689), np.int64(17887), np.int64(44555), np.int64(30010), np.int64(46815), np.int64(5798), np.int64(48083), np.int64(38281), np.int64(49329), np.int64(3448), np.int64(6866), np.int64(6043), np.int64(32976), np.int64(10502), np.int64(19202), np.int64(44655), np.int64(28136), np.int64(40493), np.int64(18104), np.int64(3881), np.int64(49035), np.int64(14056), np.int64(31614), np.int64(27681), np.int64(42213), np.int64(38020), np.int64(39345), np.int64(18276), np.int64(19977), np.int64(25553), np.int64(10369), np.int64(28834), np.int64(26613), np.int64(27543), np.int64(1081), np.int64(17777), np.int64(22068), np.int64(11431))","(0, 0, 0, 0, 0, 0, 0, 0, 0, 0, 0, 0, 0, 0, 0, 1, 0, 0, 0, 0, 0, 0, 0, 0, 0, 0, 0, 0, 0, 0, 0, 0, 0, 0, 0, 0, 0, 0, 0, 0, 0, 0, 0, 1, 0, 0, 0, 0, 0, 0, 0, 1, 0, 0, 0, 0, 0, 0, 0, 0, 0, 0, 0, 0, 0, 0, 0, 0, 0, 0, 0, 0, 0, 0, 0, 0, 0, 0, 0, 0, 0, 1, 0, 0, 0, 0, 0, 0, 0, 0, 0, 0, 0, 0, 0, 0, 0, 0, 0, 1)"
3.913625,71,213.116489,0,"(np.int64(29945), np.int64(1476), np.int64(13012), np.int64(3208), np.int64(29673), np.int64(45787), np.int64(16539), np.int64(30589), np.int64(43883), np.int64(34522), np.int64(16761), np.int64(17205), np.int64(11773), np.int64(5498), np.int64(37996), np.int64(1312), np.int64(10974), np.int64(39823), np.int64(38076), np.int64(12819), np.int64(12088), np.int64(43258), np.int64(2626), np.int64(10131), np.int64(44), np.int64(7339), np.int64(19311), np.int64(11151), np.int64(21375), np.int64(19189), np.int64(1828), np.int64(39504), np.int64(38102), np.int64(42364), np.int64(22438), np.int64(45488), np.int64(16424), np.int64(42113), np.int64(35535), np.int64(35103), np.int64(49685), np.int64(8342), np.int64(13434), np.int64(45661), np.int64(34069), np.int64(27535), np.int64(39398), np.int64(19056), np.int64(23706), np.int64(35317), np.int64(33108), np.int64(28791), np.int64(30652), np.int64(26828), np.int64(20281), np.int64(3608), np.int64(38412), np.int64(45005), np.int64(40904), np.int64(17615), np.int64(35511), np.int64(1526), np.int64(10412), np.int64(15415), np.int64(48371), np.int64(37672), np.int64(14219), np.int64(25900), np.int64(27286), np.int64(45924), np.int64(9640))","(0, 0, 1, 0, 0, 0, 0, 0, 0, 0, 0, 0, 0, 0, 0, 0, 0, 0, 0, 0, 0, 0, 0, 1, 1, 0, 0, 0, 0, 0, 0, 0, 0, 0, 0, 0, 0, 0, 0, 0, 0, 0, 0, 0, 0, 0, 0, 0, 0, 0, 0, 0, 0, 0, 0, 0, 0, 0, 0, 0, 0, 0, 0, 0, 0, 1, 0, 0, 0, 0, 1)"
3.582946,65,213.94738,0,"(np.int64(646), np.int64(32238), np.int64(21127), np.int64(48190), np.int64(42233), np.int64(12376), np.int64(18101), np.int64(33437), np.int64(19108), np.int64(5367), np.int64(20985), np.int64(49242), np.int64(44578), np.int64(49867), np.int64(13769), np.int64(25275), np.int64(36233), np.int64(49942), np.int64(45606), np.int64(37491), np.int64(16582), np.int64(24034), np.int64(29429), np.int64(47352), np.int64(49630), np.int64(20885), np.int64(17540), np.int64(41611), np.int64(21165), np.int64(24053), np.int64(38034), np.int64(30825), np.int64(21112), np.int64(13613), np.int64(43677), np.int64(6811), np.int64(33178), np.int64(20803), np.int64(9933), np.int64(33224), np.int64(2237), np.int64(38604), np.int64(30656), np.int64(23383), np.int64(26908), np.int64(37320), np.int64(25386), np.int64(48742), np.int64(48274), np.int64(35046), np.int64(17315), np.int64(42363), np.int64(48913), np.int64(25804), np.int64(30329), np.int64(38452), np.int64(28596), np.int64(21606), np.int64(48928), np.int64(35986), np.int64(789), np.int64(6028), np.int64(19546), np.int64(28014), np.int64(36314))","(0, 0, 0, 0, 0, 1, 0, 0, 0, 0, 0, 0, 0, 0, 0, 0, 0, 0, 0, 0, 0, 0, 0, 0, 0, 0, 0, 0, 0, 0, 1, 0, 0, 1, 0, 0, 0, 0, 0, 0, 0, 0, 0, 0, 0, 0, 0, 0, 0, 0, 0, 0, 0, 0, 0, 0, 1, 0, 0, 0, 0, 0, 0, 0, 1)"
5.909282,37,214.417273,0,"(np.int64(34993), np.int64(8503), np.int64(3245), np.int64(36988), np.int64(20118), np.int64(12800), np.int64(14030), np.int64(32127), np.int64(46500), np.int64(40776), np.int64(4119), np.int64(17947), np.int64(47576), np.int64(45341), np.int64(20137), np.int64(38144), np.int64(38672), np.int64(36019), np.int64(15308), np.int64(11214), np.int64(8986), np.int64(2706), np.int64(8251), np.int64(46446), np.int64(29143), np.int64(4582), np.int64(20087), np.int64(46050), np.int64(18248), np.int64(24699), np.int64(32281), np.int64(33519), np.int64(40482), np.int64(38954), np.int64(38735), np.int64(39038), np.int64(39046))","(0, 1, 0, 0, 0, 1, 1, 1, 0, 0, 0, 0, 0, 0, 1, 0, 0, 0, 0, 1, 0, 1, 0, 0, 0, 0, 0, 0, 0, 0, 0, 0, 0, 0, 1, 0, 0)"
6.849725,50,215.061808,0,"(np.int64(16644), np.int64(18444), np.int64(26278), np.int64(16652), np.int64(48623), np.int64(21800), np.int64(12848), np.int64(8860), np.int64(10314), np.int64(15045), np.int64(21088), np.int64(14392), np.int64(45631), np.int64(22831), np.int64(30573), np.int64(31786), np.int64(19717), np.int64(13013), np.int64(23503), np.int64(28762), np.int64(9386), np.int64(42182), np.int64(44937), np.int64(48999), np.int64(4268), np.int64(49936), np.int64(7423), np.int64(45159), np.int64(41565), np.int64(12505), np.int64(236), np.int64(5424), np.int64(36005), np.int64(24630), np.int64(32455), np.int64(14711), np.int64(550), np.int64(7779), np.int64(1927), np.int64(31581), np.int64(34665), np.int64(9101), np.int64(41389), np.int64(29588), np.int64(24488), np.int64(18816), np.int64(9927), np.int64(47953), np.int64(28555), np.int64(10156))","(1, 0, 0, 0, 0, 0, 0, 0, 0, 1, 0, 0, 0, 0, 0, 0, 1, 0, 0, 1, 0, 0, 0, 0, 0, 0, 1, 0, 1, 0, 0, 1, 0, 0, 1, 1, 0, 0, 0, 0, 0, 0, 0, 0, 0, 0, 0, 0, 0, 0)"
5.952154,50,215.781014,0,"(np.int64(17238), np.int64(22646), np.int64(16572), np.int64(35549), np.int64(43381), np.int64(44625), np.int64(12873), np.int64(11973), np.int64(11375), np.int64(47608), np.int64(1116), np.int64(9341), np.int64(14690), np.int64(38156), np.int64(48082), np.int64(4076), np.int64(13314), np.int64(33018), np.int64(5485), np.int64(27638), np.int64(840), np.int64(45673), np.int64(49579), np.int64(49318), np.int64(35222), np.int64(41473), np.int64(19727), np.int64(12002), np.int64(23743), np.int64(47396), np.int64(3509), np.int64(48993), np.int64(36392), np.int64(26784), np.int64(28687), np.int64(31500), np.int64(11475), np.int64(1474), np.int64(45207), np.int64(11075), np.int64(6081), np.int64(20286), np.int64(32225), np.int64(4166), np.int64(48865), np.int64(35462), np.int64(17434), np.int64(23499), np.int64(28450), np.int64(28417))","(0, 0, 0, 0, 0, 0, 0, 0, 0, 0, 0, 0, 0, 0, 0, 1, 1, 1, 0, 0, 0, 0, 0, 0, 0, 0, 0, 0, 0, 0, 0, 0, 0, 0, 1, 0, 0, 0, 0, 0, 1, 1, 1, 0, 0, 0, 0, 1, 0, 0)"
4.596114,48,216.448415,0,"(np.int64(1654), np.int64(44174), np.int64(4466), np.int64(16244), np.int64(7189), np.int64(27202), np.int64(32943), np.int64(37014), np.int64(30468), np.int64(12250), np.int64(11837), np.int64(29513), np.int64(43782), np.int64(41372), np.int64(5433), np.int64(36932), np.int64(20258), np.int64(36210), np.int64(23677), np.int64(43646), np.int64(26467), np.int64(22307), np.int64(1178), np.int64(31541), np.int64(47038), np.int64(47078), np.int64(20939), np.int64(988), np.int64(9746), np.int64(21996), np.int64(10070), np.int64(5115), np.int64(31511), np.int64(36817), np.int64(43517), np.int64(606), np.int64(46038), np.int64(27606), np.int64(36931), np.int64(24614), np.int64(15785), np.int64(10176), np.int64(44218), np.int64(21513), np.int64(13442), np.int64(35444), np.int64(25325), np.int64(19227))","(0, 0, 0, 0, 0, 1, 0, 0, 0, 0, 0, 0, 0, 0, 1, 0, 0, 0, 1, 0, 0, 0, 0, 0, 0, 1, 0, 1, 0, 0, 0, 0, 0, 0, 0, 0, 0, 0, 0, 1, 0, 0, 0, 0, 0, 0, 0, 0)"
3.624459,83,217.53175,0,"(np.int64(25600), np.int64(7257), np.int64(9281), np.int64(15323), np.int64(8968), np.int64(36007), np.int64(47050), np.int64(23262), np.int64(32278), np.int64(824), np.int64(46362), np.int64(43820), np.int64(20900), np.int64(17325), np.int64(3009), np.int64(43714), np.int64(35239), np.int64(23241), np.int64(24511), np.int64(18489), np.int64(24300), np.int64(14313), np.int64(48234), np.int64(28778), np.int64(31998), np.int64(12825), np.int64(25962), np.int64(9738), np.int64(28337), np.int64(9039), np.int64(45015), np.int64(29236), np.int64(43743), np.int64(36427), np.int64(24845), np.int64(2702), np.int64(9158), np.int64(45020), np.int64(49157), np.int64(12329), np.int64(22662), np.int64(47731), np.int64(31168), np.int64(10273), np.int64(34111), np.int64(10938), np.int64(2278), np.int64(28342), np.int64(11741), np.int64(24970), np.int64(45815), np.int64(39258), np.int64(48564), np.int64(12020), np.int64(35640), np.int64(13082), np.int64(16924), np.int64(40173), np.int64(45026), np.int64(31006), np.int64(15225), np.int64(4474), np.int64(3360), np.int64(7080), np.int64(26200), np.int64(21497), np.int64(254), np.int64(34334), np.int64(14316), np.int64(16967), np.int64(18419), np.int64(16341), np.int64(43086), np.int64(13230), np.int64(48522), np.int64(28321), np.int64(17403), np.int64(32219), np.int64(12778), np.int64(35307), np.int64(33576), np.int64(20741), np.int64(8028))","(0, 0, 0, 0, 0, 0, 0, 0, 0, 0, 0, 0, 0, 0, 0, 0, 0, 0, 0, 0, 0, 0, 0, 0, 0, 0, 0, 0, 0, 0, 0, 0, 0, 0, 1, 0, 0, 0, 0, 0, 0, 0, 0, 0, 0, 0, 0, 0, 0, 0, 0, 0, 0, 0, 0, 0, 0, 0, 0, 0, 0, 0, 0, 0, 0, 0, 0, 0, 0, 0, 0, 1, 0, 0, 0, 0, 0, 0, 1, 0, 1, 0, 1)"
5.444248,50,218.17749,0,"(np.int64(8415), np.int64(10393), np.int64(22190), np.int64(35360), np.int64(35530), np.int64(29028), np.int64(21232), np.int64(26043), np.int64(39401), np.int64(6118), np.int64(34975), np.int64(34934), np.int64(49910), np.int64(37045), np.int64(13601), np.int64(304), np.int64(27393), np.int64(40092), np.int64(31344), np.int64(49980), np.int64(15907), np.int64(26933), np.int64(16765), np.int64(43750), np.int64(33314), np.int64(40541), np.int64(34040), np.int64(28103), np.int64(47520), np.int64(1360), np.int64(16616), np.int64(14558), np.int64(30161), np.int64(42809), np.int64(39447), np.int64(47154), np.int64(3413), np.int64(11160), np.int64(21903), np.int64(43970), np.int64(28601), np.int64(37315), np.int64(15086), np.int64(22947), np.int64(16758), np.int64(1655), np.int64(49844), np.int64(24809), np.int64(43482), np.int64(30888))","(1, 1, 0, 0, 0, 0, 1, 0, 0, 1, 0, 0, 0, 0, 0, 0, 0, 0, 1, 0, 1, 0, 0, 0, 0, 0, 0, 0, 0, 0, 0, 0, 0, 0, 0, 0, 0, 0, 0, 0, 0, 0, 1, 0, 0, 0, 0, 0, 0, 0)"
3.877105,64,219.000875,0,"(np.int64(2681), np.int64(38388), np.int64(14901), np.int64(10959), np.int64(33949), np.int64(25272), np.int64(46366), np.int64(9421), np.int64(18989), np.int64(38480), np.int64(46620), np.int64(858), np.int64(30710), np.int64(2851), np.int64(14150), np.int64(30117), np.int64(18280), np.int64(4326), np.int64(43127), np.int64(39939), np.int64(11440), np.int64(48635), np.int64(47264), np.int64(11334), np.int64(33224), np.int64(9929), np.int64(43842), np.int64(43001), np.int64(40015), np.int64(12038), np.int64(38681), np.int64(48472), np.int64(48915), np.int64(26312), np.int64(206), np.int64(20471), np.int64(10503), np.int64(7095), np.int64(4761), np.int64(43218), np.int64(35616), np.int64(9431), np.int64(931), np.int64(1419), np.int64(22255), np.int64(26350), np.int64(10558), np.int64(4627), np.int64(35765), np.int64(2957), np.int64(12562), np.int64(30810), np.int64(39139), np.int64(4232), np.int64(10056), np.int64(3850), np.int64(36103), np.int64(20721), np.int64(49595), np.int64(16099), np.int64(42589), np.int64(13620), np.int64(10344), np.int64(5287))","(0, 0, 0, 0, 0, 0, 0, 0, 0, 0, 0, 0, 0, 0, 1, 0, 0, 0, 0, 0, 0, 0, 0, 0, 0, 0, 0, 0, 0, 0, 0, 0, 0, 0, 1, 0, 0, 0, 0, 0, 0, 0, 0, 0, 0, 0, 0, 0, 0, 0, 0, 0, 0, 0, 1, 0, 0, 0, 0, 1, 0, 0, 0, 1)"
3.835241,61,219.768379,0,"(np.int64(46770), np.int64(21691), np.int64(35050), np.int64(45884), np.int64(31577), np.int64(26022), np.int64(9417), np.int64(20376), np.int64(11960), np.int64(18696), np.int64(30391), np.int64(21051), np.int64(37634), np.int64(49439), np.int64(24772), np.int64(34809), np.int64(33736), np.int64(43524), np.int64(26111), np.int64(18109), np.int64(46878), np.int64(29753), np.int64(4780), np.int64(5645), np.int64(15941), np.int64(28570), np.int64(955), np.int64(1104), np.int64(46099), np.int64(44076), np.int64(29830), np.int64(2790), np.int64(28081), np.int64(20398), np.int64(40810), np.int64(23773), np.int64(23001), np.int64(39571), np.int64(21930), np.int64(32199), np.int64(30726), np.int64(12848), np.int64(35196), np.int64(30182), np.int64(21245), np.int64(29040), np.int64(29273), np.int64(3058), np.int64(19184), np.int64(42700), np.int64(6110), np.int64(9771), np.int64(12259), np.int64(19521), np.int64(8155), np.int64(42472), np.int64(10178), np.int64(18012), np.int64(37514), np.int64(38274), np.int64(7269))","(0, 0, 0, 0, 0, 0, 0, 0, 1, 0, 0, 0, 0, 0, 0, 0, 0, 0, 1, 0, 0, 0, 0, 0, 0, 0, 0, 0, 0, 0, 0, 0, 0, 0, 0, 0, 0, 0, 1, 0, 0, 0, 0, 0, 0, 0, 0, 0, 0, 0, 0, 0, 0, 0, 0, 0, 1, 0, 0, 0, 1)"
3.96743,92,220.962871,0,"(np.int64(37421), np.int64(26663), np.int64(12049), np.int64(37161), np.int64(6134), np.int64(34962), np.int64(23778), np.int64(46110), np.int64(39736), np.int64(39726), np.int64(821), np.int64(30048), np.int64(8638), np.int64(48512), np.int64(20100), np.int64(31244), np.int64(48690), np.int64(24406), np.int64(29546), np.int64(11605), np.int64(26092), np.int64(33806), np.int64(43085), np.int64(20212), np.int64(17481), np.int64(1944), np.int64(9939), np.int64(1948), np.int64(44628), np.int64(30068), np.int64(45497), np.int64(19842), np.int64(46911), np.int64(3793), np.int64(7112), np.int64(19096), np.int64(31514), np.int64(48238), np.int64(8951), np.int64(47131), np.int64(37573), np.int64(42145), np.int64(5349), np.int64(13367), np.int64(33910), np.int64(48915), np.int64(6347), np.int64(43864), np.int64(8905), np.int64(25045), np.int64(38843), np.int64(49480), np.int64(46473), np.int64(40503), np.int64(35771), np.int64(2850), np.int64(34701), np.int64(33537), np.int64(49555), np.int64(2334), np.int64(7762), np.int64(23922), np.int64(6532), np.int64(5326), np.int64(41511), np.int64(18410), np.int64(40358), np.int64(25345), np.int64(10226), np.int64(13108), np.int64(15391), np.int64(44302), np.int64(12479), np.int64(24322), np.int64(34593), np.int64(44929), np.int64(7960), np.int64(46225), np.int64(1485), np.int64(23132), np.int64(43622), np.int64(46675), np.int64(26631), np.int64(6068), np.int64(43123), np.int64(33191), np.int64(38036), np.int64(28060), np.int64(44448), np.int64(21167), np.int64(48645), np.int64(8545))","(0, 0, 1, 0, 1, 0, 0, 0, 0, 0, 0, 0, 0, 0, 0, 0, 0, 0, 0, 0, 0, 0, 0, 0, 0, 0, 0, 0, 0, 0, 0, 0, 0, 0, 0, 0, 1, 0, 0, 0, 0, 0, 0, 0, 0, 0, 0, 0, 0, 0, 0, 0, 0, 0, 0, 0, 0, 0, 0, 0, 0, 0, 0, 0, 0, 0, 0, 0, 0, 0, 0, 0, 0, 0, 0, 0, 0, 0, 0, 0, 0, 0, 0, 0, 0, 0, 0, 1, 0, 0, 0, 1)"
3.8193,68,221.95099,0,"(np.int64(16593), np.int64(48529), np.int64(1371), np.int64(38598), np.int64(43753), np.int64(46924), np.int64(27578), np.int64(21266), np.int64(35373), np.int64(23190), np.int64(20616), np.int64(33602), np.int64(9984), np.int64(12449), np.int64(42457), np.int64(18315), np.int64(40516), np.int64(16412), np.int64(48113), np.int64(28174), np.int64(49558), np.int64(49863), np.int64(9554), np.int64(14242), np.int64(22532), np.int64(39220), np.int64(26687), np.int64(1159), np.int64(42326), np.int64(8689), np.int64(18603), np.int64(14096), np.int64(42409), np.int64(30607), np.int64(49059), np.int64(17742), np.int64(40440), np.int64(30264), np.int64(19931), np.int64(9845), np.int64(42416), np.int64(30073), np.int64(2524), np.int64(176), np.int64(47424), np.int64(40111), np.int64(47858), np.int64(15938), np.int64(5417), np.int64(7679), np.int64(40271), np.int64(29219), np.int64(14763), np.int64(14005), np.int64(3081), np.int64(8659), np.int64(41448), np.int64(9718), np.int64(1566), np.int64(7780), np.int64(44026), np.int64(10548), np.int64(19806), np.int64(49458), np.int64(7340), np.int64(44289), np.int64(20910), np.int64(28018))","(0, 0, 0, 0, 0, 0, 0, 0, 0, 0, 0, 0, 0, 0, 0, 0, 0, 0, 0, 0, 0, 0, 0, 0, 0, 0, 0, 0, 0, 0, 0, 0, 0, 0, 0, 0, 0, 0, 0, 0, 0, 0, 0, 0, 0, 0, 0, 1, 0, 0, 0, 1, 1, 0, 0, 0, 0, 0, 0, 0, 0, 0, 0, 0, 1, 0, 0, 1)"
5.964441,48,222.720318,0,"(np.int64(37852), np.int64(36128), np.int64(1047), np.int64(39977), np.int64(21210), np.int64(21690), np.int64(26149), np.int64(12500), np.int64(675), np.int64(39567), np.int64(27729), np.int64(14015), np.int64(18231), np.int64(14500), np.int64(27986), np.int64(39106), np.int64(1370), np.int64(7947), np.int64(8092), np.int64(11871), np.int64(36473), np.int64(38791), np.int64(35917), np.int64(40838), np.int64(41544), np.int64(48072), np.int64(18004), np.int64(47986), np.int64(36264), np.int64(17171), np.int64(11545), np.int64(36902), np.int64(39206), np.int64(47524), np.int64(16948), np.int64(4231), np.int64(15339), np.int64(14251), np.int64(40184), np.int64(20872), np.int64(42541), np.int64(38575), np.int64(19532), np.int64(24007), np.int64(5138), np.int64(19578), np.int64(35464), np.int64(12808))","(0, 0, 0, 0, 0, 0, 0, 0, 0, 0, 1, 0, 0, 0, 0, 0, 1, 1, 0, 1, 0, 1, 0, 0, 0, 0, 1, 0, 0, 0, 1, 0, 0, 0, 0, 0, 0, 0, 0, 0, 0, 0, 0, 0, 0, 1, 0, 0)"
3.803591,58,223.737609,0,"(np.int64(5204), np.int64(25829), np.int64(13445), np.int64(25773), np.int64(47349), np.int64(49227), np.int64(18549), np.int64(20497), np.int64(37235), np.int64(40213), np.int64(31538), np.int64(33708), np.int64(2261), np.int64(26634), np.int64(46462), np.int64(28847), np.int64(10880), np.int64(39205), np.int64(24452), np.int64(48596), np.int64(23550), np.int64(47797), np.int64(29977), np.int64(9072), np.int64(35297), np.int64(14379), np.int64(34258), np.int64(17254), np.int64(38355), np.int64(20954), np.int64(2440), np.int64(32025), np.int64(22874), np.int64(49490), np.int64(49227), np.int64(45074), np.int64(29459), np.int64(31829), np.int64(4029), np.int64(34261), np.int64(41166), np.int64(46940), np.int64(20278), np.int64(3271), np.int64(12167), np.int64(24792), np.int64(63), np.int64(34721), np.int64(37663), np.int64(9738), np.int64(39211), np.int64(22736), np.int64(16544), np.int64(40576), np.int64(14774), np.int64(36260), np.int64(3033), np.int64(32953))","(0, 0, 0, 0, 0, 0, 0, 0, 0, 0, 0, 0, 0, 0, 0, 0, 1, 0, 0, 0, 0, 0, 0, 1, 0, 1, 0, 0, 0, 0, 0, 0, 0, 0, 0, 0, 0, 0, 0, 0, 0, 0, 0, 0, 0, 0, 0, 0, 0, 0, 0, 0, 0, 0, 1, 0, 0, 1)"
3.557045,85,225.207604,0,"(np.int64(38372), np.int64(2270), np.int64(41315), np.int64(10767), np.int64(32243), np.int64(47395), np.int64(28391), np.int64(45889), np.int64(13060), np.int64(47805), np.int64(47617), np.int64(3485), np.int64(31456), np.int64(12263), np.int64(32772), np.int64(23760), np.int64(40596), np.int64(48436), np.int64(6508), np.int64(47278), np.int64(24545), np.int64(37872), np.int64(3480), np.int64(43098), np.int64(9410), np.int64(9832), np.int64(35026), np.int64(32241), np.int64(2748), np.int64(49386), np.int64(36762), np.int64(4546), np.int64(22912), np.int64(22384), np.int64(8437), np.int64(30321), np.int64(34429), np.int64(40441), np.int64(36285), np.int64(39103), np.int64(16761), np.int64(16226), np.int64(38071), np.int64(26797), np.int64(15856), np.int64(20960), np.int64(4367), np.int64(25228), np.int64(47692), np.int64(39962), np.int64(15481), np.int64(25433), np.int64(35244), np.int64(2098), np.int64(33044), np.int64(31712), np.int64(35242), np.int64(40555), np.int64(443), np.int64(19), np.int64(25142), np.int64(9491), np.int64(22461), np.int64(48596), np.int64(46965), np.int64(25866), np.int64(15712), np.int64(34817), np.int64(46093), np.int64(23439), np.int64(49496), np.int64(44046), np.int64(32508), np.int64(43193), np.int64(36894), np.int64(23118), np.int64(43880), np.int64(32180), np.int64(31950), np.int64(36199), np.int64(44208), np.int64(6946), np.int64(48541), np.int64(41347), np.int64(42570))","(0, 0, 0, 1, 0, 0, 0, 0, 0, 0, 0, 0, 0, 0, 0, 0, 0, 1, 1, 0, 0, 0, 0, 0, 1, 0, 0, 0, 0, 0, 0, 0, 0, 0, 0, 0, 0, 0, 0, 0, 0, 0, 0, 0, 0, 0, 0, 0, 0, 0, 0, 0, 0, 0, 0, 0, 0, 0, 0, 0, 0, 0, 0, 0, 0, 0, 0, 0, 0, 0, 0, 0, 0, 0, 0, 0, 0, 0, 0, 0, 0, 0, 0, 0, 1)"
3.410349,45,225.918148,0,"(np.int64(18163), np.int64(32530), np.int64(40982), np.int64(48017), np.int64(34632), np.int64(15320), np.int64(12980), np.int64(10936), np.int64(37202), np.int64(2867), np.int64(12296), np.int64(4543), np.int64(29862), np.int64(45254), np.int64(25974), np.int64(5863), np.int64(12674), np.int64(38195), np.int64(25758), np.int64(47045), np.int64(12296), np.int64(41349), np.int64(39979), np.int64(75), np.int64(33013), np.int64(44782), np.int64(9090), np.int64(15860), np.int64(20903), np.int64(49890), np.int64(37831), np.int64(42564), np.int64(2033), np.int64(37203), np.int64(45349), np.int64(42777), np.int64(27158), np.int64(37548), np.int64(17797), np.int64(32493), np.int64(36754), np.int64(20053), np.int64(42490), np.int64(39273), np.int64(32897))","(0, 1, 0, 0, 0, 0, 0, 0, 0, 0, 0, 1, 0, 0, 1, 0, 0, 0, 0, 0, 0, 0, 0, 0, 0, 0, 0, 1, 0, 0, 0, 0, 0, 0, 0, 0, 0, 0, 0, 0, 0, 0, 0, 0, 1)"
3.848664,67,227.059253,0,"(np.int64(43431), np.int64(17364), np.int64(18718), np.int64(27821), np.int64(36358), np.int64(20768), np.int64(41070), np.int64(43308), np.int64(44061), np.int64(27490), np.int64(40846), np.int64(48637), np.int64(10933), np.int64(22975), np.int64(28368), np.int64(609), np.int64(34189), np.int64(26666), np.int64(48176), np.int64(13375), np.int64(32920), np.int64(47863), np.int64(45005), np.int64(12961), np.int64(16673), np.int64(36042), np.int64(39516), np.int64(20068), np.int64(6299), np.int64(26078), np.int64(5384), np.int64(4856), np.int64(24755), np.int64(29573), np.int64(16314), np.int64(6801), np.int64(23998), np.int64(14562), np.int64(42389), np.int64(44523), np.int64(13758), np.int64(33560), np.int64(1211), np.int64(15573), np.int64(2454), np.int64(17459), np.int64(10651), np.int64(23361), np.int64(27894), np.int64(49392), np.int64(5418), np.int64(49478), np.int64(2023), np.int64(9233), np.int64(1554), np.int64(13918), np.int64(20770), np.int64(2944), np.int64(31642), np.int64(4379), np.int64(48375), np.int64(35679), np.int64(32697), np.int64(22767), np.int64(1361), np.int64(2135), np.int64(21308))","(0, 0, 0, 0, 0, 0, 0, 0, 0, 0, 0, 0, 0, 0, 0, 0, 0, 0, 0, 0, 0, 0, 0, 0, 1, 0, 0, 0, 0, 0, 1, 0, 0, 0, 0, 0, 0, 0, 0, 0, 0, 0, 0, 0, 0, 0, 1, 1, 0, 0, 0, 0, 0, 0, 0, 0, 0, 0, 0, 0, 0, 0, 0, 0, 0, 0, 1)"
3.882706,50,227.860754,0,"(np.int64(30432), np.int64(451), np.int64(5390), np.int64(14535), np.int64(32915), np.int64(31504), np.int64(33070), np.int64(1285), np.int64(27092), np.int64(42171), np.int64(26299), np.int64(4318), np.int64(32598), np.int64(24007), np.int64(43669), np.int64(20114), np.int64(28940), np.int64(5878), np.int64(40282), np.int64(48862), np.int64(5536), np.int64(41681), np.int64(15980), np.int64(21155), np.int64(23676), np.int64(18352), np.int64(6345), np.int64(37512), np.int64(24480), np.int64(24275), np.int64(47790), np.int64(27832), np.int64(28322), np.int64(47768), np.int64(45894), np.int64(2350), np.int64(20678), np.int64(26757), np.int64(48531), np.int64(40938), np.int64(32739), np.int64(26777), np.int64(2630), np.int64(48373), np.int64(47593), np.int64(24115), np.int64(16777), np.int64(34816), np.int64(19294), np.int64(41606))","(0, 0, 0, 0, 0, 1, 0, 0, 0, 0, 0, 0, 0, 0, 0, 1, 0, 0, 0, 0, 0, 0, 0, 0, 0, 0, 0, 1, 0, 0, 0, 0, 0, 0, 0, 1, 1, 0, 0, 0, 0, 0, 0, 0, 0, 0, 0, 0, 0, 0)"
4.485462,50,228.587062,0,"(np.int64(3128), np.int64(39403), np.int64(20657), np.int64(29898), np.int64(44183), np.int64(37995), np.int64(18395), np.int64(44917), np.int64(18359), np.int64(42681), np.int64(20953), np.int64(38628), np.int64(33334), np.int64(35270), np.int64(49378), np.int64(18293), np.int64(1633), np.int64(27650), np.int64(48793), np.int64(30253), np.int64(8015), np.int64(4262), np.int64(3297), np.int64(4702), np.int64(39891), np.int64(24505), np.int64(42702), np.int64(42356), np.int64(10259), np.int64(44605), np.int64(48924), np.int64(37764), np.int64(1976), np.int64(42938), np.int64(2488), np.int64(28927), np.int64(19271), np.int64(3851), np.int64(37545), np.int64(30312), np.int64(7564), np.int64(880), np.int64(46987), np.int64(26864), np.int64(6746), np.int64(25503), np.int64(36706), np.int64(26627), np.int64(46356), np.int64(29605))","(0, 0, 0, 0, 0, 0, 0, 0, 0, 0, 0, 0, 0, 0, 0, 1, 1, 0, 0, 0, 0, 0, 1, 0, 0, 0, 0, 0, 0, 0, 0, 0, 0, 0, 0, 0, 0, 0, 0, 0, 1, 1, 0, 0, 1, 0, 0, 0, 0, 0)"
3.814231,16,228.798883,0,"(np.int64(6936), np.int64(31374), np.int64(38396), np.int64(36695), np.int64(40385), np.int64(15940), np.int64(11455), np.int64(39234), np.int64(4131), np.int64(12736), np.int64(41237), np.int64(28644), np.int64(19681), np.int64(32977), np.int64(24877), np.int64(16774))","(1, 1, 0, 0, 0, 0, 1, 0, 1, 0, 0, 0, 1, 0, 0, 0)"
4.546293,50,229.445343,0,"(np.int64(42764), np.int64(46544), np.int64(43108), np.int64(37632), np.int64(49012), np.int64(46606), np.int64(43379), np.int64(41439), np.int64(7268), np.int64(43513), np.int64(12105), np.int64(35520), np.int64(3183), np.int64(33778), np.int64(16056), np.int64(12563), np.int64(23709), np.int64(46524), np.int64(830), np.int64(30599), np.int64(11130), np.int64(29476), np.int64(35059), np.int64(25523), np.int64(16013), np.int64(13253), np.int64(28499), np.int64(31000), np.int64(28335), np.int64(25387), np.int64(17706), np.int64(45542), np.int64(30125), np.int64(39445), np.int64(12110), np.int64(31939), np.int64(40470), np.int64(35903), np.int64(8949), np.int64(43240), np.int64(18338), np.int64(34811), np.int64(28830), np.int64(45214), np.int64(47760), np.int64(26780), np.int64(18061), np.int64(38864), np.int64(5396), np.int64(19159))","(0, 1, 0, 0, 0, 0, 0, 0, 0, 0, 0, 1, 1, 0, 0, 0, 0, 1, 0, 0, 0, 0, 0, 0, 0, 0, 0, 0, 0, 0, 0, 0, 1, 0, 0, 0, 0, 0, 0, 0, 0, 0, 0, 0, 0, 0, 0, 0, 1, 0)"
3.790675,51,230.105174,0,"(np.int64(28420), np.int64(32729), np.int64(40438), np.int64(49912), np.int64(36677), np.int64(45980), np.int64(17358), np.int64(24987), np.int64(15519), np.int64(31854), np.int64(39561), np.int64(6679), np.int64(43640), np.int64(2182), np.int64(8846), np.int64(24235), np.int64(22626), np.int64(6588), np.int64(3057), np.int64(26528), np.int64(6023), np.int64(11828), np.int64(21262), np.int64(6352), np.int64(42719), np.int64(18188), np.int64(27782), np.int64(9963), np.int64(39600), np.int64(246), np.int64(13969), np.int64(10062), np.int64(49672), np.int64(49069), np.int64(20423), np.int64(31657), np.int64(24753), np.int64(33284), np.int64(32394), np.int64(13961), np.int64(434), np.int64(13691), np.int64(4344), np.int64(20942), np.int64(45426), np.int64(39345), np.int64(30209), np.int64(19049), np.int64(42586), np.int64(36231), np.int64(25193))","(0, 1, 0, 0, 0, 0, 0, 0, 0, 0, 0, 1, 0, 0, 0, 0, 0, 0, 0, 0, 1, 1, 0, 0, 0, 0, 0, 0, 0, 0, 0, 0, 0, 0, 0, 0, 0, 0, 0, 0, 0, 0, 0, 0, 0, 0, 0, 0, 0, 0, 1)"
3.960763,53,230.78216,0,"(np.int64(38374), np.int64(30534), np.int64(672), np.int64(1679), np.int64(15481), np.int64(48590), np.int64(10097), np.int64(34781), np.int64(49640), np.int64(44316), np.int64(33539), np.int64(27291), np.int64(43664), np.int64(6276), np.int64(48124), np.int64(21699), np.int64(41395), np.int64(31150), np.int64(11692), np.int64(20462), np.int64(15260), np.int64(6318), np.int64(8267), np.int64(34057), np.int64(30833), np.int64(20364), np.int64(40698), np.int64(11026), np.int64(34358), np.int64(8721), np.int64(9126), np.int64(3224), np.int64(11748), np.int64(43934), np.int64(6740), np.int64(29792), np.int64(23614), np.int64(22214), np.int64(12928), np.int64(5837), np.int64(36384), np.int64(12141), np.int64(17715), np.int64(16101), np.int64(14674), np.int64(36823), np.int64(24519), np.int64(29334), np.int64(28402), np.int64(35670), np.int64(2049), np.int64(30432), np.int64(13662))","(0, 0, 0, 0, 0, 0, 0, 0, 0, 0, 0, 0, 0, 0, 0, 0, 0, 1, 0, 0, 1, 1, 0, 0, 0, 0, 0, 0, 0, 0, 0, 0, 0, 0, 0, 0, 0, 0, 0, 0, 0, 0, 0, 0, 0, 0, 0, 0, 0, 0, 1, 0, 1)"
4.727197,50,231.429858,0,"(np.int64(2361), np.int64(18444), np.int64(27722), np.int64(21838), np.int64(39933), np.int64(395), np.int64(43197), np.int64(45504), np.int64(18725), np.int64(49941), np.int64(39072), np.int64(35831), np.int64(36378), np.int64(35843), np.int64(32548), np.int64(39886), np.int64(35715), np.int64(22935), np.int64(47033), np.int64(5043), np.int64(33622), np.int64(22257), np.int64(25938), np.int64(43366), np.int64(11331), np.int64(40321), np.int64(1301), np.int64(43674), np.int64(29797), np.int64(40462), np.int64(5770), np.int64(17544), np.int64(7715), np.int64(3019), np.int64(35190), np.int64(387), np.int64(9261), np.int64(13234), np.int64(33194), np.int64(1364), np.int64(5091), np.int64(11214), np.int64(22503), np.int64(26019), np.int64(28926), np.int64(35348), np.int64(39141), np.int64(13669), np.int64(87), np.int64(39282))","(0, 0, 0, 1, 0, 0, 0, 0, 0, 0, 0, 0, 0, 0, 0, 0, 0, 0, 0, 0, 0, 0, 0, 0, 0, 0, 0, 0, 0, 0, 1, 0, 0, 0, 0, 1, 0, 1, 0, 1, 0, 1, 0, 0, 0, 0, 0, 0, 0, 0)"
4.703111,39,231.941239,0,"(np.int64(39593), np.int64(7882), np.int64(23656), np.int64(27842), np.int64(9536), np.int64(1350), np.int64(48012), np.int64(16379), np.int64(15622), np.int64(13042), np.int64(30173), np.int64(34512), np.int64(37033), np.int64(20479), np.int64(40403), np.int64(2784), np.int64(22514), np.int64(21622), np.int64(33077), np.int64(9153), np.int64(23379), np.int64(48526), np.int64(8372), np.int64(5297), np.int64(27382), np.int64(46031), np.int64(6836), np.int64(2905), np.int64(29782), np.int64(45900), np.int64(6679), np.int64(16863), np.int64(47517), np.int64(42906), np.int64(5336), np.int64(2859), np.int64(19103), np.int64(42382), np.int64(5012))","(0, 0, 0, 0, 1, 0, 0, 1, 1, 0, 0, 0, 0, 0, 0, 0, 0, 0, 0, 0, 0, 0, 0, 0, 0, 0, 0, 0, 0, 0, 1, 0, 0, 1, 0, 1, 0, 0, 0)"
3.614217,60,232.711549,0,"(np.int64(903), np.int64(38009), np.int64(33060), np.int64(25551), np.int64(39064), np.int64(20157), np.int64(27636), np.int64(25443), np.int64(16224), np.int64(8968), np.int64(45334), np.int64(205), np.int64(18767), np.int64(38302), np.int64(6441), np.int64(28596), np.int64(3120), np.int64(31901), np.int64(45324), np.int64(27623), np.int64(21781), np.int64(47667), np.int64(17515), np.int64(6686), np.int64(12090), np.int64(47835), np.int64(14870), np.int64(12197), np.int64(41292), np.int64(10074), np.int64(44438), np.int64(22048), np.int64(43730), np.int64(4025), np.int64(23772), np.int64(24788), np.int64(3876), np.int64(30754), np.int64(36131), np.int64(4878), np.int64(5500), np.int64(28018), np.int64(39875), np.int64(41561), np.int64(2968), np.int64(9641), np.int64(45938), np.int64(25191), np.int64(43540), np.int64(42222), np.int64(45028), np.int64(41548), np.int64(49192), np.int64(35714), np.int64(5323), np.int64(32340), np.int64(15623), np.int64(14891), np.int64(4579), np.int64(1734))","(0, 0, 0, 0, 0, 0, 0, 0, 0, 0, 0, 1, 0, 0, 0, 1, 0, 0, 0, 0, 0, 0, 0, 0, 0, 0, 0, 0, 0, 0, 0, 0, 0, 0, 0, 0, 0, 0, 0, 0, 0, 1, 0, 0, 0, 0, 0, 0, 0, 0, 0, 0, 0, 0, 0, 0, 0, 0, 1, 1)"
4.368642,21,232.984677,0,"(np.int64(22309), np.int64(2679), np.int64(38523), np.int64(11966), np.int64(47412), np.int64(20567), np.int64(30712), np.int64(46704), np.int64(12676), np.int64(28000), np.int64(36942), np.int64(26377), np.int64(25917), np.int64(35422), np.int64(34825), np.int64(22177), np.int64(48336), np.int64(7019), np.int64(17441), np.int64(37965), np.int64(13156))","(0, 0, 0, 0, 0, 0, 0, 0, 1, 0, 0, 1, 0, 1, 0, 1, 1, 0, 1, 0, 0)"
4.624837,50,233.634765,0,"(np.int64(6223), np.int64(32280), np.int64(49481), np.int64(45422), np.int64(37982), np.int64(29286), np.int64(15660), np.int64(49435), np.int64(48340), np.int64(27764), np.int64(29199), np.int64(10939), np.int64(29173), np.int64(27934), np.int64(421), np.int64(855), np.int64(12853), np.int64(20169), np.int64(13210), np.int64(34884), np.int64(12182), np.int64(7326), np.int64(3548), np.int64(37740), np.int64(39969), np.int64(38404), np.int64(47885), np.int64(24995), np.int64(42376), np.int64(21321), np.int64(19840), np.int64(43203), np.int64(32276), np.int64(36908), np.int64(40922), np.int64(28887), np.int64(40231), np.int64(13723), np.int64(2062), np.int64(37253), np.int64(38397), np.int64(20801), np.int64(6168), np.int64(49484), np.int64(11609), np.int64(42755), np.int64(1428), np.int64(41902), np.int64(19708), np.int64(15617))","(1, 0, 0, 0, 0, 0, 0, 0, 0, 1, 0, 1, 0, 1, 0, 0, 0, 0, 0, 0, 0, 1, 0, 0, 0, 0, 0, 0, 0, 0, 0, 0, 0, 0, 0, 0, 0, 0, 1, 0, 0, 0, 0, 0, 0, 0, 0, 0, 0, 0)"
3.851555,50,234.278097,0,"(np.int64(38007), np.int64(26044), np.int64(31344), np.int64(45147), np.int64(41969), np.int64(27288), np.int64(45189), np.int64(18794), np.int64(12538), np.int64(27112), np.int64(19693), np.int64(4731), np.int64(5380), np.int64(45970), np.int64(22675), np.int64(12890), np.int64(12349), np.int64(11282), np.int64(16661), np.int64(7502), np.int64(13949), np.int64(1173), np.int64(12302), np.int64(32329), np.int64(27309), np.int64(35469), np.int64(24707), np.int64(46589), np.int64(4313), np.int64(35689), np.int64(47005), np.int64(34739), np.int64(11753), np.int64(6827), np.int64(29185), np.int64(34972), np.int64(44716), np.int64(31820), np.int64(48504), np.int64(13550), np.int64(42674), np.int64(5810), np.int64(991), np.int64(13875), np.int64(10950), np.int64(10088), np.int64(18164), np.int64(3909), np.int64(29880), np.int64(38978))","(0, 0, 1, 0, 0, 1, 0, 0, 0, 0, 0, 0, 0, 0, 0, 0, 0, 0, 0, 0, 0, 0, 1, 0, 0, 1, 0, 0, 0, 0, 0, 0, 1, 0, 0, 0, 0, 0, 0, 0, 0, 0, 0, 0, 0, 0, 0, 0, 0, 0)"
3.737428,65,235.081702,0,"(np.int64(46541), np.int64(16625), np.int64(24565), np.int64(291), np.int64(43788), np.int64(38536), np.int64(33081), np.int64(27720), np.int64(47753), np.int64(24024), np.int64(9727), np.int64(15253), np.int64(27719), np.int64(49245), np.int64(13681), np.int64(28881), np.int64(23819), np.int64(30566), np.int64(40232), np.int64(4693), np.int64(47325), np.int64(45830), np.int64(49711), np.int64(42998), np.int64(10736), np.int64(12413), np.int64(24547), np.int64(32857), np.int64(10459), np.int64(32746), np.int64(44137), np.int64(33389), np.int64(5902), np.int64(35284), np.int64(35351), np.int64(25360), np.int64(40703), np.int64(11953), np.int64(29613), np.int64(45981), np.int64(34515), np.int64(43859), np.int64(17683), np.int64(7446), np.int64(3663), np.int64(29371), np.int64(42625), np.int64(9652), np.int64(38073), np.int64(21187), np.int64(17990), np.int64(18018), np.int64(30310), np.int64(40565), np.int64(34350), np.int64(36944), np.int64(32911), np.int64(47891), np.int64(34753), np.int64(36195), np.int64(11912), np.int64(39078), np.int64(39879), np.int64(10084), np.int64(16009))","(0, 0, 0, 0, 0, 0, 0, 0, 0, 0, 0, 0, 0, 0, 0, 0, 0, 0, 0, 0, 0, 0, 0, 0, 0, 0, 0, 0, 0, 0, 0, 0, 0, 0, 0, 0, 0, 1, 0, 0, 0, 0, 0, 1, 0, 1, 0, 0, 0, 0, 0, 0, 0, 0, 0, 0, 0, 0, 0, 0, 0, 1, 0, 0, 1)"
4.370516,50,235.730345,0,"(np.int64(6015), np.int64(23282), np.int64(46770), np.int64(335), np.int64(37395), np.int64(24331), np.int64(4800), np.int64(3396), np.int64(29118), np.int64(7942), np.int64(7362), np.int64(39649), np.int64(45745), np.int64(32389), np.int64(38934), np.int64(33266), np.int64(14082), np.int64(18843), np.int64(28757), np.int64(40126), np.int64(35853), np.int64(3689), np.int64(37995), np.int64(18170), np.int64(9910), np.int64(14902), np.int64(40892), np.int64(41207), np.int64(25639), np.int64(11658), np.int64(3333), np.int64(22020), np.int64(37641), np.int64(39776), np.int64(17620), np.int64(21937), np.int64(16891), np.int64(17553), np.int64(28443), np.int64(9831), np.int64(47344), np.int64(8049), np.int64(12755), np.int64(37018), np.int64(10756), np.int64(11189), np.int64(6980), np.int64(23012), np.int64(27103), np.int64(5602))","(0, 0, 0, 0, 0, 0, 0, 0, 0, 0, 0, 0, 0, 0, 1, 0, 1, 0, 1, 0, 0, 0, 0, 0, 0, 1, 0, 0, 1, 0, 0, 0, 0, 0, 0, 0, 0, 0, 0, 0, 0, 0, 0, 0, 1, 0, 0, 0, 0, 0)"
3.678863,50,236.378197,0,"(np.int64(13130), np.int64(23792), np.int64(19286), np.int64(39058), np.int64(42938), np.int64(31265), np.int64(30812), np.int64(27016), np.int64(45370), np.int64(5261), np.int64(39664), np.int64(37411), np.int64(35306), np.int64(39001), np.int64(42477), np.int64(36168), np.int64(26027), np.int64(28881), np.int64(5772), np.int64(13157), np.int64(45653), np.int64(12959), np.int64(39995), np.int64(22217), np.int64(32760), np.int64(29230), np.int64(39354), np.int64(28812), np.int64(38127), np.int64(18486), np.int64(44931), np.int64(31003), np.int64(29857), np.int64(242), np.int64(2182), np.int64(897), np.int64(16516), np.int64(14645), np.int64(47286), np.int64(10899), np.int64(47858), np.int64(21223), np.int64(32747), np.int64(31521), np.int64(4921), np.int64(15191), np.int64(16900), np.int64(32318), np.int64(37346), np.int64(9994))","(0, 0, 0, 0, 0, 0, 0, 0, 0, 0, 0, 0, 0, 0, 0, 0, 0, 0, 0, 0, 0, 0, 0, 0, 0, 0, 0, 0, 0, 0, 0, 0, 0, 0, 0, 0, 0, 0, 0, 1, 0, 0, 1, 0, 1, 0, 0, 0, 1, 1)"
5.38872,50,237.020645,0,"(np.int64(19216), np.int64(45730), np.int64(36374), np.int64(4558), np.int64(14238), np.int64(47438), np.int64(4339), np.int64(27182), np.int64(39628), np.int64(10216), np.int64(24034), np.int64(5002), np.int64(46916), np.int64(28996), np.int64(34495), np.int64(48134), np.int64(36017), np.int64(16575), np.int64(32918), np.int64(5007), np.int64(33357), np.int64(233), np.int64(15627), np.int64(13248), np.int64(39185), np.int64(37056), np.int64(36754), np.int64(27165), np.int64(29126), np.int64(32406), np.int64(48476), np.int64(27267), np.int64(44347), np.int64(21513), np.int64(43417), np.int64(37005), np.int64(21966), np.int64(15902), np.int64(14719), np.int64(9161), np.int64(4983), np.int64(11134), np.int64(1455), np.int64(1225), np.int64(34085), np.int64(32707), np.int64(40643), np.int64(9085), np.int64(30969), np.int64(18108))","(1, 0, 0, 0, 0, 0, 1, 0, 0, 0, 0, 0, 0, 1, 0, 0, 0, 0, 0, 0, 0, 0, 1, 1, 0, 0, 0, 0, 0, 0, 0, 1, 0, 0, 0, 0, 0, 0, 0, 1, 0, 0, 0, 0, 0, 0, 0, 0, 0, 0)"
3.707261,79,238.004421,0,"(np.int64(16858), np.int64(24995), np.int64(44512), np.int64(17649), np.int64(9385), np.int64(5314), np.int64(40825), np.int64(23228), np.int64(42122), np.int64(13850), np.int64(16442), np.int64(24482), np.int64(13129), np.int64(38351), np.int64(46378), np.int64(35815), np.int64(18771), np.int64(11042), np.int64(10333), np.int64(19663), np.int64(11613), np.int64(1069), np.int64(36591), np.int64(19331), np.int64(36021), np.int64(47899), np.int64(36353), np.int64(30135), np.int64(40064), np.int64(41177), np.int64(49471), np.int64(19619), np.int64(46410), np.int64(25638), np.int64(7200), np.int64(39636), np.int64(42337), np.int64(14233), np.int64(6221), np.int64(49719), np.int64(7349), np.int64(34759), np.int64(41673), np.int64(10957), np.int64(13171), np.int64(1873), np.int64(10310), np.int64(20981), np.int64(38544), np.int64(8134), np.int64(44794), np.int64(26637), np.int64(27426), np.int64(47491), np.int64(34444), np.int64(16088), np.int64(4946), np.int64(25774), np.int64(43725), np.int64(23642), np.int64(5992), np.int64(10848), np.int64(19291), np.int64(2071), np.int64(37517), np.int64(14906), np.int64(23527), np.int64(37925), np.int64(26503), np.int64(29098), np.int64(25433), np.int64(1659), np.int64(2949), np.int64(24540), np.int64(24648), np.int64(45643), np.int64(40456), np.int64(3237), np.int64(18111))","(0, 0, 0, 0, 0, 0, 0, 0, 0, 0, 0, 0, 0, 0, 0, 0, 0, 0, 0, 0, 0, 0, 0, 0, 0, 0, 0, 0, 0, 0, 0, 0, 0, 0, 0, 0, 0, 0, 0, 0, 0, 1, 0, 1, 1, 0, 0, 0, 0, 0, 0, 0, 0, 0, 0, 0, 0, 0, 0, 0, 0, 0, 0, 0, 0, 0, 0, 0, 1, 0, 0, 0, 0, 0, 0, 0, 0, 0, 1)"
3.918701,50,238.620276,0,"(np.int64(39900), np.int64(47051), np.int64(25079), np.int64(23236), np.int64(47975), np.int64(39084), np.int64(49037), np.int64(39509), np.int64(24380), np.int64(44113), np.int64(16468), np.int64(26698), np.int64(10103), np.int64(2790), np.int64(36854), np.int64(8618), np.int64(40516), np.int64(42602), np.int64(226), np.int64(7657), np.int64(44493), np.int64(15507), np.int64(25014), np.int64(19605), np.int64(5462), np.int64(22855), np.int64(19485), np.int64(7608), np.int64(16832), np.int64(13905), np.int64(18073), np.int64(11687), np.int64(23283), np.int64(42267), np.int64(645), np.int64(39158), np.int64(47993), np.int64(40966), np.int64(43858), np.int64(36512), np.int64(41666), np.int64(17156), np.int64(39669), np.int64(32666), np.int64(6084), np.int64(1552), np.int64(36322), np.int64(12442), np.int64(170), np.int64(12803))","(0, 0, 0, 0, 0, 0, 0, 0, 0, 0, 0, 0, 0, 0, 0, 0, 0, 0, 0, 0, 0, 1, 0, 0, 1, 0, 0, 0, 0, 0, 0, 1, 0, 0, 0, 0, 0, 0, 0, 0, 0, 0, 0, 0, 0, 0, 1, 0, 0, 1)"
3.790051,55,239.306339,0,"(np.int64(47265), np.int64(21591), np.int64(13876), np.int64(39026), np.int64(10910), np.int64(39889), np.int64(35745), np.int64(44451), np.int64(20771), np.int64(29124), np.int64(15886), np.int64(30677), np.int64(2100), np.int64(42122), np.int64(16712), np.int64(8739), np.int64(38702), np.int64(49735), np.int64(37581), np.int64(3718), np.int64(19498), np.int64(23162), np.int64(45112), np.int64(33478), np.int64(41550), np.int64(2858), np.int64(21483), np.int64(20198), np.int64(45201), np.int64(27485), np.int64(44333), np.int64(41940), np.int64(29857), np.int64(30461), np.int64(26351), np.int64(33800), np.int64(34041), np.int64(45930), np.int64(22237), np.int64(5244), np.int64(24111), np.int64(20233), np.int64(5457), np.int64(46810), np.int64(15056), np.int64(7120), np.int64(15871), np.int64(10283), np.int64(7334), np.int64(42435), np.int64(14657), np.int64(43395), np.int64(48919), np.int64(14200), np.int64(9184))","(0, 0, 0, 0, 1, 0, 0, 0, 0, 0, 0, 0, 0, 0, 0, 0, 0, 0, 0, 0, 0, 0, 0, 0, 0, 1, 0, 0, 0, 0, 0, 0, 0, 0, 0, 0, 0, 0, 0, 0, 0, 0, 0, 0, 0, 1, 0, 0, 0, 0, 0, 0, 1, 0, 1)"
5.051016,50,239.953747,0,"(np.int64(25061), np.int64(34406), np.int64(9062), np.int64(39272), np.int64(6284), np.int64(26675), np.int64(13866), np.int64(7138), np.int64(45181), np.int64(6873), np.int64(28308), np.int64(27362), np.int64(37680), np.int64(4367), np.int64(12620), np.int64(649), np.int64(22651), np.int64(30257), np.int64(38927), np.int64(4690), np.int64(24751), np.int64(47226), np.int64(33080), np.int64(38372), np.int64(23836), np.int64(399), np.int64(28870), np.int64(25896), np.int64(1664), np.int64(12489), np.int64(25557), np.int64(48785), np.int64(18121), np.int64(45723), np.int64(45529), np.int64(21274), np.int64(1515), np.int64(49082), np.int64(16885), np.int64(4096), np.int64(10969), np.int64(43802), np.int64(27087), np.int64(13275), np.int64(30240), np.int64(38650), np.int64(56), np.int64(10617), np.int64(7786), np.int64(8941))","(0, 0, 0, 0, 0, 0, 0, 0, 0, 1, 0, 0, 0, 0, 0, 1, 0, 0, 0, 1, 1, 0, 1, 0, 0, 0, 0, 0, 0, 0, 0, 1, 0, 1, 0, 0, 0, 0, 0, 0, 0, 0, 0, 0, 0, 0, 0, 0, 0, 0)"
3.777302,50,240.606639,0,"(np.int64(8223), np.int64(6500), np.int64(47921), np.int64(24860), np.int64(24920), np.int64(49621), np.int64(27499), np.int64(20657), np.int64(32584), np.int64(1996), np.int64(22577), np.int64(9822), np.int64(10060), np.int64(29356), np.int64(8782), np.int64(49519), np.int64(2838), np.int64(44319), np.int64(34369), np.int64(5668), np.int64(22468), np.int64(21121), np.int64(47286), np.int64(15873), np.int64(14545), np.int64(24549), np.int64(18562), np.int64(20740), np.int64(441), np.int64(37860), np.int64(22242), np.int64(12048), np.int64(47583), np.int64(6443), np.int64(49930), np.int64(4624), np.int64(22826), np.int64(36201), np.int64(41139), np.int64(35457), np.int64(5185), np.int64(36903), np.int64(18166), np.int64(48656), np.int64(44370), np.int64(7440), np.int64(2870), np.int64(31971), np.int64(44783), np.int64(15420))","(1, 0, 0, 0, 0, 0, 0, 0, 0, 0, 0, 0, 0, 0, 1, 0, 0, 0, 0, 0, 0, 0, 0, 0, 0, 1, 0, 0, 0, 0, 0, 0, 0, 0, 0, 1, 0, 0, 1, 0, 0, 0, 0, 0, 0, 0, 0, 0, 0, 0)"
3.66296,77,241.590474,0,"(np.int64(26692), np.int64(1266), np.int64(37032), np.int64(11718), np.int64(43509), np.int64(3529), np.int64(18305), np.int64(44668), np.int64(35421), np.int64(38693), np.int64(35881), np.int64(4294), np.int64(15493), np.int64(24880), np.int64(35012), np.int64(28704), np.int64(6405), np.int64(32079), np.int64(3981), np.int64(43583), np.int64(1533), np.int64(46254), np.int64(2939), np.int64(38270), np.int64(22158), np.int64(48456), np.int64(35649), np.int64(47016), np.int64(6806), np.int64(40965), np.int64(25168), np.int64(18075), np.int64(26220), np.int64(21695), np.int64(42352), np.int64(26578), np.int64(39630), np.int64(34707), np.int64(26534), np.int64(40640), np.int64(49164), np.int64(40898), np.int64(29036), np.int64(21834), np.int64(43333), np.int64(41175), np.int64(36140), np.int64(11626), np.int64(43796), np.int64(27072), np.int64(33763), np.int64(25458), np.int64(22687), np.int64(7439), np.int64(45669), np.int64(20929), np.int64(30661), np.int64(1827), np.int64(41302), np.int64(34654), np.int64(32999), np.int64(14295), np.int64(18137), np.int64(25565), np.int64(26947), np.int64(1870), np.int64(8293), np.int64(38318), np.int64(23144), np.int64(15477), np.int64(48561), np.int64(13096), np.int64(6430), np.int64(17339), np.int64(38439), np.int64(36079), np.int64(20619))","(0, 0, 0, 0, 0, 0, 0, 0, 0, 0, 0, 0, 1, 0, 0, 0, 0, 1, 0, 0, 0, 0, 0, 0, 0, 0, 0, 0, 0, 0, 0, 0, 0, 0, 0, 0, 0, 0, 0, 0, 0, 1, 0, 0, 0, 0, 0, 0, 0, 0, 0, 0, 0, 0, 0, 0, 0, 0, 0, 0, 0, 1, 0, 0, 0, 0, 0, 0, 0, 0, 0, 0, 0, 0, 0, 0, 1)"
7.661011,50,242.235893,0,"(np.int64(3926), np.int64(47332), np.int64(49787), np.int64(2236), np.int64(36857), np.int64(13489), np.int64(15758), np.int64(46205), np.int64(10879), np.int64(1194), np.int64(41860), np.int64(34549), np.int64(41607), np.int64(45787), np.int64(25115), np.int64(17283), np.int64(1290), np.int64(16095), np.int64(27513), np.int64(2480), np.int64(40262), np.int64(9739), np.int64(18569), np.int64(27925), np.int64(34387), np.int64(14908), np.int64(42428), np.int64(4549), np.int64(24851), np.int64(10623), np.int64(36232), np.int64(12829), np.int64(6359), np.int64(11913), np.int64(23395), np.int64(1589), np.int64(1521), np.int64(3842), np.int64(28480), np.int64(16413), np.int64(45393), np.int64(39814), np.int64(43559), np.int64(14684), np.int64(36630), np.int64(11983), np.int64(18492), np.int64(10504), np.int64(49156), np.int64(15616))","(0, 0, 0, 0, 0, 0, 0, 0, 1, 0, 1, 0, 0, 0, 0, 0, 0, 0, 0, 1, 0, 0, 1, 1, 0, 0, 0, 1, 0, 1, 0, 1, 0, 0, 1, 0, 0, 0, 0, 0, 0, 0, 0, 0, 0, 0, 0, 0, 0, 1)"
3.536848,62,243.038747,0,"(np.int64(32567), np.int64(10884), np.int64(1616), np.int64(19059), np.int64(22956), np.int64(46648), np.int64(35774), np.int64(25629), np.int64(9999), np.int64(6762), np.int64(45784), np.int64(47068), np.int64(806), np.int64(33810), np.int64(2646), np.int64(2979), np.int64(24620), np.int64(43198), np.int64(18384), np.int64(46808), np.int64(32511), np.int64(40086), np.int64(24583), np.int64(39352), np.int64(33919), np.int64(1446), np.int64(5600), np.int64(24322), np.int64(13440), np.int64(27599), np.int64(11398), np.int64(20383), np.int64(19529), np.int64(19485), np.int64(27186), np.int64(2196), np.int64(41061), np.int64(27852), np.int64(42906), np.int64(18709), np.int64(27346), np.int64(38838), np.int64(15298), np.int64(44382), np.int64(16561), np.int64(18356), np.int64(22189), np.int64(27588), np.int64(33014), np.int64(22731), np.int64(1223), np.int64(49415), np.int64(19087), np.int64(48187), np.int64(3576), np.int64(27191), np.int64(40181), np.int64(9936), np.int64(45227), np.int64(48071), np.int64(31121), np.int64(6670))","(0, 0, 0, 0, 0, 0, 0, 0, 0, 0, 0, 0, 0, 0, 0, 0, 0, 0, 0, 0, 0, 1, 0, 0, 0, 0, 0, 0, 0, 0, 0, 0, 0, 0, 0, 0, 0, 0, 1, 0, 0, 0, 0, 0, 0, 0, 1, 1, 0, 0, 0, 0, 0, 0, 0, 0, 0, 0, 0, 0, 0, 1)"
3.62459,50,243.681934,0,"(np.int64(27432), np.int64(33795), np.int64(29546), np.int64(19873), np.int64(41343), np.int64(33112), np.int64(18907), np.int64(28502), np.int64(47667), np.int64(14801), np.int64(40456), np.int64(4117), np.int64(27213), np.int64(40013), np.int64(20654), np.int64(31154), np.int64(14819), np.int64(41805), np.int64(43518), np.int64(37930), np.int64(36719), np.int64(5982), np.int64(28707), np.int64(14788), np.int64(27209), np.int64(12975), np.int64(45117), np.int64(40176), np.int64(49412), np.int64(39817), np.int64(4671), np.int64(33519), np.int64(49113), np.int64(25162), np.int64(13374), np.int64(9884), np.int64(15321), np.int64(10406), np.int64(27044), np.int64(6959), np.int64(15163), np.int64(10750), np.int64(1662), np.int64(15666), np.int64(12686), np.int64(2318), np.int64(25490), np.int64(28474), np.int64(20893), np.int64(20746))","(0, 0, 0, 0, 0, 0, 1, 0, 0, 1, 0, 0, 0, 0, 0, 0, 0, 0, 0, 0, 0, 0, 0, 0, 0, 1, 0, 0, 0, 0, 0, 0, 0, 0, 0, 0, 0, 1, 0, 0, 1, 0, 0, 0, 0, 0, 0, 0, 0, 0)"
3.607553,50,244.316103,0,"(np.int64(42292), np.int64(37226), np.int64(30228), np.int64(47077), np.int64(346), np.int64(43163), np.int64(21180), np.int64(5962), np.int64(9896), np.int64(1067), np.int64(29174), np.int64(39427), np.int64(40230), np.int64(40013), np.int64(33780), np.int64(5417), np.int64(48359), np.int64(22973), np.int64(26087), np.int64(20126), np.int64(28716), np.int64(5827), np.int64(49449), np.int64(7111), np.int64(47488), np.int64(11292), np.int64(29437), np.int64(49088), np.int64(36142), np.int64(35808), np.int64(15458), np.int64(26890), np.int64(11838), np.int64(39330), np.int64(49898), np.int64(34472), np.int64(35684), np.int64(40069), np.int64(31259), np.int64(3562), np.int64(5074), np.int64(10780), np.int64(1611), np.int64(8253), np.int64(4625), np.int64(8792), np.int64(41744), np.int64(31861), np.int64(46129), np.int64(46096))","(0, 1, 0, 0, 0, 0, 0, 1, 0, 0, 0, 0, 0, 0, 0, 0, 0, 0, 0, 0, 0, 0, 0, 0, 0, 0, 0, 0, 0, 0, 0, 0, 0, 0, 0, 0, 0, 1, 0, 0, 0, 0, 0, 1, 0, 0, 1, 0, 0, 0)"
3.704032,50,244.949732,0,"(np.int64(10569), np.int64(11923), np.int64(32031), np.int64(44152), np.int64(7002), np.int64(6789), np.int64(42848), np.int64(33480), np.int64(31481), np.int64(39504), np.int64(124), np.int64(12683), np.int64(34234), np.int64(19573), np.int64(37469), np.int64(1537), np.int64(23945), np.int64(33959), np.int64(22907), np.int64(37915), np.int64(15191), np.int64(14614), np.int64(15034), np.int64(8252), np.int64(46930), np.int64(26474), np.int64(36878), np.int64(34384), np.int64(31312), np.int64(42609), np.int64(32097), np.int64(33195), np.int64(39248), np.int64(34592), np.int64(45140), np.int64(37226), np.int64(23699), np.int64(25076), np.int64(1733), np.int64(40037), np.int64(6140), np.int64(33112), np.int64(12953), np.int64(32196), np.int64(41547), np.int64(13093), np.int64(40894), np.int64(44946), np.int64(1275), np.int64(49411))","(0, 0, 0, 0, 0, 0, 0, 0, 0, 0, 0, 0, 1, 0, 0, 0, 0, 0, 0, 0, 0, 0, 0, 0, 0, 0, 0, 0, 0, 0, 0, 0, 0, 0, 0, 1, 0, 0, 0, 0, 1, 0, 0, 0, 0, 0, 1, 0, 1, 0)"
3.594579,80,245.960463,0,"(np.int64(45896), np.int64(1941), np.int64(34488), np.int64(4401), np.int64(2914), np.int64(12152), np.int64(48173), np.int64(26962), np.int64(17743), np.int64(2540), np.int64(33618), np.int64(40076), np.int64(43487), np.int64(7764), np.int64(49686), np.int64(18140), np.int64(26207), np.int64(7324), np.int64(46718), np.int64(15723), np.int64(48865), np.int64(42507), np.int64(42245), np.int64(29205), np.int64(20917), np.int64(24470), np.int64(744), np.int64(36443), np.int64(4947), np.int64(7016), np.int64(3394), np.int64(40442), np.int64(33792), np.int64(34008), np.int64(44345), np.int64(41018), np.int64(33004), np.int64(28311), np.int64(31932), np.int64(40116), np.int64(30176), np.int64(10761), np.int64(13001), np.int64(46707), np.int64(34702), np.int64(44108), np.int64(21520), np.int64(22320), np.int64(25563), np.int64(8665), np.int64(2034), np.int64(40902), np.int64(46688), np.int64(36260), np.int64(27993), np.int64(32705), np.int64(38399), np.int64(742), np.int64(11569), np.int64(44947), np.int64(5149), np.int64(26032), np.int64(42617), np.int64(27084), np.int64(44945), np.int64(2874), np.int64(48783), np.int64(47191), np.int64(47943), np.int64(27440), np.int64(49083), np.int64(29760), np.int64(28246), np.int64(43952), np.int64(49811), np.int64(11798), np.int64(29796), np.int64(24599), np.int64(38612), np.int64(38636))","(0, 0, 0, 0, 0, 0, 0, 0, 0, 0, 0, 0, 0, 1, 0, 0, 0, 0, 0, 0, 0, 0, 0, 0, 0, 0, 0, 0, 0, 0, 0, 0, 0, 0, 0, 0, 0, 0, 1, 0, 0, 0, 0, 0, 0, 0, 0, 0, 0, 0, 0, 0, 0, 0, 0, 0, 0, 0, 0, 0, 0, 0, 0, 1, 0, 0, 0, 0, 0, 1, 0, 0, 0, 0, 0, 0, 0, 0, 0, 1)"
4.73377,50,246.596184,0,"(np.int64(11894), np.int64(31837), np.int64(44082), np.int64(44704), np.int64(33943), np.int64(47191), np.int64(22303), np.int64(16740), np.int64(26920), np.int64(33007), np.int64(3328), np.int64(7803), np.int64(3657), np.int64(7933), np.int64(30736), np.int64(26811), np.int64(6846), np.int64(3706), np.int64(29724), np.int64(20178), np.int64(124), np.int64(6613), np.int64(34601), np.int64(30999), np.int64(48276), np.int64(16097), np.int64(14009), np.int64(37234), np.int64(16604), np.int64(35215), np.int64(14745), np.int64(14713), np.int64(29669), np.int64(13050), np.int64(48571), np.int64(1599), np.int64(7868), np.int64(33770), np.int64(21119), np.int64(28474), np.int64(23491), np.int64(2075), np.int64(24004), np.int64(26310), np.int64(5303), np.int64(13768), np.int64(1937), np.int64(17499), np.int64(46967), np.int64(31260))","(0, 0, 0, 0, 0, 0, 0, 0, 0, 0, 0, 0, 1, 0, 0, 1, 1, 0, 0, 0, 0, 0, 0, 0, 0, 1, 0, 0, 0, 0, 0, 0, 0, 0, 0, 0, 0, 0, 0, 0, 1, 0, 0, 0, 1, 0, 0, 0, 0, 0)"
3.812769,59,247.340833,0,"(np.int64(16236), np.int64(42039), np.int64(11982), np.int64(11229), np.int64(22685), np.int64(41061), np.int64(47255), np.int64(19662), np.int64(21488), np.int64(13289), np.int64(49557), np.int64(5443), np.int64(29304), np.int64(26604), np.int64(13539), np.int64(14615), np.int64(49554), np.int64(27250), np.int64(9890), np.int64(41707), np.int64(37369), np.int64(768), np.int64(34898), np.int64(20198), np.int64(4231), np.int64(13196), np.int64(30136), np.int64(40680), np.int64(12290), np.int64(33235), np.int64(12046), np.int64(4019), np.int64(37978), np.int64(46580), np.int64(35759), np.int64(28438), np.int64(9419), np.int64(46916), np.int64(32732), np.int64(665), np.int64(2236), np.int64(30009), np.int64(9236), np.int64(44174), np.int64(38205), np.int64(26151), np.int64(38890), np.int64(20643), np.int64(36477), np.int64(26633), np.int64(5728), np.int64(18544), np.int64(4938), np.int64(22761), np.int64(9039), np.int64(21761), np.int64(14056), np.int64(2433), np.int64(48748))","(0, 0, 0, 1, 0, 0, 0, 0, 0, 0, 0, 0, 0, 0, 0, 0, 0, 0, 0, 0, 0, 0, 0, 0, 0, 0, 0, 0, 0, 0, 0, 0, 0, 0, 1, 0, 0, 0, 0, 0, 0, 0, 0, 0, 1, 0, 0, 0, 0, 0, 0, 0, 0, 0, 0, 1, 0, 0, 1)"
3.666465,42,247.892155,0,"(np.int64(12686), np.int64(48234), np.int64(41055), np.int64(23594), np.int64(16934), np.int64(43737), np.int64(30494), np.int64(8376), np.int64(32439), np.int64(25834), np.int64(26878), np.int64(35869), np.int64(13424), np.int64(28685), np.int64(25341), np.int64(1223), np.int64(14333), np.int64(48638), np.int64(14832), np.int64(42600), np.int64(49370), np.int64(42013), np.int64(50010), np.int64(47137), np.int64(20360), np.int64(29809), np.int64(42672), np.int64(17912), np.int64(19876), np.int64(43191), np.int64(2813), np.int64(28129), np.int64(37779), np.int64(36062), np.int64(29519), np.int64(23939), np.int64(1124), np.int64(38918), np.int64(18879), np.int64(45944), np.int64(19465), np.int64(27982))","(0, 0, 0, 1, 0, 0, 0, 1, 0, 0, 1, 0, 0, 0, 0, 0, 0, 0, 0, 0, 0, 0, 0, 0, 1, 0, 0, 0, 0, 0, 0, 0, 0, 0, 0, 0, 0, 0, 0, 0, 1, 0)"
3.893855,31,248.281338,0,"(np.int64(43369), np.int64(30361), np.int64(12128), np.int64(41486), np.int64(7037), np.int64(10040), np.int64(40899), np.int64(25282), np.int64(5213), np.int64(5582), np.int64(35264), np.int64(19727), np.int64(9631), np.int64(37341), np.int64(23857), np.int64(5535), np.int64(47046), np.int64(13864), np.int64(24618), np.int64(5349), np.int64(27748), np.int64(46544), np.int64(16315), np.int64(21423), np.int64(28016), np.int64(11672), np.int64(2119), np.int64(11361), np.int64(12060), np.int64(48950), np.int64(32531))","(0, 0, 1, 0, 0, 0, 0, 0, 0, 1, 1, 0, 0, 0, 1, 0, 0, 0, 0, 0, 0, 1, 0, 0, 0, 0, 0, 0, 0, 0, 0)"
5.614099,50,248.911569,0,"(np.int64(32402), np.int64(34672), np.int64(45063), np.int64(23306), np.int64(40839), np.int64(39570), np.int64(45552), np.int64(12563), np.int64(23195), np.int64(42673), np.int64(12074), np.int64(36498), np.int64(4601), np.int64(38380), np.int64(36576), np.int64(18874), np.int64(27848), np.int64(14822), np.int64(30174), np.int64(3462), np.int64(20430), np.int64(37945), np.int64(28411), np.int64(2268), np.int64(48015), np.int64(20308), np.int64(4542), np.int64(41937), np.int64(20894), np.int64(23194), np.int64(6533), np.int64(37814), np.int64(10159), np.int64(27121), np.int64(41843), np.int64(9651), np.int64(44315), np.int64(275), np.int64(7740), np.int64(49583), np.int64(8546), np.int64(23218), np.int64(35670), np.int64(10703), np.int64(38216), np.int64(19392), np.int64(27184), np.int64(43448), np.int64(46245), np.int64(32402))","(0, 0, 0, 0, 0, 0, 0, 0, 0, 0, 0, 0, 1, 0, 1, 0, 0, 0, 0, 0, 0, 0, 0, 0, 0, 0, 0, 0, 1, 0, 0, 0, 1, 0, 0, 0, 0, 0, 1, 0, 1, 0, 0, 0, 0, 0, 1, 0, 0, 0)"
4.943058,50,249.547568,0,"(np.int64(48935), np.int64(2269), np.int64(32099), np.int64(11563), np.int64(15338), np.int64(737), np.int64(36176), np.int64(49024), np.int64(25569), np.int64(338), np.int64(34354), np.int64(22616), np.int64(24313), np.int64(34871), np.int64(24353), np.int64(10894), np.int64(3932), np.int64(13041), np.int64(483), np.int64(1354), np.int64(47665), np.int64(36476), np.int64(9718), np.int64(5251), np.int64(4134), np.int64(21978), np.int64(45999), np.int64(39107), np.int64(24465), np.int64(25016), np.int64(3372), np.int64(41996), np.int64(26376), np.int64(40257), np.int64(23515), np.int64(47006), np.int64(34432), np.int64(8890), np.int64(39185), np.int64(15062), np.int64(28464), np.int64(33894), np.int64(18209), np.int64(49053), np.int64(12910), np.int64(28357), np.int64(46424), np.int64(32426), np.int64(26811), np.int64(45648))","(0, 0, 0, 1, 0, 0, 0, 0, 0, 0, 0, 0, 0, 0, 1, 0, 0, 0, 0, 0, 0, 0, 0, 1, 1, 0, 0, 0, 0, 0, 0, 0, 0, 0, 0, 0, 0, 0, 0, 1, 0, 0, 0, 0, 0, 0, 0, 0, 1, 1)"
5.381508,50,250.187149,0,"(np.int64(35752), np.int64(29249), np.int64(7472), np.int64(37798), np.int64(38677), np.int64(33457), np.int64(10720), np.int64(23115), np.int64(20744), np.int64(16815), np.int64(12458), np.int64(17540), np.int64(15725), np.int64(15129), np.int64(40197), np.int64(29722), np.int64(21654), np.int64(40126), np.int64(18020), np.int64(35059), np.int64(9446), np.int64(36896), np.int64(24486), np.int64(30503), np.int64(21758), np.int64(46862), np.int64(13292), np.int64(4908), np.int64(2182), np.int64(13650), np.int64(6920), np.int64(8759), np.int64(9711), np.int64(10526), np.int64(40463), np.int64(6768), np.int64(1795), np.int64(22141), np.int64(48979), np.int64(25764), np.int64(46008), np.int64(12429), np.int64(48472), np.int64(31875), np.int64(2841), np.int64(39625), np.int64(23063), np.int64(29956), np.int64(37489), np.int64(32245))","(0, 0, 0, 1, 0, 0, 0, 0, 1, 0, 0, 0, 0, 1, 0, 0, 0, 0, 0, 0, 0, 0, 0, 0, 0, 0, 0, 0, 0, 0, 1, 1, 1, 0, 0, 0, 0, 0, 0, 0, 0, 0, 0, 0, 0, 1, 0, 0, 0, 0)"
3.65736,50,250.911702,0,"(np.int64(1637), np.int64(48494), np.int64(19718), np.int64(30769), np.int64(37275), np.int64(10601), np.int64(5328), np.int64(15206), np.int64(42437), np.int64(24932), np.int64(40172), np.int64(44619), np.int64(47866), np.int64(43343), np.int64(30936), np.int64(6810), np.int64(8123), np.int64(12802), np.int64(40455), np.int64(65), np.int64(48210), np.int64(16520), np.int64(24222), np.int64(21427), np.int64(3035), np.int64(13976), np.int64(24355), np.int64(12302), np.int64(49326), np.int64(25222), np.int64(4303), np.int64(32365), np.int64(14741), np.int64(21808), np.int64(19367), np.int64(18423), np.int64(32827), np.int64(26415), np.int64(16047), np.int64(25394), np.int64(17929), np.int64(21208), np.int64(43759), np.int64(32652), np.int64(5966), np.int64(7018), np.int64(33576), np.int64(15924), np.int64(6443), np.int64(48682))","(0, 0, 0, 0, 1, 0, 0, 0, 0, 0, 0, 0, 0, 0, 0, 0, 0, 0, 0, 0, 0, 0, 0, 0, 1, 0, 0, 1, 0, 0, 0, 0, 0, 0, 0, 0, 0, 0, 0, 0, 0, 0, 0, 1, 0, 0, 1, 0, 0, 0)"
3.793594,50,251.762979,0,"(np.int64(7798), np.int64(39528), np.int64(16845), np.int64(37824), np.int64(11078), np.int64(31696), np.int64(21416), np.int64(6524), np.int64(1328), np.int64(20131), np.int64(42065), np.int64(44871), np.int64(5193), np.int64(9654), np.int64(31664), np.int64(27160), np.int64(12398), np.int64(30071), np.int64(14397), np.int64(37772), np.int64(12111), np.int64(14429), np.int64(21683), np.int64(44934), np.int64(16276), np.int64(18963), np.int64(32827), np.int64(14455), np.int64(31288), np.int64(44557), np.int64(43974), np.int64(1495), np.int64(48226), np.int64(36060), np.int64(8529), np.int64(49744), np.int64(40501), np.int64(5406), np.int64(30969), np.int64(13139), np.int64(2721), np.int64(11232), np.int64(33053), np.int64(2823), np.int64(3731), np.int64(10927), np.int64(19515), np.int64(34668), np.int64(2230), np.int64(36883))","(0, 0, 0, 0, 0, 1, 0, 0, 0, 0, 0, 0, 1, 0, 0, 0, 0, 0, 1, 0, 0, 0, 0, 0, 0, 0, 0, 0, 1, 0, 0, 0, 0, 0, 0, 0, 0, 0, 0, 0, 1, 0, 0, 0, 0, 0, 0, 0, 0, 0)"
4.262287,50,252.568845,0,"(np.int64(22648), np.int64(30978), np.int64(21873), np.int64(32904), np.int64(41133), np.int64(46346), np.int64(10773), np.int64(34529), np.int64(41125), np.int64(46488), np.int64(30610), np.int64(41613), np.int64(41388), np.int64(48441), np.int64(45646), np.int64(4305), np.int64(38833), np.int64(5808), np.int64(167), np.int64(35169), np.int64(31338), np.int64(17072), np.int64(30971), np.int64(45585), np.int64(22812), np.int64(20158), np.int64(12447), np.int64(26098), np.int64(21037), np.int64(953), np.int64(28588), np.int64(34368), np.int64(37279), np.int64(28066), np.int64(48760), np.int64(22623), np.int64(13753), np.int64(7836), np.int64(28128), np.int64(18802), np.int64(34601), np.int64(35143), np.int64(1811), np.int64(9821), np.int64(14148), np.int64(12853), np.int64(25168), np.int64(38572), np.int64(24843), np.int64(9367))","(0, 0, 0, 0, 0, 0, 0, 0, 0, 1, 0, 0, 0, 0, 1, 0, 0, 1, 0, 0, 0, 0, 0, 0, 0, 0, 0, 1, 0, 0, 0, 1, 0, 0, 1, 0, 0, 0, 0, 0, 0, 0, 0, 0, 0, 0, 0, 0, 0, 0)"
4.393233,50,253.439746,0,"(np.int64(41690), np.int64(9072), np.int64(14191), np.int64(21440), np.int64(16313), np.int64(27444), np.int64(27414), np.int64(4977), np.int64(41659), np.int64(30107), np.int64(38037), np.int64(46841), np.int64(44357), np.int64(47096), np.int64(30915), np.int64(34131), np.int64(41722), np.int64(4341), np.int64(22432), np.int64(9656), np.int64(47541), np.int64(26012), np.int64(19865), np.int64(34218), np.int64(16333), np.int64(28296), np.int64(552), np.int64(19755), np.int64(37295), np.int64(38639), np.int64(45073), np.int64(13038), np.int64(38478), np.int64(36634), np.int64(35603), np.int64(43890), np.int64(15894), np.int64(37409), np.int64(16488), np.int64(25158), np.int64(33321), np.int64(21259), np.int64(8857), np.int64(9230), np.int64(845), np.int64(44684), np.int64(2291), np.int64(18520), np.int64(33633), np.int64(38211))","(0, 1, 0, 0, 0, 0, 0, 0, 0, 0, 0, 0, 0, 0, 0, 0, 0, 0, 0, 1, 0, 0, 0, 0, 1, 0, 0, 0, 0, 0, 0, 0, 0, 0, 0, 0, 0, 0, 0, 0, 0, 0, 0, 0, 1, 1, 0, 0, 1, 0)"
3.77981,75,254.635261,0,"(np.int64(42311), np.int64(1660), np.int64(115), np.int64(25044), np.int64(12136), np.int64(25314), np.int64(42870), np.int64(45052), np.int64(15791), np.int64(15414), np.int64(41671), np.int64(17256), np.int64(48566), np.int64(33986), np.int64(12466), np.int64(2016), np.int64(31217), np.int64(48062), np.int64(32499), np.int64(49604), np.int64(49996), np.int64(12010), np.int64(39511), np.int64(22670), np.int64(18026), np.int64(7697), np.int64(44574), np.int64(8583), np.int64(24063), np.int64(12843), np.int64(28274), np.int64(44118), np.int64(43175), np.int64(44486), np.int64(25189), np.int64(32727), np.int64(49259), np.int64(4951), np.int64(5350), np.int64(30066), np.int64(19505), np.int64(21268), np.int64(20211), np.int64(27321), np.int64(31283), np.int64(3432), np.int64(429), np.int64(356), np.int64(8294), np.int64(12854), np.int64(10655), np.int64(24394), np.int64(18048), np.int64(5826), np.int64(11859), np.int64(34693), np.int64(37942), np.int64(14), np.int64(15069), np.int64(112), np.int64(41498), np.int64(9648), np.int64(27503), np.int64(41264), np.int64(22110), np.int64(23745), np.int64(18252), np.int64(46495), np.int64(23743), np.int64(31191), np.int64(25168), np.int64(9767), np.int64(6311), np.int64(6772), np.int64(11801))","(0, 0, 0, 0, 0, 1, 0, 0, 0, 0, 0, 0, 0, 0, 0, 0, 0, 0, 0, 0, 0, 0, 0, 0, 0, 0, 0, 0, 0, 1, 0, 0, 0, 0, 0, 0, 0, 0, 0, 0, 0, 0, 0, 0, 0, 0, 0, 0, 0, 0, 0, 0, 0, 0, 1, 0, 0, 0, 0, 1, 0, 0, 0, 0, 0, 0, 0, 0, 0, 0, 0, 0, 0, 0, 1)"
3.749049,78,255.851818,0,"(np.int64(34392), np.int64(45600), np.int64(26976), np.int64(37967), np.int64(24356), np.int64(9052), np.int64(34101), np.int64(35575), np.int64(9467), np.int64(38187), np.int64(44346), np.int64(41121), np.int64(17687), np.int64(5970), np.int64(16029), np.int64(5109), np.int64(1239), np.int64(26676), np.int64(14781), np.int64(38039), np.int64(5023), np.int64(37947), np.int64(30449), np.int64(18833), np.int64(30309), np.int64(46789), np.int64(22414), np.int64(45541), np.int64(49604), np.int64(37061), np.int64(32904), np.int64(8626), np.int64(31139), np.int64(28207), np.int64(7422), np.int64(20971), np.int64(19324), np.int64(42277), np.int64(26063), np.int64(32739), np.int64(10031), np.int64(46676), np.int64(33427), np.int64(28449), np.int64(3591), np.int64(14775), np.int64(2934), np.int64(30113), np.int64(45997), np.int64(3417), np.int64(8986), np.int64(44257), np.int64(25395), np.int64(29559), np.int64(27039), np.int64(13709), np.int64(28779), np.int64(26246), np.int64(44195), np.int64(15694), np.int64(41052), np.int64(553), np.int64(6344), np.int64(1262), np.int64(21276), np.int64(18810), np.int64(16976), np.int64(43255), np.int64(25342), np.int64(46237), np.int64(22000), np.int64(14939), np.int64(19553), np.int64(28157), np.int64(25211), np.int64(8217), np.int64(38973), np.int64(38983))","(0, 0, 0, 0, 0, 0, 0, 0, 0, 0, 0, 0, 0, 1, 0, 1, 0, 0, 0, 1, 0, 0, 0, 0, 0, 0, 0, 0, 0, 0, 0, 0, 0, 0, 0, 0, 0, 0, 0, 0, 0, 0, 0, 0, 0, 0, 0, 0, 0, 0, 0, 0, 0, 0, 0, 0, 0, 0, 0, 0, 0, 0, 0, 0, 0, 0, 0, 0, 0, 0, 1, 0, 0, 0, 0, 0, 0, 1)"
3.796192,58,256.910889,0,"(np.int64(32437), np.int64(8168), np.int64(39065), np.int64(3931), np.int64(4269), np.int64(3150), np.int64(21788), np.int64(16822), np.int64(48092), np.int64(32285), np.int64(36446), np.int64(38631), np.int64(28388), np.int64(12371), np.int64(27477), np.int64(6818), np.int64(46833), np.int64(5362), np.int64(36268), np.int64(38681), np.int64(6012), np.int64(27263), np.int64(27324), np.int64(35921), np.int64(2461), np.int64(2208), np.int64(3247), np.int64(2331), np.int64(20292), np.int64(38443), np.int64(338), np.int64(13322), np.int64(42296), np.int64(24607), np.int64(21641), np.int64(9544), np.int64(13914), np.int64(15544), np.int64(45831), np.int64(584), np.int64(39998), np.int64(22262), np.int64(17562), np.int64(22469), np.int64(41470), np.int64(27946), np.int64(13031), np.int64(26013), np.int64(30325), np.int64(30642), np.int64(6119), np.int64(34956), np.int64(47423), np.int64(26813), np.int64(7355), np.int64(38892), np.int64(7149), np.int64(10048))","(0, 0, 0, 1, 0, 0, 0, 0, 0, 0, 0, 0, 0, 0, 0, 0, 0, 0, 0, 0, 0, 0, 0, 0, 0, 0, 0, 0, 0, 0, 0, 0, 0, 0, 0, 0, 0, 0, 0, 1, 0, 0, 0, 0, 0, 0, 0, 0, 0, 0, 1, 0, 0, 0, 0, 0, 1, 1)"
3.89537,87,258.199668,0,"(np.int64(22915), np.int64(39934), np.int64(29363), np.int64(48732), np.int64(8536), np.int64(30141), np.int64(26354), np.int64(18180), np.int64(39939), np.int64(49534), np.int64(521), np.int64(15565), np.int64(14203), np.int64(32100), np.int64(7234), np.int64(3252), np.int64(13371), np.int64(9840), np.int64(29495), np.int64(46072), np.int64(8057), np.int64(43548), np.int64(46576), np.int64(34706), np.int64(1896), np.int64(26695), np.int64(27111), np.int64(19050), np.int64(37334), np.int64(30264), np.int64(49700), np.int64(34396), np.int64(21308), np.int64(19750), np.int64(20571), np.int64(568), np.int64(35071), np.int64(2894), np.int64(18351), np.int64(37131), np.int64(18577), np.int64(39094), np.int64(13183), np.int64(31901), np.int64(24189), np.int64(32032), np.int64(17064), np.int64(215), np.int64(1383), np.int64(44147), np.int64(46209), np.int64(8324), np.int64(15960), np.int64(40677), np.int64(8034), np.int64(35429), np.int64(41408), np.int64(3872), np.int64(31784), np.int64(5829), np.int64(12377), np.int64(41392), np.int64(47237), np.int64(16661), np.int64(4907), np.int64(15980), np.int64(24190), np.int64(29706), np.int64(922), np.int64(34357), np.int64(29494), np.int64(38973), np.int64(47762), np.int64(39944), np.int64(49514), np.int64(38359), np.int64(37360), np.int64(25236), np.int64(13756), np.int64(13341), np.int64(40260), np.int64(37784), np.int64(4167), np.int64(15895), np.int64(2415), np.int64(49712), np.int64(18206))","(0, 0, 0, 0, 0, 0, 0, 0, 0, 0, 0, 0, 0, 0, 0, 0, 1, 0, 0, 0, 0, 0, 0, 0, 0, 0, 0, 1, 0, 0, 0, 0, 1, 0, 0, 0, 0, 0, 0, 0, 0, 0, 0, 0, 0, 0, 0, 0, 0, 0, 0, 0, 1, 0, 0, 0, 0, 0, 0, 0, 0, 0, 0, 0, 0, 0, 0, 0, 0, 0, 0, 0, 0, 0, 0, 0, 0, 0, 0, 0, 0, 0, 0, 0, 0, 0, 1)"
3.433318,55,258.901797,0,"(np.int64(45155), np.int64(46762), np.int64(3985), np.int64(43479), np.int64(42308), np.int64(26695), np.int64(19636), np.int64(47637), np.int64(29773), np.int64(23271), np.int64(46059), np.int64(42906), np.int64(31293), np.int64(49944), np.int64(25345), np.int64(15834), np.int64(11540), np.int64(35088), np.int64(3531), np.int64(17799), np.int64(28434), np.int64(6568), np.int64(23051), np.int64(44679), np.int64(11495), np.int64(29150), np.int64(38526), np.int64(22967), np.int64(20343), np.int64(41188), np.int64(42104), np.int64(23037), np.int64(14031), np.int64(5188), np.int64(10272), np.int64(47170), np.int64(34455), np.int64(2596), np.int64(39279), np.int64(8709), np.int64(37774), np.int64(2816), np.int64(12831), np.int64(43989), np.int64(662), np.int64(2395), np.int64(36872), np.int64(33565), np.int64(17740), np.int64(4208), np.int64(10377), np.int64(3930), np.int64(45620), np.int64(22499), np.int64(18907))","(0, 0, 0, 0, 1, 0, 0, 0, 0, 0, 0, 1, 0, 0, 0, 0, 0, 0, 0, 0, 0, 0, 0, 0, 1, 0, 0, 0, 0, 0, 0, 0, 0, 0, 0, 0, 0, 0, 0, 0, 1, 0, 0, 0, 0, 0, 0, 0, 0, 0, 0, 0, 0, 0, 1)"
3.742144,76,259.852799,0,"(np.int64(31299), np.int64(20535), np.int64(38972), np.int64(29649), np.int64(43212), np.int64(39444), np.int64(25635), np.int64(13491), np.int64(17450), np.int64(21432), np.int64(38091), np.int64(25441), np.int64(40029), np.int64(2711), np.int64(481), np.int64(36477), np.int64(43744), np.int64(18470), np.int64(22664), np.int64(34353), np.int64(1075), np.int64(39090), np.int64(13343), np.int64(11732), np.int64(49553), np.int64(18517), np.int64(26632), np.int64(34364), np.int64(18857), np.int64(15289), np.int64(36579), np.int64(12144), np.int64(14239), np.int64(32360), np.int64(32102), np.int64(29523), np.int64(37106), np.int64(13045), np.int64(17728), np.int64(22798), np.int64(22964), np.int64(23995), np.int64(42605), np.int64(46627), np.int64(23525), np.int64(11948), np.int64(9541), np.int64(5145), np.int64(15736), np.int64(32669), np.int64(40522), np.int64(26617), np.int64(26371), np.int64(48022), np.int64(44063), np.int64(18056), np.int64(15927), np.int64(6701), np.int64(20268), np.int64(22398), np.int64(21983), np.int64(4796), np.int64(26390), np.int64(5160), np.int64(40469), np.int64(8730), np.int64(27156), np.int64(36132), np.int64(32855), np.int64(45619), np.int64(3324), np.int64(28899), np.int64(12715), np.int64(8579), np.int64(21570), np.int64(33735))","(0, 0, 0, 0, 0, 0, 0, 0, 0, 0, 0, 0, 0, 1, 0, 0, 0, 0, 0, 0, 0, 0, 0, 0, 0, 0, 0, 0, 0, 0, 0, 0, 0, 0, 0, 0, 0, 0, 0, 0, 0, 0, 0, 0, 1, 0, 0, 0, 0, 0, 0, 0, 1, 0, 0, 0, 0, 0, 0, 0, 0, 0, 0, 0, 0, 0, 0, 0, 0, 0, 0, 0, 0, 1, 0, 1)"
3.628256,50,260.490527,0,"(np.int64(33169), np.int64(27259), np.int64(4239), np.int64(47930), np.int64(20693), np.int64(383), np.int64(36891), np.int64(14321), np.int64(5503), np.int64(42386), np.int64(25953), np.int64(23726), np.int64(19081), np.int64(25399), np.int64(979), np.int64(46108), np.int64(4372), np.int64(13963), np.int64(45638), np.int64(16599), np.int64(30123), np.int64(680), np.int64(37333), np.int64(29067), np.int64(35011), np.int64(14022), np.int64(28344), np.int64(38824), np.int64(24414), np.int64(22841), np.int64(16556), np.int64(4238), np.int64(43617), np.int64(23221), np.int64(35657), np.int64(36864), np.int64(11480), np.int64(5689), np.int64(3328), np.int64(1492), np.int64(850), np.int64(25339), np.int64(46719), np.int64(31525), np.int64(17101), np.int64(40279), np.int64(5862), np.int64(37259), np.int64(5251), np.int64(37617))","(0, 0, 1, 0, 0, 0, 0, 0, 0, 0, 0, 0, 0, 0, 0, 0, 0, 0, 0, 1, 0, 0, 0, 0, 0, 1, 0, 0, 0, 0, 0, 0, 0, 0, 0, 1, 0, 0, 0, 0, 0, 0, 0, 0, 0, 0, 0, 0, 1, 0)"
3.945724,66,261.33212,0,"(np.int64(49520), np.int64(41481), np.int64(35744), np.int64(39491), np.int64(24859), np.int64(15778), np.int64(48334), np.int64(7692), np.int64(47896), np.int64(29756), np.int64(46935), np.int64(16868), np.int64(9019), np.int64(40749), np.int64(37665), np.int64(46657), np.int64(42941), np.int64(38317), np.int64(15498), np.int64(26308), np.int64(37882), np.int64(31823), np.int64(39158), np.int64(17723), np.int64(40493), np.int64(4707), np.int64(36627), np.int64(34627), np.int64(25033), np.int64(8371), np.int64(42607), np.int64(24811), np.int64(7369), np.int64(25698), np.int64(21130), np.int64(868), np.int64(625), np.int64(33660), np.int64(13835), np.int64(32051), np.int64(16575), np.int64(47821), np.int64(14381), np.int64(14804), np.int64(2590), np.int64(37838), np.int64(17460), np.int64(21250), np.int64(48287), np.int64(8064), np.int64(4532), np.int64(21506), np.int64(710), np.int64(3945), np.int64(12620), np.int64(2350), np.int64(14585), np.int64(34233), np.int64(15176), np.int64(14681), np.int64(2022), np.int64(42708), np.int64(983), np.int64(23259), np.int64(4007), np.int64(14053))","(0, 0, 1, 0, 0, 0, 0, 1, 0, 0, 0, 0, 0, 0, 0, 0, 0, 0, 0, 0, 0, 0, 0, 0, 0, 0, 0, 0, 0, 0, 0, 0, 0, 0, 0, 0, 0, 0, 0, 0, 0, 0, 0, 0, 0, 0, 0, 0, 0, 0, 0, 0, 0, 0, 0, 1, 0, 0, 0, 0, 0, 0, 0, 0, 1, 1)"
4.531294,50,261.975689,0,"(np.int64(43969), np.int64(17772), np.int64(23852), np.int64(43038), np.int64(7016), np.int64(12427), np.int64(31191), np.int64(24), np.int64(18722), np.int64(36382), np.int64(18863), np.int64(8851), np.int64(30773), np.int64(7748), np.int64(33039), np.int64(26766), np.int64(16764), np.int64(36286), np.int64(4966), np.int64(42760), np.int64(24259), np.int64(7963), np.int64(36954), np.int64(45905), np.int64(46097), np.int64(21886), np.int64(11326), np.int64(9045), np.int64(49583), np.int64(42740), np.int64(37227), np.int64(17016), np.int64(14092), np.int64(32396), np.int64(7892), np.int64(2029), np.int64(3925), np.int64(32610), np.int64(22049), np.int64(22688), np.int64(31659), np.int64(32824), np.int64(38030), np.int64(39250), np.int64(22612), np.int64(42169), np.int64(21334), np.int64(30165), np.int64(981), np.int64(24775))","(0, 0, 0, 0, 0, 0, 0, 0, 0, 1, 0, 0, 0, 1, 0, 0, 0, 0, 0, 0, 1, 0, 0, 0, 0, 0, 0, 0, 0, 0, 1, 0, 1, 0, 0, 1, 0, 0, 0, 0, 0, 0, 0, 0, 0, 0, 0, 0, 0, 0)"
3.642418,50,262.599049,0,"(np.int64(43884), np.int64(15987), np.int64(19661), np.int64(32453), np.int64(48072), np.int64(26214), np.int64(1540), np.int64(3432), np.int64(29476), np.int64(43460), np.int64(8037), np.int64(45896), np.int64(44749), np.int64(19293), np.int64(17211), np.int64(10514), np.int64(24046), np.int64(38154), np.int64(3266), np.int64(8272), np.int64(24485), np.int64(26168), np.int64(28242), np.int64(11617), np.int64(4821), np.int64(28124), np.int64(20112), np.int64(12967), np.int64(35688), np.int64(41355), np.int64(29891), np.int64(27373), np.int64(15336), np.int64(36964), np.int64(36075), np.int64(2646), np.int64(49203), np.int64(49318), np.int64(16151), np.int64(29603), np.int64(34269), np.int64(44581), np.int64(43740), np.int64(27688), np.int64(5022), np.int64(18600), np.int64(18260), np.int64(27841), np.int64(27409), np.int64(45040))","(0, 1, 0, 0, 0, 0, 1, 0, 0, 0, 0, 0, 0, 0, 0, 0, 1, 0, 0, 0, 0, 0, 0, 0, 0, 0, 0, 0, 0, 0, 0, 0, 0, 0, 0, 0, 0, 0, 0, 1, 0, 0, 0, 0, 1, 0, 0, 0, 0, 0)"
4.689731,50,263.239286,0,"(np.int64(23013), np.int64(35247), np.int64(39098), np.int64(1199), np.int64(15088), np.int64(48984), np.int64(22185), np.int64(41224), np.int64(15022), np.int64(10868), np.int64(41969), np.int64(43234), np.int64(20012), np.int64(20389), np.int64(9787), np.int64(30564), np.int64(13646), np.int64(31184), np.int64(42326), np.int64(909), np.int64(44054), np.int64(31306), np.int64(43818), np.int64(28964), np.int64(18292), np.int64(21451), np.int64(31369), np.int64(12733), np.int64(39251), np.int64(19813), np.int64(8539), np.int64(27275), np.int64(28824), np.int64(31793), np.int64(10193), np.int64(31731), np.int64(31007), np.int64(22018), np.int64(43414), np.int64(40299), np.int64(14124), np.int64(32986), np.int64(45117), np.int64(9720), np.int64(42998), np.int64(14567), np.int64(18209), np.int64(11721), np.int64(48530), np.int64(38049))","(0, 0, 0, 0, 1, 0, 0, 0, 0, 0, 0, 0, 0, 1, 0, 0, 0, 0, 0, 0, 0, 1, 0, 0, 0, 0, 0, 0, 0, 1, 0, 0, 0, 0, 0, 0, 0, 0, 0, 0, 1, 0, 0, 1, 0, 0, 0, 0, 0, 0)"
3.894203,113,264.699707,0,"(np.int64(12418), np.int64(28597), np.int64(18304), np.int64(39831), np.int64(28093), np.int64(36509), np.int64(9689), np.int64(35185), np.int64(345), np.int64(25933), np.int64(43433), np.int64(14946), np.int64(21595), np.int64(34832), np.int64(45597), np.int64(48025), np.int64(41449), np.int64(14987), np.int64(48438), np.int64(8328), np.int64(17636), np.int64(23447), np.int64(41844), np.int64(40857), np.int64(39733), np.int64(3271), np.int64(10333), np.int64(21510), np.int64(9614), np.int64(6705), np.int64(13830), np.int64(35885), np.int64(46991), np.int64(16127), np.int64(34880), np.int64(44031), np.int64(44568), np.int64(31299), np.int64(28211), np.int64(7565), np.int64(36609), np.int64(49118), np.int64(44711), np.int64(21324), np.int64(38350), np.int64(35265), np.int64(24047), np.int64(10101), np.int64(27436), np.int64(49733), np.int64(11125), np.int64(40522), np.int64(21967), np.int64(41515), np.int64(5310), np.int64(36747), np.int64(24199), np.int64(9598), np.int64(38009), np.int64(4800), np.int64(20812), np.int64(27537), np.int64(2695), np.int64(17203), np.int64(11475), np.int64(34309), np.int64(8036), np.int64(47726), np.int64(40409), np.int64(6680), np.int64(46194), np.int64(40974), np.int64(34145), np.int64(32780), np.int64(15250), np.int64(21107), np.int64(45772), np.int64(46044), np.int64(28883), np.int64(8295), np.int64(36736), np.int64(12313), np.int64(15381), np.int64(34732), np.int64(12172), np.int64(17180), np.int64(4596), np.int64(33241), np.int64(46452), np.int64(49856), np.int64(34303), np.int64(24471), np.int64(29619), np.int64(10940), np.int64(22377), np.int64(26249), np.int64(44341), np.int64(49117), np.int64(30139), np.int64(46114), np.int64(43439), np.int64(32315), np.int64(11362), np.int64(38264), np.int64(18737), np.int64(6624), np.int64(14327), np.int64(39997), np.int64(19565), np.int64(5925), np.int64(44366), np.int64(49324), np.int64(26244))","(0, 0, 0, 0, 0, 0, 0, 0, 0, 0, 0, 0, 0, 0, 0, 0, 0, 0, 0, 0, 0, 1, 0, 0, 0, 0, 0, 1, 0, 1, 0, 0, 0, 0, 0, 0, 0, 0, 0, 0, 0, 0, 0, 0, 0, 0, 0, 0, 0, 0, 0, 0, 0, 0, 0, 0, 0, 0, 0, 0, 0, 0, 0, 0, 0, 0, 0, 0, 0, 0, 0, 0, 0, 0, 0, 0, 0, 0, 0, 0, 0, 0, 0, 0, 0, 0, 0, 0, 0, 0, 0, 0, 0, 0, 0, 1, 0, 0, 0, 0, 0, 0, 0, 0, 0, 0, 0, 0, 0, 0, 0, 0, 1)"
3.75128,62,265.518043,0,"(np.int64(19231), np.int64(17839), np.int64(12011), np.int64(49773), np.int64(11844), np.int64(24631), np.int64(7038), np.int64(40823), np.int64(42649), np.int64(516), np.int64(31925), np.int64(39029), np.int64(36685), np.int64(25283), np.int64(6659), np.int64(21656), np.int64(49951), np.int64(41101), np.int64(47252), np.int64(17362), np.int64(9681), np.int64(13660), np.int64(30316), np.int64(21504), np.int64(32430), np.int64(39451), np.int64(30240), np.int64(36420), np.int64(36115), np.int64(9800), np.int64(5786), np.int64(183), np.int64(38401), np.int64(23219), np.int64(45658), np.int64(35603), np.int64(21483), np.int64(10655), np.int64(9085), np.int64(41180), np.int64(14656), np.int64(17091), np.int64(35092), np.int64(11830), np.int64(14696), np.int64(2032), np.int64(35117), np.int64(11552), np.int64(35377), np.int64(20989), np.int64(12250), np.int64(29745), np.int64(39022), np.int64(13133), np.int64(47242), np.int64(45671), np.int64(33734), np.int64(40480), np.int64(4102), np.int64(11958), np.int64(30937), np.int64(6657))","(0, 0, 0, 0, 0, 0, 1, 0, 0, 0, 0, 0, 0, 0, 0, 0, 0, 0, 0, 0, 0, 0, 0, 0, 0, 0, 0, 0, 0, 0, 0, 1, 0, 0, 0, 0, 0, 0, 0, 0, 0, 0, 0, 0, 0, 0, 0, 0, 0, 0, 0, 0, 0, 0, 0, 1, 0, 0, 0, 1, 0, 1)"
3.87939,50,266.201469,0,"(np.int64(39528), np.int64(30420), np.int64(11694), np.int64(20080), np.int64(10391), np.int64(14198), np.int64(20937), np.int64(580), np.int64(4674), np.int64(20496), np.int64(16468), np.int64(2378), np.int64(28696), np.int64(24314), np.int64(34809), np.int64(48974), np.int64(32190), np.int64(17972), np.int64(10000), np.int64(29074), np.int64(30605), np.int64(25779), np.int64(245), np.int64(18034), np.int64(18615), np.int64(42742), np.int64(4248), np.int64(24562), np.int64(38462), np.int64(19413), np.int64(15715), np.int64(12936), np.int64(28269), np.int64(34171), np.int64(12543), np.int64(5773), np.int64(15095), np.int64(3795), np.int64(24356), np.int64(23982), np.int64(45296), np.int64(24058), np.int64(5578), np.int64(41212), np.int64(14544), np.int64(15549), np.int64(27295), np.int64(5269), np.int64(2147), np.int64(21117))","(0, 0, 0, 0, 0, 0, 1, 0, 0, 0, 0, 0, 0, 0, 0, 0, 0, 0, 0, 0, 0, 0, 0, 0, 0, 0, 1, 0, 0, 0, 0, 1, 0, 0, 0, 0, 0, 0, 0, 1, 0, 0, 1, 0, 0, 0, 0, 0, 0, 0)"
5.238674,46,266.793376,0,"(np.int64(24634), np.int64(12831), np.int64(19770), np.int64(41526), np.int64(14709), np.int64(5080), np.int64(32166), np.int64(22258), np.int64(9467), np.int64(48088), np.int64(38871), np.int64(28782), np.int64(3097), np.int64(35162), np.int64(28714), np.int64(12467), np.int64(31795), np.int64(44744), np.int64(38397), np.int64(38869), np.int64(49011), np.int64(15061), np.int64(43500), np.int64(38694), np.int64(21116), np.int64(26614), np.int64(9006), np.int64(3870), np.int64(27249), np.int64(12627), np.int64(3115), np.int64(45692), np.int64(44037), np.int64(16467), np.int64(45208), np.int64(33364), np.int64(38392), np.int64(11659), np.int64(28527), np.int64(16763), np.int64(23589), np.int64(10300), np.int64(45350), np.int64(48482), np.int64(29676), np.int64(10804))","(0, 0, 1, 0, 0, 0, 0, 0, 0, 0, 0, 0, 0, 0, 0, 0, 0, 0, 0, 0, 0, 1, 0, 0, 0, 0, 1, 0, 0, 0, 0, 0, 0, 0, 0, 0, 0, 1, 0, 0, 1, 0, 0, 0, 1, 1)"
3.742037,72,267.731581,0,"(np.int64(8581), np.int64(32775), np.int64(18738), np.int64(2470), np.int64(9996), np.int64(18642), np.int64(41737), np.int64(28925), np.int64(7442), np.int64(32851), np.int64(18783), np.int64(41591), np.int64(35666), np.int64(22582), np.int64(14658), np.int64(38231), np.int64(26206), np.int64(16141), np.int64(44052), np.int64(11402), np.int64(45658), np.int64(38096), np.int64(23620), np.int64(12642), np.int64(31361), np.int64(2923), np.int64(21781), np.int64(28075), np.int64(17514), np.int64(44913), np.int64(49578), np.int64(15720), np.int64(8925), np.int64(20715), np.int64(41389), np.int64(22985), np.int64(37125), np.int64(1519), np.int64(21570), np.int64(44440), np.int64(49670), np.int64(11186), np.int64(3631), np.int64(41871), np.int64(9578), np.int64(42075), np.int64(22669), np.int64(34571), np.int64(975), np.int64(42526), np.int64(28700), np.int64(22962), np.int64(16284), np.int64(42568), np.int64(15631), np.int64(30496), np.int64(49219), np.int64(6303), np.int64(27477), np.int64(23492), np.int64(43747), np.int64(9651), np.int64(17941), np.int64(33465), np.int64(17879), np.int64(39816), np.int64(32858), np.int64(14626), np.int64(22866), np.int64(3820), np.int64(32957), np.int64(20548))","(0, 1, 0, 1, 0, 0, 0, 0, 0, 0, 0, 0, 0, 0, 0, 0, 0, 0, 0, 0, 0, 0, 0, 0, 0, 0, 0, 0, 0, 0, 0, 0, 0, 0, 0, 0, 0, 0, 0, 0, 0, 0, 0, 0, 0, 0, 0, 0, 0, 0, 0, 0, 0, 0, 0, 0, 0, 0, 0, 0, 0, 0, 0, 1, 0, 0, 0, 0, 0, 1, 0, 1)"
3.742002,52,268.390998,0,"(np.int64(21091), np.int64(11090), np.int64(44987), np.int64(31634), np.int64(2599), np.int64(4770), np.int64(17388), np.int64(41978), np.int64(20941), np.int64(13757), np.int64(9453), np.int64(2416), np.int64(42227), np.int64(36889), np.int64(18849), np.int64(12639), np.int64(16092), np.int64(30433), np.int64(44838), np.int64(47444), np.int64(8662), np.int64(48666), np.int64(20636), np.int64(8632), np.int64(8858), np.int64(12554), np.int64(31955), np.int64(32523), np.int64(18588), np.int64(37248), np.int64(20172), np.int64(11929), np.int64(1992), np.int64(5165), np.int64(32368), np.int64(18354), np.int64(48846), np.int64(43323), np.int64(37463), np.int64(40932), np.int64(27563), np.int64(34583), np.int64(21789), np.int64(18995), np.int64(30358), np.int64(330), np.int64(32556), np.int64(15909), np.int64(28899), np.int64(41004), np.int64(34563), np.int64(10767))","(0, 0, 0, 0, 0, 0, 0, 0, 0, 0, 0, 0, 0, 0, 0, 0, 0, 0, 0, 0, 0, 0, 0, 0, 1, 0, 0, 0, 0, 0, 0, 1, 0, 0, 0, 0, 0, 0, 0, 1, 0, 0, 0, 1, 0, 0, 0, 0, 0, 0, 0, 1)"
5.054544,50,269.011561,0,"(np.int64(876), np.int64(47612), np.int64(35846), np.int64(46558), np.int64(13150), np.int64(44869), np.int64(38996), np.int64(40618), np.int64(26456), np.int64(44037), np.int64(48538), np.int64(4305), np.int64(7135), np.int64(6913), np.int64(8633), np.int64(25051), np.int64(25903), np.int64(34866), np.int64(47224), np.int64(26352), np.int64(34209), np.int64(38603), np.int64(31398), np.int64(36631), np.int64(24477), np.int64(24391), np.int64(36808), np.int64(13934), np.int64(12500), np.int64(48085), np.int64(27769), np.int64(49078), np.int64(38837), np.int64(17928), np.int64(22660), np.int64(24897), np.int64(22331), np.int64(1145), np.int64(43636), np.int64(35012), np.int64(31247), np.int64(1450), np.int64(3601), np.int64(23088), np.int64(22546), np.int64(35520), np.int64(42134), np.int64(23456), np.int64(48632), np.int64(19383))","(0, 0, 0, 1, 0, 0, 1, 0, 1, 0, 0, 0, 0, 0, 0, 0, 0, 0, 0, 1, 0, 0, 0, 0, 0, 0, 0, 0, 0, 0, 0, 0, 0, 1, 0, 0, 0, 0, 0, 0, 0, 0, 0, 0, 0, 1, 1, 0, 0, 0)"
3.942003,64,269.805643,0,"(np.int64(3350), np.int64(46774), np.int64(23982), np.int64(16452), np.int64(8013), np.int64(34900), np.int64(41005), np.int64(8857), np.int64(12252), np.int64(13703), np.int64(32626), np.int64(24783), np.int64(2411), np.int64(43396), np.int64(29006), np.int64(23390), np.int64(12962), np.int64(20396), np.int64(16888), np.int64(49379), np.int64(29484), np.int64(34211), np.int64(172), np.int64(3607), np.int64(22049), np.int64(9505), np.int64(26140), np.int64(17175), np.int64(34982), np.int64(41984), np.int64(21025), np.int64(27991), np.int64(23360), np.int64(45687), np.int64(4946), np.int64(49521), np.int64(34752), np.int64(25048), np.int64(27768), np.int64(1758), np.int64(17311), np.int64(44275), np.int64(21963), np.int64(16087), np.int64(12943), np.int64(8669), np.int64(7423), np.int64(42004), np.int64(44242), np.int64(8572), np.int64(47019), np.int64(47707), np.int64(38383), np.int64(5468), np.int64(36924), np.int64(27765), np.int64(48775), np.int64(11590), np.int64(24848), np.int64(12885), np.int64(3805), np.int64(20575), np.int64(32890), np.int64(33944))","(0, 0, 1, 0, 0, 0, 0, 0, 0, 0, 0, 0, 0, 0, 0, 0, 0, 0, 0, 0, 0, 0, 0, 0, 0, 0, 0, 0, 0, 0, 0, 0, 0, 0, 0, 0, 0, 0, 0, 0, 0, 0, 0, 1, 0, 1, 1, 0, 0, 0, 0, 0, 0, 0, 0, 0, 0, 0, 0, 0, 0, 0, 0, 1)"
4.649385,50,270.433883,0,"(np.int64(3732), np.int64(48808), np.int64(3724), np.int64(34673), np.int64(40794), np.int64(31951), np.int64(41703), np.int64(28814), np.int64(7755), np.int64(47372), np.int64(7728), np.int64(38197), np.int64(30106), np.int64(25669), np.int64(48394), np.int64(11692), np.int64(538), np.int64(6622), np.int64(39043), np.int64(43985), np.int64(4502), np.int64(28839), np.int64(26308), np.int64(38580), np.int64(49039), np.int64(20176), np.int64(46197), np.int64(1873), np.int64(17626), np.int64(19481), np.int64(4993), np.int64(37179), np.int64(26215), np.int64(25140), np.int64(48887), np.int64(45036), np.int64(5432), np.int64(49503), np.int64(2774), np.int64(44464), np.int64(445), np.int64(46234), np.int64(6145), np.int64(17729), np.int64(38625), np.int64(20832), np.int64(21552), np.int64(19158), np.int64(27957), np.int64(36780))","(0, 0, 0, 0, 0, 0, 0, 0, 1, 0, 0, 0, 0, 0, 1, 0, 0, 0, 0, 0, 1, 0, 0, 0, 0, 0, 0, 0, 0, 0, 1, 0, 1, 0, 0, 0, 0, 0, 0, 0, 0, 0, 1, 0, 0, 0, 0, 0, 0, 0)"
3.54373,70,271.297435,0,"(np.int64(38383), np.int64(2700), np.int64(2243), np.int64(43785), np.int64(8119), np.int64(16320), np.int64(18048), np.int64(10146), np.int64(33427), np.int64(30705), np.int64(34529), np.int64(14899), np.int64(11066), np.int64(34594), np.int64(43570), np.int64(37866), np.int64(14127), np.int64(17132), np.int64(43897), np.int64(47058), np.int64(25414), np.int64(37950), np.int64(19467), np.int64(31049), np.int64(17299), np.int64(14758), np.int64(19005), np.int64(16608), np.int64(23212), np.int64(2669), np.int64(19767), np.int64(39098), np.int64(9949), np.int64(43414), np.int64(46168), np.int64(47825), np.int64(14184), np.int64(40233), np.int64(25390), np.int64(46389), np.int64(48373), np.int64(32488), np.int64(15124), np.int64(28324), np.int64(37651), np.int64(34945), np.int64(43053), np.int64(17595), np.int64(36479), np.int64(28407), np.int64(42491), np.int64(13831), np.int64(341), np.int64(14175), np.int64(31458), np.int64(45139), np.int64(42764), np.int64(3148), np.int64(23334), np.int64(22145), np.int64(4353), np.int64(38525), np.int64(2374), np.int64(4485), np.int64(19680), np.int64(16182), np.int64(11574), np.int64(36184), np.int64(2104), np.int64(7990))","(0, 0, 0, 0, 0, 0, 0, 0, 0, 0, 0, 0, 0, 0, 0, 0, 0, 0, 0, 1, 0, 0, 0, 0, 0, 0, 0, 0, 0, 0, 0, 0, 0, 0, 0, 0, 1, 0, 0, 0, 0, 0, 0, 0, 0, 0, 0, 0, 0, 0, 0, 0, 0, 0, 0, 0, 0, 0, 0, 0, 0, 1, 1, 0, 0, 0, 0, 0, 0, 1)"
6.103186,39,271.800214,0,"(np.int64(376), np.int64(42011), np.int64(31799), np.int64(10418), np.int64(27863), np.int64(34587), np.int64(39078), np.int64(14734), np.int64(14401), np.int64(35826), np.int64(22604), np.int64(7667), np.int64(21402), np.int64(22970), np.int64(41671), np.int64(47439), np.int64(22772), np.int64(4687), np.int64(18466), np.int64(28672), np.int64(18528), np.int64(43510), np.int64(38811), np.int64(8783), np.int64(23422), np.int64(6271), np.int64(30938), np.int64(3969), np.int64(38250), np.int64(24913), np.int64(20206), np.int64(1153), np.int64(6918), np.int64(17669), np.int64(29353), np.int64(28934), np.int64(11465), np.int64(29146), np.int64(742))","(0, 0, 0, 0, 0, 1, 1, 0, 1, 0, 0, 0, 0, 0, 0, 0, 0, 0, 0, 1, 0, 0, 0, 0, 0, 1, 0, 0, 0, 0, 0, 0, 1, 1, 1, 0, 0, 0, 0)"
3.67022,47,272.40428,0,"(np.int64(37301), np.int64(4823), np.int64(22443), np.int64(4734), np.int64(16798), np.int64(10562), np.int64(21548), np.int64(4434), np.int64(17059), np.int64(19743), np.int64(2042), np.int64(11476), np.int64(32264), np.int64(25495), np.int64(47788), np.int64(35418), np.int64(45621), np.int64(38416), np.int64(29912), np.int64(7745), np.int64(38402), np.int64(10211), np.int64(47482), np.int64(486), np.int64(9649), np.int64(3756), np.int64(16228), np.int64(34331), np.int64(36926), np.int64(19682), np.int64(35683), np.int64(2550), np.int64(45276), np.int64(12833), np.int64(10560), np.int64(3436), np.int64(49313), np.int64(48100), np.int64(40792), np.int64(2599), np.int64(39129), np.int64(27330), np.int64(47229), np.int64(292), np.int64(40306), np.int64(22652), np.int64(1770))","(1, 0, 0, 0, 0, 0, 0, 1, 0, 0, 0, 1, 0, 0, 0, 0, 0, 1, 0, 0, 0, 0, 0, 1, 0, 0, 0, 0, 0, 0, 0, 0, 0, 0, 0, 0, 0, 0, 0, 0, 0, 0, 0, 0, 0, 0, 0)"
3.829478,58,273.154348,0,"(np.int64(24878), np.int64(39298), np.int64(31934), np.int64(23978), np.int64(25842), np.int64(44421), np.int64(38589), np.int64(14929), np.int64(16571), np.int64(12602), np.int64(37415), np.int64(829), np.int64(30028), np.int64(6107), np.int64(8039), np.int64(41400), np.int64(44592), np.int64(24870), np.int64(11752), np.int64(45213), np.int64(29953), np.int64(3938), np.int64(3507), np.int64(7451), np.int64(19682), np.int64(21256), np.int64(27154), np.int64(10068), np.int64(21153), np.int64(22311), np.int64(20229), np.int64(2353), np.int64(47994), np.int64(34230), np.int64(9586), np.int64(22828), np.int64(12759), np.int64(29625), np.int64(12547), np.int64(9782), np.int64(45152), np.int64(14111), np.int64(18058), np.int64(36587), np.int64(39462), np.int64(35401), np.int64(39819), np.int64(41527), np.int64(6111), np.int64(43861), np.int64(32675), np.int64(30334), np.int64(3683), np.int64(24127), np.int64(49247), np.int64(18939), np.int64(10688), np.int64(4480))","(0, 0, 0, 0, 0, 0, 0, 0, 1, 0, 0, 0, 0, 0, 0, 0, 0, 0, 0, 0, 0, 0, 0, 0, 0, 0, 0, 0, 1, 0, 1, 0, 0, 0, 0, 0, 0, 0, 1, 0, 0, 0, 0, 0, 0, 0, 0, 0, 0, 0, 0, 0, 0, 0, 0, 0, 0, 1)"
3.895429,53,273.815999,0,"(np.int64(26646), np.int64(4236), np.int64(2428), np.int64(12221), np.int64(34537), np.int64(43750), np.int64(32255), np.int64(4011), np.int64(34217), np.int64(48580), np.int64(3555), np.int64(41866), np.int64(42960), np.int64(45505), np.int64(23266), np.int64(23697), np.int64(15665), np.int64(37892), np.int64(42876), np.int64(24809), np.int64(34318), np.int64(38575), np.int64(6305), np.int64(28094), np.int64(35248), np.int64(29453), np.int64(45023), np.int64(32780), np.int64(48023), np.int64(9781), np.int64(4831), np.int64(16297), np.int64(6230), np.int64(10245), np.int64(18218), np.int64(7960), np.int64(24581), np.int64(46956), np.int64(42733), np.int64(41124), np.int64(49489), np.int64(23527), np.int64(32413), np.int64(34268), np.int64(29234), np.int64(17500), np.int64(16087), np.int64(31545), np.int64(18835), np.int64(38260), np.int64(43660), np.int64(3614), np.int64(28733))","(0, 0, 0, 0, 0, 0, 0, 1, 0, 0, 0, 0, 0, 0, 0, 0, 0, 0, 0, 0, 0, 0, 0, 0, 0, 0, 1, 0, 0, 0, 0, 0, 0, 0, 0, 0, 0, 0, 0, 0, 0, 0, 0, 0, 0, 1, 1, 0, 0, 0, 0, 0, 1)"
3.656402,98,275.065967,0,"(np.int64(21979), np.int64(16693), np.int64(37978), np.int64(6654), np.int64(10127), np.int64(45774), np.int64(22176), np.int64(49625), np.int64(36206), np.int64(18946), np.int64(15808), np.int64(36232), np.int64(23284), np.int64(46001), np.int64(6787), np.int64(42831), np.int64(22910), np.int64(6449), np.int64(8886), np.int64(46619), np.int64(16505), np.int64(1444), np.int64(22235), np.int64(26791), np.int64(38336), np.int64(24409), np.int64(40703), np.int64(45241), np.int64(43110), np.int64(13879), np.int64(1285), np.int64(32653), np.int64(37686), np.int64(10859), np.int64(49473), np.int64(25604), np.int64(33232), np.int64(11420), np.int64(32073), np.int64(26284), np.int64(35098), np.int64(10595), np.int64(5067), np.int64(36609), np.int64(46659), np.int64(41130), np.int64(12151), np.int64(36671), np.int64(45178), np.int64(22097), np.int64(40120), np.int64(46318), np.int64(8749), np.int64(35774), np.int64(35091), np.int64(43989), np.int64(47058), np.int64(38945), np.int64(28075), np.int64(3409), np.int64(17113), np.int64(43939), np.int64(14429), np.int64(44486), np.int64(29839), np.int64(45666), np.int64(29905), np.int64(34218), np.int64(35777), np.int64(34401), np.int64(48012), np.int64(41458), np.int64(20572), np.int64(33527), np.int64(5017), np.int64(39572), np.int64(18692), np.int64(12948), np.int64(14853), np.int64(37252), np.int64(37254), np.int64(21719), np.int64(42899), np.int64(24018), np.int64(33357), np.int64(37134), np.int64(19896), np.int64(37127), np.int64(14918), np.int64(29829), np.int64(46392), np.int64(2708), np.int64(48339), np.int64(28445), np.int64(29827), np.int64(30176), np.int64(13379), np.int64(32445))","(0, 0, 0, 0, 0, 0, 0, 0, 0, 0, 0, 0, 0, 0, 0, 0, 0, 0, 0, 0, 0, 1, 0, 0, 0, 0, 0, 0, 0, 0, 0, 0, 0, 0, 0, 0, 0, 0, 0, 0, 0, 0, 0, 0, 0, 0, 0, 0, 0, 0, 0, 0, 0, 0, 0, 0, 1, 0, 0, 0, 0, 0, 0, 0, 0, 0, 0, 0, 0, 0, 0, 0, 0, 0, 0, 0, 0, 0, 0, 0, 0, 1, 0, 0, 0, 1, 0, 0, 0, 0, 0, 0, 0, 0, 0, 0, 0, 1)"
4.469417,42,275.595614,0,"(np.int64(11453), np.int64(33364), np.int64(2201), np.int64(28820), np.int64(40529), np.int64(23959), np.int64(46741), np.int64(21421), np.int64(48013), np.int64(27267), np.int64(11077), np.int64(2398), np.int64(29040), np.int64(4699), np.int64(38105), np.int64(257), np.int64(16826), np.int64(9905), np.int64(27315), np.int64(29953), np.int64(9666), np.int64(47655), np.int64(19333), np.int64(48476), np.int64(41645), np.int64(25661), np.int64(4470), np.int64(15072), np.int64(37776), np.int64(46898), np.int64(7898), np.int64(31861), np.int64(30828), np.int64(18079), np.int64(17191), np.int64(893), np.int64(41597), np.int64(9570), np.int64(22742), np.int64(15407), np.int64(32677), np.int64(48620))","(1, 0, 0, 0, 0, 0, 0, 0, 0, 1, 0, 0, 0, 0, 0, 0, 0, 0, 0, 0, 0, 0, 0, 0, 0, 1, 1, 0, 1, 0, 0, 0, 0, 0, 0, 0, 1, 0, 0, 0, 0, 0)"
4.017343,72,276.518283,0,"(np.int64(45053), np.int64(27464), np.int64(21426), np.int64(10035), np.int64(5725), np.int64(23686), np.int64(30565), np.int64(43074), np.int64(34631), np.int64(35303), np.int64(41991), np.int64(947), np.int64(38147), np.int64(13609), np.int64(37211), np.int64(22865), np.int64(46390), np.int64(32459), np.int64(48641), np.int64(22663), np.int64(14605), np.int64(608), np.int64(38871), np.int64(19312), np.int64(9051), np.int64(47031), np.int64(15189), np.int64(6778), np.int64(37956), np.int64(15210), np.int64(26976), np.int64(5360), np.int64(48691), np.int64(19744), np.int64(43851), np.int64(46136), np.int64(5532), np.int64(42887), np.int64(18314), np.int64(23036), np.int64(14042), np.int64(22097), np.int64(5044), np.int64(46122), np.int64(10843), np.int64(15412), np.int64(12197), np.int64(33372), np.int64(33170), np.int64(45143), np.int64(26147), np.int64(49113), np.int64(20787), np.int64(15973), np.int64(3884), np.int64(48286), np.int64(9273), np.int64(34503), np.int64(17622), np.int64(32340), np.int64(11056), np.int64(38187), np.int64(41432), np.int64(7339), np.int64(10987), np.int64(1321), np.int64(2989), np.int64(21594), np.int64(47549), np.int64(6124), np.int64(9839), np.int64(7692))","(0, 0, 0, 0, 0, 0, 0, 0, 0, 0, 0, 0, 0, 0, 0, 0, 0, 0, 0, 0, 0, 0, 0, 0, 0, 0, 0, 1, 0, 0, 0, 0, 0, 0, 0, 0, 0, 0, 0, 0, 0, 0, 0, 0, 0, 0, 0, 0, 0, 0, 0, 0, 0, 0, 1, 0, 0, 0, 1, 0, 0, 0, 0, 0, 0, 0, 1, 0, 0, 0, 0, 1)"
3.654169,63,277.329373,0,"(np.int64(27838), np.int64(15927), np.int64(29517), np.int64(16942), np.int64(2100), np.int64(9353), np.int64(3485), np.int64(25020), np.int64(28247), np.int64(36615), np.int64(17120), np.int64(10732), np.int64(48685), np.int64(17601), np.int64(23788), np.int64(44978), np.int64(22642), np.int64(44650), np.int64(12686), np.int64(29348), np.int64(9088), np.int64(38801), np.int64(23071), np.int64(30691), np.int64(1487), np.int64(43769), np.int64(23114), np.int64(11603), np.int64(43838), np.int64(21700), np.int64(11462), np.int64(10538), np.int64(7821), np.int64(49329), np.int64(14672), np.int64(21525), np.int64(15077), np.int64(20913), np.int64(21654), np.int64(30909), np.int64(34831), np.int64(46815), np.int64(5791), np.int64(22507), np.int64(8265), np.int64(23427), np.int64(36851), np.int64(38694), np.int64(28275), np.int64(117), np.int64(35139), np.int64(14471), np.int64(14151), np.int64(16703), np.int64(11442), np.int64(16555), np.int64(35468), np.int64(25036), np.int64(21581), np.int64(8426), np.int64(18090), np.int64(37706), np.int64(15198))","(0, 0, 0, 0, 0, 0, 0, 0, 0, 0, 0, 0, 0, 0, 0, 0, 0, 0, 0, 0, 1, 0, 0, 0, 0, 0, 0, 0, 0, 0, 0, 0, 0, 0, 0, 0, 1, 0, 0, 0, 0, 0, 0, 0, 0, 0, 0, 0, 0, 0, 0, 1, 0, 0, 1, 0, 0, 0, 0, 0, 0, 0, 1)"
3.698183,71,278.223088,0,"(np.int64(4256), np.int64(631), np.int64(4876), np.int64(1121), np.int64(46424), np.int64(37074), np.int64(9266), np.int64(48721), np.int64(16167), np.int64(28696), np.int64(13282), np.int64(4544), np.int64(11150), np.int64(35739), np.int64(21474), np.int64(40631), np.int64(42971), np.int64(1622), np.int64(1173), np.int64(36299), np.int64(26277), np.int64(42336), np.int64(10367), np.int64(28814), np.int64(32386), np.int64(23106), np.int64(45525), np.int64(31385), np.int64(33627), np.int64(31393), np.int64(7325), np.int64(25848), np.int64(10022), np.int64(29654), np.int64(31813), np.int64(23179), np.int64(44425), np.int64(21021), np.int64(2439), np.int64(16405), np.int64(39140), np.int64(3501), np.int64(21447), np.int64(616), np.int64(30097), np.int64(28904), np.int64(49729), np.int64(8337), np.int64(12489), np.int64(30482), np.int64(18701), np.int64(26169), np.int64(31206), np.int64(18551), np.int64(17198), np.int64(12873), np.int64(37952), np.int64(49729), np.int64(29407), np.int64(45147), np.int64(6090), np.int64(32239), np.int64(15024), np.int64(211), np.int64(16666), np.int64(28311), np.int64(30529), np.int64(23671), np.int64(14427), np.int64(517), np.int64(12985))","(0, 0, 0, 0, 0, 0, 0, 0, 0, 0, 0, 0, 0, 0, 0, 0, 0, 1, 0, 0, 0, 0, 0, 0, 0, 0, 0, 0, 0, 0, 0, 0, 0, 0, 0, 0, 0, 0, 0, 0, 0, 1, 0, 0, 0, 0, 0, 0, 0, 0, 0, 0, 0, 0, 0, 0, 0, 0, 0, 0, 1, 0, 0, 1, 0, 0, 0, 0, 0, 0, 1)"
6.018863,45,278.779489,0,"(np.int64(32463), np.int64(35398), np.int64(41215), np.int64(17045), np.int64(11561), np.int64(41306), np.int64(14966), np.int64(13217), np.int64(33707), np.int64(18790), np.int64(40199), np.int64(25249), np.int64(15081), np.int64(35473), np.int64(11648), np.int64(15318), np.int64(32379), np.int64(206), np.int64(7872), np.int64(25052), np.int64(14002), np.int64(23712), np.int64(34998), np.int64(6411), np.int64(25989), np.int64(21023), np.int64(3304), np.int64(32956), np.int64(44898), np.int64(16944), np.int64(39893), np.int64(38569), np.int64(42286), np.int64(44289), np.int64(42214), np.int64(24486), np.int64(14715), np.int64(44190), np.int64(21917), np.int64(23512), np.int64(44975), np.int64(41856), np.int64(3013), np.int64(31290), np.int64(48449))","(0, 0, 0, 0, 0, 0, 0, 0, 0, 0, 0, 1, 0, 0, 1, 0, 1, 1, 0, 0, 0, 1, 0, 0, 0, 0, 1, 0, 0, 1, 0, 0, 0, 0, 0, 0, 0, 0, 0, 0, 0, 0, 1, 0, 0)"
4.522768,50,279.4227,0,"(np.int64(31697), np.int64(45944), np.int64(23097), np.int64(15586), np.int64(10129), np.int64(39574), np.int64(48782), np.int64(49933), np.int64(13435), np.int64(11827), np.int64(48270), np.int64(20383), np.int64(43449), np.int64(43610), np.int64(20336), np.int64(4283), np.int64(7330), np.int64(14279), np.int64(18534), np.int64(16141), np.int64(12794), np.int64(25105), np.int64(22633), np.int64(44278), np.int64(15449), np.int64(40134), np.int64(41378), np.int64(34812), np.int64(47789), np.int64(11750), np.int64(35220), np.int64(3859), np.int64(42928), np.int64(30715), np.int64(42511), np.int64(45709), np.int64(48479), np.int64(3249), np.int64(29265), np.int64(47592), np.int64(18580), np.int64(41382), np.int64(28094), np.int64(40665), np.int64(27956), np.int64(2760), np.int64(21957), np.int64(23674), np.int64(49394), np.int64(8914))","(0, 0, 0, 0, 0, 0, 0, 0, 0, 0, 0, 0, 0, 0, 0, 0, 0, 0, 0, 0, 0, 0, 0, 0, 0, 0, 0, 0, 0, 1, 0, 0, 1, 0, 0, 0, 0, 1, 0, 0, 1, 0, 0, 0, 0, 0, 0, 1, 0, 1)"
4.281018,50,280.134707,0,"(np.int64(13931), np.int64(21508), np.int64(7360), np.int64(14051), np.int64(32656), np.int64(15795), np.int64(28766), np.int64(17911), np.int64(18248), np.int64(10454), np.int64(20160), np.int64(23591), np.int64(26644), np.int64(9785), np.int64(8079), np.int64(20114), np.int64(30777), np.int64(4425), np.int64(45265), np.int64(3422), np.int64(20188), np.int64(7319), np.int64(30728), np.int64(43893), np.int64(45321), np.int64(31090), np.int64(22559), np.int64(37132), np.int64(32545), np.int64(21060), np.int64(45418), np.int64(34842), np.int64(12196), np.int64(19114), np.int64(10165), np.int64(6068), np.int64(22804), np.int64(24979), np.int64(25646), np.int64(15671), np.int64(37472), np.int64(10508), np.int64(49575), np.int64(32414), np.int64(40847), np.int64(32446), np.int64(35006), np.int64(1481), np.int64(45494), np.int64(40182))","(0, 0, 0, 0, 0, 0, 0, 0, 0, 0, 1, 0, 0, 0, 0, 1, 0, 0, 0, 0, 0, 0, 0, 0, 1, 0, 0, 0, 0, 0, 0, 0, 1, 0, 0, 0, 0, 0, 0, 0, 0, 0, 0, 0, 0, 1, 0, 0, 1, 0)"
3.605771,61,281.115157,0,"(np.int64(13776), np.int64(29077), np.int64(33029), np.int64(34216), np.int64(43560), np.int64(13900), np.int64(26843), np.int64(17319), np.int64(15548), np.int64(10098), np.int64(31520), np.int64(36909), np.int64(42871), np.int64(23069), np.int64(21842), np.int64(21101), np.int64(20700), np.int64(32745), np.int64(13784), np.int64(8180), np.int64(42787), np.int64(34233), np.int64(43088), np.int64(31191), np.int64(27191), np.int64(3441), np.int64(590), np.int64(6537), np.int64(21798), np.int64(38771), np.int64(26072), np.int64(14740), np.int64(39272), np.int64(45826), np.int64(23371), np.int64(18165), np.int64(15237), np.int64(28654), np.int64(47880), np.int64(22321), np.int64(14670), np.int64(40502), np.int64(3544), np.int64(10771), np.int64(48638), np.int64(45835), np.int64(48760), np.int64(15086), np.int64(19198), np.int64(48315), np.int64(26236), np.int64(32802), np.int64(19563), np.int64(21695), np.int64(21252), np.int64(36811), np.int64(30464), np.int64(35600), np.int64(14044), np.int64(9911), np.int64(46223))","(0, 0, 0, 0, 0, 0, 0, 0, 0, 0, 0, 0, 0, 0, 0, 0, 0, 1, 0, 0, 0, 0, 0, 0, 0, 0, 0, 1, 0, 0, 0, 0, 0, 0, 0, 0, 0, 0, 0, 0, 0, 0, 0, 0, 0, 0, 1, 1, 0, 0, 0, 0, 0, 0, 0, 0, 0, 0, 0, 0, 1)"
3.734753,85,282.561527,0,"(np.int64(26394), np.int64(46295), np.int64(5546), np.int64(25247), np.int64(13378), np.int64(48768), np.int64(31026), np.int64(12755), np.int64(29846), np.int64(37203), np.int64(38627), np.int64(29594), np.int64(328), np.int64(39501), np.int64(21335), np.int64(5313), np.int64(35667), np.int64(6966), np.int64(35038), np.int64(32396), np.int64(7494), np.int64(4866), np.int64(31907), np.int64(33148), np.int64(7224), np.int64(20069), np.int64(40583), np.int64(30370), np.int64(29019), np.int64(25890), np.int64(22960), np.int64(2140), np.int64(9891), np.int64(15536), np.int64(12802), np.int64(39053), np.int64(27384), np.int64(7989), np.int64(27711), np.int64(33548), np.int64(10642), np.int64(16339), np.int64(34780), np.int64(1089), np.int64(37224), np.int64(15102), np.int64(12543), np.int64(22745), np.int64(17658), np.int64(31123), np.int64(27602), np.int64(13071), np.int64(41541), np.int64(48615), np.int64(18682), np.int64(36948), np.int64(328), np.int64(4478), np.int64(14829), np.int64(25738), np.int64(39979), np.int64(37621), np.int64(11479), np.int64(41677), np.int64(8099), np.int64(9217), np.int64(6412), np.int64(1007), np.int64(11058), np.int64(24262), np.int64(41179), np.int64(43811), np.int64(1433), np.int64(15618), np.int64(27615), np.int64(38035), np.int64(43780), np.int64(4906), np.int64(28829), np.int64(4655), np.int64(17324), np.int64(20854), np.int64(147), np.int64(5041), np.int64(39348))","(0, 0, 0, 0, 0, 0, 0, 0, 0, 0, 0, 0, 0, 0, 0, 0, 0, 0, 0, 0, 0, 0, 0, 0, 0, 0, 0, 0, 0, 0, 0, 0, 0, 1, 0, 0, 0, 0, 0, 0, 0, 0, 0, 0, 0, 0, 0, 0, 0, 0, 0, 0, 0, 0, 0, 0, 0, 0, 0, 0, 0, 0, 0, 1, 0, 0, 0, 0, 0, 0, 0, 0, 0, 1, 0, 0, 0, 0, 1, 0, 0, 0, 0, 0, 1)"
4.769919,50,283.419701,0,"(np.int64(18752), np.int64(39575), np.int64(25126), np.int64(23252), np.int64(26279), np.int64(33643), np.int64(35768), np.int64(180), np.int64(10540), np.int64(13768), np.int64(27697), np.int64(13919), np.int64(19574), np.int64(10214), np.int64(22983), np.int64(33195), np.int64(15031), np.int64(28302), np.int64(9693), np.int64(27442), np.int64(6835), np.int64(21467), np.int64(40697), np.int64(3762), np.int64(42349), np.int64(4648), np.int64(34714), np.int64(42075), np.int64(4503), np.int64(530), np.int64(3577), np.int64(14658), np.int64(43695), np.int64(36440), np.int64(14757), np.int64(21716), np.int64(17485), np.int64(9694), np.int64(20610), np.int64(2659), np.int64(47463), np.int64(22758), np.int64(43012), np.int64(29103), np.int64(19385), np.int64(18554), np.int64(47110), np.int64(265), np.int64(5739), np.int64(30463))","(0, 0, 0, 0, 0, 0, 0, 0, 0, 0, 0, 0, 0, 0, 0, 0, 0, 0, 0, 0, 0, 0, 0, 0, 0, 1, 0, 0, 0, 0, 0, 0, 0, 1, 1, 1, 0, 0, 0, 0, 0, 0, 0, 0, 0, 0, 1, 1, 0, 0)"
4.560101,50,284.261469,0,"(np.int64(2369), np.int64(39500), np.int64(33165), np.int64(15252), np.int64(14393), np.int64(49450), np.int64(45607), np.int64(23694), np.int64(28509), np.int64(32342), np.int64(19315), np.int64(20888), np.int64(48051), np.int64(163), np.int64(34564), np.int64(40847), np.int64(14910), np.int64(49218), np.int64(2549), np.int64(10030), np.int64(8948), np.int64(9882), np.int64(20956), np.int64(9557), np.int64(48153), np.int64(10157), np.int64(24533), np.int64(29204), np.int64(37949), np.int64(4528), np.int64(34072), np.int64(15412), np.int64(43061), np.int64(37358), np.int64(29295), np.int64(25804), np.int64(46173), np.int64(48072), np.int64(25131), np.int64(18176), np.int64(7762), np.int64(5517), np.int64(19214), np.int64(22365), np.int64(36682), np.int64(10519), np.int64(19670), np.int64(9629), np.int64(24345), np.int64(15728))","(0, 0, 0, 0, 0, 0, 0, 1, 0, 1, 0, 0, 0, 0, 0, 0, 0, 0, 0, 0, 0, 0, 0, 1, 0, 0, 0, 0, 0, 0, 0, 0, 0, 0, 0, 0, 0, 0, 0, 0, 0, 0, 0, 0, 0, 1, 0, 1, 1, 0)"
3.546083,59,285.220703,0,"(np.int64(39569), np.int64(12586), np.int64(39687), np.int64(31354), np.int64(25535), np.int64(21029), np.int64(48375), np.int64(41428), np.int64(9404), np.int64(45147), np.int64(23588), np.int64(46038), np.int64(16645), np.int64(26294), np.int64(41514), np.int64(10849), np.int64(9085), np.int64(49092), np.int64(47398), np.int64(49601), np.int64(42006), np.int64(33551), np.int64(41811), np.int64(15492), np.int64(32835), np.int64(16104), np.int64(41155), np.int64(14424), np.int64(1377), np.int64(39519), np.int64(17929), np.int64(32521), np.int64(47415), np.int64(45938), np.int64(24628), np.int64(47522), np.int64(26291), np.int64(27814), np.int64(244), np.int64(15781), np.int64(27600), np.int64(16412), np.int64(12764), np.int64(18464), np.int64(46895), np.int64(9734), np.int64(37069), np.int64(27152), np.int64(17362), np.int64(24587), np.int64(27481), np.int64(41204), np.int64(48833), np.int64(22239), np.int64(16978), np.int64(5714), np.int64(2032), np.int64(9003), np.int64(28534))","(0, 0, 0, 1, 0, 0, 0, 1, 0, 0, 0, 0, 0, 0, 0, 0, 0, 0, 0, 0, 0, 0, 0, 0, 1, 0, 0, 0, 0, 0, 0, 0, 0, 0, 0, 0, 1, 0, 0, 0, 0, 0, 0, 0, 0, 0, 0, 0, 0, 0, 0, 0, 0, 0, 0, 0, 0, 0, 1)"
3.784033,77,286.503361,0,"(np.int64(31184), np.int64(22067), np.int64(29756), np.int64(40751), np.int64(30328), np.int64(13403), np.int64(21095), np.int64(5803), np.int64(913), np.int64(20653), np.int64(34060), np.int64(44455), np.int64(7185), np.int64(38535), np.int64(24447), np.int64(198), np.int64(13172), np.int64(32682), np.int64(17209), np.int64(32273), np.int64(42269), np.int64(24708), np.int64(20055), np.int64(2039), np.int64(44880), np.int64(10391), np.int64(28820), np.int64(20584), np.int64(32641), np.int64(49676), np.int64(48563), np.int64(31211), np.int64(41433), np.int64(2364), np.int64(47268), np.int64(46801), np.int64(28550), np.int64(31384), np.int64(45208), np.int64(36306), np.int64(34240), np.int64(1604), np.int64(37470), np.int64(25811), np.int64(2423), np.int64(27565), np.int64(49433), np.int64(12671), np.int64(44211), np.int64(38829), np.int64(33906), np.int64(30895), np.int64(47217), np.int64(37556), np.int64(23586), np.int64(12094), np.int64(47259), np.int64(36903), np.int64(37087), np.int64(47620), np.int64(2717), np.int64(23810), np.int64(11096), np.int64(47145), np.int64(12381), np.int64(1465), np.int64(9238), np.int64(3103), np.int64(31047), np.int64(23171), np.int64(17431), np.int64(28699), np.int64(25581), np.int64(38057), np.int64(3618), np.int64(28426), np.int64(14018))","(0, 0, 0, 0, 0, 0, 0, 0, 0, 0, 0, 0, 0, 0, 0, 0, 0, 0, 0, 0, 0, 0, 0, 0, 0, 0, 0, 0, 0, 0, 0, 0, 0, 0, 0, 0, 0, 0, 0, 0, 0, 1, 0, 0, 0, 0, 0, 0, 0, 0, 0, 0, 0, 0, 0, 0, 0, 0, 0, 0, 0, 1, 1, 0, 0, 0, 0, 0, 0, 0, 0, 0, 1, 0, 0, 0, 1)"
4.527876,50,287.162871,0,"(np.int64(25973), np.int64(44225), np.int64(12319), np.int64(47216), np.int64(29288), np.int64(9280), np.int64(3065), np.int64(25893), np.int64(37238), np.int64(27930), np.int64(30584), np.int64(40513), np.int64(15154), np.int64(28277), np.int64(23755), np.int64(4856), np.int64(49953), np.int64(40774), np.int64(36319), np.int64(7041), np.int64(23718), np.int64(28421), np.int64(37879), np.int64(15144), np.int64(45771), np.int64(7860), np.int64(46681), np.int64(50000), np.int64(6553), np.int64(14478), np.int64(40284), np.int64(38653), np.int64(4076), np.int64(49739), np.int64(42394), np.int64(16321), np.int64(41697), np.int64(24189), np.int64(17558), np.int64(36294), np.int64(38450), np.int64(49315), np.int64(29115), np.int64(34940), np.int64(11032), np.int64(19485), np.int64(24006), np.int64(39234), np.int64(28591), np.int64(4848))","(0, 0, 1, 0, 0, 0, 0, 0, 0, 0, 0, 0, 0, 0, 0, 0, 0, 0, 1, 0, 0, 0, 0, 0, 0, 0, 0, 0, 1, 0, 0, 0, 1, 0, 0, 0, 0, 0, 0, 0, 0, 0, 0, 0, 1, 0, 1, 0, 0, 0)"
3.870088,55,287.855528,0,"(np.int64(219), np.int64(45274), np.int64(15728), np.int64(47561), np.int64(47939), np.int64(9536), np.int64(6777), np.int64(41724), np.int64(3392), np.int64(17171), np.int64(25649), np.int64(32002), np.int64(41038), np.int64(47191), np.int64(36243), np.int64(10050), np.int64(996), np.int64(29509), np.int64(16695), np.int64(33626), np.int64(43815), np.int64(13806), np.int64(23577), np.int64(9326), np.int64(47308), np.int64(40041), np.int64(2215), np.int64(38377), np.int64(12943), np.int64(39828), np.int64(47615), np.int64(1477), np.int64(12779), np.int64(6700), np.int64(14507), np.int64(34018), np.int64(11104), np.int64(43819), np.int64(19837), np.int64(23307), np.int64(10974), np.int64(10843), np.int64(15572), np.int64(34048), np.int64(11518), np.int64(10362), np.int64(22525), np.int64(42839), np.int64(6863), np.int64(43948), np.int64(17235), np.int64(20163), np.int64(7676), np.int64(41837), np.int64(41398))","(0, 0, 0, 0, 0, 1, 1, 0, 0, 0, 0, 0, 0, 0, 0, 0, 0, 0, 0, 0, 0, 0, 0, 0, 0, 0, 0, 0, 0, 0, 0, 0, 0, 0, 0, 0, 0, 0, 0, 0, 0, 0, 1, 0, 0, 0, 0, 0, 0, 0, 0, 1, 0, 0, 1)"
3.784834,91,288.990497,0,"(np.int64(47046), np.int64(15359), np.int64(12028), np.int64(6805), np.int64(43095), np.int64(20690), np.int64(21151), np.int64(16388), np.int64(16194), np.int64(45987), np.int64(17249), np.int64(32312), np.int64(32994), np.int64(37101), np.int64(44007), np.int64(14362), np.int64(17642), np.int64(402), np.int64(12858), np.int64(30703), np.int64(42992), np.int64(40994), np.int64(4819), np.int64(25510), np.int64(44620), np.int64(16135), np.int64(18723), np.int64(42508), np.int64(3740), np.int64(3444), np.int64(39491), np.int64(31704), np.int64(4355), np.int64(43072), np.int64(42179), np.int64(44426), np.int64(18970), np.int64(33753), np.int64(27715), np.int64(40472), np.int64(31361), np.int64(22833), np.int64(2139), np.int64(23380), np.int64(37570), np.int64(37144), np.int64(42735), np.int64(45067), np.int64(38804), np.int64(23456), np.int64(32356), np.int64(41636), np.int64(27385), np.int64(44905), np.int64(6440), np.int64(24193), np.int64(13948), np.int64(15728), np.int64(12079), np.int64(25044), np.int64(4639), np.int64(35792), np.int64(30130), np.int64(29871), np.int64(7185), np.int64(16293), np.int64(28273), np.int64(49144), np.int64(1750), np.int64(18555), np.int64(10003), np.int64(49971), np.int64(37968), np.int64(17695), np.int64(20427), np.int64(29605), np.int64(29625), np.int64(32759), np.int64(9880), np.int64(49817), np.int64(28312), np.int64(9861), np.int64(47666), np.int64(5322), np.int64(19810), np.int64(43777), np.int64(10565), np.int64(39389), np.int64(15570), np.int64(47658), np.int64(3034))","(0, 0, 0, 0, 0, 0, 0, 0, 0, 0, 0, 0, 0, 0, 0, 0, 0, 0, 0, 0, 0, 0, 0, 0, 0, 0, 0, 1, 0, 0, 0, 0, 0, 0, 0, 0, 1, 0, 0, 0, 0, 0, 0, 0, 1, 0, 0, 0, 0, 0, 0, 0, 0, 0, 0, 0, 0, 0, 1, 0, 0, 0, 0, 0, 0, 0, 0, 0, 0, 0, 0, 0, 0, 0, 0, 0, 0, 0, 0, 0, 0, 0, 0, 0, 0, 0, 0, 0, 0, 0, 1)"
3.968934,64,289.808498,0,"(np.int64(44312), np.int64(34825), np.int64(4308), np.int64(29710), np.int64(468), np.int64(22243), np.int64(47852), np.int64(10657), np.int64(11160), np.int64(1195), np.int64(35053), np.int64(27826), np.int64(22521), np.int64(34216), np.int64(26714), np.int64(7295), np.int64(49261), np.int64(23454), np.int64(32510), np.int64(13056), np.int64(14884), np.int64(23380), np.int64(46626), np.int64(10331), np.int64(8315), np.int64(43081), np.int64(21637), np.int64(26733), np.int64(9467), np.int64(47572), np.int64(48915), np.int64(49162), np.int64(36449), np.int64(40022), np.int64(15386), np.int64(8506), np.int64(34388), np.int64(21717), np.int64(47481), np.int64(43362), np.int64(9756), np.int64(46513), np.int64(18966), np.int64(41938), np.int64(49102), np.int64(48873), np.int64(33002), np.int64(316), np.int64(20835), np.int64(18259), np.int64(49319), np.int64(16008), np.int64(41885), np.int64(6271), np.int64(37711), np.int64(1790), np.int64(28639), np.int64(21913), np.int64(11528), np.int64(9978), np.int64(20904), np.int64(15020), np.int64(26158), np.int64(1085))","(0, 0, 0, 0, 0, 0, 0, 0, 0, 0, 0, 0, 0, 0, 0, 0, 0, 0, 0, 0, 0, 0, 0, 0, 0, 0, 0, 0, 0, 0, 0, 0, 0, 0, 0, 1, 0, 0, 0, 0, 0, 0, 1, 0, 0, 0, 0, 0, 0, 0, 0, 0, 0, 1, 0, 0, 1, 0, 0, 0, 0, 0, 0, 1)"
5.398388,50,290.438792,0,"(np.int64(5281), np.int64(28311), np.int64(5444), np.int64(194), np.int64(4478), np.int64(39493), np.int64(14368), np.int64(24871), np.int64(25786), np.int64(36119), np.int64(12357), np.int64(45483), np.int64(40650), np.int64(27201), np.int64(35014), np.int64(40708), np.int64(49516), np.int64(11126), np.int64(40740), np.int64(37695), np.int64(14882), np.int64(24761), np.int64(35776), np.int64(34726), np.int64(8609), np.int64(1814), np.int64(29090), np.int64(38197), np.int64(30885), np.int64(44229), np.int64(27218), np.int64(44532), np.int64(24690), np.int64(44395), np.int64(47312), np.int64(8253), np.int64(5531), np.int64(2920), np.int64(31093), np.int64(5655), np.int64(17535), np.int64(24814), np.int64(23838), np.int64(39886), np.int64(42993), np.int64(22577), np.int64(38880), np.int64(41118), np.int64(14906), np.int64(44632))","(1, 0, 0, 1, 0, 0, 0, 0, 0, 1, 1, 0, 0, 1, 0, 0, 0, 0, 0, 0, 0, 0, 0, 0, 1, 0, 0, 0, 0, 0, 0, 0, 0, 0, 0, 1, 0, 0, 0, 0, 0, 0, 0, 0, 0, 0, 0, 0, 0, 0)"
5.323367,50,291.072773,0,"(np.int64(6541), np.int64(26731), np.int64(1744), np.int64(41868), np.int64(32465), np.int64(38511), np.int64(44125), np.int64(29117), np.int64(40907), np.int64(43513), np.int64(47810), np.int64(47687), np.int64(4003), np.int64(42664), np.int64(47052), np.int64(17354), np.int64(47129), np.int64(15743), np.int64(1564), np.int64(36588), np.int64(42610), np.int64(44203), np.int64(39524), np.int64(9286), np.int64(14282), np.int64(32426), np.int64(23693), np.int64(35768), np.int64(23709), np.int64(43654), np.int64(29767), np.int64(11958), np.int64(13572), np.int64(19834), np.int64(43754), np.int64(45732), np.int64(20750), np.int64(40295), np.int64(4566), np.int64(5230), np.int64(31024), np.int64(30751), np.int64(41260), np.int64(6920), np.int64(29575), np.int64(40864), np.int64(3327), np.int64(27202), np.int64(46766), np.int64(44805))","(0, 0, 0, 0, 0, 0, 0, 0, 0, 0, 0, 0, 0, 0, 1, 1, 0, 0, 0, 0, 0, 0, 0, 0, 0, 0, 1, 0, 0, 0, 0, 1, 0, 0, 0, 1, 0, 0, 0, 0, 0, 0, 0, 1, 0, 0, 0, 1, 0, 0)"
4.625381,33,291.474285,0,"(np.int64(43007), np.int64(42124), np.int64(25754), np.int64(41080), np.int64(12355), np.int64(25824), np.int64(3302), np.int64(48243), np.int64(37591), np.int64(8665), np.int64(13215), np.int64(4075), np.int64(7503), np.int64(48214), np.int64(6041), np.int64(11500), np.int64(582), np.int64(8214), np.int64(21906), np.int64(18929), np.int64(10873), np.int64(46670), np.int64(32322), np.int64(35528), np.int64(30753), np.int64(39199), np.int64(42862), np.int64(1052), np.int64(22900), np.int64(4817), np.int64(25815), np.int64(32136), np.int64(28026))","(0, 0, 0, 0, 0, 0, 0, 0, 1, 0, 0, 0, 1, 0, 1, 0, 0, 1, 0, 0, 0, 0, 0, 0, 0, 0, 0, 1, 0, 0, 0, 1, 0)"
3.917593,33,291.905204,0,"(np.int64(37268), np.int64(28234), np.int64(4654), np.int64(28606), np.int64(42636), np.int64(13177), np.int64(32513), np.int64(9792), np.int64(16490), np.int64(15104), np.int64(41918), np.int64(3104), np.int64(45605), np.int64(12308), np.int64(25625), np.int64(13307), np.int64(2370), np.int64(25216), np.int64(17012), np.int64(9210), np.int64(9427), np.int64(44534), np.int64(8279), np.int64(15221), np.int64(28567), np.int64(22887), np.int64(37458), np.int64(20947), np.int64(28746), np.int64(9616), np.int64(43813), np.int64(46600), np.int64(24235))","(1, 0, 0, 0, 0, 0, 0, 0, 0, 1, 0, 1, 0, 0, 0, 1, 0, 1, 0, 0, 0, 0, 0, 0, 0, 0, 0, 0, 0, 0, 0, 0, 0)"
3.872779,50,292.528286,0,"(np.int64(30343), np.int64(25203), np.int64(18877), np.int64(6115), np.int64(30000), np.int64(40228), np.int64(46371), np.int64(8307), np.int64(6719), np.int64(10115), np.int64(15841), np.int64(35720), np.int64(44580), np.int64(47033), np.int64(5683), np.int64(41661), np.int64(35917), np.int64(46136), np.int64(38059), np.int64(17850), np.int64(40278), np.int64(34618), np.int64(39565), np.int64(2299), np.int64(40410), np.int64(17275), np.int64(16535), np.int64(33256), np.int64(38662), np.int64(16583), np.int64(28064), np.int64(3289), np.int64(33270), np.int64(26454), np.int64(3791), np.int64(35243), np.int64(20688), np.int64(24040), np.int64(949), np.int64(40458), np.int64(38872), np.int64(33710), np.int64(41950), np.int64(24648), np.int64(46351), np.int64(30190), np.int64(6218), np.int64(786), np.int64(27127), np.int64(39364))","(0, 0, 0, 0, 0, 0, 0, 0, 1, 0, 1, 0, 0, 0, 0, 0, 0, 0, 0, 0, 0, 0, 0, 0, 0, 0, 0, 0, 0, 0, 0, 0, 0, 0, 1, 0, 0, 1, 1, 0, 0, 0, 0, 0, 0, 0, 0, 0, 0, 0)"
3.566764,46,293.117059,0,"(np.int64(37809), np.int64(30376), np.int64(8067), np.int64(8684), np.int64(33069), np.int64(44689), np.int64(27739), np.int64(44402), np.int64(31816), np.int64(13126), np.int64(3236), np.int64(16296), np.int64(36303), np.int64(49076), np.int64(14676), np.int64(18620), np.int64(42427), np.int64(11022), np.int64(36453), np.int64(5727), np.int64(2421), np.int64(49998), np.int64(46191), np.int64(43913), np.int64(42242), np.int64(49122), np.int64(44406), np.int64(28559), np.int64(18118), np.int64(44957), np.int64(6061), np.int64(38463), np.int64(48926), np.int64(16005), np.int64(25404), np.int64(24007), np.int64(41983), np.int64(27411), np.int64(48660), np.int64(47664), np.int64(7304), np.int64(23195), np.int64(26435), np.int64(41270), np.int64(13831), np.int64(11428))","(0, 0, 0, 0, 1, 0, 0, 0, 0, 0, 0, 0, 0, 0, 0, 0, 1, 0, 1, 0, 1, 0, 0, 0, 0, 0, 0, 0, 0, 0, 0, 0, 0, 0, 0, 0, 0, 0, 1, 0, 0, 0, 0, 0, 0, 0)"
3.73404,98,294.334721,0,"(np.int64(14460), np.int64(43941), np.int64(38613), np.int64(48672), np.int64(47214), np.int64(27934), np.int64(27118), np.int64(12251), np.int64(16501), np.int64(12179), np.int64(32018), np.int64(1244), np.int64(40298), np.int64(7013), np.int64(37046), np.int64(16492), np.int64(14363), np.int64(14505), np.int64(9917), np.int64(38722), np.int64(16085), np.int64(47050), np.int64(42660), np.int64(8337), np.int64(14641), np.int64(16270), np.int64(24474), np.int64(48736), np.int64(24573), np.int64(45365), np.int64(49002), np.int64(5757), np.int64(5029), np.int64(19674), np.int64(8887), np.int64(44980), np.int64(48501), np.int64(11171), np.int64(14147), np.int64(20965), np.int64(24639), np.int64(16270), np.int64(39992), np.int64(26537), np.int64(14004), np.int64(10138), np.int64(49136), np.int64(11700), np.int64(34241), np.int64(22762), np.int64(3868), np.int64(42290), np.int64(31803), np.int64(16503), np.int64(9526), np.int64(6005), np.int64(41567), np.int64(9478), np.int64(3841), np.int64(2453), np.int64(19251), np.int64(30120), np.int64(28959), np.int64(17138), np.int64(34135), np.int64(47417), np.int64(26078), np.int64(22793), np.int64(15679), np.int64(38636), np.int64(22563), np.int64(23214), np.int64(36406), np.int64(29696), np.int64(36953), np.int64(47272), np.int64(49660), np.int64(33706), np.int64(39388), np.int64(43126), np.int64(29231), np.int64(5885), np.int64(11620), np.int64(5924), np.int64(5841), np.int64(39528), np.int64(47562), np.int64(513), np.int64(22811), np.int64(19027), np.int64(9901), np.int64(8556), np.int64(5174), np.int64(23941), np.int64(4787), np.int64(19589), np.int64(40534), np.int64(6856))","(0, 0, 0, 0, 0, 1, 0, 0, 0, 0, 0, 0, 0, 0, 0, 0, 0, 0, 0, 0, 0, 0, 0, 0, 0, 0, 0, 0, 0, 0, 0, 0, 0, 1, 0, 0, 0, 0, 0, 0, 0, 0, 0, 0, 0, 0, 0, 0, 0, 0, 0, 0, 0, 0, 0, 0, 0, 0, 0, 0, 0, 0, 0, 0, 0, 0, 0, 0, 0, 1, 0, 0, 0, 0, 0, 0, 0, 0, 0, 0, 0, 0, 0, 0, 0, 0, 0, 0, 0, 0, 1, 0, 0, 0, 0, 0, 0, 1)"
3.917818,112,295.77395,0,"(np.int64(43517), np.int64(21238), np.int64(10829), np.int64(36096), np.int64(44599), np.int64(698), np.int64(96), np.int64(26533), np.int64(12840), np.int64(18575), np.int64(11182), np.int64(6032), np.int64(1099), np.int64(32651), np.int64(30927), np.int64(45865), np.int64(24093), np.int64(30784), np.int64(22526), np.int64(11471), np.int64(29435), np.int64(14683), np.int64(43639), np.int64(4943), np.int64(22651), np.int64(48498), np.int64(22831), np.int64(25672), np.int64(7705), np.int64(17477), np.int64(8053), np.int64(15856), np.int64(3611), np.int64(7225), np.int64(23266), np.int64(2071), np.int64(49526), np.int64(11048), np.int64(21500), np.int64(7438), np.int64(40574), np.int64(22860), np.int64(5323), np.int64(2220), np.int64(45990), np.int64(22110), np.int64(44789), np.int64(6044), np.int64(1603), np.int64(17860), np.int64(9982), np.int64(30046), np.int64(1938), np.int64(7048), np.int64(28729), np.int64(31545), np.int64(5065), np.int64(33155), np.int64(39506), np.int64(18744), np.int64(29047), np.int64(41307), np.int64(16179), np.int64(8522), np.int64(2797), np.int64(40853), np.int64(7474), np.int64(22459), np.int64(21694), np.int64(33410), np.int64(49456), np.int64(23124), np.int64(47209), np.int64(46814), np.int64(5239), np.int64(3751), np.int64(37687), np.int64(5031), np.int64(18368), np.int64(14302), np.int64(34418), np.int64(6454), np.int64(34445), np.int64(21273), np.int64(28340), np.int64(26106), np.int64(31983), np.int64(46296), np.int64(6025), np.int64(40196), np.int64(18071), np.int64(39844), np.int64(40336), np.int64(18078), np.int64(39286), np.int64(25828), np.int64(736), np.int64(10801), np.int64(27643), np.int64(5008), np.int64(46206), np.int64(49315), np.int64(22944), np.int64(24778), np.int64(27409), np.int64(14325), np.int64(7924), np.int64(14318), np.int64(6629), np.int64(9446), np.int64(33532), np.int64(13361))","(0, 0, 0, 1, 0, 0, 0, 0, 0, 0, 0, 0, 0, 0, 0, 0, 0, 0, 0, 0, 0, 0, 0, 0, 0, 0, 0, 0, 0, 0, 0, 0, 0, 0, 0, 0, 0, 0, 0, 0, 0, 0, 0, 0, 0, 0, 0, 1, 0, 0, 0, 0, 0, 0, 0, 0, 0, 0, 0, 0, 0, 0, 0, 0, 0, 0, 0, 0, 0, 0, 0, 0, 0, 0, 0, 1, 0, 0, 0, 0, 0, 0, 0, 0, 0, 0, 0, 0, 1, 0, 0, 0, 0, 0, 0, 0, 0, 0, 0, 0, 0, 0, 0, 0, 0, 0, 0, 0, 0, 0, 0, 1)"
3.834018,78,296.770702,0,"(np.int64(30302), np.int64(18649), np.int64(5392), np.int64(755), np.int64(10498), np.int64(34016), np.int64(29985), np.int64(42949), np.int64(13533), np.int64(39767), np.int64(38465), np.int64(16539), np.int64(5178), np.int64(38706), np.int64(25032), np.int64(20462), np.int64(42873), np.int64(21300), np.int64(26373), np.int64(3568), np.int64(48999), np.int64(34359), np.int64(26314), np.int64(8602), np.int64(43522), np.int64(23150), np.int64(39284), np.int64(2841), np.int64(44561), np.int64(3063), np.int64(12015), np.int64(5272), np.int64(2913), np.int64(9550), np.int64(21630), np.int64(15868), np.int64(44555), np.int64(29974), np.int64(19006), np.int64(47953), np.int64(9498), np.int64(44702), np.int64(26207), np.int64(27243), np.int64(46669), np.int64(13608), np.int64(37468), np.int64(4413), np.int64(37732), np.int64(42239), np.int64(29162), np.int64(16454), np.int64(19709), np.int64(9502), np.int64(23485), np.int64(6770), np.int64(49753), np.int64(31023), np.int64(29519), np.int64(12151), np.int64(26677), np.int64(45082), np.int64(41661), np.int64(1601), np.int64(19921), np.int64(46803), np.int64(35241), np.int64(32346), np.int64(30667), np.int64(5063), np.int64(31509), np.int64(34044), np.int64(42608), np.int64(30114), np.int64(18222), np.int64(16414), np.int64(35010), np.int64(10939))","(0, 0, 0, 0, 0, 0, 0, 0, 0, 0, 0, 0, 0, 0, 1, 0, 0, 0, 0, 0, 0, 0, 1, 0, 0, 0, 0, 0, 0, 0, 0, 1, 0, 1, 0, 0, 0, 0, 0, 0, 0, 0, 0, 0, 0, 0, 0, 0, 0, 0, 0, 0, 0, 0, 0, 0, 0, 0, 0, 0, 0, 0, 0, 0, 0, 0, 0, 0, 0, 0, 0, 0, 0, 0, 0, 0, 0, 1)"
3.945858,51,297.433128,0,"(np.int64(29035), np.int64(43607), np.int64(48634), np.int64(29005), np.int64(21453), np.int64(26241), np.int64(14333), np.int64(21583), np.int64(37119), np.int64(4730), np.int64(43574), np.int64(6602), np.int64(4808), np.int64(16169), np.int64(2474), np.int64(49987), np.int64(3094), np.int64(11909), np.int64(44047), np.int64(43847), np.int64(42350), np.int64(26273), np.int64(26896), np.int64(15968), np.int64(18342), np.int64(32258), np.int64(19402), np.int64(44863), np.int64(26219), np.int64(16010), np.int64(41494), np.int64(48692), np.int64(30874), np.int64(9813), np.int64(16198), np.int64(18681), np.int64(28371), np.int64(23561), np.int64(23151), np.int64(37550), np.int64(35227), np.int64(45117), np.int64(15001), np.int64(22000), np.int64(44296), np.int64(17342), np.int64(44927), np.int64(46714), np.int64(36769), np.int64(28591), np.int64(19829))","(1, 0, 0, 0, 0, 1, 0, 0, 0, 0, 0, 0, 0, 0, 0, 0, 0, 0, 0, 0, 0, 0, 0, 0, 0, 0, 0, 0, 0, 0, 0, 0, 0, 0, 0, 1, 0, 0, 0, 0, 0, 0, 0, 1, 0, 0, 0, 0, 0, 0, 1)"
6.245153,50,298.083375,0,"(np.int64(6130), np.int64(35184), np.int64(14681), np.int64(41078), np.int64(24331), np.int64(6859), np.int64(15606), np.int64(568), np.int64(7636), np.int64(2548), np.int64(1751), np.int64(46830), np.int64(16814), np.int64(2876), np.int64(1095), np.int64(48156), np.int64(25091), np.int64(75), np.int64(12242), np.int64(35529), np.int64(19345), np.int64(46169), np.int64(14996), np.int64(1183), np.int64(30513), np.int64(4671), np.int64(93), np.int64(36430), np.int64(47490), np.int64(1515), np.int64(39020), np.int64(10072), np.int64(17849), np.int64(46495), np.int64(39695), np.int64(12579), np.int64(46199), np.int64(425), np.int64(29523), np.int64(20760), np.int64(11525), np.int64(7103), np.int64(47164), np.int64(21086), np.int64(44019), np.int64(18772), np.int64(2017), np.int64(43894), np.int64(673), np.int64(5093))","(0, 0, 0, 0, 0, 0, 0, 0, 0, 0, 0, 0, 0, 1, 0, 0, 0, 0, 0, 0, 1, 0, 0, 1, 0, 0, 0, 0, 0, 0, 1, 0, 1, 0, 0, 0, 0, 1, 0, 0, 1, 0, 0, 0, 0, 0, 1, 0, 0, 0)"
5.049992,50,298.726372,0,"(np.int64(35644), np.int64(47795), np.int64(43670), np.int64(5331), np.int64(27454), np.int64(44787), np.int64(29659), np.int64(26946), np.int64(5822), np.int64(41491), np.int64(17288), np.int64(16814), np.int64(19438), np.int64(23114), np.int64(38617), np.int64(38293), np.int64(5629), np.int64(27951), np.int64(4400), np.int64(18803), np.int64(33886), np.int64(5062), np.int64(48830), np.int64(682), np.int64(46445), np.int64(34860), np.int64(41150), np.int64(18276), np.int64(19445), np.int64(31702), np.int64(48414), np.int64(37798), np.int64(20795), np.int64(17025), np.int64(24918), np.int64(24586), np.int64(96), np.int64(16253), np.int64(45346), np.int64(4247), np.int64(46056), np.int64(4435), np.int64(2570), np.int64(15937), np.int64(39642), np.int64(14070), np.int64(14135), np.int64(1974), np.int64(13405), np.int64(33761))","(0, 0, 0, 1, 0, 0, 0, 0, 0, 0, 0, 0, 0, 0, 1, 0, 0, 0, 0, 0, 0, 1, 0, 0, 0, 0, 0, 0, 0, 1, 0, 1, 0, 0, 0, 0, 0, 0, 0, 0, 0, 0, 1, 0, 0, 1, 0, 0, 0, 0)"
3.915665,145,300.569488,0,"(np.int64(21885), np.int64(44835), np.int64(11179), np.int64(39546), np.int64(30679), np.int64(45199), np.int64(9988), np.int64(11643), np.int64(26623), np.int64(33924), np.int64(15369), np.int64(5167), np.int64(23903), np.int64(10874), np.int64(46907), np.int64(21652), np.int64(30407), np.int64(35768), np.int64(44017), np.int64(19452), np.int64(9247), np.int64(21987), np.int64(14317), np.int64(49503), np.int64(20634), np.int64(46835), np.int64(15017), np.int64(2569), np.int64(5787), np.int64(17329), np.int64(25891), np.int64(38359), np.int64(34945), np.int64(2743), np.int64(17021), np.int64(22589), np.int64(42774), np.int64(14), np.int64(3992), np.int64(21054), np.int64(16650), np.int64(22357), np.int64(3588), np.int64(30898), np.int64(5745), np.int64(43478), np.int64(24531), np.int64(11638), np.int64(36973), np.int64(8744), np.int64(497), np.int64(18735), np.int64(8050), np.int64(39638), np.int64(12235), np.int64(46658), np.int64(14567), np.int64(40075), np.int64(42200), np.int64(20939), np.int64(10345), np.int64(40978), np.int64(32887), np.int64(6111), np.int64(15828), np.int64(9233), np.int64(7435), np.int64(21503), np.int64(13912), np.int64(5681), np.int64(10250), np.int64(38201), np.int64(82), np.int64(30520), np.int64(46802), np.int64(864), np.int64(29606), np.int64(14166), np.int64(42484), np.int64(30631), np.int64(12321), np.int64(15277), np.int64(8609), np.int64(45673), np.int64(43103), np.int64(25882), np.int64(39109), np.int64(13139), np.int64(26554), np.int64(44902), np.int64(37703), np.int64(26231), np.int64(42573), np.int64(43983), np.int64(14422), np.int64(32844), np.int64(44079), np.int64(12961), np.int64(1271), np.int64(20697), np.int64(7311), np.int64(35639), np.int64(17432), np.int64(34621), np.int64(3232), np.int64(10093), np.int64(33390), np.int64(6279), np.int64(18238), np.int64(22361), np.int64(29693), np.int64(43982), np.int64(33671), np.int64(2241), np.int64(30784), np.int64(42541), np.int64(31627), np.int64(16904), np.int64(36654), np.int64(17850), np.int64(6656), np.int64(11351), np.int64(3824), np.int64(46082), np.int64(28364), np.int64(34203), np.int64(34464), np.int64(2360), np.int64(39346), np.int64(23934), np.int64(24587), np.int64(18559), np.int64(47291), np.int64(6168), np.int64(30870), np.int64(17518), np.int64(36200), np.int64(7299), np.int64(25688), np.int64(22411), np.int64(43767), np.int64(5070), np.int64(49247), np.int64(4981), np.int64(48965))","(0, 0, 0, 0, 0, 0, 0, 0, 0, 0, 0, 1, 0, 0, 0, 0, 0, 0, 0, 0, 0, 0, 0, 0, 0, 0, 0, 0, 0, 0, 0, 0, 0, 0, 0, 0, 0, 0, 0, 0, 0, 0, 0, 0, 0, 0, 0, 0, 0, 0, 0, 0, 0, 0, 0, 0, 0, 0, 0, 0, 0, 0, 0, 0, 0, 0, 1, 0, 0, 0, 0, 0, 0, 0, 0, 0, 0, 0, 0, 0, 0, 0, 1, 0, 0, 0, 0, 0, 0, 0, 0, 0, 0, 0, 0, 0, 0, 0, 0, 1, 0, 0, 0, 0, 0, 0, 0, 0, 0, 0, 0, 0, 0, 0, 0, 0, 0, 0, 0, 0, 0, 0, 0, 0, 0, 0, 0, 0, 0, 0, 0, 0, 0, 0, 0, 0, 0, 0, 0, 0, 0, 0, 0, 0, 1)"
4.470783,50,301.184147,0,"(np.int64(5336), np.int64(18587), np.int64(703), np.int64(34265), np.int64(22889), np.int64(9289), np.int64(28589), np.int64(1336), np.int64(21719), np.int64(31803), np.int64(11809), np.int64(25497), np.int64(2573), np.int64(39717), np.int64(9104), np.int64(37294), np.int64(18348), np.int64(26435), np.int64(42819), np.int64(21458), np.int64(49087), np.int64(42133), np.int64(2629), np.int64(49642), np.int64(41908), np.int64(9655), np.int64(37595), np.int64(38597), np.int64(12095), np.int64(17950), np.int64(40488), np.int64(36911), np.int64(24415), np.int64(16866), np.int64(45340), np.int64(33168), np.int64(30521), np.int64(37168), np.int64(46674), np.int64(12413), np.int64(30028), np.int64(24172), np.int64(12220), np.int64(33982), np.int64(46839), np.int64(19670), np.int64(12847), np.int64(4826), np.int64(13795), np.int64(39638))","(0, 0, 0, 1, 0, 0, 0, 0, 1, 0, 0, 0, 0, 0, 0, 1, 0, 0, 0, 0, 0, 0, 0, 0, 0, 1, 0, 0, 0, 0, 0, 0, 0, 0, 1, 0, 0, 0, 0, 0, 0, 0, 1, 0, 0, 0, 0, 0, 0, 0)"
3.618907,31,301.56172,0,"(np.int64(17822), np.int64(49970), np.int64(18650), np.int64(42759), np.int64(17444), np.int64(13745), np.int64(12212), np.int64(2938), np.int64(11764), np.int64(38324), np.int64(20753), np.int64(21323), np.int64(29714), np.int64(43997), np.int64(8222), np.int64(19871), np.int64(22217), np.int64(22200), np.int64(37901), np.int64(6128), np.int64(10668), np.int64(28913), np.int64(21759), np.int64(20137), np.int64(45138), np.int64(42469), np.int64(13417), np.int64(48647), np.int64(47913), np.int64(32728), np.int64(1702))","(0, 0, 0, 0, 0, 0, 1, 0, 0, 0, 0, 0, 0, 1, 0, 0, 0, 0, 0, 0, 1, 1, 0, 1, 0, 0, 0, 0, 0, 0, 0)"
3.878816,63,302.363427,0,"(np.int64(13616), np.int64(47274), np.int64(1871), np.int64(44470), np.int64(30578), np.int64(27124), np.int64(24743), np.int64(21810), np.int64(5810), np.int64(9007), np.int64(4160), np.int64(9629), np.int64(3717), np.int64(40784), np.int64(4941), np.int64(49282), np.int64(30663), np.int64(9457), np.int64(1655), np.int64(43748), np.int64(10799), np.int64(20701), np.int64(23539), np.int64(30941), np.int64(38748), np.int64(28624), np.int64(5282), np.int64(39146), np.int64(1246), np.int64(46087), np.int64(44983), np.int64(2210), np.int64(44007), np.int64(9182), np.int64(29112), np.int64(30493), np.int64(3790), np.int64(28232), np.int64(14677), np.int64(36739), np.int64(24006), np.int64(37839), np.int64(41929), np.int64(46020), np.int64(18439), np.int64(47503), np.int64(39324), np.int64(2243), np.int64(3688), np.int64(22019), np.int64(4530), np.int64(4872), np.int64(37970), np.int64(8531), np.int64(1549), np.int64(44785), np.int64(10786), np.int64(16708), np.int64(31752), np.int64(37359), np.int64(40315), np.int64(27516), np.int64(36276))","(0, 0, 0, 0, 0, 0, 0, 1, 0, 0, 1, 1, 0, 0, 0, 0, 0, 0, 0, 0, 0, 0, 0, 0, 0, 0, 0, 0, 0, 0, 0, 0, 0, 0, 0, 0, 0, 0, 0, 0, 1, 0, 0, 0, 0, 0, 0, 0, 0, 0, 0, 0, 0, 0, 0, 0, 0, 0, 0, 0, 0, 0, 1)"
3.872783,65,303.193291,0,"(np.int64(964), np.int64(19078), np.int64(5733), np.int64(29854), np.int64(30329), np.int64(2912), np.int64(45140), np.int64(38985), np.int64(45357), np.int64(24358), np.int64(41658), np.int64(16360), np.int64(49895), np.int64(48146), np.int64(46148), np.int64(35353), np.int64(17065), np.int64(28611), np.int64(33558), np.int64(19985), np.int64(23032), np.int64(30701), np.int64(44220), np.int64(37851), np.int64(2876), np.int64(44304), np.int64(5149), np.int64(18238), np.int64(21659), np.int64(28897), np.int64(37625), np.int64(39922), np.int64(37149), np.int64(31335), np.int64(14724), np.int64(15921), np.int64(44673), np.int64(8777), np.int64(5823), np.int64(29434), np.int64(49750), np.int64(38929), np.int64(10927), np.int64(42773), np.int64(41372), np.int64(19906), np.int64(30692), np.int64(21291), np.int64(10641), np.int64(37108), np.int64(22099), np.int64(45030), np.int64(25744), np.int64(30980), np.int64(47450), np.int64(25827), np.int64(48895), np.int64(40744), np.int64(19052), np.int64(26249), np.int64(4739), np.int64(27345), np.int64(2181), np.int64(39620), np.int64(17441))","(0, 0, 0, 0, 0, 0, 0, 1, 0, 0, 0, 0, 0, 0, 0, 0, 0, 0, 0, 0, 0, 0, 0, 0, 1, 0, 0, 0, 0, 0, 0, 0, 0, 0, 1, 0, 0, 0, 0, 0, 0, 0, 0, 0, 0, 0, 0, 0, 0, 0, 0, 0, 0, 0, 0, 0, 0, 0, 0, 1, 0, 0, 0, 0, 1)"
3.574483,50,303.839262,0,"(np.int64(48125), np.int64(15910), np.int64(14777), np.int64(20619), np.int64(34404), np.int64(19211), np.int64(42699), np.int64(5820), np.int64(25282), np.int64(2035), np.int64(13472), np.int64(27531), np.int64(48176), np.int64(13050), np.int64(9786), np.int64(15028), np.int64(31287), np.int64(21804), np.int64(16262), np.int64(2246), np.int64(17438), np.int64(14376), np.int64(30790), np.int64(46713), np.int64(11936), np.int64(33446), np.int64(9002), np.int64(49410), np.int64(8267), np.int64(1781), np.int64(42210), np.int64(37496), np.int64(44535), np.int64(25406), np.int64(23317), np.int64(16874), np.int64(4313), np.int64(24530), np.int64(39775), np.int64(8348), np.int64(39678), np.int64(24322), np.int64(46390), np.int64(10933), np.int64(20257), np.int64(592), np.int64(30976), np.int64(2211), np.int64(25849), np.int64(21760))","(0, 1, 0, 1, 0, 0, 0, 0, 0, 0, 0, 0, 0, 0, 0, 0, 0, 0, 0, 0, 0, 0, 0, 0, 0, 1, 0, 0, 0, 1, 0, 0, 0, 0, 0, 0, 0, 0, 0, 0, 0, 0, 0, 0, 0, 1, 0, 0, 0, 0)"
4.797374,41,304.375332,0,"(np.int64(5595), np.int64(16629), np.int64(43136), np.int64(44816), np.int64(39090), np.int64(13741), np.int64(41290), np.int64(49158), np.int64(19871), np.int64(451), np.int64(6644), np.int64(26234), np.int64(21649), np.int64(32465), np.int64(18460), np.int64(17283), np.int64(22236), np.int64(36578), np.int64(24384), np.int64(13303), np.int64(11852), np.int64(26701), np.int64(31326), np.int64(44825), np.int64(41257), np.int64(9251), np.int64(9152), np.int64(2780), np.int64(25032), np.int64(1615), np.int64(27867), np.int64(23591), np.int64(4963), np.int64(5311), np.int64(16561), np.int64(2507), np.int64(41418), np.int64(49312), np.int64(4146), np.int64(35928), np.int64(30316))","(1, 0, 0, 0, 0, 0, 0, 0, 0, 0, 0, 1, 0, 0, 0, 0, 0, 0, 0, 0, 1, 0, 1, 0, 0, 1, 0, 0, 1, 0, 0, 0, 0, 0, 0, 0, 0, 0, 0, 0, 0)"
3.813588,82,305.409374,0,"(np.int64(33680), np.int64(8662), np.int64(30373), np.int64(8888), np.int64(46267), np.int64(20831), np.int64(42038), np.int64(12058), np.int64(15503), np.int64(11832), np.int64(49738), np.int64(28128), np.int64(116), np.int64(45585), np.int64(20875), np.int64(17226), np.int64(34748), np.int64(35276), np.int64(43114), np.int64(32217), np.int64(17911), np.int64(47094), np.int64(29033), np.int64(32899), np.int64(7303), np.int64(18616), np.int64(28281), np.int64(29404), np.int64(48481), np.int64(43108), np.int64(44892), np.int64(36425), np.int64(49875), np.int64(20794), np.int64(3920), np.int64(49328), np.int64(5056), np.int64(35241), np.int64(10847), np.int64(32002), np.int64(4899), np.int64(17223), np.int64(27173), np.int64(18482), np.int64(16410), np.int64(17373), np.int64(3454), np.int64(49101), np.int64(44503), np.int64(26655), np.int64(33719), np.int64(28146), np.int64(10107), np.int64(37621), np.int64(32160), np.int64(645), np.int64(8305), np.int64(33103), np.int64(34473), np.int64(31182), np.int64(44546), np.int64(29695), np.int64(24438), np.int64(11), np.int64(45075), np.int64(22467), np.int64(9333), np.int64(14564), np.int64(22026), np.int64(15931), np.int64(44897), np.int64(24396), np.int64(36691), np.int64(697), np.int64(8949), np.int64(25374), np.int64(4447), np.int64(28143), np.int64(23294), np.int64(37553), np.int64(12655), np.int64(17757))","(0, 0, 0, 0, 0, 0, 0, 0, 0, 0, 0, 0, 1, 0, 1, 1, 0, 0, 0, 0, 0, 0, 0, 0, 0, 0, 0, 0, 0, 0, 0, 0, 0, 0, 0, 0, 0, 0, 0, 0, 0, 0, 0, 0, 0, 0, 0, 0, 0, 0, 0, 0, 0, 0, 0, 0, 0, 0, 0, 0, 0, 0, 0, 0, 0, 0, 1, 0, 0, 0, 0, 0, 0, 0, 0, 0, 0, 0, 0, 0, 0, 1)"
4.061683,62,306.21957,0,"(np.int64(18125), np.int64(14401), np.int64(13030), np.int64(25195), np.int64(32485), np.int64(9554), np.int64(2170), np.int64(5876), np.int64(25756), np.int64(41333), np.int64(25738), np.int64(29054), np.int64(26221), np.int64(30141), np.int64(45227), np.int64(33820), np.int64(47764), np.int64(14311), np.int64(47060), np.int64(41391), np.int64(41074), np.int64(15385), np.int64(24564), np.int64(20198), np.int64(18979), np.int64(4519), np.int64(1720), np.int64(48190), np.int64(45083), np.int64(46402), np.int64(34014), np.int64(20185), np.int64(36478), np.int64(43602), np.int64(11310), np.int64(26820), np.int64(5284), np.int64(3980), np.int64(35502), np.int64(5319), np.int64(10358), np.int64(39394), np.int64(22124), np.int64(43013), np.int64(20992), np.int64(13688), np.int64(40230), np.int64(26723), np.int64(30678), np.int64(17514), np.int64(12129), np.int64(47060), np.int64(45885), np.int64(1160), np.int64(25752), np.int64(7538), np.int64(19122), np.int64(19125), np.int64(28683), np.int64(9638), np.int64(36731), np.int64(1183))","(0, 1, 0, 0, 0, 0, 0, 0, 0, 0, 0, 0, 1, 0, 0, 0, 0, 0, 0, 0, 0, 0, 0, 0, 0, 0, 0, 0, 0, 0, 0, 0, 0, 0, 0, 0, 0, 1, 0, 0, 0, 0, 0, 0, 0, 0, 0, 0, 0, 0, 0, 0, 0, 0, 0, 0, 0, 0, 0, 1, 0, 1)"
5.089859,50,306.864629,0,"(np.int64(11362), np.int64(45694), np.int64(38633), np.int64(38888), np.int64(5489), np.int64(6124), np.int64(22626), np.int64(32719), np.int64(27695), np.int64(48351), np.int64(25420), np.int64(4635), np.int64(9186), np.int64(10347), np.int64(23132), np.int64(30753), np.int64(30853), np.int64(47082), np.int64(48304), np.int64(2706), np.int64(31726), np.int64(10921), np.int64(48991), np.int64(473), np.int64(38659), np.int64(9742), np.int64(17766), np.int64(32071), np.int64(2306), np.int64(32086), np.int64(13164), np.int64(42714), np.int64(38302), np.int64(15861), np.int64(20607), np.int64(26048), np.int64(28675), np.int64(24025), np.int64(17265), np.int64(6746), np.int64(24463), np.int64(19212), np.int64(47290), np.int64(37338), np.int64(23571), np.int64(32696), np.int64(18928), np.int64(7619), np.int64(21939), np.int64(47323))","(0, 0, 1, 0, 0, 0, 0, 0, 0, 0, 0, 0, 0, 1, 0, 0, 0, 0, 0, 1, 0, 0, 0, 0, 0, 0, 0, 0, 0, 0, 0, 0, 0, 0, 0, 1, 0, 0, 0, 1, 0, 0, 0, 0, 1, 0, 0, 0, 1, 0)"
3.705688,59,307.631717,0,"(np.int64(36623), np.int64(45749), np.int64(24248), np.int64(28443), np.int64(49620), np.int64(33772), np.int64(8681), np.int64(35415), np.int64(8492), np.int64(28882), np.int64(3663), np.int64(49407), np.int64(27313), np.int64(30887), np.int64(49675), np.int64(16726), np.int64(15920), np.int64(26582), np.int64(2781), np.int64(43797), np.int64(16492), np.int64(46620), np.int64(2182), np.int64(49308), np.int64(3636), np.int64(40693), np.int64(23366), np.int64(17983), np.int64(5802), np.int64(39738), np.int64(2254), np.int64(40764), np.int64(8851), np.int64(39145), np.int64(29028), np.int64(14517), np.int64(4803), np.int64(1676), np.int64(16562), np.int64(41981), np.int64(15507), np.int64(12498), np.int64(43754), np.int64(38718), np.int64(23821), np.int64(14450), np.int64(48217), np.int64(4793), np.int64(47979), np.int64(38790), np.int64(858), np.int64(14596), np.int64(29532), np.int64(943), np.int64(12324), np.int64(33348), np.int64(12783), np.int64(22073), np.int64(33219))","(0, 0, 0, 0, 0, 0, 0, 0, 0, 0, 0, 0, 0, 0, 0, 0, 0, 0, 0, 0, 0, 0, 0, 0, 0, 0, 0, 0, 0, 0, 1, 0, 0, 0, 0, 0, 0, 1, 1, 0, 1, 0, 0, 0, 0, 0, 0, 0, 0, 0, 0, 0, 0, 0, 0, 0, 0, 0, 1)"
3.606737,50,308.281668,0,"(np.int64(25183), np.int64(47561), np.int64(37761), np.int64(43203), np.int64(34572), np.int64(3132), np.int64(1326), np.int64(39063), np.int64(43116), np.int64(43709), np.int64(16723), np.int64(45115), np.int64(46448), np.int64(49629), np.int64(38996), np.int64(36042), np.int64(4144), np.int64(33238), np.int64(47319), np.int64(32693), np.int64(40798), np.int64(40869), np.int64(13606), np.int64(38166), np.int64(17269), np.int64(16922), np.int64(40634), np.int64(43999), np.int64(37324), np.int64(28446), np.int64(12512), np.int64(37084), np.int64(41898), np.int64(17530), np.int64(11136), np.int64(12279), np.int64(25725), np.int64(18905), np.int64(45474), np.int64(35824), np.int64(35782), np.int64(43049), np.int64(28618), np.int64(34415), np.int64(33473), np.int64(13818), np.int64(48975), np.int64(41907), np.int64(3855), np.int64(9362))","(0, 0, 1, 0, 0, 0, 0, 0, 0, 0, 0, 0, 0, 0, 1, 0, 1, 0, 0, 0, 0, 0, 0, 0, 0, 0, 0, 0, 0, 0, 0, 0, 0, 0, 1, 0, 0, 1, 0, 0, 0, 0, 0, 0, 0, 0, 0, 0, 0, 0)"
3.793054,83,309.461307,0,"(np.int64(40169), np.int64(37700), np.int64(28556), np.int64(16949), np.int64(10694), np.int64(19930), np.int64(20553), np.int64(13743), np.int64(23018), np.int64(14453), np.int64(11411), np.int64(16531), np.int64(31558), np.int64(37249), np.int64(22750), np.int64(49821), np.int64(49962), np.int64(43338), np.int64(30570), np.int64(8150), np.int64(1414), np.int64(4340), np.int64(42475), np.int64(38508), np.int64(38129), np.int64(12414), np.int64(27869), np.int64(31514), np.int64(26611), np.int64(35183), np.int64(28673), np.int64(21606), np.int64(13863), np.int64(7771), np.int64(41178), np.int64(46270), np.int64(30471), np.int64(16178), np.int64(40763), np.int64(35149), np.int64(7252), np.int64(10938), np.int64(25676), np.int64(35853), np.int64(22875), np.int64(16746), np.int64(31565), np.int64(46260), np.int64(18566), np.int64(205), np.int64(45395), np.int64(31788), np.int64(40852), np.int64(37069), np.int64(25740), np.int64(11586), np.int64(30480), np.int64(9139), np.int64(20844), np.int64(21534), np.int64(45507), np.int64(43556), np.int64(43224), np.int64(30173), np.int64(1307), np.int64(28875), np.int64(8126), np.int64(30971), np.int64(18611), np.int64(36214), np.int64(1836), np.int64(20854), np.int64(7826), np.int64(22980), np.int64(29834), np.int64(36757), np.int64(15848), np.int64(48496), np.int64(24019), np.int64(50000), np.int64(24616), np.int64(44960), np.int64(3010))","(0, 0, 0, 0, 0, 0, 0, 0, 0, 0, 0, 0, 0, 0, 0, 0, 0, 0, 0, 0, 0, 0, 0, 0, 0, 0, 1, 1, 0, 0, 0, 0, 0, 0, 0, 0, 0, 0, 0, 0, 0, 0, 0, 0, 0, 0, 0, 0, 1, 1, 0, 0, 0, 0, 0, 0, 0, 0, 0, 0, 0, 0, 0, 0, 0, 0, 0, 0, 0, 0, 0, 0, 0, 0, 0, 0, 0, 0, 0, 0, 0, 0, 1)"
4.011322,50,310.261515,0,"(np.int64(4534), np.int64(14752), np.int64(30624), np.int64(16959), np.int64(23772), np.int64(29849), np.int64(11607), np.int64(4725), np.int64(49398), np.int64(39890), np.int64(29824), np.int64(23020), np.int64(16532), np.int64(20350), np.int64(42290), np.int64(11424), np.int64(9176), np.int64(27409), np.int64(38080), np.int64(7646), np.int64(22192), np.int64(32132), np.int64(27119), np.int64(43611), np.int64(3462), np.int64(23778), np.int64(33025), np.int64(43516), np.int64(40652), np.int64(6260), np.int64(17815), np.int64(22564), np.int64(47875), np.int64(21206), np.int64(25373), np.int64(47438), np.int64(15622), np.int64(34869), np.int64(45557), np.int64(41965), np.int64(49401), np.int64(34469), np.int64(32220), np.int64(8205), np.int64(38498), np.int64(14172), np.int64(36673), np.int64(3053), np.int64(7429), np.int64(42626))","(1, 0, 0, 0, 0, 0, 0, 1, 0, 0, 0, 0, 0, 0, 0, 0, 0, 0, 0, 0, 0, 0, 0, 0, 0, 0, 0, 0, 0, 0, 0, 0, 0, 0, 0, 0, 1, 0, 0, 0, 0, 0, 0, 0, 0, 1, 0, 0, 1, 0)"
3.688623,55,311.174861,0,"(np.int64(40934), np.int64(47634), np.int64(7889), np.int64(23594), np.int64(17248), np.int64(34979), np.int64(21523), np.int64(41707), np.int64(2546), np.int64(8709), np.int64(47879), np.int64(24824), np.int64(43063), np.int64(205), np.int64(5043), np.int64(30686), np.int64(48485), np.int64(23592), np.int64(23814), np.int64(46925), np.int64(32641), np.int64(32131), np.int64(45062), np.int64(13753), np.int64(20244), np.int64(34912), np.int64(24353), np.int64(49118), np.int64(7160), np.int64(38024), np.int64(28938), np.int64(46865), np.int64(5702), np.int64(13210), np.int64(33810), np.int64(24905), np.int64(42438), np.int64(35796), np.int64(25574), np.int64(36107), np.int64(42559), np.int64(39204), np.int64(20921), np.int64(5700), np.int64(49078), np.int64(32765), np.int64(13774), np.int64(42978), np.int64(1496), np.int64(24026), np.int64(8977), np.int64(38226), np.int64(43923), np.int64(38723), np.int64(2247))","(0, 0, 0, 1, 0, 0, 0, 0, 0, 0, 0, 0, 0, 1, 0, 0, 0, 0, 1, 0, 0, 0, 0, 0, 0, 0, 1, 0, 0, 0, 0, 0, 0, 0, 0, 0, 0, 0, 0, 0, 0, 0, 0, 0, 0, 0, 0, 0, 0, 0, 0, 0, 0, 0, 1)"
4.584173,46,312.003924,0,"(np.int64(5856), np.int64(32618), np.int64(36455), np.int64(36602), np.int64(49607), np.int64(19101), np.int64(38649), np.int64(5938), np.int64(47233), np.int64(46063), np.int64(49873), np.int64(40934), np.int64(3903), np.int64(36257), np.int64(20064), np.int64(49539), np.int64(41609), np.int64(11126), np.int64(40742), np.int64(7845), np.int64(29523), np.int64(45458), np.int64(40937), np.int64(37929), np.int64(31557), np.int64(48748), np.int64(29493), np.int64(6216), np.int64(27845), np.int64(29370), np.int64(230), np.int64(7367), np.int64(11345), np.int64(39747), np.int64(18442), np.int64(15033), np.int64(36825), np.int64(43965), np.int64(28226), np.int64(38176), np.int64(8001), np.int64(15486), np.int64(11753), np.int64(35093), np.int64(29149), np.int64(17933))","(0, 0, 1, 0, 0, 0, 0, 1, 0, 0, 0, 0, 0, 0, 0, 0, 0, 0, 0, 1, 0, 0, 0, 0, 0, 1, 0, 0, 0, 0, 0, 0, 0, 0, 0, 0, 0, 0, 0, 0, 1, 0, 1, 0, 0, 0)"
3.915346,58,312.920901,0,"(np.int64(31912), np.int64(40176), np.int64(26390), np.int64(35070), np.int64(19639), np.int64(26642), np.int64(35495), np.int64(33828), np.int64(6348), np.int64(16286), np.int64(41627), np.int64(46614), np.int64(33072), np.int64(35167), np.int64(43058), np.int64(45228), np.int64(22829), np.int64(34641), np.int64(34510), np.int64(40121), np.int64(21620), np.int64(39309), np.int64(12057), np.int64(19894), np.int64(842), np.int64(20467), np.int64(7072), np.int64(17574), np.int64(15791), np.int64(48248), np.int64(13217), np.int64(38174), np.int64(14056), np.int64(28714), np.int64(30826), np.int64(22308), np.int64(49569), np.int64(8425), np.int64(49455), np.int64(18383), np.int64(40731), np.int64(26994), np.int64(49816), np.int64(8858), np.int64(42424), np.int64(15792), np.int64(1344), np.int64(28856), np.int64(38012), np.int64(18151), np.int64(37485), np.int64(14845), np.int64(7598), np.int64(27349), np.int64(45056), np.int64(15775), np.int64(42791), np.int64(5304))","(0, 0, 0, 0, 0, 0, 0, 0, 0, 0, 0, 0, 0, 0, 0, 0, 0, 0, 0, 0, 0, 0, 0, 1, 1, 0, 0, 0, 0, 0, 0, 0, 0, 0, 0, 0, 0, 0, 0, 0, 0, 0, 0, 1, 0, 0, 0, 0, 0, 0, 0, 0, 1, 0, 0, 0, 0, 1)"
3.851438,74,314.233583,0,"(np.int64(37793), np.int64(28087), np.int64(13518), np.int64(20862), np.int64(41016), np.int64(12027), np.int64(32219), np.int64(44277), np.int64(38075), np.int64(33883), np.int64(24870), np.int64(20611), np.int64(30039), np.int64(17110), np.int64(39106), np.int64(8477), np.int64(45624), np.int64(34132), np.int64(44369), np.int64(48639), np.int64(22815), np.int64(3876), np.int64(30157), np.int64(11663), np.int64(14422), np.int64(9713), np.int64(45177), np.int64(34695), np.int64(32224), np.int64(48121), np.int64(30429), np.int64(32192), np.int64(41215), np.int64(38275), np.int64(284), np.int64(25607), np.int64(42711), np.int64(12415), np.int64(34080), np.int64(14880), np.int64(3820), np.int64(18579), np.int64(17850), np.int64(8549), np.int64(17320), np.int64(23005), np.int64(16683), np.int64(49403), np.int64(15233), np.int64(34815), np.int64(31475), np.int64(1418), np.int64(24931), np.int64(31042), np.int64(1323), np.int64(33421), np.int64(43124), np.int64(41928), np.int64(8662), np.int64(44715), np.int64(25787), np.int64(47868), np.int64(41264), np.int64(35677), np.int64(2754), np.int64(42979), np.int64(25928), np.int64(15826), np.int64(38677), np.int64(34098), np.int64(33981), np.int64(5014), np.int64(33209), np.int64(23499))","(0, 0, 1, 1, 0, 0, 0, 0, 0, 0, 0, 0, 0, 0, 0, 0, 0, 0, 0, 0, 0, 0, 0, 0, 0, 0, 0, 0, 0, 0, 0, 0, 0, 0, 0, 0, 0, 0, 0, 0, 1, 0, 0, 0, 0, 0, 0, 0, 0, 0, 0, 0, 0, 0, 0, 0, 0, 1, 0, 0, 0, 0, 0, 0, 0, 0, 0, 0, 0, 0, 0, 0, 0, 1)"
3.663067,58,315.170879,0,"(np.int64(7132), np.int64(40375), np.int64(26706), np.int64(45164), np.int64(15413), np.int64(44758), np.int64(4518), np.int64(8854), np.int64(34589), np.int64(30775), np.int64(48317), np.int64(29938), np.int64(27890), np.int64(5224), np.int64(42025), np.int64(32434), np.int64(2581), np.int64(23313), np.int64(430), np.int64(48901), np.int64(40688), np.int64(15870), np.int64(36918), np.int64(39783), np.int64(1047), np.int64(14506), np.int64(15706), np.int64(47083), np.int64(40326), np.int64(47079), np.int64(42359), np.int64(31709), np.int64(8069), np.int64(36169), np.int64(28885), np.int64(6148), np.int64(19131), np.int64(43281), np.int64(43030), np.int64(1291), np.int64(1677), np.int64(35130), np.int64(2810), np.int64(35533), np.int64(44452), np.int64(36458), np.int64(43273), np.int64(47008), np.int64(34411), np.int64(8619), np.int64(36254), np.int64(40027), np.int64(48517), np.int64(44547), np.int64(8441), np.int64(15980), np.int64(14410), np.int64(35448))","(0, 0, 0, 0, 1, 0, 0, 0, 0, 0, 0, 0, 0, 0, 0, 0, 0, 0, 0, 0, 0, 0, 0, 0, 0, 0, 0, 1, 0, 0, 0, 0, 0, 0, 0, 0, 1, 0, 0, 0, 0, 0, 0, 0, 0, 0, 0, 0, 0, 0, 0, 0, 0, 0, 0, 0, 1, 1)"
4.50821,50,315.936919,0,"(np.int64(11680), np.int64(24183), np.int64(27950), np.int64(17561), np.int64(7482), np.int64(34442), np.int64(7371), np.int64(17497), np.int64(19507), np.int64(34259), np.int64(33517), np.int64(2995), np.int64(16579), np.int64(23422), np.int64(21051), np.int64(45044), np.int64(2280), np.int64(22896), np.int64(48159), np.int64(14864), np.int64(8799), np.int64(20263), np.int64(39624), np.int64(1236), np.int64(16621), np.int64(4227), np.int64(6999), np.int64(14664), np.int64(25313), np.int64(10549), np.int64(24502), np.int64(16060), np.int64(18826), np.int64(11004), np.int64(12307), np.int64(41426), np.int64(26547), np.int64(41306), np.int64(36031), np.int64(5142), np.int64(37067), np.int64(40665), np.int64(6884), np.int64(3722), np.int64(46206), np.int64(48450), np.int64(17074), np.int64(35949), np.int64(39963), np.int64(28030))","(0, 0, 0, 0, 0, 0, 0, 0, 0, 0, 0, 0, 0, 0, 0, 0, 0, 0, 0, 0, 1, 0, 0, 1, 0, 1, 0, 0, 0, 0, 1, 0, 0, 0, 0, 0, 1, 0, 0, 0, 0, 0, 0, 0, 0, 0, 0, 0, 1, 0)"
3.699343,53,316.644737,0,"(np.int64(25296), np.int64(17917), np.int64(3620), np.int64(37865), np.int64(20029), np.int64(49088), np.int64(45894), np.int64(23750), np.int64(49944), np.int64(49661), np.int64(9025), np.int64(9322), np.int64(29093), np.int64(29920), np.int64(13111), np.int64(46067), np.int64(21684), np.int64(48361), np.int64(19121), np.int64(36664), np.int64(27138), np.int64(29574), np.int64(24494), np.int64(47352), np.int64(4764), np.int64(11520), np.int64(4874), np.int64(7275), np.int64(45264), np.int64(7016), np.int64(35012), np.int64(36974), np.int64(12897), np.int64(5899), np.int64(5919), np.int64(44860), np.int64(11440), np.int64(11567), np.int64(6007), np.int64(14704), np.int64(26259), np.int64(21077), np.int64(17936), np.int64(30308), np.int64(49082), np.int64(47373), np.int64(261), np.int64(35146), np.int64(3691), np.int64(49804), np.int64(37560), np.int64(18716), np.int64(20050))","(0, 0, 0, 0, 0, 0, 0, 0, 0, 0, 0, 0, 1, 0, 0, 0, 0, 0, 0, 0, 1, 0, 0, 0, 0, 1, 0, 0, 0, 0, 0, 0, 0, 0, 0, 0, 0, 0, 0, 0, 0, 1, 0, 0, 0, 0, 0, 0, 0, 0, 0, 0, 1)"
3.95224,50,317.276734,0,"(np.int64(25679), np.int64(11400), np.int64(3871), np.int64(7466), np.int64(10736), np.int64(9706), np.int64(34575), np.int64(23168), np.int64(31451), np.int64(33542), np.int64(39408), np.int64(16108), np.int64(38007), np.int64(21722), np.int64(19644), np.int64(39993), np.int64(39277), np.int64(11840), np.int64(10365), np.int64(5765), np.int64(38610), np.int64(48039), np.int64(22077), np.int64(5180), np.int64(18842), np.int64(5955), np.int64(26957), np.int64(7940), np.int64(49797), np.int64(4404), np.int64(11081), np.int64(28853), np.int64(14336), np.int64(40815), np.int64(13460), np.int64(26491), np.int64(25561), np.int64(827), np.int64(49381), np.int64(36813), np.int64(30240), np.int64(20452), np.int64(11437), np.int64(40065), np.int64(18070), np.int64(41107), np.int64(27100), np.int64(14417), np.int64(33848), np.int64(31212))","(0, 1, 1, 0, 0, 0, 0, 0, 0, 0, 0, 0, 0, 1, 0, 0, 0, 0, 0, 0, 0, 0, 0, 0, 0, 0, 0, 0, 0, 0, 1, 0, 0, 0, 0, 0, 0, 0, 0, 0, 0, 0, 0, 0, 1, 0, 0, 0, 0, 0)"
3.541734,61,318.055285,0,"(np.int64(31536), np.int64(46604), np.int64(3829), np.int64(37466), np.int64(10417), np.int64(45539), np.int64(46070), np.int64(9666), np.int64(6722), np.int64(26985), np.int64(11213), np.int64(16223), np.int64(45193), np.int64(6662), np.int64(1433), np.int64(30660), np.int64(27557), np.int64(26063), np.int64(29205), np.int64(38714), np.int64(4717), np.int64(33907), np.int64(24649), np.int64(21464), np.int64(14302), np.int64(24947), np.int64(25975), np.int64(37362), np.int64(15882), np.int64(21229), np.int64(32865), np.int64(41554), np.int64(29572), np.int64(38806), np.int64(25558), np.int64(18555), np.int64(30457), np.int64(48522), np.int64(26104), np.int64(32537), np.int64(33850), np.int64(34263), np.int64(28268), np.int64(17505), np.int64(4750), np.int64(26813), np.int64(36974), np.int64(26155), np.int64(17629), np.int64(26018), np.int64(6664), np.int64(33710), np.int64(7219), np.int64(33838), np.int64(29840), np.int64(42176), np.int64(28620), np.int64(7536), np.int64(47440), np.int64(23688), np.int64(22070))","(0, 0, 0, 0, 0, 1, 0, 0, 0, 0, 0, 0, 0, 0, 0, 0, 0, 0, 0, 0, 0, 0, 0, 0, 0, 0, 0, 0, 0, 0, 0, 1, 1, 0, 0, 0, 0, 0, 0, 0, 0, 0, 0, 0, 0, 0, 0, 0, 1, 0, 0, 0, 0, 0, 0, 0, 0, 0, 0, 0, 1)"
3.815268,62,318.848303,0,"(np.int64(12635), np.int64(9765), np.int64(45769), np.int64(16905), np.int64(37513), np.int64(18026), np.int64(3823), np.int64(42888), np.int64(35050), np.int64(21117), np.int64(6340), np.int64(24122), np.int64(22945), np.int64(16224), np.int64(6060), np.int64(16696), np.int64(21385), np.int64(3045), np.int64(32074), np.int64(41771), np.int64(18276), np.int64(6717), np.int64(23234), np.int64(25393), np.int64(6461), np.int64(5916), np.int64(43000), np.int64(15551), np.int64(35479), np.int64(2859), np.int64(17637), np.int64(11190), np.int64(16920), np.int64(23652), np.int64(46584), np.int64(16468), np.int64(40211), np.int64(7571), np.int64(6362), np.int64(26428), np.int64(47306), np.int64(12752), np.int64(29540), np.int64(20388), np.int64(5118), np.int64(42316), np.int64(11032), np.int64(17723), np.int64(19679), np.int64(10898), np.int64(39751), np.int64(42859), np.int64(5684), np.int64(413), np.int64(5696), np.int64(25895), np.int64(22328), np.int64(2068), np.int64(24759), np.int64(24549), np.int64(29360), np.int64(5659))","(0, 0, 0, 0, 0, 0, 0, 0, 0, 0, 0, 0, 0, 0, 0, 0, 0, 0, 0, 0, 0, 0, 0, 0, 0, 0, 0, 0, 0, 1, 0, 0, 0, 0, 0, 0, 0, 0, 0, 0, 0, 0, 0, 0, 0, 0, 1, 0, 0, 0, 0, 0, 0, 0, 1, 0, 0, 0, 0, 1, 0, 1)"
3.816642,50,319.469796,0,"(np.int64(40727), np.int64(19138), np.int64(20739), np.int64(18699), np.int64(34671), np.int64(20929), np.int64(14398), np.int64(11774), np.int64(47046), np.int64(538), np.int64(8129), np.int64(18587), np.int64(25441), np.int64(8739), np.int64(15335), np.int64(32432), np.int64(19282), np.int64(28081), np.int64(36478), np.int64(14401), np.int64(27534), np.int64(32823), np.int64(11023), np.int64(15052), np.int64(29699), np.int64(2162), np.int64(30460), np.int64(42438), np.int64(34575), np.int64(7859), np.int64(32518), np.int64(41955), np.int64(41651), np.int64(29687), np.int64(24641), np.int64(47933), np.int64(31391), np.int64(38586), np.int64(32810), np.int64(40223), np.int64(42171), np.int64(41009), np.int64(19406), np.int64(15286), np.int64(18807), np.int64(38087), np.int64(1364), np.int64(11672), np.int64(27187), np.int64(16797))","(0, 0, 0, 0, 0, 0, 0, 0, 0, 0, 0, 0, 0, 0, 0, 0, 0, 0, 0, 1, 0, 0, 0, 0, 0, 0, 0, 0, 0, 1, 1, 0, 0, 0, 0, 0, 0, 1, 0, 0, 0, 0, 0, 0, 0, 0, 1, 0, 0, 0)"
5.146728,50,320.078283,0,"(np.int64(9612), np.int64(30392), np.int64(19506), np.int64(21109), np.int64(25042), np.int64(36321), np.int64(4475), np.int64(6286), np.int64(1564), np.int64(26767), np.int64(49801), np.int64(42337), np.int64(48595), np.int64(32835), np.int64(100), np.int64(17338), np.int64(13328), np.int64(14214), np.int64(14884), np.int64(8164), np.int64(3420), np.int64(44720), np.int64(24957), np.int64(37274), np.int64(11930), np.int64(42340), np.int64(13753), np.int64(39234), np.int64(22500), np.int64(29022), np.int64(29920), np.int64(35660), np.int64(22724), np.int64(3210), np.int64(11710), np.int64(2256), np.int64(27681), np.int64(40178), np.int64(23770), np.int64(5054), np.int64(20361), np.int64(40139), np.int64(524), np.int64(14192), np.int64(8113), np.int64(14392), np.int64(37925), np.int64(46306), np.int64(20984), np.int64(21525))","(0, 0, 1, 0, 0, 0, 0, 0, 0, 0, 0, 0, 0, 1, 0, 0, 0, 0, 0, 0, 1, 0, 1, 0, 0, 1, 0, 0, 0, 0, 0, 0, 0, 0, 1, 0, 0, 0, 0, 0, 1, 0, 0, 0, 0, 0, 0, 0, 0, 0)"
3.800214,53,320.744337,0,"(np.int64(45871), np.int64(6239), np.int64(19368), np.int64(32887), np.int64(38053), np.int64(49033), np.int64(36149), np.int64(7389), np.int64(19879), np.int64(15764), np.int64(15730), np.int64(36288), np.int64(38973), np.int64(35694), np.int64(49324), np.int64(49925), np.int64(43246), np.int64(38735), np.int64(49965), np.int64(34561), np.int64(33678), np.int64(7555), np.int64(10645), np.int64(47907), np.int64(34999), np.int64(1307), np.int64(15757), np.int64(47903), np.int64(4797), np.int64(10548), np.int64(45460), np.int64(859), np.int64(49420), np.int64(42469), np.int64(24446), np.int64(37020), np.int64(37934), np.int64(35897), np.int64(47870), np.int64(11410), np.int64(17349), np.int64(11537), np.int64(10633), np.int64(25602), np.int64(33342), np.int64(27505), np.int64(10426), np.int64(16276), np.int64(37595), np.int64(866), np.int64(4496), np.int64(3728), np.int64(11893))","(0, 0, 0, 0, 0, 0, 0, 0, 0, 0, 0, 0, 0, 0, 0, 0, 0, 1, 0, 0, 0, 1, 0, 0, 0, 0, 0, 0, 0, 0, 0, 0, 0, 0, 1, 0, 0, 0, 0, 0, 0, 0, 0, 0, 0, 0, 0, 0, 0, 0, 1, 0, 1)"
5.246616,40,321.231929,0,"(np.int64(42297), np.int64(16752), np.int64(18092), np.int64(49516), np.int64(21108), np.int64(24687), np.int64(1114), np.int64(29846), np.int64(26409), np.int64(43268), np.int64(40534), np.int64(15124), np.int64(44188), np.int64(23079), np.int64(13158), np.int64(47928), np.int64(49426), np.int64(43034), np.int64(19446), np.int64(40701), np.int64(4094), np.int64(10924), np.int64(23490), np.int64(25710), np.int64(11392), np.int64(15041), np.int64(19794), np.int64(45430), np.int64(34343), np.int64(6469), np.int64(8692), np.int64(15366), np.int64(8478), np.int64(7623), np.int64(5828), np.int64(21930), np.int64(44423), np.int64(2013), np.int64(29558), np.int64(32003))","(0, 0, 0, 0, 0, 0, 0, 0, 0, 0, 0, 0, 0, 0, 1, 0, 0, 0, 0, 0, 0, 0, 0, 0, 1, 0, 0, 0, 0, 0, 0, 0, 1, 1, 1, 1, 0, 0, 0, 1)"
3.63664,90,322.368358,0,"(np.int64(17869), np.int64(27792), np.int64(32790), np.int64(18667), np.int64(45910), np.int64(4308), np.int64(7113), np.int64(46520), np.int64(11704), np.int64(32691), np.int64(43086), np.int64(46473), np.int64(46171), np.int64(5463), np.int64(33103), np.int64(15259), np.int64(42369), np.int64(31305), np.int64(47597), np.int64(36374), np.int64(17949), np.int64(8446), np.int64(20947), np.int64(47600), np.int64(29460), np.int64(7920), np.int64(20438), np.int64(36270), np.int64(29996), np.int64(42307), np.int64(5534), np.int64(6343), np.int64(8203), np.int64(15756), np.int64(38482), np.int64(3367), np.int64(33487), np.int64(42891), np.int64(34886), np.int64(6534), np.int64(7728), np.int64(15345), np.int64(26582), np.int64(4035), np.int64(43726), np.int64(40114), np.int64(16852), np.int64(9897), np.int64(39023), np.int64(34865), np.int64(9748), np.int64(7081), np.int64(23666), np.int64(35365), np.int64(10483), np.int64(46479), np.int64(21295), np.int64(2177), np.int64(41950), np.int64(49035), np.int64(15547), np.int64(48500), np.int64(3040), np.int64(32015), np.int64(6625), np.int64(31059), np.int64(25546), np.int64(36567), np.int64(20991), np.int64(26802), np.int64(20032), np.int64(931), np.int64(25382), np.int64(36879), np.int64(32018), np.int64(18971), np.int64(32429), np.int64(33541), np.int64(13446), np.int64(5345), np.int64(44264), np.int64(9644), np.int64(20832), np.int64(22363), np.int64(37803), np.int64(3900), np.int64(26802), np.int64(11932), np.int64(11926), np.int64(24464))","(0, 0, 0, 0, 0, 0, 0, 0, 0, 0, 0, 0, 0, 1, 0, 0, 0, 0, 0, 0, 0, 0, 0, 0, 0, 0, 1, 0, 0, 0, 0, 0, 0, 0, 0, 0, 0, 0, 0, 0, 0, 0, 0, 0, 0, 1, 0, 0, 0, 0, 0, 1, 0, 0, 0, 0, 0, 0, 0, 0, 0, 0, 0, 0, 0, 0, 0, 0, 0, 0, 0, 0, 0, 0, 0, 0, 0, 0, 0, 0, 0, 0, 0, 0, 0, 0, 0, 0, 0, 1)"
3.38107,67,323.245517,0,"(np.int64(12282), np.int64(32354), np.int64(18051), np.int64(42583), np.int64(45668), np.int64(22357), np.int64(11156), np.int64(34351), np.int64(14044), np.int64(27118), np.int64(2149), np.int64(34075), np.int64(36900), np.int64(46712), np.int64(28741), np.int64(50018), np.int64(10294), np.int64(46221), np.int64(2599), np.int64(3579), np.int64(2504), np.int64(34916), np.int64(36562), np.int64(20511), np.int64(28002), np.int64(43776), np.int64(17570), np.int64(15309), np.int64(9418), np.int64(8921), np.int64(32396), np.int64(35608), np.int64(18883), np.int64(19353), np.int64(10354), np.int64(10731), np.int64(22344), np.int64(41466), np.int64(5234), np.int64(44888), np.int64(2231), np.int64(10266), np.int64(36774), np.int64(33032), np.int64(47384), np.int64(11945), np.int64(34381), np.int64(1392), np.int64(47485), np.int64(7298), np.int64(46549), np.int64(25377), np.int64(41404), np.int64(46414), np.int64(26718), np.int64(6156), np.int64(7577), np.int64(29720), np.int64(16958), np.int64(24298), np.int64(33585), np.int64(39103), np.int64(27398), np.int64(44446), np.int64(1782), np.int64(27897), np.int64(12394))","(0, 1, 0, 0, 1, 0, 0, 0, 0, 0, 0, 0, 0, 0, 0, 0, 0, 0, 0, 0, 0, 0, 0, 0, 0, 0, 0, 0, 0, 0, 0, 0, 0, 0, 0, 0, 0, 0, 0, 0, 0, 0, 0, 0, 0, 0, 0, 0, 0, 0, 0, 0, 0, 0, 0, 1, 0, 0, 0, 0, 0, 0, 1, 0, 0, 0, 1)"
3.8567,56,323.953925,0,"(np.int64(13747), np.int64(6948), np.int64(47401), np.int64(13349), np.int64(3998), np.int64(22681), np.int64(44668), np.int64(22833), np.int64(33592), np.int64(1219), np.int64(38957), np.int64(34200), np.int64(20803), np.int64(48350), np.int64(30727), np.int64(35697), np.int64(26164), np.int64(13345), np.int64(21992), np.int64(28756), np.int64(20367), np.int64(49007), np.int64(26163), np.int64(20058), np.int64(12313), np.int64(41577), np.int64(40429), np.int64(32552), np.int64(37240), np.int64(11394), np.int64(1619), np.int64(22058), np.int64(24994), np.int64(37330), np.int64(10810), np.int64(8058), np.int64(33082), np.int64(12071), np.int64(17827), np.int64(29764), np.int64(9465), np.int64(45887), np.int64(32588), np.int64(22318), np.int64(23623), np.int64(7607), np.int64(25261), np.int64(41482), np.int64(26527), np.int64(42080), np.int64(17094), np.int64(41195), np.int64(33798), np.int64(32913), np.int64(8895), np.int64(24576))","(0, 0, 0, 0, 1, 0, 0, 0, 1, 0, 0, 0, 0, 0, 0, 0, 0, 0, 0, 0, 0, 0, 0, 0, 0, 0, 0, 0, 0, 0, 0, 0, 1, 0, 0, 0, 0, 0, 0, 0, 0, 0, 0, 0, 1, 0, 0, 0, 0, 0, 0, 0, 0, 0, 0, 1)"
3.521601,60,324.717383,0,"(np.int64(11825), np.int64(41038), np.int64(13365), np.int64(21575), np.int64(10465), np.int64(30359), np.int64(37210), np.int64(39668), np.int64(11842), np.int64(16386), np.int64(46888), np.int64(24717), np.int64(1742), np.int64(49704), np.int64(11714), np.int64(33600), np.int64(2734), np.int64(44314), np.int64(29092), np.int64(31640), np.int64(29244), np.int64(38388), np.int64(34420), np.int64(37511), np.int64(37102), np.int64(21902), np.int64(43679), np.int64(19305), np.int64(11841), np.int64(20561), np.int64(36072), np.int64(2971), np.int64(37901), np.int64(34701), np.int64(17191), np.int64(33786), np.int64(30020), np.int64(28655), np.int64(25996), np.int64(44509), np.int64(12333), np.int64(36085), np.int64(33215), np.int64(15810), np.int64(8293), np.int64(6233), np.int64(41105), np.int64(23297), np.int64(30304), np.int64(5671), np.int64(10802), np.int64(24497), np.int64(16295), np.int64(38759), np.int64(49949), np.int64(39360), np.int64(42840), np.int64(10453), np.int64(41883), np.int64(30061))","(0, 0, 0, 0, 0, 0, 0, 0, 0, 0, 0, 0, 0, 0, 0, 0, 0, 0, 0, 0, 0, 0, 0, 0, 0, 1, 0, 0, 0, 0, 0, 0, 0, 0, 0, 0, 0, 0, 1, 0, 0, 0, 1, 0, 0, 0, 0, 0, 0, 0, 0, 0, 0, 0, 0, 0, 0, 1, 0, 1)"
3.558852,50,325.366031,0,"(np.int64(23657), np.int64(48110), np.int64(11670), np.int64(21544), np.int64(23163), np.int64(34261), np.int64(8286), np.int64(33410), np.int64(13450), np.int64(5084), np.int64(47721), np.int64(24144), np.int64(20669), np.int64(6106), np.int64(45422), np.int64(23225), np.int64(49727), np.int64(5010), np.int64(14914), np.int64(23571), np.int64(7780), np.int64(17062), np.int64(26346), np.int64(22157), np.int64(46492), np.int64(23319), np.int64(34607), np.int64(3975), np.int64(9618), np.int64(48732), np.int64(7118), np.int64(22091), np.int64(13699), np.int64(583), np.int64(25826), np.int64(37851), np.int64(23474), np.int64(37305), np.int64(25880), np.int64(33427), np.int64(6196), np.int64(6477), np.int64(8568), np.int64(6734), np.int64(1389), np.int64(14486), np.int64(29880), np.int64(8147), np.int64(38923), np.int64(27210))","(0, 0, 0, 0, 0, 0, 0, 0, 0, 0, 0, 0, 0, 1, 0, 0, 0, 0, 1, 1, 0, 0, 1, 0, 0, 0, 1, 0, 0, 0, 0, 0, 0, 0, 0, 0, 0, 0, 0, 0, 0, 0, 0, 0, 0, 0, 0, 0, 0, 0)"
3.845877,50,325.983348,0,"(np.int64(5209), np.int64(48889), np.int64(6324), np.int64(5916), np.int64(45798), np.int64(4149), np.int64(29609), np.int64(33436), np.int64(6639), np.int64(7077), np.int64(39399), np.int64(17899), np.int64(41112), np.int64(33465), np.int64(29750), np.int64(37792), np.int64(14462), np.int64(26702), np.int64(44375), np.int64(12084), np.int64(49256), np.int64(6946), np.int64(16526), np.int64(6985), np.int64(5058), np.int64(536), np.int64(37171), np.int64(43499), np.int64(9422), np.int64(31868), np.int64(37052), np.int64(48118), np.int64(12046), np.int64(47273), np.int64(46044), np.int64(30798), np.int64(41567), np.int64(9039), np.int64(32516), np.int64(33025), np.int64(17919), np.int64(13881), np.int64(27045), np.int64(4529), np.int64(9598), np.int64(35702), np.int64(10125), np.int64(20634), np.int64(9815), np.int64(12539))","(0, 0, 1, 0, 0, 0, 0, 0, 0, 0, 0, 0, 0, 1, 0, 0, 0, 0, 0, 1, 0, 0, 0, 0, 0, 0, 0, 0, 0, 0, 0, 0, 0, 0, 0, 0, 0, 0, 0, 0, 0, 0, 0, 0, 0, 0, 1, 0, 1, 0)"
3.716314,50,326.614597,0,"(np.int64(26785), np.int64(44384), np.int64(45392), np.int64(17301), np.int64(10384), np.int64(31857), np.int64(35952), np.int64(3503), np.int64(49723), np.int64(21900), np.int64(11936), np.int64(587), np.int64(19903), np.int64(3474), np.int64(22004), np.int64(1614), np.int64(32181), np.int64(28593), np.int64(20938), np.int64(26186), np.int64(49892), np.int64(2089), np.int64(20099), np.int64(9401), np.int64(49322), np.int64(2172), np.int64(45799), np.int64(48631), np.int64(29427), np.int64(38164), np.int64(35378), np.int64(2959), np.int64(37619), np.int64(25673), np.int64(25759), np.int64(42372), np.int64(19854), np.int64(21263), np.int64(39277), np.int64(31149), np.int64(493), np.int64(48894), np.int64(22886), np.int64(12147), np.int64(40066), np.int64(42361), np.int64(27188), np.int64(10364), np.int64(3016), np.int64(21566))","(0, 0, 0, 0, 0, 0, 0, 0, 0, 0, 0, 1, 1, 0, 0, 0, 0, 0, 0, 0, 0, 0, 0, 1, 0, 1, 0, 0, 0, 0, 0, 0, 0, 0, 0, 0, 0, 0, 0, 0, 0, 0, 0, 0, 1, 0, 0, 0, 0, 0)"
5.915259,50,327.261398,0,"(np.int64(35452), np.int64(46161), np.int64(41935), np.int64(3194), np.int64(46001), np.int64(31360), np.int64(48370), np.int64(48848), np.int64(40988), np.int64(43586), np.int64(37107), np.int64(39181), np.int64(23913), np.int64(41435), np.int64(23509), np.int64(22193), np.int64(35783), np.int64(25680), np.int64(42386), np.int64(13591), np.int64(42652), np.int64(4959), np.int64(45973), np.int64(40925), np.int64(28016), np.int64(16110), np.int64(542), np.int64(49489), np.int64(27765), np.int64(25400), np.int64(2495), np.int64(19400), np.int64(22412), np.int64(12170), np.int64(20886), np.int64(39409), np.int64(33839), np.int64(18089), np.int64(44461), np.int64(47436), np.int64(37303), np.int64(24893), np.int64(9426), np.int64(46195), np.int64(29729), np.int64(24349), np.int64(40671), np.int64(17167), np.int64(41414), np.int64(13132))","(0, 0, 0, 0, 0, 0, 0, 0, 1, 0, 1, 0, 0, 1, 0, 1, 0, 0, 0, 0, 0, 0, 0, 0, 0, 1, 0, 0, 0, 0, 1, 1, 0, 0, 0, 0, 0, 1, 0, 0, 0, 0, 0, 0, 0, 0, 0, 0, 0, 0)"
4.699394,24,327.579139,0,"(np.int64(18478), np.int64(42557), np.int64(48797), np.int64(23733), np.int64(18121), np.int64(15477), np.int64(2874), np.int64(2994), np.int64(17015), np.int64(14571), np.int64(2495), np.int64(49366), np.int64(26694), np.int64(20865), np.int64(7958), np.int64(7369), np.int64(44844), np.int64(20826), np.int64(38277), np.int64(24647), np.int64(35998), np.int64(14197), np.int64(26900), np.int64(47096))","(1, 0, 1, 1, 0, 0, 0, 0, 0, 0, 1, 0, 0, 0, 0, 0, 0, 0, 0, 1, 1, 0, 0, 0)"
3.948176,88,328.671395,0,"(np.int64(19888), np.int64(41206), np.int64(19437), np.int64(44175), np.int64(25628), np.int64(5497), np.int64(43667), np.int64(11101), np.int64(12606), np.int64(6733), np.int64(36478), np.int64(30488), np.int64(16896), np.int64(19403), np.int64(3750), np.int64(33755), np.int64(39873), np.int64(19979), np.int64(47718), np.int64(36402), np.int64(28488), np.int64(42319), np.int64(1490), np.int64(26466), np.int64(45849), np.int64(35338), np.int64(23977), np.int64(26806), np.int64(14550), np.int64(31866), np.int64(46573), np.int64(49811), np.int64(23353), np.int64(950), np.int64(37481), np.int64(49735), np.int64(45387), np.int64(23080), np.int64(39080), np.int64(39114), np.int64(26179), np.int64(43394), np.int64(15326), np.int64(4584), np.int64(5648), np.int64(10910), np.int64(37524), np.int64(27404), np.int64(250), np.int64(4847), np.int64(43899), np.int64(20090), np.int64(46918), np.int64(7491), np.int64(40419), np.int64(16872), np.int64(11107), np.int64(9674), np.int64(49996), np.int64(44753), np.int64(40258), np.int64(30497), np.int64(29765), np.int64(15110), np.int64(5930), np.int64(23268), np.int64(2527), np.int64(2788), np.int64(7750), np.int64(16990), np.int64(8546), np.int64(37897), np.int64(48157), np.int64(39893), np.int64(17251), np.int64(47785), np.int64(28167), np.int64(29292), np.int64(5132), np.int64(20010), np.int64(41530), np.int64(14917), np.int64(24774), np.int64(15880), np.int64(5601), np.int64(34549), np.int64(32777), np.int64(23339))","(0, 0, 0, 0, 0, 0, 0, 0, 1, 1, 0, 0, 0, 0, 0, 0, 0, 0, 0, 0, 0, 0, 0, 0, 0, 0, 0, 0, 0, 0, 0, 0, 0, 0, 0, 0, 0, 0, 0, 0, 0, 0, 0, 0, 0, 1, 0, 0, 0, 0, 0, 0, 0, 0, 0, 0, 0, 0, 0, 0, 0, 0, 0, 0, 0, 0, 0, 0, 0, 0, 1, 0, 0, 0, 0, 0, 0, 0, 0, 0, 0, 0, 0, 0, 0, 0, 0, 1)"
3.788088,102,329.967774,0,"(np.int64(29394), np.int64(5691), np.int64(4675), np.int64(11874), np.int64(10329), np.int64(29284), np.int64(9203), np.int64(7559), np.int64(38987), np.int64(27509), np.int64(40187), np.int64(47963), np.int64(10752), np.int64(15272), np.int64(4132), np.int64(28309), np.int64(9061), np.int64(11205), np.int64(33163), np.int64(9933), np.int64(8450), np.int64(6111), np.int64(24028), np.int64(8107), np.int64(1521), np.int64(255), np.int64(44056), np.int64(4129), np.int64(1786), np.int64(10300), np.int64(9028), np.int64(2445), np.int64(32804), np.int64(49888), np.int64(30935), np.int64(23126), np.int64(41598), np.int64(27257), np.int64(8940), np.int64(43706), np.int64(47845), np.int64(37501), np.int64(30463), np.int64(33676), np.int64(8605), np.int64(5225), np.int64(30391), np.int64(48769), np.int64(14071), np.int64(47125), np.int64(37471), np.int64(8834), np.int64(31068), np.int64(11415), np.int64(48105), np.int64(40717), np.int64(33136), np.int64(49281), np.int64(9053), np.int64(21376), np.int64(27430), np.int64(28180), np.int64(42029), np.int64(8258), np.int64(41295), np.int64(6134), np.int64(39060), np.int64(31878), np.int64(48949), np.int64(29470), np.int64(15341), np.int64(46129), np.int64(35132), np.int64(29164), np.int64(26429), np.int64(2631), np.int64(4089), np.int64(11770), np.int64(10330), np.int64(970), np.int64(38687), np.int64(10109), np.int64(29917), np.int64(37002), np.int64(6945), np.int64(7052), np.int64(47917), np.int64(41478), np.int64(7463), np.int64(3232), np.int64(7826), np.int64(143), np.int64(38590), np.int64(30280), np.int64(30950), np.int64(25154), np.int64(28165), np.int64(7372), np.int64(49179), np.int64(1820), np.int64(46811), np.int64(35264))","(0, 0, 0, 0, 0, 0, 0, 0, 0, 0, 0, 0, 1, 0, 0, 0, 0, 0, 0, 0, 0, 0, 0, 0, 0, 0, 0, 0, 0, 0, 0, 0, 0, 0, 0, 0, 0, 0, 0, 0, 0, 0, 0, 0, 0, 0, 0, 1, 0, 0, 0, 0, 0, 0, 0, 0, 0, 0, 0, 0, 0, 0, 0, 0, 0, 1, 0, 0, 0, 0, 0, 0, 0, 0, 0, 0, 0, 1, 0, 0, 0, 0, 0, 0, 0, 0, 0, 0, 0, 0, 0, 0, 0, 0, 0, 0, 0, 0, 0, 0, 0, 1)"
3.751384,54,330.627049,0,"(np.int64(33598), np.int64(41920), np.int64(40495), np.int64(45366), np.int64(6363), np.int64(20615), np.int64(37610), np.int64(35479), np.int64(19304), np.int64(17714), np.int64(12058), np.int64(27468), np.int64(30509), np.int64(6331), np.int64(46376), np.int64(47524), np.int64(49367), np.int64(27081), np.int64(6033), np.int64(28541), np.int64(7485), np.int64(15044), np.int64(43569), np.int64(42075), np.int64(46499), np.int64(46760), np.int64(9547), np.int64(19432), np.int64(20494), np.int64(21048), np.int64(13939), np.int64(10532), np.int64(41066), np.int64(43922), np.int64(34252), np.int64(5921), np.int64(4692), np.int64(45653), np.int64(41357), np.int64(9519), np.int64(36990), np.int64(33365), np.int64(4872), np.int64(2292), np.int64(39895), np.int64(39355), np.int64(15578), np.int64(28184), np.int64(9724), np.int64(41537), np.int64(5670), np.int64(27142), np.int64(8916), np.int64(2251))","(0, 0, 0, 0, 1, 0, 0, 0, 0, 0, 0, 0, 0, 0, 0, 0, 0, 0, 1, 0, 0, 1, 0, 0, 0, 0, 0, 0, 0, 0, 0, 0, 0, 0, 0, 0, 0, 0, 0, 0, 0, 0, 0, 0, 0, 0, 1, 0, 0, 0, 0, 0, 0, 1)"
3.734402,50,331.275248,0,"(np.int64(45729), np.int64(48606), np.int64(43682), np.int64(26592), np.int64(27883), np.int64(6218), np.int64(26038), np.int64(26875), np.int64(5723), np.int64(14951), np.int64(45984), np.int64(43689), np.int64(2426), np.int64(2986), np.int64(7277), np.int64(38946), np.int64(48344), np.int64(42413), np.int64(7951), np.int64(27630), np.int64(984), np.int64(29972), np.int64(15022), np.int64(26566), np.int64(3362), np.int64(33897), np.int64(31648), np.int64(49607), np.int64(32810), np.int64(42707), np.int64(2258), np.int64(24463), np.int64(41326), np.int64(4506), np.int64(39360), np.int64(30662), np.int64(22134), np.int64(30084), np.int64(3652), np.int64(41690), np.int64(45857), np.int64(29895), np.int64(49740), np.int64(47110), np.int64(23704), np.int64(44106), np.int64(47427), np.int64(43476), np.int64(49011), np.int64(11137))","(0, 0, 0, 0, 1, 0, 1, 0, 0, 0, 0, 0, 0, 0, 0, 0, 0, 0, 0, 0, 1, 0, 0, 0, 0, 0, 0, 0, 0, 0, 0, 0, 0, 0, 0, 0, 0, 0, 0, 0, 0, 0, 0, 1, 0, 0, 0, 0, 0, 1)"
3.699347,50,331.921045,0,"(np.int64(14217), np.int64(38808), np.int64(32791), np.int64(29645), np.int64(21769), np.int64(6003), np.int64(34463), np.int64(11658), np.int64(8718), np.int64(44218), np.int64(615), np.int64(36042), np.int64(41260), np.int64(40968), np.int64(24504), np.int64(39518), np.int64(13846), np.int64(41541), np.int64(20196), np.int64(39626), np.int64(30197), np.int64(32690), np.int64(27186), np.int64(41972), np.int64(29633), np.int64(1808), np.int64(6207), np.int64(30952), np.int64(25645), np.int64(23262), np.int64(47480), np.int64(5902), np.int64(8682), np.int64(8621), np.int64(12586), np.int64(40564), np.int64(24754), np.int64(35457), np.int64(7145), np.int64(36122), np.int64(12950), np.int64(7467), np.int64(7657), np.int64(22272), np.int64(19670), np.int64(28185), np.int64(25306), np.int64(6801), np.int64(10539), np.int64(46547))","(0, 0, 0, 0, 0, 1, 0, 0, 0, 0, 1, 0, 0, 0, 0, 0, 0, 0, 0, 0, 0, 0, 0, 0, 0, 0, 0, 0, 0, 0, 0, 0, 0, 0, 0, 0, 0, 0, 1, 0, 0, 1, 0, 0, 0, 0, 1, 0, 0, 0)"
3.751655,56,332.629305,0,"(np.int64(34833), np.int64(15063), np.int64(35177), np.int64(28686), np.int64(17442), np.int64(17270), np.int64(3861), np.int64(28361), np.int64(27408), np.int64(31661), np.int64(37785), np.int64(11870), np.int64(42874), np.int64(1669), np.int64(29294), np.int64(46724), np.int64(28123), np.int64(34573), np.int64(25497), np.int64(1743), np.int64(26982), np.int64(38521), np.int64(4854), np.int64(45847), np.int64(7504), np.int64(45775), np.int64(26833), np.int64(46462), np.int64(44991), np.int64(26516), np.int64(21149), np.int64(39993), np.int64(15026), np.int64(21056), np.int64(49124), np.int64(33745), np.int64(21132), np.int64(44109), np.int64(26203), np.int64(36406), np.int64(9801), np.int64(10905), np.int64(6597), np.int64(39540), np.int64(27071), np.int64(24168), np.int64(41960), np.int64(10600), np.int64(19197), np.int64(28435), np.int64(1521), np.int64(43510), np.int64(34360), np.int64(20211), np.int64(27289), np.int64(8253))","(0, 0, 0, 0, 0, 0, 0, 0, 0, 0, 1, 0, 0, 0, 0, 0, 0, 0, 0, 0, 0, 0, 0, 0, 1, 0, 0, 0, 0, 0, 0, 0, 0, 0, 0, 0, 0, 0, 0, 0, 0, 0, 0, 0, 1, 0, 0, 0, 1, 0, 0, 0, 0, 0, 0, 1)"
5.352609,50,333.257195,0,"(np.int64(25658), np.int64(4230), np.int64(42363), np.int64(42512), np.int64(22445), np.int64(5903), np.int64(12001), np.int64(46297), np.int64(4306), np.int64(44063), np.int64(37874), np.int64(14824), np.int64(20751), np.int64(1525), np.int64(38989), np.int64(36393), np.int64(27566), np.int64(39390), np.int64(13345), np.int64(38605), np.int64(49214), np.int64(15544), np.int64(9282), np.int64(13986), np.int64(41237), np.int64(8876), np.int64(23723), np.int64(36724), np.int64(38993), np.int64(45397), np.int64(9898), np.int64(29249), np.int64(31506), np.int64(9759), np.int64(20844), np.int64(17863), np.int64(8734), np.int64(47169), np.int64(44920), np.int64(7719), np.int64(38573), np.int64(13705), np.int64(20254), np.int64(4481), np.int64(25650), np.int64(47170), np.int64(15111), np.int64(38395), np.int64(37920), np.int64(38771))","(1, 0, 0, 0, 0, 0, 0, 0, 0, 0, 0, 0, 0, 0, 1, 0, 0, 0, 0, 0, 0, 0, 0, 0, 0, 0, 1, 0, 0, 0, 0, 0, 0, 0, 0, 0, 1, 0, 0, 1, 0, 0, 0, 0, 1, 0, 1, 0, 0, 0)"
6.733124,50,333.89606,0,"(np.int64(27084), np.int64(6489), np.int64(5590), np.int64(20693), np.int64(1717), np.int64(15479), np.int64(30282), np.int64(38070), np.int64(5193), np.int64(15575), np.int64(8435), np.int64(20408), np.int64(45261), np.int64(11049), np.int64(12396), np.int64(28003), np.int64(20239), np.int64(49626), np.int64(49059), np.int64(24328), np.int64(23044), np.int64(45394), np.int64(43546), np.int64(5613), np.int64(29341), np.int64(22478), np.int64(18572), np.int64(19084), np.int64(26280), np.int64(35767), np.int64(12516), np.int64(27161), np.int64(2080), np.int64(32248), np.int64(8508), np.int64(46655), np.int64(15836), np.int64(7630), np.int64(41015), np.int64(11019), np.int64(20316), np.int64(42888), np.int64(7257), np.int64(30705), np.int64(38110), np.int64(30380), np.int64(17371), np.int64(24122), np.int64(376), np.int64(14182))","(1, 1, 1, 0, 0, 0, 0, 1, 1, 0, 0, 1, 0, 0, 0, 0, 0, 0, 0, 0, 0, 0, 0, 0, 0, 0, 0, 0, 0, 0, 0, 0, 0, 0, 1, 1, 0, 0, 0, 1, 0, 0, 0, 0, 0, 0, 0, 0, 0, 0)"
5.363615,50,334.523835,0,"(np.int64(48328), np.int64(38139), np.int64(11002), np.int64(33661), np.int64(11915), np.int64(4739), np.int64(9402), np.int64(21427), np.int64(48660), np.int64(6161), np.int64(26346), np.int64(15353), np.int64(28276), np.int64(1790), np.int64(18604), np.int64(22165), np.int64(26025), np.int64(38095), np.int64(4556), np.int64(24261), np.int64(39201), np.int64(7298), np.int64(8383), np.int64(49435), np.int64(38309), np.int64(11269), np.int64(8064), np.int64(9875), np.int64(45621), np.int64(4336), np.int64(42575), np.int64(39827), np.int64(1575), np.int64(9717), np.int64(31316), np.int64(39343), np.int64(39291), np.int64(22660), np.int64(2101), np.int64(373), np.int64(18613), np.int64(29776), np.int64(25478), np.int64(43145), np.int64(43415), np.int64(34282), np.int64(421), np.int64(16229), np.int64(17811), np.int64(22292))","(0, 0, 0, 0, 0, 0, 0, 0, 1, 0, 1, 1, 0, 0, 0, 0, 0, 0, 1, 0, 0, 0, 0, 0, 0, 0, 0, 0, 0, 0, 0, 0, 1, 1, 0, 0, 0, 0, 0, 0, 1, 0, 0, 0, 0, 0, 0, 0, 0, 0)"
3.599524,50,335.147394,0,"(np.int64(45490), np.int64(24307), np.int64(4102), np.int64(25195), np.int64(41985), np.int64(9756), np.int64(41072), np.int64(17618), np.int64(4429), np.int64(8192), np.int64(46545), np.int64(13904), np.int64(13779), np.int64(33119), np.int64(46872), np.int64(20848), np.int64(49764), np.int64(6809), np.int64(10818), np.int64(34859), np.int64(31736), np.int64(42947), np.int64(18252), np.int64(40200), np.int64(45034), np.int64(13959), np.int64(36017), np.int64(29518), np.int64(31773), np.int64(3870), np.int64(7174), np.int64(12740), np.int64(44305), np.int64(6371), np.int64(25227), np.int64(48466), np.int64(7320), np.int64(4481), np.int64(16076), np.int64(45334), np.int64(5319), np.int64(32582), np.int64(27766), np.int64(1646), np.int64(14148), np.int64(34855), np.int64(3684), np.int64(47121), np.int64(11946), np.int64(30059))","(0, 0, 0, 0, 0, 0, 0, 0, 0, 0, 0, 0, 0, 0, 0, 0, 0, 1, 0, 0, 0, 1, 0, 0, 0, 0, 0, 0, 0, 0, 0, 0, 0, 1, 0, 0, 0, 0, 0, 0, 0, 0, 1, 0, 0, 0, 1, 0, 0, 0)"
5.431223,50,335.792227,0,"(np.int64(17128), np.int64(30771), np.int64(8223), np.int64(34196), np.int64(16413), np.int64(34407), np.int64(49184), np.int64(39627), np.int64(48033), np.int64(44423), np.int64(18515), np.int64(30117), np.int64(36448), np.int64(624), np.int64(2147), np.int64(22624), np.int64(34830), np.int64(36103), np.int64(13101), np.int64(23670), np.int64(18936), np.int64(36051), np.int64(15229), np.int64(2731), np.int64(393), np.int64(4952), np.int64(14544), np.int64(17910), np.int64(37404), np.int64(23898), np.int64(26161), np.int64(33384), np.int64(17235), np.int64(6299), np.int64(31730), np.int64(20170), np.int64(45523), np.int64(45135), np.int64(48833), np.int64(42782), np.int64(9384), np.int64(23060), np.int64(34317), np.int64(37572), np.int64(12670), np.int64(43305), np.int64(22707), np.int64(43891), np.int64(38567), np.int64(3934))","(0, 0, 1, 0, 0, 0, 0, 0, 0, 0, 0, 0, 0, 0, 0, 0, 0, 0, 0, 0, 0, 0, 1, 1, 0, 0, 0, 1, 0, 1, 0, 0, 0, 0, 0, 0, 0, 0, 0, 0, 1, 0, 0, 0, 1, 0, 0, 0, 0, 0)"
5.30222,35,336.245331,0,"(np.int64(10817), np.int64(11859), np.int64(16312), np.int64(20731), np.int64(6271), np.int64(3070), np.int64(48567), np.int64(45201), np.int64(16209), np.int64(48760), np.int64(19670), np.int64(11610), np.int64(46999), np.int64(44390), np.int64(456), np.int64(47503), np.int64(26071), np.int64(25380), np.int64(27907), np.int64(22729), np.int64(24730), np.int64(23799), np.int64(31062), np.int64(26110), np.int64(9858), np.int64(49059), np.int64(21530), np.int64(927), np.int64(23290), np.int64(9342), np.int64(35352), np.int64(16669), np.int64(1007), np.int64(24713), np.int64(20369))","(0, 1, 0, 0, 1, 0, 0, 0, 0, 1, 0, 1, 0, 0, 0, 0, 1, 0, 0, 0, 0, 0, 0, 0, 1, 0, 0, 1, 0, 0, 0, 0, 0, 0, 0)"
3.676221,88,337.359221,0,"(np.int64(19304), np.int64(27386), np.int64(3137), np.int64(34335), np.int64(39163), np.int64(17252), np.int64(45365), np.int64(15893), np.int64(48923), np.int64(32202), np.int64(28690), np.int64(21196), np.int64(36132), np.int64(24921), np.int64(44938), np.int64(20827), np.int64(13771), np.int64(8493), np.int64(25395), np.int64(44653), np.int64(10289), np.int64(4850), np.int64(49592), np.int64(45633), np.int64(13117), np.int64(23793), np.int64(11829), np.int64(41335), np.int64(40404), np.int64(34270), np.int64(40312), np.int64(41215), np.int64(2277), np.int64(28391), np.int64(17939), np.int64(26081), np.int64(19448), np.int64(21627), np.int64(11833), np.int64(31191), np.int64(7926), np.int64(34494), np.int64(37592), np.int64(11388), np.int64(12645), np.int64(7855), np.int64(14789), np.int64(37654), np.int64(12726), np.int64(38649), np.int64(4261), np.int64(21152), np.int64(43597), np.int64(6531), np.int64(50008), np.int64(33122), np.int64(16293), np.int64(20413), np.int64(32258), np.int64(12039), np.int64(22658), np.int64(35621), np.int64(20968), np.int64(33088), np.int64(13328), np.int64(12528), np.int64(32439), np.int64(45818), np.int64(945), np.int64(9830), np.int64(43035), np.int64(41202), np.int64(37812), np.int64(46065), np.int64(49840), np.int64(24724), np.int64(42677), np.int64(36261), np.int64(7588), np.int64(9440), np.int64(3307), np.int64(11601), np.int64(12248), np.int64(13539), np.int64(41110), np.int64(13519), np.int64(43816), np.int64(1914))","(0, 0, 0, 0, 0, 0, 0, 0, 0, 0, 0, 0, 0, 0, 0, 0, 0, 0, 0, 0, 0, 1, 0, 0, 0, 0, 0, 0, 0, 0, 0, 0, 0, 0, 0, 0, 0, 0, 0, 0, 0, 0, 0, 0, 0, 0, 0, 0, 0, 0, 1, 0, 0, 0, 0, 0, 0, 0, 0, 0, 0, 0, 1, 0, 0, 0, 0, 0, 0, 0, 0, 0, 0, 0, 0, 0, 0, 0, 0, 1, 0, 0, 0, 0, 0, 0, 0, 1)"
3.698198,55,338.103039,0,"(np.int64(21472), np.int64(16084), np.int64(32592), np.int64(14635), np.int64(44461), np.int64(8531), np.int64(4611), np.int64(33657), np.int64(3948), np.int64(24009), np.int64(12659), np.int64(7735), np.int64(6052), np.int64(36827), np.int64(25399), np.int64(26333), np.int64(11850), np.int64(18519), np.int64(27874), np.int64(42045), np.int64(16572), np.int64(40243), np.int64(26492), np.int64(38626), np.int64(14877), np.int64(49243), np.int64(7966), np.int64(38540), np.int64(28067), np.int64(36778), np.int64(5203), np.int64(36684), np.int64(21157), np.int64(21063), np.int64(11348), np.int64(17350), np.int64(15463), np.int64(720), np.int64(16054), np.int64(45668), np.int64(8918), np.int64(44367), np.int64(8793), np.int64(17169), np.int64(25837), np.int64(28385), np.int64(46713), np.int64(35885), np.int64(41251), np.int64(5155), np.int64(37225), np.int64(41881), np.int64(40463), np.int64(5134), np.int64(31819))","(0, 0, 0, 0, 0, 0, 0, 0, 0, 0, 0, 0, 0, 0, 0, 0, 0, 0, 0, 0, 0, 0, 0, 0, 0, 0, 0, 0, 0, 0, 0, 0, 1, 0, 0, 0, 0, 0, 1, 1, 1, 0, 0, 0, 0, 0, 0, 0, 0, 0, 0, 0, 0, 0, 1)"
3.31742,50,338.956666,0,"(np.int64(28124), np.int64(49718), np.int64(48177), np.int64(36065), np.int64(28521), np.int64(21692), np.int64(27398), np.int64(48795), np.int64(14796), np.int64(49938), np.int64(16501), np.int64(18020), np.int64(30694), np.int64(46676), np.int64(25563), np.int64(10919), np.int64(44112), np.int64(32057), np.int64(43689), np.int64(9598), np.int64(5793), np.int64(25679), np.int64(25483), np.int64(22811), np.int64(30188), np.int64(33758), np.int64(26266), np.int64(41923), np.int64(19397), np.int64(18015), np.int64(41203), np.int64(314), np.int64(47787), np.int64(20343), np.int64(42150), np.int64(36558), np.int64(44564), np.int64(21507), np.int64(24871), np.int64(2291), np.int64(40223), np.int64(23694), np.int64(19458), np.int64(34295), np.int64(3290), np.int64(41451), np.int64(18507), np.int64(45420), np.int64(39928), np.int64(7773))","(0, 0, 0, 0, 0, 0, 1, 0, 0, 0, 0, 0, 0, 0, 0, 0, 0, 0, 0, 0, 0, 0, 0, 0, 0, 0, 0, 0, 0, 0, 0, 1, 1, 0, 0, 0, 0, 0, 0, 0, 0, 1, 0, 0, 0, 0, 0, 1, 0, 0)"
3.794797,63,339.964028,0,"(np.int64(3094), np.int64(48571), np.int64(13992), np.int64(23797), np.int64(23276), np.int64(25215), np.int64(31776), np.int64(15526), np.int64(41902), np.int64(7406), np.int64(16537), np.int64(18731), np.int64(29301), np.int64(22783), np.int64(35229), np.int64(25879), np.int64(6081), np.int64(15643), np.int64(22411), np.int64(35251), np.int64(2571), np.int64(46310), np.int64(20148), np.int64(16268), np.int64(40604), np.int64(35168), np.int64(35072), np.int64(35094), np.int64(44765), np.int64(35747), np.int64(20303), np.int64(43566), np.int64(27045), np.int64(4887), np.int64(32702), np.int64(16114), np.int64(24647), np.int64(13332), np.int64(6682), np.int64(48088), np.int64(30655), np.int64(48411), np.int64(7086), np.int64(39388), np.int64(5070), np.int64(46212), np.int64(16763), np.int64(24274), np.int64(22521), np.int64(34333), np.int64(73), np.int64(27423), np.int64(17695), np.int64(5377), np.int64(10973), np.int64(2422), np.int64(14893), np.int64(40567), np.int64(2236), np.int64(43970), np.int64(40984), np.int64(10729), np.int64(28825))","(0, 0, 0, 0, 0, 0, 0, 0, 0, 0, 0, 0, 0, 0, 0, 0, 1, 0, 0, 0, 0, 0, 0, 0, 0, 0, 0, 0, 0, 0, 0, 0, 0, 0, 1, 0, 1, 0, 0, 0, 0, 0, 1, 0, 0, 0, 0, 0, 0, 0, 0, 0, 0, 0, 0, 0, 0, 0, 0, 0, 0, 0, 1)"
3.793874,57,340.861898,0,"(np.int64(35424), np.int64(7460), np.int64(44974), np.int64(47111), np.int64(17046), np.int64(38419), np.int64(43146), np.int64(7006), np.int64(37189), np.int64(37230), np.int64(36195), np.int64(26906), np.int64(18393), np.int64(25895), np.int64(40860), np.int64(3914), np.int64(18743), np.int64(3414), np.int64(27638), np.int64(3682), np.int64(35604), np.int64(13599), np.int64(1320), np.int64(8605), np.int64(11511), np.int64(25283), np.int64(31024), np.int64(20983), np.int64(24348), np.int64(20663), np.int64(41477), np.int64(14213), np.int64(30596), np.int64(33588), np.int64(20817), np.int64(25584), np.int64(37151), np.int64(20044), np.int64(32297), np.int64(9939), np.int64(29242), np.int64(27851), np.int64(6003), np.int64(45445), np.int64(26267), np.int64(16090), np.int64(17637), np.int64(3332), np.int64(7279), np.int64(22927), np.int64(30666), np.int64(22530), np.int64(38607), np.int64(15944), np.int64(29248), np.int64(14109), np.int64(17773))","(0, 1, 0, 0, 0, 0, 0, 0, 0, 0, 0, 0, 0, 0, 0, 0, 0, 0, 0, 0, 0, 0, 0, 0, 0, 0, 0, 0, 0, 0, 0, 0, 0, 0, 0, 0, 1, 0, 0, 0, 0, 0, 1, 0, 0, 1, 0, 0, 0, 0, 0, 0, 0, 0, 0, 0, 1)"
4.533356,50,341.709083,0,"(np.int64(27804), np.int64(32742), np.int64(42549), np.int64(30180), np.int64(47307), np.int64(15544), np.int64(6329), np.int64(2071), np.int64(23957), np.int64(49925), np.int64(3652), np.int64(36003), np.int64(44936), np.int64(11098), np.int64(16384), np.int64(30454), np.int64(18543), np.int64(8217), np.int64(47436), np.int64(46031), np.int64(21866), np.int64(25514), np.int64(21816), np.int64(40107), np.int64(45796), np.int64(15857), np.int64(45435), np.int64(33401), np.int64(49281), np.int64(23511), np.int64(48891), np.int64(35521), np.int64(25931), np.int64(46555), np.int64(30263), np.int64(43101), np.int64(17740), np.int64(40780), np.int64(14576), np.int64(42455), np.int64(2257), np.int64(23088), np.int64(31123), np.int64(22539), np.int64(45425), np.int64(1149), np.int64(23175), np.int64(16579), np.int64(2546), np.int64(16597))","(1, 0, 0, 0, 1, 0, 1, 0, 0, 0, 0, 0, 0, 1, 0, 0, 1, 0, 0, 0, 0, 0, 1, 0, 0, 0, 0, 0, 0, 0, 0, 0, 0, 0, 0, 0, 0, 0, 0, 0, 0, 0, 0, 0, 0, 0, 0, 0, 0, 0)"
5.306006,50,342.492641,0,"(np.int64(49464), np.int64(21820), np.int64(5066), np.int64(49649), np.int64(18455), np.int64(45667), np.int64(2750), np.int64(35024), np.int64(19386), np.int64(36478), np.int64(19362), np.int64(15023), np.int64(30495), np.int64(25784), np.int64(29657), np.int64(11560), np.int64(43984), np.int64(41591), np.int64(27265), np.int64(12817), np.int64(46556), np.int64(5159), np.int64(28958), np.int64(14669), np.int64(42522), np.int64(42185), np.int64(16090), np.int64(5285), np.int64(32080), np.int64(9436), np.int64(2308), np.int64(20478), np.int64(5551), np.int64(22369), np.int64(18502), np.int64(2338), np.int64(3786), np.int64(2728), np.int64(48017), np.int64(35698), np.int64(23110), np.int64(41531), np.int64(30746), np.int64(22728), np.int64(49611), np.int64(7844), np.int64(40499), np.int64(30632), np.int64(10447), np.int64(13626))","(0, 1, 0, 0, 0, 0, 0, 0, 0, 0, 0, 0, 0, 0, 0, 0, 0, 0, 1, 0, 0, 0, 0, 0, 0, 0, 1, 1, 1, 0, 1, 0, 0, 0, 0, 0, 0, 0, 0, 1, 0, 0, 0, 0, 0, 0, 0, 0, 0, 0)"
3.81736,74,343.724333,0,"(np.int64(5710), np.int64(1359), np.int64(28972), np.int64(6843), np.int64(38998), np.int64(857), np.int64(32404), np.int64(16547), np.int64(6620), np.int64(10085), np.int64(36061), np.int64(3567), np.int64(31300), np.int64(8427), np.int64(47875), np.int64(35774), np.int64(45018), np.int64(17481), np.int64(43851), np.int64(6162), np.int64(7565), np.int64(7346), np.int64(10935), np.int64(27601), np.int64(14165), np.int64(38679), np.int64(18824), np.int64(34157), np.int64(19071), np.int64(19636), np.int64(9256), np.int64(6236), np.int64(24936), np.int64(15018), np.int64(15036), np.int64(12106), np.int64(44884), np.int64(16270), np.int64(36747), np.int64(37589), np.int64(31963), np.int64(6580), np.int64(297), np.int64(28206), np.int64(41084), np.int64(21267), np.int64(16249), np.int64(25188), np.int64(46027), np.int64(22617), np.int64(45335), np.int64(33203), np.int64(43293), np.int64(16948), np.int64(38254), np.int64(4190), np.int64(1446), np.int64(44046), np.int64(36856), np.int64(49326), np.int64(30323), np.int64(9817), np.int64(12044), np.int64(36858), np.int64(34649), np.int64(2113), np.int64(15740), np.int64(5530), np.int64(8431), np.int64(27560), np.int64(47328), np.int64(32299), np.int64(30834), np.int64(43173))","(0, 1, 0, 0, 0, 0, 0, 0, 0, 0, 0, 0, 0, 0, 0, 0, 0, 0, 0, 0, 0, 0, 0, 0, 1, 0, 0, 0, 0, 0, 0, 0, 0, 0, 1, 0, 0, 0, 0, 0, 0, 0, 0, 0, 0, 0, 0, 0, 0, 0, 0, 0, 0, 0, 0, 0, 0, 0, 0, 0, 0, 0, 0, 0, 0, 1, 0, 0, 0, 0, 0, 0, 0, 1)"
3.754033,70,344.835268,0,"(np.int64(11201), np.int64(344), np.int64(29370), np.int64(48874), np.int64(15742), np.int64(26817), np.int64(14817), np.int64(2583), np.int64(9055), np.int64(40609), np.int64(6903), np.int64(39795), np.int64(45983), np.int64(42950), np.int64(20228), np.int64(31887), np.int64(2151), np.int64(46109), np.int64(48781), np.int64(6353), np.int64(6816), np.int64(10937), np.int64(41580), np.int64(48387), np.int64(27647), np.int64(25497), np.int64(29818), np.int64(23408), np.int64(12908), np.int64(44532), np.int64(26574), np.int64(5450), np.int64(16138), np.int64(33363), np.int64(21191), np.int64(41532), np.int64(25101), np.int64(9013), np.int64(44137), np.int64(46179), np.int64(39990), np.int64(26371), np.int64(43734), np.int64(17554), np.int64(26100), np.int64(7126), np.int64(6290), np.int64(42737), np.int64(33889), np.int64(29297), np.int64(25804), np.int64(16676), np.int64(41445), np.int64(7261), np.int64(6413), np.int64(27218), np.int64(38399), np.int64(47293), np.int64(29365), np.int64(49610), np.int64(12996), np.int64(19168), np.int64(30050), np.int64(39457), np.int64(39287), np.int64(47333), np.int64(15988), np.int64(25421), np.int64(35455), np.int64(14119))","(0, 0, 0, 0, 0, 0, 0, 0, 0, 0, 0, 0, 0, 0, 0, 0, 1, 0, 0, 0, 1, 0, 0, 0, 0, 0, 0, 0, 0, 0, 0, 0, 0, 0, 0, 0, 0, 0, 0, 0, 0, 1, 0, 0, 0, 0, 0, 0, 0, 0, 0, 0, 0, 0, 0, 0, 0, 0, 0, 0, 0, 0, 0, 0, 0, 0, 1, 0, 0, 1)"
3.897211,74,345.726015,0,"(np.int64(26350), np.int64(17358), np.int64(11004), np.int64(49873), np.int64(19469), np.int64(15141), np.int64(29), np.int64(11164), np.int64(46177), np.int64(33721), np.int64(44170), np.int64(14588), np.int64(46446), np.int64(350), np.int64(6158), np.int64(36872), np.int64(29587), np.int64(1872), np.int64(39352), np.int64(27476), np.int64(10466), np.int64(35551), np.int64(29788), np.int64(13438), np.int64(39487), np.int64(33867), np.int64(31426), np.int64(47020), np.int64(35571), np.int64(34318), np.int64(41793), np.int64(47573), np.int64(14750), np.int64(13924), np.int64(8765), np.int64(2709), np.int64(21060), np.int64(31727), np.int64(22367), np.int64(47854), np.int64(28447), np.int64(25333), np.int64(28490), np.int64(918), np.int64(41920), np.int64(1716), np.int64(25474), np.int64(1298), np.int64(21614), np.int64(23730), np.int64(14723), np.int64(16084), np.int64(15832), np.int64(47354), np.int64(2039), np.int64(7179), np.int64(39868), np.int64(32172), np.int64(13553), np.int64(12194), np.int64(36933), np.int64(43133), np.int64(33130), np.int64(18442), np.int64(41167), np.int64(30141), np.int64(32565), np.int64(26659), np.int64(32898), np.int64(45470), np.int64(25817), np.int64(3012), np.int64(21931), np.int64(21377))","(0, 0, 0, 0, 0, 0, 0, 1, 0, 0, 0, 0, 0, 0, 0, 0, 0, 0, 0, 0, 0, 0, 0, 0, 0, 0, 0, 0, 0, 0, 0, 0, 0, 0, 0, 0, 0, 0, 0, 0, 0, 1, 0, 0, 0, 1, 0, 0, 0, 0, 0, 0, 0, 0, 0, 0, 0, 0, 0, 0, 0, 0, 0, 0, 0, 0, 0, 0, 0, 0, 0, 0, 1, 1)"
5.127767,35,346.119917,0,"(np.int64(1293), np.int64(17110), np.int64(11582), np.int64(24825), np.int64(19715), np.int64(45327), np.int64(37117), np.int64(12420), np.int64(34228), np.int64(49351), np.int64(26729), np.int64(33967), np.int64(45752), np.int64(4100), np.int64(25079), np.int64(40261), np.int64(42092), np.int64(28701), np.int64(25138), np.int64(20755), np.int64(35077), np.int64(31819), np.int64(36938), np.int64(7081), np.int64(38731), np.int64(15876), np.int64(29569), np.int64(2187), np.int64(34206), np.int64(15445), np.int64(2510), np.int64(5483), np.int64(14875), np.int64(11218), np.int64(23092))","(1, 0, 1, 0, 0, 0, 0, 0, 0, 0, 0, 0, 0, 0, 0, 0, 0, 0, 0, 0, 0, 1, 0, 1, 0, 1, 0, 0, 0, 0, 1, 0, 1, 0, 0)"
3.759091,51,346.764289,0,"(np.int64(31566), np.int64(40168), np.int64(20948), np.int64(19486), np.int64(28855), np.int64(29446), np.int64(39202), np.int64(22204), np.int64(35774), np.int64(47925), np.int64(14722), np.int64(14221), np.int64(12081), np.int64(16626), np.int64(21663), np.int64(35595), np.int64(12137), np.int64(22503), np.int64(23810), np.int64(47838), np.int64(13091), np.int64(5104), np.int64(1901), np.int64(7852), np.int64(20421), np.int64(24359), np.int64(47566), np.int64(42867), np.int64(20727), np.int64(196), np.int64(42715), np.int64(22697), np.int64(557), np.int64(7788), np.int64(44753), np.int64(12944), np.int64(25517), np.int64(24031), np.int64(19547), np.int64(1766), np.int64(6103), np.int64(3185), np.int64(42466), np.int64(46956), np.int64(10065), np.int64(37635), np.int64(37913), np.int64(16145), np.int64(30867), np.int64(45023), np.int64(11851))","(0, 0, 0, 0, 0, 0, 0, 0, 0, 0, 0, 0, 0, 0, 0, 0, 0, 0, 1, 0, 0, 1, 0, 0, 0, 0, 0, 0, 0, 0, 0, 0, 0, 0, 0, 0, 0, 0, 0, 0, 1, 0, 0, 0, 0, 0, 0, 0, 0, 1, 1)"
3.340099,51,347.332226,0,"(np.int64(35207), np.int64(15811), np.int64(26523), np.int64(37024), np.int64(23863), np.int64(33191), np.int64(47630), np.int64(41817), np.int64(17970), np.int64(20184), np.int64(36446), np.int64(8526), np.int64(31069), np.int64(29280), np.int64(7192), np.int64(12227), np.int64(517), np.int64(703), np.int64(10195), np.int64(42137), np.int64(37244), np.int64(19924), np.int64(753), np.int64(37108), np.int64(38629), np.int64(37442), np.int64(14218), np.int64(40494), np.int64(41780), np.int64(9466), np.int64(30444), np.int64(33747), np.int64(47813), np.int64(46985), np.int64(12936), np.int64(4891), np.int64(32252), np.int64(15012), np.int64(26026), np.int64(15423), np.int64(28482), np.int64(591), np.int64(27040), np.int64(47469), np.int64(17059), np.int64(43838), np.int64(31998), np.int64(34952), np.int64(36585), np.int64(15142), np.int64(29643))","(0, 0, 0, 0, 0, 0, 0, 0, 0, 0, 0, 0, 1, 0, 0, 0, 0, 0, 0, 0, 0, 0, 0, 0, 0, 0, 0, 0, 0, 0, 0, 0, 0, 0, 1, 0, 0, 0, 0, 0, 0, 0, 1, 0, 0, 0, 0, 0, 1, 0, 1)"
5.41679,50,347.880914,0,"(np.int64(19973), np.int64(31414), np.int64(19759), np.int64(42103), np.int64(38800), np.int64(18357), np.int64(17747), np.int64(21483), np.int64(22616), np.int64(19011), np.int64(45096), np.int64(46958), np.int64(49405), np.int64(8582), np.int64(9486), np.int64(32507), np.int64(30126), np.int64(36876), np.int64(48538), np.int64(36393), np.int64(38419), np.int64(16607), np.int64(15230), np.int64(14292), np.int64(44215), np.int64(16011), np.int64(8374), np.int64(9150), np.int64(9777), np.int64(23522), np.int64(14736), np.int64(42071), np.int64(28117), np.int64(39439), np.int64(37448), np.int64(34970), np.int64(7500), np.int64(37554), np.int64(18478), np.int64(17798), np.int64(19995), np.int64(4430), np.int64(24680), np.int64(20177), np.int64(37649), np.int64(47679), np.int64(39345), np.int64(4390), np.int64(34946), np.int64(22829))","(0, 0, 0, 0, 0, 0, 0, 0, 0, 0, 0, 0, 0, 1, 0, 0, 0, 0, 0, 0, 0, 0, 1, 0, 0, 0, 0, 0, 0, 0, 0, 0, 0, 0, 0, 0, 0, 0, 1, 1, 1, 0, 1, 0, 1, 0, 0, 0, 0, 0)"
6.001338,45,348.373023,0,"(np.int64(15217), np.int64(49435), np.int64(6188), np.int64(23838), np.int64(20770), np.int64(14112), np.int64(33821), np.int64(10756), np.int64(19732), np.int64(47227), np.int64(10377), np.int64(17124), np.int64(22777), np.int64(27353), np.int64(26314), np.int64(10650), np.int64(28568), np.int64(48419), np.int64(33907), np.int64(15905), np.int64(19954), np.int64(26880), np.int64(16372), np.int64(3226), np.int64(34576), np.int64(10202), np.int64(8808), np.int64(17562), np.int64(30778), np.int64(9981), np.int64(19295), np.int64(1674), np.int64(1884), np.int64(30388), np.int64(41471), np.int64(1725), np.int64(9242), np.int64(17630), np.int64(29771), np.int64(21823), np.int64(6811), np.int64(19451), np.int64(33530), np.int64(13846), np.int64(15654))","(0, 0, 1, 0, 0, 0, 0, 1, 0, 0, 0, 0, 0, 0, 1, 0, 0, 0, 0, 0, 1, 1, 0, 1, 0, 0, 0, 0, 0, 1, 0, 0, 1, 0, 0, 0, 0, 0, 0, 0, 0, 0, 0, 0, 0)"
4.761182,50,348.914253,0,"(np.int64(41983), np.int64(46459), np.int64(35206), np.int64(12659), np.int64(41717), np.int64(44586), np.int64(38068), np.int64(48407), np.int64(947), np.int64(9475), np.int64(29723), np.int64(26101), np.int64(47879), np.int64(7444), np.int64(45371), np.int64(31381), np.int64(17199), np.int64(19788), np.int64(22322), np.int64(16126), np.int64(9209), np.int64(49778), np.int64(22978), np.int64(3713), np.int64(6327), np.int64(10100), np.int64(25545), np.int64(17517), np.int64(9604), np.int64(15902), np.int64(29178), np.int64(12764), np.int64(17153), np.int64(11752), np.int64(1934), np.int64(28567), np.int64(17218), np.int64(31607), np.int64(22445), np.int64(521), np.int64(30932), np.int64(18911), np.int64(23225), np.int64(13759), np.int64(13894), np.int64(12496), np.int64(35430), np.int64(29634), np.int64(23679), np.int64(43401))","(0, 0, 0, 0, 0, 0, 0, 0, 0, 0, 0, 0, 0, 0, 0, 0, 0, 1, 0, 0, 0, 0, 0, 1, 1, 1, 0, 0, 0, 0, 0, 0, 0, 0, 0, 0, 0, 1, 0, 0, 0, 0, 0, 0, 0, 0, 0, 0, 1, 0)"
6.180593,50,349.459296,0,"(np.int64(45922), np.int64(5426), np.int64(17913), np.int64(38713), np.int64(45271), np.int64(14485), np.int64(25834), np.int64(7187), np.int64(5783), np.int64(48934), np.int64(14602), np.int64(48974), np.int64(17456), np.int64(12084), np.int64(38197), np.int64(21035), np.int64(29519), np.int64(15311), np.int64(11857), np.int64(14610), np.int64(3498), np.int64(47034), np.int64(2726), np.int64(37284), np.int64(21746), np.int64(29750), np.int64(20337), np.int64(27523), np.int64(24852), np.int64(26387), np.int64(13750), np.int64(26675), np.int64(35694), np.int64(44184), np.int64(17777), np.int64(43003), np.int64(11926), np.int64(11088), np.int64(42459), np.int64(23267), np.int64(2709), np.int64(18213), np.int64(38140), np.int64(34149), np.int64(28119), np.int64(11522), np.int64(43264), np.int64(31216), np.int64(47627), np.int64(34470))","(0, 1, 0, 0, 0, 0, 0, 0, 0, 0, 0, 0, 0, 1, 0, 0, 0, 1, 0, 1, 0, 0, 0, 0, 0, 0, 1, 0, 0, 0, 0, 0, 0, 0, 0, 0, 0, 0, 1, 0, 0, 1, 0, 0, 0, 1, 0, 0, 0, 0)"
3.868131,57,350.083059,0,"(np.int64(49325), np.int64(4617), np.int64(848), np.int64(7926), np.int64(34357), np.int64(35111), np.int64(47402), np.int64(8769), np.int64(38709), np.int64(31124), np.int64(6086), np.int64(4608), np.int64(14322), np.int64(12186), np.int64(34360), np.int64(17815), np.int64(10438), np.int64(14443), np.int64(37423), np.int64(44621), np.int64(34830), np.int64(33187), np.int64(18526), np.int64(3734), np.int64(29681), np.int64(2195), np.int64(22678), np.int64(19650), np.int64(16940), np.int64(721), np.int64(14090), np.int64(14369), np.int64(45323), np.int64(32172), np.int64(10838), np.int64(41700), np.int64(93), np.int64(14881), np.int64(42410), np.int64(36710), np.int64(2643), np.int64(40985), np.int64(780), np.int64(21316), np.int64(34543), np.int64(9755), np.int64(3862), np.int64(29054), np.int64(47786), np.int64(4209), np.int64(3691), np.int64(6549), np.int64(3869), np.int64(21011), np.int64(43741), np.int64(21547), np.int64(42515))","(0, 0, 0, 0, 0, 0, 0, 0, 0, 0, 1, 0, 0, 0, 0, 0, 0, 1, 0, 0, 0, 0, 1, 0, 0, 0, 0, 0, 0, 0, 0, 0, 0, 0, 0, 0, 0, 0, 0, 0, 0, 0, 0, 0, 0, 1, 0, 0, 0, 0, 0, 0, 0, 0, 0, 0, 1)"
3.733659,107,351.234516,0,"(np.int64(31341), np.int64(3407), np.int64(3359), np.int64(21188), np.int64(855), np.int64(5143), np.int64(31011), np.int64(22657), np.int64(49614), np.int64(17718), np.int64(4894), np.int64(27866), np.int64(22696), np.int64(20454), np.int64(42314), np.int64(42964), np.int64(39573), np.int64(24309), np.int64(791), np.int64(33379), np.int64(40041), np.int64(32932), np.int64(44175), np.int64(28816), np.int64(38924), np.int64(39366), np.int64(6994), np.int64(2133), np.int64(2118), np.int64(20132), np.int64(2341), np.int64(7305), np.int64(25632), np.int64(30882), np.int64(674), np.int64(27947), np.int64(39061), np.int64(17761), np.int64(7798), np.int64(23400), np.int64(42825), np.int64(38460), np.int64(47194), np.int64(7078), np.int64(3432), np.int64(22542), np.int64(11654), np.int64(38432), np.int64(2901), np.int64(28207), np.int64(30120), np.int64(42882), np.int64(23544), np.int64(7458), np.int64(4504), np.int64(38313), np.int64(40201), np.int64(10577), np.int64(39517), np.int64(48620), np.int64(28067), np.int64(27633), np.int64(16128), np.int64(34654), np.int64(13572), np.int64(16580), np.int64(49731), np.int64(5875), np.int64(41412), np.int64(19103), np.int64(46995), np.int64(33773), np.int64(259), np.int64(37880), np.int64(7089), np.int64(45227), np.int64(35333), np.int64(2454), np.int64(33687), np.int64(39868), np.int64(21437), np.int64(166), np.int64(9852), np.int64(19988), np.int64(4096), np.int64(2795), np.int64(6142), np.int64(48927), np.int64(3896), np.int64(49939), np.int64(42963), np.int64(11611), np.int64(48651), np.int64(48159), np.int64(21245), np.int64(47692), np.int64(38308), np.int64(28093), np.int64(19289), np.int64(24765), np.int64(8328), np.int64(36147), np.int64(23770), np.int64(47308), np.int64(9726), np.int64(24477), np.int64(6095))","(0, 0, 0, 0, 0, 0, 0, 0, 0, 0, 1, 0, 0, 0, 0, 0, 0, 0, 0, 0, 0, 0, 0, 0, 1, 0, 0, 0, 0, 0, 0, 0, 0, 0, 0, 0, 0, 0, 0, 0, 0, 0, 0, 0, 0, 0, 0, 0, 0, 0, 0, 0, 0, 0, 0, 0, 0, 0, 0, 0, 0, 0, 0, 0, 0, 0, 0, 0, 0, 0, 0, 0, 0, 0, 0, 0, 0, 0, 0, 0, 0, 0, 0, 0, 0, 0, 0, 0, 1, 0, 0, 0, 0, 0, 0, 0, 1, 0, 0, 0, 0, 0, 0, 0, 0, 0, 1)"
5.042928,50,351.776696,0,"(np.int64(40804), np.int64(37718), np.int64(26246), np.int64(10271), np.int64(49232), np.int64(18722), np.int64(24536), np.int64(37372), np.int64(44979), np.int64(12365), np.int64(49187), np.int64(41049), np.int64(23810), np.int64(5314), np.int64(21907), np.int64(28924), np.int64(44815), np.int64(40275), np.int64(34314), np.int64(15786), np.int64(47692), np.int64(46504), np.int64(21526), np.int64(12558), np.int64(42376), np.int64(39698), np.int64(948), np.int64(6801), np.int64(9409), np.int64(10040), np.int64(43689), np.int64(47939), np.int64(12711), np.int64(42431), np.int64(44847), np.int64(34580), np.int64(48115), np.int64(43998), np.int64(15052), np.int64(13654), np.int64(40746), np.int64(9965), np.int64(18413), np.int64(28950), np.int64(20054), np.int64(26509), np.int64(9595), np.int64(34545), np.int64(38012), np.int64(2370))","(0, 0, 0, 0, 1, 0, 0, 0, 0, 0, 0, 0, 1, 0, 0, 0, 0, 0, 0, 0, 0, 0, 1, 1, 0, 0, 1, 0, 0, 0, 0, 0, 0, 0, 0, 0, 0, 0, 0, 0, 1, 0, 0, 0, 0, 1, 0, 0, 0, 0)"
3.741846,64,352.47632,0,"(np.int64(35670), np.int64(21793), np.int64(12232), np.int64(22705), np.int64(32996), np.int64(10939), np.int64(23159), np.int64(15496), np.int64(46882), np.int64(31323), np.int64(37351), np.int64(12757), np.int64(7739), np.int64(6817), np.int64(11882), np.int64(24349), np.int64(13483), np.int64(44243), np.int64(43804), np.int64(26101), np.int64(44066), np.int64(35424), np.int64(36889), np.int64(42045), np.int64(32454), np.int64(38105), np.int64(24067), np.int64(47748), np.int64(49508), np.int64(44790), np.int64(33638), np.int64(39221), np.int64(16684), np.int64(41681), np.int64(43643), np.int64(37829), np.int64(40687), np.int64(32293), np.int64(46392), np.int64(10860), np.int64(35492), np.int64(40871), np.int64(23896), np.int64(35757), np.int64(14560), np.int64(32568), np.int64(37982), np.int64(1454), np.int64(27769), np.int64(415), np.int64(37420), np.int64(39500), np.int64(1532), np.int64(451), np.int64(29976), np.int64(27681), np.int64(14457), np.int64(10769), np.int64(36027), np.int64(26994), np.int64(49482), np.int64(44860), np.int64(10208), np.int64(7284))","(0, 0, 0, 0, 0, 1, 0, 0, 0, 0, 0, 0, 0, 0, 0, 0, 0, 0, 0, 0, 0, 0, 0, 0, 0, 0, 0, 0, 0, 0, 0, 0, 0, 0, 0, 1, 0, 1, 0, 0, 0, 0, 0, 0, 1, 0, 0, 0, 0, 0, 0, 0, 0, 0, 0, 0, 0, 0, 0, 0, 0, 0, 0, 1)"
3.857677,53,353.046053,0,"(np.int64(24401), np.int64(44000), np.int64(2515), np.int64(28823), np.int64(6383), np.int64(27418), np.int64(21852), np.int64(23964), np.int64(21316), np.int64(15618), np.int64(28763), np.int64(15699), np.int64(503), np.int64(18327), np.int64(43581), np.int64(7288), np.int64(14470), np.int64(15124), np.int64(24157), np.int64(47154), np.int64(2478), np.int64(39105), np.int64(49073), np.int64(43847), np.int64(18661), np.int64(25076), np.int64(46072), np.int64(38487), np.int64(42435), np.int64(17332), np.int64(43088), np.int64(41292), np.int64(12262), np.int64(27975), np.int64(22879), np.int64(2191), np.int64(42407), np.int64(32823), np.int64(29056), np.int64(16615), np.int64(32382), np.int64(34089), np.int64(30208), np.int64(12849), np.int64(24208), np.int64(36759), np.int64(27864), np.int64(7428), np.int64(37175), np.int64(31175), np.int64(20161), np.int64(16872), np.int64(41602))","(0, 0, 0, 0, 0, 0, 0, 0, 0, 1, 0, 0, 0, 0, 0, 0, 1, 0, 0, 0, 0, 0, 0, 0, 0, 0, 0, 0, 0, 0, 0, 0, 0, 0, 0, 0, 0, 0, 1, 0, 0, 0, 0, 0, 0, 0, 0, 0, 0, 0, 1, 0, 1)"
3.704071,66,353.770104,0,"(np.int64(23926), np.int64(858), np.int64(37803), np.int64(23107), np.int64(26301), np.int64(9445), np.int64(16346), np.int64(12228), np.int64(34715), np.int64(28467), np.int64(13090), np.int64(49260), np.int64(37769), np.int64(2628), np.int64(8306), np.int64(15963), np.int64(10850), np.int64(45399), np.int64(34215), np.int64(13358), np.int64(2703), np.int64(47254), np.int64(25925), np.int64(47544), np.int64(27686), np.int64(2855), np.int64(15875), np.int64(14919), np.int64(9056), np.int64(47803), np.int64(8058), np.int64(13629), np.int64(30671), np.int64(11737), np.int64(538), np.int64(27886), np.int64(46746), np.int64(19850), np.int64(12418), np.int64(47586), np.int64(1843), np.int64(49205), np.int64(22970), np.int64(38293), np.int64(38175), np.int64(2521), np.int64(44628), np.int64(46785), np.int64(8630), np.int64(19644), np.int64(35347), np.int64(6817), np.int64(17412), np.int64(8872), np.int64(45260), np.int64(14242), np.int64(20750), np.int64(37661), np.int64(13047), np.int64(38842), np.int64(15037), np.int64(4927), np.int64(1363), np.int64(33689), np.int64(48980), np.int64(13080))","(0, 0, 0, 0, 0, 0, 0, 0, 0, 0, 0, 0, 0, 0, 0, 0, 0, 0, 0, 0, 0, 0, 0, 0, 0, 0, 0, 0, 0, 0, 0, 1, 0, 0, 0, 0, 0, 0, 0, 0, 0, 0, 0, 0, 0, 1, 0, 0, 1, 0, 0, 0, 0, 0, 0, 0, 0, 0, 1, 0, 0, 0, 0, 0, 0, 1)"
5.462445,50,354.313125,0,"(np.int64(48151), np.int64(3609), np.int64(22616), np.int64(7540), np.int64(19599), np.int64(8300), np.int64(12800), np.int64(41022), np.int64(29488), np.int64(19515), np.int64(37829), np.int64(8910), np.int64(45890), np.int64(38441), np.int64(10197), np.int64(1808), np.int64(15232), np.int64(443), np.int64(12058), np.int64(25029), np.int64(28865), np.int64(4921), np.int64(11713), np.int64(26982), np.int64(11266), np.int64(1882), np.int64(9111), np.int64(44184), np.int64(14130), np.int64(10728), np.int64(867), np.int64(34216), np.int64(8580), np.int64(22357), np.int64(11268), np.int64(46426), np.int64(19134), np.int64(45035), np.int64(17142), np.int64(31584), np.int64(29498), np.int64(18617), np.int64(29122), np.int64(17620), np.int64(39815), np.int64(19754), np.int64(21047), np.int64(19364), np.int64(37987), np.int64(11386))","(0, 0, 0, 0, 0, 0, 1, 0, 0, 0, 1, 1, 0, 0, 0, 0, 0, 0, 0, 0, 1, 1, 1, 0, 0, 0, 0, 0, 0, 0, 0, 0, 0, 0, 0, 0, 0, 0, 0, 0, 0, 0, 0, 0, 0, 0, 0, 0, 0, 1)"
4.68057,50,354.860771,0,"(np.int64(5570), np.int64(23818), np.int64(8390), np.int64(5762), np.int64(738), np.int64(31089), np.int64(1396), np.int64(20053), np.int64(4100), np.int64(14034), np.int64(8732), np.int64(30774), np.int64(7926), np.int64(10637), np.int64(45036), np.int64(42572), np.int64(24950), np.int64(38526), np.int64(23860), np.int64(13505), np.int64(22078), np.int64(3652), np.int64(47235), np.int64(38213), np.int64(40977), np.int64(11077), np.int64(2109), np.int64(11108), np.int64(39186), np.int64(40263), np.int64(21391), np.int64(7273), np.int64(18814), np.int64(17173), np.int64(47220), np.int64(5499), np.int64(12977), np.int64(40601), np.int64(46571), np.int64(30219), np.int64(33178), np.int64(12210), np.int64(28215), np.int64(24958), np.int64(9398), np.int64(32083), np.int64(47753), np.int64(35092), np.int64(18275), np.int64(42318))","(0, 0, 0, 0, 0, 0, 0, 0, 0, 0, 1, 0, 0, 1, 0, 1, 0, 0, 0, 0, 0, 0, 0, 0, 0, 0, 1, 0, 0, 0, 1, 0, 0, 0, 0, 0, 0, 0, 0, 0, 0, 0, 0, 0, 1, 0, 0, 0, 0, 0)"
3.869192,92,355.853176,0,"(np.int64(2284), np.int64(41176), np.int64(43443), np.int64(46983), np.int64(27084), np.int64(42849), np.int64(22297), np.int64(20793), np.int64(35321), np.int64(29469), np.int64(47592), np.int64(25016), np.int64(44209), np.int64(23225), np.int64(24896), np.int64(44313), np.int64(19882), np.int64(31053), np.int64(44340), np.int64(13855), np.int64(31302), np.int64(11531), np.int64(35971), np.int64(40261), np.int64(38372), np.int64(2644), np.int64(32333), np.int64(47655), np.int64(3629), np.int64(27714), np.int64(16946), np.int64(3261), np.int64(19017), np.int64(11218), np.int64(39163), np.int64(36694), np.int64(30120), np.int64(43277), np.int64(46193), np.int64(16457), np.int64(19440), np.int64(7344), np.int64(47196), np.int64(2070), np.int64(697), np.int64(16297), np.int64(37299), np.int64(45789), np.int64(26907), np.int64(36029), np.int64(25295), np.int64(26777), np.int64(40121), np.int64(16444), np.int64(42348), np.int64(2897), np.int64(12085), np.int64(5484), np.int64(12980), np.int64(33573), np.int64(35063), np.int64(25811), np.int64(19228), np.int64(43129), np.int64(40230), np.int64(9661), np.int64(33742), np.int64(38374), np.int64(46778), np.int64(5226), np.int64(39618), np.int64(22172), np.int64(24135), np.int64(44835), np.int64(22198), np.int64(47775), np.int64(34602), np.int64(9976), np.int64(6857), np.int64(27146), np.int64(49311), np.int64(3368), np.int64(25789), np.int64(47021), np.int64(17542), np.int64(31379), np.int64(45334), np.int64(25318), np.int64(8269), np.int64(39885), np.int64(3685), np.int64(6317))","(0, 0, 0, 0, 1, 0, 0, 1, 0, 0, 0, 0, 0, 0, 0, 0, 0, 0, 0, 0, 0, 0, 0, 0, 0, 0, 0, 0, 0, 0, 1, 0, 0, 0, 0, 0, 0, 0, 0, 0, 0, 0, 0, 0, 0, 0, 0, 0, 0, 0, 0, 0, 0, 0, 0, 0, 0, 0, 0, 0, 0, 0, 0, 0, 0, 0, 0, 0, 0, 0, 0, 0, 0, 0, 0, 0, 0, 0, 0, 1, 0, 0, 0, 0, 0, 0, 0, 0, 0, 0, 0, 1)"
4.800191,50,356.400847,0,"(np.int64(17075), np.int64(29035), np.int64(28746), np.int64(30981), np.int64(1206), np.int64(49673), np.int64(3), np.int64(15795), np.int64(30639), np.int64(37117), np.int64(33758), np.int64(37901), np.int64(34123), np.int64(28311), np.int64(17035), np.int64(39507), np.int64(7542), np.int64(34768), np.int64(43435), np.int64(35776), np.int64(2946), np.int64(37665), np.int64(23326), np.int64(34966), np.int64(4190), np.int64(27934), np.int64(43785), np.int64(11009), np.int64(35293), np.int64(39829), np.int64(33029), np.int64(22169), np.int64(5998), np.int64(42986), np.int64(46490), np.int64(4997), np.int64(38631), np.int64(3140), np.int64(46220), np.int64(46848), np.int64(23223), np.int64(35702), np.int64(40799), np.int64(7755), np.int64(37256), np.int64(12124), np.int64(33720), np.int64(35710), np.int64(6466), np.int64(1801))","(1, 1, 0, 0, 0, 0, 0, 0, 0, 0, 0, 0, 0, 0, 0, 0, 1, 0, 0, 0, 0, 0, 0, 0, 0, 1, 0, 0, 0, 0, 0, 0, 0, 0, 0, 0, 0, 1, 0, 0, 0, 0, 0, 1, 0, 0, 0, 0, 0, 0)"
4.158142,50,356.948038,0,"(np.int64(2486), np.int64(9263), np.int64(36701), np.int64(15531), np.int64(34426), np.int64(43084), np.int64(45890), np.int64(12695), np.int64(38268), np.int64(19880), np.int64(36490), np.int64(554), np.int64(11141), np.int64(20632), np.int64(25882), np.int64(45470), np.int64(10636), np.int64(15650), np.int64(1505), np.int64(30866), np.int64(834), np.int64(20561), np.int64(29241), np.int64(9272), np.int64(24548), np.int64(916), np.int64(46106), np.int64(22279), np.int64(33609), np.int64(14245), np.int64(12823), np.int64(34817), np.int64(3133), np.int64(38996), np.int64(31398), np.int64(12735), np.int64(39357), np.int64(41578), np.int64(23779), np.int64(14889), np.int64(30851), np.int64(14666), np.int64(29275), np.int64(17252), np.int64(21329), np.int64(40622), np.int64(34839), np.int64(17511), np.int64(4045), np.int64(47915))","(0, 0, 0, 0, 0, 0, 0, 0, 0, 0, 1, 0, 0, 0, 0, 0, 0, 0, 0, 0, 1, 0, 0, 0, 0, 1, 1, 0, 0, 0, 1, 0, 0, 1, 0, 0, 0, 0, 0, 0, 0, 0, 0, 0, 0, 0, 0, 0, 0, 0)"
3.481422,50,357.496651,0,"(np.int64(29409), np.int64(46664), np.int64(39923), np.int64(42402), np.int64(13415), np.int64(24612), np.int64(37252), np.int64(4343), np.int64(1435), np.int64(22213), np.int64(8119), np.int64(31764), np.int64(21643), np.int64(4931), np.int64(1226), np.int64(16473), np.int64(34377), np.int64(3283), np.int64(34955), np.int64(25880), np.int64(6299), np.int64(5208), np.int64(41415), np.int64(19293), np.int64(4308), np.int64(25869), np.int64(22093), np.int64(18117), np.int64(23517), np.int64(21107), np.int64(19315), np.int64(17640), np.int64(42974), np.int64(3793), np.int64(38031), np.int64(34852), np.int64(16156), np.int64(43123), np.int64(6116), np.int64(5490), np.int64(37396), np.int64(37701), np.int64(23395), np.int64(35452), np.int64(40119), np.int64(6548), np.int64(41743), np.int64(45671), np.int64(44464), np.int64(46004))","(0, 0, 0, 0, 1, 1, 0, 0, 0, 0, 0, 0, 0, 0, 0, 1, 0, 0, 0, 0, 0, 0, 0, 0, 0, 0, 0, 0, 0, 0, 0, 0, 0, 0, 0, 0, 0, 0, 0, 0, 0, 0, 1, 0, 0, 0, 0, 1, 0, 0)"
4.001668,75,358.306369,0,"(np.int64(46769), np.int64(19968), np.int64(7751), np.int64(35347), np.int64(15443), np.int64(46052), np.int64(19572), np.int64(29051), np.int64(38396), np.int64(41053), np.int64(39542), np.int64(26494), np.int64(43469), np.int64(17323), np.int64(38315), np.int64(39097), np.int64(20904), np.int64(24880), np.int64(20611), np.int64(13648), np.int64(39566), np.int64(33632), np.int64(16385), np.int64(15059), np.int64(6719), np.int64(44954), np.int64(43379), np.int64(11920), np.int64(3800), np.int64(28950), np.int64(24185), np.int64(12758), np.int64(7995), np.int64(21511), np.int64(15356), np.int64(25087), np.int64(34920), np.int64(17364), np.int64(7509), np.int64(24009), np.int64(35482), np.int64(25123), np.int64(39931), np.int64(37058), np.int64(667), np.int64(7424), np.int64(47632), np.int64(29619), np.int64(46804), np.int64(39760), np.int64(39217), np.int64(2496), np.int64(35668), np.int64(15162), np.int64(17822), np.int64(10392), np.int64(15682), np.int64(23112), np.int64(20696), np.int64(48370), np.int64(43389), np.int64(8855), np.int64(9778), np.int64(19048), np.int64(19166), np.int64(44161), np.int64(39324), np.int64(27846), np.int64(29781), np.int64(42383), np.int64(39553), np.int64(28034), np.int64(37815), np.int64(40247), np.int64(18593))","(0, 0, 0, 0, 0, 0, 0, 0, 0, 0, 0, 0, 0, 0, 0, 0, 0, 0, 0, 0, 0, 0, 0, 0, 1, 0, 0, 0, 0, 0, 0, 0, 0, 0, 1, 1, 0, 0, 0, 0, 0, 0, 0, 0, 0, 0, 0, 0, 0, 0, 0, 0, 0, 0, 0, 0, 0, 0, 1, 0, 0, 0, 0, 0, 0, 0, 0, 0, 0, 0, 0, 0, 0, 0, 1)"
4.451095,47,358.814559,0,"(np.int64(25201), np.int64(30335), np.int64(42492), np.int64(49681), np.int64(15615), np.int64(40017), np.int64(45699), np.int64(43058), np.int64(15075), np.int64(29487), np.int64(39322), np.int64(31737), np.int64(40764), np.int64(2100), np.int64(25904), np.int64(47025), np.int64(10514), np.int64(25431), np.int64(18772), np.int64(49345), np.int64(27283), np.int64(37892), np.int64(42229), np.int64(16091), np.int64(41474), np.int64(38997), np.int64(42755), np.int64(6160), np.int64(32749), np.int64(36985), np.int64(5133), np.int64(4132), np.int64(42731), np.int64(90), np.int64(9093), np.int64(12549), np.int64(25292), np.int64(21841), np.int64(5497), np.int64(5616), np.int64(14897), np.int64(46091), np.int64(20864), np.int64(2241), np.int64(30923), np.int64(36796), np.int64(41253))","(0, 0, 0, 0, 1, 0, 0, 0, 1, 0, 0, 0, 0, 0, 0, 0, 0, 0, 0, 0, 0, 0, 0, 1, 1, 0, 0, 0, 0, 1, 0, 0, 0, 1, 0, 0, 0, 0, 0, 0, 0, 0, 0, 0, 0, 0, 0)"
3.726756,93,359.816738,0,"(np.int64(47087), np.int64(5300), np.int64(12521), np.int64(15758), np.int64(9628), np.int64(10307), np.int64(35155), np.int64(19996), np.int64(27805), np.int64(20781), np.int64(48549), np.int64(41922), np.int64(22421), np.int64(1673), np.int64(32265), np.int64(36388), np.int64(14746), np.int64(34334), np.int64(14088), np.int64(24209), np.int64(36588), np.int64(3273), np.int64(37930), np.int64(34488), np.int64(31057), np.int64(10722), np.int64(10694), np.int64(29042), np.int64(24880), np.int64(29786), np.int64(31885), np.int64(31266), np.int64(37486), np.int64(36013), np.int64(14540), np.int64(26094), np.int64(41258), np.int64(48428), np.int64(44005), np.int64(28565), np.int64(46517), np.int64(37821), np.int64(34583), np.int64(17528), np.int64(32262), np.int64(49394), np.int64(27051), np.int64(5614), np.int64(13898), np.int64(40758), np.int64(22922), np.int64(5901), np.int64(47524), np.int64(20604), np.int64(36987), np.int64(35654), np.int64(9988), np.int64(11005), np.int64(13100), np.int64(36531), np.int64(39911), np.int64(19650), np.int64(25874), np.int64(46317), np.int64(18788), np.int64(40100), np.int64(4947), np.int64(21076), np.int64(23391), np.int64(14700), np.int64(32514), np.int64(44180), np.int64(6155), np.int64(19291), np.int64(46167), np.int64(6736), np.int64(36950), np.int64(37), np.int64(43526), np.int64(20620), np.int64(17906), np.int64(42417), np.int64(9654), np.int64(15422), np.int64(17390), np.int64(12783), np.int64(679), np.int64(26552), np.int64(38534), np.int64(42209), np.int64(15626), np.int64(17073), np.int64(4261))","(0, 0, 0, 0, 0, 0, 0, 0, 0, 0, 0, 0, 0, 0, 0, 0, 1, 0, 0, 0, 0, 0, 0, 0, 0, 0, 0, 0, 0, 0, 0, 0, 0, 0, 0, 0, 0, 0, 0, 0, 0, 0, 0, 0, 1, 0, 0, 0, 0, 0, 0, 0, 0, 0, 0, 0, 0, 0, 0, 0, 0, 0, 0, 0, 0, 0, 0, 0, 0, 0, 0, 0, 1, 0, 0, 0, 0, 0, 0, 0, 0, 0, 0, 0, 0, 0, 1, 0, 0, 0, 0, 0, 1)"
3.783559,50,360.359883,0,"(np.int64(19108), np.int64(1052), np.int64(38100), np.int64(23123), np.int64(3423), np.int64(39055), np.int64(46182), np.int64(34106), np.int64(38601), np.int64(22069), np.int64(21852), np.int64(41955), np.int64(41482), np.int64(4217), np.int64(24227), np.int64(35372), np.int64(38098), np.int64(28697), np.int64(10936), np.int64(41228), np.int64(43857), np.int64(17692), np.int64(34649), np.int64(11908), np.int64(16351), np.int64(28926), np.int64(47846), np.int64(27053), np.int64(45631), np.int64(18902), np.int64(15542), np.int64(3268), np.int64(33403), np.int64(6149), np.int64(19643), np.int64(37338), np.int64(1288), np.int64(6255), np.int64(42074), np.int64(15525), np.int64(3492), np.int64(43261), np.int64(21603), np.int64(40139), np.int64(14767), np.int64(42675), np.int64(2928), np.int64(37289), np.int64(34471), np.int64(6505))","(0, 1, 0, 0, 0, 0, 0, 0, 0, 0, 0, 0, 0, 0, 0, 0, 0, 0, 0, 0, 0, 0, 0, 0, 1, 0, 0, 0, 0, 0, 0, 0, 1, 0, 0, 0, 1, 0, 0, 0, 0, 0, 0, 0, 0, 0, 0, 0, 0, 1)"
3.972343,79,361.221937,0,"(np.int64(2990), np.int64(49550), np.int64(19989), np.int64(42812), np.int64(46446), np.int64(26146), np.int64(32171), np.int64(38148), np.int64(41539), np.int64(36107), np.int64(25003), np.int64(46867), np.int64(32898), np.int64(43993), np.int64(20153), np.int64(24925), np.int64(44069), np.int64(9694), np.int64(39910), np.int64(41780), np.int64(34945), np.int64(21768), np.int64(446), np.int64(7821), np.int64(26882), np.int64(3670), np.int64(39724), np.int64(40731), np.int64(18373), np.int64(26550), np.int64(49212), np.int64(22275), np.int64(11813), np.int64(6231), np.int64(21382), np.int64(12969), np.int64(43636), np.int64(4765), np.int64(6287), np.int64(6611), np.int64(13187), np.int64(39562), np.int64(14641), np.int64(33404), np.int64(12120), np.int64(29055), np.int64(2990), np.int64(286), np.int64(29250), np.int64(7731), np.int64(49083), np.int64(22422), np.int64(1906), np.int64(42621), np.int64(16296), np.int64(26128), np.int64(28285), np.int64(41386), np.int64(13998), np.int64(48364), np.int64(14766), np.int64(31874), np.int64(30773), np.int64(35439), np.int64(12894), np.int64(19841), np.int64(33875), np.int64(25186), np.int64(38458), np.int64(10790), np.int64(16522), np.int64(38857), np.int64(31048), np.int64(8876), np.int64(48368), np.int64(4494), np.int64(9001), np.int64(30788), np.int64(17798))","(0, 0, 0, 0, 0, 0, 0, 0, 0, 0, 0, 0, 0, 0, 0, 1, 0, 0, 0, 0, 0, 0, 0, 0, 0, 0, 0, 0, 0, 1, 0, 0, 0, 1, 0, 0, 0, 0, 0, 0, 0, 0, 0, 0, 1, 0, 0, 0, 0, 0, 0, 0, 0, 0, 0, 0, 0, 0, 0, 0, 0, 0, 0, 0, 0, 0, 0, 0, 0, 0, 0, 0, 0, 0, 0, 0, 0, 0, 1)"
5.389411,50,361.767194,0,"(np.int64(17323), np.int64(47255), np.int64(26401), np.int64(40167), np.int64(30423), np.int64(43856), np.int64(36426), np.int64(34089), np.int64(1055), np.int64(36788), np.int64(35635), np.int64(18765), np.int64(23200), np.int64(30783), np.int64(27285), np.int64(43937), np.int64(27074), np.int64(8007), np.int64(22315), np.int64(89), np.int64(39458), np.int64(25261), np.int64(43777), np.int64(36132), np.int64(2859), np.int64(43184), np.int64(877), np.int64(8054), np.int64(39202), np.int64(10826), np.int64(32718), np.int64(42076), np.int64(34930), np.int64(1554), np.int64(1919), np.int64(4134), np.int64(30242), np.int64(47098), np.int64(19328), np.int64(11448), np.int64(13336), np.int64(31636), np.int64(21290), np.int64(37644), np.int64(42664), np.int64(7851), np.int64(25610), np.int64(23723), np.int64(30449), np.int64(34396))","(0, 0, 0, 0, 0, 0, 0, 0, 1, 0, 0, 0, 0, 0, 0, 0, 0, 0, 0, 0, 1, 0, 0, 0, 1, 0, 0, 0, 0, 0, 0, 0, 0, 0, 0, 1, 0, 0, 1, 0, 1, 0, 0, 0, 0, 0, 0, 1, 0, 0)"
3.692378,49,362.304974,0,"(np.int64(4406), np.int64(15536), np.int64(2180), np.int64(34117), np.int64(18568), np.int64(23955), np.int64(19827), np.int64(31597), np.int64(19498), np.int64(45425), np.int64(45381), np.int64(35373), np.int64(15345), np.int64(3844), np.int64(10320), np.int64(15470), np.int64(5967), np.int64(23211), np.int64(26392), np.int64(11363), np.int64(23798), np.int64(35606), np.int64(43088), np.int64(12763), np.int64(48665), np.int64(13255), np.int64(37048), np.int64(28301), np.int64(28064), np.int64(32141), np.int64(20407), np.int64(34361), np.int64(25840), np.int64(40581), np.int64(18014), np.int64(13860), np.int64(16480), np.int64(31106), np.int64(48496), np.int64(552), np.int64(44696), np.int64(26864), np.int64(20004), np.int64(6582), np.int64(46171), np.int64(9563), np.int64(7825), np.int64(17297), np.int64(47186))","(0, 1, 0, 0, 0, 0, 0, 0, 0, 0, 0, 0, 0, 0, 0, 1, 0, 0, 0, 0, 0, 0, 0, 0, 0, 0, 0, 0, 0, 0, 1, 0, 0, 0, 1, 0, 0, 0, 0, 0, 0, 0, 1, 0, 0, 0, 0, 0, 0)"
4.694907,50,362.85236,0,"(np.int64(8089), np.int64(14656), np.int64(24112), np.int64(22276), np.int64(7079), np.int64(48428), np.int64(134), np.int64(30552), np.int64(45348), np.int64(31278), np.int64(30104), np.int64(16064), np.int64(4511), np.int64(4225), np.int64(36203), np.int64(715), np.int64(19554), np.int64(14566), np.int64(31894), np.int64(23103), np.int64(25615), np.int64(10997), np.int64(21726), np.int64(19640), np.int64(32474), np.int64(7328), np.int64(32493), np.int64(45293), np.int64(14155), np.int64(12687), np.int64(26127), np.int64(24816), np.int64(19687), np.int64(32045), np.int64(31055), np.int64(11840), np.int64(35662), np.int64(39144), np.int64(32470), np.int64(33990), np.int64(32048), np.int64(26234), np.int64(4819), np.int64(9907), np.int64(16116), np.int64(38385), np.int64(38802), np.int64(7501), np.int64(12204), np.int64(1048))","(0, 0, 0, 0, 1, 0, 0, 0, 0, 0, 0, 0, 0, 0, 0, 0, 0, 0, 0, 0, 0, 1, 1, 1, 0, 0, 0, 0, 0, 0, 0, 0, 0, 0, 0, 0, 0, 0, 0, 0, 0, 1, 0, 0, 1, 0, 0, 0, 0, 0)"
3.618911,74,363.639779,0,"(np.int64(28959), np.int64(39563), np.int64(2243), np.int64(27388), np.int64(16537), np.int64(45454), np.int64(29060), np.int64(13539), np.int64(32980), np.int64(8619), np.int64(46697), np.int64(34706), np.int64(8317), np.int64(5869), np.int64(10812), np.int64(622), np.int64(21904), np.int64(38739), np.int64(4970), np.int64(47880), np.int64(42290), np.int64(25730), np.int64(26795), np.int64(10275), np.int64(34558), np.int64(7262), np.int64(45537), np.int64(42196), np.int64(23309), np.int64(35723), np.int64(15880), np.int64(48278), np.int64(925), np.int64(40244), np.int64(48866), np.int64(16505), np.int64(47221), np.int64(2728), np.int64(30022), np.int64(13734), np.int64(16787), np.int64(34786), np.int64(47964), np.int64(46708), np.int64(25293), np.int64(34089), np.int64(4189), np.int64(17488), np.int64(33221), np.int64(30265), np.int64(11162), np.int64(24551), np.int64(23571), np.int64(35054), np.int64(48543), np.int64(45031), np.int64(25607), np.int64(29588), np.int64(30421), np.int64(41740), np.int64(46173), np.int64(42292), np.int64(32091), np.int64(11638), np.int64(21099), np.int64(42060), np.int64(28108), np.int64(46507), np.int64(16264), np.int64(42104), np.int64(39859), np.int64(22772), np.int64(47419), np.int64(14970))","(0, 0, 0, 0, 0, 0, 0, 0, 0, 0, 0, 0, 0, 0, 0, 0, 0, 0, 0, 0, 0, 0, 0, 1, 0, 1, 0, 1, 0, 0, 0, 0, 0, 0, 0, 0, 0, 0, 0, 0, 0, 0, 0, 0, 0, 0, 0, 0, 0, 0, 0, 0, 1, 0, 0, 0, 0, 0, 0, 0, 0, 0, 0, 0, 0, 0, 0, 0, 0, 0, 0, 0, 0, 1)"
3.597876,85,364.555735,0,"(np.int64(6975), np.int64(44574), np.int64(36341), np.int64(19731), np.int64(14431), np.int64(46382), np.int64(18164), np.int64(47189), np.int64(7961), np.int64(27895), np.int64(17120), np.int64(43558), np.int64(19122), np.int64(4970), np.int64(15337), np.int64(36422), np.int64(48105), np.int64(36952), np.int64(33508), np.int64(36481), np.int64(29065), np.int64(24301), np.int64(20139), np.int64(33647), np.int64(23647), np.int64(19273), np.int64(48911), np.int64(16989), np.int64(19339), np.int64(13067), np.int64(24223), np.int64(32570), np.int64(40331), np.int64(32824), np.int64(34025), np.int64(36356), np.int64(43371), np.int64(32086), np.int64(39773), np.int64(42486), np.int64(49494), np.int64(22857), np.int64(21530), np.int64(15284), np.int64(47896), np.int64(36027), np.int64(41138), np.int64(1424), np.int64(31437), np.int64(31112), np.int64(47120), np.int64(1703), np.int64(85), np.int64(32291), np.int64(25902), np.int64(15686), np.int64(3983), np.int64(12922), np.int64(48231), np.int64(41820), np.int64(18230), np.int64(47237), np.int64(47700), np.int64(19008), np.int64(43333), np.int64(14543), np.int64(19285), np.int64(32340), np.int64(2280), np.int64(16770), np.int64(10392), np.int64(27172), np.int64(16811), np.int64(25404), np.int64(4738), np.int64(33685), np.int64(19109), np.int64(45719), np.int64(31219), np.int64(21231), np.int64(3984), np.int64(12984), np.int64(49865), np.int64(24615), np.int64(37405))","(0, 0, 0, 0, 0, 0, 0, 0, 0, 0, 0, 0, 0, 0, 0, 0, 0, 0, 0, 1, 0, 0, 0, 0, 0, 0, 0, 0, 0, 0, 0, 1, 0, 0, 0, 0, 0, 0, 0, 0, 0, 0, 0, 0, 0, 0, 0, 0, 0, 0, 0, 0, 0, 0, 0, 0, 0, 1, 0, 0, 0, 0, 0, 0, 0, 0, 0, 0, 0, 0, 0, 0, 1, 0, 0, 0, 0, 0, 0, 0, 0, 0, 0, 0, 1)"
3.770623,49,365.093166,0,"(np.int64(28640), np.int64(42772), np.int64(40501), np.int64(31546), np.int64(46888), np.int64(967), np.int64(45525), np.int64(42636), np.int64(4312), np.int64(12873), np.int64(34910), np.int64(24271), np.int64(14609), np.int64(3994), np.int64(3089), np.int64(45612), np.int64(33183), np.int64(28191), np.int64(2757), np.int64(40889), np.int64(19009), np.int64(27155), np.int64(19284), np.int64(1123), np.int64(25719), np.int64(45074), np.int64(25887), np.int64(41811), np.int64(2298), np.int64(19678), np.int64(26934), np.int64(14378), np.int64(26762), np.int64(30389), np.int64(26253), np.int64(43031), np.int64(14858), np.int64(10803), np.int64(30585), np.int64(36694), np.int64(5535), np.int64(15192), np.int64(33460), np.int64(47830), np.int64(1735), np.int64(9546), np.int64(20858), np.int64(21212), np.int64(49551))","(0, 0, 0, 0, 0, 0, 0, 0, 0, 0, 0, 0, 0, 0, 0, 0, 0, 0, 0, 0, 0, 0, 0, 0, 0, 0, 1, 0, 1, 0, 0, 0, 0, 0, 0, 0, 1, 0, 0, 0, 0, 0, 0, 0, 0, 1, 1, 0, 0)"
3.934055,56,365.702111,0,"(np.int64(40068), np.int64(16901), np.int64(19024), np.int64(37213), np.int64(43941), np.int64(45292), np.int64(17889), np.int64(12603), np.int64(34717), np.int64(40483), np.int64(11713), np.int64(30387), np.int64(11338), np.int64(1168), np.int64(39872), np.int64(29082), np.int64(26955), np.int64(11578), np.int64(16115), np.int64(34785), np.int64(39550), np.int64(32927), np.int64(6072), np.int64(5469), np.int64(27664), np.int64(46032), np.int64(36322), np.int64(21059), np.int64(39816), np.int64(46675), np.int64(12378), np.int64(46875), np.int64(8938), np.int64(42618), np.int64(19603), np.int64(18874), np.int64(22900), np.int64(5363), np.int64(2749), np.int64(49348), np.int64(45808), np.int64(48248), np.int64(1856), np.int64(42403), np.int64(15063), np.int64(40589), np.int64(1252), np.int64(41722), np.int64(29749), np.int64(36819), np.int64(2220), np.int64(47847), np.int64(31003), np.int64(16139), np.int64(360), np.int64(16376))","(0, 0, 0, 0, 0, 0, 0, 0, 0, 0, 1, 0, 0, 0, 0, 0, 0, 0, 0, 0, 0, 0, 1, 1, 0, 0, 1, 0, 0, 0, 0, 0, 0, 0, 0, 0, 0, 0, 0, 0, 0, 0, 0, 0, 0, 0, 0, 0, 0, 0, 0, 0, 0, 0, 0, 1)"
3.728767,50,366.248989,0,"(np.int64(18546), np.int64(8708), np.int64(5429), np.int64(32452), np.int64(46102), np.int64(7096), np.int64(33949), np.int64(20712), np.int64(19696), np.int64(29124), np.int64(40293), np.int64(4572), np.int64(33112), np.int64(7319), np.int64(32686), np.int64(48549), np.int64(26019), np.int64(45379), np.int64(29965), np.int64(43762), np.int64(8925), np.int64(1820), np.int64(38543), np.int64(10952), np.int64(22794), np.int64(34796), np.int64(43662), np.int64(11986), np.int64(18600), np.int64(14688), np.int64(33620), np.int64(4577), np.int64(41107), np.int64(5788), np.int64(23339), np.int64(17645), np.int64(15496), np.int64(17625), np.int64(26656), np.int64(37937), np.int64(5362), np.int64(12062), np.int64(45174), np.int64(16928), np.int64(40105), np.int64(44909), np.int64(19164), np.int64(48127), np.int64(16987), np.int64(30206))","(1, 0, 0, 0, 0, 0, 0, 0, 0, 0, 0, 0, 0, 0, 0, 0, 0, 0, 0, 0, 0, 0, 0, 0, 0, 0, 0, 1, 0, 0, 1, 0, 0, 1, 1, 0, 0, 0, 0, 0, 0, 0, 0, 0, 0, 0, 0, 0, 0, 0)"
3.773704,50,366.79366,0,"(np.int64(15300), np.int64(25612), np.int64(4612), np.int64(30683), np.int64(43812), np.int64(12183), np.int64(44835), np.int64(35325), np.int64(26784), np.int64(19961), np.int64(3368), np.int64(10294), np.int64(31995), np.int64(9874), np.int64(39660), np.int64(24311), np.int64(48542), np.int64(48768), np.int64(34566), np.int64(28703), np.int64(6686), np.int64(44584), np.int64(17786), np.int64(39027), np.int64(48941), np.int64(20632), np.int64(18277), np.int64(25071), np.int64(49479), np.int64(12123), np.int64(10057), np.int64(12497), np.int64(48707), np.int64(6780), np.int64(10554), np.int64(27373), np.int64(14630), np.int64(46651), np.int64(22723), np.int64(25545), np.int64(26091), np.int64(19547), np.int64(11163), np.int64(35191), np.int64(33055), np.int64(18527), np.int64(11657), np.int64(44713), np.int64(10997), np.int64(44712))","(1, 1, 0, 0, 0, 0, 0, 0, 0, 0, 0, 0, 0, 0, 0, 0, 1, 0, 0, 0, 0, 0, 0, 0, 0, 0, 0, 0, 0, 0, 0, 0, 0, 0, 0, 0, 0, 0, 0, 0, 0, 0, 1, 0, 0, 0, 0, 0, 1, 0)"
3.979641,50,367.344007,0,"(np.int64(12284), np.int64(15515), np.int64(27875), np.int64(442), np.int64(11315), np.int64(27307), np.int64(46183), np.int64(46039), np.int64(13854), np.int64(4079), np.int64(41383), np.int64(23759), np.int64(29655), np.int64(8892), np.int64(47627), np.int64(41975), np.int64(21194), np.int64(33066), np.int64(15518), np.int64(6030), np.int64(20698), np.int64(25979), np.int64(12134), np.int64(17589), np.int64(46978), np.int64(30047), np.int64(2350), np.int64(6289), np.int64(23946), np.int64(41713), np.int64(44314), np.int64(25061), np.int64(35556), np.int64(6838), np.int64(16747), np.int64(27402), np.int64(43501), np.int64(9814), np.int64(36061), np.int64(21316), np.int64(18779), np.int64(22146), np.int64(31600), np.int64(27436), np.int64(5178), np.int64(29381), np.int64(37631), np.int64(30941), np.int64(17621), np.int64(8890))","(0, 0, 0, 0, 0, 0, 0, 0, 0, 0, 0, 0, 0, 0, 0, 0, 1, 0, 0, 0, 0, 0, 0, 0, 0, 0, 1, 1, 0, 0, 0, 0, 0, 0, 0, 0, 0, 1, 0, 0, 0, 0, 0, 0, 0, 1, 0, 0, 0, 0)"
6.791236,50,367.892506,0,"(np.int64(29951), np.int64(7864), np.int64(34074), np.int64(13422), np.int64(23758), np.int64(42459), np.int64(16088), np.int64(24203), np.int64(11287), np.int64(4887), np.int64(49520), np.int64(21843), np.int64(36631), np.int64(27280), np.int64(20414), np.int64(12346), np.int64(12136), np.int64(35920), np.int64(33575), np.int64(9711), np.int64(40620), np.int64(17305), np.int64(37043), np.int64(8289), np.int64(3531), np.int64(39200), np.int64(23831), np.int64(18885), np.int64(31379), np.int64(36427), np.int64(1504), np.int64(32789), np.int64(11872), np.int64(36482), np.int64(1537), np.int64(30432), np.int64(15817), np.int64(49923), np.int64(39274), np.int64(17520), np.int64(31434), np.int64(42212), np.int64(5080), np.int64(45637), np.int64(13554), np.int64(12964), np.int64(45063), np.int64(32554), np.int64(30035), np.int64(8010))","(0, 0, 0, 0, 1, 1, 0, 0, 0, 0, 0, 0, 0, 0, 1, 0, 0, 0, 0, 1, 0, 0, 1, 0, 0, 0, 1, 0, 0, 0, 0, 0, 1, 0, 0, 0, 0, 0, 0, 0, 0, 0, 0, 0, 1, 1, 0, 0, 0, 0)"
3.978451,35,368.277666,0,"(np.int64(39344), np.int64(17361), np.int64(14671), np.int64(45960), np.int64(31406), np.int64(24157), np.int64(40237), np.int64(24712), np.int64(44527), np.int64(12710), np.int64(9934), np.int64(14956), np.int64(14305), np.int64(1013), np.int64(238), np.int64(16945), np.int64(41890), np.int64(37170), np.int64(23326), np.int64(33802), np.int64(17921), np.int64(32935), np.int64(32877), np.int64(47770), np.int64(455), np.int64(23925), np.int64(13639), np.int64(32024), np.int64(24353), np.int64(6370), np.int64(10491), np.int64(17226), np.int64(23853), np.int64(5537), np.int64(48908))","(0, 0, 0, 0, 0, 0, 0, 0, 0, 0, 0, 0, 1, 0, 0, 0, 0, 0, 0, 0, 0, 0, 0, 0, 0, 1, 0, 0, 1, 0, 0, 1, 0, 1, 0)"
3.901178,51,368.839266,0,"(np.int64(24969), np.int64(7700), np.int64(40188), np.int64(9042), np.int64(18806), np.int64(4843), np.int64(6137), np.int64(703), np.int64(34067), np.int64(22039), np.int64(13163), np.int64(11402), np.int64(8116), np.int64(40801), np.int64(6021), np.int64(48212), np.int64(10573), np.int64(45735), np.int64(35392), np.int64(23025), np.int64(5114), np.int64(18193), np.int64(33397), np.int64(17211), np.int64(7435), np.int64(27632), np.int64(8409), np.int64(18334), np.int64(13627), np.int64(44836), np.int64(5271), np.int64(20634), np.int64(20106), np.int64(37076), np.int64(20545), np.int64(46358), np.int64(34464), np.int64(19924), np.int64(17088), np.int64(44919), np.int64(46968), np.int64(49411), np.int64(45358), np.int64(43928), np.int64(45813), np.int64(8261), np.int64(44095), np.int64(18260), np.int64(39508), np.int64(27136), np.int64(7527))","(0, 0, 0, 0, 0, 0, 0, 0, 1, 0, 0, 0, 0, 0, 0, 0, 0, 0, 0, 0, 0, 0, 0, 0, 1, 0, 0, 1, 1, 0, 0, 0, 0, 0, 0, 0, 0, 0, 0, 0, 0, 0, 0, 0, 0, 0, 0, 0, 0, 0, 1)"
3.894141,62,369.500469,0,"(np.int64(5266), np.int64(40632), np.int64(39447), np.int64(35978), np.int64(19095), np.int64(41639), np.int64(45695), np.int64(35025), np.int64(8619), np.int64(49455), np.int64(36373), np.int64(31479), np.int64(4179), np.int64(48309), np.int64(27081), np.int64(19915), np.int64(49734), np.int64(35214), np.int64(48612), np.int64(23117), np.int64(43884), np.int64(12255), np.int64(8594), np.int64(37424), np.int64(13303), np.int64(35309), np.int64(39076), np.int64(29297), np.int64(17578), np.int64(27443), np.int64(3990), np.int64(1082), np.int64(19153), np.int64(43436), np.int64(11681), np.int64(33889), np.int64(49081), np.int64(5982), np.int64(7818), np.int64(33347), np.int64(18409), np.int64(43451), np.int64(13978), np.int64(43493), np.int64(30786), np.int64(23897), np.int64(19735), np.int64(6323), np.int64(14509), np.int64(21907), np.int64(23981), np.int64(37876), np.int64(28385), np.int64(41690), np.int64(37222), np.int64(25914), np.int64(45434), np.int64(45239), np.int64(43526), np.int64(11695), np.int64(40511), np.int64(23443))","(0, 0, 0, 0, 0, 0, 0, 0, 0, 0, 0, 0, 0, 1, 0, 0, 0, 0, 0, 0, 0, 0, 1, 0, 0, 0, 0, 0, 0, 0, 0, 0, 0, 0, 1, 0, 0, 0, 0, 0, 0, 0, 0, 0, 0, 0, 0, 1, 0, 0, 0, 0, 0, 0, 0, 0, 0, 0, 0, 0, 0, 1)"
4.467599,50,370.042766,0,"(np.int64(39469), np.int64(46810), np.int64(39447), np.int64(46860), np.int64(28282), np.int64(26837), np.int64(36591), np.int64(48778), np.int64(38580), np.int64(2905), np.int64(26718), np.int64(6422), np.int64(15206), np.int64(11747), np.int64(31392), np.int64(14085), np.int64(20546), np.int64(41725), np.int64(17290), np.int64(44618), np.int64(10634), np.int64(31770), np.int64(26055), np.int64(26174), np.int64(19404), np.int64(47230), np.int64(49835), np.int64(46136), np.int64(9671), np.int64(23599), np.int64(32725), np.int64(15132), np.int64(18483), np.int64(22648), np.int64(9629), np.int64(44099), np.int64(21108), np.int64(37375), np.int64(28615), np.int64(15295), np.int64(31471), np.int64(20908), np.int64(21437), np.int64(23040), np.int64(37744), np.int64(26557), np.int64(3847), np.int64(8387), np.int64(35628), np.int64(8190))","(0, 0, 0, 0, 0, 0, 0, 1, 0, 0, 0, 0, 0, 0, 0, 1, 0, 0, 0, 0, 1, 0, 0, 0, 0, 0, 0, 0, 0, 0, 0, 0, 0, 0, 1, 0, 0, 0, 0, 0, 0, 0, 0, 0, 1, 0, 1, 0, 0, 0)"
4.503112,50,370.588815,0,"(np.int64(38974), np.int64(17783), np.int64(37200), np.int64(1570), np.int64(27933), np.int64(7323), np.int64(29988), np.int64(23578), np.int64(4585), np.int64(48429), np.int64(37646), np.int64(37358), np.int64(44938), np.int64(36154), np.int64(48828), np.int64(36468), np.int64(16480), np.int64(16389), np.int64(46697), np.int64(24131), np.int64(31113), np.int64(45703), np.int64(16719), np.int64(11628), np.int64(49754), np.int64(34595), np.int64(7140), np.int64(35948), np.int64(21166), np.int64(3348), np.int64(26578), np.int64(25404), np.int64(18994), np.int64(44208), np.int64(35223), np.int64(36607), np.int64(46575), np.int64(12313), np.int64(21404), np.int64(12977), np.int64(48731), np.int64(49458), np.int64(26880), np.int64(2178), np.int64(37315), np.int64(3485), np.int64(37119), np.int64(29320), np.int64(22713), np.int64(47374))","(0, 0, 0, 0, 1, 0, 0, 1, 0, 0, 1, 0, 0, 0, 0, 1, 0, 0, 0, 0, 0, 0, 0, 0, 0, 0, 0, 0, 0, 0, 0, 0, 0, 0, 0, 0, 0, 0, 1, 0, 0, 0, 1, 0, 0, 0, 0, 0, 0, 0)"
3.829327,65,371.298742,0,"(np.int64(25630), np.int64(30419), np.int64(20188), np.int64(15555), np.int64(26415), np.int64(13702), np.int64(36283), np.int64(8735), np.int64(6952), np.int64(31898), np.int64(18538), np.int64(38567), np.int64(38512), np.int64(22684), np.int64(20692), np.int64(12153), np.int64(13537), np.int64(47242), np.int64(30317), np.int64(46496), np.int64(13898), np.int64(45153), np.int64(16825), np.int64(37948), np.int64(9608), np.int64(23584), np.int64(30866), np.int64(34726), np.int64(12973), np.int64(31837), np.int64(7289), np.int64(30528), np.int64(49313), np.int64(36870), np.int64(20562), np.int64(26464), np.int64(1651), np.int64(11170), np.int64(35892), np.int64(1074), np.int64(9108), np.int64(48756), np.int64(14340), np.int64(23993), np.int64(13395), np.int64(30011), np.int64(14657), np.int64(28834), np.int64(2217), np.int64(21695), np.int64(25853), np.int64(43765), np.int64(46375), np.int64(16713), np.int64(20071), np.int64(49599), np.int64(43990), np.int64(2450), np.int64(5064), np.int64(15948), np.int64(27532), np.int64(25065), np.int64(20258), np.int64(16720), np.int64(20866))","(0, 0, 0, 0, 0, 0, 0, 0, 0, 1, 0, 0, 0, 0, 1, 1, 0, 0, 0, 0, 0, 0, 0, 0, 0, 0, 0, 0, 0, 0, 0, 0, 0, 0, 1, 0, 0, 0, 0, 0, 0, 0, 0, 0, 0, 0, 0, 0, 0, 0, 0, 0, 0, 0, 0, 0, 0, 0, 0, 0, 0, 0, 0, 0, 1)"
3.91402,87,372.240976,0,"(np.int64(49349), np.int64(42675), np.int64(12257), np.int64(12946), np.int64(14039), np.int64(18821), np.int64(26874), np.int64(26494), np.int64(22669), np.int64(39966), np.int64(47398), np.int64(37293), np.int64(5135), np.int64(8199), np.int64(582), np.int64(43032), np.int64(11184), np.int64(3819), np.int64(24986), np.int64(21299), np.int64(10180), np.int64(27390), np.int64(37700), np.int64(14337), np.int64(8105), np.int64(5041), np.int64(17513), np.int64(43675), np.int64(15474), np.int64(23896), np.int64(14751), np.int64(32189), np.int64(43105), np.int64(47516), np.int64(8788), np.int64(45585), np.int64(48522), np.int64(32308), np.int64(30189), np.int64(1556), np.int64(18753), np.int64(42558), np.int64(5858), np.int64(34327), np.int64(5339), np.int64(10060), np.int64(47216), np.int64(40826), np.int64(9073), np.int64(40762), np.int64(35685), np.int64(44119), np.int64(11397), np.int64(16471), np.int64(4200), np.int64(49391), np.int64(23967), np.int64(9902), np.int64(45694), np.int64(35623), np.int64(46519), np.int64(11374), np.int64(22524), np.int64(36729), np.int64(7691), np.int64(9347), np.int64(8982), np.int64(4626), np.int64(15329), np.int64(19237), np.int64(38047), np.int64(37560), np.int64(47325), np.int64(30415), np.int64(13892), np.int64(9486), np.int64(30964), np.int64(8444), np.int64(39610), np.int64(19557), np.int64(35782), np.int64(12298), np.int64(42865), np.int64(14733), np.int64(34628), np.int64(49559), np.int64(33030))","(0, 0, 0, 0, 0, 0, 0, 0, 0, 0, 0, 0, 0, 0, 0, 0, 0, 0, 0, 0, 0, 0, 0, 0, 0, 0, 0, 0, 0, 0, 0, 0, 0, 0, 1, 0, 0, 0, 0, 0, 1, 0, 0, 0, 0, 0, 0, 0, 0, 0, 0, 0, 0, 0, 0, 0, 1, 0, 0, 0, 0, 0, 0, 0, 0, 0, 0, 0, 0, 0, 0, 0, 0, 0, 0, 0, 0, 0, 0, 1, 0, 0, 0, 0, 0, 0, 1)"
3.785752,59,372.882598,0,"(np.int64(48085), np.int64(4348), np.int64(1970), np.int64(47001), np.int64(9768), np.int64(6635), np.int64(13826), np.int64(14678), np.int64(41243), np.int64(25863), np.int64(5871), np.int64(41047), np.int64(18982), np.int64(35794), np.int64(48751), np.int64(35842), np.int64(18563), np.int64(6724), np.int64(39211), np.int64(17526), np.int64(39682), np.int64(40188), np.int64(26624), np.int64(36045), np.int64(32518), np.int64(12881), np.int64(15056), np.int64(26713), np.int64(26625), np.int64(45544), np.int64(13779), np.int64(18099), np.int64(46894), np.int64(37718), np.int64(24767), np.int64(30574), np.int64(1825), np.int64(39812), np.int64(12862), np.int64(2043), np.int64(45268), np.int64(11822), np.int64(4730), np.int64(44725), np.int64(27584), np.int64(32763), np.int64(42878), np.int64(18033), np.int64(33443), np.int64(22388), np.int64(10002), np.int64(544), np.int64(39103), np.int64(16503), np.int64(42292), np.int64(10649), np.int64(8324), np.int64(24397), np.int64(4480))","(0, 0, 0, 0, 0, 0, 0, 0, 0, 0, 0, 0, 0, 0, 0, 0, 0, 1, 0, 0, 0, 0, 0, 0, 1, 0, 0, 0, 0, 0, 0, 0, 0, 0, 0, 0, 0, 0, 0, 0, 0, 1, 0, 0, 0, 0, 0, 0, 0, 0, 0, 0, 0, 0, 0, 1, 0, 0, 1)"
4.213233,50,373.429528,0,"(np.int64(17487), np.int64(44998), np.int64(43722), np.int64(7900), np.int64(37282), np.int64(20491), np.int64(36276), np.int64(9176), np.int64(34414), np.int64(26837), np.int64(16893), np.int64(30906), np.int64(12008), np.int64(24849), np.int64(1414), np.int64(2381), np.int64(6391), np.int64(28309), np.int64(46482), np.int64(26711), np.int64(14650), np.int64(7695), np.int64(9927), np.int64(43483), np.int64(16296), np.int64(42092), np.int64(13882), np.int64(23834), np.int64(44135), np.int64(35217), np.int64(4619), np.int64(18423), np.int64(5368), np.int64(26490), np.int64(2816), np.int64(43723), np.int64(41425), np.int64(47266), np.int64(36045), np.int64(20801), np.int64(42198), np.int64(3335), np.int64(15989), np.int64(6604), np.int64(45050), np.int64(8159), np.int64(13268), np.int64(33968), np.int64(48738), np.int64(43319))","(0, 0, 0, 0, 0, 0, 1, 0, 1, 0, 1, 0, 0, 0, 0, 0, 0, 0, 0, 0, 0, 0, 0, 1, 0, 0, 0, 0, 1, 0, 0, 0, 0, 0, 0, 0, 0, 0, 0, 0, 0, 0, 0, 1, 0, 0, 0, 0, 0, 0)"
4.446128,50,373.970766,0,"(np.int64(28383), np.int64(2065), np.int64(3594), np.int64(34509), np.int64(47888), np.int64(4223), np.int64(24075), np.int64(10521), np.int64(5398), np.int64(29393), np.int64(22609), np.int64(13455), np.int64(6183), np.int64(26212), np.int64(33302), np.int64(25795), np.int64(20625), np.int64(43165), np.int64(31688), np.int64(17574), np.int64(25898), np.int64(12701), np.int64(15068), np.int64(29471), np.int64(16046), np.int64(49810), np.int64(47638), np.int64(7896), np.int64(32727), np.int64(20075), np.int64(35638), np.int64(22045), np.int64(35974), np.int64(28194), np.int64(30305), np.int64(41721), np.int64(43457), np.int64(31517), np.int64(45646), np.int64(37210), np.int64(43279), np.int64(5377), np.int64(43563), np.int64(765), np.int64(27520), np.int64(33235), np.int64(6540), np.int64(31306), np.int64(30920), np.int64(48821))","(0, 0, 0, 0, 0, 0, 0, 0, 0, 0, 0, 0, 0, 1, 0, 0, 0, 0, 0, 0, 0, 1, 0, 1, 0, 0, 0, 0, 0, 0, 0, 0, 0, 0, 0, 0, 0, 0, 1, 0, 0, 0, 0, 0, 0, 0, 0, 1, 0, 1)"
4.001929,50,374.51368,0,"(np.int64(25761), np.int64(40950), np.int64(29271), np.int64(36194), np.int64(44881), np.int64(14852), np.int64(44975), np.int64(48862), np.int64(47410), np.int64(29379), np.int64(34711), np.int64(33631), np.int64(10331), np.int64(9289), np.int64(4633), np.int64(38941), np.int64(46450), np.int64(3225), np.int64(11735), np.int64(15196), np.int64(18841), np.int64(33461), np.int64(10082), np.int64(9501), np.int64(19951), np.int64(8007), np.int64(24676), np.int64(22797), np.int64(7850), np.int64(45349), np.int64(18312), np.int64(12581), np.int64(47378), np.int64(47323), np.int64(41120), np.int64(34727), np.int64(13620), np.int64(47443), np.int64(4290), np.int64(274), np.int64(20167), np.int64(43339), np.int64(986), np.int64(46974), np.int64(47228), np.int64(9678), np.int64(1282), np.int64(27037), np.int64(12053), np.int64(29003))","(0, 0, 0, 0, 0, 0, 0, 0, 0, 0, 0, 0, 0, 0, 1, 0, 0, 0, 0, 0, 0, 0, 0, 0, 1, 0, 0, 0, 1, 0, 0, 0, 0, 0, 0, 0, 0, 0, 0, 0, 1, 0, 1, 0, 0, 0, 0, 0, 0, 0)"
3.616524,57,375.134351,0,"(np.int64(29178), np.int64(18498), np.int64(25815), np.int64(41075), np.int64(32594), np.int64(20747), np.int64(31193), np.int64(19398), np.int64(20464), np.int64(47199), np.int64(2261), np.int64(23558), np.int64(28053), np.int64(29599), np.int64(12221), np.int64(42415), np.int64(4997), np.int64(16293), np.int64(28827), np.int64(35007), np.int64(31227), np.int64(48477), np.int64(10490), np.int64(13122), np.int64(33319), np.int64(34751), np.int64(25181), np.int64(44212), np.int64(32990), np.int64(9360), np.int64(9974), np.int64(37113), np.int64(44030), np.int64(46439), np.int64(33894), np.int64(44485), np.int64(15104), np.int64(27755), np.int64(12906), np.int64(46704), np.int64(28578), np.int64(4844), np.int64(40605), np.int64(18963), np.int64(10560), np.int64(48137), np.int64(160), np.int64(32596), np.int64(17214), np.int64(39950), np.int64(3534), np.int64(18361), np.int64(24543), np.int64(35246), np.int64(36060), np.int64(29478), np.int64(41863))","(0, 0, 0, 0, 0, 1, 1, 0, 0, 0, 0, 0, 0, 0, 0, 0, 0, 0, 1, 0, 0, 0, 0, 0, 0, 0, 0, 0, 0, 0, 0, 0, 0, 0, 0, 0, 1, 0, 0, 0, 0, 0, 0, 0, 0, 0, 0, 0, 0, 0, 0, 0, 0, 0, 0, 0, 1)"
4.548024,50,375.676918,0,"(np.int64(36742), np.int64(13427), np.int64(44584), np.int64(41369), np.int64(44229), np.int64(4342), np.int64(6744), np.int64(45280), np.int64(47287), np.int64(36499), np.int64(1502), np.int64(43285), np.int64(35689), np.int64(32692), np.int64(9107), np.int64(19248), np.int64(14048), np.int64(1242), np.int64(3326), np.int64(3187), np.int64(33105), np.int64(38204), np.int64(49393), np.int64(3121), np.int64(14179), np.int64(38067), np.int64(30171), np.int64(24937), np.int64(1462), np.int64(11365), np.int64(10730), np.int64(37184), np.int64(31591), np.int64(1026), np.int64(36479), np.int64(5589), np.int64(10416), np.int64(19033), np.int64(28726), np.int64(16523), np.int64(29884), np.int64(12990), np.int64(7033), np.int64(2551), np.int64(20780), np.int64(25898), np.int64(23322), np.int64(25579), np.int64(31589), np.int64(9241))","(0, 0, 0, 0, 0, 0, 0, 0, 0, 0, 0, 0, 0, 1, 0, 0, 0, 1, 0, 0, 1, 0, 0, 1, 0, 0, 0, 0, 0, 0, 0, 0, 1, 0, 0, 0, 0, 0, 1, 0, 0, 0, 0, 0, 0, 0, 0, 0, 0, 0)"
3.560566,107,376.981388,0,"(np.int64(49308), np.int64(9861), np.int64(36500), np.int64(14573), np.int64(36677), np.int64(5509), np.int64(21541), np.int64(26094), np.int64(35288), np.int64(39100), np.int64(29605), np.int64(26606), np.int64(43546), np.int64(35706), np.int64(14186), np.int64(34946), np.int64(46445), np.int64(41365), np.int64(38097), np.int64(25192), np.int64(22633), np.int64(14958), np.int64(30130), np.int64(37335), np.int64(4858), np.int64(31387), np.int64(650), np.int64(8817), np.int64(38868), np.int64(22697), np.int64(4083), np.int64(45150), np.int64(37713), np.int64(29228), np.int64(18381), np.int64(20575), np.int64(28414), np.int64(31857), np.int64(23734), np.int64(49445), np.int64(34710), np.int64(1233), np.int64(49644), np.int64(1091), np.int64(38949), np.int64(47610), np.int64(34237), np.int64(35055), np.int64(47783), np.int64(45533), np.int64(43803), np.int64(47486), np.int64(43544), np.int64(16066), np.int64(13043), np.int64(23196), np.int64(6548), np.int64(28946), np.int64(23855), np.int64(2828), np.int64(4109), np.int64(4810), np.int64(15638), np.int64(26142), np.int64(15453), np.int64(18955), np.int64(8962), np.int64(13810), np.int64(295), np.int64(26092), np.int64(42717), np.int64(40654), np.int64(7358), np.int64(33340), np.int64(22892), np.int64(46933), np.int64(24881), np.int64(35577), np.int64(33652), np.int64(38177), np.int64(29146), np.int64(30136), np.int64(3963), np.int64(29615), np.int64(42063), np.int64(29812), np.int64(32219), np.int64(40056), np.int64(28532), np.int64(3196), np.int64(25365), np.int64(2654), np.int64(41033), np.int64(15963), np.int64(32782), np.int64(20525), np.int64(23395), np.int64(1371), np.int64(19015), np.int64(12213), np.int64(21921), np.int64(3368), np.int64(31873), np.int64(34453), np.int64(44666), np.int64(29470), np.int64(10315))","(0, 0, 0, 0, 0, 0, 0, 0, 0, 0, 0, 0, 0, 0, 0, 0, 0, 0, 0, 1, 0, 0, 0, 0, 0, 0, 0, 0, 0, 0, 1, 0, 0, 0, 0, 0, 0, 0, 0, 0, 0, 0, 0, 0, 0, 0, 0, 0, 0, 0, 0, 0, 0, 0, 0, 0, 0, 0, 0, 0, 0, 0, 0, 0, 1, 0, 0, 0, 0, 0, 0, 0, 0, 0, 0, 0, 0, 0, 0, 0, 0, 0, 0, 0, 0, 0, 0, 0, 0, 0, 0, 0, 0, 0, 0, 0, 1, 0, 0, 0, 0, 0, 0, 0, 0, 0, 1)"
3.971846,35,377.367429,0,"(np.int64(14147), np.int64(19723), np.int64(44059), np.int64(10361), np.int64(20191), np.int64(12831), np.int64(42800), np.int64(20258), np.int64(13441), np.int64(17342), np.int64(28272), np.int64(10352), np.int64(37210), np.int64(11999), np.int64(2509), np.int64(36181), np.int64(39776), np.int64(13556), np.int64(17189), np.int64(37762), np.int64(16883), np.int64(9143), np.int64(15374), np.int64(1372), np.int64(32571), np.int64(13486), np.int64(10500), np.int64(14374), np.int64(43080), np.int64(18064), np.int64(23759), np.int64(8916), np.int64(16453), np.int64(2300), np.int64(41599))","(0, 0, 0, 1, 0, 0, 0, 0, 0, 0, 0, 0, 0, 0, 0, 1, 0, 0, 0, 0, 1, 0, 0, 1, 0, 0, 0, 1, 0, 0, 0, 0, 0, 0, 0)"
5.32853,50,377.91099,0,"(np.int64(16918), np.int64(200), np.int64(1584), np.int64(49686), np.int64(44195), np.int64(49342), np.int64(34600), np.int64(19510), np.int64(32661), np.int64(19570), np.int64(34764), np.int64(38627), np.int64(5133), np.int64(1593), np.int64(5321), np.int64(18615), np.int64(43138), np.int64(38626), np.int64(2396), np.int64(43096), np.int64(26423), np.int64(37696), np.int64(27848), np.int64(9387), np.int64(16640), np.int64(26792), np.int64(31832), np.int64(764), np.int64(37866), np.int64(26136), np.int64(43823), np.int64(32785), np.int64(31847), np.int64(29619), np.int64(15843), np.int64(30432), np.int64(13443), np.int64(15829), np.int64(5260), np.int64(49701), np.int64(48725), np.int64(23588), np.int64(30545), np.int64(20681), np.int64(9601), np.int64(27088), np.int64(26658), np.int64(26503), np.int64(41871), np.int64(21924))","(0, 0, 0, 0, 0, 0, 0, 0, 0, 1, 0, 0, 0, 1, 0, 0, 0, 0, 0, 0, 0, 0, 0, 0, 1, 0, 0, 0, 0, 0, 0, 0, 0, 0, 0, 0, 0, 0, 1, 0, 0, 0, 0, 0, 1, 0, 0, 1, 0, 1)"
3.85921,92,378.905994,0,"(np.int64(47215), np.int64(30553), np.int64(14481), np.int64(16747), np.int64(42011), np.int64(37387), np.int64(1613), np.int64(17985), np.int64(12016), np.int64(35864), np.int64(26975), np.int64(8080), np.int64(29289), np.int64(31773), np.int64(44314), np.int64(30715), np.int64(45905), np.int64(12069), np.int64(28959), np.int64(7264), np.int64(1572), np.int64(23289), np.int64(32736), np.int64(43364), np.int64(39430), np.int64(1045), np.int64(46057), np.int64(49515), np.int64(33947), np.int64(13856), np.int64(9147), np.int64(25063), np.int64(8470), np.int64(26843), np.int64(24814), np.int64(8662), np.int64(41677), np.int64(29887), np.int64(753), np.int64(4232), np.int64(8030), np.int64(19174), np.int64(3709), np.int64(12682), np.int64(7104), np.int64(12471), np.int64(30961), np.int64(37026), np.int64(3904), np.int64(24920), np.int64(14275), np.int64(1847), np.int64(49907), np.int64(6712), np.int64(5243), np.int64(17660), np.int64(33287), np.int64(38057), np.int64(38706), np.int64(30313), np.int64(17211), np.int64(18701), np.int64(18658), np.int64(36388), np.int64(46240), np.int64(20347), np.int64(15677), np.int64(13028), np.int64(13175), np.int64(24608), np.int64(43806), np.int64(2032), np.int64(4234), np.int64(13716), np.int64(43583), np.int64(13250), np.int64(45173), np.int64(2487), np.int64(8345), np.int64(1375), np.int64(27578), np.int64(24159), np.int64(24971), np.int64(22295), np.int64(40668), np.int64(27009), np.int64(11069), np.int64(46168), np.int64(39974), np.int64(8078), np.int64(1177), np.int64(10292))","(0, 0, 0, 0, 0, 1, 0, 0, 0, 0, 0, 0, 0, 0, 0, 0, 0, 0, 0, 0, 0, 0, 0, 0, 0, 0, 0, 0, 0, 0, 0, 0, 0, 0, 0, 0, 1, 0, 0, 0, 0, 0, 0, 0, 0, 0, 0, 0, 0, 0, 0, 0, 0, 0, 0, 0, 0, 0, 0, 0, 0, 0, 0, 0, 0, 0, 1, 0, 0, 0, 0, 0, 0, 0, 0, 0, 0, 0, 0, 0, 0, 0, 0, 0, 0, 0, 0, 0, 0, 0, 1, 1)"
4.52938,50,379.447538,0,"(np.int64(15153), np.int64(40715), np.int64(48280), np.int64(15241), np.int64(28439), np.int64(29504), np.int64(7424), np.int64(40905), np.int64(42172), np.int64(16006), np.int64(30890), np.int64(44389), np.int64(26618), np.int64(22821), np.int64(12109), np.int64(21871), np.int64(35393), np.int64(30137), np.int64(21740), np.int64(8057), np.int64(31805), np.int64(27585), np.int64(25952), np.int64(18251), np.int64(34844), np.int64(38251), np.int64(11842), np.int64(1450), np.int64(49894), np.int64(610), np.int64(45217), np.int64(47659), np.int64(10644), np.int64(17555), np.int64(15131), np.int64(44713), np.int64(26606), np.int64(32126), np.int64(26270), np.int64(22297), np.int64(46313), np.int64(9883), np.int64(18921), np.int64(3170), np.int64(498), np.int64(26550), np.int64(27641), np.int64(12865), np.int64(34497), np.int64(21948))","(1, 0, 0, 0, 0, 0, 0, 1, 0, 0, 0, 0, 0, 0, 0, 1, 0, 0, 0, 0, 0, 0, 0, 1, 0, 0, 0, 0, 0, 0, 0, 0, 0, 0, 0, 0, 0, 0, 0, 0, 0, 0, 0, 0, 1, 1, 0, 0, 0, 0)"
4.700572,31,379.796229,0,"(np.int64(15952), np.int64(4474), np.int64(24290), np.int64(20248), np.int64(42663), np.int64(46896), np.int64(2841), np.int64(4748), np.int64(44343), np.int64(8953), np.int64(43263), np.int64(26200), np.int64(22849), np.int64(18856), np.int64(48481), np.int64(11702), np.int64(9741), np.int64(41470), np.int64(22361), np.int64(15187), np.int64(43669), np.int64(606), np.int64(18893), np.int64(5769), np.int64(35970), np.int64(21798), np.int64(7685), np.int64(5243), np.int64(15591), np.int64(24938), np.int64(41291))","(0, 0, 1, 1, 0, 0, 0, 1, 0, 1, 0, 0, 0, 0, 0, 1, 0, 0, 0, 1, 0, 0, 0, 0, 0, 0, 0, 0, 0, 0, 0)"
6.68258,50,380.340687,0,"(np.int64(22824), np.int64(26345), np.int64(5468), np.int64(2049), np.int64(13035), np.int64(36166), np.int64(17809), np.int64(18687), np.int64(11192), np.int64(25544), np.int64(7655), np.int64(36529), np.int64(7288), np.int64(5971), np.int64(8998), np.int64(12876), np.int64(12415), np.int64(3749), np.int64(39408), np.int64(2095), np.int64(8604), np.int64(48748), np.int64(12830), np.int64(46853), np.int64(21502), np.int64(49198), np.int64(14676), np.int64(2681), np.int64(15799), np.int64(14010), np.int64(28244), np.int64(40949), np.int64(11574), np.int64(5952), np.int64(19883), np.int64(11633), np.int64(2810), np.int64(41237), np.int64(33786), np.int64(20473), np.int64(26380), np.int64(24444), np.int64(28694), np.int64(46650), np.int64(12119), np.int64(23816), np.int64(24387), np.int64(9118), np.int64(39528), np.int64(27221))","(0, 0, 0, 1, 0, 0, 0, 1, 0, 0, 0, 1, 0, 0, 0, 0, 0, 0, 0, 0, 0, 1, 0, 0, 0, 1, 0, 0, 1, 0, 0, 0, 0, 1, 0, 0, 0, 0, 0, 0, 0, 0, 0, 0, 0, 1, 1, 0, 0, 0)"
4.53346,50,380.887335,0,"(np.int64(18774), np.int64(30814), np.int64(26301), np.int64(12583), np.int64(40907), np.int64(15029), np.int64(33293), np.int64(44909), np.int64(40913), np.int64(29768), np.int64(5468), np.int64(3182), np.int64(8775), np.int64(36355), np.int64(8382), np.int64(39161), np.int64(16155), np.int64(11026), np.int64(44909), np.int64(33840), np.int64(844), np.int64(15389), np.int64(24879), np.int64(5450), np.int64(11329), np.int64(37158), np.int64(6724), np.int64(25779), np.int64(4821), np.int64(47063), np.int64(20190), np.int64(33308), np.int64(28171), np.int64(40114), np.int64(23991), np.int64(4213), np.int64(34757), np.int64(14009), np.int64(4536), np.int64(4284), np.int64(10902), np.int64(37195), np.int64(9999), np.int64(43315), np.int64(24640), np.int64(46588), np.int64(29756), np.int64(32605), np.int64(17953), np.int64(29830))","(0, 0, 0, 0, 0, 0, 0, 0, 0, 0, 0, 0, 0, 0, 1, 0, 0, 0, 0, 0, 0, 1, 1, 0, 0, 0, 1, 0, 0, 0, 0, 0, 0, 1, 0, 0, 0, 0, 0, 0, 0, 0, 0, 0, 0, 0, 0, 0, 1, 0)"
6.015063,50,381.43756,0,"(np.int64(19881), np.int64(8943), np.int64(43285), np.int64(43899), np.int64(33198), np.int64(18316), np.int64(38236), np.int64(37346), np.int64(6749), np.int64(29620), np.int64(16511), np.int64(7145), np.int64(3229), np.int64(17072), np.int64(38744), np.int64(38827), np.int64(24725), np.int64(28755), np.int64(28211), np.int64(214), np.int64(19803), np.int64(815), np.int64(38637), np.int64(6953), np.int64(17223), np.int64(15544), np.int64(7303), np.int64(29605), np.int64(43689), np.int64(34573), np.int64(31653), np.int64(24468), np.int64(16707), np.int64(35251), np.int64(18701), np.int64(38036), np.int64(23741), np.int64(49542), np.int64(7115), np.int64(35999), np.int64(34958), np.int64(15508), np.int64(4479), np.int64(2361), np.int64(16576), np.int64(6188), np.int64(45199), np.int64(24551), np.int64(10317), np.int64(8368))","(0, 0, 0, 0, 0, 0, 0, 1, 0, 0, 0, 1, 1, 0, 0, 0, 1, 0, 0, 0, 0, 0, 0, 1, 0, 0, 0, 0, 0, 0, 0, 0, 1, 0, 0, 0, 0, 0, 0, 0, 0, 1, 0, 0, 0, 1, 0, 0, 0, 0)"
3.828945,51,381.988819,0,"(np.int64(30205), np.int64(23145), np.int64(8710), np.int64(38962), np.int64(15723), np.int64(17097), np.int64(8997), np.int64(28515), np.int64(22752), np.int64(7530), np.int64(31163), np.int64(32618), np.int64(6592), np.int64(17401), np.int64(39099), np.int64(6878), np.int64(11776), np.int64(5097), np.int64(38094), np.int64(43661), np.int64(12653), np.int64(37386), np.int64(3063), np.int64(22286), np.int64(40577), np.int64(43476), np.int64(31187), np.int64(39967), np.int64(36012), np.int64(27241), np.int64(20502), np.int64(46973), np.int64(15184), np.int64(6323), np.int64(26772), np.int64(20242), np.int64(47345), np.int64(41561), np.int64(35878), np.int64(10284), np.int64(33012), np.int64(46030), np.int64(26177), np.int64(16421), np.int64(36050), np.int64(24552), np.int64(28873), np.int64(48061), np.int64(23764), np.int64(33853), np.int64(5272))","(0, 0, 0, 0, 0, 0, 0, 0, 0, 0, 0, 0, 0, 0, 0, 0, 0, 0, 0, 0, 0, 1, 0, 0, 0, 0, 1, 0, 0, 0, 0, 0, 0, 1, 0, 0, 1, 0, 0, 0, 0, 0, 0, 0, 0, 0, 0, 0, 0, 0, 1)"
3.783709,50,382.528852,0,"(np.int64(45416), np.int64(14009), np.int64(7917), np.int64(8168), np.int64(14090), np.int64(4114), np.int64(37304), np.int64(25073), np.int64(38806), np.int64(17119), np.int64(36378), np.int64(21328), np.int64(34393), np.int64(7451), np.int64(12538), np.int64(29846), np.int64(41053), np.int64(26298), np.int64(2286), np.int64(37701), np.int64(6709), np.int64(33227), np.int64(25253), np.int64(6237), np.int64(38859), np.int64(18750), np.int64(23392), np.int64(7605), np.int64(29719), np.int64(27690), np.int64(47237), np.int64(37860), np.int64(45574), np.int64(1143), np.int64(29382), np.int64(35790), np.int64(36020), np.int64(44233), np.int64(31950), np.int64(22083), np.int64(39604), np.int64(5594), np.int64(1624), np.int64(5926), np.int64(10994), np.int64(39089), np.int64(42411), np.int64(24169), np.int64(30047), np.int64(22389))","(0, 0, 0, 0, 0, 0, 0, 0, 0, 0, 0, 0, 0, 0, 0, 0, 0, 0, 1, 0, 1, 0, 0, 0, 0, 0, 0, 0, 1, 0, 0, 0, 0, 0, 0, 1, 0, 0, 0, 0, 0, 0, 0, 0, 1, 0, 0, 0, 0, 0)"
5.20458,50,383.073704,0,"(np.int64(16686), np.int64(47749), np.int64(29142), np.int64(37670), np.int64(49532), np.int64(21541), np.int64(37287), np.int64(48580), np.int64(30441), np.int64(22722), np.int64(40668), np.int64(29585), np.int64(44187), np.int64(31060), np.int64(1738), np.int64(22058), np.int64(592), np.int64(7835), np.int64(49416), np.int64(41352), np.int64(18866), np.int64(49504), np.int64(4063), np.int64(36855), np.int64(4818), np.int64(4498), np.int64(308), np.int64(34027), np.int64(48643), np.int64(29690), np.int64(35178), np.int64(29546), np.int64(746), np.int64(8112), np.int64(17316), np.int64(1857), np.int64(38357), np.int64(15264), np.int64(28838), np.int64(46755), np.int64(8083), np.int64(15672), np.int64(20518), np.int64(32158), np.int64(8338), np.int64(40667), np.int64(42439), np.int64(24277), np.int64(6557), np.int64(4534))","(0, 0, 0, 0, 0, 0, 0, 0, 0, 0, 0, 0, 0, 0, 0, 0, 1, 0, 0, 0, 0, 0, 0, 0, 1, 0, 0, 0, 0, 0, 1, 0, 0, 0, 0, 1, 0, 0, 0, 0, 0, 1, 0, 0, 1, 0, 0, 0, 0, 1)"
3.64357,57,383.684072,0,"(np.int64(9225), np.int64(20044), np.int64(34166), np.int64(4798), np.int64(27663), np.int64(33029), np.int64(44290), np.int64(23750), np.int64(859), np.int64(24586), np.int64(36794), np.int64(14720), np.int64(4854), np.int64(1559), np.int64(1129), np.int64(20820), np.int64(35371), np.int64(31248), np.int64(5078), np.int64(14677), np.int64(18358), np.int64(24232), np.int64(26476), np.int64(9031), np.int64(31340), np.int64(9055), np.int64(46535), np.int64(3440), np.int64(46454), np.int64(29107), np.int64(10309), np.int64(27730), np.int64(49508), np.int64(2961), np.int64(49937), np.int64(21077), np.int64(36520), np.int64(29605), np.int64(7252), np.int64(44762), np.int64(31005), np.int64(17870), np.int64(12961), np.int64(33785), np.int64(25606), np.int64(22602), np.int64(34949), np.int64(35500), np.int64(37356), np.int64(47228), np.int64(18375), np.int64(40456), np.int64(10003), np.int64(31113), np.int64(49451), np.int64(27688), np.int64(27620))","(0, 0, 1, 0, 0, 0, 0, 0, 0, 0, 0, 0, 0, 0, 0, 0, 0, 0, 0, 0, 0, 0, 1, 0, 0, 0, 0, 0, 0, 0, 0, 0, 0, 0, 0, 1, 0, 0, 0, 0, 0, 0, 0, 0, 0, 0, 0, 0, 0, 0, 1, 0, 0, 0, 0, 0, 1)"
5.510423,50,384.230084,0,"(np.int64(34798), np.int64(34978), np.int64(541), np.int64(21009), np.int64(43940), np.int64(9801), np.int64(27267), np.int64(30798), np.int64(9827), np.int64(6634), np.int64(25798), np.int64(9811), np.int64(7613), np.int64(46016), np.int64(34996), np.int64(24619), np.int64(12701), np.int64(35372), np.int64(23960), np.int64(9006), np.int64(28154), np.int64(19204), np.int64(3592), np.int64(10534), np.int64(30733), np.int64(39860), np.int64(565), np.int64(30732), np.int64(42583), np.int64(43337), np.int64(8172), np.int64(21157), np.int64(17848), np.int64(18011), np.int64(19358), np.int64(12854), np.int64(21121), np.int64(1733), np.int64(33292), np.int64(34398), np.int64(3095), np.int64(28771), np.int64(46887), np.int64(4854), np.int64(30058), np.int64(36491), np.int64(15923), np.int64(6136), np.int64(3993), np.int64(18521))","(0, 0, 0, 0, 0, 0, 1, 0, 0, 0, 0, 1, 0, 0, 0, 1, 1, 0, 0, 1, 0, 0, 0, 0, 0, 0, 0, 0, 0, 0, 0, 1, 0, 0, 0, 0, 0, 0, 0, 0, 0, 0, 0, 0, 0, 0, 0, 1, 0, 0)"
3.777812,56,384.833172,0,"(np.int64(3284), np.int64(28534), np.int64(1101), np.int64(35315), np.int64(36981), np.int64(11537), np.int64(6875), np.int64(39340), np.int64(8242), np.int64(46187), np.int64(19145), np.int64(13363), np.int64(14439), np.int64(47708), np.int64(1616), np.int64(21784), np.int64(6671), np.int64(6751), np.int64(40431), np.int64(47187), np.int64(35338), np.int64(38700), np.int64(40179), np.int64(14110), np.int64(26271), np.int64(4557), np.int64(24817), np.int64(20277), np.int64(8224), np.int64(49408), np.int64(19776), np.int64(15579), np.int64(30298), np.int64(15491), np.int64(23028), np.int64(35436), np.int64(16536), np.int64(49380), np.int64(36813), np.int64(35706), np.int64(32668), np.int64(17791), np.int64(46639), np.int64(41886), np.int64(16099), np.int64(5551), np.int64(39935), np.int64(32237), np.int64(13580), np.int64(10501), np.int64(44636), np.int64(41115), np.int64(27140), np.int64(33508), np.int64(17711), np.int64(7513))","(0, 1, 0, 0, 0, 0, 0, 0, 0, 0, 0, 0, 1, 0, 0, 0, 1, 0, 0, 0, 0, 0, 0, 0, 0, 0, 0, 0, 0, 0, 0, 0, 0, 0, 0, 0, 0, 0, 0, 0, 0, 0, 0, 0, 1, 0, 0, 0, 0, 0, 0, 0, 0, 0, 0, 1)"
3.417946,79,385.689155,0,"(np.int64(39895), np.int64(5052), np.int64(40567), np.int64(13914), np.int64(35927), np.int64(44510), np.int64(45790), np.int64(35298), np.int64(44216), np.int64(23569), np.int64(49413), np.int64(8260), np.int64(18419), np.int64(22746), np.int64(46937), np.int64(1626), np.int64(47030), np.int64(14131), np.int64(6904), np.int64(35005), np.int64(10743), np.int64(3843), np.int64(47590), np.int64(12027), np.int64(26673), np.int64(4355), np.int64(41490), np.int64(9730), np.int64(46930), np.int64(48733), np.int64(31264), np.int64(32875), np.int64(41250), np.int64(11454), np.int64(45433), np.int64(45254), np.int64(3014), np.int64(7893), np.int64(15329), np.int64(1682), np.int64(47326), np.int64(34409), np.int64(44563), np.int64(10257), np.int64(30206), np.int64(3851), np.int64(47175), np.int64(35403), np.int64(28611), np.int64(45225), np.int64(15542), np.int64(41255), np.int64(22805), np.int64(15196), np.int64(45532), np.int64(22473), np.int64(46288), np.int64(5547), np.int64(25129), np.int64(44582), np.int64(22155), np.int64(3416), np.int64(18170), np.int64(34755), np.int64(20089), np.int64(16363), np.int64(12210), np.int64(4539), np.int64(20402), np.int64(45609), np.int64(47430), np.int64(7772), np.int64(17444), np.int64(831), np.int64(17943), np.int64(6765), np.int64(35484), np.int64(37210), np.int64(23165))","(0, 0, 0, 0, 0, 0, 0, 0, 0, 0, 0, 0, 0, 0, 0, 0, 0, 0, 0, 0, 0, 0, 0, 0, 0, 0, 0, 0, 0, 0, 0, 0, 0, 0, 0, 0, 1, 0, 0, 0, 0, 1, 0, 0, 0, 0, 1, 0, 0, 0, 0, 0, 0, 0, 0, 0, 0, 0, 0, 0, 0, 0, 0, 0, 0, 0, 0, 0, 0, 0, 0, 0, 0, 0, 0, 1, 0, 0, 1)"
4.636852,50,386.232671,0,"(np.int64(9415), np.int64(18316), np.int64(47295), np.int64(27971), np.int64(17707), np.int64(19990), np.int64(11907), np.int64(2424), np.int64(10531), np.int64(35739), np.int64(16440), np.int64(23769), np.int64(10477), np.int64(1724), np.int64(38547), np.int64(2453), np.int64(7315), np.int64(34057), np.int64(49895), np.int64(11035), np.int64(30188), np.int64(45851), np.int64(35434), np.int64(43241), np.int64(1536), np.int64(8915), np.int64(20598), np.int64(29284), np.int64(34817), np.int64(13261), np.int64(623), np.int64(33228), np.int64(45016), np.int64(43323), np.int64(9548), np.int64(46059), np.int64(27629), np.int64(24872), np.int64(10709), np.int64(30406), np.int64(3909), np.int64(28162), np.int64(26572), np.int64(28781), np.int64(18868), np.int64(4436), np.int64(42491), np.int64(30488), np.int64(15818), np.int64(23732))","(1, 0, 0, 0, 1, 0, 0, 1, 0, 0, 0, 0, 0, 0, 0, 0, 0, 0, 0, 0, 0, 1, 0, 0, 0, 0, 0, 0, 0, 0, 0, 0, 0, 0, 0, 0, 0, 0, 0, 0, 0, 0, 0, 0, 0, 1, 0, 0, 0, 1)"
4.60867,29,386.553895,0,"(np.int64(22913), np.int64(11666), np.int64(3206), np.int64(30282), np.int64(6499), np.int64(48520), np.int64(33871), np.int64(22176), np.int64(20979), np.int64(21930), np.int64(23803), np.int64(5126), np.int64(24336), np.int64(15252), np.int64(48579), np.int64(18822), np.int64(17868), np.int64(45649), np.int64(2804), np.int64(35032), np.int64(24553), np.int64(17614), np.int64(29170), np.int64(24288), np.int64(19334), np.int64(41697), np.int64(18861), np.int64(12530), np.int64(20115))","(0, 1, 0, 0, 0, 0, 0, 0, 1, 1, 1, 0, 0, 0, 0, 0, 0, 0, 0, 0, 0, 0, 0, 0, 1, 0, 0, 0, 1)"
3.785297,54,387.143245,0,"(np.int64(49470), np.int64(2397), np.int64(37689), np.int64(46635), np.int64(36469), np.int64(30658), np.int64(12479), np.int64(15772), np.int64(27316), np.int64(30339), np.int64(20092), np.int64(40223), np.int64(31243), np.int64(9445), np.int64(33372), np.int64(17136), np.int64(25270), np.int64(43811), np.int64(3908), np.int64(41496), np.int64(27284), np.int64(24457), np.int64(8498), np.int64(40101), np.int64(47288), np.int64(27751), np.int64(25796), np.int64(17630), np.int64(42493), np.int64(40113), np.int64(29205), np.int64(25659), np.int64(2030), np.int64(15772), np.int64(24369), np.int64(31592), np.int64(28123), np.int64(1928), np.int64(49966), np.int64(4321), np.int64(15128), np.int64(26314), np.int64(14276), np.int64(1397), np.int64(13082), np.int64(5021), np.int64(12429), np.int64(8008), np.int64(9080), np.int64(6768), np.int64(16698), np.int64(48790), np.int64(33406), np.int64(20337))","(0, 0, 0, 0, 0, 0, 0, 0, 0, 0, 1, 0, 0, 0, 0, 0, 0, 0, 1, 0, 0, 0, 0, 0, 0, 0, 0, 0, 0, 0, 0, 0, 0, 0, 0, 0, 0, 0, 0, 0, 0, 1, 0, 0, 0, 0, 0, 1, 0, 0, 0, 0, 0, 1)"
7.500996,50,387.690709,0,"(np.int64(48732), np.int64(10331), np.int64(47235), np.int64(41189), np.int64(10277), np.int64(11980), np.int64(2404), np.int64(2630), np.int64(49974), np.int64(41852), np.int64(19528), np.int64(42205), np.int64(16146), np.int64(49973), np.int64(25728), np.int64(22466), np.int64(34414), np.int64(1035), np.int64(8388), np.int64(38036), np.int64(13132), np.int64(28413), np.int64(10957), np.int64(4205), np.int64(37789), np.int64(15298), np.int64(21829), np.int64(1961), np.int64(31691), np.int64(25294), np.int64(9056), np.int64(47939), np.int64(18867), np.int64(49070), np.int64(6835), np.int64(3423), np.int64(27760), np.int64(18973), np.int64(5341), np.int64(17248), np.int64(21304), np.int64(17663), np.int64(30626), np.int64(29355), np.int64(1135), np.int64(35092), np.int64(9911), np.int64(25843), np.int64(7090), np.int64(39277))","(0, 0, 0, 0, 1, 0, 1, 0, 0, 0, 0, 0, 0, 0, 0, 0, 1, 0, 0, 0, 0, 0, 1, 0, 0, 0, 0, 1, 1, 0, 0, 0, 1, 1, 0, 0, 0, 0, 0, 0, 0, 1, 0, 1, 0, 0, 0, 0, 0, 0)"
5.614697,50,388.237968,0,"(np.int64(13996), np.int64(39631), np.int64(17936), np.int64(23440), np.int64(12014), np.int64(47543), np.int64(13839), np.int64(30226), np.int64(9300), np.int64(619), np.int64(8986), np.int64(16756), np.int64(37537), np.int64(1915), np.int64(17973), np.int64(35404), np.int64(22878), np.int64(8717), np.int64(6384), np.int64(18808), np.int64(5452), np.int64(18007), np.int64(15209), np.int64(44506), np.int64(37452), np.int64(27900), np.int64(13643), np.int64(29880), np.int64(101), np.int64(46853), np.int64(41946), np.int64(9685), np.int64(19588), np.int64(30494), np.int64(41430), np.int64(1120), np.int64(37431), np.int64(31004), np.int64(20004), np.int64(35718), np.int64(48937), np.int64(22153), np.int64(16959), np.int64(21060), np.int64(2944), np.int64(48372), np.int64(15009), np.int64(45224), np.int64(26918), np.int64(3470))","(0, 0, 0, 0, 0, 0, 0, 1, 0, 0, 0, 0, 0, 0, 0, 0, 0, 0, 0, 0, 0, 1, 0, 0, 0, 1, 0, 0, 1, 0, 0, 0, 0, 0, 0, 0, 0, 1, 1, 0, 0, 0, 0, 0, 0, 0, 1, 0, 1, 0)"
5.737707,50,388.778617,0,"(np.int64(28485), np.int64(29479), np.int64(34380), np.int64(30797), np.int64(40803), np.int64(46458), np.int64(11392), np.int64(29919), np.int64(9065), np.int64(1190), np.int64(30809), np.int64(36904), np.int64(9916), np.int64(19968), np.int64(47246), np.int64(4295), np.int64(26345), np.int64(627), np.int64(49476), np.int64(45129), np.int64(47723), np.int64(46619), np.int64(25728), np.int64(10297), np.int64(48399), np.int64(30302), np.int64(34289), np.int64(3956), np.int64(30085), np.int64(43991), np.int64(12807), np.int64(10236), np.int64(23484), np.int64(5404), np.int64(8792), np.int64(37988), np.int64(18416), np.int64(24869), np.int64(45875), np.int64(46552), np.int64(48411), np.int64(26488), np.int64(36059), np.int64(9326), np.int64(6584), np.int64(31532), np.int64(22838), np.int64(6026), np.int64(37207), np.int64(9457))","(0, 1, 0, 0, 0, 0, 1, 0, 0, 0, 0, 0, 1, 0, 0, 0, 0, 1, 0, 0, 0, 0, 0, 1, 0, 0, 0, 0, 0, 0, 0, 0, 0, 0, 0, 0, 0, 0, 0, 1, 0, 0, 0, 0, 0, 1, 0, 0, 1, 0)"
3.787928,51,389.330856,0,"(np.int64(22004), np.int64(3085), np.int64(29288), np.int64(13611), np.int64(17557), np.int64(42973), np.int64(8242), np.int64(30464), np.int64(16854), np.int64(31206), np.int64(48319), np.int64(25724), np.int64(31401), np.int64(43024), np.int64(14508), np.int64(29923), np.int64(10382), np.int64(2146), np.int64(11170), np.int64(29282), np.int64(3917), np.int64(47224), np.int64(44773), np.int64(44475), np.int64(33673), np.int64(47557), np.int64(21229), np.int64(41129), np.int64(25974), np.int64(39085), np.int64(40361), np.int64(25847), np.int64(32590), np.int64(37714), np.int64(44212), np.int64(49661), np.int64(33243), np.int64(6767), np.int64(12726), np.int64(41244), np.int64(46716), np.int64(7490), np.int64(34267), np.int64(2016), np.int64(22553), np.int64(24686), np.int64(4091), np.int64(25283), np.int64(27597), np.int64(12474), np.int64(2519))","(0, 0, 0, 0, 0, 0, 0, 0, 0, 0, 0, 0, 0, 0, 1, 0, 0, 1, 0, 0, 0, 0, 0, 0, 0, 0, 0, 0, 1, 0, 0, 0, 0, 0, 0, 0, 0, 1, 0, 0, 0, 0, 0, 0, 0, 0, 0, 0, 0, 0, 1)"
3.824566,58,389.961328,0,"(np.int64(46541), np.int64(15522), np.int64(37219), np.int64(29996), np.int64(19177), np.int64(40090), np.int64(28151), np.int64(38662), np.int64(1133), np.int64(2574), np.int64(23614), np.int64(43135), np.int64(22880), np.int64(29586), np.int64(3677), np.int64(18793), np.int64(8793), np.int64(48456), np.int64(14380), np.int64(12872), np.int64(9764), np.int64(29546), np.int64(29652), np.int64(45261), np.int64(48831), np.int64(43912), np.int64(3225), np.int64(41019), np.int64(2167), np.int64(10950), np.int64(22403), np.int64(46644), np.int64(2415), np.int64(30875), np.int64(15539), np.int64(10320), np.int64(12435), np.int64(1100), np.int64(23280), np.int64(25787), np.int64(8344), np.int64(20673), np.int64(19973), np.int64(49295), np.int64(6313), np.int64(16711), np.int64(19109), np.int64(39276), np.int64(17508), np.int64(4102), np.int64(6555), np.int64(8161), np.int64(17328), np.int64(10366), np.int64(2654), np.int64(24152), np.int64(29583), np.int64(46846))","(0, 0, 1, 0, 0, 0, 1, 0, 0, 0, 0, 0, 0, 0, 0, 0, 0, 0, 0, 0, 1, 0, 0, 0, 0, 0, 0, 0, 0, 0, 0, 0, 0, 0, 0, 0, 0, 1, 0, 0, 0, 0, 0, 0, 0, 0, 0, 0, 0, 0, 0, 0, 0, 0, 0, 0, 0, 1)"
6.04626,50,390.507793,0,"(np.int64(43078), np.int64(41753), np.int64(4125), np.int64(20831), np.int64(27034), np.int64(16394), np.int64(25033), np.int64(17710), np.int64(28243), np.int64(5795), np.int64(3829), np.int64(12310), np.int64(21907), np.int64(21995), np.int64(5824), np.int64(35838), np.int64(31430), np.int64(40624), np.int64(8103), np.int64(237), np.int64(47082), np.int64(9389), np.int64(21491), np.int64(8870), np.int64(33850), np.int64(2653), np.int64(18335), np.int64(27022), np.int64(47630), np.int64(11568), np.int64(19140), np.int64(45553), np.int64(4229), np.int64(24051), np.int64(3484), np.int64(21264), np.int64(33251), np.int64(33852), np.int64(5022), np.int64(287), np.int64(43316), np.int64(5506), np.int64(45706), np.int64(16631), np.int64(36990), np.int64(31897), np.int64(29519), np.int64(30183), np.int64(13737), np.int64(12578))","(0, 0, 0, 0, 0, 0, 0, 0, 0, 0, 0, 0, 0, 0, 0, 0, 0, 0, 1, 0, 0, 0, 0, 0, 0, 0, 1, 0, 0, 0, 1, 0, 1, 1, 0, 0, 0, 1, 1, 0, 0, 1, 0, 0, 0, 0, 0, 0, 0, 0)"
3.910804,39,390.92739,0,"(np.int64(10450), np.int64(41724), np.int64(13185), np.int64(7027), np.int64(9462), np.int64(24043), np.int64(21246), np.int64(3093), np.int64(40229), np.int64(46902), np.int64(46911), np.int64(6223), np.int64(34972), np.int64(9401), np.int64(2627), np.int64(4100), np.int64(38015), np.int64(43201), np.int64(34922), np.int64(30860), np.int64(44026), np.int64(31469), np.int64(25858), np.int64(41996), np.int64(16873), np.int64(9039), np.int64(19161), np.int64(10041), np.int64(2541), np.int64(35035), np.int64(15247), np.int64(48718), np.int64(43754), np.int64(17016), np.int64(23904), np.int64(568), np.int64(22512), np.int64(3710), np.int64(16006))","(0, 0, 0, 0, 0, 0, 0, 0, 0, 0, 0, 1, 0, 1, 0, 0, 0, 0, 0, 0, 0, 0, 1, 0, 0, 0, 1, 0, 0, 0, 0, 0, 0, 0, 1, 0, 0, 0, 0)"
4.011416,50,391.472321,0,"(np.int64(6267), np.int64(28351), np.int64(12816), np.int64(22282), np.int64(980), np.int64(22433), np.int64(34748), np.int64(8263), np.int64(24599), np.int64(48686), np.int64(9105), np.int64(18240), np.int64(46450), np.int64(5538), np.int64(47032), np.int64(32795), np.int64(12843), np.int64(3661), np.int64(28969), np.int64(40253), np.int64(20704), np.int64(14133), np.int64(46307), np.int64(30060), np.int64(14520), np.int64(25400), np.int64(268), np.int64(49000), np.int64(41764), np.int64(27389), np.int64(49956), np.int64(11967), np.int64(49612), np.int64(10717), np.int64(12575), np.int64(34539), np.int64(12789), np.int64(34792), np.int64(7614), np.int64(14068), np.int64(30575), np.int64(22138), np.int64(36058), np.int64(10487), np.int64(27970), np.int64(2016), np.int64(20702), np.int64(27349), np.int64(27594), np.int64(7260))","(0, 0, 0, 0, 0, 0, 0, 0, 0, 0, 0, 0, 0, 1, 0, 0, 1, 0, 0, 0, 1, 0, 0, 0, 0, 0, 0, 0, 0, 0, 0, 0, 0, 0, 0, 0, 0, 0, 1, 0, 0, 0, 0, 0, 0, 0, 1, 0, 0, 0)"
3.567531,50,392.01494,0,"(np.int64(48213), np.int64(10782), np.int64(45664), np.int64(49629), np.int64(43123), np.int64(5360), np.int64(39234), np.int64(30575), np.int64(34754), np.int64(8310), np.int64(45487), np.int64(8498), np.int64(32497), np.int64(30931), np.int64(37842), np.int64(16222), np.int64(11832), np.int64(32742), np.int64(10696), np.int64(7208), np.int64(31007), np.int64(44964), np.int64(1759), np.int64(588), np.int64(37729), np.int64(35179), np.int64(42222), np.int64(47296), np.int64(26851), np.int64(41248), np.int64(15814), np.int64(18832), np.int64(20262), np.int64(42572), np.int64(42660), np.int64(8682), np.int64(22624), np.int64(47030), np.int64(1071), np.int64(25265), np.int64(13364), np.int64(8852), np.int64(3540), np.int64(35906), np.int64(21329), np.int64(49235), np.int64(12658), np.int64(24845), np.int64(35134), np.int64(16858))","(0, 0, 0, 0, 0, 0, 0, 0, 0, 0, 0, 0, 0, 0, 0, 0, 0, 0, 1, 0, 0, 0, 0, 0, 0, 0, 0, 0, 0, 0, 0, 0, 0, 1, 0, 0, 0, 0, 0, 0, 0, 0, 1, 0, 0, 0, 1, 1, 0, 0)"
3.81818,50,392.556972,0,"(np.int64(3683), np.int64(34325), np.int64(13285), np.int64(10482), np.int64(30163), np.int64(31619), np.int64(39627), np.int64(49310), np.int64(6946), np.int64(41187), np.int64(15476), np.int64(28845), np.int64(50008), np.int64(17241), np.int64(36617), np.int64(4977), np.int64(33832), np.int64(10299), np.int64(11338), np.int64(2791), np.int64(40185), np.int64(26578), np.int64(8039), np.int64(46955), np.int64(38597), np.int64(13935), np.int64(29076), np.int64(9093), np.int64(42005), np.int64(48212), np.int64(33769), np.int64(29444), np.int64(37421), np.int64(43791), np.int64(31974), np.int64(15320), np.int64(46894), np.int64(30602), np.int64(43147), np.int64(29212), np.int64(33401), np.int64(40646), np.int64(21949), np.int64(27954), np.int64(27038), np.int64(27933), np.int64(45861), np.int64(6955), np.int64(15986), np.int64(27650))","(0, 0, 1, 1, 0, 0, 0, 0, 0, 0, 0, 0, 0, 0, 0, 0, 0, 0, 0, 0, 0, 0, 0, 0, 0, 0, 0, 0, 0, 0, 1, 0, 0, 0, 0, 0, 0, 0, 0, 0, 0, 0, 1, 0, 0, 1, 0, 0, 0, 0)"
3.804198,54,393.139886,0,"(np.int64(19101), np.int64(21585), np.int64(45569), np.int64(38038), np.int64(36047), np.int64(41397), np.int64(36858), np.int64(13318), np.int64(16779), np.int64(48324), np.int64(7617), np.int64(20376), np.int64(20388), np.int64(24922), np.int64(10177), np.int64(47651), np.int64(47774), np.int64(9915), np.int64(35786), np.int64(18734), np.int64(1187), np.int64(13115), np.int64(49999), np.int64(49604), np.int64(17958), np.int64(32409), np.int64(6570), np.int64(19560), np.int64(12875), np.int64(18164), np.int64(42446), np.int64(27229), np.int64(32754), np.int64(13037), np.int64(552), np.int64(39898), np.int64(1830), np.int64(19618), np.int64(19931), np.int64(14496), np.int64(25211), np.int64(21367), np.int64(49406), np.int64(11494), np.int64(33448), np.int64(11747), np.int64(48970), np.int64(35936), np.int64(26834), np.int64(24843), np.int64(6625), np.int64(13028), np.int64(24381), np.int64(33512))","(0, 0, 0, 0, 0, 0, 0, 0, 1, 0, 0, 0, 0, 1, 0, 0, 0, 1, 0, 0, 0, 0, 0, 0, 0, 0, 0, 0, 0, 0, 0, 0, 0, 0, 0, 0, 1, 0, 0, 0, 0, 0, 0, 0, 0, 0, 0, 0, 0, 0, 0, 0, 0, 1)"
5.412118,36,393.533508,0,"(np.int64(47461), np.int64(29125), np.int64(40529), np.int64(10756), np.int64(31564), np.int64(4565), np.int64(48487), np.int64(45829), np.int64(49052), np.int64(10317), np.int64(16799), np.int64(12185), np.int64(15379), np.int64(43093), np.int64(27886), np.int64(13307), np.int64(38498), np.int64(21757), np.int64(42176), np.int64(46024), np.int64(49006), np.int64(25135), np.int64(26462), np.int64(7067), np.int64(17429), np.int64(17885), np.int64(24069), np.int64(11770), np.int64(8209), np.int64(2876), np.int64(39412), np.int64(19373), np.int64(49017), np.int64(4760), np.int64(324), np.int64(19408))","(0, 0, 0, 1, 0, 0, 0, 0, 0, 0, 0, 0, 0, 0, 0, 1, 0, 0, 0, 0, 0, 1, 1, 0, 1, 0, 0, 1, 0, 1, 0, 0, 0, 0, 0, 0)"
3.681296,72,394.31881,0,"(np.int64(21635), np.int64(24616), np.int64(33974), np.int64(43091), np.int64(41647), np.int64(33412), np.int64(34224), np.int64(46871), np.int64(9463), np.int64(41502), np.int64(13219), np.int64(15518), np.int64(27796), np.int64(1983), np.int64(34987), np.int64(49946), np.int64(35319), np.int64(21474), np.int64(28537), np.int64(31023), np.int64(22882), np.int64(31379), np.int64(21462), np.int64(44161), np.int64(41819), np.int64(49652), np.int64(18021), np.int64(2268), np.int64(24282), np.int64(5860), np.int64(31934), np.int64(34684), np.int64(3507), np.int64(10543), np.int64(41383), np.int64(5276), np.int64(41637), np.int64(39032), np.int64(35312), np.int64(44514), np.int64(24666), np.int64(18872), np.int64(43076), np.int64(38542), np.int64(44328), np.int64(24214), np.int64(39599), np.int64(10133), np.int64(45999), np.int64(13715), np.int64(44110), np.int64(2981), np.int64(29621), np.int64(2386), np.int64(17932), np.int64(22318), np.int64(44317), np.int64(38597), np.int64(31369), np.int64(24911), np.int64(10412), np.int64(47326), np.int64(29132), np.int64(15074), np.int64(12386), np.int64(47807), np.int64(30767), np.int64(17964), np.int64(27872), np.int64(15697), np.int64(42234), np.int64(18294))","(0, 0, 0, 0, 0, 0, 0, 0, 0, 0, 0, 0, 0, 0, 0, 0, 0, 0, 1, 0, 0, 0, 0, 0, 1, 0, 0, 0, 0, 0, 0, 0, 0, 0, 0, 0, 0, 0, 0, 0, 0, 0, 0, 0, 0, 0, 0, 1, 0, 0, 0, 0, 0, 0, 1, 0, 0, 0, 0, 0, 0, 0, 0, 0, 0, 0, 0, 0, 0, 0, 0, 1)"
3.568493,65,395.025029,0,"(np.int64(30705), np.int64(24750), np.int64(19537), np.int64(47959), np.int64(40570), np.int64(25175), np.int64(981), np.int64(7148), np.int64(40861), np.int64(112), np.int64(7505), np.int64(12984), np.int64(4360), np.int64(17593), np.int64(18912), np.int64(42626), np.int64(8662), np.int64(20611), np.int64(30531), np.int64(16545), np.int64(29551), np.int64(14850), np.int64(32025), np.int64(18170), np.int64(15929), np.int64(48616), np.int64(46328), np.int64(40495), np.int64(22708), np.int64(24838), np.int64(18159), np.int64(37123), np.int64(29195), np.int64(4526), np.int64(28630), np.int64(33376), np.int64(28783), np.int64(47886), np.int64(44035), np.int64(36713), np.int64(30551), np.int64(41358), np.int64(16059), np.int64(8809), np.int64(46356), np.int64(22855), np.int64(20631), np.int64(17177), np.int64(35754), np.int64(22101), np.int64(20458), np.int64(34133), np.int64(8876), np.int64(30032), np.int64(18032), np.int64(47483), np.int64(20626), np.int64(11807), np.int64(39172), np.int64(26696), np.int64(48654), np.int64(5620), np.int64(33357), np.int64(1632), np.int64(42189))","(0, 0, 0, 0, 0, 0, 0, 0, 0, 1, 0, 0, 0, 0, 0, 0, 0, 0, 0, 0, 0, 0, 0, 0, 0, 0, 0, 0, 0, 0, 0, 0, 0, 0, 0, 0, 0, 1, 0, 0, 0, 0, 0, 0, 0, 0, 0, 0, 0, 0, 1, 0, 0, 0, 0, 0, 1, 0, 0, 0, 0, 0, 0, 0, 1)"
3.901852,61,395.684995,0,"(np.int64(4058), np.int64(20517), np.int64(23603), np.int64(28253), np.int64(41977), np.int64(42015), np.int64(46228), np.int64(3180), np.int64(20988), np.int64(16318), np.int64(43067), np.int64(12221), np.int64(37937), np.int64(4767), np.int64(32807), np.int64(6420), np.int64(48932), np.int64(48692), np.int64(48322), np.int64(46606), np.int64(34937), np.int64(38679), np.int64(5748), np.int64(46224), np.int64(26866), np.int64(11181), np.int64(24498), np.int64(31016), np.int64(3535), np.int64(13708), np.int64(40962), np.int64(9195), np.int64(28389), np.int64(22124), np.int64(46237), np.int64(12641), np.int64(12289), np.int64(46128), np.int64(3247), np.int64(26560), np.int64(22522), np.int64(36400), np.int64(39664), np.int64(21139), np.int64(10810), np.int64(26635), np.int64(41008), np.int64(26941), np.int64(8960), np.int64(16238), np.int64(2629), np.int64(8541), np.int64(13186), np.int64(24980), np.int64(8247), np.int64(27424), np.int64(31876), np.int64(17395), np.int64(13589), np.int64(13184), np.int64(19391))","(0, 0, 0, 0, 0, 0, 0, 1, 0, 0, 0, 0, 0, 0, 0, 0, 0, 0, 0, 0, 0, 0, 0, 0, 0, 0, 0, 0, 0, 0, 0, 0, 0, 0, 0, 0, 0, 0, 0, 1, 0, 0, 0, 0, 0, 0, 0, 0, 0, 0, 0, 0, 0, 1, 0, 0, 1, 0, 0, 0, 1)"
6.156133,50,396.232103,0,"(np.int64(22115), np.int64(39426), np.int64(27856), np.int64(12471), np.int64(6501), np.int64(31252), np.int64(1461), np.int64(9403), np.int64(41061), np.int64(39902), np.int64(3940), np.int64(19189), np.int64(17623), np.int64(4421), np.int64(9626), np.int64(42492), np.int64(30597), np.int64(35736), np.int64(7548), np.int64(2716), np.int64(32590), np.int64(16189), np.int64(20834), np.int64(16781), np.int64(3276), np.int64(31352), np.int64(5707), np.int64(17517), np.int64(21373), np.int64(505), np.int64(26464), np.int64(684), np.int64(14373), np.int64(5399), np.int64(17915), np.int64(44), np.int64(28949), np.int64(44304), np.int64(21564), np.int64(15758), np.int64(16313), np.int64(11221), np.int64(26929), np.int64(19756), np.int64(24463), np.int64(34089), np.int64(19529), np.int64(33622), np.int64(14913), np.int64(1019))","(0, 0, 0, 0, 0, 1, 0, 0, 0, 0, 0, 0, 0, 0, 0, 0, 0, 0, 0, 0, 0, 0, 0, 0, 0, 0, 1, 0, 0, 0, 0, 0, 1, 1, 0, 1, 0, 0, 0, 0, 0, 0, 1, 0, 0, 0, 0, 0, 1, 1)"
5.143387,40,396.673153,0,"(np.int64(8870), np.int64(19844), np.int64(38789), np.int64(23288), np.int64(21703), np.int64(41440), np.int64(43906), np.int64(32492), np.int64(47141), np.int64(24494), np.int64(3588), np.int64(47962), np.int64(49246), np.int64(19928), np.int64(17609), np.int64(14982), np.int64(18321), np.int64(10716), np.int64(19576), np.int64(23018), np.int64(21571), np.int64(16916), np.int64(29569), np.int64(41490), np.int64(16010), np.int64(40575), np.int64(23608), np.int64(11601), np.int64(16935), np.int64(10804), np.int64(38358), np.int64(28429), np.int64(13456), np.int64(5390), np.int64(3054), np.int64(34668), np.int64(13614), np.int64(29502), np.int64(27261), np.int64(8711))","(0, 0, 1, 0, 0, 0, 0, 0, 0, 0, 0, 0, 0, 1, 0, 0, 1, 0, 1, 0, 1, 0, 0, 0, 0, 0, 0, 0, 0, 1, 0, 0, 0, 0, 1, 0, 0, 0, 0, 0)"
3.942512,51,397.218471,0,"(np.int64(42883), np.int64(1919), np.int64(5682), np.int64(43816), np.int64(2059), np.int64(43929), np.int64(45709), np.int64(8298), np.int64(9243), np.int64(45212), np.int64(31639), np.int64(80), np.int64(710), np.int64(3040), np.int64(42067), np.int64(28343), np.int64(24208), np.int64(37659), np.int64(13188), np.int64(47573), np.int64(16), np.int64(24991), np.int64(12001), np.int64(21772), np.int64(18642), np.int64(16237), np.int64(30777), np.int64(12533), np.int64(15144), np.int64(467), np.int64(34534), np.int64(2124), np.int64(22002), np.int64(17333), np.int64(40676), np.int64(49021), np.int64(12435), np.int64(11131), np.int64(5240), np.int64(11045), np.int64(26561), np.int64(23935), np.int64(17512), np.int64(19019), np.int64(4368), np.int64(48991), np.int64(25909), np.int64(25969), np.int64(16705), np.int64(28397), np.int64(2247))","(0, 0, 0, 0, 0, 0, 0, 0, 0, 0, 0, 0, 0, 0, 0, 0, 0, 1, 0, 0, 0, 0, 0, 0, 0, 0, 0, 0, 0, 0, 0, 1, 0, 0, 0, 1, 0, 0, 0, 0, 0, 0, 0, 0, 0, 0, 0, 0, 1, 0, 1)"
4.499175,50,397.762707,0,"(np.int64(33817), np.int64(48661), np.int64(48484), np.int64(37217), np.int64(25063), np.int64(33640), np.int64(33482), np.int64(33996), np.int64(47415), np.int64(8537), np.int64(35838), np.int64(410), np.int64(5685), np.int64(7205), np.int64(35459), np.int64(32587), np.int64(18186), np.int64(27469), np.int64(3737), np.int64(40165), np.int64(41521), np.int64(2186), np.int64(42035), np.int64(45532), np.int64(25210), np.int64(12557), np.int64(11344), np.int64(12559), np.int64(15524), np.int64(6726), np.int64(27653), np.int64(15845), np.int64(36437), np.int64(19530), np.int64(20714), np.int64(31992), np.int64(34223), np.int64(23124), np.int64(31347), np.int64(34591), np.int64(10225), np.int64(22605), np.int64(19050), np.int64(39369), np.int64(9206), np.int64(30865), np.int64(9033), np.int64(47864), np.int64(41602), np.int64(30818))","(0, 0, 0, 0, 0, 0, 0, 0, 0, 1, 0, 0, 0, 0, 0, 0, 0, 0, 0, 0, 0, 1, 0, 0, 0, 0, 1, 1, 0, 0, 0, 0, 0, 0, 0, 0, 0, 0, 0, 0, 0, 0, 1, 0, 0, 0, 0, 0, 1, 0)"
