#{"t_start": 1745287019.873002, "env_id": "None"}
r,l,t,user_id,item_interact,item_clicks
1.542677,50,0.698853,0,"(np.int64(4498), np.int64(18604), np.int64(30803), np.int64(46037), np.int64(39821), np.int64(28931), np.int64(12005), np.int64(19670), np.int64(32001), np.int64(16776), np.int64(42598), np.int64(22009), np.int64(18922), np.int64(28984), np.int64(28420), np.int64(14854), np.int64(2608), np.int64(18011), np.int64(31346), np.int64(10342), np.int64(48528), np.int64(3154), np.int64(479), np.int64(42768), np.int64(29040), np.int64(37492), np.int64(29563), np.int64(25290), np.int64(8087), np.int64(13704), np.int64(48233), np.int64(27494), np.int64(30385), np.int64(32221), np.int64(20339), np.int64(38199), np.int64(23476), np.int64(15769), np.int64(6964), np.int64(46509), np.int64(33996), np.int64(10970), np.int64(9627), np.int64(25122), np.int64(21817), np.int64(263), np.int64(1749), np.int64(8097), np.int64(10615), np.int64(24115))","(0, 0, 0, 0, 0, 0, 1, 0, 0, 0, 0, 0, 0, 0, 0, 0, 0, 0, 0, 0, 0, 0, 0, 0, 0, 0, 0, 0, 0, 0, 0, 0, 0, 1, 0, 0, 0, 0, 0, 0, 0, 0, 0, 0, 0, 0, 0, 0, 0, 0)"
2.207433,50,1.180704,0,"(np.int64(13657), np.int64(43414), np.int64(40938), np.int64(10796), np.int64(6033), np.int64(34242), np.int64(34428), np.int64(43149), np.int64(25507), np.int64(42946), np.int64(6602), np.int64(10584), np.int64(662), np.int64(38123), np.int64(13179), np.int64(7619), np.int64(32121), np.int64(11339), np.int64(27465), np.int64(40287), np.int64(36942), np.int64(37763), np.int64(35022), np.int64(48426), np.int64(30972), np.int64(25642), np.int64(43664), np.int64(33940), np.int64(14263), np.int64(45672), np.int64(15800), np.int64(27950), np.int64(1763), np.int64(29770), np.int64(4213), np.int64(31393), np.int64(28956), np.int64(48723), np.int64(49310), np.int64(23359), np.int64(36986), np.int64(33459), np.int64(28565), np.int64(33428), np.int64(32607), np.int64(18513), np.int64(25882), np.int64(24334), np.int64(48525), np.int64(16273))","(0, 0, 0, 0, 1, 0, 0, 0, 0, 0, 0, 0, 0, 0, 0, 0, 0, 0, 0, 0, 0, 0, 0, 0, 0, 1, 0, 0, 0, 0, 0, 0, 0, 0, 0, 0, 0, 0, 0, 0, 0, 0, 0, 0, 0, 0, 0, 1, 0, 0)"
5.420639,50,1.645894,0,"(np.int64(15290), np.int64(5591), np.int64(30792), np.int64(45444), np.int64(8545), np.int64(7728), np.int64(13665), np.int64(27908), np.int64(6061), np.int64(46885), np.int64(18635), np.int64(25206), np.int64(10133), np.int64(31153), np.int64(13672), np.int64(32390), np.int64(37844), np.int64(27575), np.int64(15101), np.int64(48195), np.int64(12602), np.int64(348), np.int64(28670), np.int64(47349), np.int64(4307), np.int64(22255), np.int64(40977), np.int64(31463), np.int64(11713), np.int64(29307), np.int64(33532), np.int64(38299), np.int64(46535), np.int64(34576), np.int64(12186), np.int64(6568), np.int64(20740), np.int64(31503), np.int64(15766), np.int64(42976), np.int64(1309), np.int64(2105), np.int64(41610), np.int64(23357), np.int64(25359), np.int64(5534), np.int64(13292), np.int64(35928), np.int64(34201), np.int64(4020))","(0, 1, 0, 0, 1, 0, 0, 0, 0, 0, 0, 0, 1, 0, 0, 1, 0, 0, 0, 0, 0, 0, 0, 0, 0, 0, 0, 1, 1, 0, 0, 0, 0, 0, 0, 0, 0, 0, 0, 0, 0, 0, 0, 0, 0, 0, 0, 0, 1, 0)"
3.132616,50,2.100992,0,"(np.int64(3742), np.int64(35260), np.int64(41518), np.int64(12954), np.int64(23644), np.int64(8450), np.int64(39032), np.int64(10534), np.int64(1651), np.int64(38508), np.int64(30462), np.int64(10701), np.int64(36918), np.int64(14107), np.int64(35101), np.int64(10585), np.int64(26468), np.int64(43925), np.int64(5099), np.int64(49923), np.int64(30979), np.int64(3844), np.int64(38482), np.int64(38995), np.int64(19039), np.int64(31719), np.int64(10542), np.int64(2998), np.int64(23213), np.int64(40595), np.int64(31326), np.int64(20607), np.int64(14130), np.int64(18470), np.int64(7036), np.int64(17358), np.int64(45603), np.int64(31017), np.int64(44972), np.int64(1065), np.int64(8782), np.int64(8399), np.int64(45128), np.int64(24814), np.int64(44171), np.int64(27431), np.int64(11504), np.int64(47621), np.int64(6908), np.int64(8614))","(0, 0, 0, 0, 1, 0, 0, 0, 0, 0, 0, 0, 0, 0, 0, 0, 0, 0, 0, 0, 0, 0, 0, 0, 1, 0, 0, 0, 0, 0, 1, 0, 0, 0, 0, 0, 0, 0, 0, 0, 1, 0, 0, 0, 0, 0, 0, 0, 0, 0)"
1.54342,50,2.559299,0,"(np.int64(17662), np.int64(283), np.int64(10153), np.int64(48186), np.int64(8789), np.int64(42769), np.int64(48509), np.int64(9112), np.int64(39657), np.int64(27908), np.int64(18475), np.int64(22291), np.int64(14948), np.int64(4735), np.int64(2137), np.int64(29320), np.int64(48074), np.int64(14093), np.int64(46571), np.int64(39071), np.int64(20820), np.int64(11521), np.int64(5926), np.int64(45187), np.int64(44351), np.int64(30900), np.int64(37765), np.int64(42095), np.int64(19166), np.int64(26579), np.int64(11285), np.int64(26804), np.int64(28360), np.int64(13774), np.int64(17081), np.int64(49866), np.int64(4707), np.int64(37504), np.int64(1047), np.int64(34057), np.int64(11915), np.int64(6953), np.int64(10880), np.int64(34077), np.int64(49389), np.int64(43837), np.int64(22938), np.int64(4341), np.int64(29137), np.int64(1353))","(0, 0, 0, 0, 0, 0, 0, 0, 0, 0, 0, 0, 0, 0, 0, 0, 0, 0, 0, 0, 0, 0, 0, 0, 0, 0, 0, 0, 0, 0, 0, 0, 0, 0, 0, 0, 0, 0, 0, 0, 0, 1, 1, 0, 0, 0, 0, 0, 0, 0)"
2.236407,50,3.02141,0,"(np.int64(22792), np.int64(14449), np.int64(9872), np.int64(29763), np.int64(18174), np.int64(8755), np.int64(17175), np.int64(10984), np.int64(1275), np.int64(8819), np.int64(27280), np.int64(34328), np.int64(19743), np.int64(17073), np.int64(18432), np.int64(12081), np.int64(48589), np.int64(39914), np.int64(9148), np.int64(49906), np.int64(11366), np.int64(49357), np.int64(21427), np.int64(17071), np.int64(16038), np.int64(35735), np.int64(7685), np.int64(13302), np.int64(44639), np.int64(15485), np.int64(23168), np.int64(27207), np.int64(14509), np.int64(13372), np.int64(537), np.int64(38371), np.int64(27994), np.int64(30644), np.int64(17914), np.int64(6507), np.int64(12175), np.int64(32693), np.int64(21946), np.int64(11428), np.int64(26570), np.int64(15178), np.int64(15332), np.int64(25965), np.int64(30769), np.int64(19092))","(0, 0, 0, 1, 0, 0, 0, 0, 1, 0, 0, 0, 0, 0, 0, 0, 0, 0, 0, 0, 0, 0, 0, 1, 0, 0, 0, 0, 0, 0, 0, 0, 0, 0, 0, 0, 0, 0, 0, 0, 0, 0, 0, 0, 0, 0, 0, 0, 0, 0)"
4.967811,50,3.48178,0,"(np.int64(4141), np.int64(27249), np.int64(29344), np.int64(3005), np.int64(20865), np.int64(35617), np.int64(38138), np.int64(38636), np.int64(11635), np.int64(8046), np.int64(40763), np.int64(3705), np.int64(28854), np.int64(41144), np.int64(46879), np.int64(7099), np.int64(32617), np.int64(14242), np.int64(26871), np.int64(33731), np.int64(13238), np.int64(22991), np.int64(14556), np.int64(2668), np.int64(48061), np.int64(28169), np.int64(15567), np.int64(23895), np.int64(31015), np.int64(711), np.int64(16597), np.int64(26795), np.int64(42235), np.int64(21609), np.int64(31789), np.int64(15172), np.int64(48154), np.int64(38358), np.int64(37157), np.int64(40100), np.int64(20105), np.int64(4688), np.int64(33731), np.int64(45223), np.int64(6698), np.int64(13208), np.int64(35090), np.int64(30891), np.int64(3710), np.int64(9356))","(0, 0, 1, 0, 0, 0, 0, 1, 0, 0, 0, 0, 1, 0, 0, 1, 0, 0, 0, 0, 0, 0, 0, 0, 0, 0, 0, 0, 0, 0, 0, 0, 1, 0, 0, 0, 1, 0, 0, 0, 0, 0, 0, 0, 0, 0, 0, 0, 0, 1)"
2.244078,50,3.943377,0,"(np.int64(47511), np.int64(12193), np.int64(72), np.int64(48553), np.int64(36927), np.int64(18459), np.int64(17006), np.int64(27614), np.int64(3883), np.int64(30724), np.int64(34614), np.int64(43464), np.int64(640), np.int64(16041), np.int64(29406), np.int64(47976), np.int64(34455), np.int64(49429), np.int64(10990), np.int64(20111), np.int64(40750), np.int64(13654), np.int64(2272), np.int64(5916), np.int64(19168), np.int64(33917), np.int64(49829), np.int64(42586), np.int64(23595), np.int64(21597), np.int64(39152), np.int64(15769), np.int64(543), np.int64(15520), np.int64(44359), np.int64(13397), np.int64(2307), np.int64(31425), np.int64(49141), np.int64(48453), np.int64(2496), np.int64(48266), np.int64(49069), np.int64(30035), np.int64(43063), np.int64(45030), np.int64(47218), np.int64(15875), np.int64(33051), np.int64(16227))","(0, 1, 1, 0, 0, 0, 0, 0, 0, 0, 0, 0, 0, 0, 0, 0, 0, 0, 0, 0, 0, 0, 0, 0, 0, 0, 0, 0, 1, 0, 0, 0, 0, 0, 0, 0, 0, 0, 0, 0, 0, 0, 0, 0, 0, 0, 0, 0, 0, 0)"
6.019624,50,4.402242,0,"(np.int64(33831), np.int64(38212), np.int64(15826), np.int64(910), np.int64(11636), np.int64(49263), np.int64(39135), np.int64(22054), np.int64(22900), np.int64(18680), np.int64(14915), np.int64(48639), np.int64(20479), np.int64(15087), np.int64(32445), np.int64(47621), np.int64(26894), np.int64(10453), np.int64(42101), np.int64(2204), np.int64(9447), np.int64(26868), np.int64(28966), np.int64(34724), np.int64(20306), np.int64(1479), np.int64(30763), np.int64(17943), np.int64(35458), np.int64(37677), np.int64(26518), np.int64(16442), np.int64(35525), np.int64(48936), np.int64(47943), np.int64(16490), np.int64(46250), np.int64(16812), np.int64(22989), np.int64(43424), np.int64(22135), np.int64(11724), np.int64(18676), np.int64(17981), np.int64(18922), np.int64(41242), np.int64(10712), np.int64(41834), np.int64(43091), np.int64(2616))","(0, 0, 0, 0, 0, 0, 0, 0, 0, 1, 0, 0, 0, 0, 1, 0, 0, 1, 0, 0, 1, 0, 0, 0, 0, 0, 0, 0, 1, 0, 0, 0, 1, 0, 0, 0, 0, 1, 0, 0, 0, 0, 0, 1, 0, 0, 0, 0, 0, 0)"
7.578241,50,4.865091,0,"(np.int64(28731), np.int64(20075), np.int64(12093), np.int64(20203), np.int64(17376), np.int64(41350), np.int64(7415), np.int64(47888), np.int64(40063), np.int64(8855), np.int64(441), np.int64(205), np.int64(12394), np.int64(20457), np.int64(17485), np.int64(2825), np.int64(35922), np.int64(5715), np.int64(37405), np.int64(41623), np.int64(33256), np.int64(34310), np.int64(46670), np.int64(23399), np.int64(46820), np.int64(38655), np.int64(31357), np.int64(2191), np.int64(24430), np.int64(10054), np.int64(25639), np.int64(32168), np.int64(1983), np.int64(37012), np.int64(25392), np.int64(22906), np.int64(5131), np.int64(41546), np.int64(18414), np.int64(17805), np.int64(47587), np.int64(45351), np.int64(35920), np.int64(18574), np.int64(25380), np.int64(17522), np.int64(12839), np.int64(8292), np.int64(40035), np.int64(15050))","(0, 0, 0, 0, 0, 0, 0, 0, 0, 0, 0, 1, 1, 0, 0, 1, 1, 1, 1, 0, 0, 0, 0, 0, 0, 0, 0, 0, 1, 0, 1, 0, 0, 0, 0, 0, 0, 0, 0, 1, 0, 0, 0, 0, 0, 1, 0, 0, 0, 0)"
8.320831,50,5.326066,0,"(np.int64(2254), np.int64(31849), np.int64(6824), np.int64(43229), np.int64(18334), np.int64(26723), np.int64(7648), np.int64(4565), np.int64(39381), np.int64(18213), np.int64(18466), np.int64(12574), np.int64(2918), np.int64(39101), np.int64(6862), np.int64(47012), np.int64(43765), np.int64(20002), np.int64(27855), np.int64(35178), np.int64(45862), np.int64(41613), np.int64(20707), np.int64(17059), np.int64(22934), np.int64(13890), np.int64(45219), np.int64(21912), np.int64(125), np.int64(8104), np.int64(45367), np.int64(10565), np.int64(21705), np.int64(30507), np.int64(12658), np.int64(33818), np.int64(6583), np.int64(31274), np.int64(37678), np.int64(4724), np.int64(41820), np.int64(49368), np.int64(43802), np.int64(46263), np.int64(2979), np.int64(13783), np.int64(2001), np.int64(10599), np.int64(13367), np.int64(42681))","(1, 0, 1, 0, 1, 0, 0, 0, 0, 1, 0, 0, 0, 0, 0, 0, 0, 1, 0, 1, 0, 0, 0, 0, 0, 1, 0, 0, 0, 0, 0, 0, 1, 0, 1, 0, 1, 0, 0, 1, 0, 0, 0, 0, 0, 0, 0, 0, 0, 0)"
5.591371,50,5.796625,0,"(np.int64(4002), np.int64(33365), np.int64(25184), np.int64(45454), np.int64(19785), np.int64(28744), np.int64(46716), np.int64(14534), np.int64(35327), np.int64(33041), np.int64(16353), np.int64(29193), np.int64(10538), np.int64(48112), np.int64(44478), np.int64(39011), np.int64(1908), np.int64(32452), np.int64(20199), np.int64(29038), np.int64(12868), np.int64(25748), np.int64(686), np.int64(13952), np.int64(38900), np.int64(24976), np.int64(24393), np.int64(17062), np.int64(48684), np.int64(23481), np.int64(804), np.int64(10126), np.int64(49512), np.int64(29703), np.int64(34562), np.int64(26449), np.int64(23177), np.int64(2444), np.int64(37616), np.int64(45357), np.int64(13541), np.int64(11197), np.int64(969), np.int64(41601), np.int64(22908), np.int64(22442), np.int64(37524), np.int64(40683), np.int64(37231), np.int64(23412))","(0, 0, 1, 0, 0, 1, 0, 0, 0, 0, 0, 0, 0, 0, 0, 0, 0, 0, 0, 0, 0, 0, 0, 0, 0, 0, 0, 0, 0, 0, 1, 1, 0, 0, 0, 0, 0, 1, 0, 0, 0, 1, 1, 0, 0, 0, 0, 0, 0, 0)"
5.198535,50,6.261579,0,"(np.int64(23825), np.int64(11615), np.int64(41452), np.int64(29263), np.int64(24768), np.int64(18766), np.int64(7525), np.int64(44920), np.int64(37646), np.int64(38488), np.int64(27946), np.int64(25866), np.int64(40162), np.int64(43022), np.int64(35067), np.int64(9575), np.int64(11200), np.int64(10629), np.int64(29921), np.int64(14566), np.int64(13620), np.int64(28349), np.int64(26429), np.int64(13187), np.int64(31682), np.int64(22505), np.int64(43931), np.int64(44748), np.int64(13001), np.int64(43921), np.int64(12870), np.int64(20101), np.int64(41571), np.int64(21034), np.int64(8943), np.int64(43293), np.int64(16893), np.int64(10512), np.int64(29835), np.int64(28147), np.int64(20015), np.int64(33984), np.int64(8594), np.int64(49805), np.int64(23906), np.int64(24462), np.int64(6504), np.int64(27766), np.int64(26165), np.int64(7271))","(0, 0, 0, 0, 0, 0, 0, 0, 1, 1, 0, 0, 0, 0, 0, 0, 0, 0, 0, 0, 0, 0, 0, 0, 1, 0, 0, 0, 0, 0, 0, 0, 0, 0, 0, 0, 1, 0, 0, 0, 0, 0, 1, 0, 0, 0, 0, 1, 1, 0)"
5.333264,50,6.724962,0,"(np.int64(21378), np.int64(12822), np.int64(47923), np.int64(20866), np.int64(35399), np.int64(29735), np.int64(18324), np.int64(44724), np.int64(26573), np.int64(47363), np.int64(20474), np.int64(8205), np.int64(37854), np.int64(11630), np.int64(25056), np.int64(14706), np.int64(8970), np.int64(21365), np.int64(1575), np.int64(6622), np.int64(49196), np.int64(15270), np.int64(17746), np.int64(47958), np.int64(36162), np.int64(11410), np.int64(37346), np.int64(16089), np.int64(48700), np.int64(14737), np.int64(46084), np.int64(45522), np.int64(33273), np.int64(14154), np.int64(1486), np.int64(9287), np.int64(49506), np.int64(33437), np.int64(44216), np.int64(20196), np.int64(31864), np.int64(17692), np.int64(29611), np.int64(2540), np.int64(16281), np.int64(18690), np.int64(28622), np.int64(48641), np.int64(5869), np.int64(14484))","(0, 0, 0, 1, 0, 0, 0, 1, 0, 0, 0, 0, 0, 0, 1, 0, 0, 0, 1, 0, 0, 1, 0, 0, 0, 0, 1, 0, 0, 0, 0, 0, 0, 0, 0, 0, 0, 0, 0, 0, 0, 0, 0, 0, 1, 0, 0, 0, 0, 0)"
2.19349,50,7.184844,0,"(np.int64(44028), np.int64(1206), np.int64(48172), np.int64(1677), np.int64(16516), np.int64(18912), np.int64(18152), np.int64(47807), np.int64(28624), np.int64(20615), np.int64(18374), np.int64(20134), np.int64(48071), np.int64(33133), np.int64(19435), np.int64(2455), np.int64(7447), np.int64(47108), np.int64(2817), np.int64(26373), np.int64(7047), np.int64(47038), np.int64(9843), np.int64(36370), np.int64(43858), np.int64(12097), np.int64(10185), np.int64(7690), np.int64(26037), np.int64(12812), np.int64(32201), np.int64(35555), np.int64(2633), np.int64(6069), np.int64(2121), np.int64(40502), np.int64(11865), np.int64(46625), np.int64(43967), np.int64(21242), np.int64(17344), np.int64(9936), np.int64(8236), np.int64(11271), np.int64(37798), np.int64(22582), np.int64(18873), np.int64(3295), np.int64(13739), np.int64(45197))","(0, 0, 0, 0, 0, 0, 0, 0, 0, 0, 0, 0, 0, 0, 0, 0, 0, 0, 0, 0, 0, 0, 0, 1, 0, 0, 0, 0, 0, 0, 0, 0, 0, 0, 0, 0, 0, 0, 0, 0, 1, 0, 0, 0, 1, 0, 0, 0, 0, 0)"
6.136106,50,7.647694,0,"(np.int64(27251), np.int64(19171), np.int64(48652), np.int64(14348), np.int64(9986), np.int64(27769), np.int64(35085), np.int64(7909), np.int64(17552), np.int64(27265), np.int64(25108), np.int64(374), np.int64(8618), np.int64(22278), np.int64(13539), np.int64(46646), np.int64(17067), np.int64(1840), np.int64(11475), np.int64(45547), np.int64(37313), np.int64(31216), np.int64(2670), np.int64(47299), np.int64(16155), np.int64(46576), np.int64(20968), np.int64(37517), np.int64(39925), np.int64(15739), np.int64(10687), np.int64(49708), np.int64(34429), np.int64(32633), np.int64(37898), np.int64(11366), np.int64(31104), np.int64(6771), np.int64(18665), np.int64(2044), np.int64(45624), np.int64(1711), np.int64(32433), np.int64(6987), np.int64(39974), np.int64(33548), np.int64(29774), np.int64(42543), np.int64(49637), np.int64(20266))","(0, 1, 0, 0, 1, 0, 1, 0, 0, 1, 0, 0, 0, 0, 0, 0, 0, 0, 0, 0, 0, 0, 0, 0, 0, 0, 1, 0, 0, 0, 0, 0, 0, 0, 0, 0, 0, 1, 0, 1, 0, 0, 0, 1, 0, 0, 0, 0, 0, 0)"
4.715282,50,8.117322,0,"(np.int64(43142), np.int64(45200), np.int64(34091), np.int64(2976), np.int64(47838), np.int64(20217), np.int64(6553), np.int64(17636), np.int64(23449), np.int64(19235), np.int64(23144), np.int64(43022), np.int64(15965), np.int64(28242), np.int64(19041), np.int64(22097), np.int64(29294), np.int64(31614), np.int64(24935), np.int64(8984), np.int64(22516), np.int64(25055), np.int64(46383), np.int64(27062), np.int64(21438), np.int64(39054), np.int64(20641), np.int64(20374), np.int64(1283), np.int64(46650), np.int64(29893), np.int64(8506), np.int64(38762), np.int64(22408), np.int64(23496), np.int64(49472), np.int64(39250), np.int64(25516), np.int64(23454), np.int64(43981), np.int64(33580), np.int64(42445), np.int64(13334), np.int64(9450), np.int64(11594), np.int64(49695), np.int64(49416), np.int64(30159), np.int64(7572), np.int64(22816))","(0, 0, 0, 0, 0, 0, 1, 0, 0, 1, 0, 0, 0, 0, 0, 0, 0, 0, 0, 0, 0, 0, 0, 0, 0, 0, 0, 0, 1, 0, 0, 1, 0, 0, 0, 0, 0, 0, 0, 0, 1, 0, 1, 0, 0, 0, 0, 0, 0, 0)"
2.291773,50,8.577203,0,"(np.int64(2817), np.int64(49827), np.int64(13023), np.int64(34047), np.int64(2825), np.int64(16825), np.int64(39179), np.int64(20607), np.int64(21289), np.int64(12806), np.int64(41712), np.int64(25945), np.int64(25422), np.int64(14015), np.int64(29278), np.int64(23138), np.int64(47485), np.int64(46310), np.int64(2887), np.int64(33313), np.int64(15475), np.int64(42188), np.int64(24364), np.int64(42260), np.int64(28072), np.int64(8273), np.int64(43388), np.int64(24112), np.int64(3803), np.int64(10421), np.int64(38906), np.int64(9829), np.int64(14758), np.int64(27637), np.int64(43753), np.int64(35936), np.int64(1544), np.int64(3025), np.int64(19796), np.int64(14908), np.int64(39026), np.int64(31989), np.int64(40451), np.int64(39274), np.int64(28494), np.int64(34698), np.int64(34558), np.int64(7951), np.int64(41443), np.int64(46850))","(0, 0, 0, 0, 1, 0, 0, 0, 0, 0, 0, 0, 0, 0, 0, 0, 0, 0, 0, 0, 0, 0, 0, 0, 0, 0, 0, 0, 1, 0, 0, 0, 0, 0, 0, 0, 0, 0, 0, 0, 0, 1, 0, 0, 0, 0, 0, 0, 0, 0)"
2.253047,50,9.033713,0,"(np.int64(47655), np.int64(13529), np.int64(16874), np.int64(13988), np.int64(31338), np.int64(14661), np.int64(31440), np.int64(7368), np.int64(5223), np.int64(30602), np.int64(26493), np.int64(33495), np.int64(41531), np.int64(21158), np.int64(4821), np.int64(4283), np.int64(27807), np.int64(18068), np.int64(3606), np.int64(11059), np.int64(7704), np.int64(31718), np.int64(24345), np.int64(12055), np.int64(17626), np.int64(44974), np.int64(31641), np.int64(26316), np.int64(47893), np.int64(39553), np.int64(31742), np.int64(21969), np.int64(35862), np.int64(23753), np.int64(12228), np.int64(13832), np.int64(2560), np.int64(34391), np.int64(30237), np.int64(1135), np.int64(7151), np.int64(11650), np.int64(32075), np.int64(43300), np.int64(7107), np.int64(36756), np.int64(27948), np.int64(10880), np.int64(17123), np.int64(34269))","(0, 0, 0, 0, 0, 0, 0, 0, 0, 0, 0, 0, 0, 0, 0, 0, 0, 0, 0, 0, 0, 0, 1, 0, 0, 0, 0, 0, 0, 0, 0, 0, 0, 0, 0, 0, 0, 0, 0, 0, 0, 1, 0, 0, 0, 0, 0, 1, 0, 0)"
4.291686,50,9.492479,0,"(np.int64(12527), np.int64(15610), np.int64(45896), np.int64(9056), np.int64(49850), np.int64(14322), np.int64(24927), np.int64(2695), np.int64(24851), np.int64(24956), np.int64(1507), np.int64(811), np.int64(42800), np.int64(11771), np.int64(22193), np.int64(48499), np.int64(37559), np.int64(23809), np.int64(37823), np.int64(4270), np.int64(44356), np.int64(6879), np.int64(9201), np.int64(14738), np.int64(26183), np.int64(43652), np.int64(10729), np.int64(26829), np.int64(29861), np.int64(17861), np.int64(32847), np.int64(36108), np.int64(31628), np.int64(42264), np.int64(36410), np.int64(6572), np.int64(21232), np.int64(40670), np.int64(33661), np.int64(26939), np.int64(1405), np.int64(46188), np.int64(17264), np.int64(2744), np.int64(23697), np.int64(13667), np.int64(36111), np.int64(25249), np.int64(1837), np.int64(3874))","(1, 1, 0, 0, 0, 0, 0, 0, 0, 0, 0, 0, 0, 0, 1, 0, 0, 0, 0, 0, 0, 0, 0, 0, 0, 0, 0, 0, 0, 0, 0, 0, 0, 1, 0, 0, 1, 0, 0, 0, 0, 0, 0, 0, 0, 0, 0, 1, 0, 0)"
2.889798,50,9.947823,0,"(np.int64(17490), np.int64(36158), np.int64(40041), np.int64(7401), np.int64(28137), np.int64(14704), np.int64(10637), np.int64(9949), np.int64(10870), np.int64(28223), np.int64(39021), np.int64(34298), np.int64(16099), np.int64(37205), np.int64(37083), np.int64(35414), np.int64(43121), np.int64(11324), np.int64(17897), np.int64(41607), np.int64(3090), np.int64(1175), np.int64(18030), np.int64(16539), np.int64(40089), np.int64(15209), np.int64(26877), np.int64(42914), np.int64(33138), np.int64(21226), np.int64(38198), np.int64(26792), np.int64(42842), np.int64(48977), np.int64(26957), np.int64(25320), np.int64(21563), np.int64(14429), np.int64(24742), np.int64(4071), np.int64(10396), np.int64(26006), np.int64(3891), np.int64(37468), np.int64(11402), np.int64(23306), np.int64(31900), np.int64(40969), np.int64(26868), np.int64(14606))","(0, 0, 0, 0, 0, 0, 1, 0, 0, 0, 0, 0, 1, 0, 0, 0, 0, 0, 0, 0, 0, 0, 0, 0, 0, 0, 1, 0, 0, 0, 0, 0, 0, 0, 0, 1, 0, 0, 0, 0, 0, 0, 0, 0, 0, 0, 0, 0, 0, 0)"
5.94217,50,10.403924,0,"(np.int64(10521), np.int64(26515), np.int64(24115), np.int64(9161), np.int64(1651), np.int64(12144), np.int64(2625), np.int64(43732), np.int64(9858), np.int64(22734), np.int64(13992), np.int64(21226), np.int64(33979), np.int64(12722), np.int64(8984), np.int64(15415), np.int64(4203), np.int64(7780), np.int64(39663), np.int64(22075), np.int64(289), np.int64(46617), np.int64(49991), np.int64(12201), np.int64(8783), np.int64(31256), np.int64(33647), np.int64(15174), np.int64(36212), np.int64(22987), np.int64(4750), np.int64(13633), np.int64(3861), np.int64(20704), np.int64(43204), np.int64(45634), np.int64(41577), np.int64(15140), np.int64(28812), np.int64(46092), np.int64(6244), np.int64(41510), np.int64(9857), np.int64(10703), np.int64(30225), np.int64(32384), np.int64(1855), np.int64(43726), np.int64(2366), np.int64(29568))","(0, 0, 0, 1, 0, 0, 0, 0, 1, 0, 0, 0, 0, 0, 0, 0, 0, 0, 0, 0, 1, 0, 0, 1, 0, 0, 0, 0, 0, 0, 0, 0, 0, 1, 0, 0, 0, 0, 0, 0, 0, 0, 1, 0, 0, 0, 1, 0, 1, 0)"
3.872779,50,10.860678,0,"(np.int64(5830), np.int64(36813), np.int64(20828), np.int64(25813), np.int64(6306), np.int64(23705), np.int64(25259), np.int64(15102), np.int64(31357), np.int64(33378), np.int64(14093), np.int64(23571), np.int64(14980), np.int64(405), np.int64(9139), np.int64(33833), np.int64(48015), np.int64(37701), np.int64(14476), np.int64(44632), np.int64(15067), np.int64(1807), np.int64(35032), np.int64(12760), np.int64(18509), np.int64(18429), np.int64(39082), np.int64(32014), np.int64(46880), np.int64(6135), np.int64(25030), np.int64(17881), np.int64(48157), np.int64(2248), np.int64(49805), np.int64(11569), np.int64(47636), np.int64(5482), np.int64(3901), np.int64(32549), np.int64(39259), np.int64(30770), np.int64(17527), np.int64(25641), np.int64(21605), np.int64(47708), np.int64(2094), np.int64(4740), np.int64(29160), np.int64(28462))","(0, 0, 0, 0, 0, 0, 0, 0, 0, 0, 0, 1, 0, 0, 0, 0, 0, 0, 1, 0, 0, 1, 0, 0, 0, 0, 0, 0, 0, 0, 0, 1, 0, 0, 0, 0, 0, 1, 0, 0, 0, 0, 0, 0, 0, 0, 0, 0, 0, 0)"
5.063891,50,11.319336,0,"(np.int64(23404), np.int64(25930), np.int64(24925), np.int64(14373), np.int64(19220), np.int64(1356), np.int64(15016), np.int64(42065), np.int64(32765), np.int64(31866), np.int64(13694), np.int64(12326), np.int64(5837), np.int64(16203), np.int64(46106), np.int64(29240), np.int64(12657), np.int64(30894), np.int64(7935), np.int64(45984), np.int64(13727), np.int64(27693), np.int64(32000), np.int64(43611), np.int64(46196), np.int64(39275), np.int64(43398), np.int64(10348), np.int64(23335), np.int64(45893), np.int64(29567), np.int64(2562), np.int64(26428), np.int64(49983), np.int64(40174), np.int64(8960), np.int64(42856), np.int64(42814), np.int64(49148), np.int64(25168), np.int64(40090), np.int64(18119), np.int64(5789), np.int64(19234), np.int64(41112), np.int64(31744), np.int64(2430), np.int64(3613), np.int64(44258), np.int64(40803))","(0, 0, 1, 1, 0, 0, 0, 0, 0, 0, 0, 0, 0, 0, 1, 0, 0, 0, 0, 0, 0, 0, 0, 0, 0, 1, 0, 1, 0, 1, 0, 0, 0, 0, 0, 0, 0, 0, 0, 0, 0, 0, 0, 0, 0, 0, 1, 0, 0, 0)"
3.565068,50,11.772543,0,"(np.int64(48658), np.int64(37629), np.int64(16316), np.int64(7561), np.int64(8144), np.int64(23488), np.int64(23231), np.int64(31395), np.int64(1394), np.int64(36130), np.int64(29472), np.int64(39823), np.int64(16947), np.int64(34013), np.int64(24532), np.int64(21198), np.int64(40852), np.int64(15142), np.int64(25370), np.int64(8428), np.int64(47611), np.int64(29793), np.int64(48170), np.int64(47421), np.int64(18132), np.int64(33725), np.int64(25330), np.int64(45042), np.int64(18700), np.int64(17075), np.int64(35337), np.int64(9705), np.int64(2258), np.int64(15814), np.int64(43655), np.int64(31562), np.int64(42874), np.int64(17308), np.int64(23200), np.int64(9320), np.int64(11700), np.int64(11699), np.int64(32191), np.int64(42646), np.int64(20907), np.int64(14786), np.int64(38582), np.int64(18660), np.int64(16245), np.int64(16084))","(0, 0, 0, 0, 0, 0, 0, 0, 1, 0, 0, 0, 0, 0, 0, 0, 0, 0, 0, 0, 0, 1, 1, 0, 0, 0, 0, 0, 0, 1, 0, 0, 0, 0, 0, 0, 0, 0, 0, 0, 0, 0, 0, 1, 0, 0, 0, 0, 0, 0)"
3.950432,50,12.226952,0,"(np.int64(42828), np.int64(40902), np.int64(1947), np.int64(38347), np.int64(27271), np.int64(36676), np.int64(10150), np.int64(43944), np.int64(44598), np.int64(31835), np.int64(25751), np.int64(32677), np.int64(38984), np.int64(5930), np.int64(25812), np.int64(2257), np.int64(22051), np.int64(25425), np.int64(43320), np.int64(36449), np.int64(2417), np.int64(17029), np.int64(21532), np.int64(10550), np.int64(31651), np.int64(22890), np.int64(17799), np.int64(36470), np.int64(43190), np.int64(26485), np.int64(6705), np.int64(42056), np.int64(15059), np.int64(40977), np.int64(13363), np.int64(2966), np.int64(45903), np.int64(40277), np.int64(9795), np.int64(14064), np.int64(25721), np.int64(17156), np.int64(6318), np.int64(15542), np.int64(48580), np.int64(40740), np.int64(2176), np.int64(29461), np.int64(40674), np.int64(3099))","(0, 0, 0, 0, 1, 0, 0, 0, 0, 0, 0, 0, 0, 0, 0, 0, 1, 0, 0, 0, 1, 0, 0, 0, 0, 0, 0, 0, 0, 0, 1, 0, 0, 0, 0, 0, 0, 0, 0, 0, 0, 0, 1, 0, 0, 0, 0, 0, 0, 0)"
0.822845,50,12.680771,0,"(np.int64(22475), np.int64(24781), np.int64(17015), np.int64(16436), np.int64(34627), np.int64(45491), np.int64(11655), np.int64(26343), np.int64(24511), np.int64(17940), np.int64(11049), np.int64(3051), np.int64(40907), np.int64(34875), np.int64(35886), np.int64(34623), np.int64(46337), np.int64(40940), np.int64(38384), np.int64(32258), np.int64(17830), np.int64(11932), np.int64(24095), np.int64(4397), np.int64(3256), np.int64(6585), np.int64(39430), np.int64(16165), np.int64(38075), np.int64(47141), np.int64(45654), np.int64(35313), np.int64(15379), np.int64(25271), np.int64(41598), np.int64(21092), np.int64(30492), np.int64(45655), np.int64(38238), np.int64(27553), np.int64(24905), np.int64(45437), np.int64(3552), np.int64(16128), np.int64(9036), np.int64(29738), np.int64(12282), np.int64(7080), np.int64(36309), np.int64(5518))","(0, 0, 0, 0, 0, 0, 0, 0, 0, 0, 0, 0, 0, 0, 0, 0, 0, 0, 0, 0, 0, 0, 1, 0, 0, 0, 0, 0, 0, 0, 0, 0, 0, 0, 0, 0, 0, 0, 0, 0, 0, 0, 0, 0, 0, 0, 0, 0, 0, 0)"
2.977598,50,13.140365,0,"(np.int64(30548), np.int64(7767), np.int64(32835), np.int64(21436), np.int64(46835), np.int64(342), np.int64(5856), np.int64(19871), np.int64(9831), np.int64(20470), np.int64(28273), np.int64(30382), np.int64(14620), np.int64(24375), np.int64(30790), np.int64(23394), np.int64(26164), np.int64(20944), np.int64(14229), np.int64(24452), np.int64(26455), np.int64(39894), np.int64(14254), np.int64(5909), np.int64(4695), np.int64(43436), np.int64(36718), np.int64(22589), np.int64(45622), np.int64(31131), np.int64(43771), np.int64(38430), np.int64(20837), np.int64(16177), np.int64(44078), np.int64(25917), np.int64(1003), np.int64(15265), np.int64(24904), np.int64(1435), np.int64(10530), np.int64(40075), np.int64(17398), np.int64(23123), np.int64(30614), np.int64(31116), np.int64(13995), np.int64(10471), np.int64(47971), np.int64(4774))","(0, 0, 1, 1, 0, 0, 0, 0, 0, 0, 0, 0, 0, 0, 0, 0, 0, 0, 0, 0, 0, 0, 0, 0, 0, 0, 0, 0, 0, 0, 0, 0, 0, 1, 0, 0, 0, 0, 0, 0, 0, 0, 1, 0, 0, 0, 0, 0, 0, 0)"
5.387207,50,13.594545,0,"(np.int64(40420), np.int64(4693), np.int64(33042), np.int64(46107), np.int64(35066), np.int64(29268), np.int64(4012), np.int64(26001), np.int64(42130), np.int64(164), np.int64(40044), np.int64(22265), np.int64(37855), np.int64(8681), np.int64(41903), np.int64(3732), np.int64(15148), np.int64(44832), np.int64(15633), np.int64(3203), np.int64(30490), np.int64(4606), np.int64(40261), np.int64(26879), np.int64(15642), np.int64(26798), np.int64(33064), np.int64(41858), np.int64(2060), np.int64(5378), np.int64(6846), np.int64(15226), np.int64(35109), np.int64(44059), np.int64(37387), np.int64(41550), np.int64(47139), np.int64(7605), np.int64(15154), np.int64(26685), np.int64(13651), np.int64(46180), np.int64(26595), np.int64(25499), np.int64(35848), np.int64(20720), np.int64(7085), np.int64(44492), np.int64(14882), np.int64(30335))","(0, 0, 0, 0, 1, 0, 0, 0, 0, 0, 0, 0, 0, 0, 0, 0, 0, 0, 0, 1, 0, 0, 0, 0, 1, 0, 0, 0, 1, 0, 1, 0, 0, 0, 1, 0, 0, 0, 0, 0, 0, 0, 1, 0, 0, 0, 0, 0, 0, 0)"
4.638354,50,14.052981,0,"(np.int64(8914), np.int64(26816), np.int64(27604), np.int64(23109), np.int64(4669), np.int64(32940), np.int64(31521), np.int64(16827), np.int64(12251), np.int64(1980), np.int64(46332), np.int64(34466), np.int64(11820), np.int64(33774), np.int64(47970), np.int64(36915), np.int64(13386), np.int64(24577), np.int64(26192), np.int64(40367), np.int64(19311), np.int64(23367), np.int64(33101), np.int64(47406), np.int64(49862), np.int64(10186), np.int64(45994), np.int64(23482), np.int64(29965), np.int64(3555), np.int64(40278), np.int64(8608), np.int64(901), np.int64(10884), np.int64(42605), np.int64(44131), np.int64(46984), np.int64(47702), np.int64(6131), np.int64(25958), np.int64(2495), np.int64(40376), np.int64(21420), np.int64(36481), np.int64(42762), np.int64(48251), np.int64(39578), np.int64(33265), np.int64(48960), np.int64(4194))","(1, 0, 0, 0, 0, 0, 0, 0, 0, 0, 1, 0, 0, 0, 0, 0, 0, 0, 0, 0, 0, 0, 1, 0, 0, 0, 0, 0, 0, 0, 0, 0, 0, 0, 0, 0, 0, 0, 0, 0, 1, 0, 1, 1, 0, 0, 0, 0, 0, 0)"
5.012917,50,14.5071,0,"(np.int64(20166), np.int64(15930), np.int64(18231), np.int64(41311), np.int64(9561), np.int64(13065), np.int64(11204), np.int64(33982), np.int64(31320), np.int64(15174), np.int64(29169), np.int64(12726), np.int64(25558), np.int64(48802), np.int64(49008), np.int64(49282), np.int64(23208), np.int64(40492), np.int64(43517), np.int64(41318), np.int64(7376), np.int64(42753), np.int64(28165), np.int64(48559), np.int64(3840), np.int64(39633), np.int64(17456), np.int64(23990), np.int64(6269), np.int64(48710), np.int64(27273), np.int64(18318), np.int64(14173), np.int64(24598), np.int64(38745), np.int64(40922), np.int64(30127), np.int64(6350), np.int64(20321), np.int64(46045), np.int64(27266), np.int64(2405), np.int64(46028), np.int64(38448), np.int64(17979), np.int64(8697), np.int64(19136), np.int64(20362), np.int64(24266), np.int64(43333))","(0, 0, 0, 1, 0, 0, 0, 0, 0, 0, 0, 0, 0, 0, 0, 0, 0, 0, 0, 0, 0, 0, 0, 0, 0, 0, 0, 1, 0, 0, 1, 0, 0, 0, 0, 0, 0, 0, 0, 0, 0, 0, 1, 1, 0, 1, 1, 0, 0, 0)"
2.999611,50,14.961873,0,"(np.int64(18890), np.int64(47213), np.int64(11306), np.int64(49659), np.int64(12363), np.int64(9050), np.int64(23388), np.int64(26550), np.int64(6329), np.int64(49659), np.int64(14583), np.int64(45334), np.int64(45031), np.int64(2519), np.int64(12919), np.int64(31321), np.int64(35152), np.int64(17785), np.int64(42009), np.int64(5745), np.int64(13453), np.int64(40252), np.int64(40001), np.int64(33776), np.int64(19116), np.int64(44864), np.int64(20275), np.int64(21963), np.int64(43562), np.int64(6550), np.int64(3288), np.int64(15959), np.int64(16397), np.int64(48339), np.int64(32899), np.int64(46015), np.int64(1695), np.int64(39190), np.int64(10932), np.int64(25450), np.int64(45036), np.int64(2312), np.int64(35113), np.int64(32442), np.int64(40903), np.int64(49650), np.int64(34260), np.int64(26397), np.int64(28315), np.int64(25109))","(0, 0, 0, 0, 0, 0, 0, 1, 1, 0, 0, 0, 0, 1, 0, 0, 0, 0, 0, 0, 0, 0, 0, 0, 0, 0, 0, 0, 0, 1, 0, 0, 0, 0, 0, 0, 0, 0, 0, 0, 0, 0, 0, 0, 0, 0, 0, 0, 0, 0)"
4.551967,50,15.419798,0,"(np.int64(32287), np.int64(29616), np.int64(13935), np.int64(44255), np.int64(26985), np.int64(10811), np.int64(7627), np.int64(6425), np.int64(45160), np.int64(46031), np.int64(33231), np.int64(5919), np.int64(1161), np.int64(45169), np.int64(37415), np.int64(1813), np.int64(47639), np.int64(27979), np.int64(45189), np.int64(45215), np.int64(20536), np.int64(33881), np.int64(39578), np.int64(10988), np.int64(46006), np.int64(49639), np.int64(7123), np.int64(42881), np.int64(19368), np.int64(10723), np.int64(39670), np.int64(46518), np.int64(31581), np.int64(15194), np.int64(10496), np.int64(7083), np.int64(6480), np.int64(10019), np.int64(23013), np.int64(16253), np.int64(20095), np.int64(35861), np.int64(12513), np.int64(30676), np.int64(4592), np.int64(23632), np.int64(47824), np.int64(33248), np.int64(5903), np.int64(10302))","(1, 0, 0, 0, 0, 0, 0, 0, 0, 0, 0, 0, 0, 0, 0, 1, 1, 1, 0, 0, 0, 0, 0, 0, 0, 0, 0, 0, 0, 0, 0, 0, 0, 0, 1, 0, 0, 0, 0, 0, 0, 0, 0, 0, 0, 1, 0, 0, 0, 0)"
3.468577,50,15.873798,0,"(np.int64(47364), np.int64(34433), np.int64(35659), np.int64(27705), np.int64(13743), np.int64(40839), np.int64(44932), np.int64(23287), np.int64(19115), np.int64(47567), np.int64(41670), np.int64(10923), np.int64(46216), np.int64(26678), np.int64(37890), np.int64(20618), np.int64(8945), np.int64(10229), np.int64(48668), np.int64(936), np.int64(40065), np.int64(32256), np.int64(35886), np.int64(29718), np.int64(42797), np.int64(21281), np.int64(22296), np.int64(45886), np.int64(36996), np.int64(5656), np.int64(3677), np.int64(10384), np.int64(33406), np.int64(18456), np.int64(28745), np.int64(39284), np.int64(48201), np.int64(49656), np.int64(12637), np.int64(11433), np.int64(20524), np.int64(12356), np.int64(35088), np.int64(20337), np.int64(564), np.int64(29664), np.int64(47180), np.int64(16180), np.int64(14192), np.int64(33228))","(0, 0, 0, 0, 0, 0, 0, 1, 0, 0, 0, 0, 0, 0, 0, 0, 0, 0, 0, 0, 0, 0, 0, 0, 0, 0, 0, 0, 0, 0, 0, 0, 0, 0, 0, 0, 0, 0, 0, 0, 0, 1, 0, 1, 1, 0, 1, 0, 0, 0)"
6.091791,50,16.328485,0,"(np.int64(18146), np.int64(1013), np.int64(7644), np.int64(20356), np.int64(5279), np.int64(29869), np.int64(26722), np.int64(19572), np.int64(13705), np.int64(18950), np.int64(10749), np.int64(31789), np.int64(8582), np.int64(49561), np.int64(637), np.int64(5820), np.int64(45730), np.int64(46189), np.int64(18210), np.int64(2327), np.int64(7961), np.int64(49762), np.int64(42301), np.int64(29847), np.int64(11963), np.int64(8482), np.int64(27119), np.int64(6797), np.int64(28407), np.int64(36145), np.int64(13374), np.int64(22868), np.int64(9373), np.int64(250), np.int64(41114), np.int64(33717), np.int64(2403), np.int64(11929), np.int64(31672), np.int64(48979), np.int64(48270), np.int64(34405), np.int64(12042), np.int64(30855), np.int64(14635), np.int64(46239), np.int64(6453), np.int64(26863), np.int64(12759), np.int64(5175))","(0, 0, 0, 0, 0, 0, 0, 0, 0, 0, 0, 0, 1, 0, 0, 0, 0, 0, 1, 1, 0, 0, 0, 0, 0, 1, 0, 0, 0, 0, 0, 0, 0, 0, 1, 0, 0, 1, 0, 0, 0, 0, 0, 0, 0, 0, 1, 1, 0, 0)"
3.990909,50,16.782757,0,"(np.int64(20412), np.int64(3745), np.int64(45311), np.int64(37256), np.int64(15476), np.int64(10492), np.int64(19860), np.int64(15420), np.int64(27258), np.int64(49368), np.int64(3572), np.int64(49950), np.int64(8572), np.int64(33956), np.int64(9398), np.int64(30113), np.int64(4457), np.int64(23156), np.int64(8548), np.int64(25428), np.int64(15809), np.int64(25656), np.int64(8298), np.int64(35244), np.int64(6397), np.int64(19242), np.int64(3359), np.int64(37496), np.int64(34062), np.int64(34787), np.int64(41538), np.int64(23270), np.int64(26549), np.int64(26758), np.int64(10224), np.int64(25937), np.int64(21381), np.int64(41143), np.int64(14563), np.int64(10983), np.int64(36431), np.int64(10188), np.int64(27073), np.int64(28375), np.int64(6335), np.int64(7463), np.int64(16965), np.int64(19718), np.int64(1814), np.int64(29822))","(0, 0, 0, 0, 0, 0, 0, 0, 0, 0, 0, 0, 0, 0, 1, 0, 0, 0, 0, 1, 0, 0, 0, 0, 0, 0, 0, 0, 0, 0, 0, 0, 0, 0, 1, 0, 1, 0, 0, 1, 0, 0, 0, 0, 0, 0, 0, 0, 0, 0)"
0.588248,50,17.245367,0,"(np.int64(41943), np.int64(7575), np.int64(3938), np.int64(35317), np.int64(2517), np.int64(47358), np.int64(26139), np.int64(25580), np.int64(15838), np.int64(28820), np.int64(32359), np.int64(16292), np.int64(18383), np.int64(15279), np.int64(16388), np.int64(25736), np.int64(2181), np.int64(901), np.int64(47701), np.int64(8965), np.int64(40575), np.int64(20714), np.int64(23916), np.int64(46556), np.int64(40988), np.int64(8023), np.int64(49151), np.int64(34159), np.int64(19642), np.int64(46111), np.int64(6749), np.int64(4305), np.int64(20946), np.int64(44942), np.int64(16385), np.int64(6790), np.int64(39060), np.int64(32380), np.int64(10814), np.int64(5598), np.int64(32476), np.int64(38420), np.int64(41024), np.int64(7016), np.int64(576), np.int64(12011), np.int64(16243), np.int64(6962), np.int64(26771), np.int64(43044))","(0, 0, 0, 0, 0, 0, 0, 0, 0, 0, 0, 0, 0, 0, 0, 0, 0, 0, 0, 0, 0, 0, 0, 0, 1, 0, 0, 0, 0, 0, 0, 0, 0, 0, 0, 0, 0, 0, 0, 0, 0, 0, 0, 0, 0, 0, 0, 0, 0, 0)"
2.315513,50,17.70146,0,"(np.int64(29439), np.int64(462), np.int64(21048), np.int64(6561), np.int64(42911), np.int64(18886), np.int64(24389), np.int64(31011), np.int64(31830), np.int64(43452), np.int64(8886), np.int64(801), np.int64(35908), np.int64(19015), np.int64(20151), np.int64(4095), np.int64(27726), np.int64(5473), np.int64(39616), np.int64(27016), np.int64(13271), np.int64(34925), np.int64(8261), np.int64(35457), np.int64(30212), np.int64(28161), np.int64(6046), np.int64(39690), np.int64(177), np.int64(15469), np.int64(20942), np.int64(944), np.int64(2617), np.int64(44880), np.int64(773), np.int64(41060), np.int64(5888), np.int64(44185), np.int64(11559), np.int64(49966), np.int64(38176), np.int64(41692), np.int64(49122), np.int64(27610), np.int64(30973), np.int64(37793), np.int64(14223), np.int64(42311), np.int64(37373), np.int64(11206))","(0, 0, 0, 0, 0, 0, 0, 0, 0, 0, 0, 1, 0, 0, 0, 0, 0, 0, 0, 0, 0, 0, 0, 0, 0, 0, 0, 0, 0, 0, 0, 0, 0, 0, 1, 0, 0, 0, 0, 0, 0, 0, 0, 0, 0, 0, 0, 0, 0, 1)"
4.384638,50,18.158301,0,"(np.int64(19007), np.int64(30974), np.int64(14004), np.int64(12148), np.int64(13931), np.int64(14732), np.int64(18260), np.int64(37520), np.int64(42296), np.int64(14555), np.int64(17813), np.int64(25773), np.int64(48405), np.int64(6891), np.int64(28208), np.int64(49367), np.int64(34219), np.int64(16970), np.int64(42201), np.int64(40084), np.int64(40306), np.int64(17898), np.int64(16427), np.int64(1431), np.int64(44368), np.int64(45333), np.int64(10112), np.int64(41226), np.int64(22485), np.int64(23717), np.int64(33831), np.int64(404), np.int64(18253), np.int64(1218), np.int64(36488), np.int64(513), np.int64(10634), np.int64(15064), np.int64(49633), np.int64(2100), np.int64(37125), np.int64(36493), np.int64(8617), np.int64(34177), np.int64(17932), np.int64(32077), np.int64(45734), np.int64(12858), np.int64(43675), np.int64(15987))","(0, 0, 0, 0, 0, 0, 0, 0, 0, 0, 0, 0, 0, 0, 0, 0, 0, 0, 0, 0, 0, 0, 1, 0, 0, 0, 0, 1, 0, 0, 0, 0, 0, 1, 0, 0, 1, 0, 0, 0, 0, 0, 0, 0, 1, 0, 0, 0, 0, 1)"
3.691716,50,18.609271,0,"(np.int64(22775), np.int64(29906), np.int64(43543), np.int64(15652), np.int64(40879), np.int64(24054), np.int64(373), np.int64(40106), np.int64(41442), np.int64(19289), np.int64(38784), np.int64(4382), np.int64(32719), np.int64(3658), np.int64(43670), np.int64(4386), np.int64(17979), np.int64(37232), np.int64(8662), np.int64(25971), np.int64(40360), np.int64(40153), np.int64(46120), np.int64(13283), np.int64(23294), np.int64(47835), np.int64(17998), np.int64(46903), np.int64(34250), np.int64(28393), np.int64(41145), np.int64(14864), np.int64(45488), np.int64(47284), np.int64(43659), np.int64(5608), np.int64(2689), np.int64(48761), np.int64(6612), np.int64(12494), np.int64(49592), np.int64(10803), np.int64(9097), np.int64(11379), np.int64(15404), np.int64(3897), np.int64(37862), np.int64(22864), np.int64(45490), np.int64(36335))","(0, 0, 0, 0, 0, 0, 0, 0, 0, 0, 0, 0, 0, 1, 0, 0, 0, 0, 0, 1, 0, 0, 1, 0, 0, 0, 0, 0, 1, 0, 0, 0, 0, 0, 0, 0, 0, 0, 0, 0, 0, 0, 0, 0, 1, 0, 0, 0, 0, 0)"
4.476035,50,24.283639,0,"(np.int64(21463), np.int64(3490), np.int64(39323), np.int64(14799), np.int64(38606), np.int64(11871), np.int64(46655), np.int64(45186), np.int64(45710), np.int64(20704), np.int64(36102), np.int64(5777), np.int64(18130), np.int64(18629), np.int64(1804), np.int64(16388), np.int64(16112), np.int64(3050), np.int64(19967), np.int64(20892), np.int64(32005), np.int64(13519), np.int64(49422), np.int64(49465), np.int64(45475), np.int64(14272), np.int64(25501), np.int64(36277), np.int64(14154), np.int64(32022), np.int64(13619), np.int64(11395), np.int64(49909), np.int64(25202), np.int64(16856), np.int64(14272), np.int64(39652), np.int64(44492), np.int64(364), np.int64(7342), np.int64(7151), np.int64(46478), np.int64(42458), np.int64(4840), np.int64(38321), np.int64(39383), np.int64(8817), np.int64(28395), np.int64(47054), np.int64(43730))","(0, 0, 0, 0, 0, 1, 1, 0, 0, 1, 0, 0, 0, 0, 0, 0, 0, 0, 1, 0, 0, 0, 0, 0, 0, 0, 1, 0, 0, 0, 0, 0, 0, 0, 0, 0, 0, 0, 1, 0, 0, 0, 0, 0, 0, 0, 0, 0, 0, 0)"
2.289061,50,24.743309,0,"(np.int64(24890), np.int64(10573), np.int64(38104), np.int64(23936), np.int64(10408), np.int64(4553), np.int64(2146), np.int64(10098), np.int64(49482), np.int64(44571), np.int64(8111), np.int64(30096), np.int64(46365), np.int64(6618), np.int64(43957), np.int64(19591), np.int64(40611), np.int64(10722), np.int64(17215), np.int64(25992), np.int64(33179), np.int64(11016), np.int64(31051), np.int64(7900), np.int64(14103), np.int64(17972), np.int64(43055), np.int64(45074), np.int64(44585), np.int64(38928), np.int64(38730), np.int64(13585), np.int64(5551), np.int64(40311), np.int64(33048), np.int64(21415), np.int64(23829), np.int64(18529), np.int64(24758), np.int64(17261), np.int64(26005), np.int64(24766), np.int64(22721), np.int64(33513), np.int64(552), np.int64(41238), np.int64(5854), np.int64(25892), np.int64(16687), np.int64(12189))","(0, 0, 0, 0, 0, 0, 1, 0, 0, 0, 0, 0, 0, 0, 0, 0, 0, 0, 0, 0, 0, 0, 0, 0, 0, 0, 1, 0, 0, 0, 0, 0, 0, 0, 0, 0, 0, 0, 0, 0, 0, 0, 0, 0, 0, 0, 0, 0, 1, 0)"
1.648956,50,25.19801,0,"(np.int64(41944), np.int64(45617), np.int64(22645), np.int64(19439), np.int64(1123), np.int64(16729), np.int64(16539), np.int64(23845), np.int64(16013), np.int64(36716), np.int64(3553), np.int64(22026), np.int64(21721), np.int64(2202), np.int64(35434), np.int64(47839), np.int64(41890), np.int64(27629), np.int64(25530), np.int64(15375), np.int64(1934), np.int64(47355), np.int64(35517), np.int64(49729), np.int64(25020), np.int64(30271), np.int64(38888), np.int64(34081), np.int64(11949), np.int64(31045), np.int64(38445), np.int64(34567), np.int64(48232), np.int64(45443), np.int64(20375), np.int64(7822), np.int64(11424), np.int64(48761), np.int64(20329), np.int64(44826), np.int64(42541), np.int64(8341), np.int64(29216), np.int64(2768), np.int64(49566), np.int64(14774), np.int64(31546), np.int64(29637), np.int64(11439), np.int64(25053))","(0, 0, 0, 0, 0, 0, 0, 0, 0, 0, 0, 0, 0, 0, 0, 0, 0, 0, 0, 0, 0, 0, 0, 0, 0, 0, 0, 0, 0, 0, 0, 0, 0, 0, 0, 0, 0, 0, 0, 0, 0, 0, 1, 0, 0, 1, 0, 0, 0, 0)"
3.023986,50,25.651205,0,"(np.int64(41204), np.int64(23124), np.int64(6459), np.int64(37926), np.int64(19393), np.int64(44244), np.int64(32768), np.int64(16676), np.int64(15571), np.int64(4610), np.int64(17572), np.int64(28571), np.int64(17399), np.int64(7510), np.int64(23401), np.int64(18249), np.int64(9187), np.int64(6308), np.int64(434), np.int64(6260), np.int64(5636), np.int64(17077), np.int64(33271), np.int64(35329), np.int64(37182), np.int64(16638), np.int64(12336), np.int64(5595), np.int64(42665), np.int64(48342), np.int64(17640), np.int64(14190), np.int64(31019), np.int64(29807), np.int64(9503), np.int64(12336), np.int64(2339), np.int64(5690), np.int64(32443), np.int64(3045), np.int64(6352), np.int64(29117), np.int64(5534), np.int64(44694), np.int64(36370), np.int64(18119), np.int64(6089), np.int64(33266), np.int64(14514), np.int64(27285))","(0, 0, 0, 0, 0, 0, 0, 0, 0, 0, 0, 0, 0, 0, 0, 0, 0, 0, 0, 0, 0, 1, 0, 0, 0, 0, 0, 1, 0, 0, 0, 0, 0, 0, 0, 0, 0, 1, 0, 0, 0, 0, 0, 0, 1, 0, 0, 0, 0, 0)"
3.93784,50,26.125249,0,"(np.int64(42147), np.int64(4500), np.int64(14124), np.int64(25448), np.int64(46762), np.int64(39473), np.int64(30512), np.int64(49594), np.int64(19791), np.int64(6128), np.int64(45183), np.int64(805), np.int64(9695), np.int64(14717), np.int64(36750), np.int64(7594), np.int64(10879), np.int64(14495), np.int64(41650), np.int64(17662), np.int64(30494), np.int64(39552), np.int64(19747), np.int64(762), np.int64(41489), np.int64(22803), np.int64(43712), np.int64(21270), np.int64(49150), np.int64(27635), np.int64(15867), np.int64(15183), np.int64(1180), np.int64(6795), np.int64(23059), np.int64(20142), np.int64(20997), np.int64(41024), np.int64(22473), np.int64(24593), np.int64(25048), np.int64(39063), np.int64(16293), np.int64(16416), np.int64(48537), np.int64(33928), np.int64(39049), np.int64(47670), np.int64(28152), np.int64(41121))","(0, 0, 1, 0, 0, 0, 0, 0, 1, 0, 0, 1, 0, 0, 0, 0, 1, 0, 0, 0, 0, 0, 0, 1, 0, 0, 0, 0, 0, 0, 0, 0, 0, 0, 0, 0, 0, 0, 0, 0, 0, 0, 0, 0, 0, 0, 0, 0, 0, 0)"
3.775855,50,26.580338,0,"(np.int64(23429), np.int64(31314), np.int64(11981), np.int64(24599), np.int64(43382), np.int64(22185), np.int64(22069), np.int64(27555), np.int64(11255), np.int64(21622), np.int64(20676), np.int64(16074), np.int64(4754), np.int64(30878), np.int64(30330), np.int64(33472), np.int64(18092), np.int64(24634), np.int64(33513), np.int64(19915), np.int64(31456), np.int64(31515), np.int64(19427), np.int64(36128), np.int64(6059), np.int64(11399), np.int64(40115), np.int64(39713), np.int64(33405), np.int64(32947), np.int64(7607), np.int64(7455), np.int64(36872), np.int64(14304), np.int64(34242), np.int64(20593), np.int64(5389), np.int64(14502), np.int64(22117), np.int64(43676), np.int64(12902), np.int64(31109), np.int64(44598), np.int64(37509), np.int64(35313), np.int64(4991), np.int64(11408), np.int64(46622), np.int64(46010), np.int64(1946))","(0, 0, 0, 0, 0, 0, 0, 0, 1, 0, 0, 0, 0, 0, 0, 0, 0, 0, 0, 0, 0, 0, 0, 0, 0, 0, 0, 0, 0, 0, 0, 0, 0, 0, 0, 0, 1, 0, 1, 1, 0, 0, 0, 1, 0, 0, 0, 0, 0, 0)"
3.090791,50,27.032581,0,"(np.int64(47118), np.int64(46656), np.int64(29372), np.int64(39375), np.int64(29183), np.int64(8701), np.int64(14214), np.int64(6783), np.int64(3732), np.int64(11879), np.int64(35962), np.int64(3573), np.int64(8584), np.int64(46602), np.int64(24862), np.int64(8590), np.int64(31342), np.int64(12865), np.int64(12882), np.int64(26179), np.int64(27562), np.int64(17826), np.int64(36229), np.int64(20289), np.int64(2229), np.int64(18289), np.int64(31403), np.int64(18161), np.int64(4696), np.int64(36546), np.int64(18738), np.int64(35459), np.int64(13498), np.int64(11110), np.int64(17866), np.int64(7676), np.int64(10185), np.int64(12922), np.int64(3491), np.int64(28601), np.int64(17060), np.int64(21857), np.int64(1296), np.int64(25405), np.int64(28529), np.int64(25243), np.int64(19495), np.int64(18310), np.int64(46574), np.int64(24590))","(0, 0, 0, 0, 1, 0, 0, 0, 0, 0, 0, 0, 0, 0, 0, 0, 0, 0, 0, 0, 0, 0, 0, 0, 1, 1, 0, 0, 0, 0, 0, 0, 0, 0, 0, 0, 0, 1, 0, 0, 0, 0, 0, 0, 0, 0, 0, 0, 0, 0)"
3.602437,50,27.484186,0,"(np.int64(26925), np.int64(15172), np.int64(3825), np.int64(9503), np.int64(31050), np.int64(6760), np.int64(18115), np.int64(48855), np.int64(28633), np.int64(42863), np.int64(20465), np.int64(2360), np.int64(15817), np.int64(10740), np.int64(26607), np.int64(21004), np.int64(38367), np.int64(46354), np.int64(4204), np.int64(23148), np.int64(18426), np.int64(31586), np.int64(32034), np.int64(26501), np.int64(20211), np.int64(33391), np.int64(46292), np.int64(21315), np.int64(40242), np.int64(12105), np.int64(27115), np.int64(24430), np.int64(4304), np.int64(45404), np.int64(47852), np.int64(31770), np.int64(25757), np.int64(48318), np.int64(30981), np.int64(43039), np.int64(11654), np.int64(38979), np.int64(12248), np.int64(33769), np.int64(39), np.int64(22284), np.int64(34531), np.int64(36106), np.int64(38413), np.int64(29428))","(1, 0, 0, 0, 0, 0, 0, 0, 1, 0, 0, 0, 0, 0, 1, 0, 0, 0, 0, 0, 0, 0, 0, 0, 0, 0, 0, 0, 0, 0, 0, 1, 0, 0, 0, 0, 0, 0, 0, 0, 0, 0, 0, 1, 0, 0, 0, 0, 0, 0)"
5.150678,50,27.93626,0,"(np.int64(2671), np.int64(5233), np.int64(25053), np.int64(38501), np.int64(13698), np.int64(15734), np.int64(36759), np.int64(35384), np.int64(20747), np.int64(34368), np.int64(44444), np.int64(43875), np.int64(37418), np.int64(24322), np.int64(10957), np.int64(30441), np.int64(7846), np.int64(47659), np.int64(34974), np.int64(395), np.int64(44657), np.int64(36629), np.int64(49904), np.int64(31006), np.int64(17481), np.int64(32363), np.int64(35327), np.int64(24553), np.int64(5334), np.int64(36607), np.int64(46139), np.int64(29261), np.int64(21942), np.int64(8130), np.int64(11239), np.int64(13101), np.int64(8479), np.int64(16802), np.int64(32729), np.int64(26033), np.int64(42031), np.int64(2189), np.int64(6359), np.int64(7990), np.int64(29130), np.int64(16940), np.int64(47229), np.int64(695), np.int64(34022), np.int64(40016))","(0, 0, 0, 0, 0, 0, 0, 0, 1, 1, 0, 0, 0, 0, 1, 0, 0, 0, 0, 0, 0, 0, 0, 0, 0, 0, 0, 0, 0, 0, 0, 0, 1, 0, 0, 0, 0, 1, 1, 0, 0, 0, 0, 1, 0, 0, 0, 0, 0, 0)"
3.709687,50,28.386196,0,"(np.int64(36651), np.int64(9140), np.int64(30450), np.int64(45037), np.int64(15039), np.int64(303), np.int64(31871), np.int64(33229), np.int64(7867), np.int64(39133), np.int64(38064), np.int64(10159), np.int64(33612), np.int64(7835), np.int64(32702), np.int64(2), np.int64(32266), np.int64(38430), np.int64(33957), np.int64(19456), np.int64(2830), np.int64(4071), np.int64(9332), np.int64(42945), np.int64(221), np.int64(36462), np.int64(18955), np.int64(48396), np.int64(23412), np.int64(27638), np.int64(7885), np.int64(27783), np.int64(34557), np.int64(47790), np.int64(15268), np.int64(33238), np.int64(29296), np.int64(22962), np.int64(43690), np.int64(7653), np.int64(18767), np.int64(5270), np.int64(23826), np.int64(31925), np.int64(26045), np.int64(2160), np.int64(45751), np.int64(30582), np.int64(49289), np.int64(27269))","(0, 0, 0, 0, 0, 0, 0, 0, 1, 1, 1, 1, 0, 0, 1, 0, 0, 0, 0, 0, 0, 0, 0, 0, 0, 0, 0, 0, 0, 0, 0, 0, 0, 0, 0, 0, 0, 0, 0, 0, 0, 0, 0, 0, 0, 0, 0, 0, 0, 0)"
2.363724,50,28.840155,0,"(np.int64(47404), np.int64(48352), np.int64(8323), np.int64(22760), np.int64(34973), np.int64(3268), np.int64(15140), np.int64(39940), np.int64(3224), np.int64(45013), np.int64(8208), np.int64(28087), np.int64(14533), np.int64(37774), np.int64(23602), np.int64(26800), np.int64(5398), np.int64(13208), np.int64(6433), np.int64(29644), np.int64(7589), np.int64(43364), np.int64(100), np.int64(12149), np.int64(72), np.int64(18999), np.int64(43150), np.int64(21067), np.int64(38253), np.int64(10237), np.int64(6350), np.int64(7413), np.int64(2381), np.int64(23795), np.int64(16560), np.int64(30635), np.int64(8888), np.int64(6787), np.int64(41493), np.int64(4155), np.int64(13612), np.int64(9188), np.int64(6730), np.int64(22983), np.int64(37363), np.int64(33525), np.int64(15526), np.int64(37786), np.int64(33544), np.int64(26975))","(0, 0, 0, 0, 0, 0, 0, 0, 0, 0, 1, 0, 0, 1, 0, 0, 0, 0, 0, 0, 0, 0, 0, 0, 1, 0, 0, 0, 0, 0, 0, 0, 0, 0, 0, 0, 0, 0, 0, 0, 0, 0, 0, 0, 0, 0, 0, 0, 0, 0)"
2.220994,50,29.292211,0,"(np.int64(94), np.int64(6695), np.int64(15552), np.int64(17554), np.int64(9261), np.int64(33595), np.int64(23963), np.int64(17186), np.int64(14336), np.int64(26024), np.int64(34310), np.int64(25675), np.int64(32982), np.int64(37538), np.int64(14713), np.int64(47805), np.int64(41029), np.int64(40940), np.int64(8425), np.int64(5884), np.int64(44482), np.int64(34215), np.int64(38911), np.int64(25901), np.int64(28143), np.int64(42329), np.int64(3030), np.int64(38821), np.int64(427), np.int64(25250), np.int64(8045), np.int64(16517), np.int64(1626), np.int64(40073), np.int64(6611), np.int64(47733), np.int64(44778), np.int64(1765), np.int64(28985), np.int64(22086), np.int64(4704), np.int64(29325), np.int64(949), np.int64(18759), np.int64(5275), np.int64(20170), np.int64(34355), np.int64(5054), np.int64(13881), np.int64(4072))","(0, 0, 0, 0, 0, 0, 0, 0, 0, 0, 0, 0, 0, 0, 0, 0, 0, 0, 0, 0, 0, 0, 1, 0, 0, 0, 0, 0, 0, 0, 0, 0, 0, 0, 0, 0, 0, 1, 0, 0, 0, 0, 1, 0, 0, 0, 0, 0, 0, 0)"
1.451338,50,29.745928,0,"(np.int64(3501), np.int64(26904), np.int64(45428), np.int64(38508), np.int64(28838), np.int64(45367), np.int64(25136), np.int64(17430), np.int64(44096), np.int64(29920), np.int64(16929), np.int64(10855), np.int64(44711), np.int64(36653), np.int64(29198), np.int64(46955), np.int64(31558), np.int64(33771), np.int64(7800), np.int64(48927), np.int64(175), np.int64(29451), np.int64(26507), np.int64(11717), np.int64(24560), np.int64(48782), np.int64(41002), np.int64(19280), np.int64(11977), np.int64(8326), np.int64(15521), np.int64(11297), np.int64(41740), np.int64(5785), np.int64(2635), np.int64(6773), np.int64(4178), np.int64(18920), np.int64(23571), np.int64(4571), np.int64(48575), np.int64(30757), np.int64(43670), np.int64(32045), np.int64(18344), np.int64(8572), np.int64(21350), np.int64(6251), np.int64(48361), np.int64(26801))","(1, 0, 0, 0, 0, 0, 0, 0, 0, 0, 0, 0, 0, 0, 0, 0, 0, 0, 0, 0, 0, 0, 0, 0, 0, 0, 0, 0, 0, 0, 0, 0, 0, 0, 0, 0, 0, 0, 1, 0, 0, 0, 0, 0, 0, 0, 0, 0, 0, 0)"
3.701958,50,30.197605,0,"(np.int64(43722), np.int64(4387), np.int64(14123), np.int64(44266), np.int64(39586), np.int64(13682), np.int64(26648), np.int64(48322), np.int64(11595), np.int64(11296), np.int64(22214), np.int64(42729), np.int64(12234), np.int64(27810), np.int64(26950), np.int64(38072), np.int64(42262), np.int64(15146), np.int64(33997), np.int64(686), np.int64(39313), np.int64(10639), np.int64(18332), np.int64(26527), np.int64(4441), np.int64(35388), np.int64(23715), np.int64(26844), np.int64(39532), np.int64(47767), np.int64(129), np.int64(5759), np.int64(16440), np.int64(7521), np.int64(2319), np.int64(45829), np.int64(25870), np.int64(14964), np.int64(37067), np.int64(17847), np.int64(14970), np.int64(9231), np.int64(36894), np.int64(31541), np.int64(5740), np.int64(31032), np.int64(19653), np.int64(29473), np.int64(34309), np.int64(48330))","(0, 0, 1, 0, 0, 0, 0, 0, 0, 1, 0, 0, 1, 0, 0, 0, 0, 0, 0, 0, 0, 0, 0, 0, 0, 0, 0, 0, 0, 0, 0, 0, 0, 1, 0, 0, 0, 0, 0, 0, 1, 0, 0, 0, 0, 0, 0, 0, 0, 0)"
4.356031,50,30.649884,0,"(np.int64(8496), np.int64(2950), np.int64(5539), np.int64(47417), np.int64(4010), np.int64(38399), np.int64(20192), np.int64(26608), np.int64(37774), np.int64(40908), np.int64(36414), np.int64(3253), np.int64(27642), np.int64(13594), np.int64(32363), np.int64(19337), np.int64(23694), np.int64(3305), np.int64(30709), np.int64(25822), np.int64(48903), np.int64(27263), np.int64(32141), np.int64(33610), np.int64(48459), np.int64(43145), np.int64(8050), np.int64(198), np.int64(49854), np.int64(23995), np.int64(15314), np.int64(39867), np.int64(10108), np.int64(26954), np.int64(18913), np.int64(15272), np.int64(16206), np.int64(29426), np.int64(25606), np.int64(2219), np.int64(26430), np.int64(38174), np.int64(46748), np.int64(47702), np.int64(14879), np.int64(35744), np.int64(29014), np.int64(12452), np.int64(45701), np.int64(4937))","(0, 0, 0, 0, 0, 0, 0, 0, 1, 0, 0, 0, 0, 0, 0, 0, 1, 0, 0, 0, 0, 0, 0, 0, 0, 0, 0, 0, 0, 0, 1, 0, 0, 0, 0, 0, 0, 0, 0, 0, 1, 0, 0, 0, 0, 1, 0, 0, 1, 0)"
4.51724,50,31.101493,0,"(np.int64(7127), np.int64(25051), np.int64(37321), np.int64(39867), np.int64(46276), np.int64(4264), np.int64(32374), np.int64(40034), np.int64(47093), np.int64(18777), np.int64(36161), np.int64(23461), np.int64(27200), np.int64(14189), np.int64(46423), np.int64(5627), np.int64(11605), np.int64(21941), np.int64(30875), np.int64(28823), np.int64(32901), np.int64(19990), np.int64(29025), np.int64(4312), np.int64(10213), np.int64(35684), np.int64(6929), np.int64(42172), np.int64(28008), np.int64(29300), np.int64(13618), np.int64(39410), np.int64(24433), np.int64(35107), np.int64(21856), np.int64(42787), np.int64(49034), np.int64(15188), np.int64(46017), np.int64(29319), np.int64(10108), np.int64(16356), np.int64(18165), np.int64(33710), np.int64(40894), np.int64(48254), np.int64(18928), np.int64(42534), np.int64(6010), np.int64(2301))","(0, 0, 0, 0, 0, 0, 0, 0, 0, 0, 0, 0, 0, 1, 0, 1, 0, 0, 0, 0, 0, 0, 0, 0, 0, 0, 1, 0, 0, 0, 0, 0, 1, 0, 1, 0, 0, 0, 0, 0, 0, 0, 0, 0, 1, 0, 0, 0, 0, 0)"
6.291649,50,31.551154,0,"(np.int64(30207), np.int64(46274), np.int64(22534), np.int64(9437), np.int64(45822), np.int64(5560), np.int64(9802), np.int64(7519), np.int64(1700), np.int64(19328), np.int64(34577), np.int64(26318), np.int64(33087), np.int64(11796), np.int64(38402), np.int64(25607), np.int64(20144), np.int64(8521), np.int64(39399), np.int64(43407), np.int64(38264), np.int64(43182), np.int64(25814), np.int64(11032), np.int64(36549), np.int64(12566), np.int64(37057), np.int64(9539), np.int64(46783), np.int64(35984), np.int64(45367), np.int64(40216), np.int64(29866), np.int64(15624), np.int64(23565), np.int64(36749), np.int64(22373), np.int64(12716), np.int64(19235), np.int64(16409), np.int64(28399), np.int64(19949), np.int64(8185), np.int64(2745), np.int64(45763), np.int64(4547), np.int64(40057), np.int64(40899), np.int64(4019), np.int64(12374))","(0, 0, 0, 0, 0, 0, 0, 0, 0, 1, 0, 0, 1, 1, 0, 0, 1, 0, 0, 0, 0, 0, 0, 1, 0, 0, 0, 0, 0, 0, 0, 0, 0, 0, 0, 0, 0, 1, 1, 0, 0, 0, 0, 0, 0, 1, 0, 0, 0, 0)"
4.354949,50,32.0065,0,"(np.int64(2021), np.int64(11684), np.int64(23714), np.int64(42164), np.int64(14572), np.int64(355), np.int64(31895), np.int64(27787), np.int64(2976), np.int64(1189), np.int64(23980), np.int64(18909), np.int64(31932), np.int64(11045), np.int64(8192), np.int64(27560), np.int64(14218), np.int64(730), np.int64(49673), np.int64(10956), np.int64(39236), np.int64(25131), np.int64(37821), np.int64(18171), np.int64(48550), np.int64(47057), np.int64(2280), np.int64(21753), np.int64(24777), np.int64(41776), np.int64(29609), np.int64(29437), np.int64(10046), np.int64(30953), np.int64(12312), np.int64(14471), np.int64(2701), np.int64(28272), np.int64(29543), np.int64(6290), np.int64(28269), np.int64(33889), np.int64(45128), np.int64(6923), np.int64(22356), np.int64(25887), np.int64(17610), np.int64(37756), np.int64(6690), np.int64(6272))","(0, 0, 0, 0, 0, 0, 0, 0, 0, 0, 0, 1, 1, 0, 0, 0, 0, 0, 0, 1, 0, 0, 0, 0, 0, 0, 0, 0, 0, 0, 0, 0, 1, 0, 0, 1, 0, 0, 0, 0, 0, 0, 0, 0, 0, 1, 0, 0, 0, 0)"
3.73682,50,32.459221,0,"(np.int64(5020), np.int64(2860), np.int64(29697), np.int64(48944), np.int64(27056), np.int64(40345), np.int64(42178), np.int64(31519), np.int64(27223), np.int64(4516), np.int64(36278), np.int64(26489), np.int64(15026), np.int64(56), np.int64(7401), np.int64(697), np.int64(15077), np.int64(20212), np.int64(28433), np.int64(28610), np.int64(21005), np.int64(5433), np.int64(17307), np.int64(5815), np.int64(15136), np.int64(14251), np.int64(19483), np.int64(48652), np.int64(7292), np.int64(25344), np.int64(36413), np.int64(44531), np.int64(4490), np.int64(45384), np.int64(31442), np.int64(18625), np.int64(4481), np.int64(30374), np.int64(4221), np.int64(47319), np.int64(28874), np.int64(13337), np.int64(27198), np.int64(2532), np.int64(22372), np.int64(42518), np.int64(46354), np.int64(28378), np.int64(17870), np.int64(22167))","(0, 0, 0, 0, 0, 0, 0, 0, 0, 0, 0, 0, 0, 0, 0, 0, 1, 0, 0, 0, 0, 1, 0, 0, 0, 0, 0, 0, 1, 0, 0, 0, 0, 0, 0, 0, 0, 0, 1, 0, 0, 0, 0, 1, 0, 0, 0, 0, 0, 0)"
2.21522,50,32.910975,0,"(np.int64(32951), np.int64(49829), np.int64(26648), np.int64(8625), np.int64(34033), np.int64(46285), np.int64(27468), np.int64(24266), np.int64(47901), np.int64(49127), np.int64(26235), np.int64(20585), np.int64(22400), np.int64(36494), np.int64(17070), np.int64(13942), np.int64(1195), np.int64(24920), np.int64(19699), np.int64(10878), np.int64(10025), np.int64(33184), np.int64(5062), np.int64(25987), np.int64(16979), np.int64(20268), np.int64(4570), np.int64(46172), np.int64(32383), np.int64(34808), np.int64(30459), np.int64(13386), np.int64(27469), np.int64(19211), np.int64(6891), np.int64(38824), np.int64(5854), np.int64(23298), np.int64(27360), np.int64(47772), np.int64(30934), np.int64(12292), np.int64(7694), np.int64(34863), np.int64(31253), np.int64(1765), np.int64(16932), np.int64(12692), np.int64(28184), np.int64(29103))","(0, 0, 0, 0, 0, 0, 0, 0, 0, 0, 0, 0, 0, 0, 0, 0, 0, 0, 0, 0, 0, 0, 1, 0, 1, 0, 0, 0, 0, 0, 0, 0, 0, 0, 0, 0, 0, 0, 0, 0, 0, 0, 0, 0, 0, 1, 0, 0, 0, 0)"
6.476564,50,33.362352,0,"(np.int64(30133), np.int64(25341), np.int64(47771), np.int64(21629), np.int64(17165), np.int64(23704), np.int64(12328), np.int64(28575), np.int64(5730), np.int64(13859), np.int64(25029), np.int64(39625), np.int64(39359), np.int64(15290), np.int64(48234), np.int64(19614), np.int64(2539), np.int64(39487), np.int64(43943), np.int64(26920), np.int64(12076), np.int64(23318), np.int64(8991), np.int64(19008), np.int64(23427), np.int64(45558), np.int64(22324), np.int64(14994), np.int64(10942), np.int64(773), np.int64(38761), np.int64(7686), np.int64(33217), np.int64(13914), np.int64(48533), np.int64(28088), np.int64(18622), np.int64(15712), np.int64(18214), np.int64(28859), np.int64(36910), np.int64(28422), np.int64(10115), np.int64(31953), np.int64(44741), np.int64(38267), np.int64(20635), np.int64(45602), np.int64(16564), np.int64(2675))","(0, 0, 1, 0, 0, 0, 0, 0, 0, 0, 0, 1, 0, 0, 0, 1, 0, 0, 0, 0, 0, 1, 1, 0, 0, 0, 0, 0, 0, 1, 0, 1, 0, 0, 0, 0, 0, 0, 0, 0, 0, 0, 0, 0, 0, 1, 0, 1, 0, 0)"
3.834004,50,33.814492,0,"(np.int64(15392), np.int64(15752), np.int64(1386), np.int64(4818), np.int64(34141), np.int64(7728), np.int64(48296), np.int64(40643), np.int64(38668), np.int64(3388), np.int64(45417), np.int64(45995), np.int64(49960), np.int64(46174), np.int64(6631), np.int64(9774), np.int64(15429), np.int64(21381), np.int64(20808), np.int64(3148), np.int64(5316), np.int64(23213), np.int64(22718), np.int64(41570), np.int64(13268), np.int64(16995), np.int64(49624), np.int64(26559), np.int64(33290), np.int64(5513), np.int64(37926), np.int64(46004), np.int64(25524), np.int64(35154), np.int64(37780), np.int64(43288), np.int64(17322), np.int64(28449), np.int64(6641), np.int64(30471), np.int64(19759), np.int64(14315), np.int64(15646), np.int64(46499), np.int64(24285), np.int64(30658), np.int64(9353), np.int64(5269), np.int64(40829), np.int64(49409))","(1, 0, 0, 1, 0, 0, 0, 0, 0, 0, 0, 0, 0, 0, 0, 0, 0, 1, 0, 0, 0, 0, 0, 1, 0, 0, 0, 0, 0, 0, 0, 0, 0, 0, 0, 0, 0, 0, 0, 0, 0, 1, 0, 0, 0, 0, 0, 0, 0, 0)"
1.473646,50,34.267938,0,"(np.int64(448), np.int64(21143), np.int64(23319), np.int64(10597), np.int64(5547), np.int64(35208), np.int64(17845), np.int64(39033), np.int64(11133), np.int64(13438), np.int64(2713), np.int64(6529), np.int64(46829), np.int64(37315), np.int64(28323), np.int64(13894), np.int64(37153), np.int64(13775), np.int64(29611), np.int64(10551), np.int64(14097), np.int64(22519), np.int64(25673), np.int64(13995), np.int64(22633), np.int64(29226), np.int64(19921), np.int64(10565), np.int64(14469), np.int64(3414), np.int64(44136), np.int64(18521), np.int64(44618), np.int64(42296), np.int64(32904), np.int64(44668), np.int64(23176), np.int64(28684), np.int64(39671), np.int64(6866), np.int64(48497), np.int64(16329), np.int64(15736), np.int64(6540), np.int64(5366), np.int64(26639), np.int64(34237), np.int64(22233), np.int64(49534), np.int64(12306))","(0, 0, 0, 0, 0, 0, 0, 0, 0, 0, 0, 0, 0, 0, 0, 0, 0, 0, 0, 0, 0, 0, 0, 0, 0, 0, 0, 0, 0, 0, 0, 0, 0, 0, 0, 0, 0, 0, 0, 0, 0, 1, 0, 0, 0, 1, 0, 0, 0, 0)"
3.129386,50,34.720591,0,"(np.int64(39506), np.int64(25778), np.int64(46196), np.int64(36298), np.int64(6262), np.int64(10299), np.int64(25926), np.int64(6086), np.int64(14871), np.int64(3195), np.int64(26563), np.int64(8293), np.int64(1823), np.int64(13412), np.int64(44453), np.int64(4348), np.int64(2670), np.int64(2860), np.int64(6445), np.int64(31738), np.int64(48238), np.int64(44218), np.int64(20864), np.int64(28811), np.int64(6991), np.int64(5709), np.int64(19828), np.int64(9720), np.int64(19454), np.int64(40600), np.int64(38721), np.int64(35252), np.int64(49975), np.int64(47076), np.int64(6515), np.int64(25844), np.int64(2046), np.int64(15850), np.int64(15211), np.int64(30782), np.int64(29667), np.int64(17507), np.int64(34518), np.int64(12725), np.int64(28794), np.int64(45632), np.int64(21969), np.int64(34092), np.int64(44407), np.int64(10429))","(0, 0, 0, 0, 0, 0, 0, 1, 0, 0, 0, 0, 0, 1, 0, 0, 0, 0, 0, 0, 0, 0, 0, 0, 0, 0, 0, 1, 0, 0, 0, 0, 0, 0, 1, 0, 0, 0, 0, 0, 0, 0, 0, 0, 0, 0, 0, 0, 0, 0)"
1.509736,50,35.174996,0,"(np.int64(11735), np.int64(42978), np.int64(49909), np.int64(955), np.int64(39011), np.int64(18781), np.int64(13655), np.int64(19859), np.int64(34079), np.int64(36155), np.int64(31217), np.int64(2592), np.int64(31339), np.int64(30860), np.int64(14587), np.int64(34575), np.int64(26463), np.int64(48075), np.int64(2642), np.int64(30787), np.int64(39157), np.int64(42792), np.int64(37345), np.int64(30240), np.int64(23582), np.int64(15373), np.int64(35737), np.int64(16611), np.int64(1824), np.int64(46326), np.int64(4368), np.int64(35936), np.int64(30958), np.int64(4571), np.int64(33573), np.int64(8597), np.int64(39420), np.int64(16456), np.int64(15804), np.int64(18369), np.int64(32774), np.int64(26395), np.int64(10116), np.int64(14074), np.int64(17575), np.int64(17717), np.int64(45891), np.int64(49438), np.int64(47627), np.int64(39891))","(0, 0, 0, 0, 0, 0, 0, 0, 0, 0, 0, 1, 1, 0, 0, 0, 0, 0, 0, 0, 0, 0, 0, 0, 0, 0, 0, 0, 0, 0, 0, 0, 0, 0, 0, 0, 0, 0, 0, 0, 0, 0, 0, 0, 0, 0, 0, 0, 0, 0)"
5.91508,50,35.635905,0,"(np.int64(42189), np.int64(42128), np.int64(43451), np.int64(26678), np.int64(12654), np.int64(9089), np.int64(24487), np.int64(11464), np.int64(7170), np.int64(33693), np.int64(18714), np.int64(44600), np.int64(7465), np.int64(33867), np.int64(1991), np.int64(13028), np.int64(10005), np.int64(6378), np.int64(26349), np.int64(31281), np.int64(38877), np.int64(8092), np.int64(9855), np.int64(10579), np.int64(48037), np.int64(10603), np.int64(21260), np.int64(48718), np.int64(22580), np.int64(40937), np.int64(38305), np.int64(28655), np.int64(27118), np.int64(171), np.int64(4286), np.int64(23873), np.int64(12062), np.int64(10191), np.int64(5196), np.int64(29899), np.int64(5481), np.int64(16911), np.int64(24878), np.int64(30581), np.int64(13755), np.int64(20207), np.int64(29467), np.int64(16488), np.int64(40291), np.int64(34083))","(1, 0, 0, 0, 0, 0, 0, 0, 0, 0, 0, 0, 0, 0, 0, 0, 1, 0, 1, 0, 0, 0, 0, 1, 0, 0, 0, 0, 0, 0, 0, 0, 0, 1, 1, 1, 0, 0, 1, 0, 0, 0, 0, 0, 0, 0, 0, 0, 0, 0)"
3.04221,50,36.089745,0,"(np.int64(28743), np.int64(30094), np.int64(42868), np.int64(30845), np.int64(25213), np.int64(32460), np.int64(17464), np.int64(24272), np.int64(14658), np.int64(48581), np.int64(22764), np.int64(15292), np.int64(21715), np.int64(42702), np.int64(33204), np.int64(788), np.int64(13629), np.int64(789), np.int64(25654), np.int64(33379), np.int64(27410), np.int64(16826), np.int64(13331), np.int64(28350), np.int64(40267), np.int64(2584), np.int64(3893), np.int64(32494), np.int64(33265), np.int64(10695), np.int64(23928), np.int64(47759), np.int64(212), np.int64(39141), np.int64(10463), np.int64(47505), np.int64(11981), np.int64(43916), np.int64(36726), np.int64(30693), np.int64(33816), np.int64(48514), np.int64(48622), np.int64(25060), np.int64(36687), np.int64(18435), np.int64(1430), np.int64(2611), np.int64(24907), np.int64(1422))","(0, 0, 0, 0, 0, 0, 0, 0, 0, 0, 0, 0, 0, 0, 0, 0, 1, 0, 0, 0, 1, 0, 1, 0, 0, 0, 0, 0, 0, 0, 0, 0, 1, 0, 0, 0, 0, 0, 0, 0, 0, 0, 0, 0, 0, 0, 0, 0, 0, 0)"
8.109978,50,36.545355,0,"(np.int64(30563), np.int64(42884), np.int64(27868), np.int64(25233), np.int64(14325), np.int64(12884), np.int64(4434), np.int64(21654), np.int64(30936), np.int64(25651), np.int64(33067), np.int64(11581), np.int64(44762), np.int64(36520), np.int64(32542), np.int64(37772), np.int64(13865), np.int64(21750), np.int64(22983), np.int64(20437), np.int64(44598), np.int64(32978), np.int64(16942), np.int64(4627), np.int64(44062), np.int64(41594), np.int64(34294), np.int64(46658), np.int64(16342), np.int64(16355), np.int64(1283), np.int64(19794), np.int64(42982), np.int64(1531), np.int64(23639), np.int64(18954), np.int64(30198), np.int64(21939), np.int64(43534), np.int64(16332), np.int64(26650), np.int64(31726), np.int64(47034), np.int64(23778), np.int64(47377), np.int64(25970), np.int64(5007), np.int64(3894), np.int64(10920), np.int64(8590))","(0, 0, 0, 0, 0, 0, 1, 0, 0, 1, 0, 0, 0, 0, 1, 0, 0, 1, 0, 1, 0, 0, 0, 0, 0, 1, 1, 0, 1, 0, 1, 0, 0, 0, 0, 0, 0, 1, 0, 0, 0, 0, 0, 0, 0, 1, 0, 0, 0, 0)"
7.526013,50,37.000836,0,"(np.int64(18714), np.int64(34098), np.int64(34454), np.int64(6708), np.int64(27073), np.int64(21394), np.int64(5259), np.int64(15404), np.int64(7705), np.int64(11019), np.int64(24387), np.int64(4104), np.int64(23914), np.int64(38398), np.int64(23636), np.int64(29597), np.int64(20413), np.int64(13348), np.int64(2400), np.int64(27465), np.int64(26704), np.int64(29844), np.int64(19972), np.int64(1766), np.int64(6901), np.int64(29352), np.int64(21468), np.int64(16235), np.int64(12041), np.int64(9192), np.int64(45813), np.int64(23936), np.int64(40879), np.int64(45523), np.int64(4629), np.int64(21234), np.int64(10380), np.int64(11821), np.int64(35288), np.int64(28718), np.int64(9867), np.int64(11903), np.int64(4775), np.int64(47624), np.int64(12355), np.int64(23109), np.int64(11038), np.int64(38320), np.int64(45530), np.int64(95))","(0, 0, 0, 0, 0, 0, 0, 1, 0, 1, 1, 0, 0, 0, 0, 0, 0, 1, 0, 0, 1, 0, 1, 0, 0, 0, 1, 0, 0, 0, 0, 0, 0, 0, 0, 0, 0, 0, 0, 0, 1, 0, 0, 0, 0, 0, 1, 0, 0, 1)"
2.292778,50,37.459243,0,"(np.int64(3786), np.int64(6761), np.int64(27080), np.int64(22955), np.int64(32797), np.int64(13646), np.int64(2514), np.int64(42759), np.int64(25686), np.int64(36259), np.int64(45663), np.int64(37547), np.int64(33320), np.int64(22235), np.int64(11464), np.int64(44374), np.int64(17819), np.int64(16150), np.int64(49251), np.int64(7111), np.int64(49231), np.int64(37097), np.int64(43234), np.int64(30907), np.int64(42699), np.int64(48064), np.int64(3366), np.int64(45725), np.int64(32481), np.int64(21559), np.int64(31165), np.int64(23542), np.int64(48109), np.int64(5939), np.int64(26809), np.int64(35691), np.int64(34510), np.int64(16140), np.int64(6183), np.int64(38022), np.int64(21338), np.int64(21535), np.int64(6390), np.int64(20478), np.int64(27574), np.int64(38602), np.int64(7377), np.int64(45214), np.int64(6977), np.int64(11779))","(0, 0, 0, 0, 0, 0, 0, 0, 0, 0, 0, 0, 0, 0, 0, 0, 0, 0, 0, 0, 0, 0, 0, 0, 0, 0, 0, 0, 0, 0, 0, 0, 0, 0, 1, 1, 0, 0, 0, 0, 0, 0, 0, 0, 0, 0, 0, 0, 1, 0)"
5.358801,50,37.916312,0,"(np.int64(22179), np.int64(29885), np.int64(17548), np.int64(6894), np.int64(31386), np.int64(47665), np.int64(26985), np.int64(32415), np.int64(1855), np.int64(14655), np.int64(22293), np.int64(27875), np.int64(43060), np.int64(20516), np.int64(43497), np.int64(19078), np.int64(14160), np.int64(19366), np.int64(17029), np.int64(10030), np.int64(9423), np.int64(45813), np.int64(21447), np.int64(36410), np.int64(30969), np.int64(45380), np.int64(28496), np.int64(21251), np.int64(1250), np.int64(43907), np.int64(24805), np.int64(14805), np.int64(17543), np.int64(32879), np.int64(2991), np.int64(43337), np.int64(16346), np.int64(43047), np.int64(37131), np.int64(12267), np.int64(3170), np.int64(46297), np.int64(34210), np.int64(11034), np.int64(38061), np.int64(42312), np.int64(2804), np.int64(24279), np.int64(7047), np.int64(18743))","(0, 0, 0, 0, 0, 0, 0, 0, 1, 0, 0, 0, 0, 1, 0, 0, 0, 1, 0, 0, 1, 0, 0, 0, 0, 0, 0, 0, 0, 0, 0, 0, 1, 0, 0, 0, 0, 0, 0, 0, 0, 0, 0, 1, 0, 0, 0, 1, 0, 0)"
2.216348,50,38.374463,0,"(np.int64(44139), np.int64(39491), np.int64(5274), np.int64(48089), np.int64(7906), np.int64(1086), np.int64(46857), np.int64(37071), np.int64(32464), np.int64(43512), np.int64(29765), np.int64(22424), np.int64(32009), np.int64(31889), np.int64(15433), np.int64(40489), np.int64(11919), np.int64(25759), np.int64(47902), np.int64(26896), np.int64(3632), np.int64(8684), np.int64(16749), np.int64(17671), np.int64(49934), np.int64(3748), np.int64(47759), np.int64(1685), np.int64(25469), np.int64(40414), np.int64(11286), np.int64(737), np.int64(39047), np.int64(31320), np.int64(10441), np.int64(31701), np.int64(45901), np.int64(46621), np.int64(489), np.int64(28204), np.int64(20037), np.int64(10958), np.int64(4398), np.int64(23983), np.int64(35065), np.int64(12249), np.int64(17445), np.int64(13070), np.int64(20271), np.int64(36097))","(0, 0, 0, 0, 0, 0, 0, 0, 0, 0, 0, 0, 0, 0, 1, 0, 0, 0, 0, 0, 0, 0, 0, 0, 0, 0, 0, 0, 0, 0, 0, 0, 0, 0, 0, 0, 0, 0, 1, 0, 0, 0, 0, 0, 0, 1, 0, 0, 0, 0)"
2.872993,50,38.828128,0,"(np.int64(37579), np.int64(36496), np.int64(17792), np.int64(10438), np.int64(12372), np.int64(8344), np.int64(10231), np.int64(3052), np.int64(34028), np.int64(1779), np.int64(45807), np.int64(16709), np.int64(27235), np.int64(48155), np.int64(36569), np.int64(28388), np.int64(24263), np.int64(12879), np.int64(18810), np.int64(31689), np.int64(35629), np.int64(14871), np.int64(18451), np.int64(23275), np.int64(29607), np.int64(15399), np.int64(1020), np.int64(11689), np.int64(45120), np.int64(47687), np.int64(6891), np.int64(989), np.int64(41418), np.int64(34555), np.int64(44858), np.int64(22724), np.int64(47502), np.int64(18424), np.int64(18224), np.int64(15996), np.int64(5546), np.int64(8319), np.int64(36346), np.int64(11319), np.int64(2879), np.int64(23201), np.int64(23634), np.int64(43836), np.int64(32903), np.int64(24369))","(0, 0, 0, 0, 0, 0, 0, 0, 0, 0, 0, 0, 0, 0, 0, 0, 0, 0, 0, 0, 0, 0, 0, 0, 0, 0, 0, 0, 0, 0, 0, 1, 0, 0, 0, 0, 0, 0, 0, 0, 0, 0, 1, 1, 0, 0, 1, 0, 0, 0)"
3.822933,50,39.283681,0,"(np.int64(3256), np.int64(49567), np.int64(25761), np.int64(1148), np.int64(35672), np.int64(19507), np.int64(43577), np.int64(17861), np.int64(28480), np.int64(50000), np.int64(17787), np.int64(21612), np.int64(48916), np.int64(8429), np.int64(47104), np.int64(37233), np.int64(5339), np.int64(45634), np.int64(16101), np.int64(39442), np.int64(44234), np.int64(3522), np.int64(39527), np.int64(15444), np.int64(11496), np.int64(18303), np.int64(14470), np.int64(16353), np.int64(43968), np.int64(3763), np.int64(8698), np.int64(30774), np.int64(2900), np.int64(4182), np.int64(17605), np.int64(21632), np.int64(29731), np.int64(36592), np.int64(14826), np.int64(184), np.int64(29679), np.int64(47196), np.int64(4374), np.int64(26848), np.int64(43122), np.int64(19358), np.int64(32335), np.int64(42218), np.int64(16774), np.int64(34979))","(0, 0, 0, 1, 0, 0, 0, 0, 0, 0, 0, 0, 0, 0, 0, 0, 0, 0, 0, 0, 0, 0, 0, 0, 0, 0, 1, 0, 0, 1, 0, 0, 0, 1, 1, 0, 0, 0, 0, 0, 0, 0, 0, 0, 0, 0, 0, 0, 0, 0)"
5.122802,50,39.739069,0,"(np.int64(32541), np.int64(38185), np.int64(17068), np.int64(4324), np.int64(26102), np.int64(8397), np.int64(30465), np.int64(33864), np.int64(33056), np.int64(4036), np.int64(21755), np.int64(26867), np.int64(21310), np.int64(46147), np.int64(8357), np.int64(12244), np.int64(19595), np.int64(27118), np.int64(45159), np.int64(45615), np.int64(36459), np.int64(37138), np.int64(49510), np.int64(6471), np.int64(33711), np.int64(46114), np.int64(48281), np.int64(6812), np.int64(6415), np.int64(21765), np.int64(19664), np.int64(48074), np.int64(4407), np.int64(36831), np.int64(44476), np.int64(21908), np.int64(31806), np.int64(2934), np.int64(36511), np.int64(17691), np.int64(21868), np.int64(19395), np.int64(44932), np.int64(2931), np.int64(3426), np.int64(41654), np.int64(10869), np.int64(211), np.int64(8009), np.int64(28803))","(0, 0, 0, 0, 0, 0, 0, 0, 0, 0, 0, 1, 0, 0, 0, 0, 0, 0, 0, 0, 0, 0, 0, 0, 0, 0, 0, 0, 0, 0, 1, 0, 0, 0, 0, 0, 0, 0, 0, 0, 1, 1, 0, 0, 0, 0, 1, 1, 0, 1)"
2.27472,50,40.192956,0,"(np.int64(44846), np.int64(46757), np.int64(47084), np.int64(342), np.int64(9975), np.int64(46395), np.int64(49469), np.int64(3032), np.int64(5702), np.int64(22076), np.int64(34231), np.int64(45704), np.int64(49738), np.int64(17756), np.int64(46353), np.int64(20451), np.int64(28575), np.int64(49109), np.int64(24472), np.int64(9203), np.int64(8356), np.int64(36362), np.int64(37589), np.int64(31351), np.int64(26844), np.int64(45752), np.int64(17897), np.int64(34550), np.int64(40702), np.int64(22180), np.int64(15880), np.int64(34828), np.int64(12096), np.int64(22074), np.int64(30996), np.int64(45257), np.int64(3799), np.int64(38610), np.int64(38366), np.int64(40038), np.int64(25673), np.int64(5095), np.int64(2998), np.int64(7181), np.int64(43548), np.int64(9318), np.int64(2058), np.int64(15997), np.int64(21137), np.int64(16501))","(0, 0, 0, 0, 0, 0, 0, 0, 0, 1, 0, 0, 0, 0, 0, 0, 0, 0, 0, 0, 0, 0, 0, 1, 0, 0, 0, 0, 0, 0, 0, 0, 0, 0, 0, 0, 0, 0, 0, 0, 0, 0, 0, 0, 0, 0, 0, 1, 0, 0)"
0.745428,50,40.646108,0,"(np.int64(21183), np.int64(8747), np.int64(45022), np.int64(26368), np.int64(49226), np.int64(13033), np.int64(34103), np.int64(46468), np.int64(418), np.int64(38376), np.int64(33458), np.int64(45219), np.int64(44973), np.int64(9641), np.int64(36011), np.int64(42712), np.int64(7856), np.int64(20224), np.int64(38149), np.int64(43203), np.int64(5797), np.int64(29709), np.int64(8542), np.int64(3764), np.int64(23759), np.int64(25115), np.int64(24736), np.int64(47500), np.int64(4780), np.int64(38840), np.int64(34321), np.int64(16027), np.int64(14400), np.int64(821), np.int64(43972), np.int64(26508), np.int64(13366), np.int64(11881), np.int64(10863), np.int64(42904), np.int64(12048), np.int64(49451), np.int64(3318), np.int64(13461), np.int64(8342), np.int64(37631), np.int64(38957), np.int64(25430), np.int64(33130), np.int64(17496))","(0, 0, 0, 0, 0, 0, 0, 0, 0, 0, 0, 0, 0, 0, 0, 0, 0, 0, 0, 0, 0, 0, 0, 0, 0, 0, 0, 0, 0, 0, 0, 0, 0, 0, 0, 0, 0, 0, 0, 0, 0, 0, 0, 0, 0, 0, 0, 0, 0, 1)"
6.784941,50,41.096545,0,"(np.int64(20564), np.int64(23112), np.int64(35421), np.int64(12663), np.int64(36865), np.int64(41249), np.int64(33845), np.int64(7080), np.int64(26578), np.int64(28155), np.int64(23282), np.int64(18231), np.int64(2637), np.int64(41624), np.int64(40693), np.int64(18241), np.int64(3396), np.int64(18693), np.int64(21579), np.int64(28728), np.int64(43552), np.int64(24081), np.int64(5327), np.int64(19020), np.int64(49472), np.int64(10473), np.int64(17635), np.int64(5543), np.int64(1193), np.int64(2385), np.int64(25289), np.int64(15629), np.int64(12994), np.int64(3607), np.int64(44521), np.int64(39340), np.int64(24087), np.int64(228), np.int64(8628), np.int64(28658), np.int64(29025), np.int64(25798), np.int64(38388), np.int64(6559), np.int64(21836), np.int64(16768), np.int64(37666), np.int64(38617), np.int64(17626), np.int64(37780))","(0, 0, 0, 0, 0, 0, 0, 0, 0, 0, 0, 0, 0, 0, 0, 0, 0, 0, 0, 1, 0, 0, 1, 0, 0, 0, 0, 0, 0, 0, 0, 0, 1, 0, 0, 0, 0, 1, 0, 1, 0, 0, 0, 0, 1, 1, 1, 1, 0, 0)"
4.514609,50,41.551456,0,"(np.int64(24464), np.int64(27120), np.int64(9967), np.int64(15360), np.int64(41120), np.int64(39972), np.int64(23089), np.int64(28981), np.int64(4672), np.int64(3061), np.int64(37573), np.int64(4423), np.int64(32327), np.int64(7856), np.int64(40905), np.int64(8367), np.int64(29853), np.int64(30627), np.int64(6959), np.int64(29420), np.int64(31640), np.int64(43495), np.int64(40563), np.int64(8659), np.int64(46235), np.int64(31698), np.int64(9662), np.int64(31831), np.int64(18145), np.int64(43645), np.int64(27591), np.int64(20507), np.int64(5427), np.int64(34393), np.int64(22537), np.int64(40789), np.int64(29614), np.int64(37141), np.int64(4773), np.int64(44222), np.int64(17318), np.int64(32281), np.int64(20566), np.int64(36742), np.int64(29874), np.int64(4038), np.int64(14368), np.int64(24411), np.int64(8481), np.int64(8482))","(1, 0, 0, 0, 0, 0, 0, 0, 1, 0, 0, 1, 0, 0, 1, 0, 0, 0, 0, 0, 0, 0, 0, 0, 0, 0, 0, 0, 0, 0, 0, 1, 0, 0, 0, 0, 0, 0, 0, 0, 0, 0, 0, 0, 0, 0, 0, 0, 0, 1)"
4.639647,50,42.008944,0,"(np.int64(15654), np.int64(42989), np.int64(45178), np.int64(31003), np.int64(19799), np.int64(26145), np.int64(34161), np.int64(24297), np.int64(16081), np.int64(6749), np.int64(11437), np.int64(24865), np.int64(36224), np.int64(16259), np.int64(26234), np.int64(43772), np.int64(26739), np.int64(1956), np.int64(47081), np.int64(33177), np.int64(21005), np.int64(38082), np.int64(48840), np.int64(18919), np.int64(12136), np.int64(14598), np.int64(1994), np.int64(19143), np.int64(11425), np.int64(29486), np.int64(13259), np.int64(13710), np.int64(23409), np.int64(10101), np.int64(23104), np.int64(10632), np.int64(14049), np.int64(14437), np.int64(31398), np.int64(11197), np.int64(45641), np.int64(401), np.int64(27297), np.int64(35596), np.int64(49244), np.int64(7990), np.int64(14084), np.int64(1109), np.int64(7472), np.int64(8469))","(0, 0, 0, 0, 0, 0, 0, 0, 0, 0, 0, 0, 0, 0, 1, 0, 0, 0, 0, 0, 0, 0, 0, 0, 0, 0, 1, 0, 0, 0, 0, 0, 0, 0, 0, 1, 0, 0, 0, 1, 0, 0, 0, 0, 0, 1, 0, 0, 0, 1)"
5.302135,50,42.460321,0,"(np.int64(36529), np.int64(46357), np.int64(28656), np.int64(16752), np.int64(45644), np.int64(34283), np.int64(6528), np.int64(7936), np.int64(39401), np.int64(2008), np.int64(29444), np.int64(28934), np.int64(25919), np.int64(37058), np.int64(26284), np.int64(6309), np.int64(35150), np.int64(45587), np.int64(26990), np.int64(24685), np.int64(27755), np.int64(7338), np.int64(20972), np.int64(18716), np.int64(43877), np.int64(37937), np.int64(11950), np.int64(6998), np.int64(45894), np.int64(25819), np.int64(35263), np.int64(23345), np.int64(38405), np.int64(2701), np.int64(26418), np.int64(30942), np.int64(11374), np.int64(25153), np.int64(4004), np.int64(14901), np.int64(47732), np.int64(27948), np.int64(30110), np.int64(13706), np.int64(305), np.int64(16984), np.int64(17148), np.int64(7824), np.int64(40894), np.int64(49632))","(1, 0, 0, 0, 0, 0, 0, 0, 0, 0, 0, 0, 0, 0, 0, 1, 0, 0, 0, 0, 0, 0, 0, 0, 0, 0, 1, 1, 0, 0, 0, 1, 0, 0, 0, 0, 0, 0, 1, 0, 0, 0, 0, 0, 0, 0, 0, 0, 1, 0)"
3.789444,50,48.158642,0,"(np.int64(13182), np.int64(27088), np.int64(41133), np.int64(37689), np.int64(43811), np.int64(3577), np.int64(45632), np.int64(25169), np.int64(31339), np.int64(34266), np.int64(19157), np.int64(33558), np.int64(18526), np.int64(46837), np.int64(31873), np.int64(12657), np.int64(35428), np.int64(33877), np.int64(2348), np.int64(5713), np.int64(20641), np.int64(30908), np.int64(42902), np.int64(32430), np.int64(17709), np.int64(43435), np.int64(34565), np.int64(47382), np.int64(20589), np.int64(12412), np.int64(7635), np.int64(42072), np.int64(25308), np.int64(34118), np.int64(28264), np.int64(11312), np.int64(10049), np.int64(673), np.int64(36809), np.int64(28637), np.int64(26054), np.int64(39203), np.int64(28061), np.int64(49073), np.int64(21269), np.int64(32044), np.int64(40070), np.int64(22064), np.int64(20244), np.int64(18112))","(0, 0, 0, 0, 0, 0, 0, 0, 1, 0, 1, 0, 1, 0, 0, 0, 0, 0, 0, 0, 0, 0, 0, 0, 0, 0, 0, 0, 0, 0, 0, 0, 0, 0, 0, 0, 0, 0, 0, 0, 0, 1, 0, 0, 0, 1, 0, 0, 0, 0)"
3.860471,50,48.612466,0,"(np.int64(49579), np.int64(35434), np.int64(11270), np.int64(2000), np.int64(12254), np.int64(19837), np.int64(47577), np.int64(40149), np.int64(28443), np.int64(25617), np.int64(31585), np.int64(29165), np.int64(21270), np.int64(22632), np.int64(25647), np.int64(20420), np.int64(43848), np.int64(36284), np.int64(20996), np.int64(36968), np.int64(11912), np.int64(22715), np.int64(27473), np.int64(46983), np.int64(24211), np.int64(46640), np.int64(43971), np.int64(12316), np.int64(8772), np.int64(1171), np.int64(24732), np.int64(46356), np.int64(25265), np.int64(35233), np.int64(36909), np.int64(17202), np.int64(15125), np.int64(22811), np.int64(5064), np.int64(7208), np.int64(17120), np.int64(29170), np.int64(14123), np.int64(45427), np.int64(31540), np.int64(33965), np.int64(35040), np.int64(13135), np.int64(34554), np.int64(3182))","(0, 0, 0, 0, 0, 0, 1, 0, 0, 0, 0, 1, 0, 0, 0, 0, 0, 0, 0, 0, 0, 0, 0, 0, 0, 1, 0, 0, 0, 0, 0, 0, 0, 0, 0, 1, 0, 0, 0, 0, 0, 0, 1, 0, 0, 0, 0, 0, 0, 0)"
3.127363,50,49.066563,0,"(np.int64(33415), np.int64(22101), np.int64(39632), np.int64(46175), np.int64(35122), np.int64(37980), np.int64(6901), np.int64(47437), np.int64(43497), np.int64(46334), np.int64(45867), np.int64(16289), np.int64(28901), np.int64(27394), np.int64(10057), np.int64(44994), np.int64(19491), np.int64(12432), np.int64(41359), np.int64(17309), np.int64(4189), np.int64(17452), np.int64(20717), np.int64(29861), np.int64(35078), np.int64(10522), np.int64(7516), np.int64(19500), np.int64(1941), np.int64(44055), np.int64(18790), np.int64(10066), np.int64(9503), np.int64(1853), np.int64(16133), np.int64(20696), np.int64(6357), np.int64(12735), np.int64(7347), np.int64(6491), np.int64(47735), np.int64(5685), np.int64(7737), np.int64(24688), np.int64(25382), np.int64(20941), np.int64(9930), np.int64(28032), np.int64(26088), np.int64(13833))","(0, 0, 0, 0, 0, 0, 0, 0, 0, 0, 0, 0, 0, 0, 0, 0, 0, 0, 0, 0, 0, 0, 0, 0, 0, 0, 0, 1, 0, 0, 0, 0, 0, 1, 1, 1, 0, 0, 0, 0, 0, 0, 0, 0, 0, 0, 0, 0, 0, 0)"
2.236291,50,49.516746,0,"(np.int64(20609), np.int64(30811), np.int64(44516), np.int64(5620), np.int64(35244), np.int64(48548), np.int64(20909), np.int64(31923), np.int64(17865), np.int64(18442), np.int64(10882), np.int64(40071), np.int64(22142), np.int64(19892), np.int64(43924), np.int64(49847), np.int64(31621), np.int64(21673), np.int64(32754), np.int64(25242), np.int64(12708), np.int64(31547), np.int64(12002), np.int64(3616), np.int64(14430), np.int64(21609), np.int64(42134), np.int64(33997), np.int64(16586), np.int64(18215), np.int64(10878), np.int64(30515), np.int64(29486), np.int64(38221), np.int64(43240), np.int64(38905), np.int64(22635), np.int64(20431), np.int64(15877), np.int64(14415), np.int64(12308), np.int64(16343), np.int64(20512), np.int64(16882), np.int64(29065), np.int64(27717), np.int64(47199), np.int64(2407), np.int64(24770), np.int64(8426))","(0, 0, 0, 0, 0, 0, 0, 0, 0, 0, 1, 0, 0, 0, 0, 0, 0, 0, 0, 0, 1, 0, 0, 0, 0, 0, 1, 0, 0, 0, 0, 0, 0, 0, 0, 0, 0, 0, 0, 0, 0, 0, 0, 0, 0, 0, 0, 0, 0, 0)"
6.257804,50,49.974019,0,"(np.int64(5004), np.int64(34154), np.int64(43033), np.int64(11092), np.int64(20136), np.int64(35027), np.int64(29608), np.int64(6745), np.int64(33695), np.int64(19356), np.int64(42319), np.int64(27971), np.int64(24636), np.int64(17239), np.int64(14439), np.int64(15776), np.int64(24915), np.int64(40314), np.int64(36692), np.int64(14941), np.int64(23531), np.int64(21966), np.int64(13303), np.int64(48934), np.int64(34991), np.int64(36479), np.int64(10492), np.int64(18070), np.int64(32386), np.int64(15552), np.int64(24407), np.int64(38197), np.int64(43280), np.int64(14701), np.int64(24648), np.int64(33055), np.int64(24695), np.int64(46479), np.int64(39895), np.int64(28544), np.int64(19805), np.int64(923), np.int64(19367), np.int64(45055), np.int64(3605), np.int64(18337), np.int64(32918), np.int64(28977), np.int64(31036), np.int64(23919))","(0, 0, 0, 0, 0, 0, 0, 0, 0, 0, 0, 0, 0, 0, 1, 0, 1, 0, 0, 0, 0, 0, 0, 0, 0, 0, 0, 1, 0, 0, 0, 0, 0, 0, 0, 0, 0, 0, 0, 1, 1, 0, 0, 0, 0, 1, 0, 1, 0, 1)"
8.21538,50,50.426992,0,"(np.int64(24764), np.int64(36965), np.int64(38260), np.int64(42944), np.int64(45027), np.int64(2277), np.int64(29255), np.int64(23911), np.int64(8247), np.int64(37456), np.int64(35957), np.int64(5256), np.int64(26576), np.int64(18928), np.int64(40041), np.int64(6045), np.int64(3674), np.int64(49229), np.int64(10325), np.int64(27203), np.int64(17289), np.int64(21372), np.int64(47578), np.int64(21002), np.int64(24833), np.int64(31370), np.int64(35968), np.int64(9018), np.int64(15037), np.int64(42348), np.int64(31932), np.int64(25495), np.int64(50009), np.int64(25128), np.int64(21478), np.int64(33103), np.int64(41273), np.int64(11023), np.int64(33), np.int64(6299), np.int64(29187), np.int64(8731), np.int64(42626), np.int64(13629), np.int64(174), np.int64(45420), np.int64(41787), np.int64(3013), np.int64(29030), np.int64(29380))","(0, 0, 0, 0, 0, 0, 0, 0, 0, 0, 1, 1, 0, 0, 0, 0, 0, 0, 0, 0, 0, 1, 0, 0, 1, 0, 0, 0, 0, 0, 1, 0, 0, 1, 0, 0, 0, 0, 0, 0, 1, 1, 0, 1, 0, 1, 0, 1, 0, 0)"
4.508131,50,50.879832,0,"(np.int64(42604), np.int64(33907), np.int64(38517), np.int64(37949), np.int64(48125), np.int64(4701), np.int64(47481), np.int64(21132), np.int64(28374), np.int64(22749), np.int64(41853), np.int64(10737), np.int64(14637), np.int64(942), np.int64(39277), np.int64(43189), np.int64(26039), np.int64(20025), np.int64(30622), np.int64(4874), np.int64(48878), np.int64(30602), np.int64(10542), np.int64(11613), np.int64(14718), np.int64(19139), np.int64(1002), np.int64(31438), np.int64(31328), np.int64(42203), np.int64(7841), np.int64(7418), np.int64(18234), np.int64(2969), np.int64(11282), np.int64(27945), np.int64(2000), np.int64(35957), np.int64(40704), np.int64(4662), np.int64(9942), np.int64(38031), np.int64(17668), np.int64(646), np.int64(47697), np.int64(40320), np.int64(2989), np.int64(38621), np.int64(35708), np.int64(11785))","(1, 0, 1, 0, 0, 0, 0, 0, 0, 0, 0, 0, 1, 0, 0, 0, 0, 0, 0, 0, 0, 0, 0, 0, 1, 0, 0, 0, 0, 0, 0, 0, 0, 0, 0, 0, 0, 1, 0, 0, 0, 0, 0, 0, 0, 0, 1, 0, 0, 0)"
5.340588,50,51.32999,0,"(np.int64(11748), np.int64(26100), np.int64(9171), np.int64(37105), np.int64(44865), np.int64(33466), np.int64(11703), np.int64(36589), np.int64(41675), np.int64(45251), np.int64(21865), np.int64(43019), np.int64(4423), np.int64(31414), np.int64(42394), np.int64(10942), np.int64(47092), np.int64(2486), np.int64(30157), np.int64(11867), np.int64(35025), np.int64(40035), np.int64(21792), np.int64(31747), np.int64(136), np.int64(38422), np.int64(32726), np.int64(18915), np.int64(2952), np.int64(20274), np.int64(30333), np.int64(655), np.int64(40315), np.int64(44663), np.int64(14707), np.int64(28927), np.int64(3439), np.int64(5515), np.int64(24729), np.int64(390), np.int64(38377), np.int64(5366), np.int64(10879), np.int64(30965), np.int64(21122), np.int64(21309), np.int64(19687), np.int64(1366), np.int64(36127), np.int64(39331))","(0, 0, 0, 0, 0, 0, 0, 0, 0, 0, 0, 0, 1, 0, 0, 0, 0, 0, 0, 0, 0, 0, 0, 0, 1, 0, 0, 0, 1, 0, 0, 1, 0, 0, 1, 0, 1, 0, 0, 0, 0, 0, 1, 0, 0, 0, 0, 0, 0, 0)"
5.865771,50,51.784336,0,"(np.int64(4310), np.int64(10766), np.int64(44236), np.int64(39101), np.int64(32605), np.int64(2682), np.int64(15982), np.int64(37481), np.int64(9824), np.int64(28920), np.int64(29060), np.int64(12029), np.int64(18400), np.int64(22260), np.int64(31607), np.int64(38814), np.int64(39232), np.int64(16057), np.int64(22121), np.int64(11951), np.int64(18848), np.int64(29159), np.int64(13106), np.int64(22818), np.int64(12373), np.int64(9831), np.int64(45882), np.int64(368), np.int64(29256), np.int64(11844), np.int64(46293), np.int64(37050), np.int64(8678), np.int64(15356), np.int64(34218), np.int64(34325), np.int64(13548), np.int64(46551), np.int64(46717), np.int64(15912), np.int64(9030), np.int64(20423), np.int64(19674), np.int64(4656), np.int64(16647), np.int64(25213), np.int64(18355), np.int64(28700), np.int64(42892), np.int64(37531))","(0, 0, 0, 0, 0, 1, 0, 0, 0, 0, 0, 1, 0, 0, 1, 0, 0, 0, 0, 0, 1, 0, 1, 0, 0, 0, 0, 0, 0, 0, 0, 0, 0, 1, 0, 0, 0, 0, 0, 0, 1, 0, 1, 0, 0, 0, 0, 0, 0, 0)"
4.527199,50,52.239522,0,"(np.int64(6736), np.int64(18877), np.int64(20002), np.int64(23556), np.int64(733), np.int64(1455), np.int64(27129), np.int64(22320), np.int64(11095), np.int64(43928), np.int64(41858), np.int64(8955), np.int64(15306), np.int64(2313), np.int64(48834), np.int64(16796), np.int64(3988), np.int64(32380), np.int64(37110), np.int64(47074), np.int64(7128), np.int64(48412), np.int64(42485), np.int64(14617), np.int64(39355), np.int64(35537), np.int64(8072), np.int64(23779), np.int64(10427), np.int64(34889), np.int64(18801), np.int64(18640), np.int64(23347), np.int64(12388), np.int64(6413), np.int64(42853), np.int64(45015), np.int64(26181), np.int64(7995), np.int64(20469), np.int64(37515), np.int64(45921), np.int64(40160), np.int64(2834), np.int64(42400), np.int64(2882), np.int64(43265), np.int64(18356), np.int64(26024), np.int64(44790))","(0, 0, 1, 0, 0, 0, 0, 0, 0, 0, 0, 0, 1, 1, 0, 0, 0, 0, 0, 0, 0, 0, 0, 0, 0, 0, 0, 0, 1, 0, 0, 0, 0, 0, 0, 0, 0, 0, 0, 1, 0, 0, 0, 0, 0, 1, 0, 0, 0, 0)"
5.432747,50,52.691915,0,"(np.int64(24403), np.int64(13298), np.int64(12949), np.int64(28308), np.int64(46199), np.int64(39645), np.int64(33351), np.int64(8168), np.int64(33329), np.int64(36915), np.int64(13788), np.int64(17799), np.int64(27049), np.int64(45109), np.int64(43246), np.int64(13396), np.int64(29061), np.int64(35180), np.int64(7590), np.int64(31688), np.int64(7390), np.int64(21848), np.int64(35684), np.int64(20968), np.int64(48454), np.int64(36938), np.int64(23448), np.int64(19095), np.int64(20907), np.int64(45730), np.int64(1365), np.int64(21185), np.int64(25196), np.int64(30083), np.int64(13734), np.int64(1340), np.int64(16603), np.int64(12628), np.int64(22293), np.int64(26129), np.int64(9363), np.int64(38331), np.int64(1635), np.int64(9327), np.int64(16096), np.int64(33526), np.int64(11214), np.int64(10127), np.int64(32669), np.int64(46203))","(0, 0, 0, 0, 0, 0, 0, 0, 0, 0, 0, 0, 1, 0, 0, 0, 0, 0, 0, 0, 0, 0, 0, 1, 0, 0, 1, 0, 0, 0, 1, 0, 0, 0, 0, 0, 0, 0, 0, 1, 0, 0, 0, 1, 0, 0, 1, 0, 0, 0)"
4.644208,50,53.14423,0,"(np.int64(23575), np.int64(22669), np.int64(23387), np.int64(21155), np.int64(25871), np.int64(37919), np.int64(18502), np.int64(12896), np.int64(20804), np.int64(28659), np.int64(29150), np.int64(42603), np.int64(9006), np.int64(37528), np.int64(47271), np.int64(9421), np.int64(28691), np.int64(12351), np.int64(24414), np.int64(39762), np.int64(12527), np.int64(19723), np.int64(1479), np.int64(8127), np.int64(14692), np.int64(16019), np.int64(40379), np.int64(19970), np.int64(24559), np.int64(4989), np.int64(18892), np.int64(12669), np.int64(27880), np.int64(19075), np.int64(13564), np.int64(9380), np.int64(22096), np.int64(38712), np.int64(49429), np.int64(21090), np.int64(38598), np.int64(36493), np.int64(49551), np.int64(35897), np.int64(20141), np.int64(23721), np.int64(49759), np.int64(35514), np.int64(16177), np.int64(38370))","(0, 0, 0, 0, 0, 0, 0, 0, 0, 0, 0, 0, 1, 0, 0, 0, 1, 0, 0, 0, 1, 0, 0, 0, 1, 0, 0, 0, 0, 0, 0, 0, 1, 0, 0, 0, 0, 0, 0, 0, 0, 0, 0, 0, 0, 0, 0, 0, 1, 0)"
2.268309,50,53.59297,0,"(np.int64(1630), np.int64(44854), np.int64(18260), np.int64(14429), np.int64(1249), np.int64(23498), np.int64(13286), np.int64(31373), np.int64(25062), np.int64(20094), np.int64(616), np.int64(17526), np.int64(37082), np.int64(20639), np.int64(16881), np.int64(49012), np.int64(31302), np.int64(44450), np.int64(27573), np.int64(16581), np.int64(22446), np.int64(22103), np.int64(3446), np.int64(8386), np.int64(46067), np.int64(24425), np.int64(28094), np.int64(25812), np.int64(39369), np.int64(27249), np.int64(4952), np.int64(16823), np.int64(26895), np.int64(39956), np.int64(47650), np.int64(37705), np.int64(28115), np.int64(5653), np.int64(36755), np.int64(23082), np.int64(49291), np.int64(2245), np.int64(8354), np.int64(36088), np.int64(4125), np.int64(28460), np.int64(23730), np.int64(11898), np.int64(42444), np.int64(12503))","(0, 0, 0, 0, 0, 0, 0, 0, 0, 0, 0, 0, 0, 0, 0, 0, 0, 0, 0, 0, 0, 0, 0, 1, 0, 0, 0, 0, 0, 0, 0, 0, 1, 0, 0, 0, 0, 0, 0, 0, 0, 1, 0, 0, 0, 0, 0, 0, 0, 0)"
5.115518,50,54.045043,0,"(np.int64(46053), np.int64(26899), np.int64(14696), np.int64(14891), np.int64(47696), np.int64(46557), np.int64(12308), np.int64(20037), np.int64(25410), np.int64(39928), np.int64(32263), np.int64(7536), np.int64(34556), np.int64(40420), np.int64(6514), np.int64(18761), np.int64(32631), np.int64(17092), np.int64(34777), np.int64(20928), np.int64(37929), np.int64(26282), np.int64(5481), np.int64(25442), np.int64(31557), np.int64(15990), np.int64(21015), np.int64(21651), np.int64(29307), np.int64(23306), np.int64(33367), np.int64(41369), np.int64(47058), np.int64(4945), np.int64(42371), np.int64(469), np.int64(9251), np.int64(26111), np.int64(28277), np.int64(11678), np.int64(30490), np.int64(44529), np.int64(42221), np.int64(9849), np.int64(39633), np.int64(18887), np.int64(36394), np.int64(32505), np.int64(14907), np.int64(18006))","(0, 0, 0, 0, 0, 0, 0, 0, 0, 0, 0, 0, 0, 0, 0, 1, 1, 0, 0, 0, 0, 0, 0, 0, 0, 1, 0, 0, 0, 0, 0, 0, 1, 0, 0, 0, 1, 1, 0, 0, 0, 0, 0, 0, 0, 0, 1, 0, 0, 0)"
3.743422,50,54.497728,0,"(np.int64(22138), np.int64(37088), np.int64(27047), np.int64(49399), np.int64(42179), np.int64(3572), np.int64(27575), np.int64(18776), np.int64(32046), np.int64(29669), np.int64(13706), np.int64(45638), np.int64(8087), np.int64(17654), np.int64(22994), np.int64(9433), np.int64(23210), np.int64(30721), np.int64(8089), np.int64(11753), np.int64(36114), np.int64(26525), np.int64(31061), np.int64(10560), np.int64(20680), np.int64(45837), np.int64(12428), np.int64(13711), np.int64(26259), np.int64(8039), np.int64(9897), np.int64(9052), np.int64(48024), np.int64(10139), np.int64(38555), np.int64(20112), np.int64(11956), np.int64(16630), np.int64(8897), np.int64(20250), np.int64(30977), np.int64(10227), np.int64(11575), np.int64(30728), np.int64(39884), np.int64(6723), np.int64(47123), np.int64(11386), np.int64(5556), np.int64(1952))","(0, 0, 1, 0, 0, 0, 0, 0, 0, 0, 0, 0, 0, 0, 0, 0, 0, 0, 0, 1, 0, 0, 0, 0, 0, 0, 0, 0, 0, 0, 0, 0, 1, 0, 0, 0, 0, 0, 1, 0, 0, 0, 0, 0, 0, 0, 0, 1, 0, 0)"
2.385722,50,54.947891,0,"(np.int64(46057), np.int64(49245), np.int64(35727), np.int64(22541), np.int64(19582), np.int64(36579), np.int64(19791), np.int64(44876), np.int64(24947), np.int64(13877), np.int64(34598), np.int64(31684), np.int64(33248), np.int64(11602), np.int64(30323), np.int64(21844), np.int64(33748), np.int64(49512), np.int64(26477), np.int64(18753), np.int64(47086), np.int64(49492), np.int64(1778), np.int64(40252), np.int64(2619), np.int64(15793), np.int64(5246), np.int64(11199), np.int64(29836), np.int64(39651), np.int64(18825), np.int64(44969), np.int64(26045), np.int64(25927), np.int64(8557), np.int64(49042), np.int64(39082), np.int64(16645), np.int64(21299), np.int64(25449), np.int64(49031), np.int64(41872), np.int64(23637), np.int64(6055), np.int64(24350), np.int64(7461), np.int64(30495), np.int64(6348), np.int64(888), np.int64(17996))","(0, 0, 0, 0, 0, 0, 1, 0, 0, 0, 0, 0, 0, 0, 0, 0, 0, 0, 0, 1, 0, 0, 0, 0, 0, 0, 1, 0, 0, 0, 0, 0, 0, 0, 0, 0, 0, 0, 0, 0, 0, 0, 0, 0, 0, 0, 0, 0, 0, 0)"
2.312517,50,55.401681,0,"(np.int64(30730), np.int64(7612), np.int64(23684), np.int64(34671), np.int64(16432), np.int64(19568), np.int64(14253), np.int64(48066), np.int64(38999), np.int64(1473), np.int64(27914), np.int64(25072), np.int64(5152), np.int64(8898), np.int64(6564), np.int64(47870), np.int64(41830), np.int64(42419), np.int64(13364), np.int64(25334), np.int64(21796), np.int64(49793), np.int64(42746), np.int64(30920), np.int64(14412), np.int64(19868), np.int64(27224), np.int64(20521), np.int64(14575), np.int64(29122), np.int64(7384), np.int64(15505), np.int64(5646), np.int64(29843), np.int64(24982), np.int64(44195), np.int64(46399), np.int64(16703), np.int64(29809), np.int64(10185), np.int64(32668), np.int64(42503), np.int64(2231), np.int64(45052), np.int64(3824), np.int64(19669), np.int64(3276), np.int64(39327), np.int64(34827), np.int64(46813))","(0, 0, 0, 0, 0, 0, 0, 0, 0, 0, 0, 0, 0, 1, 0, 0, 0, 0, 0, 0, 0, 0, 0, 0, 0, 0, 1, 0, 0, 0, 0, 0, 1, 0, 0, 0, 0, 0, 0, 0, 0, 0, 0, 0, 0, 0, 0, 0, 0, 0)"
1.472213,50,55.89332,0,"(np.int64(3062), np.int64(44165), np.int64(10538), np.int64(34824), np.int64(22247), np.int64(8674), np.int64(2283), np.int64(4334), np.int64(6211), np.int64(11596), np.int64(8942), np.int64(28035), np.int64(27860), np.int64(9062), np.int64(49910), np.int64(17526), np.int64(28410), np.int64(2005), np.int64(39766), np.int64(18411), np.int64(31660), np.int64(32135), np.int64(34954), np.int64(5809), np.int64(24130), np.int64(20436), np.int64(42508), np.int64(23872), np.int64(48043), np.int64(40147), np.int64(37522), np.int64(29709), np.int64(13035), np.int64(16776), np.int64(15982), np.int64(28332), np.int64(23202), np.int64(19343), np.int64(3705), np.int64(21219), np.int64(6336), np.int64(46266), np.int64(48488), np.int64(830), np.int64(8244), np.int64(12199), np.int64(8269), np.int64(42695), np.int64(16373), np.int64(40936))","(0, 0, 0, 0, 0, 0, 0, 0, 1, 0, 0, 0, 0, 0, 0, 0, 0, 0, 0, 0, 0, 0, 0, 0, 0, 0, 1, 0, 0, 0, 0, 0, 0, 0, 0, 0, 0, 0, 0, 0, 0, 0, 0, 0, 0, 0, 0, 0, 0, 0)"
5.299377,50,56.45035,0,"(np.int64(14778), np.int64(15371), np.int64(21684), np.int64(25428), np.int64(6344), np.int64(9835), np.int64(33993), np.int64(114), np.int64(6828), np.int64(33161), np.int64(39361), np.int64(37626), np.int64(7029), np.int64(38891), np.int64(11034), np.int64(31488), np.int64(26796), np.int64(25712), np.int64(32840), np.int64(9820), np.int64(47183), np.int64(30953), np.int64(15289), np.int64(10690), np.int64(3114), np.int64(42925), np.int64(13340), np.int64(47127), np.int64(44929), np.int64(1722), np.int64(14865), np.int64(17123), np.int64(41850), np.int64(19142), np.int64(46697), np.int64(39442), np.int64(2066), np.int64(282), np.int64(25938), np.int64(4680), np.int64(3143), np.int64(23169), np.int64(11733), np.int64(21930), np.int64(24521), np.int64(11218), np.int64(11690), np.int64(13761), np.int64(14163), np.int64(18498))","(0, 0, 0, 1, 0, 0, 1, 0, 0, 0, 0, 0, 0, 0, 1, 0, 1, 0, 0, 0, 0, 0, 0, 0, 0, 0, 0, 0, 0, 1, 0, 0, 0, 0, 0, 0, 0, 0, 0, 0, 0, 0, 1, 1, 0, 0, 0, 0, 0, 0)"
4.852733,50,56.914542,0,"(np.int64(27175), np.int64(19946), np.int64(29413), np.int64(15040), np.int64(41179), np.int64(41661), np.int64(47548), np.int64(1682), np.int64(37878), np.int64(1987), np.int64(9686), np.int64(34636), np.int64(2783), np.int64(45155), np.int64(44886), np.int64(21422), np.int64(41281), np.int64(35841), np.int64(28534), np.int64(7927), np.int64(11258), np.int64(22344), np.int64(12566), np.int64(18623), np.int64(26617), np.int64(10842), np.int64(49987), np.int64(21273), np.int64(4158), np.int64(9807), np.int64(46553), np.int64(43660), np.int64(45869), np.int64(23105), np.int64(34178), np.int64(6216), np.int64(45650), np.int64(471), np.int64(20425), np.int64(815), np.int64(28598), np.int64(33958), np.int64(12353), np.int64(5693), np.int64(20699), np.int64(7886), np.int64(11168), np.int64(31445), np.int64(32845), np.int64(37551))","(0, 0, 0, 0, 0, 0, 0, 0, 0, 0, 0, 0, 0, 0, 0, 0, 0, 0, 1, 0, 0, 0, 0, 0, 0, 0, 0, 0, 1, 0, 1, 0, 1, 0, 0, 0, 0, 0, 1, 0, 0, 0, 1, 1, 0, 0, 0, 0, 0, 0)"
3.932609,50,57.373438,0,"(np.int64(3473), np.int64(26121), np.int64(37473), np.int64(37622), np.int64(37700), np.int64(18471), np.int64(12204), np.int64(8543), np.int64(23939), np.int64(652), np.int64(34597), np.int64(18749), np.int64(10243), np.int64(47479), np.int64(5430), np.int64(36838), np.int64(41545), np.int64(18034), np.int64(14006), np.int64(15644), np.int64(3917), np.int64(4091), np.int64(24017), np.int64(37394), np.int64(40858), np.int64(12465), np.int64(26988), np.int64(22937), np.int64(2917), np.int64(3483), np.int64(28946), np.int64(45876), np.int64(15636), np.int64(39937), np.int64(30115), np.int64(36482), np.int64(565), np.int64(18254), np.int64(38388), np.int64(22251), np.int64(20677), np.int64(9319), np.int64(47588), np.int64(27482), np.int64(17481), np.int64(18758), np.int64(28480), np.int64(16015), np.int64(39442), np.int64(16097))","(0, 1, 0, 0, 0, 1, 0, 0, 0, 0, 0, 0, 0, 0, 0, 0, 0, 0, 0, 0, 0, 0, 0, 0, 0, 0, 0, 0, 0, 0, 0, 0, 0, 0, 0, 0, 0, 1, 0, 0, 0, 0, 0, 0, 0, 0, 0, 1, 0, 1)"
3.484423,50,57.831227,0,"(np.int64(17911), np.int64(32304), np.int64(5364), np.int64(21432), np.int64(38884), np.int64(6461), np.int64(28429), np.int64(32033), np.int64(25083), np.int64(4254), np.int64(24280), np.int64(31729), np.int64(3482), np.int64(34092), np.int64(2460), np.int64(13838), np.int64(24821), np.int64(20335), np.int64(19776), np.int64(35283), np.int64(38989), np.int64(20203), np.int64(1133), np.int64(43458), np.int64(7773), np.int64(13724), np.int64(11730), np.int64(21524), np.int64(39832), np.int64(5002), np.int64(45750), np.int64(48607), np.int64(29367), np.int64(24080), np.int64(1202), np.int64(42812), np.int64(10611), np.int64(16477), np.int64(46239), np.int64(15958), np.int64(17046), np.int64(18091), np.int64(955), np.int64(2524), np.int64(12354), np.int64(46464), np.int64(15514), np.int64(37715), np.int64(5366), np.int64(46371))","(0, 0, 0, 0, 1, 0, 0, 0, 0, 1, 0, 0, 0, 0, 0, 0, 0, 0, 0, 0, 1, 0, 0, 0, 0, 0, 0, 0, 0, 0, 1, 0, 0, 0, 0, 0, 0, 0, 0, 0, 0, 0, 0, 0, 0, 1, 0, 0, 0, 0)"
2.900077,50,58.284444,0,"(np.int64(7456), np.int64(15657), np.int64(8251), np.int64(22161), np.int64(5627), np.int64(10663), np.int64(26539), np.int64(48575), np.int64(12078), np.int64(410), np.int64(14732), np.int64(11636), np.int64(5967), np.int64(6562), np.int64(22353), np.int64(22343), np.int64(31139), np.int64(40209), np.int64(20028), np.int64(28725), np.int64(35251), np.int64(11986), np.int64(21347), np.int64(15085), np.int64(25155), np.int64(20928), np.int64(12467), np.int64(49287), np.int64(132), np.int64(32010), np.int64(42687), np.int64(22805), np.int64(26934), np.int64(4799), np.int64(25864), np.int64(10422), np.int64(27222), np.int64(34927), np.int64(7641), np.int64(7023), np.int64(10710), np.int64(7300), np.int64(25784), np.int64(34924), np.int64(25243), np.int64(35866), np.int64(14478), np.int64(40115), np.int64(34124), np.int64(40116))","(0, 0, 0, 0, 1, 0, 0, 0, 0, 0, 0, 0, 0, 0, 0, 0, 0, 0, 0, 0, 0, 1, 0, 0, 0, 0, 0, 0, 0, 1, 0, 0, 0, 0, 1, 0, 0, 0, 0, 0, 0, 0, 0, 0, 0, 0, 0, 0, 0, 0)"
4.699209,50,58.736758,0,"(np.int64(6392), np.int64(31394), np.int64(38536), np.int64(28581), np.int64(41317), np.int64(28485), np.int64(6856), np.int64(31769), np.int64(23273), np.int64(19619), np.int64(35595), np.int64(21792), np.int64(30387), np.int64(26765), np.int64(22680), np.int64(15691), np.int64(49800), np.int64(43155), np.int64(9390), np.int64(20035), np.int64(26580), np.int64(15670), np.int64(6572), np.int64(18932), np.int64(1992), np.int64(17720), np.int64(47780), np.int64(19860), np.int64(45691), np.int64(22913), np.int64(16576), np.int64(37662), np.int64(11166), np.int64(21674), np.int64(46734), np.int64(44685), np.int64(35879), np.int64(47745), np.int64(21590), np.int64(16118), np.int64(34084), np.int64(7610), np.int64(40184), np.int64(30247), np.int64(26588), np.int64(25678), np.int64(9682), np.int64(21247), np.int64(23583), np.int64(27880))","(0, 0, 0, 0, 0, 0, 1, 1, 0, 0, 0, 0, 0, 0, 0, 1, 0, 0, 0, 0, 0, 0, 0, 0, 0, 0, 0, 0, 0, 0, 0, 0, 0, 0, 1, 0, 0, 0, 0, 0, 0, 1, 0, 0, 0, 0, 0, 0, 0, 1)"
4.736205,50,59.186689,0,"(np.int64(11109), np.int64(48079), np.int64(4787), np.int64(41911), np.int64(18285), np.int64(3979), np.int64(16154), np.int64(1556), np.int64(32061), np.int64(18733), np.int64(46209), np.int64(40379), np.int64(5483), np.int64(40888), np.int64(8466), np.int64(20191), np.int64(43082), np.int64(8970), np.int64(13078), np.int64(27815), np.int64(26514), np.int64(30357), np.int64(37571), np.int64(26222), np.int64(15909), np.int64(29956), np.int64(948), np.int64(6428), np.int64(6802), np.int64(27121), np.int64(4127), np.int64(6359), np.int64(34086), np.int64(12452), np.int64(29196), np.int64(3929), np.int64(46803), np.int64(28910), np.int64(11823), np.int64(45165), np.int64(35459), np.int64(39968), np.int64(44360), np.int64(45591), np.int64(26992), np.int64(3038), np.int64(22945), np.int64(28569), np.int64(15394), np.int64(43281))","(0, 0, 0, 0, 1, 0, 1, 0, 0, 0, 0, 0, 0, 0, 1, 0, 0, 0, 1, 0, 0, 0, 0, 0, 0, 0, 1, 0, 0, 0, 0, 0, 0, 0, 0, 0, 0, 0, 0, 0, 0, 0, 0, 0, 0, 1, 0, 0, 0, 0)"
0.695438,50,59.637996,0,"(np.int64(14121), np.int64(19890), np.int64(12037), np.int64(1479), np.int64(21956), np.int64(19388), np.int64(7444), np.int64(37334), np.int64(2085), np.int64(30707), np.int64(42401), np.int64(47197), np.int64(41031), np.int64(43702), np.int64(14042), np.int64(31283), np.int64(33642), np.int64(22736), np.int64(14850), np.int64(11445), np.int64(7417), np.int64(444), np.int64(46722), np.int64(1159), np.int64(40407), np.int64(14751), np.int64(10508), np.int64(16274), np.int64(22751), np.int64(11728), np.int64(29365), np.int64(21878), np.int64(5492), np.int64(26138), np.int64(43308), np.int64(39995), np.int64(4114), np.int64(6468), np.int64(41478), np.int64(18758), np.int64(36723), np.int64(35082), np.int64(49860), np.int64(38212), np.int64(2684), np.int64(46246), np.int64(32675), np.int64(46411), np.int64(32378), np.int64(18987))","(0, 0, 0, 0, 0, 0, 0, 0, 0, 0, 0, 0, 0, 0, 0, 0, 0, 0, 0, 0, 0, 0, 0, 0, 0, 0, 0, 0, 0, 0, 0, 0, 0, 0, 0, 0, 0, 0, 0, 0, 0, 0, 0, 0, 0, 0, 0, 0, 0, 1)"
1.423122,50,60.089432,0,"(np.int64(27711), np.int64(48061), np.int64(1114), np.int64(23095), np.int64(4538), np.int64(49027), np.int64(26683), np.int64(21386), np.int64(15017), np.int64(45633), np.int64(5948), np.int64(30819), np.int64(19142), np.int64(18454), np.int64(9769), np.int64(13600), np.int64(18862), np.int64(17496), np.int64(1111), np.int64(21461), np.int64(30754), np.int64(21841), np.int64(28228), np.int64(31153), np.int64(17295), np.int64(30070), np.int64(23184), np.int64(7699), np.int64(24620), np.int64(25203), np.int64(15369), np.int64(23119), np.int64(38888), np.int64(17166), np.int64(5040), np.int64(18711), np.int64(28713), np.int64(15361), np.int64(29808), np.int64(32869), np.int64(29865), np.int64(14057), np.int64(41708), np.int64(25842), np.int64(40756), np.int64(35372), np.int64(1696), np.int64(10666), np.int64(4304), np.int64(43036))","(0, 0, 0, 0, 0, 0, 0, 0, 0, 0, 0, 0, 0, 0, 0, 0, 0, 1, 0, 1, 0, 0, 0, 0, 0, 0, 0, 0, 0, 0, 0, 0, 0, 0, 0, 0, 0, 0, 0, 0, 0, 0, 0, 0, 0, 0, 0, 0, 0, 0)"
3.17098,50,60.539442,0,"(np.int64(1049), np.int64(47840), np.int64(45148), np.int64(32033), np.int64(21520), np.int64(23844), np.int64(46789), np.int64(38651), np.int64(43653), np.int64(9006), np.int64(34058), np.int64(43156), np.int64(46633), np.int64(13276), np.int64(34836), np.int64(33874), np.int64(20121), np.int64(11153), np.int64(17081), np.int64(1483), np.int64(44628), np.int64(44947), np.int64(7117), np.int64(23578), np.int64(5067), np.int64(40139), np.int64(41862), np.int64(18890), np.int64(22891), np.int64(10062), np.int64(983), np.int64(22454), np.int64(23528), np.int64(2740), np.int64(39974), np.int64(2260), np.int64(37562), np.int64(10572), np.int64(35380), np.int64(45175), np.int64(39433), np.int64(12818), np.int64(10995), np.int64(2154), np.int64(19044), np.int64(1740), np.int64(41776), np.int64(46953), np.int64(42492), np.int64(31357))","(0, 0, 0, 0, 0, 1, 0, 0, 0, 1, 0, 0, 0, 0, 0, 0, 0, 0, 0, 0, 0, 0, 0, 1, 0, 0, 0, 0, 0, 0, 0, 0, 0, 0, 0, 0, 0, 0, 0, 0, 0, 0, 0, 1, 0, 0, 0, 0, 0, 0)"
4.800707,50,60.990558,0,"(np.int64(12555), np.int64(26485), np.int64(41517), np.int64(50020), np.int64(23944), np.int64(16623), np.int64(15206), np.int64(34838), np.int64(49648), np.int64(33864), np.int64(23134), np.int64(24126), np.int64(26305), np.int64(14407), np.int64(27268), np.int64(30693), np.int64(37115), np.int64(48775), np.int64(12081), np.int64(14209), np.int64(30421), np.int64(40147), np.int64(37337), np.int64(1595), np.int64(42388), np.int64(303), np.int64(4609), np.int64(26355), np.int64(11448), np.int64(21253), np.int64(3713), np.int64(40766), np.int64(35200), np.int64(27007), np.int64(7862), np.int64(12427), np.int64(24056), np.int64(48611), np.int64(41036), np.int64(39070), np.int64(27748), np.int64(4068), np.int64(9360), np.int64(29311), np.int64(49134), np.int64(40817), np.int64(19139), np.int64(12003), np.int64(36903), np.int64(10218))","(0, 0, 0, 0, 0, 0, 0, 0, 0, 0, 0, 0, 0, 1, 0, 0, 0, 0, 0, 0, 0, 0, 0, 0, 0, 0, 0, 0, 0, 0, 1, 0, 0, 0, 1, 0, 0, 0, 0, 0, 0, 0, 0, 0, 1, 0, 0, 1, 0, 1)"
3.803156,50,61.443267,0,"(np.int64(17112), np.int64(37275), np.int64(19174), np.int64(24954), np.int64(30122), np.int64(32782), np.int64(10637), np.int64(9165), np.int64(36905), np.int64(3309), np.int64(14849), np.int64(7598), np.int64(16928), np.int64(14292), np.int64(21317), np.int64(30070), np.int64(17024), np.int64(4317), np.int64(44420), np.int64(976), np.int64(20658), np.int64(33393), np.int64(6251), np.int64(17254), np.int64(1131), np.int64(21390), np.int64(14179), np.int64(27875), np.int64(17801), np.int64(324), np.int64(25307), np.int64(37819), np.int64(2656), np.int64(15675), np.int64(31238), np.int64(6311), np.int64(45415), np.int64(49222), np.int64(35287), np.int64(41458), np.int64(11379), np.int64(8423), np.int64(36575), np.int64(23923), np.int64(12752), np.int64(37460), np.int64(36194), np.int64(33941), np.int64(7364), np.int64(17808))","(0, 1, 0, 0, 0, 0, 1, 0, 0, 0, 0, 1, 0, 0, 0, 0, 0, 0, 0, 0, 0, 0, 0, 0, 1, 0, 0, 0, 0, 0, 0, 1, 0, 0, 0, 0, 0, 0, 0, 0, 0, 0, 0, 0, 0, 0, 0, 0, 0, 0)"
2.969848,50,61.89575,0,"(np.int64(25046), np.int64(14430), np.int64(43376), np.int64(33242), np.int64(27691), np.int64(38278), np.int64(17347), np.int64(33369), np.int64(18356), np.int64(38699), np.int64(21145), np.int64(34198), np.int64(29473), np.int64(39924), np.int64(23102), np.int64(48711), np.int64(17312), np.int64(525), np.int64(14951), np.int64(34796), np.int64(34341), np.int64(38226), np.int64(19905), np.int64(24716), np.int64(18346), np.int64(8332), np.int64(26277), np.int64(24959), np.int64(23288), np.int64(27652), np.int64(2965), np.int64(4391), np.int64(3424), np.int64(41069), np.int64(10976), np.int64(26796), np.int64(37769), np.int64(21901), np.int64(45514), np.int64(37996), np.int64(28526), np.int64(27530), np.int64(27161), np.int64(34343), np.int64(25913), np.int64(20014), np.int64(10903), np.int64(16003), np.int64(31997), np.int64(24561))","(0, 0, 0, 0, 0, 0, 0, 0, 0, 0, 0, 0, 0, 0, 0, 0, 0, 0, 0, 0, 0, 0, 1, 0, 0, 0, 0, 1, 0, 0, 0, 0, 0, 0, 0, 1, 0, 1, 0, 0, 0, 0, 0, 0, 0, 0, 0, 0, 0, 0)"
4.358678,50,62.345071,0,"(np.int64(37563), np.int64(10387), np.int64(30071), np.int64(10702), np.int64(48044), np.int64(23670), np.int64(29840), np.int64(37839), np.int64(4320), np.int64(36848), np.int64(7686), np.int64(22503), np.int64(7990), np.int64(6333), np.int64(20865), np.int64(566), np.int64(11562), np.int64(23197), np.int64(44828), np.int64(17216), np.int64(26035), np.int64(31530), np.int64(31211), np.int64(26985), np.int64(11760), np.int64(35621), np.int64(47080), np.int64(42685), np.int64(20149), np.int64(49255), np.int64(1124), np.int64(7176), np.int64(3138), np.int64(49300), np.int64(37651), np.int64(47460), np.int64(44271), np.int64(43394), np.int64(47741), np.int64(9189), np.int64(36349), np.int64(23185), np.int64(27358), np.int64(28751), np.int64(39402), np.int64(11849), np.int64(14561), np.int64(12954), np.int64(31790), np.int64(14271))","(0, 0, 0, 0, 0, 0, 0, 0, 1, 0, 1, 0, 1, 0, 0, 1, 0, 0, 0, 0, 0, 1, 0, 0, 0, 0, 0, 0, 0, 0, 0, 1, 0, 0, 0, 0, 0, 0, 0, 0, 0, 0, 0, 0, 0, 0, 0, 0, 0, 0)"
2.889259,50,62.797428,0,"(np.int64(24401), np.int64(29350), np.int64(1061), np.int64(14348), np.int64(46402), np.int64(17232), np.int64(41114), np.int64(13415), np.int64(49093), np.int64(42770), np.int64(49030), np.int64(34368), np.int64(79), np.int64(22162), np.int64(34380), np.int64(15041), np.int64(23307), np.int64(48458), np.int64(11124), np.int64(26728), np.int64(43379), np.int64(3838), np.int64(29862), np.int64(9980), np.int64(16514), np.int64(10306), np.int64(15082), np.int64(39723), np.int64(7366), np.int64(38056), np.int64(26307), np.int64(46478), np.int64(21979), np.int64(5732), np.int64(28585), np.int64(8635), np.int64(29174), np.int64(150), np.int64(37337), np.int64(16096), np.int64(36488), np.int64(24017), np.int64(43723), np.int64(49200), np.int64(18280), np.int64(4119), np.int64(46092), np.int64(168), np.int64(41049), np.int64(37023))","(0, 0, 0, 0, 0, 0, 1, 1, 0, 0, 0, 1, 1, 0, 0, 0, 0, 0, 0, 0, 0, 0, 0, 0, 0, 0, 0, 0, 0, 0, 0, 0, 0, 0, 0, 0, 0, 0, 0, 0, 0, 0, 0, 0, 0, 0, 0, 0, 0, 0)"
5.406583,50,63.253006,0,"(np.int64(43686), np.int64(33539), np.int64(26258), np.int64(16237), np.int64(30501), np.int64(12983), np.int64(5863), np.int64(30830), np.int64(11999), np.int64(41509), np.int64(48661), np.int64(4952), np.int64(16282), np.int64(28974), np.int64(1124), np.int64(47295), np.int64(39492), np.int64(19275), np.int64(39354), np.int64(11783), np.int64(49715), np.int64(47430), np.int64(4065), np.int64(29193), np.int64(28858), np.int64(2106), np.int64(45216), np.int64(31746), np.int64(9718), np.int64(44594), np.int64(38425), np.int64(23380), np.int64(1614), np.int64(47245), np.int64(37541), np.int64(38944), np.int64(48845), np.int64(20659), np.int64(27546), np.int64(10158), np.int64(34643), np.int64(42119), np.int64(20641), np.int64(14992), np.int64(39404), np.int64(20317), np.int64(43948), np.int64(5856), np.int64(17247), np.int64(29602))","(0, 0, 0, 0, 0, 0, 0, 0, 0, 0, 0, 0, 0, 1, 0, 0, 0, 1, 0, 1, 0, 0, 0, 0, 1, 0, 0, 1, 0, 0, 0, 0, 0, 0, 0, 0, 0, 0, 0, 1, 0, 0, 0, 0, 0, 1, 0, 0, 0, 0)"
3.97293,50,63.706241,0,"(np.int64(14714), np.int64(32972), np.int64(33205), np.int64(22593), np.int64(40915), np.int64(26982), np.int64(3265), np.int64(35845), np.int64(3837), np.int64(43488), np.int64(1807), np.int64(22780), np.int64(42369), np.int64(10899), np.int64(22111), np.int64(28705), np.int64(26636), np.int64(41830), np.int64(32201), np.int64(23436), np.int64(42935), np.int64(863), np.int64(3431), np.int64(40540), np.int64(49541), np.int64(5369), np.int64(4279), np.int64(34834), np.int64(12617), np.int64(18793), np.int64(8124), np.int64(43476), np.int64(14385), np.int64(37300), np.int64(13065), np.int64(10997), np.int64(46863), np.int64(7168), np.int64(14273), np.int64(16936), np.int64(39895), np.int64(18301), np.int64(3429), np.int64(15778), np.int64(10233), np.int64(38247), np.int64(20622), np.int64(21360), np.int64(17427), np.int64(44380))","(0, 0, 0, 0, 0, 0, 0, 0, 0, 0, 1, 0, 0, 1, 0, 0, 0, 0, 0, 0, 0, 0, 0, 0, 0, 0, 0, 0, 0, 0, 0, 0, 0, 0, 0, 1, 0, 0, 1, 0, 0, 0, 0, 0, 1, 0, 0, 0, 0, 0)"
7.317722,50,64.161495,0,"(np.int64(4996), np.int64(45450), np.int64(47442), np.int64(26877), np.int64(38653), np.int64(32360), np.int64(6758), np.int64(45810), np.int64(40445), np.int64(11669), np.int64(34724), np.int64(32054), np.int64(1810), np.int64(30802), np.int64(34109), np.int64(46664), np.int64(223), np.int64(36800), np.int64(35065), np.int64(2624), np.int64(37468), np.int64(12510), np.int64(20291), np.int64(34687), np.int64(33092), np.int64(43841), np.int64(257), np.int64(18707), np.int64(7730), np.int64(10744), np.int64(32548), np.int64(40830), np.int64(21151), np.int64(8678), np.int64(7613), np.int64(5021), np.int64(5183), np.int64(2998), np.int64(5508), np.int64(22050), np.int64(41132), np.int64(28825), np.int64(11962), np.int64(15063), np.int64(48995), np.int64(20218), np.int64(43605), np.int64(1260), np.int64(5724), np.int64(9702))","(1, 1, 0, 1, 0, 0, 0, 0, 0, 1, 0, 0, 0, 0, 1, 0, 1, 0, 0, 0, 0, 1, 0, 0, 0, 0, 0, 0, 0, 1, 0, 0, 0, 0, 0, 0, 0, 0, 0, 0, 0, 1, 0, 0, 0, 0, 0, 1, 0, 0)"
1.644343,50,64.613052,0,"(np.int64(1970), np.int64(6083), np.int64(46969), np.int64(2722), np.int64(3438), np.int64(30292), np.int64(47033), np.int64(44215), np.int64(16354), np.int64(22165), np.int64(14821), np.int64(30744), np.int64(21756), np.int64(18736), np.int64(29388), np.int64(22005), np.int64(36023), np.int64(15787), np.int64(45660), np.int64(42994), np.int64(3101), np.int64(6819), np.int64(21960), np.int64(25831), np.int64(7623), np.int64(45304), np.int64(16302), np.int64(8456), np.int64(34004), np.int64(29564), np.int64(19603), np.int64(37002), np.int64(795), np.int64(4498), np.int64(25107), np.int64(48844), np.int64(30602), np.int64(8749), np.int64(46745), np.int64(36810), np.int64(15278), np.int64(47700), np.int64(18893), np.int64(46193), np.int64(28383), np.int64(43943), np.int64(33110), np.int64(1475), np.int64(40829), np.int64(37713))","(0, 0, 0, 0, 0, 0, 0, 0, 0, 0, 0, 0, 0, 0, 0, 0, 0, 0, 0, 0, 0, 0, 0, 0, 1, 0, 1, 0, 0, 0, 0, 0, 0, 0, 0, 0, 0, 0, 0, 0, 0, 0, 0, 0, 0, 0, 0, 0, 0, 0)"
3.834461,50,65.09147,0,"(np.int64(21021), np.int64(16993), np.int64(25403), np.int64(3469), np.int64(32615), np.int64(49302), np.int64(33017), np.int64(31756), np.int64(50021), np.int64(27874), np.int64(26241), np.int64(13503), np.int64(9889), np.int64(46914), np.int64(25031), np.int64(18273), np.int64(15969), np.int64(32697), np.int64(33668), np.int64(26486), np.int64(22114), np.int64(29807), np.int64(34192), np.int64(43806), np.int64(37957), np.int64(33364), np.int64(633), np.int64(11417), np.int64(5872), np.int64(43691), np.int64(7868), np.int64(35413), np.int64(15428), np.int64(16642), np.int64(48228), np.int64(4107), np.int64(13618), np.int64(33977), np.int64(44413), np.int64(13960), np.int64(7357), np.int64(10736), np.int64(2256), np.int64(46451), np.int64(10199), np.int64(26627), np.int64(37997), np.int64(6053), np.int64(42175), np.int64(48475))","(0, 0, 0, 0, 1, 0, 0, 0, 0, 0, 1, 0, 0, 0, 1, 0, 0, 0, 0, 0, 0, 0, 1, 0, 0, 0, 0, 0, 0, 0, 0, 0, 0, 1, 0, 0, 0, 0, 0, 0, 0, 0, 0, 0, 0, 0, 0, 0, 0, 0)"
1.354588,50,65.545172,0,"(np.int64(31848), np.int64(17082), np.int64(14728), np.int64(22229), np.int64(15119), np.int64(41574), np.int64(35015), np.int64(2648), np.int64(16083), np.int64(49749), np.int64(28638), np.int64(34522), np.int64(1870), np.int64(19594), np.int64(18696), np.int64(11399), np.int64(11714), np.int64(12978), np.int64(25396), np.int64(31770), np.int64(38000), np.int64(4455), np.int64(41386), np.int64(27872), np.int64(34313), np.int64(20209), np.int64(41602), np.int64(5932), np.int64(13886), np.int64(40016), np.int64(45411), np.int64(8004), np.int64(32410), np.int64(17482), np.int64(11544), np.int64(29888), np.int64(7086), np.int64(2588), np.int64(28133), np.int64(39244), np.int64(45003), np.int64(13816), np.int64(17045), np.int64(6743), np.int64(17061), np.int64(4738), np.int64(5443), np.int64(17737), np.int64(23035), np.int64(41638))","(0, 0, 0, 0, 0, 0, 0, 0, 0, 0, 0, 0, 0, 0, 0, 0, 0, 0, 0, 0, 0, 0, 0, 0, 0, 0, 1, 0, 0, 0, 0, 0, 0, 0, 0, 0, 1, 0, 0, 0, 0, 0, 0, 0, 0, 0, 0, 0, 0, 0)"
4.327757,50,65.995298,0,"(np.int64(37873), np.int64(38083), np.int64(44935), np.int64(27429), np.int64(4148), np.int64(24104), np.int64(48282), np.int64(40506), np.int64(35151), np.int64(17651), np.int64(16961), np.int64(4248), np.int64(35175), np.int64(44412), np.int64(38989), np.int64(34897), np.int64(21883), np.int64(29349), np.int64(24879), np.int64(30315), np.int64(41041), np.int64(48372), np.int64(23620), np.int64(41615), np.int64(1521), np.int64(1682), np.int64(21907), np.int64(11988), np.int64(9290), np.int64(9923), np.int64(15644), np.int64(40979), np.int64(14786), np.int64(31698), np.int64(49787), np.int64(5844), np.int64(16940), np.int64(46570), np.int64(28955), np.int64(6304), np.int64(49019), np.int64(49674), np.int64(16851), np.int64(45018), np.int64(8858), np.int64(27737), np.int64(20881), np.int64(7977), np.int64(41278), np.int64(46133))","(0, 0, 0, 0, 0, 0, 0, 0, 0, 0, 0, 1, 1, 0, 1, 0, 0, 0, 1, 0, 0, 0, 0, 0, 0, 0, 0, 0, 0, 0, 0, 0, 0, 0, 0, 0, 0, 0, 0, 0, 0, 0, 0, 0, 1, 1, 0, 0, 0, 0)"
3.775611,50,66.450586,0,"(np.int64(13875), np.int64(44289), np.int64(21490), np.int64(2293), np.int64(20278), np.int64(4066), np.int64(25499), np.int64(41116), np.int64(7172), np.int64(32168), np.int64(1868), np.int64(20803), np.int64(26387), np.int64(46405), np.int64(44748), np.int64(35989), np.int64(44292), np.int64(21297), np.int64(37544), np.int64(19646), np.int64(2309), np.int64(8244), np.int64(33660), np.int64(37986), np.int64(32749), np.int64(50012), np.int64(38624), np.int64(20816), np.int64(12347), np.int64(40432), np.int64(43718), np.int64(27962), np.int64(25730), np.int64(48237), np.int64(49564), np.int64(8407), np.int64(15569), np.int64(36789), np.int64(22859), np.int64(40263), np.int64(44327), np.int64(7219), np.int64(14191), np.int64(41816), np.int64(8869), np.int64(516), np.int64(37485), np.int64(38468), np.int64(25306), np.int64(46162))","(0, 0, 1, 1, 0, 1, 0, 0, 0, 0, 0, 0, 0, 0, 0, 0, 0, 1, 0, 0, 0, 0, 0, 0, 0, 0, 0, 0, 0, 0, 0, 0, 0, 0, 0, 0, 0, 0, 0, 0, 0, 0, 0, 0, 0, 0, 0, 0, 1, 0)"
4.691624,50,72.159918,0,"(np.int64(23644), np.int64(6516), np.int64(34581), np.int64(11303), np.int64(43048), np.int64(45828), np.int64(19260), np.int64(7924), np.int64(30808), np.int64(20401), np.int64(1507), np.int64(12120), np.int64(13271), np.int64(30640), np.int64(41194), np.int64(45953), np.int64(17457), np.int64(14420), np.int64(49177), np.int64(7018), np.int64(14211), np.int64(22073), np.int64(7426), np.int64(43760), np.int64(40109), np.int64(35251), np.int64(10886), np.int64(46888), np.int64(37744), np.int64(26559), np.int64(43686), np.int64(17614), np.int64(15549), np.int64(41958), np.int64(4896), np.int64(19484), np.int64(36153), np.int64(7610), np.int64(12143), np.int64(19189), np.int64(30903), np.int64(3984), np.int64(13137), np.int64(38748), np.int64(49492), np.int64(24707), np.int64(34890), np.int64(47483), np.int64(18216), np.int64(9713))","(1, 0, 0, 0, 0, 0, 1, 0, 0, 0, 0, 1, 0, 0, 0, 0, 0, 0, 0, 0, 0, 0, 0, 0, 0, 0, 0, 0, 1, 0, 0, 0, 0, 0, 0, 0, 0, 1, 0, 0, 0, 0, 1, 0, 0, 0, 0, 0, 0, 0)"
3.807104,50,72.612154,0,"(np.int64(26768), np.int64(19441), np.int64(41935), np.int64(43144), np.int64(3798), np.int64(25710), np.int64(1851), np.int64(39768), np.int64(48534), np.int64(9195), np.int64(26264), np.int64(49076), np.int64(18170), np.int64(17453), np.int64(31682), np.int64(2533), np.int64(33416), np.int64(33803), np.int64(47874), np.int64(18049), np.int64(44154), np.int64(38156), np.int64(38120), np.int64(6748), np.int64(15592), np.int64(9204), np.int64(33262), np.int64(22575), np.int64(35891), np.int64(29120), np.int64(35023), np.int64(39249), np.int64(19840), np.int64(49651), np.int64(31814), np.int64(46496), np.int64(22979), np.int64(38132), np.int64(29158), np.int64(39365), np.int64(19957), np.int64(7261), np.int64(45469), np.int64(42412), np.int64(22065), np.int64(17912), np.int64(2124), np.int64(43030), np.int64(20951), np.int64(9376))","(0, 0, 0, 0, 0, 0, 0, 0, 0, 0, 0, 0, 0, 0, 1, 0, 0, 0, 0, 0, 0, 0, 0, 0, 0, 0, 0, 0, 0, 0, 0, 0, 0, 0, 0, 0, 0, 0, 1, 0, 1, 0, 0, 0, 0, 0, 1, 0, 0, 1)"
4.593579,50,73.064208,0,"(np.int64(39209), np.int64(20046), np.int64(19527), np.int64(36290), np.int64(33915), np.int64(33254), np.int64(10983), np.int64(35719), np.int64(45019), np.int64(20178), np.int64(21687), np.int64(28856), np.int64(44468), np.int64(49286), np.int64(6797), np.int64(29101), np.int64(45197), np.int64(37269), np.int64(27712), np.int64(11609), np.int64(40809), np.int64(13680), np.int64(9024), np.int64(27364), np.int64(12061), np.int64(34911), np.int64(11720), np.int64(2018), np.int64(18827), np.int64(3836), np.int64(6521), np.int64(48868), np.int64(34338), np.int64(34847), np.int64(15358), np.int64(41192), np.int64(27564), np.int64(28610), np.int64(24544), np.int64(49577), np.int64(48589), np.int64(7797), np.int64(10668), np.int64(25326), np.int64(37847), np.int64(35430), np.int64(45426), np.int64(23080), np.int64(26103), np.int64(35153))","(0, 0, 0, 0, 0, 0, 1, 0, 0, 0, 0, 0, 0, 0, 0, 0, 0, 0, 0, 0, 0, 0, 0, 0, 0, 0, 1, 1, 0, 0, 1, 0, 0, 0, 1, 0, 0, 0, 0, 0, 0, 0, 1, 0, 0, 0, 0, 0, 0, 0)"
3.89976,50,73.516596,0,"(np.int64(31171), np.int64(31482), np.int64(25141), np.int64(27266), np.int64(12986), np.int64(15104), np.int64(7053), np.int64(11366), np.int64(39359), np.int64(3048), np.int64(31674), np.int64(30906), np.int64(45121), np.int64(22986), np.int64(15271), np.int64(19721), np.int64(19567), np.int64(36515), np.int64(40967), np.int64(41198), np.int64(40935), np.int64(9008), np.int64(2700), np.int64(10355), np.int64(38087), np.int64(15315), np.int64(27062), np.int64(12129), np.int64(45867), np.int64(48863), np.int64(2307), np.int64(46476), np.int64(36757), np.int64(38797), np.int64(27965), np.int64(45142), np.int64(20958), np.int64(36166), np.int64(43879), np.int64(10344), np.int64(8773), np.int64(17034), np.int64(13517), np.int64(32007), np.int64(21063), np.int64(890), np.int64(24732), np.int64(13362), np.int64(6904), np.int64(38620))","(0, 0, 0, 0, 1, 1, 0, 0, 0, 1, 0, 0, 0, 0, 0, 1, 0, 0, 0, 0, 0, 0, 0, 0, 0, 0, 0, 0, 0, 0, 0, 0, 0, 0, 0, 0, 0, 0, 0, 0, 0, 0, 0, 0, 0, 0, 0, 1, 0, 0)"
0.0,50,73.965008,0,"(np.int64(49598), np.int64(31625), np.int64(42780), np.int64(23190), np.int64(42400), np.int64(20344), np.int64(44972), np.int64(20748), np.int64(49312), np.int64(49771), np.int64(18530), np.int64(25592), np.int64(46299), np.int64(1434), np.int64(7386), np.int64(41802), np.int64(3247), np.int64(21234), np.int64(2921), np.int64(14607), np.int64(29029), np.int64(41440), np.int64(40976), np.int64(14356), np.int64(24926), np.int64(24673), np.int64(42226), np.int64(32968), np.int64(22011), np.int64(34528), np.int64(45776), np.int64(5086), np.int64(33220), np.int64(1104), np.int64(34422), np.int64(13988), np.int64(39011), np.int64(45984), np.int64(19719), np.int64(24260), np.int64(38404), np.int64(44609), np.int64(45025), np.int64(24747), np.int64(35675), np.int64(13079), np.int64(29724), np.int64(17855), np.int64(40840), np.int64(41125))","(0, 0, 0, 0, 0, 0, 0, 0, 0, 0, 0, 0, 0, 0, 0, 0, 0, 0, 0, 0, 0, 0, 0, 0, 0, 0, 0, 0, 0, 0, 0, 0, 0, 0, 0, 0, 0, 0, 0, 0, 0, 0, 0, 0, 0, 0, 0, 0, 0, 0)"
2.280101,50,74.418696,0,"(np.int64(37226), np.int64(26620), np.int64(42924), np.int64(3311), np.int64(26304), np.int64(22793), np.int64(16423), np.int64(8986), np.int64(24787), np.int64(10997), np.int64(42734), np.int64(23787), np.int64(26720), np.int64(39959), np.int64(44457), np.int64(18267), np.int64(32868), np.int64(18259), np.int64(9453), np.int64(9173), np.int64(23398), np.int64(29696), np.int64(4099), np.int64(32920), np.int64(32186), np.int64(21303), np.int64(44138), np.int64(21633), np.int64(28326), np.int64(45019), np.int64(25279), np.int64(16447), np.int64(8009), np.int64(34678), np.int64(12391), np.int64(42081), np.int64(27524), np.int64(1572), np.int64(29189), np.int64(49970), np.int64(28575), np.int64(3409), np.int64(3993), np.int64(42277), np.int64(4476), np.int64(10663), np.int64(49327), np.int64(11868), np.int64(23346), np.int64(16470))","(1, 0, 0, 0, 0, 0, 0, 0, 0, 1, 0, 0, 0, 0, 0, 0, 0, 0, 0, 0, 0, 0, 0, 0, 0, 0, 0, 0, 0, 0, 0, 0, 0, 1, 0, 0, 0, 0, 0, 0, 0, 0, 0, 0, 0, 0, 0, 0, 0, 0)"
3.004247,50,74.873827,0,"(np.int64(1389), np.int64(33418), np.int64(14756), np.int64(27436), np.int64(45837), np.int64(31861), np.int64(21846), np.int64(8359), np.int64(36023), np.int64(6797), np.int64(35778), np.int64(7111), np.int64(1961), np.int64(31922), np.int64(10384), np.int64(43578), np.int64(29058), np.int64(9580), np.int64(13597), np.int64(42325), np.int64(37220), np.int64(35059), np.int64(1608), np.int64(4434), np.int64(28045), np.int64(43138), np.int64(16370), np.int64(32230), np.int64(8987), np.int64(47241), np.int64(45434), np.int64(39163), np.int64(19137), np.int64(36192), np.int64(28985), np.int64(36588), np.int64(23444), np.int64(26976), np.int64(17494), np.int64(26537), np.int64(46257), np.int64(33595), np.int64(11422), np.int64(27247), np.int64(42546), np.int64(19060), np.int64(28614), np.int64(49624), np.int64(14387), np.int64(46421))","(0, 0, 0, 0, 0, 0, 0, 0, 0, 0, 0, 0, 1, 0, 0, 0, 0, 0, 0, 0, 0, 0, 1, 1, 0, 0, 0, 0, 0, 0, 0, 0, 0, 0, 0, 0, 0, 0, 0, 0, 0, 0, 1, 0, 0, 0, 0, 0, 0, 0)"
2.341162,50,75.32296,0,"(np.int64(36790), np.int64(45064), np.int64(36067), np.int64(31474), np.int64(40211), np.int64(4334), np.int64(1452), np.int64(31499), np.int64(27911), np.int64(31218), np.int64(39297), np.int64(27599), np.int64(32831), np.int64(28683), np.int64(3890), np.int64(34385), np.int64(25492), np.int64(19432), np.int64(3719), np.int64(33421), np.int64(30249), np.int64(360), np.int64(13903), np.int64(18631), np.int64(46710), np.int64(23698), np.int64(34927), np.int64(44036), np.int64(39075), np.int64(34289), np.int64(27621), np.int64(3724), np.int64(40477), np.int64(47989), np.int64(3669), np.int64(24992), np.int64(12328), np.int64(20434), np.int64(7955), np.int64(49384), np.int64(43042), np.int64(1742), np.int64(17616), np.int64(46822), np.int64(9365), np.int64(2214), np.int64(3114), np.int64(19495), np.int64(46626), np.int64(2215))","(0, 0, 0, 0, 0, 0, 0, 0, 0, 1, 0, 0, 0, 0, 0, 0, 0, 0, 1, 0, 0, 0, 0, 0, 0, 0, 0, 0, 0, 0, 0, 0, 0, 0, 0, 0, 0, 0, 0, 0, 0, 0, 0, 0, 0, 1, 0, 0, 0, 0)"
2.084639,50,75.772317,0,"(np.int64(2143), np.int64(42267), np.int64(13840), np.int64(27392), np.int64(9435), np.int64(17231), np.int64(43098), np.int64(5941), np.int64(38409), np.int64(8999), np.int64(28899), np.int64(9121), np.int64(42738), np.int64(44545), np.int64(34088), np.int64(38448), np.int64(25705), np.int64(39389), np.int64(30549), np.int64(41674), np.int64(43094), np.int64(44204), np.int64(42487), np.int64(29795), np.int64(30337), np.int64(15171), np.int64(28234), np.int64(33895), np.int64(31416), np.int64(30243), np.int64(31958), np.int64(13433), np.int64(43682), np.int64(22950), np.int64(3514), np.int64(14265), np.int64(22831), np.int64(23158), np.int64(3681), np.int64(11836), np.int64(49503), np.int64(1991), np.int64(7153), np.int64(42980), np.int64(10916), np.int64(34370), np.int64(38028), np.int64(1011), np.int64(29415), np.int64(14632))","(0, 0, 1, 0, 1, 0, 0, 0, 0, 0, 0, 0, 0, 0, 0, 1, 0, 0, 0, 0, 0, 0, 0, 0, 0, 0, 0, 0, 0, 0, 0, 0, 0, 0, 0, 0, 0, 0, 0, 0, 0, 0, 0, 0, 0, 0, 0, 0, 0, 0)"
5.769348,50,76.227368,0,"(np.int64(4581), np.int64(46729), np.int64(25677), np.int64(21910), np.int64(10637), np.int64(49354), np.int64(38058), np.int64(7340), np.int64(27672), np.int64(43720), np.int64(39096), np.int64(40344), np.int64(27243), np.int64(32804), np.int64(2836), np.int64(11724), np.int64(9713), np.int64(5508), np.int64(6746), np.int64(42154), np.int64(34207), np.int64(12354), np.int64(12333), np.int64(14839), np.int64(12412), np.int64(32588), np.int64(10391), np.int64(19971), np.int64(32896), np.int64(14635), np.int64(12284), np.int64(34990), np.int64(10172), np.int64(48468), np.int64(804), np.int64(35881), np.int64(7307), np.int64(25331), np.int64(6677), np.int64(24832), np.int64(31435), np.int64(23537), np.int64(16031), np.int64(21202), np.int64(30267), np.int64(49022), np.int64(29297), np.int64(12490), np.int64(30394), np.int64(35526))","(1, 0, 0, 0, 1, 0, 0, 1, 0, 1, 0, 0, 0, 0, 0, 0, 0, 0, 1, 0, 0, 0, 0, 0, 0, 0, 0, 0, 0, 0, 0, 0, 0, 0, 1, 0, 0, 0, 0, 0, 0, 0, 1, 0, 1, 0, 0, 0, 0, 0)"
2.363592,50,76.679555,0,"(np.int64(27357), np.int64(6511), np.int64(8924), np.int64(43389), np.int64(43031), np.int64(37962), np.int64(44383), np.int64(18347), np.int64(49663), np.int64(9822), np.int64(6447), np.int64(7434), np.int64(4467), np.int64(41254), np.int64(11367), np.int64(1998), np.int64(24258), np.int64(33699), np.int64(7771), np.int64(30762), np.int64(18135), np.int64(5080), np.int64(37847), np.int64(43220), np.int64(22304), np.int64(18794), np.int64(18776), np.int64(28937), np.int64(1268), np.int64(35406), np.int64(49517), np.int64(24595), np.int64(21885), np.int64(12896), np.int64(36996), np.int64(26702), np.int64(27878), np.int64(2857), np.int64(1880), np.int64(48945), np.int64(23337), np.int64(25397), np.int64(18615), np.int64(38947), np.int64(25544), np.int64(45550), np.int64(11945), np.int64(42987), np.int64(37917), np.int64(45778))","(0, 0, 0, 0, 0, 0, 0, 0, 0, 0, 0, 0, 0, 0, 0, 0, 0, 0, 0, 0, 0, 0, 0, 0, 0, 0, 0, 0, 1, 0, 0, 0, 0, 0, 0, 0, 0, 0, 1, 1, 0, 0, 0, 0, 0, 0, 0, 0, 0, 0)"
6.604127,50,77.134525,0,"(np.int64(19140), np.int64(2870), np.int64(1557), np.int64(45132), np.int64(19457), np.int64(4828), np.int64(15408), np.int64(19669), np.int64(40452), np.int64(356), np.int64(38716), np.int64(10143), np.int64(3370), np.int64(4335), np.int64(34069), np.int64(5508), np.int64(24575), np.int64(1821), np.int64(29673), np.int64(35219), np.int64(12240), np.int64(17728), np.int64(48917), np.int64(12321), np.int64(33732), np.int64(38168), np.int64(36370), np.int64(32645), np.int64(35015), np.int64(25795), np.int64(13764), np.int64(33593), np.int64(15288), np.int64(28540), np.int64(24471), np.int64(37312), np.int64(20927), np.int64(12736), np.int64(17891), np.int64(29023), np.int64(23862), np.int64(18565), np.int64(5630), np.int64(39762), np.int64(14935), np.int64(2767), np.int64(25579), np.int64(21485), np.int64(17303), np.int64(37431))","(1, 0, 0, 0, 0, 1, 0, 0, 0, 0, 0, 1, 0, 0, 0, 0, 0, 0, 0, 0, 1, 0, 0, 0, 0, 1, 1, 0, 0, 0, 0, 0, 0, 0, 0, 1, 1, 0, 0, 0, 0, 0, 0, 0, 0, 1, 0, 0, 0, 0)"
4.846898,50,77.585263,0,"(np.int64(38448), np.int64(46552), np.int64(32325), np.int64(40748), np.int64(3475), np.int64(4902), np.int64(30062), np.int64(6894), np.int64(18525), np.int64(36247), np.int64(48523), np.int64(20779), np.int64(28099), np.int64(48164), np.int64(31287), np.int64(13333), np.int64(1641), np.int64(21895), np.int64(27427), np.int64(10364), np.int64(26383), np.int64(29398), np.int64(10332), np.int64(11034), np.int64(4126), np.int64(7016), np.int64(35872), np.int64(44764), np.int64(43315), np.int64(37505), np.int64(29628), np.int64(30864), np.int64(44022), np.int64(33941), np.int64(31013), np.int64(31392), np.int64(7359), np.int64(44415), np.int64(2603), np.int64(3283), np.int64(48203), np.int64(6496), np.int64(38965), np.int64(6503), np.int64(1807), np.int64(36834), np.int64(20654), np.int64(41623), np.int64(10587), np.int64(38560))","(1, 1, 0, 0, 0, 0, 0, 0, 0, 0, 0, 0, 0, 0, 0, 0, 0, 0, 1, 0, 0, 0, 0, 1, 0, 0, 0, 0, 0, 0, 0, 0, 0, 0, 1, 0, 0, 0, 0, 0, 0, 0, 0, 1, 1, 0, 0, 0, 0, 0)"
3.00496,50,78.038853,0,"(np.int64(11251), np.int64(1245), np.int64(15472), np.int64(8146), np.int64(20089), np.int64(37722), np.int64(31854), np.int64(41228), np.int64(11029), np.int64(12985), np.int64(26522), np.int64(46419), np.int64(4267), np.int64(32268), np.int64(9130), np.int64(24234), np.int64(23638), np.int64(47069), np.int64(49287), np.int64(35486), np.int64(36448), np.int64(34339), np.int64(21298), np.int64(9009), np.int64(36495), np.int64(18733), np.int64(24060), np.int64(37949), np.int64(42022), np.int64(25650), np.int64(18192), np.int64(12582), np.int64(41217), np.int64(9985), np.int64(27256), np.int64(824), np.int64(20156), np.int64(1727), np.int64(3396), np.int64(35900), np.int64(15337), np.int64(7547), np.int64(36335), np.int64(24786), np.int64(35707), np.int64(11265), np.int64(16741), np.int64(15486), np.int64(47275), np.int64(27030))","(0, 1, 1, 0, 0, 0, 0, 0, 0, 1, 0, 0, 0, 0, 0, 0, 0, 0, 0, 0, 0, 0, 0, 0, 0, 0, 0, 0, 0, 1, 0, 0, 0, 0, 0, 0, 0, 0, 0, 0, 0, 0, 0, 0, 0, 0, 0, 0, 0, 0)"
2.231193,50,78.492653,0,"(np.int64(1132), np.int64(28654), np.int64(23067), np.int64(40055), np.int64(28124), np.int64(43855), np.int64(37687), np.int64(45590), np.int64(15227), np.int64(48590), np.int64(23619), np.int64(1931), np.int64(11917), np.int64(9786), np.int64(22902), np.int64(47313), np.int64(4725), np.int64(23822), np.int64(3684), np.int64(37024), np.int64(37568), np.int64(40656), np.int64(20738), np.int64(36859), np.int64(4729), np.int64(10510), np.int64(15725), np.int64(10884), np.int64(35556), np.int64(1577), np.int64(39698), np.int64(3727), np.int64(31143), np.int64(28378), np.int64(49424), np.int64(13572), np.int64(15634), np.int64(30533), np.int64(43082), np.int64(37418), np.int64(21897), np.int64(19008), np.int64(45296), np.int64(10397), np.int64(47041), np.int64(20725), np.int64(28287), np.int64(2575), np.int64(42732), np.int64(17789))","(0, 0, 0, 0, 0, 0, 0, 0, 0, 0, 0, 0, 0, 0, 0, 0, 1, 0, 1, 0, 0, 0, 0, 0, 0, 0, 0, 0, 0, 0, 0, 0, 1, 0, 0, 0, 0, 0, 0, 0, 0, 0, 0, 0, 0, 0, 0, 0, 0, 0)"
5.257553,50,78.943336,0,"(np.int64(46283), np.int64(28662), np.int64(32754), np.int64(32964), np.int64(5656), np.int64(37384), np.int64(10967), np.int64(12694), np.int64(13638), np.int64(4497), np.int64(49808), np.int64(23579), np.int64(25853), np.int64(21949), np.int64(2072), np.int64(43115), np.int64(15903), np.int64(44749), np.int64(17922), np.int64(29366), np.int64(23128), np.int64(29335), np.int64(26546), np.int64(35371), np.int64(27745), np.int64(2761), np.int64(34742), np.int64(46914), np.int64(28815), np.int64(37431), np.int64(2406), np.int64(29187), np.int64(46064), np.int64(46369), np.int64(19770), np.int64(42238), np.int64(27372), np.int64(37101), np.int64(27066), np.int64(7167), np.int64(23272), np.int64(8162), np.int64(5404), np.int64(28939), np.int64(42879), np.int64(17790), np.int64(25055), np.int64(26266), np.int64(27572), np.int64(29826))","(0, 0, 0, 0, 0, 0, 0, 0, 1, 0, 0, 0, 0, 1, 0, 0, 0, 0, 0, 0, 0, 0, 0, 0, 0, 1, 0, 0, 1, 0, 0, 1, 0, 0, 1, 0, 0, 0, 1, 0, 0, 0, 0, 0, 0, 0, 0, 0, 0, 0)"
2.42133,50,79.407247,0,"(np.int64(19887), np.int64(1388), np.int64(40245), np.int64(11473), np.int64(49702), np.int64(28689), np.int64(15234), np.int64(32319), np.int64(37145), np.int64(33873), np.int64(5873), np.int64(12110), np.int64(14419), np.int64(34869), np.int64(23505), np.int64(43848), np.int64(39836), np.int64(36673), np.int64(37235), np.int64(25995), np.int64(2095), np.int64(14033), np.int64(43529), np.int64(11935), np.int64(11757), np.int64(23355), np.int64(24223), np.int64(28046), np.int64(36132), np.int64(4018), np.int64(2760), np.int64(18371), np.int64(24895), np.int64(35405), np.int64(2358), np.int64(25043), np.int64(16857), np.int64(13224), np.int64(44565), np.int64(13031), np.int64(11656), np.int64(13742), np.int64(2246), np.int64(46779), np.int64(41876), np.int64(30151), np.int64(10638), np.int64(36625), np.int64(46500), np.int64(411))","(0, 0, 0, 0, 0, 0, 1, 0, 0, 0, 0, 0, 0, 0, 1, 0, 0, 0, 0, 0, 0, 0, 0, 0, 0, 0, 0, 0, 0, 0, 0, 0, 0, 0, 0, 0, 0, 1, 0, 0, 0, 0, 0, 0, 0, 0, 0, 0, 0, 0)"
3.422674,50,79.867797,0,"(np.int64(47912), np.int64(41349), np.int64(20427), np.int64(44724), np.int64(15205), np.int64(48329), np.int64(43677), np.int64(34409), np.int64(15264), np.int64(6214), np.int64(28998), np.int64(27170), np.int64(29856), np.int64(10598), np.int64(33531), np.int64(18885), np.int64(15433), np.int64(48095), np.int64(20058), np.int64(18385), np.int64(8025), np.int64(40801), np.int64(47379), np.int64(19546), np.int64(12356), np.int64(31719), np.int64(10163), np.int64(15350), np.int64(46296), np.int64(17660), np.int64(22581), np.int64(44793), np.int64(28387), np.int64(22953), np.int64(14182), np.int64(42822), np.int64(14268), np.int64(18794), np.int64(49863), np.int64(25541), np.int64(21403), np.int64(12621), np.int64(19048), np.int64(45390), np.int64(17312), np.int64(37194), np.int64(25268), np.int64(14224), np.int64(18766), np.int64(7783))","(0, 0, 0, 1, 0, 0, 0, 1, 0, 0, 0, 0, 0, 0, 0, 0, 1, 0, 0, 0, 0, 0, 0, 0, 1, 0, 0, 1, 0, 0, 0, 0, 0, 0, 0, 0, 0, 0, 0, 0, 0, 0, 0, 0, 0, 0, 0, 0, 0, 0)"
5.110557,50,80.321709,0,"(np.int64(46993), np.int64(636), np.int64(40543), np.int64(23933), np.int64(45979), np.int64(35491), np.int64(4113), np.int64(21836), np.int64(24662), np.int64(23289), np.int64(29242), np.int64(2354), np.int64(42130), np.int64(43248), np.int64(9054), np.int64(194), np.int64(2552), np.int64(21095), np.int64(31032), np.int64(29625), np.int64(39483), np.int64(31230), np.int64(25119), np.int64(12488), np.int64(5465), np.int64(18262), np.int64(4467), np.int64(25679), np.int64(40053), np.int64(33825), np.int64(44292), np.int64(980), np.int64(2764), np.int64(49853), np.int64(18180), np.int64(16490), np.int64(39517), np.int64(5953), np.int64(7076), np.int64(10027), np.int64(4571), np.int64(32072), np.int64(23526), np.int64(48183), np.int64(10585), np.int64(38557), np.int64(42191), np.int64(19213), np.int64(26605), np.int64(732))","(0, 0, 0, 0, 0, 0, 1, 1, 0, 0, 0, 0, 0, 0, 1, 1, 0, 0, 0, 0, 0, 0, 0, 0, 0, 0, 0, 0, 0, 0, 0, 0, 0, 0, 0, 0, 0, 0, 0, 1, 0, 0, 0, 0, 0, 0, 0, 1, 1, 0)"
6.201483,50,80.783377,0,"(np.int64(17417), np.int64(39336), np.int64(41283), np.int64(33777), np.int64(2905), np.int64(44774), np.int64(12906), np.int64(19681), np.int64(2351), np.int64(10603), np.int64(17337), np.int64(2524), np.int64(17832), np.int64(22031), np.int64(8903), np.int64(8560), np.int64(15033), np.int64(25443), np.int64(10126), np.int64(12087), np.int64(33343), np.int64(15127), np.int64(11702), np.int64(20994), np.int64(36567), np.int64(25575), np.int64(34188), np.int64(21217), np.int64(28423), np.int64(36749), np.int64(10523), np.int64(1426), np.int64(31322), np.int64(1922), np.int64(31026), np.int64(35043), np.int64(17639), np.int64(10618), np.int64(29696), np.int64(38833), np.int64(22106), np.int64(47384), np.int64(1646), np.int64(10735), np.int64(19035), np.int64(45413), np.int64(5202), np.int64(31724), np.int64(4980), np.int64(30200))","(0, 0, 0, 0, 0, 0, 0, 1, 0, 0, 0, 0, 0, 1, 0, 0, 0, 0, 1, 1, 0, 0, 1, 0, 0, 0, 0, 0, 0, 0, 0, 0, 0, 0, 0, 1, 1, 0, 0, 0, 0, 0, 0, 0, 0, 0, 1, 0, 0, 0)"
4.633147,50,81.233261,0,"(np.int64(11263), np.int64(25683), np.int64(40879), np.int64(42195), np.int64(8018), np.int64(41255), np.int64(25911), np.int64(49895), np.int64(1561), np.int64(18203), np.int64(4950), np.int64(11613), np.int64(35029), np.int64(44423), np.int64(18259), np.int64(24751), np.int64(25840), np.int64(47415), np.int64(14456), np.int64(43206), np.int64(49500), np.int64(46148), np.int64(48169), np.int64(19578), np.int64(12866), np.int64(9624), np.int64(27550), np.int64(5256), np.int64(24450), np.int64(9315), np.int64(13862), np.int64(48334), np.int64(35721), np.int64(17456), np.int64(36470), np.int64(23137), np.int64(35411), np.int64(49068), np.int64(12614), np.int64(24116), np.int64(3899), np.int64(14521), np.int64(28837), np.int64(15993), np.int64(49063), np.int64(1313), np.int64(34176), np.int64(8089), np.int64(25342), np.int64(29625))","(0, 0, 0, 0, 0, 0, 0, 0, 0, 0, 1, 0, 0, 0, 0, 1, 0, 0, 0, 0, 0, 0, 0, 1, 0, 1, 0, 1, 1, 0, 0, 0, 0, 0, 0, 0, 0, 0, 0, 0, 0, 0, 0, 0, 0, 0, 0, 0, 0, 0)"
4.648715,50,81.687735,0,"(np.int64(10341), np.int64(4465), np.int64(18164), np.int64(32138), np.int64(4428), np.int64(10837), np.int64(29792), np.int64(18195), np.int64(9064), np.int64(42307), np.int64(2566), np.int64(33416), np.int64(2251), np.int64(24945), np.int64(18270), np.int64(45912), np.int64(44881), np.int64(1153), np.int64(12822), np.int64(42260), np.int64(46094), np.int64(39793), np.int64(43410), np.int64(5092), np.int64(46248), np.int64(1612), np.int64(15233), np.int64(7159), np.int64(19063), np.int64(36464), np.int64(25823), np.int64(17758), np.int64(13919), np.int64(5493), np.int64(45878), np.int64(37012), np.int64(17354), np.int64(25334), np.int64(32053), np.int64(31372), np.int64(24439), np.int64(1097), np.int64(10461), np.int64(11413), np.int64(9537), np.int64(19153), np.int64(28364), np.int64(7288), np.int64(44210), np.int64(36161))","(1, 0, 0, 0, 0, 0, 0, 1, 0, 0, 0, 0, 1, 0, 0, 0, 0, 0, 0, 0, 0, 0, 0, 0, 1, 1, 0, 0, 0, 0, 0, 0, 0, 0, 0, 0, 1, 0, 0, 0, 0, 0, 0, 0, 0, 0, 0, 0, 0, 0)"
2.053404,50,82.142585,0,"(np.int64(36748), np.int64(17535), np.int64(7362), np.int64(14903), np.int64(38570), np.int64(46979), np.int64(28985), np.int64(15046), np.int64(29925), np.int64(25823), np.int64(35815), np.int64(15102), np.int64(44825), np.int64(14337), np.int64(40782), np.int64(22810), np.int64(46676), np.int64(15152), np.int64(35356), np.int64(35052), np.int64(16416), np.int64(7987), np.int64(27742), np.int64(34010), np.int64(38895), np.int64(5085), np.int64(39319), np.int64(3433), np.int64(6888), np.int64(28407), np.int64(28082), np.int64(25987), np.int64(41215), np.int64(9547), np.int64(32540), np.int64(15522), np.int64(41886), np.int64(45018), np.int64(37659), np.int64(10106), np.int64(47857), np.int64(34523), np.int64(10657), np.int64(45913), np.int64(47175), np.int64(32233), np.int64(47809), np.int64(3151), np.int64(44523), np.int64(2655))","(0, 0, 0, 0, 0, 0, 0, 1, 0, 0, 0, 0, 0, 0, 0, 0, 0, 0, 0, 0, 0, 0, 0, 0, 0, 0, 0, 0, 0, 0, 0, 0, 0, 0, 0, 0, 0, 0, 1, 0, 0, 0, 0, 0, 1, 0, 0, 0, 0, 0)"
2.985887,50,82.594939,0,"(np.int64(16145), np.int64(24952), np.int64(20987), np.int64(33597), np.int64(45825), np.int64(46907), np.int64(42230), np.int64(2963), np.int64(9041), np.int64(10670), np.int64(31782), np.int64(22983), np.int64(38655), np.int64(4844), np.int64(39709), np.int64(48189), np.int64(37576), np.int64(33420), np.int64(13383), np.int64(35828), np.int64(25068), np.int64(43063), np.int64(31663), np.int64(12169), np.int64(47057), np.int64(12620), np.int64(19751), np.int64(27733), np.int64(21776), np.int64(2204), np.int64(47307), np.int64(17618), np.int64(1968), np.int64(26486), np.int64(4679), np.int64(6654), np.int64(43609), np.int64(6414), np.int64(41099), np.int64(22700), np.int64(15804), np.int64(36170), np.int64(18658), np.int64(28795), np.int64(14853), np.int64(42493), np.int64(43331), np.int64(45660), np.int64(22393), np.int64(17922))","(0, 0, 1, 0, 0, 0, 0, 0, 0, 0, 0, 0, 0, 0, 0, 0, 0, 0, 0, 0, 0, 0, 0, 0, 0, 0, 0, 0, 1, 0, 1, 0, 0, 0, 1, 0, 0, 0, 0, 0, 0, 0, 0, 0, 0, 0, 0, 0, 0, 0)"
3.169714,50,83.052031,0,"(np.int64(3059), np.int64(31881), np.int64(37252), np.int64(46713), np.int64(17051), np.int64(1725), np.int64(17083), np.int64(43475), np.int64(20391), np.int64(12564), np.int64(44451), np.int64(29897), np.int64(38411), np.int64(40276), np.int64(13756), np.int64(24581), np.int64(19285), np.int64(11416), np.int64(38395), np.int64(42197), np.int64(19699), np.int64(26756), np.int64(24883), np.int64(27053), np.int64(14990), np.int64(42592), np.int64(28553), np.int64(1956), np.int64(25943), np.int64(34632), np.int64(1008), np.int64(19321), np.int64(40208), np.int64(441), np.int64(8248), np.int64(9482), np.int64(8550), np.int64(38158), np.int64(24083), np.int64(36693), np.int64(24039), np.int64(23974), np.int64(4676), np.int64(22222), np.int64(35138), np.int64(17599), np.int64(21087), np.int64(1239), np.int64(15833), np.int64(29682))","(0, 0, 0, 0, 0, 0, 0, 0, 0, 0, 0, 0, 0, 0, 0, 0, 0, 1, 0, 0, 0, 0, 0, 0, 0, 0, 0, 0, 0, 0, 0, 0, 0, 0, 0, 0, 1, 0, 1, 0, 0, 1, 0, 0, 0, 0, 0, 0, 0, 0)"
2.288941,50,83.49815,0,"(np.int64(36203), np.int64(18428), np.int64(17074), np.int64(12070), np.int64(41064), np.int64(5999), np.int64(8502), np.int64(24446), np.int64(7532), np.int64(1337), np.int64(16580), np.int64(10446), np.int64(46105), np.int64(34160), np.int64(11522), np.int64(29617), np.int64(21747), np.int64(9027), np.int64(30211), np.int64(48399), np.int64(23556), np.int64(41758), np.int64(42367), np.int64(47947), np.int64(26228), np.int64(49393), np.int64(42899), np.int64(19412), np.int64(48959), np.int64(39011), np.int64(37999), np.int64(27757), np.int64(8045), np.int64(49732), np.int64(40980), np.int64(4238), np.int64(8350), np.int64(20125), np.int64(36571), np.int64(10534), np.int64(47558), np.int64(28571), np.int64(35291), np.int64(16633), np.int64(26805), np.int64(41362), np.int64(48837), np.int64(34092), np.int64(26283), np.int64(12473))","(0, 0, 0, 0, 0, 0, 0, 1, 0, 0, 0, 0, 0, 0, 1, 0, 0, 0, 0, 0, 0, 0, 0, 0, 0, 0, 0, 1, 0, 0, 0, 0, 0, 0, 0, 0, 0, 0, 0, 0, 0, 0, 0, 0, 0, 0, 0, 0, 0, 0)"
2.39101,50,83.949571,0,"(np.int64(30137), np.int64(38865), np.int64(1573), np.int64(14361), np.int64(14381), np.int64(39233), np.int64(2746), np.int64(12246), np.int64(30818), np.int64(18317), np.int64(34338), np.int64(47131), np.int64(8791), np.int64(32014), np.int64(4537), np.int64(40346), np.int64(22483), np.int64(41563), np.int64(45600), np.int64(31398), np.int64(13573), np.int64(18430), np.int64(41257), np.int64(12896), np.int64(35479), np.int64(27542), np.int64(21593), np.int64(49), np.int64(48229), np.int64(13185), np.int64(1677), np.int64(34316), np.int64(14136), np.int64(35610), np.int64(28310), np.int64(7572), np.int64(46501), np.int64(8749), np.int64(23221), np.int64(29153), np.int64(5288), np.int64(11987), np.int64(8104), np.int64(22897), np.int64(8891), np.int64(42922), np.int64(28643), np.int64(9089), np.int64(35654), np.int64(17415))","(0, 0, 0, 1, 0, 0, 0, 0, 0, 0, 0, 0, 1, 0, 0, 0, 0, 0, 0, 0, 0, 1, 0, 0, 0, 0, 0, 0, 0, 0, 0, 0, 0, 0, 0, 0, 0, 0, 0, 0, 0, 0, 0, 0, 0, 0, 0, 0, 0, 0)"
4.79182,50,84.405555,0,"(np.int64(39753), np.int64(21524), np.int64(10536), np.int64(12973), np.int64(13078), np.int64(32554), np.int64(10722), np.int64(24153), np.int64(28344), np.int64(47254), np.int64(38217), np.int64(33675), np.int64(43895), np.int64(1461), np.int64(45043), np.int64(9395), np.int64(32226), np.int64(18995), np.int64(34003), np.int64(36442), np.int64(49332), np.int64(3849), np.int64(43437), np.int64(29423), np.int64(15450), np.int64(12291), np.int64(31819), np.int64(40484), np.int64(35868), np.int64(28070), np.int64(1089), np.int64(9901), np.int64(29898), np.int64(16305), np.int64(18705), np.int64(35259), np.int64(48843), np.int64(13705), np.int64(8069), np.int64(521), np.int64(18887), np.int64(2140), np.int64(42217), np.int64(13906), np.int64(33321), np.int64(42658), np.int64(37736), np.int64(4244), np.int64(656), np.int64(8335))","(0, 0, 0, 0, 1, 0, 0, 0, 0, 0, 0, 0, 0, 0, 0, 0, 0, 1, 0, 0, 0, 0, 0, 0, 1, 0, 1, 1, 0, 0, 0, 1, 0, 0, 0, 0, 0, 0, 0, 0, 0, 0, 0, 0, 0, 1, 0, 0, 0, 0)"
1.339926,50,84.856501,0,"(np.int64(25854), np.int64(47652), np.int64(8260), np.int64(15857), np.int64(22419), np.int64(33358), np.int64(47961), np.int64(17983), np.int64(18554), np.int64(14737), np.int64(25544), np.int64(37515), np.int64(1635), np.int64(12926), np.int64(33131), np.int64(48114), np.int64(43492), np.int64(20296), np.int64(34587), np.int64(18249), np.int64(34371), np.int64(18583), np.int64(35806), np.int64(40179), np.int64(28401), np.int64(12188), np.int64(34029), np.int64(11095), np.int64(31103), np.int64(31895), np.int64(22895), np.int64(9461), np.int64(15932), np.int64(35785), np.int64(10187), np.int64(27207), np.int64(45206), np.int64(21582), np.int64(6408), np.int64(18290), np.int64(10565), np.int64(20217), np.int64(21141), np.int64(46780), np.int64(223), np.int64(46220), np.int64(45651), np.int64(16850), np.int64(29991), np.int64(29642))","(0, 0, 0, 0, 0, 0, 0, 0, 0, 0, 0, 0, 0, 0, 0, 0, 0, 0, 1, 0, 0, 0, 0, 0, 0, 0, 0, 0, 0, 0, 0, 0, 0, 0, 0, 0, 0, 0, 0, 0, 0, 0, 0, 0, 1, 0, 0, 0, 0, 0)"
2.376071,50,85.30975,0,"(np.int64(33654), np.int64(11504), np.int64(8617), np.int64(8883), np.int64(19830), np.int64(21688), np.int64(2591), np.int64(4058), np.int64(40005), np.int64(1016), np.int64(46616), np.int64(2018), np.int64(29367), np.int64(25141), np.int64(18520), np.int64(8656), np.int64(8506), np.int64(27772), np.int64(42051), np.int64(10932), np.int64(17358), np.int64(41240), np.int64(49099), np.int64(43221), np.int64(2920), np.int64(10815), np.int64(26242), np.int64(47905), np.int64(45716), np.int64(22116), np.int64(33804), np.int64(41800), np.int64(11829), np.int64(37073), np.int64(47429), np.int64(24476), np.int64(30462), np.int64(129), np.int64(15100), np.int64(5401), np.int64(30809), np.int64(37933), np.int64(49442), np.int64(910), np.int64(41904), np.int64(41118), np.int64(41395), np.int64(21893), np.int64(19242), np.int64(42322))","(1, 0, 0, 0, 0, 0, 0, 0, 0, 0, 0, 1, 0, 0, 0, 0, 1, 0, 0, 0, 0, 0, 0, 0, 0, 0, 0, 0, 0, 0, 0, 0, 0, 0, 0, 0, 0, 0, 0, 0, 0, 0, 0, 0, 0, 0, 0, 0, 0, 0)"
3.205404,50,85.780474,0,"(np.int64(23139), np.int64(11920), np.int64(7152), np.int64(30990), np.int64(32698), np.int64(1834), np.int64(47893), np.int64(19682), np.int64(22489), np.int64(26547), np.int64(6277), np.int64(11526), np.int64(47622), np.int64(209), np.int64(20777), np.int64(21162), np.int64(12753), np.int64(35217), np.int64(18564), np.int64(5763), np.int64(32700), np.int64(40736), np.int64(19004), np.int64(41541), np.int64(13554), np.int64(9087), np.int64(30920), np.int64(39249), np.int64(18843), np.int64(22465), np.int64(18649), np.int64(34090), np.int64(41591), np.int64(32514), np.int64(38589), np.int64(21094), np.int64(44667), np.int64(27696), np.int64(2260), np.int64(30733), np.int64(42606), np.int64(35830), np.int64(43345), np.int64(22186), np.int64(5396), np.int64(2702), np.int64(805), np.int64(17280), np.int64(40265), np.int64(45284))","(0, 0, 0, 0, 0, 0, 0, 0, 0, 1, 0, 0, 0, 0, 0, 0, 0, 0, 0, 0, 0, 0, 0, 0, 1, 0, 0, 0, 0, 0, 0, 0, 0, 0, 0, 0, 0, 0, 0, 0, 0, 0, 0, 0, 1, 0, 1, 0, 0, 0)"
5.912351,50,86.24007,0,"(np.int64(14348), np.int64(16174), np.int64(38410), np.int64(31620), np.int64(15505), np.int64(47891), np.int64(20465), np.int64(30906), np.int64(37817), np.int64(48979), np.int64(4207), np.int64(36735), np.int64(11642), np.int64(21585), np.int64(37737), np.int64(47188), np.int64(33436), np.int64(1924), np.int64(23345), np.int64(34374), np.int64(38956), np.int64(48798), np.int64(28941), np.int64(34814), np.int64(32890), np.int64(12124), np.int64(5408), np.int64(45150), np.int64(1174), np.int64(33691), np.int64(42532), np.int64(7864), np.int64(12745), np.int64(47140), np.int64(7674), np.int64(3138), np.int64(39079), np.int64(40042), np.int64(17984), np.int64(48372), np.int64(17800), np.int64(38787), np.int64(37079), np.int64(30226), np.int64(3866), np.int64(12151), np.int64(20128), np.int64(9853), np.int64(12700), np.int64(21620))","(0, 0, 0, 0, 0, 0, 0, 0, 0, 0, 1, 0, 0, 0, 0, 1, 0, 0, 1, 0, 0, 0, 1, 0, 0, 0, 1, 0, 0, 0, 0, 0, 0, 0, 1, 0, 0, 0, 0, 0, 0, 0, 0, 1, 1, 0, 0, 0, 0, 0)"
1.448316,50,86.694981,0,"(np.int64(31716), np.int64(34277), np.int64(21224), np.int64(20533), np.int64(21769), np.int64(29054), np.int64(12938), np.int64(15034), np.int64(14385), np.int64(9789), np.int64(44817), np.int64(12244), np.int64(8795), np.int64(21447), np.int64(31469), np.int64(10372), np.int64(8948), np.int64(33019), np.int64(20994), np.int64(46956), np.int64(42603), np.int64(45051), np.int64(10762), np.int64(24889), np.int64(7487), np.int64(13045), np.int64(32038), np.int64(39716), np.int64(10025), np.int64(20920), np.int64(38049), np.int64(37297), np.int64(45135), np.int64(44940), np.int64(28642), np.int64(42576), np.int64(19920), np.int64(7535), np.int64(21291), np.int64(22824), np.int64(34815), np.int64(15371), np.int64(22584), np.int64(30090), np.int64(1580), np.int64(30651), np.int64(13713), np.int64(11668), np.int64(29150), np.int64(6150))","(0, 0, 0, 0, 0, 0, 0, 0, 0, 0, 0, 0, 0, 0, 0, 0, 0, 0, 0, 0, 0, 0, 0, 0, 0, 0, 0, 0, 0, 0, 0, 0, 0, 0, 0, 0, 0, 0, 0, 0, 0, 0, 0, 0, 1, 0, 0, 1, 0, 0)"
4.458401,50,87.146306,0,"(np.int64(46327), np.int64(49959), np.int64(33377), np.int64(48517), np.int64(20850), np.int64(7988), np.int64(38459), np.int64(31261), np.int64(23468), np.int64(23068), np.int64(22707), np.int64(6291), np.int64(12835), np.int64(41607), np.int64(2628), np.int64(26555), np.int64(13033), np.int64(4333), np.int64(32260), np.int64(13348), np.int64(4838), np.int64(4090), np.int64(737), np.int64(44694), np.int64(31051), np.int64(2635), np.int64(26046), np.int64(29194), np.int64(16582), np.int64(49396), np.int64(15609), np.int64(41490), np.int64(47332), np.int64(9556), np.int64(15016), np.int64(23812), np.int64(7587), np.int64(32871), np.int64(29454), np.int64(27037), np.int64(14966), np.int64(40808), np.int64(13734), np.int64(15273), np.int64(30886), np.int64(4850), np.int64(17223), np.int64(44468), np.int64(11888), np.int64(26568))","(0, 1, 0, 0, 0, 0, 0, 0, 0, 0, 0, 0, 0, 0, 0, 0, 0, 0, 0, 1, 0, 0, 0, 0, 0, 0, 1, 0, 0, 0, 0, 0, 0, 1, 0, 0, 0, 0, 0, 0, 0, 0, 0, 0, 0, 1, 0, 0, 0, 1)"
3.636573,50,87.60049,0,"(np.int64(36172), np.int64(28061), np.int64(20694), np.int64(42448), np.int64(19957), np.int64(3150), np.int64(44208), np.int64(16157), np.int64(41374), np.int64(15404), np.int64(29608), np.int64(26698), np.int64(26358), np.int64(26725), np.int64(18371), np.int64(42744), np.int64(24243), np.int64(32765), np.int64(22710), np.int64(3738), np.int64(23812), np.int64(27232), np.int64(39171), np.int64(45512), np.int64(3599), np.int64(32374), np.int64(23718), np.int64(40849), np.int64(4186), np.int64(45439), np.int64(7807), np.int64(36360), np.int64(24826), np.int64(44744), np.int64(42706), np.int64(29227), np.int64(47345), np.int64(8784), np.int64(10421), np.int64(39405), np.int64(19061), np.int64(3037), np.int64(9042), np.int64(43842), np.int64(46473), np.int64(47103), np.int64(6694), np.int64(8778), np.int64(1222), np.int64(36459))","(0, 0, 1, 0, 1, 0, 0, 0, 0, 1, 0, 0, 0, 0, 0, 0, 0, 0, 0, 0, 0, 0, 1, 0, 0, 0, 0, 0, 0, 0, 0, 0, 0, 0, 0, 0, 1, 0, 0, 0, 0, 0, 0, 0, 0, 0, 0, 0, 0, 0)"
5.281929,50,88.05632,0,"(np.int64(3501), np.int64(41505), np.int64(16587), np.int64(12043), np.int64(7107), np.int64(26955), np.int64(35444), np.int64(30781), np.int64(22245), np.int64(19682), np.int64(33469), np.int64(26341), np.int64(7918), np.int64(29002), np.int64(15889), np.int64(24596), np.int64(40696), np.int64(395), np.int64(20458), np.int64(33565), np.int64(40169), np.int64(35576), np.int64(42256), np.int64(42073), np.int64(13361), np.int64(3845), np.int64(997), np.int64(14447), np.int64(3861), np.int64(37387), np.int64(18063), np.int64(34578), np.int64(351), np.int64(38372), np.int64(7128), np.int64(46977), np.int64(41325), np.int64(24286), np.int64(46330), np.int64(11657), np.int64(39583), np.int64(4556), np.int64(46907), np.int64(33295), np.int64(13140), np.int64(6657), np.int64(7397), np.int64(28035), np.int64(49695), np.int64(20091))","(1, 0, 0, 0, 0, 0, 0, 0, 0, 0, 0, 0, 0, 0, 0, 1, 0, 0, 1, 0, 0, 0, 0, 0, 1, 0, 0, 0, 0, 1, 0, 0, 0, 0, 0, 0, 0, 0, 0, 0, 0, 1, 0, 0, 0, 1, 0, 0, 0, 0)"
2.80049,50,88.508005,0,"(np.int64(21010), np.int64(11502), np.int64(2269), np.int64(4987), np.int64(26639), np.int64(21198), np.int64(20699), np.int64(41797), np.int64(35429), np.int64(45064), np.int64(27821), np.int64(35406), np.int64(47530), np.int64(21295), np.int64(9583), np.int64(31919), np.int64(32218), np.int64(10171), np.int64(25873), np.int64(48055), np.int64(47386), np.int64(2857), np.int64(10385), np.int64(43321), np.int64(43963), np.int64(28124), np.int64(22011), np.int64(17636), np.int64(49253), np.int64(49278), np.int64(38463), np.int64(593), np.int64(49585), np.int64(39628), np.int64(43182), np.int64(33368), np.int64(26846), np.int64(46907), np.int64(33811), np.int64(26314), np.int64(38982), np.int64(34591), np.int64(13618), np.int64(26584), np.int64(19183), np.int64(38344), np.int64(40570), np.int64(8134), np.int64(39446), np.int64(42082))","(0, 0, 0, 0, 1, 0, 0, 0, 0, 0, 0, 0, 0, 0, 0, 0, 0, 0, 0, 0, 1, 0, 0, 0, 0, 0, 0, 0, 0, 0, 0, 0, 0, 0, 0, 0, 0, 0, 0, 1, 0, 0, 0, 0, 0, 0, 0, 0, 0, 1)"
7.623311,50,88.958338,0,"(np.int64(6553), np.int64(11288), np.int64(22383), np.int64(34447), np.int64(15613), np.int64(22990), np.int64(38301), np.int64(10180), np.int64(46789), np.int64(9425), np.int64(46872), np.int64(11582), np.int64(14911), np.int64(20449), np.int64(8401), np.int64(21419), np.int64(30161), np.int64(3386), np.int64(28974), np.int64(7841), np.int64(23057), np.int64(20937), np.int64(34956), np.int64(25478), np.int64(10706), np.int64(8816), np.int64(40672), np.int64(5064), np.int64(46409), np.int64(34949), np.int64(20504), np.int64(9915), np.int64(1966), np.int64(16401), np.int64(47514), np.int64(1518), np.int64(31810), np.int64(40460), np.int64(11341), np.int64(19299), np.int64(41245), np.int64(3381), np.int64(2394), np.int64(14737), np.int64(49172), np.int64(48313), np.int64(5998), np.int64(4807), np.int64(13308), np.int64(40815))","(1, 0, 0, 0, 1, 0, 0, 0, 0, 0, 0, 1, 0, 0, 0, 0, 0, 0, 1, 0, 0, 1, 0, 0, 1, 0, 0, 0, 0, 0, 0, 1, 0, 0, 0, 0, 0, 0, 0, 0, 0, 0, 1, 0, 0, 0, 0, 1, 1, 0)"
3.800968,50,89.408826,0,"(np.int64(33768), np.int64(47684), np.int64(15493), np.int64(43478), np.int64(28288), np.int64(19464), np.int64(45513), np.int64(47961), np.int64(11821), np.int64(12453), np.int64(6168), np.int64(43640), np.int64(46328), np.int64(24486), np.int64(35677), np.int64(9330), np.int64(40718), np.int64(26105), np.int64(11958), np.int64(46212), np.int64(31466), np.int64(30306), np.int64(28193), np.int64(16963), np.int64(15574), np.int64(35696), np.int64(2120), np.int64(32741), np.int64(9216), np.int64(47462), np.int64(15463), np.int64(48957), np.int64(16488), np.int64(19199), np.int64(45867), np.int64(33810), np.int64(42819), np.int64(11227), np.int64(4950), np.int64(26553), np.int64(45000), np.int64(21010), np.int64(23535), np.int64(18673), np.int64(4122), np.int64(8234), np.int64(9680), np.int64(40868), np.int64(20830), np.int64(34192))","(0, 0, 1, 0, 0, 0, 0, 0, 0, 0, 0, 0, 0, 0, 0, 0, 0, 0, 1, 0, 0, 0, 0, 0, 1, 0, 0, 0, 0, 0, 0, 0, 0, 0, 0, 0, 0, 0, 1, 0, 0, 0, 0, 0, 0, 0, 0, 0, 0, 1)"
3.83553,50,89.857788,0,"(np.int64(47593), np.int64(34829), np.int64(48445), np.int64(25003), np.int64(35391), np.int64(37077), np.int64(25684), np.int64(28737), np.int64(47467), np.int64(45978), np.int64(35415), np.int64(37106), np.int64(1300), np.int64(39873), np.int64(6063), np.int64(22648), np.int64(37096), np.int64(10963), np.int64(45474), np.int64(41498), np.int64(43660), np.int64(46867), np.int64(49946), np.int64(16962), np.int64(27282), np.int64(2629), np.int64(46595), np.int64(48544), np.int64(22617), np.int64(40056), np.int64(6483), np.int64(48944), np.int64(20340), np.int64(32026), np.int64(21592), np.int64(49684), np.int64(27151), np.int64(11958), np.int64(32705), np.int64(28198), np.int64(37689), np.int64(38693), np.int64(8411), np.int64(30507), np.int64(9796), np.int64(25456), np.int64(36476), np.int64(8192), np.int64(22699), np.int64(29179))","(0, 0, 0, 0, 0, 0, 1, 0, 0, 0, 0, 0, 0, 0, 0, 0, 0, 0, 0, 0, 0, 0, 0, 0, 0, 0, 0, 0, 0, 0, 0, 0, 0, 0, 1, 0, 1, 1, 0, 0, 0, 0, 0, 0, 0, 0, 0, 0, 0, 1)"
4.627444,50,90.312107,0,"(np.int64(19066), np.int64(21062), np.int64(41365), np.int64(48805), np.int64(8088), np.int64(7043), np.int64(5446), np.int64(38445), np.int64(13573), np.int64(19344), np.int64(10350), np.int64(22132), np.int64(45215), np.int64(19581), np.int64(13284), np.int64(39785), np.int64(2919), np.int64(6930), np.int64(33369), np.int64(34659), np.int64(4193), np.int64(28794), np.int64(26559), np.int64(41052), np.int64(27545), np.int64(4038), np.int64(40043), np.int64(37217), np.int64(27592), np.int64(26974), np.int64(48077), np.int64(4144), np.int64(9120), np.int64(8807), np.int64(36538), np.int64(42614), np.int64(27101), np.int64(34716), np.int64(21377), np.int64(31852), np.int64(29525), np.int64(38562), np.int64(297), np.int64(47299), np.int64(32294), np.int64(40423), np.int64(8256), np.int64(4560), np.int64(40485), np.int64(46961))","(1, 0, 0, 0, 0, 1, 0, 0, 0, 0, 0, 0, 0, 0, 1, 0, 0, 0, 0, 0, 1, 0, 0, 0, 0, 0, 0, 0, 0, 0, 0, 1, 0, 0, 0, 0, 0, 0, 1, 0, 0, 0, 0, 0, 0, 0, 0, 0, 0, 0)"
5.358232,50,96.031784,0,"(np.int64(23374), np.int64(35426), np.int64(30723), np.int64(18076), np.int64(39254), np.int64(48646), np.int64(26786), np.int64(18431), np.int64(41622), np.int64(29064), np.int64(32647), np.int64(34115), np.int64(26128), np.int64(42461), np.int64(30522), np.int64(0), np.int64(2345), np.int64(43070), np.int64(27450), np.int64(1209), np.int64(31058), np.int64(28006), np.int64(19616), np.int64(9957), np.int64(35845), np.int64(49062), np.int64(16007), np.int64(10105), np.int64(23910), np.int64(7185), np.int64(41410), np.int64(35886), np.int64(2640), np.int64(44333), np.int64(38540), np.int64(27963), np.int64(15332), np.int64(44905), np.int64(6113), np.int64(33707), np.int64(13912), np.int64(17352), np.int64(65), np.int64(7854), np.int64(35557), np.int64(9418), np.int64(24575), np.int64(37624), np.int64(32850), np.int64(26065))","(1, 0, 0, 0, 0, 0, 0, 1, 0, 0, 1, 0, 0, 0, 0, 0, 0, 0, 0, 0, 0, 1, 0, 0, 0, 0, 1, 0, 1, 0, 0, 0, 0, 0, 0, 0, 0, 0, 0, 0, 0, 0, 0, 0, 0, 0, 0, 0, 0, 1)"
3.729357,50,96.490766,0,"(np.int64(40537), np.int64(30058), np.int64(43555), np.int64(11821), np.int64(8822), np.int64(27189), np.int64(34047), np.int64(12418), np.int64(20434), np.int64(38843), np.int64(31807), np.int64(4172), np.int64(38264), np.int64(26820), np.int64(8425), np.int64(10322), np.int64(38666), np.int64(33241), np.int64(7760), np.int64(3020), np.int64(25075), np.int64(11857), np.int64(49206), np.int64(24632), np.int64(32890), np.int64(44944), np.int64(13099), np.int64(30836), np.int64(4129), np.int64(7642), np.int64(26377), np.int64(26485), np.int64(46829), np.int64(33409), np.int64(18703), np.int64(19108), np.int64(12726), np.int64(36457), np.int64(23814), np.int64(44248), np.int64(11107), np.int64(20324), np.int64(25352), np.int64(26713), np.int64(40716), np.int64(44055), np.int64(29639), np.int64(46047), np.int64(45758), np.int64(49677))","(0, 0, 0, 0, 1, 0, 0, 0, 0, 0, 0, 0, 0, 0, 0, 0, 0, 0, 0, 1, 0, 0, 0, 0, 0, 0, 0, 0, 0, 0, 1, 0, 0, 0, 0, 0, 0, 0, 1, 0, 0, 0, 0, 0, 0, 0, 0, 1, 0, 0)"
3.672127,50,96.949956,0,"(np.int64(11900), np.int64(45858), np.int64(42170), np.int64(32605), np.int64(40001), np.int64(37506), np.int64(16156), np.int64(12752), np.int64(19013), np.int64(31057), np.int64(39256), np.int64(18396), np.int64(12801), np.int64(40025), np.int64(18082), np.int64(37753), np.int64(14568), np.int64(27673), np.int64(40128), np.int64(36526), np.int64(7728), np.int64(31676), np.int64(47208), np.int64(49544), np.int64(36542), np.int64(29520), np.int64(31887), np.int64(46161), np.int64(20017), np.int64(31343), np.int64(16518), np.int64(39325), np.int64(12482), np.int64(879), np.int64(20072), np.int64(37564), np.int64(37019), np.int64(49660), np.int64(25245), np.int64(35103), np.int64(8809), np.int64(41801), np.int64(7808), np.int64(45530), np.int64(36752), np.int64(28542), np.int64(12439), np.int64(6429), np.int64(27405), np.int64(6583))","(0, 0, 0, 0, 0, 0, 0, 0, 0, 0, 0, 0, 0, 0, 0, 0, 0, 0, 0, 0, 0, 0, 0, 0, 0, 0, 0, 0, 0, 0, 0, 1, 0, 0, 1, 0, 0, 0, 1, 0, 0, 1, 0, 0, 0, 0, 0, 0, 0, 1)"
4.729557,50,97.403114,0,"(np.int64(46884), np.int64(46118), np.int64(18626), np.int64(25619), np.int64(15853), np.int64(38366), np.int64(46175), np.int64(49476), np.int64(20804), np.int64(33094), np.int64(26081), np.int64(34754), np.int64(3893), np.int64(19197), np.int64(28367), np.int64(12747), np.int64(30708), np.int64(20524), np.int64(39581), np.int64(39971), np.int64(44066), np.int64(7130), np.int64(36858), np.int64(5512), np.int64(26216), np.int64(30835), np.int64(29058), np.int64(29342), np.int64(7651), np.int64(35195), np.int64(8831), np.int64(354), np.int64(7193), np.int64(38363), np.int64(26190), np.int64(46125), np.int64(1463), np.int64(38500), np.int64(33698), np.int64(11475), np.int64(10167), np.int64(21103), np.int64(40458), np.int64(12915), np.int64(20591), np.int64(48098), np.int64(315), np.int64(47379), np.int64(7752), np.int64(47909))","(0, 0, 1, 0, 0, 0, 0, 0, 0, 0, 0, 0, 0, 1, 0, 0, 0, 0, 0, 0, 0, 0, 0, 0, 0, 0, 0, 0, 0, 0, 0, 0, 0, 0, 1, 0, 0, 1, 0, 0, 0, 0, 0, 0, 0, 0, 1, 0, 1, 0)"
4.797547,50,97.856144,0,"(np.int64(31024), np.int64(28922), np.int64(4795), np.int64(5093), np.int64(43070), np.int64(35056), np.int64(21418), np.int64(31334), np.int64(20668), np.int64(12088), np.int64(40885), np.int64(47022), np.int64(6887), np.int64(42788), np.int64(32111), np.int64(43383), np.int64(43948), np.int64(14518), np.int64(2634), np.int64(6876), np.int64(198), np.int64(37439), np.int64(42128), np.int64(7897), np.int64(8785), np.int64(47490), np.int64(31333), np.int64(27054), np.int64(5065), np.int64(23938), np.int64(49888), np.int64(1221), np.int64(39946), np.int64(15323), np.int64(14928), np.int64(24484), np.int64(2785), np.int64(35269), np.int64(12727), np.int64(37965), np.int64(25674), np.int64(27864), np.int64(37354), np.int64(32893), np.int64(18049), np.int64(15062), np.int64(152), np.int64(41954), np.int64(21201), np.int64(9358))","(0, 0, 0, 0, 0, 0, 0, 0, 0, 0, 0, 0, 1, 0, 0, 0, 0, 0, 0, 0, 0, 0, 0, 1, 0, 0, 1, 0, 0, 0, 0, 1, 0, 0, 0, 0, 0, 0, 0, 0, 0, 0, 1, 0, 0, 1, 0, 0, 0, 0)"
5.134517,50,98.309046,0,"(np.int64(32017), np.int64(7707), np.int64(43195), np.int64(9941), np.int64(45635), np.int64(2928), np.int64(39035), np.int64(38283), np.int64(24824), np.int64(25681), np.int64(18265), np.int64(27064), np.int64(26619), np.int64(12816), np.int64(3727), np.int64(46817), np.int64(14499), np.int64(45178), np.int64(32802), np.int64(34228), np.int64(6572), np.int64(12005), np.int64(32028), np.int64(16605), np.int64(17442), np.int64(28377), np.int64(1633), np.int64(18868), np.int64(21111), np.int64(33075), np.int64(27980), np.int64(29938), np.int64(7655), np.int64(32858), np.int64(301), np.int64(36828), np.int64(16809), np.int64(38820), np.int64(23227), np.int64(25333), np.int64(26075), np.int64(18883), np.int64(8670), np.int64(49132), np.int64(7166), np.int64(11830), np.int64(22362), np.int64(17453), np.int64(39477), np.int64(32976))","(0, 0, 0, 1, 0, 0, 0, 0, 0, 0, 0, 0, 1, 0, 0, 0, 0, 0, 0, 0, 0, 1, 1, 1, 0, 0, 1, 0, 0, 0, 0, 0, 0, 0, 0, 0, 0, 0, 0, 1, 0, 0, 0, 0, 0, 0, 0, 0, 0, 0)"
2.957625,50,98.760798,0,"(np.int64(38593), np.int64(6939), np.int64(14833), np.int64(48563), np.int64(19952), np.int64(23190), np.int64(7166), np.int64(10827), np.int64(47747), np.int64(17487), np.int64(43488), np.int64(24943), np.int64(5882), np.int64(42554), np.int64(17891), np.int64(24962), np.int64(8190), np.int64(19695), np.int64(23910), np.int64(32502), np.int64(13641), np.int64(26720), np.int64(31123), np.int64(2664), np.int64(3254), np.int64(1747), np.int64(29026), np.int64(3160), np.int64(10197), np.int64(37773), np.int64(38742), np.int64(23744), np.int64(45947), np.int64(6869), np.int64(42313), np.int64(1807), np.int64(37067), np.int64(28065), np.int64(22037), np.int64(8438), np.int64(22256), np.int64(30012), np.int64(45462), np.int64(29845), np.int64(26101), np.int64(44129), np.int64(24742), np.int64(3156), np.int64(18841), np.int64(15489))","(0, 0, 0, 0, 0, 0, 0, 0, 0, 0, 0, 0, 0, 0, 0, 0, 0, 0, 1, 0, 0, 0, 0, 1, 0, 0, 0, 0, 0, 0, 0, 0, 1, 0, 0, 1, 0, 0, 0, 0, 0, 0, 0, 0, 0, 0, 0, 0, 0, 0)"
2.275505,50,99.212098,0,"(np.int64(26289), np.int64(37399), np.int64(15975), np.int64(11376), np.int64(45365), np.int64(7568), np.int64(11015), np.int64(24798), np.int64(34917), np.int64(33933), np.int64(31076), np.int64(49223), np.int64(11044), np.int64(19029), np.int64(32242), np.int64(12927), np.int64(37855), np.int64(44594), np.int64(33611), np.int64(45678), np.int64(11216), np.int64(7849), np.int64(28480), np.int64(31996), np.int64(1729), np.int64(38470), np.int64(49124), np.int64(49929), np.int64(31155), np.int64(12783), np.int64(41230), np.int64(2631), np.int64(36301), np.int64(14996), np.int64(12708), np.int64(44046), np.int64(7217), np.int64(42100), np.int64(10216), np.int64(12122), np.int64(4719), np.int64(29008), np.int64(10649), np.int64(35531), np.int64(27241), np.int64(1124), np.int64(23076), np.int64(10874), np.int64(13253), np.int64(19043))","(0, 0, 0, 0, 0, 0, 0, 0, 0, 0, 0, 0, 0, 0, 0, 0, 0, 0, 0, 0, 0, 0, 0, 0, 0, 0, 0, 0, 0, 0, 0, 0, 0, 0, 1, 0, 0, 0, 0, 0, 0, 1, 1, 0, 0, 0, 0, 0, 0, 0)"
0.68766,50,99.664442,0,"(np.int64(21116), np.int64(32706), np.int64(4098), np.int64(9224), np.int64(34063), np.int64(26303), np.int64(14538), np.int64(48676), np.int64(15752), np.int64(34736), np.int64(12815), np.int64(28106), np.int64(46505), np.int64(11939), np.int64(16355), np.int64(13144), np.int64(35020), np.int64(19682), np.int64(28193), np.int64(39211), np.int64(13533), np.int64(34310), np.int64(17737), np.int64(1039), np.int64(29413), np.int64(20495), np.int64(41503), np.int64(16383), np.int64(29777), np.int64(21767), np.int64(40350), np.int64(24295), np.int64(19460), np.int64(27682), np.int64(28335), np.int64(25556), np.int64(7197), np.int64(16723), np.int64(22161), np.int64(16201), np.int64(7161), np.int64(14910), np.int64(34626), np.int64(25588), np.int64(36556), np.int64(42110), np.int64(2547), np.int64(26651), np.int64(40725), np.int64(34884))","(0, 0, 0, 0, 0, 0, 0, 0, 0, 0, 0, 0, 0, 0, 0, 0, 0, 0, 0, 0, 0, 0, 0, 0, 0, 1, 0, 0, 0, 0, 0, 0, 0, 0, 0, 0, 0, 0, 0, 0, 0, 0, 0, 0, 0, 0, 0, 0, 0, 0)"
4.523096,50,100.115438,0,"(np.int64(34086), np.int64(26695), np.int64(11557), np.int64(37214), np.int64(3793), np.int64(15413), np.int64(23662), np.int64(46073), np.int64(26633), np.int64(38231), np.int64(48300), np.int64(28427), np.int64(31233), np.int64(18129), np.int64(6342), np.int64(42649), np.int64(30550), np.int64(48788), np.int64(451), np.int64(29183), np.int64(8221), np.int64(28073), np.int64(12996), np.int64(31939), np.int64(15833), np.int64(4097), np.int64(31439), np.int64(12502), np.int64(21689), np.int64(35375), np.int64(29545), np.int64(42410), np.int64(34230), np.int64(8356), np.int64(8748), np.int64(22031), np.int64(9365), np.int64(13360), np.int64(17548), np.int64(15450), np.int64(22825), np.int64(36291), np.int64(8913), np.int64(28659), np.int64(33349), np.int64(45263), np.int64(44251), np.int64(24470), np.int64(41227), np.int64(45612))","(0, 0, 0, 0, 0, 1, 1, 0, 0, 0, 0, 0, 0, 0, 0, 0, 0, 0, 0, 1, 1, 0, 0, 0, 0, 0, 0, 0, 0, 0, 0, 0, 0, 0, 0, 1, 0, 0, 0, 1, 0, 0, 0, 0, 0, 0, 0, 0, 0, 0)"
3.163914,50,100.566351,0,"(np.int64(4849), np.int64(44221), np.int64(27844), np.int64(43370), np.int64(45276), np.int64(37880), np.int64(8746), np.int64(8950), np.int64(42526), np.int64(44294), np.int64(36241), np.int64(12326), np.int64(38258), np.int64(13312), np.int64(2558), np.int64(4978), np.int64(15529), np.int64(17127), np.int64(14471), np.int64(4726), np.int64(29753), np.int64(34606), np.int64(18906), np.int64(14989), np.int64(19485), np.int64(4415), np.int64(6972), np.int64(17836), np.int64(36559), np.int64(8925), np.int64(30292), np.int64(28969), np.int64(41209), np.int64(34183), np.int64(7264), np.int64(14143), np.int64(35175), np.int64(32689), np.int64(45027), np.int64(14523), np.int64(27731), np.int64(45501), np.int64(25068), np.int64(43432), np.int64(38401), np.int64(47535), np.int64(3866), np.int64(4392), np.int64(36960), np.int64(24123))","(0, 0, 0, 0, 0, 0, 1, 0, 0, 0, 0, 0, 0, 0, 0, 0, 0, 0, 1, 0, 0, 0, 0, 0, 0, 0, 0, 0, 0, 0, 0, 0, 0, 0, 0, 0, 1, 0, 0, 0, 0, 0, 0, 0, 0, 0, 1, 0, 0, 0)"
2.476111,50,101.019623,0,"(np.int64(45752), np.int64(34488), np.int64(48594), np.int64(29355), np.int64(13558), np.int64(36773), np.int64(48276), np.int64(25674), np.int64(44931), np.int64(32099), np.int64(29837), np.int64(38062), np.int64(28356), np.int64(15573), np.int64(36535), np.int64(42988), np.int64(21798), np.int64(32676), np.int64(26445), np.int64(32188), np.int64(29661), np.int64(9229), np.int64(20397), np.int64(12388), np.int64(37006), np.int64(49315), np.int64(27842), np.int64(11289), np.int64(27223), np.int64(14188), np.int64(9821), np.int64(27920), np.int64(26788), np.int64(15653), np.int64(13552), np.int64(12402), np.int64(14037), np.int64(42272), np.int64(2336), np.int64(40697), np.int64(34377), np.int64(43631), np.int64(30818), np.int64(15765), np.int64(4583), np.int64(37768), np.int64(28457), np.int64(15642), np.int64(44037), np.int64(35811))","(0, 0, 0, 1, 0, 0, 0, 0, 0, 0, 0, 0, 0, 0, 0, 0, 0, 0, 0, 0, 0, 0, 0, 0, 0, 0, 0, 0, 0, 0, 0, 0, 0, 1, 0, 0, 0, 0, 0, 0, 0, 0, 0, 0, 0, 0, 0, 1, 0, 0)"
4.311602,50,101.468579,0,"(np.int64(1404), np.int64(48298), np.int64(38617), np.int64(43361), np.int64(49924), np.int64(30641), np.int64(25916), np.int64(16006), np.int64(25896), np.int64(15737), np.int64(9052), np.int64(42784), np.int64(36745), np.int64(37142), np.int64(1174), np.int64(6285), np.int64(41054), np.int64(33813), np.int64(17362), np.int64(17410), np.int64(762), np.int64(37045), np.int64(33398), np.int64(6565), np.int64(20142), np.int64(5030), np.int64(49476), np.int64(44757), np.int64(36128), np.int64(34589), np.int64(23016), np.int64(7814), np.int64(10217), np.int64(44119), np.int64(3511), np.int64(17552), np.int64(32468), np.int64(48633), np.int64(23834), np.int64(6387), np.int64(2400), np.int64(19938), np.int64(27590), np.int64(33171), np.int64(13318), np.int64(37177), np.int64(43660), np.int64(34029), np.int64(40364), np.int64(47529))","(0, 0, 1, 0, 0, 0, 0, 0, 0, 0, 0, 0, 0, 0, 0, 0, 0, 0, 0, 0, 1, 0, 0, 0, 0, 0, 0, 0, 0, 0, 0, 1, 0, 0, 1, 0, 0, 0, 0, 1, 0, 0, 0, 0, 0, 0, 0, 0, 0, 1)"
4.55963,50,101.92358,0,"(np.int64(46550), np.int64(24040), np.int64(28320), np.int64(13707), np.int64(5256), np.int64(14201), np.int64(47548), np.int64(30388), np.int64(352), np.int64(36843), np.int64(18211), np.int64(27746), np.int64(37184), np.int64(7390), np.int64(47934), np.int64(8882), np.int64(15423), np.int64(23846), np.int64(5925), np.int64(209), np.int64(22731), np.int64(10682), np.int64(27316), np.int64(7955), np.int64(40779), np.int64(31564), np.int64(20933), np.int64(29182), np.int64(27689), np.int64(11166), np.int64(33402), np.int64(36473), np.int64(49195), np.int64(23098), np.int64(1886), np.int64(47050), np.int64(31694), np.int64(48199), np.int64(32623), np.int64(6043), np.int64(46280), np.int64(41513), np.int64(337), np.int64(16520), np.int64(1281), np.int64(5199), np.int64(24295), np.int64(6851), np.int64(45942), np.int64(1781))","(0, 1, 0, 0, 1, 0, 0, 0, 0, 0, 0, 0, 0, 0, 0, 0, 0, 0, 0, 0, 0, 0, 0, 0, 0, 0, 0, 0, 0, 0, 0, 0, 0, 0, 1, 0, 0, 0, 0, 0, 0, 0, 0, 0, 0, 1, 0, 0, 1, 1)"
4.814456,50,102.375646,0,"(np.int64(7813), np.int64(2681), np.int64(14328), np.int64(13925), np.int64(40028), np.int64(37905), np.int64(46995), np.int64(6033), np.int64(8842), np.int64(19246), np.int64(25274), np.int64(5202), np.int64(7321), np.int64(35992), np.int64(34135), np.int64(10846), np.int64(32049), np.int64(45871), np.int64(16564), np.int64(16316), np.int64(36813), np.int64(21153), np.int64(23449), np.int64(8325), np.int64(40563), np.int64(9843), np.int64(23978), np.int64(45200), np.int64(15724), np.int64(19279), np.int64(34855), np.int64(12530), np.int64(21513), np.int64(46146), np.int64(13095), np.int64(7525), np.int64(39628), np.int64(4147), np.int64(12184), np.int64(49849), np.int64(26618), np.int64(13287), np.int64(49629), np.int64(34354), np.int64(32255), np.int64(38547), np.int64(28718), np.int64(35679), np.int64(41019), np.int64(38147))","(0, 0, 0, 0, 0, 0, 0, 1, 0, 1, 0, 1, 0, 0, 0, 0, 0, 0, 0, 0, 0, 1, 0, 0, 0, 0, 0, 0, 0, 0, 0, 0, 0, 0, 1, 0, 0, 0, 1, 0, 0, 0, 0, 0, 0, 0, 0, 0, 0, 0)"
2.366836,50,102.827935,0,"(np.int64(44327), np.int64(8391), np.int64(20205), np.int64(34003), np.int64(36577), np.int64(42418), np.int64(49805), np.int64(21840), np.int64(48608), np.int64(27338), np.int64(12218), np.int64(6243), np.int64(11348), np.int64(21494), np.int64(49366), np.int64(5738), np.int64(2337), np.int64(17343), np.int64(44799), np.int64(26894), np.int64(20892), np.int64(22325), np.int64(47329), np.int64(2899), np.int64(43075), np.int64(10733), np.int64(2164), np.int64(17667), np.int64(22114), np.int64(30551), np.int64(11350), np.int64(34377), np.int64(38004), np.int64(35896), np.int64(29823), np.int64(26106), np.int64(30107), np.int64(31487), np.int64(1174), np.int64(15867), np.int64(48259), np.int64(20776), np.int64(1308), np.int64(19218), np.int64(44529), np.int64(41869), np.int64(38371), np.int64(29653), np.int64(15454), np.int64(44284))","(0, 0, 0, 0, 0, 0, 0, 0, 0, 0, 0, 0, 0, 0, 0, 0, 0, 0, 0, 0, 0, 0, 0, 0, 0, 0, 0, 0, 0, 0, 0, 0, 0, 0, 0, 0, 0, 0, 0, 0, 1, 0, 1, 1, 0, 0, 0, 0, 0, 0)"
2.366465,50,103.284902,0,"(np.int64(47120), np.int64(12241), np.int64(19524), np.int64(35488), np.int64(36082), np.int64(15627), np.int64(26993), np.int64(38853), np.int64(24963), np.int64(18933), np.int64(10542), np.int64(29346), np.int64(20436), np.int64(49389), np.int64(35917), np.int64(23301), np.int64(13394), np.int64(33103), np.int64(40199), np.int64(38731), np.int64(23041), np.int64(19760), np.int64(24411), np.int64(7433), np.int64(9266), np.int64(23865), np.int64(23186), np.int64(32892), np.int64(3172), np.int64(15568), np.int64(6928), np.int64(35846), np.int64(17171), np.int64(31820), np.int64(25907), np.int64(35167), np.int64(20236), np.int64(25915), np.int64(1174), np.int64(9743), np.int64(34079), np.int64(7514), np.int64(21259), np.int64(13077), np.int64(6375), np.int64(41096), np.int64(27215), np.int64(33874), np.int64(40985), np.int64(1113))","(0, 0, 0, 0, 0, 1, 0, 0, 0, 0, 0, 0, 0, 0, 0, 0, 1, 0, 0, 0, 0, 0, 0, 0, 0, 0, 0, 0, 0, 1, 0, 0, 0, 0, 0, 0, 0, 0, 0, 0, 0, 0, 0, 0, 0, 0, 0, 0, 0, 0)"
2.871281,50,103.735898,0,"(np.int64(33813), np.int64(13912), np.int64(5620), np.int64(40172), np.int64(36915), np.int64(8021), np.int64(45441), np.int64(5497), np.int64(6355), np.int64(18555), np.int64(10379), np.int64(39224), np.int64(29034), np.int64(21829), np.int64(31232), np.int64(44484), np.int64(28271), np.int64(28024), np.int64(38924), np.int64(1013), np.int64(20798), np.int64(17380), np.int64(26514), np.int64(2927), np.int64(9724), np.int64(8310), np.int64(25629), np.int64(16415), np.int64(47800), np.int64(46600), np.int64(1410), np.int64(47931), np.int64(547), np.int64(48763), np.int64(35043), np.int64(12376), np.int64(36144), np.int64(8209), np.int64(107), np.int64(46049), np.int64(48926), np.int64(785), np.int64(36564), np.int64(18969), np.int64(4932), np.int64(33375), np.int64(8076), np.int64(37174), np.int64(21869), np.int64(48433))","(0, 0, 0, 0, 0, 0, 0, 0, 0, 0, 0, 0, 0, 0, 0, 0, 0, 0, 1, 0, 1, 0, 0, 0, 0, 0, 0, 0, 0, 0, 0, 0, 0, 0, 1, 1, 0, 0, 0, 0, 0, 0, 0, 0, 0, 0, 0, 0, 0, 0)"
4.413271,50,104.188706,0,"(np.int64(37769), np.int64(20241), np.int64(22087), np.int64(19009), np.int64(13289), np.int64(21434), np.int64(37003), np.int64(15205), np.int64(41627), np.int64(19730), np.int64(40960), np.int64(11319), np.int64(45319), np.int64(3747), np.int64(22421), np.int64(7581), np.int64(6505), np.int64(12830), np.int64(28760), np.int64(33599), np.int64(19424), np.int64(46003), np.int64(33207), np.int64(7023), np.int64(46036), np.int64(22265), np.int64(43958), np.int64(13271), np.int64(21370), np.int64(37623), np.int64(20404), np.int64(16492), np.int64(8438), np.int64(48831), np.int64(25371), np.int64(21865), np.int64(16184), np.int64(19223), np.int64(23515), np.int64(37265), np.int64(19918), np.int64(44451), np.int64(32206), np.int64(800), np.int64(28962), np.int64(3252), np.int64(42146), np.int64(9706), np.int64(47290), np.int64(13402))","(0, 0, 0, 0, 0, 0, 0, 0, 0, 1, 0, 1, 1, 0, 0, 0, 1, 0, 0, 0, 0, 0, 0, 0, 0, 0, 0, 0, 0, 1, 0, 0, 0, 0, 1, 0, 0, 0, 0, 0, 0, 0, 0, 0, 0, 0, 0, 0, 0, 0)"
4.561328,50,104.640877,0,"(np.int64(41040), np.int64(27872), np.int64(19444), np.int64(5321), np.int64(19485), np.int64(40559), np.int64(2239), np.int64(43829), np.int64(20097), np.int64(21117), np.int64(35797), np.int64(25277), np.int64(46238), np.int64(31087), np.int64(8025), np.int64(45723), np.int64(42056), np.int64(2958), np.int64(11692), np.int64(40386), np.int64(22371), np.int64(10390), np.int64(29913), np.int64(6421), np.int64(28535), np.int64(31628), np.int64(15924), np.int64(20984), np.int64(42495), np.int64(40380), np.int64(7447), np.int64(23848), np.int64(42076), np.int64(38327), np.int64(9939), np.int64(1954), np.int64(4739), np.int64(33321), np.int64(13106), np.int64(154), np.int64(20150), np.int64(12246), np.int64(21300), np.int64(44560), np.int64(25051), np.int64(19268), np.int64(57), np.int64(36806), np.int64(4685), np.int64(32146))","(0, 0, 1, 0, 0, 0, 0, 0, 1, 0, 0, 0, 0, 0, 0, 1, 0, 0, 0, 0, 0, 1, 0, 0, 0, 0, 0, 0, 0, 0, 0, 0, 0, 0, 0, 0, 0, 0, 1, 0, 0, 0, 0, 0, 0, 0, 0, 0, 1, 0)"
4.550147,50,105.092166,0,"(np.int64(45539), np.int64(18740), np.int64(26032), np.int64(38555), np.int64(8521), np.int64(25158), np.int64(48264), np.int64(18380), np.int64(48733), np.int64(27345), np.int64(30651), np.int64(39555), np.int64(21130), np.int64(19504), np.int64(14934), np.int64(16526), np.int64(8083), np.int64(34775), np.int64(18855), np.int64(2545), np.int64(7264), np.int64(7292), np.int64(41351), np.int64(19713), np.int64(30211), np.int64(48367), np.int64(18555), np.int64(19741), np.int64(45720), np.int64(34525), np.int64(36996), np.int64(22029), np.int64(29549), np.int64(43251), np.int64(21503), np.int64(21518), np.int64(31029), np.int64(6922), np.int64(12530), np.int64(19017), np.int64(2245), np.int64(41010), np.int64(47281), np.int64(14839), np.int64(49456), np.int64(23087), np.int64(40170), np.int64(23973), np.int64(10804), np.int64(49318))","(1, 0, 0, 0, 0, 0, 0, 1, 0, 0, 0, 0, 0, 0, 0, 0, 0, 0, 0, 0, 0, 1, 0, 1, 0, 0, 0, 0, 0, 0, 0, 0, 0, 0, 0, 0, 0, 0, 0, 0, 1, 0, 0, 0, 0, 0, 0, 0, 1, 0)"
4.068013,50,105.545636,0,"(np.int64(13839), np.int64(27437), np.int64(9755), np.int64(24806), np.int64(30997), np.int64(12858), np.int64(5924), np.int64(37768), np.int64(39260), np.int64(42633), np.int64(17579), np.int64(11519), np.int64(6064), np.int64(21632), np.int64(40643), np.int64(12984), np.int64(21720), np.int64(9256), np.int64(15594), np.int64(15364), np.int64(49902), np.int64(26108), np.int64(48011), np.int64(12761), np.int64(28370), np.int64(14568), np.int64(28722), np.int64(7448), np.int64(18327), np.int64(5792), np.int64(17612), np.int64(37055), np.int64(25518), np.int64(34898), np.int64(25921), np.int64(36825), np.int64(44062), np.int64(37586), np.int64(42200), np.int64(44296), np.int64(16196), np.int64(44843), np.int64(2173), np.int64(31107), np.int64(19443), np.int64(19979), np.int64(6771), np.int64(19329), np.int64(29236), np.int64(42210))","(0, 0, 1, 0, 0, 0, 0, 0, 0, 0, 0, 0, 0, 0, 0, 0, 0, 0, 0, 0, 0, 1, 0, 0, 0, 0, 1, 0, 0, 0, 0, 0, 0, 0, 0, 0, 0, 0, 0, 0, 0, 0, 0, 0, 0, 0, 1, 1, 0, 0)"
5.208115,50,106.008115,0,"(np.int64(31721), np.int64(34351), np.int64(49102), np.int64(49336), np.int64(39202), np.int64(17439), np.int64(28638), np.int64(23012), np.int64(34577), np.int64(32393), np.int64(12672), np.int64(4812), np.int64(38496), np.int64(38839), np.int64(16605), np.int64(15295), np.int64(20415), np.int64(39015), np.int64(7855), np.int64(9663), np.int64(26965), np.int64(48662), np.int64(48616), np.int64(47020), np.int64(20917), np.int64(44167), np.int64(20626), np.int64(18938), np.int64(8536), np.int64(50004), np.int64(36641), np.int64(49892), np.int64(39001), np.int64(45281), np.int64(34854), np.int64(38604), np.int64(19667), np.int64(40504), np.int64(33015), np.int64(39780), np.int64(30621), np.int64(27544), np.int64(1405), np.int64(34144), np.int64(31376), np.int64(569), np.int64(23648), np.int64(18779), np.int64(10700), np.int64(40007))","(0, 0, 0, 0, 0, 0, 0, 0, 0, 0, 0, 0, 0, 0, 1, 0, 0, 0, 0, 1, 0, 1, 0, 0, 0, 0, 1, 0, 0, 0, 0, 0, 0, 0, 0, 0, 0, 0, 0, 0, 0, 0, 0, 0, 1, 0, 0, 0, 1, 1)"
2.152914,50,106.496075,0,"(np.int64(34458), np.int64(50014), np.int64(1538), np.int64(39861), np.int64(772), np.int64(26792), np.int64(43275), np.int64(38337), np.int64(2992), np.int64(48190), np.int64(22711), np.int64(13764), np.int64(32201), np.int64(31583), np.int64(27035), np.int64(17454), np.int64(46099), np.int64(48972), np.int64(47353), np.int64(7631), np.int64(45717), np.int64(38377), np.int64(16579), np.int64(14647), np.int64(21249), np.int64(8462), np.int64(15781), np.int64(21222), np.int64(38197), np.int64(44095), np.int64(19860), np.int64(15861), np.int64(11937), np.int64(25453), np.int64(24611), np.int64(26544), np.int64(26602), np.int64(47285), np.int64(28670), np.int64(41714), np.int64(26918), np.int64(24893), np.int64(48354), np.int64(22595), np.int64(49363), np.int64(29493), np.int64(24890), np.int64(13542), np.int64(23727), np.int64(33482))","(0, 0, 0, 0, 0, 0, 0, 0, 1, 0, 0, 0, 0, 0, 0, 0, 0, 0, 1, 0, 0, 0, 0, 0, 0, 0, 0, 0, 0, 0, 0, 0, 0, 0, 0, 0, 0, 0, 0, 0, 1, 0, 0, 0, 0, 0, 0, 0, 0, 0)"
3.034507,50,106.947894,0,"(np.int64(29170), np.int64(23401), np.int64(30024), np.int64(47397), np.int64(6731), np.int64(19581), np.int64(42013), np.int64(43276), np.int64(46318), np.int64(23040), np.int64(25643), np.int64(28006), np.int64(35691), np.int64(43284), np.int64(10942), np.int64(32666), np.int64(36945), np.int64(13354), np.int64(44406), np.int64(48650), np.int64(2103), np.int64(12178), np.int64(32051), np.int64(20669), np.int64(9539), np.int64(41869), np.int64(49294), np.int64(165), np.int64(48667), np.int64(24935), np.int64(3371), np.int64(24588), np.int64(3582), np.int64(49458), np.int64(33129), np.int64(44347), np.int64(30754), np.int64(42263), np.int64(9740), np.int64(16265), np.int64(45572), np.int64(28875), np.int64(35296), np.int64(17495), np.int64(44277), np.int64(30429), np.int64(49125), np.int64(20180), np.int64(39004), np.int64(12456))","(0, 0, 0, 0, 0, 0, 0, 0, 0, 0, 0, 1, 1, 0, 0, 0, 0, 0, 0, 1, 0, 0, 0, 0, 0, 0, 0, 0, 0, 0, 1, 0, 0, 0, 0, 0, 0, 0, 0, 0, 0, 0, 0, 0, 0, 0, 0, 0, 0, 0)"
2.270572,50,107.403086,0,"(np.int64(30156), np.int64(24422), np.int64(10159), np.int64(9937), np.int64(6414), np.int64(40057), np.int64(4457), np.int64(42837), np.int64(7808), np.int64(25567), np.int64(41088), np.int64(30179), np.int64(24848), np.int64(36485), np.int64(49180), np.int64(18739), np.int64(9348), np.int64(45507), np.int64(972), np.int64(13738), np.int64(46656), np.int64(46234), np.int64(18410), np.int64(45444), np.int64(49166), np.int64(42750), np.int64(13557), np.int64(29677), np.int64(5457), np.int64(2502), np.int64(91), np.int64(3285), np.int64(34943), np.int64(25604), np.int64(12036), np.int64(22170), np.int64(14938), np.int64(27982), np.int64(25063), np.int64(38844), np.int64(29616), np.int64(3832), np.int64(16143), np.int64(14304), np.int64(21988), np.int64(745), np.int64(27387), np.int64(29688), np.int64(31293), np.int64(10402))","(0, 0, 1, 0, 0, 0, 0, 0, 0, 0, 0, 0, 0, 0, 0, 0, 0, 0, 0, 0, 0, 0, 0, 0, 0, 0, 0, 1, 0, 0, 0, 0, 0, 0, 1, 0, 0, 0, 0, 0, 0, 0, 0, 0, 0, 0, 0, 0, 0, 0)"
1.435062,50,107.854285,0,"(np.int64(33845), np.int64(41350), np.int64(46507), np.int64(38460), np.int64(9534), np.int64(2697), np.int64(1376), np.int64(580), np.int64(33685), np.int64(46962), np.int64(11689), np.int64(4397), np.int64(22017), np.int64(37252), np.int64(29398), np.int64(40518), np.int64(897), np.int64(37083), np.int64(48303), np.int64(41023), np.int64(44082), np.int64(48085), np.int64(46157), np.int64(33800), np.int64(47480), np.int64(27801), np.int64(46307), np.int64(33780), np.int64(8841), np.int64(782), np.int64(5220), np.int64(11945), np.int64(7955), np.int64(38710), np.int64(25187), np.int64(15771), np.int64(33731), np.int64(19769), np.int64(33452), np.int64(37851), np.int64(41802), np.int64(36333), np.int64(1014), np.int64(25757), np.int64(41061), np.int64(45979), np.int64(3228), np.int64(3693), np.int64(25412), np.int64(32400))","(0, 0, 0, 0, 0, 0, 0, 0, 0, 0, 0, 0, 1, 0, 0, 0, 0, 0, 0, 0, 0, 0, 0, 0, 0, 0, 0, 0, 0, 0, 0, 0, 0, 0, 0, 0, 0, 0, 0, 0, 0, 0, 0, 0, 0, 0, 0, 0, 1, 0)"
3.754293,50,108.317604,0,"(np.int64(16877), np.int64(47821), np.int64(7819), np.int64(47707), np.int64(15186), np.int64(38540), np.int64(34805), np.int64(12187), np.int64(45933), np.int64(9222), np.int64(3412), np.int64(41570), np.int64(7564), np.int64(30519), np.int64(24222), np.int64(263), np.int64(3224), np.int64(27526), np.int64(47168), np.int64(41032), np.int64(42669), np.int64(30768), np.int64(37803), np.int64(40160), np.int64(49981), np.int64(39247), np.int64(11836), np.int64(42465), np.int64(43733), np.int64(13764), np.int64(17772), np.int64(9346), np.int64(27505), np.int64(40316), np.int64(8719), np.int64(22284), np.int64(29763), np.int64(48136), np.int64(18213), np.int64(42886), np.int64(11388), np.int64(3102), np.int64(13549), np.int64(48916), np.int64(4767), np.int64(48463), np.int64(6527), np.int64(43456), np.int64(32487), np.int64(2549))","(0, 0, 0, 0, 0, 0, 0, 1, 0, 0, 0, 1, 1, 0, 0, 0, 0, 0, 0, 0, 0, 0, 0, 0, 0, 0, 0, 0, 0, 0, 0, 0, 0, 0, 0, 0, 1, 0, 1, 0, 0, 0, 0, 0, 0, 0, 0, 0, 0, 0)"
6.620575,50,108.7697,0,"(np.int64(26917), np.int64(1464), np.int64(37080), np.int64(5106), np.int64(12006), np.int64(40509), np.int64(26345), np.int64(38969), np.int64(32822), np.int64(46084), np.int64(41992), np.int64(8343), np.int64(12149), np.int64(5717), np.int64(3070), np.int64(25158), np.int64(28122), np.int64(23908), np.int64(35159), np.int64(17183), np.int64(832), np.int64(46264), np.int64(37723), np.int64(45927), np.int64(23312), np.int64(5696), np.int64(14126), np.int64(26794), np.int64(40073), np.int64(35124), np.int64(31958), np.int64(30648), np.int64(12512), np.int64(37974), np.int64(49548), np.int64(27652), np.int64(4286), np.int64(12577), np.int64(5721), np.int64(40169), np.int64(4064), np.int64(13905), np.int64(12402), np.int64(34078), np.int64(721), np.int64(1737), np.int64(17371), np.int64(42391), np.int64(7402), np.int64(47428))","(0, 0, 0, 0, 1, 0, 0, 1, 0, 0, 0, 0, 0, 0, 0, 0, 0, 0, 0, 0, 1, 1, 1, 0, 0, 1, 0, 0, 0, 0, 0, 0, 0, 0, 0, 0, 1, 0, 0, 0, 1, 0, 0, 0, 0, 0, 0, 0, 1, 0)"
2.189206,50,109.220306,0,"(np.int64(47998), np.int64(46551), np.int64(21363), np.int64(38205), np.int64(49197), np.int64(13752), np.int64(45810), np.int64(28620), np.int64(25119), np.int64(4958), np.int64(17038), np.int64(28), np.int64(32415), np.int64(10086), np.int64(5043), np.int64(19016), np.int64(45179), np.int64(26493), np.int64(43652), np.int64(47313), np.int64(35391), np.int64(25205), np.int64(5046), np.int64(15668), np.int64(36631), np.int64(43605), np.int64(46844), np.int64(16926), np.int64(4644), np.int64(9965), np.int64(30400), np.int64(39085), np.int64(15740), np.int64(35529), np.int64(44534), np.int64(1902), np.int64(21865), np.int64(5479), np.int64(48186), np.int64(47532), np.int64(15951), np.int64(25240), np.int64(40008), np.int64(41332), np.int64(28254), np.int64(17027), np.int64(303), np.int64(34418), np.int64(17801), np.int64(9850))","(0, 0, 0, 1, 0, 0, 0, 0, 0, 0, 0, 0, 0, 0, 0, 0, 0, 0, 0, 0, 0, 0, 0, 0, 0, 0, 0, 0, 1, 0, 0, 0, 0, 0, 0, 0, 0, 0, 0, 0, 1, 0, 0, 0, 0, 0, 0, 0, 0, 0)"
2.415483,50,109.67387,0,"(np.int64(46132), np.int64(33271), np.int64(34951), np.int64(16837), np.int64(49068), np.int64(25618), np.int64(9223), np.int64(42390), np.int64(15720), np.int64(4627), np.int64(38304), np.int64(14991), np.int64(24803), np.int64(45440), np.int64(25215), np.int64(26480), np.int64(18729), np.int64(46307), np.int64(17971), np.int64(43612), np.int64(36873), np.int64(12158), np.int64(32493), np.int64(41411), np.int64(33485), np.int64(2288), np.int64(34229), np.int64(34539), np.int64(25235), np.int64(1028), np.int64(43615), np.int64(24674), np.int64(9581), np.int64(5420), np.int64(1890), np.int64(38386), np.int64(31008), np.int64(45285), np.int64(43382), np.int64(33506), np.int64(13929), np.int64(30431), np.int64(23459), np.int64(26144), np.int64(6465), np.int64(27851), np.int64(39260), np.int64(39501), np.int64(11341), np.int64(15830))","(0, 0, 0, 0, 0, 0, 0, 0, 0, 0, 0, 0, 0, 0, 0, 0, 1, 0, 0, 0, 0, 0, 0, 0, 0, 0, 0, 0, 0, 1, 0, 0, 1, 0, 0, 0, 0, 0, 0, 0, 0, 0, 0, 0, 0, 0, 0, 0, 0, 0)"
2.306942,50,110.123764,0,"(np.int64(6214), np.int64(9161), np.int64(37908), np.int64(31918), np.int64(8374), np.int64(23956), np.int64(49029), np.int64(2164), np.int64(41339), np.int64(32574), np.int64(23453), np.int64(38077), np.int64(3633), np.int64(13243), np.int64(42415), np.int64(48152), np.int64(2808), np.int64(3575), np.int64(48204), np.int64(35561), np.int64(41994), np.int64(23730), np.int64(28531), np.int64(30409), np.int64(1855), np.int64(31580), np.int64(37687), np.int64(9178), np.int64(28648), np.int64(10666), np.int64(2370), np.int64(16048), np.int64(33591), np.int64(46176), np.int64(36546), np.int64(18918), np.int64(19095), np.int64(38766), np.int64(23207), np.int64(41137), np.int64(15495), np.int64(23549), np.int64(29204), np.int64(34190), np.int64(47910), np.int64(47999), np.int64(30846), np.int64(26789), np.int64(41007), np.int64(30846))","(0, 1, 0, 0, 0, 0, 0, 0, 0, 0, 0, 0, 0, 1, 0, 0, 0, 0, 0, 0, 0, 0, 0, 0, 1, 0, 0, 0, 0, 0, 0, 0, 0, 0, 0, 0, 0, 0, 0, 0, 0, 0, 0, 0, 0, 0, 0, 0, 0, 0)"
1.601549,50,110.577404,0,"(np.int64(31738), np.int64(13215), np.int64(7881), np.int64(10068), np.int64(10039), np.int64(18213), np.int64(41281), np.int64(23095), np.int64(30717), np.int64(34048), np.int64(27603), np.int64(47359), np.int64(41059), np.int64(34280), np.int64(23137), np.int64(40256), np.int64(21350), np.int64(49275), np.int64(9065), np.int64(981), np.int64(45888), np.int64(42637), np.int64(41284), np.int64(20647), np.int64(20045), np.int64(8078), np.int64(20273), np.int64(22793), np.int64(9767), np.int64(12624), np.int64(34481), np.int64(17708), np.int64(43219), np.int64(10613), np.int64(46751), np.int64(27113), np.int64(33247), np.int64(22877), np.int64(36834), np.int64(42319), np.int64(4566), np.int64(40686), np.int64(39239), np.int64(7507), np.int64(35193), np.int64(35562), np.int64(37818), np.int64(31567), np.int64(41097), np.int64(34332))","(0, 0, 0, 0, 0, 1, 0, 0, 0, 0, 0, 0, 0, 0, 0, 0, 0, 0, 0, 0, 0, 0, 0, 0, 0, 0, 0, 0, 0, 0, 0, 0, 0, 0, 0, 0, 0, 0, 0, 0, 0, 0, 0, 1, 0, 0, 0, 0, 0, 0)"
3.074832,50,111.030326,0,"(np.int64(31232), np.int64(21228), np.int64(46775), np.int64(46553), np.int64(47727), np.int64(26723), np.int64(46257), np.int64(27655), np.int64(22951), np.int64(23572), np.int64(46373), np.int64(28356), np.int64(36657), np.int64(47158), np.int64(46069), np.int64(22191), np.int64(25677), np.int64(651), np.int64(24995), np.int64(16558), np.int64(8508), np.int64(5967), np.int64(31898), np.int64(40127), np.int64(10359), np.int64(42874), np.int64(22298), np.int64(35623), np.int64(9237), np.int64(6554), np.int64(22823), np.int64(20310), np.int64(44808), np.int64(27731), np.int64(16183), np.int64(3431), np.int64(22328), np.int64(38049), np.int64(29966), np.int64(9604), np.int64(20595), np.int64(1088), np.int64(19031), np.int64(40963), np.int64(32871), np.int64(33220), np.int64(11842), np.int64(47411), np.int64(33568), np.int64(39940))","(0, 0, 0, 1, 0, 0, 0, 0, 0, 0, 0, 0, 0, 0, 0, 0, 0, 0, 0, 0, 1, 0, 1, 0, 1, 0, 0, 0, 0, 0, 0, 0, 0, 0, 0, 0, 0, 0, 0, 0, 0, 0, 0, 0, 0, 0, 0, 0, 0, 0)"
4.53708,50,111.479779,0,"(np.int64(19838), np.int64(21546), np.int64(10372), np.int64(1942), np.int64(2798), np.int64(15739), np.int64(28360), np.int64(15027), np.int64(34266), np.int64(29941), np.int64(28267), np.int64(47659), np.int64(23102), np.int64(10918), np.int64(30760), np.int64(38396), np.int64(26189), np.int64(36326), np.int64(20071), np.int64(5419), np.int64(39338), np.int64(14167), np.int64(11252), np.int64(37933), np.int64(16495), np.int64(14134), np.int64(16915), np.int64(6596), np.int64(23889), np.int64(49820), np.int64(43982), np.int64(14260), np.int64(18047), np.int64(18377), np.int64(28308), np.int64(20723), np.int64(16016), np.int64(20004), np.int64(41590), np.int64(32853), np.int64(46034), np.int64(10794), np.int64(40511), np.int64(7952), np.int64(27254), np.int64(19275), np.int64(46543), np.int64(14721), np.int64(23202), np.int64(36296))","(0, 0, 0, 0, 0, 0, 0, 0, 0, 0, 0, 0, 0, 0, 0, 0, 0, 0, 0, 1, 1, 0, 0, 0, 0, 0, 0, 0, 0, 0, 0, 1, 1, 0, 0, 0, 0, 1, 0, 0, 0, 0, 0, 0, 0, 1, 0, 0, 0, 0)"
5.913429,50,111.933061,0,"(np.int64(7156), np.int64(32614), np.int64(43413), np.int64(27745), np.int64(11009), np.int64(18160), np.int64(49690), np.int64(32212), np.int64(15450), np.int64(23838), np.int64(2169), np.int64(10648), np.int64(12357), np.int64(44186), np.int64(4353), np.int64(803), np.int64(17036), np.int64(31845), np.int64(10418), np.int64(22102), np.int64(37477), np.int64(38526), np.int64(34562), np.int64(26497), np.int64(30990), np.int64(31454), np.int64(6367), np.int64(29242), np.int64(49450), np.int64(17912), np.int64(17480), np.int64(46693), np.int64(6322), np.int64(7107), np.int64(45378), np.int64(25636), np.int64(20204), np.int64(9545), np.int64(33893), np.int64(4427), np.int64(15046), np.int64(31807), np.int64(48822), np.int64(45554), np.int64(44760), np.int64(15925), np.int64(18486), np.int64(13228), np.int64(45922), np.int64(5680))","(0, 0, 0, 0, 0, 0, 0, 1, 1, 0, 0, 0, 1, 0, 0, 0, 0, 0, 0, 0, 0, 0, 0, 0, 0, 0, 0, 0, 0, 0, 0, 1, 1, 0, 0, 0, 0, 1, 0, 0, 1, 0, 0, 0, 0, 1, 0, 0, 0, 0)"
2.256498,50,112.389492,0,"(np.int64(43979), np.int64(48979), np.int64(37622), np.int64(13822), np.int64(38408), np.int64(15283), np.int64(39365), np.int64(9361), np.int64(19584), np.int64(33770), np.int64(23447), np.int64(17495), np.int64(11967), np.int64(31352), np.int64(10090), np.int64(38441), np.int64(35300), np.int64(18722), np.int64(32829), np.int64(28146), np.int64(7541), np.int64(21029), np.int64(35364), np.int64(28052), np.int64(22855), np.int64(2776), np.int64(8996), np.int64(39403), np.int64(20181), np.int64(26335), np.int64(9995), np.int64(17449), np.int64(33977), np.int64(36231), np.int64(1603), np.int64(41353), np.int64(45892), np.int64(15937), np.int64(4058), np.int64(17662), np.int64(15633), np.int64(26550), np.int64(46013), np.int64(6078), np.int64(39778), np.int64(27582), np.int64(8667), np.int64(28299), np.int64(28107), np.int64(19305))","(0, 0, 0, 0, 0, 0, 0, 0, 0, 0, 1, 0, 0, 0, 0, 0, 1, 0, 0, 0, 0, 0, 0, 0, 0, 0, 0, 0, 0, 0, 0, 0, 0, 0, 0, 0, 0, 0, 0, 0, 0, 1, 0, 0, 0, 0, 0, 0, 0, 0)"
5.333342,50,112.842005,0,"(np.int64(20827), np.int64(39734), np.int64(4984), np.int64(20142), np.int64(9353), np.int64(39684), np.int64(23761), np.int64(32225), np.int64(12371), np.int64(30952), np.int64(43211), np.int64(8646), np.int64(451), np.int64(8451), np.int64(5175), np.int64(8952), np.int64(15743), np.int64(22793), np.int64(40506), np.int64(46463), np.int64(26757), np.int64(2720), np.int64(29327), np.int64(5991), np.int64(37190), np.int64(35403), np.int64(7267), np.int64(38383), np.int64(45988), np.int64(27869), np.int64(40712), np.int64(22838), np.int64(16910), np.int64(12714), np.int64(14067), np.int64(24727), np.int64(34973), np.int64(44915), np.int64(25106), np.int64(23554), np.int64(16192), np.int64(49895), np.int64(23662), np.int64(34858), np.int64(15927), np.int64(4892), np.int64(2695), np.int64(12345), np.int64(39647), np.int64(27651))","(0, 0, 0, 0, 0, 0, 1, 1, 0, 0, 0, 0, 0, 0, 0, 0, 0, 0, 0, 1, 0, 0, 0, 0, 0, 0, 0, 0, 0, 1, 0, 0, 0, 0, 0, 1, 0, 0, 0, 0, 1, 0, 1, 0, 0, 0, 0, 0, 0, 0)"
7.450571,50,113.300647,0,"(np.int64(19152), np.int64(4931), np.int64(3170), np.int64(24667), np.int64(4088), np.int64(13208), np.int64(36744), np.int64(38625), np.int64(49238), np.int64(35492), np.int64(26009), np.int64(5001), np.int64(5332), np.int64(25691), np.int64(2933), np.int64(14634), np.int64(13766), np.int64(25478), np.int64(10890), np.int64(24513), np.int64(13098), np.int64(16946), np.int64(6171), np.int64(20325), np.int64(25807), np.int64(44092), np.int64(11740), np.int64(25651), np.int64(8882), np.int64(35939), np.int64(10216), np.int64(33156), np.int64(41594), np.int64(18000), np.int64(7883), np.int64(17879), np.int64(29220), np.int64(34587), np.int64(24325), np.int64(9266), np.int64(8712), np.int64(44298), np.int64(23731), np.int64(48239), np.int64(17126), np.int64(45232), np.int64(21218), np.int64(19976), np.int64(21650), np.int64(3490))","(1, 0, 0, 0, 0, 0, 0, 0, 0, 0, 0, 0, 1, 0, 0, 0, 0, 0, 0, 0, 0, 1, 1, 0, 0, 0, 0, 1, 0, 0, 0, 0, 1, 0, 0, 0, 0, 1, 0, 0, 0, 0, 1, 0, 1, 0, 0, 1, 0, 0)"
1.44101,50,113.750885,0,"(np.int64(30898), np.int64(39015), np.int64(41075), np.int64(44740), np.int64(18051), np.int64(49396), np.int64(2486), np.int64(14747), np.int64(11435), np.int64(43785), np.int64(40809), np.int64(10881), np.int64(47391), np.int64(12924), np.int64(8130), np.int64(970), np.int64(20787), np.int64(33421), np.int64(39541), np.int64(433), np.int64(49727), np.int64(10094), np.int64(26780), np.int64(49276), np.int64(12379), np.int64(37047), np.int64(1488), np.int64(31353), np.int64(18930), np.int64(35730), np.int64(11235), np.int64(25505), np.int64(6707), np.int64(17802), np.int64(23660), np.int64(13390), np.int64(11087), np.int64(30961), np.int64(33992), np.int64(19709), np.int64(19518), np.int64(39459), np.int64(14377), np.int64(39215), np.int64(23037), np.int64(18571), np.int64(7791), np.int64(4774), np.int64(44238), np.int64(12970))","(0, 0, 0, 1, 0, 0, 0, 0, 0, 0, 0, 0, 0, 0, 0, 0, 0, 0, 0, 0, 0, 0, 0, 0, 0, 0, 0, 0, 0, 0, 0, 0, 0, 0, 0, 0, 1, 0, 0, 0, 0, 0, 0, 0, 0, 0, 0, 0, 0, 0)"
1.641678,50,114.201561,0,"(np.int64(13056), np.int64(37292), np.int64(48153), np.int64(37269), np.int64(48523), np.int64(39080), np.int64(24112), np.int64(49917), np.int64(49539), np.int64(25551), np.int64(20949), np.int64(5629), np.int64(42039), np.int64(44095), np.int64(47388), np.int64(31470), np.int64(40385), np.int64(36113), np.int64(34662), np.int64(41010), np.int64(2392), np.int64(24401), np.int64(2065), np.int64(34580), np.int64(14756), np.int64(26119), np.int64(21167), np.int64(4577), np.int64(11075), np.int64(16610), np.int64(4592), np.int64(5381), np.int64(34731), np.int64(41691), np.int64(49080), np.int64(173), np.int64(3149), np.int64(32478), np.int64(9220), np.int64(28194), np.int64(9413), np.int64(15258), np.int64(35243), np.int64(22369), np.int64(40748), np.int64(23479), np.int64(10770), np.int64(20824), np.int64(13610), np.int64(13907))","(0, 0, 0, 0, 0, 0, 0, 0, 0, 0, 0, 0, 0, 0, 0, 0, 0, 0, 0, 0, 0, 0, 0, 0, 0, 0, 0, 0, 0, 0, 0, 1, 0, 0, 0, 0, 0, 0, 0, 0, 0, 0, 0, 0, 0, 0, 0, 1, 0, 0)"
3.950337,50,119.948819,0,"(np.int64(22176), np.int64(30990), np.int64(32786), np.int64(41015), np.int64(34877), np.int64(33388), np.int64(49405), np.int64(36345), np.int64(19473), np.int64(3685), np.int64(44013), np.int64(25032), np.int64(20332), np.int64(32670), np.int64(48147), np.int64(7863), np.int64(9319), np.int64(20639), np.int64(3235), np.int64(25283), np.int64(516), np.int64(31568), np.int64(26944), np.int64(47388), np.int64(44274), np.int64(13526), np.int64(16191), np.int64(49468), np.int64(12508), np.int64(19399), np.int64(10259), np.int64(26582), np.int64(37907), np.int64(14214), np.int64(15616), np.int64(13994), np.int64(43075), np.int64(16131), np.int64(13904), np.int64(45381), np.int64(36886), np.int64(4460), np.int64(28213), np.int64(37184), np.int64(41856), np.int64(28711), np.int64(44576), np.int64(15139), np.int64(17678), np.int64(13118))","(0, 0, 0, 0, 0, 1, 0, 0, 0, 0, 0, 1, 0, 0, 0, 0, 0, 0, 0, 0, 0, 0, 0, 0, 0, 0, 0, 0, 0, 0, 0, 0, 0, 0, 1, 0, 0, 0, 0, 0, 0, 1, 0, 0, 0, 0, 0, 1, 0, 0)"
3.729296,50,120.403332,0,"(np.int64(29277), np.int64(13258), np.int64(43085), np.int64(31877), np.int64(38292), np.int64(36008), np.int64(35062), np.int64(43545), np.int64(36945), np.int64(23853), np.int64(17032), np.int64(17912), np.int64(44083), np.int64(15704), np.int64(25484), np.int64(12958), np.int64(37719), np.int64(3512), np.int64(19905), np.int64(1182), np.int64(27221), np.int64(11421), np.int64(27731), np.int64(49798), np.int64(23982), np.int64(26382), np.int64(18052), np.int64(49203), np.int64(24642), np.int64(37243), np.int64(20725), np.int64(20125), np.int64(47095), np.int64(15607), np.int64(17406), np.int64(1053), np.int64(894), np.int64(44735), np.int64(20801), np.int64(33026), np.int64(4942), np.int64(39775), np.int64(22574), np.int64(49652), np.int64(33598), np.int64(1163), np.int64(5441), np.int64(37318), np.int64(31211), np.int64(23511))","(0, 0, 0, 0, 0, 0, 0, 0, 0, 0, 0, 0, 0, 0, 1, 0, 0, 0, 1, 0, 0, 0, 0, 0, 1, 0, 0, 0, 0, 0, 0, 0, 0, 0, 0, 0, 0, 1, 0, 0, 0, 0, 0, 0, 0, 1, 0, 0, 0, 0)"
3.075377,50,120.860258,0,"(np.int64(25368), np.int64(9271), np.int64(779), np.int64(42536), np.int64(21064), np.int64(46118), np.int64(21959), np.int64(42103), np.int64(6600), np.int64(20664), np.int64(4908), np.int64(4978), np.int64(46218), np.int64(8124), np.int64(12375), np.int64(19942), np.int64(37153), np.int64(6777), np.int64(19010), np.int64(23065), np.int64(2925), np.int64(29288), np.int64(15891), np.int64(19239), np.int64(37115), np.int64(31664), np.int64(35016), np.int64(10720), np.int64(19022), np.int64(41339), np.int64(362), np.int64(43208), np.int64(22470), np.int64(19028), np.int64(49587), np.int64(45616), np.int64(29253), np.int64(20213), np.int64(43321), np.int64(44587), np.int64(8158), np.int64(31528), np.int64(32273), np.int64(21861), np.int64(41322), np.int64(29269), np.int64(20474), np.int64(48901), np.int64(30020), np.int64(22487))","(0, 1, 0, 0, 0, 0, 0, 0, 0, 0, 0, 0, 0, 0, 0, 0, 0, 1, 0, 0, 0, 0, 0, 0, 0, 0, 0, 0, 0, 0, 1, 0, 0, 0, 0, 0, 0, 0, 0, 0, 0, 0, 0, 1, 0, 0, 0, 0, 0, 0)"
1.4719,50,121.31233,0,"(np.int64(15984), np.int64(12913), np.int64(15383), np.int64(43739), np.int64(36972), np.int64(9646), np.int64(31161), np.int64(27577), np.int64(24421), np.int64(937), np.int64(3449), np.int64(21718), np.int64(17090), np.int64(20769), np.int64(9088), np.int64(24202), np.int64(43827), np.int64(7693), np.int64(41355), np.int64(36211), np.int64(12327), np.int64(373), np.int64(28853), np.int64(1928), np.int64(22088), np.int64(27681), np.int64(27456), np.int64(42639), np.int64(12561), np.int64(11430), np.int64(17385), np.int64(1233), np.int64(45185), np.int64(10576), np.int64(28470), np.int64(15309), np.int64(40972), np.int64(40626), np.int64(17959), np.int64(25896), np.int64(24838), np.int64(1602), np.int64(41839), np.int64(31256), np.int64(4138), np.int64(48583), np.int64(47197), np.int64(34758), np.int64(36193), np.int64(18340))","(0, 0, 0, 0, 0, 0, 0, 0, 0, 1, 0, 0, 0, 0, 1, 0, 0, 0, 0, 0, 0, 0, 0, 0, 0, 0, 0, 0, 0, 0, 0, 0, 0, 0, 0, 0, 0, 0, 0, 0, 0, 0, 0, 0, 0, 0, 0, 0, 0, 0)"
4.562545,50,121.760417,0,"(np.int64(39433), np.int64(22970), np.int64(8717), np.int64(8057), np.int64(12698), np.int64(23873), np.int64(11202), np.int64(40098), np.int64(35232), np.int64(38639), np.int64(26779), np.int64(11125), np.int64(15096), np.int64(49374), np.int64(46811), np.int64(10070), np.int64(6824), np.int64(3663), np.int64(43994), np.int64(32036), np.int64(31607), np.int64(20617), np.int64(45263), np.int64(15901), np.int64(11129), np.int64(18911), np.int64(31727), np.int64(21499), np.int64(29240), np.int64(46879), np.int64(2294), np.int64(16910), np.int64(35508), np.int64(5190), np.int64(42334), np.int64(27431), np.int64(28493), np.int64(28093), np.int64(15350), np.int64(20039), np.int64(43929), np.int64(14420), np.int64(9673), np.int64(34096), np.int64(30073), np.int64(30709), np.int64(13866), np.int64(34240), np.int64(5988), np.int64(37521))","(0, 0, 0, 0, 0, 1, 0, 0, 0, 0, 0, 0, 0, 0, 0, 0, 1, 0, 0, 0, 1, 0, 0, 0, 0, 0, 0, 0, 0, 0, 0, 0, 0, 0, 0, 0, 0, 0, 1, 1, 0, 0, 0, 0, 0, 0, 0, 0, 0, 1)"
5.098387,50,122.213344,0,"(np.int64(5577), np.int64(14128), np.int64(8311), np.int64(48325), np.int64(24540), np.int64(455), np.int64(48896), np.int64(23587), np.int64(37612), np.int64(592), np.int64(20279), np.int64(48769), np.int64(21536), np.int64(42883), np.int64(43726), np.int64(24518), np.int64(33405), np.int64(43941), np.int64(47516), np.int64(3033), np.int64(39094), np.int64(18479), np.int64(30522), np.int64(988), np.int64(30252), np.int64(18034), np.int64(33495), np.int64(46026), np.int64(3411), np.int64(41394), np.int64(26275), np.int64(16050), np.int64(41884), np.int64(39258), np.int64(1565), np.int64(29402), np.int64(38510), np.int64(47664), np.int64(43381), np.int64(4855), np.int64(24163), np.int64(14158), np.int64(28805), np.int64(46252), np.int64(24356), np.int64(12778), np.int64(12420), np.int64(39805), np.int64(27420), np.int64(35653))","(0, 0, 0, 1, 0, 0, 0, 0, 0, 1, 1, 1, 0, 0, 0, 0, 0, 0, 0, 0, 0, 0, 0, 1, 0, 0, 0, 0, 1, 0, 0, 0, 0, 0, 0, 0, 0, 0, 0, 0, 0, 0, 0, 0, 0, 1, 0, 0, 0, 0)"
6.80041,50,122.667229,0,"(np.int64(35367), np.int64(36023), np.int64(25156), np.int64(46735), np.int64(46680), np.int64(11706), np.int64(49854), np.int64(13218), np.int64(2259), np.int64(20999), np.int64(1294), np.int64(3369), np.int64(22143), np.int64(34957), np.int64(36831), np.int64(5973), np.int64(20909), np.int64(45300), np.int64(46343), np.int64(34440), np.int64(42563), np.int64(10311), np.int64(20548), np.int64(18180), np.int64(12739), np.int64(36732), np.int64(4891), np.int64(36365), np.int64(41104), np.int64(40737), np.int64(17991), np.int64(40001), np.int64(19500), np.int64(14957), np.int64(44130), np.int64(37050), np.int64(1636), np.int64(8650), np.int64(43388), np.int64(28377), np.int64(45623), np.int64(37017), np.int64(11495), np.int64(44201), np.int64(49837), np.int64(29149), np.int64(40512), np.int64(13149), np.int64(47237), np.int64(37132))","(0, 0, 0, 0, 0, 0, 0, 0, 0, 0, 1, 1, 0, 0, 0, 1, 0, 0, 0, 0, 0, 0, 1, 0, 1, 1, 0, 1, 0, 0, 0, 0, 1, 0, 0, 0, 0, 0, 0, 0, 0, 0, 1, 0, 0, 0, 0, 0, 0, 0)"
5.42085,50,123.124409,0,"(np.int64(16281), np.int64(34805), np.int64(33294), np.int64(20857), np.int64(26530), np.int64(38865), np.int64(5330), np.int64(38883), np.int64(7443), np.int64(16537), np.int64(31737), np.int64(19779), np.int64(20490), np.int64(6610), np.int64(2423), np.int64(4553), np.int64(25500), np.int64(48133), np.int64(44198), np.int64(13833), np.int64(41571), np.int64(13727), np.int64(43206), np.int64(7086), np.int64(38807), np.int64(34090), np.int64(27782), np.int64(25416), np.int64(27677), np.int64(12898), np.int64(11227), np.int64(38808), np.int64(39557), np.int64(10862), np.int64(24330), np.int64(10284), np.int64(43794), np.int64(27323), np.int64(14178), np.int64(23290), np.int64(14392), np.int64(32580), np.int64(10105), np.int64(31495), np.int64(44479), np.int64(2065), np.int64(29878), np.int64(27565), np.int64(21365), np.int64(49669))","(1, 0, 0, 0, 0, 0, 1, 0, 0, 0, 0, 1, 0, 0, 0, 0, 1, 0, 0, 0, 0, 0, 0, 1, 0, 0, 0, 0, 0, 1, 0, 0, 0, 0, 0, 0, 0, 0, 1, 0, 0, 0, 0, 0, 0, 0, 0, 0, 0, 0)"
3.791902,50,123.57864,0,"(np.int64(11883), np.int64(45562), np.int64(48479), np.int64(18475), np.int64(32216), np.int64(3821), np.int64(10044), np.int64(46576), np.int64(33759), np.int64(49166), np.int64(15172), np.int64(43598), np.int64(812), np.int64(12832), np.int64(48589), np.int64(32675), np.int64(3521), np.int64(17097), np.int64(7508), np.int64(45444), np.int64(20097), np.int64(1809), np.int64(36729), np.int64(38517), np.int64(28094), np.int64(28660), np.int64(10541), np.int64(40126), np.int64(15431), np.int64(27451), np.int64(20202), np.int64(20160), np.int64(2573), np.int64(35665), np.int64(32229), np.int64(45139), np.int64(14363), np.int64(27334), np.int64(34448), np.int64(26526), np.int64(24106), np.int64(26329), np.int64(248), np.int64(31655), np.int64(37153), np.int64(24195), np.int64(10204), np.int64(22034), np.int64(34644), np.int64(25708))","(0, 0, 0, 0, 0, 0, 1, 0, 0, 0, 0, 0, 0, 0, 0, 0, 0, 0, 0, 0, 1, 0, 0, 1, 0, 0, 0, 0, 0, 0, 1, 1, 0, 0, 0, 0, 0, 0, 0, 0, 0, 0, 0, 0, 0, 0, 0, 0, 0, 0)"
5.819879,50,124.033413,0,"(np.int64(33327), np.int64(14607), np.int64(757), np.int64(31941), np.int64(34672), np.int64(23378), np.int64(19025), np.int64(31602), np.int64(21127), np.int64(26829), np.int64(11183), np.int64(36053), np.int64(26063), np.int64(19306), np.int64(49639), np.int64(42197), np.int64(4789), np.int64(13838), np.int64(42189), np.int64(27849), np.int64(37262), np.int64(15225), np.int64(41811), np.int64(2885), np.int64(29593), np.int64(26502), np.int64(31541), np.int64(3415), np.int64(4183), np.int64(22008), np.int64(22590), np.int64(3308), np.int64(7328), np.int64(33063), np.int64(7921), np.int64(37978), np.int64(10708), np.int64(35831), np.int64(1564), np.int64(25744), np.int64(31388), np.int64(29115), np.int64(46196), np.int64(12352), np.int64(13883), np.int64(32689), np.int64(47886), np.int64(26287), np.int64(26903), np.int64(7709))","(0, 0, 0, 0, 0, 0, 0, 0, 0, 0, 1, 0, 0, 0, 0, 0, 1, 0, 1, 0, 0, 0, 0, 0, 0, 0, 0, 0, 1, 0, 0, 0, 0, 0, 0, 0, 1, 0, 0, 0, 0, 0, 0, 0, 1, 0, 1, 0, 0, 1)"
5.311181,50,124.485192,0,"(np.int64(5443), np.int64(20931), np.int64(44370), np.int64(4539), np.int64(23807), np.int64(35661), np.int64(23001), np.int64(29554), np.int64(27287), np.int64(31190), np.int64(28212), np.int64(9482), np.int64(38726), np.int64(34341), np.int64(36966), np.int64(22249), np.int64(20425), np.int64(31303), np.int64(43810), np.int64(18669), np.int64(15390), np.int64(32672), np.int64(18956), np.int64(45797), np.int64(30713), np.int64(21075), np.int64(6723), np.int64(5619), np.int64(17607), np.int64(29695), np.int64(27960), np.int64(38607), np.int64(18713), np.int64(42513), np.int64(26657), np.int64(43812), np.int64(24839), np.int64(19403), np.int64(28691), np.int64(40837), np.int64(8473), np.int64(2279), np.int64(40777), np.int64(44972), np.int64(11466), np.int64(12360), np.int64(19267), np.int64(3363), np.int64(14571), np.int64(30151))","(0, 0, 0, 0, 0, 0, 0, 0, 1, 0, 0, 0, 0, 0, 0, 0, 1, 0, 0, 0, 0, 0, 0, 0, 0, 0, 0, 0, 0, 0, 0, 0, 0, 1, 0, 0, 0, 0, 1, 0, 1, 1, 0, 0, 0, 0, 1, 0, 0, 0)"
6.024397,50,124.93966,0,"(np.int64(37630), np.int64(37445), np.int64(34326), np.int64(31098), np.int64(10894), np.int64(24306), np.int64(21381), np.int64(13557), np.int64(27413), np.int64(27392), np.int64(7545), np.int64(18603), np.int64(17714), np.int64(25817), np.int64(17882), np.int64(29928), np.int64(13222), np.int64(35603), np.int64(46447), np.int64(24188), np.int64(34709), np.int64(36007), np.int64(2615), np.int64(46881), np.int64(29340), np.int64(22875), np.int64(23943), np.int64(36905), np.int64(16226), np.int64(34165), np.int64(23201), np.int64(45588), np.int64(47490), np.int64(20679), np.int64(8506), np.int64(34942), np.int64(39387), np.int64(4091), np.int64(10427), np.int64(18059), np.int64(34884), np.int64(48012), np.int64(49642), np.int64(23370), np.int64(10972), np.int64(23443), np.int64(3063), np.int64(1674), np.int64(8365), np.int64(42923))","(0, 0, 0, 0, 0, 1, 1, 0, 0, 0, 0, 0, 0, 0, 0, 0, 0, 0, 0, 0, 0, 0, 0, 1, 0, 0, 0, 0, 0, 1, 0, 0, 0, 1, 1, 0, 0, 0, 1, 0, 0, 0, 0, 0, 0, 1, 0, 0, 0, 0)"
2.172538,50,125.392611,0,"(np.int64(46195), np.int64(3834), np.int64(38354), np.int64(16145), np.int64(3925), np.int64(13015), np.int64(16287), np.int64(32870), np.int64(30376), np.int64(5729), np.int64(46550), np.int64(10175), np.int64(20225), np.int64(42928), np.int64(16770), np.int64(23955), np.int64(46444), np.int64(1500), np.int64(16136), np.int64(15186), np.int64(25072), np.int64(41368), np.int64(37467), np.int64(4207), np.int64(41359), np.int64(39521), np.int64(49303), np.int64(7470), np.int64(18586), np.int64(3898), np.int64(19764), np.int64(43992), np.int64(24399), np.int64(49342), np.int64(37234), np.int64(30480), np.int64(1644), np.int64(2166), np.int64(20347), np.int64(25635), np.int64(27108), np.int64(44205), np.int64(8608), np.int64(34098), np.int64(14140), np.int64(30627), np.int64(24911), np.int64(34844), np.int64(47181), np.int64(16542))","(0, 0, 0, 0, 0, 0, 0, 0, 0, 0, 0, 0, 0, 1, 0, 0, 0, 0, 0, 0, 0, 0, 0, 1, 0, 0, 0, 0, 0, 0, 0, 0, 0, 0, 0, 0, 0, 0, 0, 0, 0, 0, 0, 0, 1, 0, 0, 0, 0, 0)"
3.658392,50,125.844902,0,"(np.int64(18763), np.int64(48881), np.int64(38537), np.int64(28801), np.int64(16273), np.int64(30296), np.int64(47228), np.int64(41175), np.int64(42108), np.int64(21930), np.int64(43949), np.int64(30106), np.int64(19944), np.int64(22780), np.int64(13380), np.int64(19526), np.int64(17530), np.int64(31068), np.int64(9865), np.int64(31668), np.int64(1549), np.int64(20807), np.int64(6646), np.int64(25811), np.int64(13313), np.int64(34094), np.int64(28277), np.int64(2819), np.int64(37972), np.int64(47508), np.int64(13542), np.int64(29975), np.int64(43779), np.int64(6876), np.int64(35290), np.int64(21349), np.int64(19216), np.int64(9364), np.int64(34249), np.int64(28205), np.int64(655), np.int64(47068), np.int64(46869), np.int64(42927), np.int64(6225), np.int64(15782), np.int64(32247), np.int64(40103), np.int64(43956), np.int64(11086))","(0, 0, 0, 0, 0, 0, 0, 0, 0, 1, 0, 0, 0, 0, 1, 0, 0, 0, 0, 0, 0, 0, 0, 0, 0, 0, 0, 0, 0, 0, 0, 0, 0, 0, 0, 0, 1, 0, 0, 0, 1, 0, 0, 0, 0, 0, 0, 1, 0, 0)"
3.6496,50,126.297819,0,"(np.int64(33728), np.int64(28130), np.int64(28517), np.int64(7134), np.int64(43849), np.int64(28738), np.int64(1374), np.int64(14879), np.int64(14851), np.int64(45123), np.int64(46226), np.int64(47898), np.int64(47280), np.int64(6456), np.int64(9096), np.int64(24138), np.int64(34125), np.int64(20356), np.int64(33475), np.int64(39791), np.int64(20438), np.int64(19499), np.int64(29998), np.int64(1464), np.int64(42848), np.int64(31163), np.int64(34997), np.int64(46410), np.int64(19266), np.int64(18239), np.int64(28390), np.int64(5750), np.int64(32559), np.int64(33200), np.int64(4121), np.int64(23369), np.int64(41922), np.int64(33054), np.int64(24545), np.int64(14852), np.int64(16867), np.int64(39209), np.int64(1528), np.int64(48501), np.int64(49992), np.int64(7677), np.int64(12087), np.int64(16261), np.int64(48066), np.int64(4618))","(0, 0, 0, 0, 0, 0, 0, 0, 1, 0, 0, 0, 0, 1, 0, 0, 0, 0, 0, 0, 1, 0, 0, 0, 0, 0, 0, 0, 1, 0, 0, 0, 0, 0, 0, 0, 0, 0, 0, 0, 0, 0, 0, 0, 0, 0, 1, 0, 0, 0)"
7.710762,50,126.752304,0,"(np.int64(23879), np.int64(28350), np.int64(20218), np.int64(16967), np.int64(44068), np.int64(7750), np.int64(727), np.int64(27815), np.int64(37335), np.int64(39650), np.int64(17638), np.int64(2767), np.int64(9621), np.int64(48052), np.int64(46202), np.int64(40944), np.int64(13805), np.int64(27821), np.int64(6057), np.int64(37317), np.int64(25886), np.int64(16617), np.int64(33221), np.int64(9523), np.int64(45842), np.int64(25635), np.int64(35077), np.int64(1311), np.int64(23451), np.int64(25314), np.int64(43634), np.int64(46379), np.int64(3116), np.int64(29434), np.int64(18963), np.int64(21903), np.int64(46314), np.int64(47287), np.int64(37247), np.int64(31607), np.int64(5419), np.int64(27691), np.int64(2146), np.int64(46602), np.int64(43337), np.int64(35766), np.int64(26269), np.int64(20139), np.int64(6799), np.int64(25484))","(0, 0, 0, 0, 0, 0, 1, 0, 0, 1, 0, 1, 1, 0, 0, 0, 0, 0, 0, 0, 0, 0, 0, 0, 0, 0, 0, 0, 0, 1, 0, 0, 1, 0, 0, 0, 0, 0, 0, 1, 1, 0, 1, 0, 0, 0, 0, 0, 0, 1)"
1.491364,50,127.208787,0,"(np.int64(11796), np.int64(37205), np.int64(13521), np.int64(25030), np.int64(43239), np.int64(1206), np.int64(6380), np.int64(34062), np.int64(22016), np.int64(33155), np.int64(17456), np.int64(16226), np.int64(29135), np.int64(14665), np.int64(46888), np.int64(12639), np.int64(21842), np.int64(40191), np.int64(12671), np.int64(23248), np.int64(15510), np.int64(46107), np.int64(18391), np.int64(10279), np.int64(5923), np.int64(38303), np.int64(24713), np.int64(28579), np.int64(26323), np.int64(49667), np.int64(20838), np.int64(17418), np.int64(10080), np.int64(34381), np.int64(5733), np.int64(44153), np.int64(24845), np.int64(45831), np.int64(13117), np.int64(41637), np.int64(36113), np.int64(18340), np.int64(44263), np.int64(34117), np.int64(38389), np.int64(1798), np.int64(13928), np.int64(14346), np.int64(28585), np.int64(19635))","(1, 0, 0, 0, 0, 0, 0, 0, 0, 0, 0, 0, 0, 0, 0, 0, 0, 0, 0, 0, 0, 0, 0, 0, 0, 0, 0, 0, 0, 0, 0, 0, 0, 0, 0, 0, 1, 0, 0, 0, 0, 0, 0, 0, 0, 0, 0, 0, 0, 0)"
4.540165,50,127.660545,0,"(np.int64(29619), np.int64(40045), np.int64(5760), np.int64(35240), np.int64(29728), np.int64(33846), np.int64(32460), np.int64(40648), np.int64(11806), np.int64(17417), np.int64(5882), np.int64(36841), np.int64(15127), np.int64(2531), np.int64(29888), np.int64(35797), np.int64(33753), np.int64(36984), np.int64(38128), np.int64(30852), np.int64(649), np.int64(7947), np.int64(65), np.int64(45529), np.int64(23270), np.int64(36859), np.int64(28993), np.int64(45399), np.int64(48887), np.int64(25296), np.int64(10984), np.int64(16300), np.int64(47740), np.int64(35692), np.int64(7621), np.int64(3574), np.int64(16748), np.int64(17255), np.int64(20229), np.int64(25438), np.int64(8171), np.int64(46051), np.int64(9015), np.int64(29000), np.int64(19665), np.int64(5702), np.int64(4914), np.int64(47219), np.int64(36203), np.int64(49927))","(0, 0, 0, 0, 0, 0, 0, 0, 0, 0, 0, 1, 0, 0, 0, 0, 0, 0, 0, 0, 1, 1, 0, 0, 0, 0, 1, 0, 0, 0, 0, 0, 0, 0, 0, 0, 1, 0, 1, 0, 0, 0, 0, 0, 0, 0, 0, 0, 0, 0)"
6.600501,50,128.118143,0,"(np.int64(17644), np.int64(265), np.int64(4527), np.int64(27417), np.int64(1728), np.int64(6439), np.int64(30182), np.int64(3931), np.int64(24361), np.int64(20278), np.int64(43890), np.int64(24278), np.int64(7649), np.int64(38026), np.int64(49194), np.int64(13887), np.int64(19952), np.int64(39499), np.int64(48316), np.int64(12151), np.int64(4105), np.int64(1604), np.int64(38649), np.int64(5936), np.int64(36677), np.int64(43583), np.int64(44535), np.int64(25181), np.int64(30881), np.int64(8161), np.int64(27275), np.int64(24271), np.int64(654), np.int64(40654), np.int64(11553), np.int64(40489), np.int64(16574), np.int64(35672), np.int64(7133), np.int64(4841), np.int64(42690), np.int64(33873), np.int64(948), np.int64(12505), np.int64(45899), np.int64(33146), np.int64(15219), np.int64(22893), np.int64(44115), np.int64(6534))","(0, 1, 0, 0, 1, 1, 0, 1, 1, 0, 0, 1, 0, 0, 0, 0, 0, 0, 0, 0, 0, 1, 0, 0, 0, 0, 0, 0, 0, 0, 0, 0, 0, 0, 0, 0, 1, 0, 0, 0, 0, 0, 1, 0, 0, 0, 0, 0, 0, 0)"
1.531515,50,128.56934,0,"(np.int64(19693), np.int64(27310), np.int64(45324), np.int64(10466), np.int64(21041), np.int64(26415), np.int64(41717), np.int64(38650), np.int64(25621), np.int64(29790), np.int64(43400), np.int64(23916), np.int64(12915), np.int64(23709), np.int64(3577), np.int64(39994), np.int64(8581), np.int64(32967), np.int64(1334), np.int64(35), np.int64(38365), np.int64(46135), np.int64(14472), np.int64(11186), np.int64(32975), np.int64(11875), np.int64(29393), np.int64(33326), np.int64(39107), np.int64(48359), np.int64(19392), np.int64(22117), np.int64(26469), np.int64(43686), np.int64(31883), np.int64(42439), np.int64(2080), np.int64(23738), np.int64(24450), np.int64(15089), np.int64(33440), np.int64(25182), np.int64(25491), np.int64(16032), np.int64(5863), np.int64(17191), np.int64(6298), np.int64(3783), np.int64(13424), np.int64(29668))","(0, 0, 0, 0, 0, 0, 0, 0, 0, 0, 0, 0, 0, 0, 0, 0, 0, 0, 0, 0, 0, 0, 0, 0, 0, 0, 0, 0, 0, 0, 0, 1, 0, 0, 0, 0, 0, 0, 1, 0, 0, 0, 0, 0, 0, 0, 0, 0, 0, 0)"
4.337645,50,129.021734,0,"(np.int64(7243), np.int64(46191), np.int64(13108), np.int64(40187), np.int64(19136), np.int64(11275), np.int64(29489), np.int64(36158), np.int64(18039), np.int64(11315), np.int64(49751), np.int64(10836), np.int64(40834), np.int64(9424), np.int64(28238), np.int64(2884), np.int64(46672), np.int64(43652), np.int64(31861), np.int64(34938), np.int64(22701), np.int64(45938), np.int64(36365), np.int64(41917), np.int64(13560), np.int64(26346), np.int64(29990), np.int64(6321), np.int64(4006), np.int64(36148), np.int64(30404), np.int64(19193), np.int64(20282), np.int64(42169), np.int64(45835), np.int64(22471), np.int64(45920), np.int64(6709), np.int64(35504), np.int64(9217), np.int64(45212), np.int64(6658), np.int64(18490), np.int64(541), np.int64(26892), np.int64(34165), np.int64(46569), np.int64(29330), np.int64(11895), np.int64(23260))","(0, 0, 0, 0, 1, 0, 0, 0, 0, 0, 0, 0, 0, 0, 0, 0, 0, 0, 0, 0, 0, 0, 1, 0, 0, 1, 0, 0, 0, 0, 0, 0, 0, 0, 0, 0, 0, 1, 0, 0, 0, 0, 0, 0, 0, 1, 0, 1, 0, 0)"
3.595894,50,129.476135,0,"(np.int64(49245), np.int64(28870), np.int64(33385), np.int64(43021), np.int64(22192), np.int64(895), np.int64(39047), np.int64(42376), np.int64(13134), np.int64(22943), np.int64(27), np.int64(24153), np.int64(48501), np.int64(7499), np.int64(44001), np.int64(12105), np.int64(46921), np.int64(1608), np.int64(45047), np.int64(10204), np.int64(1752), np.int64(22291), np.int64(22799), np.int64(508), np.int64(9424), np.int64(29216), np.int64(22676), np.int64(34532), np.int64(20582), np.int64(30961), np.int64(40627), np.int64(24772), np.int64(22287), np.int64(4393), np.int64(37272), np.int64(20590), np.int64(47572), np.int64(18798), np.int64(37101), np.int64(10106), np.int64(4990), np.int64(21845), np.int64(22017), np.int64(42280), np.int64(585), np.int64(6150), np.int64(25054), np.int64(48457), np.int64(43699), np.int64(15701))","(0, 0, 0, 0, 0, 0, 0, 0, 0, 0, 0, 0, 0, 0, 0, 0, 0, 1, 0, 0, 1, 0, 0, 0, 0, 1, 0, 0, 0, 0, 0, 0, 0, 0, 0, 0, 0, 0, 0, 0, 0, 0, 1, 1, 0, 0, 0, 0, 0, 0)"
3.12414,50,129.930885,0,"(np.int64(44884), np.int64(40150), np.int64(1952), np.int64(30507), np.int64(285), np.int64(42090), np.int64(30468), np.int64(42580), np.int64(36376), np.int64(22995), np.int64(36573), np.int64(44838), np.int64(36266), np.int64(30292), np.int64(21841), np.int64(26538), np.int64(1233), np.int64(36883), np.int64(9145), np.int64(13694), np.int64(2123), np.int64(25819), np.int64(43660), np.int64(5494), np.int64(157), np.int64(15988), np.int64(35372), np.int64(24551), np.int64(27452), np.int64(11459), np.int64(33348), np.int64(33981), np.int64(31137), np.int64(42067), np.int64(19366), np.int64(34828), np.int64(37405), np.int64(41524), np.int64(46156), np.int64(27332), np.int64(48716), np.int64(45554), np.int64(27662), np.int64(45155), np.int64(41031), np.int64(13119), np.int64(1894), np.int64(30344), np.int64(33405), np.int64(9568))","(0, 0, 0, 0, 0, 0, 0, 0, 0, 0, 0, 0, 0, 0, 0, 0, 0, 0, 0, 0, 0, 0, 0, 0, 0, 1, 0, 0, 0, 0, 0, 0, 0, 0, 1, 0, 1, 0, 0, 0, 0, 0, 0, 0, 0, 0, 1, 0, 0, 0)"
3.738991,50,130.387811,0,"(np.int64(39700), np.int64(36503), np.int64(37053), np.int64(2734), np.int64(10923), np.int64(28684), np.int64(44558), np.int64(35413), np.int64(40368), np.int64(8962), np.int64(23754), np.int64(16859), np.int64(10832), np.int64(5027), np.int64(12572), np.int64(203), np.int64(10403), np.int64(38669), np.int64(5472), np.int64(35903), np.int64(8163), np.int64(9003), np.int64(32712), np.int64(21554), np.int64(17040), np.int64(36226), np.int64(32234), np.int64(13759), np.int64(4138), np.int64(18814), np.int64(781), np.int64(8935), np.int64(15337), np.int64(7651), np.int64(6568), np.int64(2140), np.int64(20887), np.int64(795), np.int64(36494), np.int64(39753), np.int64(36635), np.int64(38453), np.int64(19860), np.int64(49570), np.int64(36896), np.int64(21749), np.int64(44368), np.int64(14629), np.int64(14090), np.int64(26029))","(0, 0, 0, 0, 0, 0, 0, 0, 0, 0, 1, 0, 1, 0, 0, 1, 0, 0, 0, 0, 0, 0, 0, 0, 0, 0, 0, 0, 0, 0, 0, 0, 0, 0, 0, 0, 1, 0, 0, 0, 0, 1, 0, 0, 0, 0, 0, 0, 0, 0)"
3.765976,50,130.841387,0,"(np.int64(7469), np.int64(20267), np.int64(984), np.int64(28117), np.int64(27423), np.int64(25217), np.int64(3239), np.int64(10065), np.int64(9572), np.int64(2983), np.int64(23536), np.int64(29498), np.int64(11001), np.int64(6493), np.int64(11603), np.int64(12422), np.int64(13755), np.int64(41516), np.int64(5070), np.int64(40100), np.int64(6205), np.int64(356), np.int64(19877), np.int64(20340), np.int64(16973), np.int64(7065), np.int64(34184), np.int64(1620), np.int64(24718), np.int64(40282), np.int64(5073), np.int64(33635), np.int64(42499), np.int64(25347), np.int64(38444), np.int64(11582), np.int64(25955), np.int64(44118), np.int64(10473), np.int64(24584), np.int64(27649), np.int64(46173), np.int64(34188), np.int64(45204), np.int64(40170), np.int64(8093), np.int64(22898), np.int64(13553), np.int64(17950), np.int64(38172))","(1, 0, 1, 0, 0, 0, 0, 0, 0, 0, 0, 0, 0, 0, 0, 0, 0, 1, 0, 0, 0, 0, 0, 0, 0, 1, 0, 0, 0, 0, 0, 0, 0, 0, 0, 1, 0, 0, 0, 0, 0, 0, 0, 0, 0, 0, 0, 0, 0, 0)"
5.8726,50,131.296314,0,"(np.int64(36922), np.int64(37188), np.int64(47876), np.int64(25446), np.int64(26250), np.int64(24502), np.int64(32238), np.int64(39626), np.int64(33012), np.int64(25216), np.int64(42998), np.int64(12792), np.int64(33087), np.int64(48747), np.int64(8426), np.int64(29361), np.int64(26987), np.int64(19203), np.int64(45596), np.int64(26850), np.int64(22625), np.int64(33200), np.int64(31922), np.int64(4068), np.int64(24988), np.int64(22), np.int64(24278), np.int64(48551), np.int64(47526), np.int64(35566), np.int64(6676), np.int64(40281), np.int64(34207), np.int64(14438), np.int64(12904), np.int64(18268), np.int64(44530), np.int64(19486), np.int64(44241), np.int64(35066), np.int64(41592), np.int64(14888), np.int64(35815), np.int64(35624), np.int64(25075), np.int64(25863), np.int64(7974), np.int64(24460), np.int64(46754), np.int64(48693))","(0, 0, 0, 0, 0, 1, 0, 0, 0, 1, 0, 1, 1, 0, 0, 0, 0, 1, 0, 0, 0, 0, 0, 0, 0, 0, 1, 0, 0, 0, 0, 0, 0, 0, 0, 0, 0, 0, 0, 1, 0, 0, 0, 0, 0, 0, 0, 0, 1, 0)"
2.396987,50,131.747866,0,"(np.int64(43678), np.int64(31188), np.int64(21796), np.int64(35781), np.int64(46732), np.int64(18545), np.int64(2986), np.int64(15782), np.int64(35873), np.int64(38661), np.int64(22682), np.int64(1983), np.int64(47812), np.int64(27331), np.int64(25405), np.int64(29044), np.int64(46724), np.int64(48754), np.int64(28260), np.int64(1297), np.int64(14837), np.int64(14584), np.int64(20621), np.int64(33908), np.int64(277), np.int64(43494), np.int64(16176), np.int64(19379), np.int64(44672), np.int64(10268), np.int64(21575), np.int64(22689), np.int64(3876), np.int64(9642), np.int64(3845), np.int64(32071), np.int64(24444), np.int64(22352), np.int64(26786), np.int64(49451), np.int64(7469), np.int64(49885), np.int64(45491), np.int64(39199), np.int64(43816), np.int64(41475), np.int64(39298), np.int64(46076), np.int64(39076), np.int64(14698))","(0, 0, 0, 0, 0, 0, 0, 0, 0, 0, 0, 0, 0, 0, 0, 0, 0, 0, 0, 0, 0, 0, 0, 0, 0, 0, 1, 1, 0, 0, 0, 0, 0, 0, 0, 0, 0, 0, 0, 0, 1, 0, 0, 0, 0, 0, 0, 0, 0, 0)"
6.518829,50,132.201198,0,"(np.int64(9130), np.int64(37195), np.int64(7638), np.int64(12421), np.int64(6672), np.int64(48060), np.int64(34587), np.int64(2191), np.int64(41139), np.int64(18841), np.int64(39138), np.int64(38634), np.int64(33699), np.int64(7511), np.int64(32397), np.int64(21186), np.int64(29247), np.int64(28448), np.int64(48676), np.int64(30175), np.int64(8364), np.int64(49436), np.int64(2036), np.int64(22932), np.int64(45057), np.int64(8204), np.int64(42796), np.int64(12340), np.int64(27263), np.int64(33023), np.int64(19732), np.int64(31935), np.int64(18358), np.int64(27478), np.int64(18060), np.int64(26321), np.int64(19345), np.int64(19324), np.int64(12435), np.int64(41959), np.int64(20103), np.int64(11121), np.int64(4993), np.int64(2638), np.int64(10116), np.int64(10713), np.int64(8521), np.int64(46395), np.int64(298), np.int64(6569))","(0, 0, 0, 0, 0, 0, 1, 0, 1, 0, 0, 0, 0, 0, 0, 0, 0, 1, 0, 0, 1, 0, 1, 0, 0, 1, 0, 0, 0, 0, 0, 1, 0, 0, 0, 0, 1, 0, 0, 0, 0, 0, 1, 0, 0, 0, 0, 0, 0, 0)"
2.238418,50,132.654348,0,"(np.int64(36777), np.int64(34055), np.int64(5876), np.int64(14798), np.int64(22958), np.int64(3487), np.int64(15930), np.int64(20062), np.int64(23735), np.int64(45178), np.int64(38714), np.int64(18817), np.int64(32041), np.int64(29142), np.int64(17885), np.int64(46276), np.int64(15410), np.int64(27181), np.int64(33332), np.int64(35846), np.int64(18622), np.int64(25596), np.int64(37842), np.int64(40547), np.int64(19982), np.int64(24871), np.int64(14603), np.int64(43047), np.int64(1095), np.int64(15221), np.int64(14947), np.int64(16335), np.int64(25255), np.int64(45086), np.int64(7049), np.int64(35504), np.int64(5620), np.int64(46582), np.int64(26729), np.int64(13087), np.int64(5406), np.int64(42985), np.int64(30189), np.int64(38626), np.int64(17538), np.int64(2125), np.int64(42243), np.int64(44386), np.int64(41798), np.int64(10380))","(0, 1, 0, 0, 0, 0, 0, 0, 0, 0, 0, 1, 0, 0, 0, 0, 0, 0, 0, 0, 0, 0, 0, 0, 0, 0, 0, 0, 0, 0, 0, 0, 0, 0, 1, 0, 0, 0, 0, 0, 0, 0, 0, 0, 0, 0, 0, 0, 0, 0)"
4.621936,50,133.105763,0,"(np.int64(19126), np.int64(42847), np.int64(28517), np.int64(17686), np.int64(45568), np.int64(7981), np.int64(8884), np.int64(15798), np.int64(28397), np.int64(44066), np.int64(32981), np.int64(8691), np.int64(49439), np.int64(49422), np.int64(14896), np.int64(11125), np.int64(13677), np.int64(25057), np.int64(41413), np.int64(46863), np.int64(41778), np.int64(23210), np.int64(5423), np.int64(30321), np.int64(37601), np.int64(3888), np.int64(36392), np.int64(11113), np.int64(4024), np.int64(42756), np.int64(31881), np.int64(45006), np.int64(47687), np.int64(40190), np.int64(4164), np.int64(3567), np.int64(38622), np.int64(28518), np.int64(42383), np.int64(4996), np.int64(28599), np.int64(36098), np.int64(27684), np.int64(12121), np.int64(39807), np.int64(49575), np.int64(43023), np.int64(23183), np.int64(8361), np.int64(20387))","(0, 0, 0, 0, 0, 0, 0, 0, 0, 0, 1, 0, 0, 0, 0, 0, 1, 0, 0, 0, 0, 0, 1, 0, 0, 0, 0, 0, 0, 0, 0, 0, 0, 0, 0, 0, 0, 1, 0, 1, 0, 0, 0, 1, 0, 0, 0, 0, 0, 0)"
3.045527,50,133.559623,0,"(np.int64(14946), np.int64(42677), np.int64(22861), np.int64(25743), np.int64(45933), np.int64(8557), np.int64(16590), np.int64(23866), np.int64(41398), np.int64(13267), np.int64(29392), np.int64(1754), np.int64(27689), np.int64(22583), np.int64(7242), np.int64(7852), np.int64(49241), np.int64(44818), np.int64(2875), np.int64(37300), np.int64(22635), np.int64(7789), np.int64(6920), np.int64(30739), np.int64(47510), np.int64(49147), np.int64(20859), np.int64(45656), np.int64(38409), np.int64(35641), np.int64(27590), np.int64(46122), np.int64(33061), np.int64(123), np.int64(14045), np.int64(17885), np.int64(5399), np.int64(44680), np.int64(49240), np.int64(6701), np.int64(17224), np.int64(7473), np.int64(29545), np.int64(24676), np.int64(18560), np.int64(23177), np.int64(30714), np.int64(46247), np.int64(46454), np.int64(15743))","(0, 0, 0, 0, 0, 0, 0, 0, 1, 0, 0, 0, 0, 0, 0, 0, 0, 0, 0, 0, 0, 0, 1, 0, 0, 0, 0, 0, 0, 0, 0, 0, 0, 0, 1, 0, 1, 0, 0, 0, 0, 0, 0, 0, 0, 0, 0, 0, 0, 0)"
6.184024,50,134.014366,0,"(np.int64(4403), np.int64(39998), np.int64(13382), np.int64(11864), np.int64(41871), np.int64(33383), np.int64(44050), np.int64(25173), np.int64(16007), np.int64(33282), np.int64(31878), np.int64(418), np.int64(4683), np.int64(18406), np.int64(35194), np.int64(36879), np.int64(22898), np.int64(10076), np.int64(41538), np.int64(26593), np.int64(12125), np.int64(2156), np.int64(31015), np.int64(42395), np.int64(19935), np.int64(16629), np.int64(28007), np.int64(22444), np.int64(12017), np.int64(559), np.int64(9738), np.int64(4990), np.int64(18684), np.int64(7236), np.int64(48145), np.int64(43071), np.int64(10973), np.int64(42762), np.int64(48586), np.int64(30982), np.int64(5836), np.int64(2037), np.int64(16230), np.int64(21737), np.int64(36553), np.int64(38187), np.int64(48688), np.int64(41917), np.int64(37879), np.int64(11776))","(0, 0, 0, 1, 0, 0, 1, 0, 1, 0, 0, 0, 0, 1, 0, 0, 0, 1, 0, 0, 1, 1, 0, 0, 0, 0, 0, 0, 0, 0, 0, 0, 0, 0, 0, 0, 0, 0, 0, 0, 1, 0, 0, 0, 0, 0, 0, 0, 0, 0)"
2.780855,50,134.466548,0,"(np.int64(10178), np.int64(49632), np.int64(15449), np.int64(35386), np.int64(2548), np.int64(696), np.int64(33540), np.int64(35624), np.int64(30217), np.int64(24552), np.int64(13744), np.int64(13923), np.int64(3270), np.int64(32765), np.int64(6521), np.int64(38143), np.int64(44476), np.int64(33365), np.int64(43396), np.int64(39763), np.int64(17209), np.int64(4741), np.int64(17898), np.int64(6070), np.int64(18969), np.int64(7992), np.int64(17087), np.int64(46957), np.int64(25951), np.int64(45210), np.int64(42158), np.int64(9243), np.int64(5908), np.int64(30464), np.int64(3513), np.int64(25954), np.int64(24775), np.int64(37866), np.int64(44505), np.int64(47771), np.int64(31192), np.int64(49858), np.int64(8255), np.int64(4350), np.int64(18262), np.int64(23175), np.int64(7378), np.int64(45294), np.int64(19957), np.int64(29237))","(1, 0, 0, 0, 0, 0, 0, 0, 0, 0, 0, 0, 0, 0, 1, 0, 0, 0, 0, 0, 0, 0, 0, 0, 0, 0, 0, 0, 0, 0, 0, 0, 0, 0, 0, 0, 0, 0, 0, 1, 0, 0, 0, 0, 0, 0, 0, 0, 1, 0)"
2.196511,50,134.918123,0,"(np.int64(11461), np.int64(4325), np.int64(44484), np.int64(15764), np.int64(17288), np.int64(18306), np.int64(35175), np.int64(39726), np.int64(37619), np.int64(14599), np.int64(16220), np.int64(15504), np.int64(30550), np.int64(34926), np.int64(7322), np.int64(982), np.int64(7335), np.int64(25511), np.int64(27505), np.int64(40853), np.int64(15586), np.int64(39858), np.int64(8672), np.int64(31195), np.int64(34415), np.int64(5592), np.int64(48649), np.int64(10840), np.int64(8198), np.int64(15042), np.int64(42565), np.int64(7276), np.int64(37988), np.int64(13102), np.int64(49545), np.int64(24777), np.int64(28171), np.int64(41120), np.int64(37357), np.int64(7569), np.int64(34786), np.int64(40160), np.int64(36404), np.int64(21723), np.int64(28534), np.int64(24695), np.int64(45595), np.int64(1780), np.int64(5472), np.int64(24465))","(0, 0, 0, 0, 0, 0, 1, 0, 0, 0, 0, 0, 0, 0, 0, 0, 0, 0, 0, 0, 0, 0, 0, 0, 0, 0, 0, 0, 0, 0, 0, 0, 0, 0, 0, 0, 0, 0, 0, 0, 0, 0, 0, 0, 1, 0, 0, 1, 0, 0)"
4.502871,50,135.370656,0,"(np.int64(22305), np.int64(45205), np.int64(49646), np.int64(48797), np.int64(39808), np.int64(17361), np.int64(42030), np.int64(31472), np.int64(48737), np.int64(36177), np.int64(35528), np.int64(3161), np.int64(24841), np.int64(32638), np.int64(25940), np.int64(42710), np.int64(17688), np.int64(44076), np.int64(8732), np.int64(48623), np.int64(18667), np.int64(9174), np.int64(35611), np.int64(20882), np.int64(23590), np.int64(44273), np.int64(49785), np.int64(43649), np.int64(21730), np.int64(40754), np.int64(44497), np.int64(40585), np.int64(27041), np.int64(11824), np.int64(24513), np.int64(7757), np.int64(12348), np.int64(23650), np.int64(38741), np.int64(13254), np.int64(22818), np.int64(26193), np.int64(24641), np.int64(28946), np.int64(7932), np.int64(8101), np.int64(46765), np.int64(13298), np.int64(20060), np.int64(1742))","(0, 0, 0, 1, 1, 0, 0, 0, 0, 0, 0, 0, 0, 0, 0, 0, 0, 0, 1, 0, 0, 0, 0, 0, 0, 0, 0, 0, 1, 0, 0, 0, 0, 1, 0, 0, 0, 0, 1, 0, 0, 0, 0, 0, 0, 0, 0, 0, 0, 0)"
1.63101,50,135.821813,0,"(np.int64(28186), np.int64(7127), np.int64(21911), np.int64(22203), np.int64(22205), np.int64(33899), np.int64(29878), np.int64(37271), np.int64(23003), np.int64(35001), np.int64(12761), np.int64(26268), np.int64(19653), np.int64(46069), np.int64(28054), np.int64(31742), np.int64(13295), np.int64(1230), np.int64(24386), np.int64(41944), np.int64(12061), np.int64(39785), np.int64(9125), np.int64(26020), np.int64(28427), np.int64(11361), np.int64(9574), np.int64(32681), np.int64(28608), np.int64(43783), np.int64(18384), np.int64(11918), np.int64(41210), np.int64(43166), np.int64(48825), np.int64(20678), np.int64(34873), np.int64(41081), np.int64(7708), np.int64(20154), np.int64(30622), np.int64(1669), np.int64(45057), np.int64(5533), np.int64(36152), np.int64(26582), np.int64(3136), np.int64(48369), np.int64(47239), np.int64(41911))","(0, 0, 0, 0, 0, 0, 0, 0, 0, 0, 0, 0, 0, 0, 0, 0, 0, 0, 0, 0, 0, 0, 0, 0, 0, 0, 0, 0, 0, 0, 0, 0, 0, 0, 0, 1, 0, 0, 0, 0, 0, 0, 0, 1, 0, 0, 0, 0, 0, 0)"
3.045642,50,136.274698,0,"(np.int64(24113), np.int64(39412), np.int64(6189), np.int64(5286), np.int64(9481), np.int64(3231), np.int64(27715), np.int64(16728), np.int64(34473), np.int64(41946), np.int64(2737), np.int64(43295), np.int64(33540), np.int64(6753), np.int64(41011), np.int64(15384), np.int64(34829), np.int64(22141), np.int64(21370), np.int64(16987), np.int64(7757), np.int64(17211), np.int64(26690), np.int64(27991), np.int64(3386), np.int64(11440), np.int64(4193), np.int64(30909), np.int64(4209), np.int64(24151), np.int64(15307), np.int64(29868), np.int64(33170), np.int64(46423), np.int64(6160), np.int64(26241), np.int64(45791), np.int64(19695), np.int64(25875), np.int64(41992), np.int64(19941), np.int64(33694), np.int64(43658), np.int64(18726), np.int64(31233), np.int64(8923), np.int64(45391), np.int64(10121), np.int64(43968), np.int64(30322))","(0, 0, 1, 0, 0, 0, 0, 0, 0, 0, 0, 0, 0, 1, 0, 0, 0, 0, 0, 0, 0, 0, 0, 0, 0, 0, 1, 0, 0, 0, 0, 0, 0, 0, 0, 1, 0, 0, 0, 0, 0, 0, 0, 0, 0, 0, 0, 0, 0, 0)"
5.975609,50,136.728188,0,"(np.int64(21420), np.int64(3532), np.int64(14660), np.int64(4424), np.int64(26684), np.int64(43986), np.int64(12554), np.int64(42812), np.int64(27396), np.int64(7710), np.int64(33844), np.int64(15369), np.int64(32950), np.int64(39060), np.int64(25719), np.int64(22670), np.int64(23358), np.int64(44907), np.int64(30798), np.int64(294), np.int64(15856), np.int64(41077), np.int64(42685), np.int64(35443), np.int64(20742), np.int64(566), np.int64(41000), np.int64(37745), np.int64(3786), np.int64(11839), np.int64(17274), np.int64(48268), np.int64(2711), np.int64(44465), np.int64(31068), np.int64(5473), np.int64(48783), np.int64(35537), np.int64(25830), np.int64(16090), np.int64(38828), np.int64(30819), np.int64(25634), np.int64(39739), np.int64(23593), np.int64(5489), np.int64(2281), np.int64(30751), np.int64(23055), np.int64(38730))","(1, 0, 0, 0, 1, 0, 0, 0, 1, 1, 0, 0, 0, 0, 0, 0, 1, 0, 0, 0, 0, 0, 0, 0, 0, 1, 0, 0, 0, 0, 0, 0, 1, 0, 0, 0, 0, 0, 0, 1, 0, 0, 0, 0, 0, 0, 0, 0, 0, 0)"
2.334459,50,137.179728,0,"(np.int64(12850), np.int64(22491), np.int64(4628), np.int64(15713), np.int64(41170), np.int64(44997), np.int64(38076), np.int64(5819), np.int64(22084), np.int64(12286), np.int64(11838), np.int64(46968), np.int64(22922), np.int64(28646), np.int64(46457), np.int64(31933), np.int64(20417), np.int64(7603), np.int64(19763), np.int64(5641), np.int64(2935), np.int64(38141), np.int64(9119), np.int64(14204), np.int64(24693), np.int64(29423), np.int64(10948), np.int64(48860), np.int64(8892), np.int64(17503), np.int64(1917), np.int64(24851), np.int64(18924), np.int64(29296), np.int64(49961), np.int64(46816), np.int64(12816), np.int64(13909), np.int64(13388), np.int64(35509), np.int64(11994), np.int64(3252), np.int64(19577), np.int64(13739), np.int64(33269), np.int64(49715), np.int64(48874), np.int64(36957), np.int64(4969), np.int64(3885))","(0, 0, 0, 0, 0, 0, 0, 0, 0, 0, 0, 0, 0, 0, 0, 0, 0, 0, 0, 0, 0, 0, 0, 1, 1, 0, 0, 0, 0, 1, 0, 0, 0, 0, 0, 0, 0, 0, 0, 0, 0, 0, 0, 0, 0, 0, 0, 0, 0, 0)"
3.741818,50,137.632531,0,"(np.int64(22555), np.int64(532), np.int64(12752), np.int64(43431), np.int64(27219), np.int64(22902), np.int64(237), np.int64(20635), np.int64(21054), np.int64(9618), np.int64(7213), np.int64(21327), np.int64(13902), np.int64(20145), np.int64(1801), np.int64(31844), np.int64(13740), np.int64(39695), np.int64(34024), np.int64(32214), np.int64(44206), np.int64(36634), np.int64(2903), np.int64(36282), np.int64(21873), np.int64(28896), np.int64(46228), np.int64(25132), np.int64(6016), np.int64(11422), np.int64(13097), np.int64(5336), np.int64(11683), np.int64(24638), np.int64(28038), np.int64(9303), np.int64(27974), np.int64(18247), np.int64(1516), np.int64(35626), np.int64(13942), np.int64(7265), np.int64(1354), np.int64(28808), np.int64(11324), np.int64(24574), np.int64(24994), np.int64(19393), np.int64(47252), np.int64(4517))","(0, 0, 0, 0, 1, 0, 0, 0, 0, 0, 0, 0, 0, 0, 0, 0, 0, 0, 0, 0, 0, 0, 0, 0, 0, 0, 0, 0, 0, 1, 1, 0, 0, 0, 0, 1, 0, 0, 0, 0, 0, 0, 0, 0, 0, 0, 1, 0, 0, 0)"
2.387761,50,138.083722,0,"(np.int64(480), np.int64(44446), np.int64(19151), np.int64(16623), np.int64(37443), np.int64(2531), np.int64(4615), np.int64(8156), np.int64(21453), np.int64(36295), np.int64(45223), np.int64(27462), np.int64(33073), np.int64(26114), np.int64(5768), np.int64(23684), np.int64(47246), np.int64(6236), np.int64(18368), np.int64(11366), np.int64(21355), np.int64(41962), np.int64(9940), np.int64(39955), np.int64(28978), np.int64(21082), np.int64(23040), np.int64(30877), np.int64(43636), np.int64(40136), np.int64(15532), np.int64(17959), np.int64(22353), np.int64(14600), np.int64(20221), np.int64(22548), np.int64(17331), np.int64(20998), np.int64(49167), np.int64(27107), np.int64(49202), np.int64(23798), np.int64(47106), np.int64(47890), np.int64(17434), np.int64(23236), np.int64(32507), np.int64(3738), np.int64(17150), np.int64(9196))","(0, 0, 1, 0, 0, 0, 1, 0, 0, 0, 0, 0, 0, 0, 0, 0, 0, 0, 0, 0, 0, 0, 0, 0, 0, 1, 0, 0, 0, 0, 0, 0, 0, 0, 0, 0, 0, 0, 0, 0, 0, 0, 0, 0, 0, 0, 0, 0, 0, 0)"
3.013805,50,143.808628,0,"(np.int64(6922), np.int64(2472), np.int64(27489), np.int64(11582), np.int64(8393), np.int64(42815), np.int64(12772), np.int64(765), np.int64(38556), np.int64(25002), np.int64(24629), np.int64(45729), np.int64(22751), np.int64(48025), np.int64(38899), np.int64(33303), np.int64(42436), np.int64(23767), np.int64(37885), np.int64(7047), np.int64(21373), np.int64(23687), np.int64(46973), np.int64(319), np.int64(19410), np.int64(22021), np.int64(47404), np.int64(40487), np.int64(10333), np.int64(18931), np.int64(49129), np.int64(39820), np.int64(38881), np.int64(23809), np.int64(13550), np.int64(33322), np.int64(13047), np.int64(9190), np.int64(14513), np.int64(29362), np.int64(43820), np.int64(18211), np.int64(17699), np.int64(20143), np.int64(606), np.int64(39503), np.int64(46779), np.int64(10271), np.int64(20325), np.int64(6736))","(0, 0, 0, 1, 0, 0, 1, 0, 0, 0, 0, 0, 0, 0, 0, 0, 0, 0, 0, 0, 0, 0, 0, 0, 0, 1, 0, 0, 0, 0, 0, 0, 0, 0, 0, 0, 1, 0, 0, 0, 0, 0, 0, 0, 0, 0, 0, 0, 0, 0)"
2.973014,50,144.265992,0,"(np.int64(30078), np.int64(41518), np.int64(42764), np.int64(28473), np.int64(34086), np.int64(36692), np.int64(44623), np.int64(7528), np.int64(16278), np.int64(42821), np.int64(41673), np.int64(35024), np.int64(36980), np.int64(26768), np.int64(33184), np.int64(44621), np.int64(15303), np.int64(32833), np.int64(28568), np.int64(22625), np.int64(1707), np.int64(42840), np.int64(6256), np.int64(44645), np.int64(21278), np.int64(2371), np.int64(2541), np.int64(5965), np.int64(8595), np.int64(5849), np.int64(1779), np.int64(33329), np.int64(10042), np.int64(29220), np.int64(18180), np.int64(42165), np.int64(21647), np.int64(32249), np.int64(9675), np.int64(25797), np.int64(24039), np.int64(20702), np.int64(3161), np.int64(5412), np.int64(9659), np.int64(30478), np.int64(34759), np.int64(31105), np.int64(41685), np.int64(13997))","(0, 0, 0, 0, 0, 0, 0, 0, 0, 0, 0, 0, 0, 0, 0, 0, 0, 0, 0, 0, 0, 0, 0, 0, 0, 0, 0, 0, 0, 0, 0, 0, 0, 0, 0, 1, 0, 0, 0, 0, 0, 1, 0, 0, 1, 0, 1, 0, 0, 0)"
2.29729,50,144.718746,0,"(np.int64(11362), np.int64(23012), np.int64(42591), np.int64(45719), np.int64(1556), np.int64(22972), np.int64(8015), np.int64(31273), np.int64(26447), np.int64(27368), np.int64(47856), np.int64(40351), np.int64(17328), np.int64(12201), np.int64(5638), np.int64(24140), np.int64(48408), np.int64(26042), np.int64(2227), np.int64(32310), np.int64(29500), np.int64(46285), np.int64(23661), np.int64(28047), np.int64(40222), np.int64(12419), np.int64(29246), np.int64(27990), np.int64(34863), np.int64(8251), np.int64(18514), np.int64(27695), np.int64(49803), np.int64(19311), np.int64(47747), np.int64(42169), np.int64(40288), np.int64(22647), np.int64(50002), np.int64(29223), np.int64(44519), np.int64(31112), np.int64(40105), np.int64(32403), np.int64(26771), np.int64(42190), np.int64(26276), np.int64(21047), np.int64(44880), np.int64(36107))","(0, 0, 0, 0, 0, 0, 0, 1, 0, 0, 0, 0, 0, 1, 0, 0, 0, 0, 0, 0, 0, 0, 0, 0, 0, 0, 0, 0, 0, 0, 1, 0, 0, 0, 0, 0, 0, 0, 0, 0, 0, 0, 0, 0, 0, 0, 0, 0, 0, 0)"
4.025628,50,145.171619,0,"(np.int64(6624), np.int64(49864), np.int64(35149), np.int64(12648), np.int64(6897), np.int64(11821), np.int64(2329), np.int64(22841), np.int64(29859), np.int64(29933), np.int64(83), np.int64(5656), np.int64(21906), np.int64(10711), np.int64(27643), np.int64(48153), np.int64(27507), np.int64(44109), np.int64(17645), np.int64(43770), np.int64(20450), np.int64(45504), np.int64(32554), np.int64(3379), np.int64(22033), np.int64(17481), np.int64(2963), np.int64(11402), np.int64(11303), np.int64(11734), np.int64(17840), np.int64(6030), np.int64(1126), np.int64(40102), np.int64(46060), np.int64(6441), np.int64(8311), np.int64(11371), np.int64(15257), np.int64(17388), np.int64(27068), np.int64(24519), np.int64(18623), np.int64(20710), np.int64(31404), np.int64(22890), np.int64(41274), np.int64(41411), np.int64(1010), np.int64(26244))","(0, 0, 0, 1, 0, 0, 0, 0, 0, 0, 1, 0, 0, 0, 0, 0, 0, 0, 0, 0, 0, 0, 0, 0, 0, 0, 0, 0, 0, 0, 0, 0, 0, 0, 0, 0, 0, 0, 0, 0, 0, 0, 0, 1, 0, 0, 0, 0, 1, 1)"
6.089917,50,145.622859,0,"(np.int64(14581), np.int64(36644), np.int64(5513), np.int64(17584), np.int64(4436), np.int64(11761), np.int64(6437), np.int64(33370), np.int64(2279), np.int64(14621), np.int64(2759), np.int64(15699), np.int64(952), np.int64(48169), np.int64(18469), np.int64(20737), np.int64(30793), np.int64(2249), np.int64(36580), np.int64(42006), np.int64(2071), np.int64(9384), np.int64(14834), np.int64(34769), np.int64(4672), np.int64(11025), np.int64(9428), np.int64(43526), np.int64(22605), np.int64(44522), np.int64(11549), np.int64(16299), np.int64(45630), np.int64(8360), np.int64(39186), np.int64(12101), np.int64(44861), np.int64(4508), np.int64(16969), np.int64(20563), np.int64(31106), np.int64(12276), np.int64(10770), np.int64(4735), np.int64(17874), np.int64(20675), np.int64(45904), np.int64(13098), np.int64(6822), np.int64(11721))","(0, 0, 0, 0, 1, 0, 0, 0, 1, 0, 0, 0, 0, 0, 0, 0, 0, 0, 0, 0, 0, 1, 0, 0, 1, 0, 1, 0, 0, 0, 0, 0, 0, 0, 0, 0, 0, 0, 1, 0, 0, 1, 0, 0, 0, 0, 1, 0, 0, 0)"
5.235257,50,146.189369,0,"(np.int64(49302), np.int64(32963), np.int64(34179), np.int64(35004), np.int64(32319), np.int64(37266), np.int64(2468), np.int64(20353), np.int64(45063), np.int64(31624), np.int64(24389), np.int64(41144), np.int64(29974), np.int64(44677), np.int64(33873), np.int64(31824), np.int64(8545), np.int64(25729), np.int64(47887), np.int64(33736), np.int64(18233), np.int64(7089), np.int64(47267), np.int64(18394), np.int64(26232), np.int64(2702), np.int64(10724), np.int64(2239), np.int64(17734), np.int64(382), np.int64(38579), np.int64(15326), np.int64(47782), np.int64(9826), np.int64(18310), np.int64(48835), np.int64(15598), np.int64(138), np.int64(22406), np.int64(11865), np.int64(16717), np.int64(30130), np.int64(30381), np.int64(20979), np.int64(28341), np.int64(19496), np.int64(23882), np.int64(4559), np.int64(25961), np.int64(36936))","(0, 0, 0, 0, 0, 0, 1, 0, 0, 1, 0, 0, 0, 0, 0, 0, 1, 0, 0, 0, 1, 0, 0, 0, 0, 0, 1, 0, 0, 0, 0, 0, 0, 0, 0, 0, 0, 1, 0, 0, 0, 0, 0, 1, 0, 0, 0, 0, 0, 0)"
0.806004,50,146.688128,0,"(np.int64(37775), np.int64(6720), np.int64(1075), np.int64(10903), np.int64(18844), np.int64(35862), np.int64(45087), np.int64(29460), np.int64(9032), np.int64(1833), np.int64(34724), np.int64(18552), np.int64(43504), np.int64(36436), np.int64(40018), np.int64(30214), np.int64(34757), np.int64(49145), np.int64(10169), np.int64(9335), np.int64(36511), np.int64(4811), np.int64(9592), np.int64(1883), np.int64(31114), np.int64(36959), np.int64(36719), np.int64(29481), np.int64(25496), np.int64(3091), np.int64(17237), np.int64(42934), np.int64(2773), np.int64(7982), np.int64(23765), np.int64(45558), np.int64(6687), np.int64(38161), np.int64(36731), np.int64(44671), np.int64(11063), np.int64(49830), np.int64(20725), np.int64(19210), np.int64(20446), np.int64(27353), np.int64(30274), np.int64(38073), np.int64(13820), np.int64(29769))","(0, 1, 0, 0, 0, 0, 0, 0, 0, 0, 0, 0, 0, 0, 0, 0, 0, 0, 0, 0, 0, 0, 0, 0, 0, 0, 0, 0, 0, 0, 0, 0, 0, 0, 0, 0, 0, 0, 0, 0, 0, 0, 0, 0, 0, 0, 0, 0, 0, 0)"
3.97055,50,147.146366,0,"(np.int64(31577), np.int64(3976), np.int64(26336), np.int64(42198), np.int64(49610), np.int64(13513), np.int64(11482), np.int64(41438), np.int64(47091), np.int64(18291), np.int64(5079), np.int64(4661), np.int64(49584), np.int64(14324), np.int64(27783), np.int64(5330), np.int64(31249), np.int64(3260), np.int64(39642), np.int64(17876), np.int64(4274), np.int64(35431), np.int64(16306), np.int64(22817), np.int64(26393), np.int64(826), np.int64(7781), np.int64(1277), np.int64(44033), np.int64(49997), np.int64(6092), np.int64(9298), np.int64(12021), np.int64(6311), np.int64(3540), np.int64(44812), np.int64(7127), np.int64(41592), np.int64(22403), np.int64(19447), np.int64(26849), np.int64(2834), np.int64(12479), np.int64(551), np.int64(17278), np.int64(9989), np.int64(20733), np.int64(3183), np.int64(24706), np.int64(38006))","(0, 0, 0, 0, 0, 0, 1, 0, 0, 0, 0, 1, 0, 0, 0, 1, 0, 0, 0, 0, 0, 0, 0, 0, 0, 0, 0, 0, 0, 0, 0, 0, 0, 0, 1, 0, 0, 0, 0, 0, 0, 0, 0, 0, 0, 0, 0, 1, 0, 0)"
1.405505,50,147.599797,0,"(np.int64(36999), np.int64(29490), np.int64(36043), np.int64(38248), np.int64(18500), np.int64(18041), np.int64(33213), np.int64(30531), np.int64(43202), np.int64(42959), np.int64(7280), np.int64(19003), np.int64(9618), np.int64(21197), np.int64(27475), np.int64(38128), np.int64(42327), np.int64(11885), np.int64(28371), np.int64(39492), np.int64(48946), np.int64(36693), np.int64(44582), np.int64(36860), np.int64(11317), np.int64(49286), np.int64(47245), np.int64(4770), np.int64(45455), np.int64(35351), np.int64(2656), np.int64(29804), np.int64(26912), np.int64(23341), np.int64(10785), np.int64(32269), np.int64(706), np.int64(17194), np.int64(40344), np.int64(29550), np.int64(22367), np.int64(42458), np.int64(39655), np.int64(43269), np.int64(42409), np.int64(27715), np.int64(5783), np.int64(4603), np.int64(38244), np.int64(47475))","(0, 1, 0, 0, 0, 0, 0, 0, 0, 0, 0, 0, 0, 0, 0, 0, 0, 0, 0, 0, 0, 0, 0, 0, 0, 0, 0, 0, 0, 0, 0, 0, 0, 0, 1, 0, 0, 0, 0, 0, 0, 0, 0, 0, 0, 0, 0, 0, 0, 0)"
3.044592,50,148.05473,0,"(np.int64(43413), np.int64(18573), np.int64(25262), np.int64(40118), np.int64(10950), np.int64(24778), np.int64(48854), np.int64(12572), np.int64(34024), np.int64(36091), np.int64(11888), np.int64(22301), np.int64(13433), np.int64(8417), np.int64(46866), np.int64(8111), np.int64(44295), np.int64(7914), np.int64(15357), np.int64(24493), np.int64(25984), np.int64(1245), np.int64(32624), np.int64(1438), np.int64(25934), np.int64(2551), np.int64(28313), np.int64(339), np.int64(28656), np.int64(7398), np.int64(48059), np.int64(15054), np.int64(42264), np.int64(5328), np.int64(526), np.int64(22390), np.int64(26086), np.int64(13543), np.int64(1016), np.int64(22909), np.int64(5733), np.int64(1762), np.int64(37433), np.int64(16658), np.int64(415), np.int64(48083), np.int64(17327), np.int64(41785), np.int64(29188), np.int64(5026))","(0, 0, 0, 0, 0, 0, 0, 0, 0, 0, 0, 0, 0, 0, 0, 0, 0, 0, 0, 0, 0, 1, 0, 0, 0, 0, 0, 1, 0, 0, 0, 0, 1, 0, 0, 0, 1, 0, 0, 0, 0, 0, 0, 0, 0, 0, 0, 0, 0, 0)"
5.15169,50,148.505297,0,"(np.int64(42743), np.int64(10031), np.int64(25852), np.int64(5627), np.int64(48550), np.int64(18484), np.int64(20025), np.int64(15118), np.int64(39986), np.int64(5160), np.int64(48159), np.int64(43124), np.int64(3175), np.int64(47347), np.int64(46350), np.int64(43848), np.int64(42101), np.int64(29932), np.int64(43814), np.int64(34674), np.int64(39343), np.int64(14849), np.int64(41625), np.int64(24670), np.int64(40213), np.int64(24865), np.int64(149), np.int64(2133), np.int64(25532), np.int64(44881), np.int64(26794), np.int64(8396), np.int64(40139), np.int64(22965), np.int64(1391), np.int64(34491), np.int64(29794), np.int64(12437), np.int64(20289), np.int64(12966), np.int64(32115), np.int64(12533), np.int64(6368), np.int64(27001), np.int64(15117), np.int64(6896), np.int64(30745), np.int64(21739), np.int64(23959), np.int64(28429))","(0, 0, 0, 1, 0, 0, 0, 0, 0, 0, 0, 0, 0, 0, 1, 0, 0, 0, 0, 0, 0, 0, 0, 0, 0, 0, 0, 0, 0, 0, 0, 1, 0, 0, 1, 0, 0, 0, 0, 1, 0, 0, 1, 0, 1, 0, 0, 0, 0, 0)"
4.524928,50,148.957293,0,"(np.int64(34731), np.int64(37681), np.int64(3848), np.int64(14604), np.int64(29818), np.int64(6367), np.int64(19036), np.int64(486), np.int64(8465), np.int64(34960), np.int64(18017), np.int64(12977), np.int64(29403), np.int64(21577), np.int64(13669), np.int64(41552), np.int64(44854), np.int64(48445), np.int64(13897), np.int64(5520), np.int64(31612), np.int64(14461), np.int64(40950), np.int64(21275), np.int64(48379), np.int64(8681), np.int64(2289), np.int64(19643), np.int64(12602), np.int64(1154), np.int64(7089), np.int64(35591), np.int64(21329), np.int64(1112), np.int64(27979), np.int64(36750), np.int64(23035), np.int64(27811), np.int64(6363), np.int64(13364), np.int64(17515), np.int64(41234), np.int64(27683), np.int64(19378), np.int64(26370), np.int64(1262), np.int64(20974), np.int64(26556), np.int64(40826), np.int64(27766))","(0, 0, 0, 0, 0, 0, 0, 1, 0, 0, 0, 0, 0, 0, 0, 0, 0, 0, 0, 0, 0, 0, 0, 0, 0, 0, 1, 0, 0, 0, 0, 0, 0, 0, 1, 0, 0, 0, 1, 0, 0, 0, 0, 0, 1, 0, 0, 0, 0, 1)"
3.840886,50,149.411291,0,"(np.int64(3674), np.int64(26000), np.int64(599), np.int64(46472), np.int64(37694), np.int64(17988), np.int64(28981), np.int64(37278), np.int64(23799), np.int64(41088), np.int64(49667), np.int64(26184), np.int64(44494), np.int64(1748), np.int64(4759), np.int64(12300), np.int64(48613), np.int64(42461), np.int64(2113), np.int64(22762), np.int64(39775), np.int64(11032), np.int64(18028), np.int64(30560), np.int64(17114), np.int64(11725), np.int64(46852), np.int64(1083), np.int64(15824), np.int64(42509), np.int64(30083), np.int64(38990), np.int64(257), np.int64(48512), np.int64(47952), np.int64(34250), np.int64(43170), np.int64(25904), np.int64(27639), np.int64(35092), np.int64(16937), np.int64(29126), np.int64(11335), np.int64(7192), np.int64(39624), np.int64(47874), np.int64(41080), np.int64(16559), np.int64(22937), np.int64(19870))","(0, 0, 0, 0, 0, 0, 0, 0, 0, 0, 0, 0, 0, 0, 0, 0, 0, 0, 1, 0, 0, 1, 0, 0, 0, 0, 0, 1, 0, 0, 0, 0, 0, 0, 0, 1, 0, 0, 0, 0, 1, 0, 0, 0, 0, 0, 0, 0, 0, 0)"
1.612845,50,149.863179,0,"(np.int64(19917), np.int64(12055), np.int64(25853), np.int64(18797), np.int64(2268), np.int64(3489), np.int64(23429), np.int64(21564), np.int64(6050), np.int64(48455), np.int64(2063), np.int64(35198), np.int64(47457), np.int64(22317), np.int64(6355), np.int64(22050), np.int64(39791), np.int64(21291), np.int64(7305), np.int64(19329), np.int64(18517), np.int64(33292), np.int64(24693), np.int64(3070), np.int64(36307), np.int64(22879), np.int64(28652), np.int64(20586), np.int64(14477), np.int64(3285), np.int64(10442), np.int64(30714), np.int64(34228), np.int64(43529), np.int64(47438), np.int64(20806), np.int64(37040), np.int64(3925), np.int64(14898), np.int64(2490), np.int64(20855), np.int64(10415), np.int64(30211), np.int64(42807), np.int64(8510), np.int64(1510), np.int64(12043), np.int64(3986), np.int64(972), np.int64(39905))","(0, 0, 0, 0, 0, 0, 0, 0, 0, 0, 0, 0, 0, 0, 0, 0, 0, 0, 0, 1, 0, 0, 1, 0, 0, 0, 0, 0, 0, 0, 0, 0, 0, 0, 0, 0, 0, 0, 0, 0, 0, 0, 0, 0, 0, 0, 0, 0, 0, 0)"
5.349634,50,150.315773,0,"(np.int64(3654), np.int64(9938), np.int64(3105), np.int64(49069), np.int64(46282), np.int64(39886), np.int64(22087), np.int64(9993), np.int64(11403), np.int64(766), np.int64(24606), np.int64(4011), np.int64(32856), np.int64(25294), np.int64(8184), np.int64(25064), np.int64(41405), np.int64(46461), np.int64(38835), np.int64(36709), np.int64(5566), np.int64(11923), np.int64(28833), np.int64(16988), np.int64(37253), np.int64(40806), np.int64(29810), np.int64(1044), np.int64(45812), np.int64(8971), np.int64(44266), np.int64(38293), np.int64(18633), np.int64(28187), np.int64(43165), np.int64(11207), np.int64(15380), np.int64(23465), np.int64(2206), np.int64(21654), np.int64(47061), np.int64(29295), np.int64(18619), np.int64(14668), np.int64(44255), np.int64(3658), np.int64(23046), np.int64(49150), np.int64(28405), np.int64(701))","(0, 0, 0, 0, 1, 0, 0, 1, 0, 0, 0, 1, 0, 0, 0, 0, 0, 0, 0, 0, 0, 0, 0, 1, 0, 0, 0, 0, 1, 0, 0, 0, 0, 0, 0, 0, 1, 0, 0, 0, 0, 0, 0, 0, 0, 1, 0, 0, 0, 0)"
3.051178,50,150.769584,0,"(np.int64(46361), np.int64(30511), np.int64(43356), np.int64(48004), np.int64(49113), np.int64(7341), np.int64(12853), np.int64(8547), np.int64(4381), np.int64(4977), np.int64(32235), np.int64(36895), np.int64(25649), np.int64(17184), np.int64(24101), np.int64(12865), np.int64(42671), np.int64(47111), np.int64(30835), np.int64(30377), np.int64(15482), np.int64(28132), np.int64(23052), np.int64(25102), np.int64(41709), np.int64(41131), np.int64(38180), np.int64(10942), np.int64(3947), np.int64(30825), np.int64(45685), np.int64(14401), np.int64(13877), np.int64(25036), np.int64(28146), np.int64(26884), np.int64(48121), np.int64(22433), np.int64(28892), np.int64(20976), np.int64(20154), np.int64(11949), np.int64(33035), np.int64(31837), np.int64(10409), np.int64(30978), np.int64(43797), np.int64(11758), np.int64(23647), np.int64(2467))","(0, 0, 0, 0, 0, 0, 0, 0, 0, 0, 0, 1, 0, 0, 1, 0, 0, 0, 0, 0, 0, 0, 0, 0, 0, 0, 0, 0, 0, 0, 0, 1, 0, 0, 0, 0, 0, 0, 0, 0, 0, 0, 0, 0, 1, 0, 0, 0, 0, 0)"
3.892824,50,151.221118,0,"(np.int64(27949), np.int64(9040), np.int64(37154), np.int64(36488), np.int64(5985), np.int64(41449), np.int64(21400), np.int64(512), np.int64(10567), np.int64(8075), np.int64(27775), np.int64(28204), np.int64(12712), np.int64(17546), np.int64(13403), np.int64(5836), np.int64(16062), np.int64(15278), np.int64(17891), np.int64(12429), np.int64(44624), np.int64(44140), np.int64(15745), np.int64(38276), np.int64(7786), np.int64(1639), np.int64(3370), np.int64(2056), np.int64(35958), np.int64(33553), np.int64(8697), np.int64(17132), np.int64(1212), np.int64(48298), np.int64(10692), np.int64(33696), np.int64(49338), np.int64(18358), np.int64(20713), np.int64(20101), np.int64(47508), np.int64(7678), np.int64(34922), np.int64(19129), np.int64(34027), np.int64(10509), np.int64(6063), np.int64(41481), np.int64(7681), np.int64(11555))","(0, 0, 0, 0, 0, 0, 0, 0, 0, 0, 0, 0, 0, 0, 0, 1, 1, 0, 0, 0, 0, 0, 0, 1, 0, 0, 0, 0, 0, 0, 1, 0, 0, 0, 0, 0, 0, 0, 0, 0, 0, 1, 0, 0, 0, 0, 0, 0, 0, 0)"
2.920455,50,151.673608,0,"(np.int64(25595), np.int64(3535), np.int64(8069), np.int64(33616), np.int64(24554), np.int64(43124), np.int64(11757), np.int64(29984), np.int64(34632), np.int64(19836), np.int64(49701), np.int64(29205), np.int64(14721), np.int64(10704), np.int64(48053), np.int64(7429), np.int64(28251), np.int64(28459), np.int64(15570), np.int64(24773), np.int64(6597), np.int64(11204), np.int64(15069), np.int64(13121), np.int64(31490), np.int64(25723), np.int64(32876), np.int64(30694), np.int64(22458), np.int64(21249), np.int64(19181), np.int64(26799), np.int64(22281), np.int64(28218), np.int64(8893), np.int64(43898), np.int64(7465), np.int64(2372), np.int64(148), np.int64(41881), np.int64(46562), np.int64(48937), np.int64(28449), np.int64(10221), np.int64(26807), np.int64(24620), np.int64(9950), np.int64(28499), np.int64(1148), np.int64(13800))","(0, 0, 0, 0, 0, 0, 0, 0, 0, 0, 0, 0, 0, 0, 1, 1, 0, 0, 0, 0, 0, 0, 0, 0, 1, 0, 0, 0, 0, 0, 0, 0, 0, 0, 0, 0, 0, 0, 0, 0, 0, 0, 0, 0, 0, 0, 0, 0, 1, 0)"
2.386111,50,152.125187,0,"(np.int64(27444), np.int64(6783), np.int64(46647), np.int64(38658), np.int64(44957), np.int64(6527), np.int64(44552), np.int64(37538), np.int64(38015), np.int64(25132), np.int64(19992), np.int64(25367), np.int64(28148), np.int64(19333), np.int64(36958), np.int64(21289), np.int64(20774), np.int64(28588), np.int64(3241), np.int64(4783), np.int64(23589), np.int64(13704), np.int64(15972), np.int64(11266), np.int64(9637), np.int64(6341), np.int64(4080), np.int64(40818), np.int64(49417), np.int64(22084), np.int64(24091), np.int64(41687), np.int64(30889), np.int64(31697), np.int64(7601), np.int64(8436), np.int64(42031), np.int64(45464), np.int64(31384), np.int64(3046), np.int64(4047), np.int64(7109), np.int64(19755), np.int64(23326), np.int64(24415), np.int64(43845), np.int64(29567), np.int64(4727), np.int64(22495), np.int64(48185))","(0, 0, 0, 0, 0, 0, 0, 0, 0, 0, 0, 0, 0, 0, 0, 0, 0, 0, 0, 0, 1, 0, 0, 0, 1, 0, 0, 0, 0, 0, 0, 0, 0, 0, 0, 0, 0, 0, 0, 0, 0, 0, 0, 0, 0, 0, 0, 1, 0, 0)"
3.795561,50,152.57531,0,"(np.int64(25842), np.int64(28903), np.int64(49404), np.int64(9848), np.int64(39461), np.int64(17337), np.int64(19485), np.int64(48617), np.int64(17568), np.int64(5255), np.int64(12856), np.int64(32902), np.int64(6208), np.int64(25102), np.int64(5912), np.int64(38642), np.int64(14726), np.int64(29632), np.int64(32803), np.int64(6800), np.int64(2733), np.int64(25058), np.int64(40261), np.int64(27050), np.int64(21011), np.int64(6332), np.int64(3439), np.int64(7042), np.int64(5503), np.int64(47448), np.int64(43629), np.int64(36326), np.int64(40445), np.int64(13562), np.int64(14349), np.int64(39700), np.int64(10400), np.int64(10655), np.int64(29525), np.int64(8141), np.int64(32270), np.int64(30279), np.int64(40366), np.int64(37058), np.int64(22933), np.int64(19782), np.int64(32359), np.int64(38517), np.int64(5903), np.int64(41729))","(0, 0, 0, 0, 0, 0, 0, 0, 0, 0, 1, 0, 0, 0, 1, 0, 1, 0, 0, 0, 0, 0, 0, 0, 0, 0, 1, 0, 0, 0, 0, 0, 0, 0, 0, 0, 0, 0, 0, 0, 0, 0, 0, 0, 0, 0, 0, 1, 0, 0)"
3.800871,50,153.02775,0,"(np.int64(21187), np.int64(23504), np.int64(26286), np.int64(44865), np.int64(48345), np.int64(28619), np.int64(6828), np.int64(36190), np.int64(11439), np.int64(34383), np.int64(38353), np.int64(11727), np.int64(38113), np.int64(5074), np.int64(17330), np.int64(18715), np.int64(1488), np.int64(9256), np.int64(4556), np.int64(29048), np.int64(7523), np.int64(686), np.int64(43760), np.int64(5570), np.int64(18752), np.int64(31711), np.int64(2466), np.int64(10371), np.int64(40417), np.int64(4536), np.int64(35362), np.int64(46864), np.int64(22123), np.int64(43307), np.int64(10669), np.int64(39361), np.int64(45470), np.int64(16954), np.int64(18334), np.int64(48810), np.int64(5568), np.int64(45354), np.int64(965), np.int64(3815), np.int64(40237), np.int64(19234), np.int64(8986), np.int64(48832), np.int64(48161), np.int64(21888))","(0, 1, 0, 0, 0, 0, 0, 0, 0, 0, 0, 0, 0, 0, 0, 0, 0, 0, 1, 0, 0, 0, 0, 0, 0, 0, 0, 0, 0, 0, 0, 0, 0, 0, 0, 0, 0, 0, 1, 1, 0, 0, 0, 0, 0, 0, 0, 0, 1, 0)"
3.019949,50,153.479607,0,"(np.int64(26263), np.int64(23798), np.int64(34315), np.int64(49228), np.int64(6950), np.int64(42592), np.int64(42434), np.int64(44907), np.int64(14328), np.int64(43516), np.int64(3334), np.int64(8878), np.int64(35724), np.int64(11441), np.int64(35031), np.int64(31410), np.int64(29175), np.int64(637), np.int64(6137), np.int64(8879), np.int64(533), np.int64(46176), np.int64(21637), np.int64(49740), np.int64(49163), np.int64(25301), np.int64(20613), np.int64(11431), np.int64(29166), np.int64(1125), np.int64(2122), np.int64(43826), np.int64(27244), np.int64(6892), np.int64(31797), np.int64(11135), np.int64(45576), np.int64(31147), np.int64(29179), np.int64(34184), np.int64(11961), np.int64(21502), np.int64(24598), np.int64(19935), np.int64(258), np.int64(28100), np.int64(11280), np.int64(18396), np.int64(43009), np.int64(33893))","(0, 0, 0, 0, 1, 0, 0, 0, 0, 0, 0, 0, 0, 1, 0, 0, 0, 0, 0, 0, 0, 0, 0, 0, 0, 0, 0, 1, 0, 0, 0, 0, 0, 0, 0, 0, 0, 0, 1, 0, 0, 0, 0, 0, 0, 0, 0, 0, 0, 0)"
5.35303,50,153.929612,0,"(np.int64(42628), np.int64(1046), np.int64(14639), np.int64(39058), np.int64(12685), np.int64(29260), np.int64(33271), np.int64(3040), np.int64(21358), np.int64(5172), np.int64(14518), np.int64(9865), np.int64(7022), np.int64(10963), np.int64(17661), np.int64(6937), np.int64(19818), np.int64(10552), np.int64(48166), np.int64(15881), np.int64(11271), np.int64(26369), np.int64(46064), np.int64(38524), np.int64(12206), np.int64(15761), np.int64(11864), np.int64(2498), np.int64(48706), np.int64(7558), np.int64(5922), np.int64(10985), np.int64(12964), np.int64(32507), np.int64(18441), np.int64(16364), np.int64(24870), np.int64(2873), np.int64(45369), np.int64(28204), np.int64(46482), np.int64(32599), np.int64(42650), np.int64(25447), np.int64(44199), np.int64(3509), np.int64(42562), np.int64(8546), np.int64(39711), np.int64(33061))","(0, 0, 1, 0, 1, 0, 0, 0, 0, 0, 0, 0, 0, 0, 0, 0, 0, 1, 0, 0, 0, 0, 0, 0, 0, 0, 1, 0, 0, 0, 0, 0, 1, 0, 0, 1, 0, 0, 0, 0, 0, 0, 0, 0, 0, 0, 0, 1, 0, 0)"
4.562707,50,154.379608,0,"(np.int64(16558), np.int64(30207), np.int64(7684), np.int64(815), np.int64(25129), np.int64(30715), np.int64(49907), np.int64(15539), np.int64(26493), np.int64(3747), np.int64(39339), np.int64(39391), np.int64(104), np.int64(26159), np.int64(23364), np.int64(16548), np.int64(1108), np.int64(22913), np.int64(30771), np.int64(49413), np.int64(39902), np.int64(16368), np.int64(11321), np.int64(41050), np.int64(1814), np.int64(9638), np.int64(35276), np.int64(18512), np.int64(18923), np.int64(5680), np.int64(32786), np.int64(11197), np.int64(38396), np.int64(15668), np.int64(10407), np.int64(22743), np.int64(24201), np.int64(35331), np.int64(14284), np.int64(16360), np.int64(34367), np.int64(8436), np.int64(6655), np.int64(22826), np.int64(5122), np.int64(49995), np.int64(8464), np.int64(45949), np.int64(12060), np.int64(14057))","(0, 0, 0, 0, 0, 0, 0, 0, 0, 0, 0, 0, 0, 1, 1, 0, 0, 0, 0, 0, 0, 0, 0, 1, 0, 1, 0, 1, 0, 0, 0, 1, 0, 0, 0, 0, 0, 0, 0, 0, 0, 0, 0, 0, 0, 0, 0, 0, 0, 0)"
4.732204,50,154.829134,0,"(np.int64(19004), np.int64(39086), np.int64(34366), np.int64(12594), np.int64(20636), np.int64(16960), np.int64(6883), np.int64(48581), np.int64(29443), np.int64(21279), np.int64(20073), np.int64(20534), np.int64(22298), np.int64(35669), np.int64(13371), np.int64(4876), np.int64(1956), np.int64(18603), np.int64(21627), np.int64(27079), np.int64(36008), np.int64(5483), np.int64(49934), np.int64(41613), np.int64(36386), np.int64(42323), np.int64(12088), np.int64(16351), np.int64(22885), np.int64(20393), np.int64(6766), np.int64(18522), np.int64(31995), np.int64(39843), np.int64(48723), np.int64(1197), np.int64(21130), np.int64(36939), np.int64(19235), np.int64(30901), np.int64(31231), np.int64(30592), np.int64(1722), np.int64(40432), np.int64(31594), np.int64(16373), np.int64(24849), np.int64(49520), np.int64(4420), np.int64(46317))","(0, 0, 0, 0, 0, 0, 1, 0, 0, 1, 0, 0, 0, 0, 1, 0, 0, 0, 0, 0, 0, 0, 0, 0, 0, 0, 0, 1, 0, 0, 0, 0, 0, 0, 0, 0, 0, 0, 1, 0, 0, 0, 1, 0, 0, 0, 0, 0, 0, 0)"
2.449428,50,155.293265,0,"(np.int64(6209), np.int64(3354), np.int64(40296), np.int64(2593), np.int64(32531), np.int64(36358), np.int64(16281), np.int64(22841), np.int64(9012), np.int64(21651), np.int64(30390), np.int64(36686), np.int64(49960), np.int64(25119), np.int64(11112), np.int64(45760), np.int64(6605), np.int64(21232), np.int64(47991), np.int64(37528), np.int64(14736), np.int64(4454), np.int64(49081), np.int64(22535), np.int64(2993), np.int64(7979), np.int64(30594), np.int64(14679), np.int64(6447), np.int64(23104), np.int64(40758), np.int64(35359), np.int64(49501), np.int64(48420), np.int64(7345), np.int64(46999), np.int64(35110), np.int64(31349), np.int64(46638), np.int64(48264), np.int64(46194), np.int64(9119), np.int64(11900), np.int64(32605), np.int64(10742), np.int64(16411), np.int64(27087), np.int64(19526), np.int64(42988), np.int64(29761))","(0, 0, 0, 0, 0, 0, 1, 0, 0, 0, 0, 0, 0, 0, 1, 0, 0, 1, 0, 0, 0, 0, 0, 0, 0, 0, 0, 0, 0, 0, 0, 0, 0, 0, 0, 0, 0, 0, 0, 0, 0, 0, 0, 0, 0, 0, 0, 0, 0, 0)"
2.947677,50,155.74762,0,"(np.int64(16964), np.int64(27227), np.int64(25177), np.int64(19004), np.int64(24903), np.int64(7565), np.int64(14791), np.int64(21973), np.int64(23137), np.int64(9741), np.int64(6042), np.int64(38632), np.int64(5860), np.int64(35254), np.int64(12809), np.int64(13872), np.int64(23053), np.int64(22799), np.int64(13750), np.int64(48156), np.int64(20896), np.int64(42321), np.int64(17059), np.int64(13004), np.int64(40947), np.int64(45050), np.int64(10259), np.int64(21931), np.int64(49440), np.int64(10077), np.int64(48282), np.int64(11604), np.int64(2478), np.int64(4274), np.int64(11407), np.int64(39289), np.int64(49098), np.int64(41011), np.int64(33873), np.int64(30854), np.int64(13010), np.int64(27070), np.int64(5375), np.int64(27548), np.int64(4855), np.int64(42198), np.int64(46289), np.int64(4678), np.int64(24373), np.int64(39833))","(0, 0, 0, 0, 0, 0, 0, 0, 0, 0, 0, 0, 0, 0, 0, 0, 0, 0, 0, 0, 0, 0, 0, 0, 0, 0, 0, 1, 0, 0, 0, 0, 0, 0, 0, 0, 0, 0, 0, 0, 1, 0, 1, 0, 0, 0, 0, 0, 1, 0)"
4.543784,50,156.199641,0,"(np.int64(41855), np.int64(28566), np.int64(15080), np.int64(17609), np.int64(9114), np.int64(7971), np.int64(34666), np.int64(29953), np.int64(3645), np.int64(26145), np.int64(38219), np.int64(16067), np.int64(40617), np.int64(37180), np.int64(6368), np.int64(15800), np.int64(2074), np.int64(19477), np.int64(15598), np.int64(24074), np.int64(39706), np.int64(49254), np.int64(41661), np.int64(1017), np.int64(22625), np.int64(48256), np.int64(5543), np.int64(45740), np.int64(45207), np.int64(5284), np.int64(28759), np.int64(33718), np.int64(5123), np.int64(13668), np.int64(24339), np.int64(42679), np.int64(9126), np.int64(13235), np.int64(14299), np.int64(29027), np.int64(48468), np.int64(14072), np.int64(33288), np.int64(14035), np.int64(9836), np.int64(26129), np.int64(21415), np.int64(32805), np.int64(653), np.int64(22270))","(0, 0, 1, 0, 0, 0, 0, 0, 0, 0, 0, 0, 0, 0, 1, 0, 1, 0, 0, 0, 0, 0, 0, 0, 0, 0, 0, 0, 0, 0, 0, 0, 1, 0, 0, 0, 0, 0, 0, 0, 0, 0, 0, 0, 0, 1, 0, 0, 1, 0)"
2.353519,50,156.653221,0,"(np.int64(15298), np.int64(48886), np.int64(21364), np.int64(37508), np.int64(403), np.int64(36592), np.int64(32447), np.int64(10166), np.int64(22977), np.int64(43889), np.int64(40826), np.int64(20513), np.int64(42781), np.int64(47669), np.int64(40701), np.int64(36259), np.int64(42321), np.int64(21163), np.int64(14926), np.int64(37381), np.int64(4787), np.int64(20194), np.int64(9006), np.int64(43914), np.int64(14579), np.int64(20307), np.int64(180), np.int64(2829), np.int64(34942), np.int64(37539), np.int64(9720), np.int64(28805), np.int64(27726), np.int64(49259), np.int64(3567), np.int64(25287), np.int64(38514), np.int64(25571), np.int64(4464), np.int64(33748), np.int64(5356), np.int64(16504), np.int64(1443), np.int64(4924), np.int64(46514), np.int64(37685), np.int64(23353), np.int64(33540), np.int64(34221), np.int64(47753))","(0, 0, 0, 0, 0, 0, 0, 0, 0, 0, 0, 0, 0, 0, 0, 0, 0, 0, 1, 0, 0, 0, 1, 0, 0, 0, 0, 0, 0, 0, 1, 0, 0, 0, 0, 0, 0, 0, 0, 0, 0, 0, 0, 0, 0, 0, 0, 0, 0, 0)"
4.415653,50,157.107659,0,"(np.int64(33595), np.int64(13940), np.int64(29376), np.int64(40928), np.int64(31334), np.int64(11349), np.int64(16635), np.int64(47617), np.int64(22250), np.int64(31785), np.int64(45821), np.int64(15748), np.int64(14356), np.int64(16801), np.int64(19657), np.int64(43281), np.int64(32569), np.int64(43410), np.int64(45783), np.int64(34785), np.int64(28095), np.int64(27765), np.int64(48066), np.int64(46625), np.int64(29053), np.int64(9694), np.int64(5188), np.int64(4660), np.int64(191), np.int64(31357), np.int64(33239), np.int64(34056), np.int64(23867), np.int64(43022), np.int64(27622), np.int64(2863), np.int64(24458), np.int64(28267), np.int64(44683), np.int64(34769), np.int64(3700), np.int64(42759), np.int64(3234), np.int64(48073), np.int64(21038), np.int64(38926), np.int64(21921), np.int64(10349), np.int64(9723), np.int64(38165))","(0, 0, 0, 0, 0, 0, 0, 0, 0, 1, 0, 0, 0, 0, 0, 0, 0, 0, 0, 0, 0, 0, 0, 0, 0, 0, 0, 0, 1, 0, 0, 0, 0, 0, 0, 0, 0, 0, 0, 0, 1, 0, 0, 1, 1, 0, 0, 1, 0, 0)"
1.548468,50,157.576093,0,"(np.int64(18736), np.int64(4230), np.int64(20244), np.int64(39314), np.int64(7598), np.int64(6419), np.int64(13586), np.int64(27701), np.int64(10785), np.int64(31791), np.int64(17275), np.int64(23773), np.int64(19846), np.int64(44971), np.int64(17030), np.int64(44212), np.int64(10302), np.int64(9696), np.int64(23701), np.int64(44789), np.int64(26613), np.int64(26148), np.int64(3276), np.int64(45264), np.int64(46720), np.int64(46069), np.int64(4053), np.int64(15731), np.int64(7878), np.int64(6040), np.int64(12407), np.int64(29783), np.int64(25706), np.int64(37629), np.int64(29297), np.int64(46125), np.int64(31352), np.int64(42622), np.int64(5645), np.int64(12468), np.int64(28500), np.int64(39695), np.int64(9612), np.int64(45891), np.int64(20457), np.int64(24442), np.int64(27005), np.int64(14155), np.int64(40681), np.int64(10461))","(0, 0, 0, 0, 1, 0, 0, 0, 1, 0, 0, 0, 0, 0, 0, 0, 0, 0, 0, 0, 0, 0, 0, 0, 0, 0, 0, 0, 0, 0, 0, 0, 0, 0, 0, 0, 0, 0, 0, 0, 0, 0, 0, 0, 0, 0, 0, 0, 0, 0)"
3.956372,50,158.028727,0,"(np.int64(12290), np.int64(28683), np.int64(13189), np.int64(22385), np.int64(39566), np.int64(13031), np.int64(37983), np.int64(14187), np.int64(12497), np.int64(20384), np.int64(21509), np.int64(40522), np.int64(5113), np.int64(37681), np.int64(47933), np.int64(46211), np.int64(27871), np.int64(49491), np.int64(33174), np.int64(5882), np.int64(9571), np.int64(43332), np.int64(34850), np.int64(21342), np.int64(28982), np.int64(15150), np.int64(46380), np.int64(48887), np.int64(33936), np.int64(32397), np.int64(6167), np.int64(8183), np.int64(18382), np.int64(8541), np.int64(44082), np.int64(17584), np.int64(5946), np.int64(32676), np.int64(20854), np.int64(11602), np.int64(12151), np.int64(32516), np.int64(15201), np.int64(46898), np.int64(34590), np.int64(42830), np.int64(23065), np.int64(11776), np.int64(7392), np.int64(4547))","(0, 0, 1, 0, 0, 0, 0, 0, 0, 0, 0, 0, 1, 0, 0, 0, 0, 0, 0, 0, 0, 0, 0, 1, 0, 0, 0, 0, 0, 0, 0, 0, 1, 0, 0, 0, 0, 0, 0, 0, 0, 0, 0, 0, 0, 0, 0, 0, 0, 1)"
0.687471,50,158.474592,0,"(np.int64(7333), np.int64(39074), np.int64(36852), np.int64(31050), np.int64(46450), np.int64(38128), np.int64(18676), np.int64(33512), np.int64(17059), np.int64(22212), np.int64(27320), np.int64(29483), np.int64(35498), np.int64(28341), np.int64(20228), np.int64(5866), np.int64(5692), np.int64(39387), np.int64(36961), np.int64(17662), np.int64(45392), np.int64(23257), np.int64(35592), np.int64(5610), np.int64(15303), np.int64(10252), np.int64(30667), np.int64(29939), np.int64(44029), np.int64(17490), np.int64(35596), np.int64(41721), np.int64(37894), np.int64(33925), np.int64(35845), np.int64(35186), np.int64(15213), np.int64(45657), np.int64(30158), np.int64(41930), np.int64(15431), np.int64(30623), np.int64(32874), np.int64(46975), np.int64(17839), np.int64(21746), np.int64(48675), np.int64(45968), np.int64(43813), np.int64(44761))","(0, 0, 0, 0, 0, 0, 0, 1, 0, 0, 0, 0, 0, 0, 0, 0, 0, 0, 0, 0, 0, 0, 0, 0, 0, 0, 0, 0, 0, 0, 0, 0, 0, 0, 0, 0, 0, 0, 0, 0, 0, 0, 0, 0, 0, 0, 0, 0, 0, 0)"
0.796111,50,158.92302,0,"(np.int64(9382), np.int64(45040), np.int64(33908), np.int64(45460), np.int64(37668), np.int64(20268), np.int64(44436), np.int64(42849), np.int64(18367), np.int64(47674), np.int64(30377), np.int64(17234), np.int64(23681), np.int64(43188), np.int64(16500), np.int64(43293), np.int64(37915), np.int64(11415), np.int64(28718), np.int64(35508), np.int64(36315), np.int64(30324), np.int64(25407), np.int64(28150), np.int64(25786), np.int64(9719), np.int64(12301), np.int64(28748), np.int64(14750), np.int64(30600), np.int64(31888), np.int64(3363), np.int64(30297), np.int64(6966), np.int64(27870), np.int64(32704), np.int64(31394), np.int64(20038), np.int64(45881), np.int64(2788), np.int64(43763), np.int64(45314), np.int64(4259), np.int64(14435), np.int64(45290), np.int64(45963), np.int64(35322), np.int64(31097), np.int64(17218), np.int64(348))","(0, 0, 0, 0, 0, 0, 0, 0, 0, 0, 0, 0, 0, 0, 0, 0, 0, 0, 0, 0, 0, 0, 0, 0, 0, 0, 0, 1, 0, 0, 0, 0, 0, 0, 0, 0, 0, 0, 0, 0, 0, 0, 0, 0, 0, 0, 0, 0, 0, 0)"
2.141667,50,159.374386,0,"(np.int64(17369), np.int64(40313), np.int64(35351), np.int64(34660), np.int64(28055), np.int64(26540), np.int64(16948), np.int64(46073), np.int64(35867), np.int64(47837), np.int64(1906), np.int64(46343), np.int64(27454), np.int64(43922), np.int64(10677), np.int64(45413), np.int64(8694), np.int64(19658), np.int64(16569), np.int64(17126), np.int64(4945), np.int64(20008), np.int64(29263), np.int64(33090), np.int64(1926), np.int64(38866), np.int64(3172), np.int64(38720), np.int64(16745), np.int64(20463), np.int64(22554), np.int64(28917), np.int64(16590), np.int64(39086), np.int64(41667), np.int64(3529), np.int64(25794), np.int64(3496), np.int64(31165), np.int64(20908), np.int64(18012), np.int64(16953), np.int64(45630), np.int64(44788), np.int64(27123), np.int64(5567), np.int64(39832), np.int64(37876), np.int64(22350), np.int64(48987))","(0, 0, 0, 0, 0, 0, 0, 0, 0, 0, 0, 0, 0, 0, 0, 0, 0, 0, 0, 1, 0, 0, 0, 0, 0, 0, 0, 0, 0, 0, 0, 0, 0, 0, 0, 0, 0, 0, 0, 0, 0, 1, 0, 0, 1, 0, 0, 0, 0, 0)"
1.614579,50,159.824149,0,"(np.int64(43202), np.int64(36210), np.int64(6051), np.int64(8315), np.int64(12769), np.int64(32311), np.int64(33449), np.int64(40109), np.int64(8571), np.int64(6833), np.int64(39089), np.int64(46991), np.int64(44396), np.int64(43839), np.int64(9492), np.int64(20157), np.int64(37024), np.int64(13584), np.int64(23133), np.int64(37744), np.int64(46347), np.int64(27124), np.int64(5900), np.int64(45176), np.int64(42586), np.int64(44182), np.int64(41458), np.int64(42751), np.int64(47594), np.int64(15501), np.int64(39640), np.int64(37967), np.int64(48982), np.int64(47671), np.int64(3485), np.int64(39691), np.int64(48596), np.int64(16084), np.int64(65), np.int64(42147), np.int64(13261), np.int64(5747), np.int64(24107), np.int64(4357), np.int64(30901), np.int64(12753), np.int64(37843), np.int64(8048), np.int64(42968), np.int64(2666))","(0, 0, 0, 0, 0, 0, 0, 0, 1, 0, 0, 0, 0, 0, 0, 0, 0, 0, 0, 1, 0, 0, 0, 0, 0, 0, 0, 0, 0, 0, 0, 0, 0, 0, 0, 0, 0, 0, 0, 0, 0, 0, 0, 0, 0, 0, 0, 0, 0, 0)"
3.834734,50,160.276555,0,"(np.int64(5450), np.int64(25822), np.int64(29343), np.int64(49422), np.int64(322), np.int64(24958), np.int64(32597), np.int64(49988), np.int64(47895), np.int64(7433), np.int64(39439), np.int64(5994), np.int64(22398), np.int64(42971), np.int64(33324), np.int64(47723), np.int64(9895), np.int64(48797), np.int64(8254), np.int64(25706), np.int64(12296), np.int64(17969), np.int64(4646), np.int64(13525), np.int64(16523), np.int64(8240), np.int64(27293), np.int64(20680), np.int64(11954), np.int64(33847), np.int64(1273), np.int64(36111), np.int64(8041), np.int64(9594), np.int64(4044), np.int64(49060), np.int64(44449), np.int64(16950), np.int64(44575), np.int64(349), np.int64(37451), np.int64(23053), np.int64(34838), np.int64(48897), np.int64(46998), np.int64(44928), np.int64(33696), np.int64(30728), np.int64(19434), np.int64(17190))","(0, 0, 0, 0, 0, 0, 0, 0, 0, 0, 0, 0, 0, 0, 0, 0, 1, 1, 0, 0, 0, 0, 1, 0, 0, 0, 0, 0, 0, 0, 1, 0, 0, 0, 1, 0, 0, 0, 0, 0, 0, 0, 0, 0, 0, 0, 0, 0, 0, 0)"
2.300303,50,160.727599,0,"(np.int64(29500), np.int64(5561), np.int64(18806), np.int64(48302), np.int64(19558), np.int64(27789), np.int64(33585), np.int64(1225), np.int64(37002), np.int64(7593), np.int64(19257), np.int64(31460), np.int64(6812), np.int64(19454), np.int64(36631), np.int64(16251), np.int64(41777), np.int64(5126), np.int64(27535), np.int64(28684), np.int64(17552), np.int64(22251), np.int64(48637), np.int64(46208), np.int64(38084), np.int64(43591), np.int64(1377), np.int64(46996), np.int64(48789), np.int64(33242), np.int64(30635), np.int64(48480), np.int64(46337), np.int64(35597), np.int64(19660), np.int64(37588), np.int64(49891), np.int64(43601), np.int64(36033), np.int64(42959), np.int64(33084), np.int64(15352), np.int64(8149), np.int64(33948), np.int64(10234), np.int64(28091), np.int64(40279), np.int64(34043), np.int64(36068), np.int64(15600))","(0, 0, 0, 0, 0, 0, 0, 0, 0, 0, 0, 0, 0, 0, 0, 0, 0, 0, 0, 0, 0, 0, 0, 0, 0, 0, 0, 0, 0, 0, 0, 0, 0, 0, 0, 1, 0, 0, 0, 0, 0, 0, 1, 0, 0, 1, 0, 0, 0, 0)"
5.562016,50,161.181566,0,"(np.int64(19222), np.int64(2861), np.int64(8698), np.int64(2558), np.int64(19235), np.int64(33379), np.int64(47667), np.int64(3957), np.int64(28407), np.int64(33284), np.int64(41683), np.int64(39685), np.int64(19262), np.int64(39556), np.int64(5439), np.int64(3637), np.int64(43549), np.int64(17350), np.int64(21484), np.int64(29866), np.int64(26712), np.int64(26959), np.int64(32986), np.int64(7470), np.int64(37268), np.int64(14096), np.int64(15974), np.int64(22380), np.int64(30207), np.int64(28858), np.int64(10403), np.int64(7037), np.int64(14779), np.int64(27463), np.int64(13115), np.int64(12293), np.int64(23180), np.int64(47753), np.int64(13801), np.int64(15159), np.int64(3209), np.int64(16196), np.int64(21923), np.int64(25862), np.int64(9233), np.int64(15497), np.int64(14202), np.int64(27846), np.int64(48083), np.int64(29735))","(1, 0, 0, 0, 1, 0, 0, 0, 0, 0, 0, 0, 0, 0, 0, 1, 0, 0, 0, 0, 0, 0, 0, 0, 1, 0, 1, 0, 0, 1, 0, 0, 0, 0, 0, 0, 0, 0, 0, 0, 1, 0, 0, 0, 0, 0, 0, 0, 0, 0)"
4.427698,50,161.634053,0,"(np.int64(18509), np.int64(33120), np.int64(21339), np.int64(13478), np.int64(963), np.int64(21318), np.int64(15522), np.int64(11923), np.int64(153), np.int64(13539), np.int64(11560), np.int64(30393), np.int64(26246), np.int64(43642), np.int64(39257), np.int64(6898), np.int64(19241), np.int64(42627), np.int64(31635), np.int64(29393), np.int64(14827), np.int64(43593), np.int64(6188), np.int64(48753), np.int64(30809), np.int64(23104), np.int64(49563), np.int64(2841), np.int64(44940), np.int64(5387), np.int64(46177), np.int64(3242), np.int64(17378), np.int64(49081), np.int64(11957), np.int64(47616), np.int64(39101), np.int64(31692), np.int64(16006), np.int64(46744), np.int64(44190), np.int64(45565), np.int64(29358), np.int64(48376), np.int64(25553), np.int64(41072), np.int64(38900), np.int64(35876), np.int64(28365), np.int64(26265))","(0, 0, 0, 1, 0, 0, 0, 0, 0, 0, 0, 0, 0, 0, 0, 0, 1, 0, 1, 0, 0, 0, 1, 1, 0, 0, 0, 0, 0, 0, 0, 1, 0, 0, 0, 0, 0, 0, 0, 0, 0, 0, 0, 0, 0, 0, 0, 0, 0, 0)"
4.591237,50,162.083734,0,"(np.int64(29949), np.int64(21288), np.int64(28221), np.int64(49027), np.int64(5193), np.int64(12116), np.int64(7857), np.int64(46133), np.int64(20864), np.int64(37288), np.int64(43684), np.int64(21741), np.int64(37697), np.int64(3964), np.int64(34811), np.int64(19082), np.int64(42860), np.int64(3925), np.int64(11554), np.int64(37171), np.int64(33899), np.int64(14544), np.int64(719), np.int64(11179), np.int64(3584), np.int64(17149), np.int64(43048), np.int64(14910), np.int64(30014), np.int64(45687), np.int64(8878), np.int64(33768), np.int64(35760), np.int64(29814), np.int64(12937), np.int64(20889), np.int64(23947), np.int64(15013), np.int64(17196), np.int64(15967), np.int64(36365), np.int64(1289), np.int64(9976), np.int64(21876), np.int64(47350), np.int64(19647), np.int64(4213), np.int64(48462), np.int64(48588), np.int64(4893))","(0, 0, 0, 0, 1, 0, 0, 0, 0, 0, 0, 0, 0, 0, 0, 0, 0, 0, 1, 0, 0, 0, 0, 0, 1, 0, 0, 0, 0, 0, 0, 0, 0, 0, 0, 1, 0, 0, 0, 0, 1, 0, 0, 1, 0, 0, 0, 0, 0, 0)"
3.066782,50,167.809463,0,"(np.int64(16828), np.int64(6210), np.int64(20544), np.int64(44981), np.int64(41598), np.int64(28933), np.int64(35368), np.int64(4417), np.int64(87), np.int64(22252), np.int64(20300), np.int64(14718), np.int64(21827), np.int64(21828), np.int64(15420), np.int64(149), np.int64(8689), np.int64(37047), np.int64(29015), np.int64(30729), np.int64(37822), np.int64(45691), np.int64(32181), np.int64(44828), np.int64(47317), np.int64(27510), np.int64(44339), np.int64(29620), np.int64(49240), np.int64(9837), np.int64(24193), np.int64(36030), np.int64(11357), np.int64(10869), np.int64(8895), np.int64(33052), np.int64(40505), np.int64(5398), np.int64(35364), np.int64(17170), np.int64(12937), np.int64(5318), np.int64(13277), np.int64(45872), np.int64(11909), np.int64(19538), np.int64(14357), np.int64(40715), np.int64(5291), np.int64(3043))","(0, 0, 0, 0, 0, 0, 0, 0, 0, 0, 0, 1, 0, 0, 0, 0, 0, 0, 0, 0, 0, 0, 0, 0, 0, 0, 0, 0, 0, 1, 0, 0, 0, 1, 0, 0, 0, 0, 0, 0, 0, 0, 0, 0, 0, 0, 0, 0, 1, 0)"
2.13547,50,168.265471,0,"(np.int64(46038), np.int64(20580), np.int64(14492), np.int64(30937), np.int64(32843), np.int64(33783), np.int64(2600), np.int64(45167), np.int64(42643), np.int64(33542), np.int64(19936), np.int64(8288), np.int64(23681), np.int64(5349), np.int64(46976), np.int64(32131), np.int64(14067), np.int64(12233), np.int64(46875), np.int64(41693), np.int64(24002), np.int64(21362), np.int64(37929), np.int64(43427), np.int64(49094), np.int64(32956), np.int64(41075), np.int64(41905), np.int64(16904), np.int64(27111), np.int64(40596), np.int64(12346), np.int64(47507), np.int64(12292), np.int64(20323), np.int64(39994), np.int64(43812), np.int64(40128), np.int64(44911), np.int64(43652), np.int64(24615), np.int64(9775), np.int64(5416), np.int64(8242), np.int64(47805), np.int64(16598), np.int64(16987), np.int64(25545), np.int64(13759), np.int64(30091))","(0, 0, 0, 0, 0, 1, 0, 0, 0, 0, 0, 0, 0, 0, 0, 0, 0, 1, 0, 0, 0, 1, 0, 0, 0, 0, 0, 0, 0, 0, 0, 0, 0, 0, 0, 0, 0, 0, 0, 0, 0, 0, 0, 0, 0, 0, 0, 0, 0, 0)"
4.980169,50,168.7234,0,"(np.int64(16422), np.int64(296), np.int64(9647), np.int64(21195), np.int64(29615), np.int64(6911), np.int64(24242), np.int64(26814), np.int64(14058), np.int64(4165), np.int64(285), np.int64(14590), np.int64(1378), np.int64(47786), np.int64(35273), np.int64(47408), np.int64(44137), np.int64(34668), np.int64(20041), np.int64(9424), np.int64(1456), np.int64(19996), np.int64(32857), np.int64(5638), np.int64(41517), np.int64(27205), np.int64(42843), np.int64(34672), np.int64(46527), np.int64(21854), np.int64(21240), np.int64(20973), np.int64(36844), np.int64(29983), np.int64(6509), np.int64(627), np.int64(4847), np.int64(37756), np.int64(8507), np.int64(46484), np.int64(41183), np.int64(7362), np.int64(26237), np.int64(12603), np.int64(14999), np.int64(27134), np.int64(46543), np.int64(16623), np.int64(40066), np.int64(35890))","(0, 0, 1, 0, 0, 0, 0, 0, 0, 0, 0, 0, 0, 0, 0, 0, 0, 0, 0, 0, 0, 0, 0, 0, 0, 0, 0, 0, 0, 0, 0, 0, 0, 0, 0, 1, 0, 0, 0, 1, 1, 0, 0, 0, 1, 1, 0, 0, 1, 0)"
6.214946,50,169.183838,0,"(np.int64(41505), np.int64(47514), np.int64(7837), np.int64(25635), np.int64(33012), np.int64(28768), np.int64(35881), np.int64(17941), np.int64(18018), np.int64(42944), np.int64(255), np.int64(35366), np.int64(9062), np.int64(42847), np.int64(315), np.int64(14811), np.int64(19611), np.int64(15785), np.int64(11999), np.int64(1276), np.int64(32882), np.int64(4891), np.int64(22380), np.int64(7467), np.int64(33190), np.int64(43298), np.int64(8508), np.int64(35498), np.int64(22981), np.int64(41049), np.int64(7229), np.int64(21456), np.int64(9341), np.int64(19999), np.int64(13349), np.int64(3499), np.int64(42050), np.int64(37983), np.int64(20456), np.int64(45977), np.int64(45472), np.int64(3347), np.int64(122), np.int64(24770), np.int64(8267), np.int64(1707), np.int64(1370), np.int64(1671), np.int64(48666), np.int64(41294))","(0, 0, 0, 0, 0, 1, 0, 0, 0, 0, 0, 0, 0, 0, 1, 0, 1, 0, 0, 0, 0, 0, 0, 1, 0, 0, 1, 0, 0, 0, 0, 0, 0, 1, 0, 0, 0, 0, 0, 0, 0, 1, 0, 0, 0, 0, 1, 0, 0, 0)"
2.364,50,169.635858,0,"(np.int64(18296), np.int64(22949), np.int64(25779), np.int64(49640), np.int64(1369), np.int64(6986), np.int64(22556), np.int64(5539), np.int64(29823), np.int64(47496), np.int64(28425), np.int64(31213), np.int64(34933), np.int64(21958), np.int64(29784), np.int64(11504), np.int64(10084), np.int64(43895), np.int64(33721), np.int64(16300), np.int64(19774), np.int64(15584), np.int64(29553), np.int64(33495), np.int64(23746), np.int64(9685), np.int64(15533), np.int64(11832), np.int64(32039), np.int64(18126), np.int64(36099), np.int64(20241), np.int64(16030), np.int64(15583), np.int64(11319), np.int64(44745), np.int64(14944), np.int64(16870), np.int64(46245), np.int64(33193), np.int64(15966), np.int64(3657), np.int64(14409), np.int64(4398), np.int64(41466), np.int64(30869), np.int64(25636), np.int64(44257), np.int64(33979), np.int64(30755))","(0, 0, 0, 0, 1, 0, 0, 0, 0, 0, 0, 0, 0, 0, 0, 0, 0, 0, 0, 0, 0, 0, 0, 0, 0, 0, 0, 0, 0, 0, 0, 0, 0, 0, 1, 0, 0, 0, 0, 0, 0, 1, 0, 0, 0, 0, 0, 0, 0, 0)"
4.524095,50,170.088155,0,"(np.int64(22488), np.int64(29644), np.int64(24164), np.int64(13207), np.int64(25523), np.int64(25362), np.int64(40720), np.int64(20251), np.int64(25607), np.int64(28993), np.int64(48373), np.int64(22898), np.int64(4843), np.int64(5147), np.int64(4712), np.int64(20702), np.int64(42153), np.int64(9865), np.int64(17122), np.int64(32384), np.int64(28340), np.int64(19400), np.int64(7859), np.int64(23164), np.int64(2804), np.int64(10669), np.int64(9300), np.int64(45834), np.int64(49143), np.int64(19234), np.int64(16839), np.int64(18849), np.int64(24595), np.int64(14661), np.int64(17562), np.int64(23244), np.int64(47363), np.int64(17122), np.int64(47341), np.int64(29660), np.int64(12913), np.int64(43823), np.int64(31126), np.int64(30001), np.int64(14348), np.int64(28122), np.int64(23190), np.int64(24627), np.int64(15288), np.int64(48543))","(0, 0, 0, 0, 0, 0, 0, 0, 0, 1, 0, 0, 0, 1, 0, 1, 0, 0, 0, 0, 0, 1, 1, 0, 0, 0, 0, 0, 0, 0, 0, 0, 0, 0, 0, 0, 0, 0, 0, 0, 0, 0, 1, 0, 0, 0, 0, 0, 0, 0)"
2.246539,50,170.540993,0,"(np.int64(40019), np.int64(13549), np.int64(29912), np.int64(17273), np.int64(39269), np.int64(24484), np.int64(45020), np.int64(49561), np.int64(30945), np.int64(45269), np.int64(12522), np.int64(8145), np.int64(37371), np.int64(25129), np.int64(42677), np.int64(48655), np.int64(7792), np.int64(35774), np.int64(45344), np.int64(43587), np.int64(23190), np.int64(24397), np.int64(41825), np.int64(9734), np.int64(28892), np.int64(29840), np.int64(16990), np.int64(2199), np.int64(39075), np.int64(9725), np.int64(46489), np.int64(40496), np.int64(41613), np.int64(4967), np.int64(8707), np.int64(9981), np.int64(10266), np.int64(40210), np.int64(33846), np.int64(35449), np.int64(37363), np.int64(48401), np.int64(14312), np.int64(41412), np.int64(4718), np.int64(49561), np.int64(4547), np.int64(23531), np.int64(7002), np.int64(32939))","(0, 0, 0, 0, 0, 0, 0, 0, 0, 0, 0, 0, 0, 0, 0, 1, 0, 0, 0, 0, 0, 0, 0, 0, 0, 0, 0, 0, 0, 0, 0, 0, 0, 0, 0, 1, 0, 0, 0, 0, 0, 0, 0, 0, 0, 0, 1, 0, 0, 0)"
6.771201,50,170.99636,0,"(np.int64(33585), np.int64(38609), np.int64(23884), np.int64(29148), np.int64(1227), np.int64(8848), np.int64(10427), np.int64(20361), np.int64(16222), np.int64(623), np.int64(47412), np.int64(30668), np.int64(2404), np.int64(45962), np.int64(40746), np.int64(6528), np.int64(23625), np.int64(29893), np.int64(4070), np.int64(5406), np.int64(1556), np.int64(1472), np.int64(47962), np.int64(9466), np.int64(46616), np.int64(9007), np.int64(17930), np.int64(40039), np.int64(26084), np.int64(6878), np.int64(39495), np.int64(21384), np.int64(41325), np.int64(16338), np.int64(11831), np.int64(12186), np.int64(25793), np.int64(47236), np.int64(16187), np.int64(4302), np.int64(2786), np.int64(40129), np.int64(3995), np.int64(24085), np.int64(5529), np.int64(37121), np.int64(7220), np.int64(1412), np.int64(16755), np.int64(4230))","(0, 0, 1, 0, 1, 0, 1, 1, 0, 0, 0, 0, 1, 0, 1, 0, 0, 0, 0, 0, 0, 0, 0, 0, 0, 0, 0, 1, 0, 0, 0, 0, 0, 0, 0, 0, 0, 0, 0, 0, 0, 0, 0, 0, 1, 0, 0, 1, 0, 0)"
4.242476,50,171.450817,0,"(np.int64(44278), np.int64(550), np.int64(33667), np.int64(33829), np.int64(40063), np.int64(49909), np.int64(25639), np.int64(6896), np.int64(41188), np.int64(45321), np.int64(23009), np.int64(48096), np.int64(45050), np.int64(5344), np.int64(42986), np.int64(36322), np.int64(42079), np.int64(7985), np.int64(46990), np.int64(26779), np.int64(10374), np.int64(25976), np.int64(41367), np.int64(43092), np.int64(47045), np.int64(47157), np.int64(15352), np.int64(26058), np.int64(18074), np.int64(41090), np.int64(13083), np.int64(39481), np.int64(23609), np.int64(31241), np.int64(6638), np.int64(41570), np.int64(4429), np.int64(2433), np.int64(22358), np.int64(43320), np.int64(49302), np.int64(29722), np.int64(39135), np.int64(33415), np.int64(49946), np.int64(37549), np.int64(49041), np.int64(34368), np.int64(28384), np.int64(36956))","(0, 0, 0, 0, 0, 0, 1, 0, 0, 1, 0, 0, 0, 1, 0, 1, 0, 0, 0, 0, 0, 0, 0, 0, 0, 0, 0, 0, 0, 0, 0, 0, 0, 0, 0, 1, 0, 0, 0, 0, 0, 0, 0, 0, 0, 0, 0, 1, 0, 0)"
4.308433,50,171.901401,0,"(np.int64(39879), np.int64(35714), np.int64(32401), np.int64(48053), np.int64(13700), np.int64(12316), np.int64(30291), np.int64(8517), np.int64(787), np.int64(36742), np.int64(32272), np.int64(47051), np.int64(40841), np.int64(20114), np.int64(49663), np.int64(32436), np.int64(45144), np.int64(24329), np.int64(33306), np.int64(24441), np.int64(37792), np.int64(37574), np.int64(3246), np.int64(26225), np.int64(36668), np.int64(49956), np.int64(6647), np.int64(23956), np.int64(37991), np.int64(32109), np.int64(11541), np.int64(31778), np.int64(2014), np.int64(43192), np.int64(36457), np.int64(25970), np.int64(34958), np.int64(1379), np.int64(8954), np.int64(31971), np.int64(13201), np.int64(46706), np.int64(43746), np.int64(17234), np.int64(37119), np.int64(15572), np.int64(38222), np.int64(5494), np.int64(18783), np.int64(32127))","(0, 0, 0, 1, 0, 0, 0, 0, 0, 0, 0, 0, 0, 1, 0, 0, 0, 0, 0, 0, 0, 0, 0, 0, 0, 0, 0, 0, 0, 0, 0, 0, 0, 0, 0, 1, 0, 1, 0, 0, 0, 0, 0, 0, 0, 1, 0, 0, 0, 1)"
2.194902,50,172.353095,0,"(np.int64(29394), np.int64(41412), np.int64(18861), np.int64(8102), np.int64(14381), np.int64(27902), np.int64(2022), np.int64(10562), np.int64(49563), np.int64(17489), np.int64(37048), np.int64(6000), np.int64(38), np.int64(958), np.int64(18649), np.int64(15448), np.int64(38898), np.int64(35459), np.int64(45679), np.int64(19529), np.int64(2027), np.int64(12644), np.int64(39662), np.int64(38748), np.int64(45185), np.int64(9069), np.int64(12423), np.int64(3524), np.int64(10200), np.int64(41146), np.int64(18683), np.int64(1477), np.int64(14607), np.int64(13509), np.int64(40611), np.int64(48626), np.int64(12729), np.int64(26936), np.int64(27434), np.int64(13695), np.int64(39425), np.int64(848), np.int64(1196), np.int64(14281), np.int64(22380), np.int64(28969), np.int64(18394), np.int64(17839), np.int64(49183), np.int64(33144))","(0, 0, 0, 0, 0, 0, 0, 0, 0, 0, 0, 0, 0, 0, 0, 1, 1, 0, 0, 0, 0, 0, 0, 0, 0, 0, 0, 1, 0, 0, 0, 0, 0, 0, 0, 0, 0, 0, 0, 0, 0, 0, 0, 0, 0, 0, 0, 0, 0, 0)"
2.150039,50,172.807509,0,"(np.int64(43893), np.int64(32873), np.int64(5664), np.int64(31998), np.int64(15787), np.int64(11239), np.int64(46629), np.int64(49801), np.int64(42733), np.int64(16835), np.int64(48314), np.int64(2902), np.int64(48319), np.int64(10133), np.int64(11709), np.int64(45577), np.int64(11327), np.int64(4801), np.int64(40679), np.int64(30138), np.int64(35009), np.int64(2193), np.int64(37222), np.int64(49940), np.int64(22958), np.int64(46562), np.int64(6533), np.int64(8302), np.int64(42057), np.int64(7029), np.int64(23451), np.int64(3182), np.int64(5979), np.int64(37332), np.int64(32343), np.int64(43668), np.int64(22481), np.int64(46931), np.int64(22423), np.int64(41736), np.int64(21715), np.int64(17517), np.int64(4546), np.int64(9837), np.int64(26739), np.int64(24462), np.int64(44548), np.int64(1366), np.int64(39195), np.int64(28188))","(0, 0, 0, 0, 0, 0, 0, 0, 0, 0, 0, 0, 0, 1, 0, 0, 1, 0, 0, 0, 0, 0, 0, 0, 0, 0, 0, 0, 0, 0, 0, 0, 0, 0, 0, 0, 0, 0, 0, 0, 0, 0, 0, 1, 0, 0, 0, 0, 0, 0)"
1.547525,50,173.263031,0,"(np.int64(4754), np.int64(27068), np.int64(5479), np.int64(41914), np.int64(28531), np.int64(46827), np.int64(35518), np.int64(4426), np.int64(12308), np.int64(32039), np.int64(10114), np.int64(1296), np.int64(47551), np.int64(21049), np.int64(42176), np.int64(17025), np.int64(46275), np.int64(36793), np.int64(15432), np.int64(4425), np.int64(18333), np.int64(3516), np.int64(4359), np.int64(23469), np.int64(38214), np.int64(6659), np.int64(26008), np.int64(27778), np.int64(26931), np.int64(41316), np.int64(11999), np.int64(15367), np.int64(39336), np.int64(18853), np.int64(45574), np.int64(10692), np.int64(16760), np.int64(34164), np.int64(42371), np.int64(20960), np.int64(20145), np.int64(38772), np.int64(5187), np.int64(41436), np.int64(31753), np.int64(22383), np.int64(44064), np.int64(36092), np.int64(5549), np.int64(21387))","(0, 0, 0, 0, 0, 0, 0, 0, 0, 0, 1, 0, 0, 0, 0, 0, 0, 0, 1, 0, 0, 0, 0, 0, 0, 0, 0, 0, 0, 0, 0, 0, 0, 0, 0, 0, 0, 0, 0, 0, 0, 0, 0, 0, 0, 0, 0, 0, 0, 0)"
7.853548,50,173.718141,0,"(np.int64(48857), np.int64(4298), np.int64(47951), np.int64(19941), np.int64(18379), np.int64(19856), np.int64(8881), np.int64(6536), np.int64(27075), np.int64(47729), np.int64(161), np.int64(17934), np.int64(35496), np.int64(16392), np.int64(30245), np.int64(22247), np.int64(42242), np.int64(49659), np.int64(39858), np.int64(10941), np.int64(8898), np.int64(20595), np.int64(8560), np.int64(17461), np.int64(26576), np.int64(20798), np.int64(875), np.int64(696), np.int64(19879), np.int64(31683), np.int64(24737), np.int64(4140), np.int64(7044), np.int64(1351), np.int64(18679), np.int64(15584), np.int64(31932), np.int64(10282), np.int64(8653), np.int64(5848), np.int64(13483), np.int64(10349), np.int64(12035), np.int64(41590), np.int64(42073), np.int64(32305), np.int64(35506), np.int64(5381), np.int64(36214), np.int64(34097))","(0, 0, 0, 0, 0, 0, 0, 1, 0, 0, 0, 0, 0, 0, 0, 0, 0, 0, 0, 0, 1, 0, 0, 0, 0, 1, 1, 0, 0, 0, 0, 0, 1, 0, 0, 0, 1, 0, 1, 0, 0, 1, 0, 0, 0, 1, 0, 1, 0, 0)"
3.855653,50,174.174368,0,"(np.int64(997), np.int64(35651), np.int64(9156), np.int64(24475), np.int64(33949), np.int64(29282), np.int64(28497), np.int64(4874), np.int64(20140), np.int64(9632), np.int64(7644), np.int64(3287), np.int64(9596), np.int64(9624), np.int64(31524), np.int64(3223), np.int64(37519), np.int64(6076), np.int64(34215), np.int64(32489), np.int64(28802), np.int64(39272), np.int64(1219), np.int64(15305), np.int64(27524), np.int64(42188), np.int64(28428), np.int64(21512), np.int64(39101), np.int64(47552), np.int64(3551), np.int64(129), np.int64(30839), np.int64(8708), np.int64(26645), np.int64(11588), np.int64(37341), np.int64(41023), np.int64(25251), np.int64(35588), np.int64(33139), np.int64(20335), np.int64(36705), np.int64(5545), np.int64(13694), np.int64(49863), np.int64(1677), np.int64(5873), np.int64(20280), np.int64(46793))","(0, 0, 0, 0, 0, 0, 0, 0, 0, 0, 0, 1, 1, 1, 0, 1, 0, 0, 0, 0, 0, 0, 0, 0, 0, 0, 0, 0, 0, 0, 0, 0, 0, 0, 0, 0, 0, 0, 0, 0, 0, 0, 0, 0, 0, 0, 0, 0, 1, 0)"
3.679382,50,174.623105,0,"(np.int64(25042), np.int64(43570), np.int64(17690), np.int64(49118), np.int64(15858), np.int64(18858), np.int64(46235), np.int64(8314), np.int64(38845), np.int64(37750), np.int64(2199), np.int64(10062), np.int64(21829), np.int64(34248), np.int64(28854), np.int64(14408), np.int64(38084), np.int64(20640), np.int64(26611), np.int64(2914), np.int64(40471), np.int64(48607), np.int64(21787), np.int64(30624), np.int64(25707), np.int64(1289), np.int64(26090), np.int64(1878), np.int64(10257), np.int64(5558), np.int64(42005), np.int64(44837), np.int64(38611), np.int64(47435), np.int64(34713), np.int64(6660), np.int64(136), np.int64(10734), np.int64(34918), np.int64(7255), np.int64(16469), np.int64(49051), np.int64(1808), np.int64(16666), np.int64(45226), np.int64(23190), np.int64(6491), np.int64(46066), np.int64(464), np.int64(19483))","(0, 0, 0, 0, 0, 0, 0, 0, 0, 0, 0, 0, 0, 0, 1, 1, 0, 0, 0, 0, 0, 0, 0, 0, 0, 0, 0, 1, 0, 0, 0, 0, 0, 0, 0, 0, 1, 0, 0, 1, 0, 0, 0, 0, 0, 0, 0, 0, 0, 0)"
3.524879,50,175.07386,0,"(np.int64(33982), np.int64(34838), np.int64(1334), np.int64(8723), np.int64(45678), np.int64(10470), np.int64(39262), np.int64(47104), np.int64(30393), np.int64(46531), np.int64(16238), np.int64(5517), np.int64(45285), np.int64(9363), np.int64(765), np.int64(47705), np.int64(48707), np.int64(24417), np.int64(11447), np.int64(8270), np.int64(38051), np.int64(11558), np.int64(45669), np.int64(30208), np.int64(5019), np.int64(37323), np.int64(45644), np.int64(5654), np.int64(43720), np.int64(10333), np.int64(25375), np.int64(26297), np.int64(49015), np.int64(43679), np.int64(22650), np.int64(36370), np.int64(413), np.int64(37321), np.int64(16040), np.int64(8050), np.int64(23454), np.int64(46485), np.int64(28749), np.int64(42808), np.int64(35206), np.int64(47488), np.int64(13258), np.int64(25293), np.int64(18341), np.int64(7408))","(0, 0, 0, 0, 0, 0, 0, 0, 0, 0, 0, 0, 0, 0, 0, 0, 0, 0, 1, 0, 0, 1, 0, 0, 0, 0, 0, 0, 1, 0, 0, 0, 0, 0, 0, 1, 0, 0, 0, 0, 0, 0, 0, 0, 0, 0, 0, 0, 1, 0)"
3.96564,50,175.526961,0,"(np.int64(14453), np.int64(8495), np.int64(8297), np.int64(49129), np.int64(7197), np.int64(38077), np.int64(24241), np.int64(13581), np.int64(32726), np.int64(15549), np.int64(18625), np.int64(5175), np.int64(20799), np.int64(18087), np.int64(11662), np.int64(12293), np.int64(5182), np.int64(17440), np.int64(4651), np.int64(18821), np.int64(38931), np.int64(5111), np.int64(49179), np.int64(37993), np.int64(36854), np.int64(37360), np.int64(33016), np.int64(10535), np.int64(19465), np.int64(33612), np.int64(13889), np.int64(12778), np.int64(22842), np.int64(512), np.int64(43441), np.int64(35369), np.int64(3436), np.int64(7231), np.int64(12011), np.int64(8561), np.int64(27522), np.int64(8813), np.int64(34342), np.int64(47029), np.int64(18774), np.int64(24694), np.int64(42791), np.int64(20594), np.int64(10732), np.int64(49750))","(0, 0, 0, 0, 0, 0, 0, 1, 0, 0, 0, 0, 0, 0, 0, 0, 0, 0, 0, 0, 0, 1, 0, 0, 0, 0, 0, 0, 1, 0, 0, 1, 0, 0, 0, 0, 0, 0, 0, 0, 0, 0, 0, 0, 0, 1, 0, 0, 0, 0)"
2.320464,50,176.001742,0,"(np.int64(40386), np.int64(41376), np.int64(26895), np.int64(17962), np.int64(41484), np.int64(17411), np.int64(42079), np.int64(9114), np.int64(710), np.int64(31030), np.int64(29597), np.int64(6329), np.int64(1788), np.int64(26991), np.int64(29449), np.int64(17685), np.int64(9500), np.int64(36331), np.int64(25513), np.int64(644), np.int64(27277), np.int64(19029), np.int64(12808), np.int64(1073), np.int64(23583), np.int64(3033), np.int64(35091), np.int64(696), np.int64(12888), np.int64(9824), np.int64(42435), np.int64(30343), np.int64(13141), np.int64(27694), np.int64(31621), np.int64(14016), np.int64(28264), np.int64(47517), np.int64(26391), np.int64(43384), np.int64(17780), np.int64(8224), np.int64(9306), np.int64(16733), np.int64(8240), np.int64(31669), np.int64(47877), np.int64(884), np.int64(47716), np.int64(4099))","(0, 0, 1, 0, 0, 0, 0, 0, 0, 0, 0, 1, 0, 0, 0, 0, 0, 0, 0, 0, 0, 0, 0, 0, 0, 0, 0, 0, 0, 0, 0, 0, 0, 0, 0, 0, 0, 0, 0, 0, 0, 0, 0, 1, 0, 0, 0, 0, 0, 0)"
5.157981,50,176.459758,0,"(np.int64(9892), np.int64(2792), np.int64(11129), np.int64(32449), np.int64(49356), np.int64(4551), np.int64(2034), np.int64(9293), np.int64(21834), np.int64(38571), np.int64(44481), np.int64(35043), np.int64(11300), np.int64(1286), np.int64(40486), np.int64(32381), np.int64(15953), np.int64(41500), np.int64(11586), np.int64(7286), np.int64(21845), np.int64(48965), np.int64(46830), np.int64(7820), np.int64(35042), np.int64(17088), np.int64(9365), np.int64(13289), np.int64(28333), np.int64(31190), np.int64(18398), np.int64(31984), np.int64(10174), np.int64(1795), np.int64(11204), np.int64(9711), np.int64(15396), np.int64(1199), np.int64(16352), np.int64(40597), np.int64(31628), np.int64(43241), np.int64(2819), np.int64(20410), np.int64(41764), np.int64(26794), np.int64(16830), np.int64(11545), np.int64(8176), np.int64(6342))","(0, 0, 0, 0, 0, 0, 0, 0, 0, 0, 0, 1, 0, 0, 0, 0, 0, 0, 0, 0, 0, 1, 0, 0, 1, 0, 0, 0, 0, 0, 0, 0, 1, 0, 0, 1, 0, 0, 0, 0, 0, 0, 0, 1, 0, 0, 0, 1, 0, 0)"
7.650064,50,176.915502,0,"(np.int64(14310), np.int64(36574), np.int64(17218), np.int64(28868), np.int64(28633), np.int64(9246), np.int64(46246), np.int64(11869), np.int64(44509), np.int64(39650), np.int64(25306), np.int64(18884), np.int64(14627), np.int64(38186), np.int64(11534), np.int64(8987), np.int64(2387), np.int64(26271), np.int64(29262), np.int64(11745), np.int64(33462), np.int64(31008), np.int64(38239), np.int64(21342), np.int64(31135), np.int64(17681), np.int64(48434), np.int64(2994), np.int64(34590), np.int64(8224), np.int64(36870), np.int64(6632), np.int64(27018), np.int64(6664), np.int64(33033), np.int64(19011), np.int64(45419), np.int64(42778), np.int64(3397), np.int64(15050), np.int64(35315), np.int64(8990), np.int64(22832), np.int64(41279), np.int64(44216), np.int64(45021), np.int64(23961), np.int64(46436), np.int64(21812), np.int64(10763))","(0, 0, 0, 1, 1, 1, 0, 1, 0, 1, 1, 0, 0, 0, 0, 0, 1, 0, 0, 0, 0, 0, 0, 1, 0, 0, 0, 0, 0, 0, 0, 0, 0, 0, 0, 0, 0, 0, 0, 0, 0, 0, 0, 0, 0, 0, 1, 0, 1, 0)"
1.351933,50,177.372091,0,"(np.int64(6200), np.int64(14197), np.int64(14387), np.int64(30141), np.int64(42169), np.int64(14282), np.int64(21774), np.int64(16085), np.int64(8758), np.int64(39102), np.int64(14984), np.int64(35613), np.int64(42784), np.int64(16837), np.int64(39128), np.int64(27100), np.int64(21770), np.int64(32649), np.int64(19138), np.int64(44161), np.int64(31619), np.int64(37645), np.int64(9904), np.int64(32054), np.int64(24605), np.int64(11450), np.int64(33280), np.int64(14369), np.int64(17319), np.int64(14051), np.int64(23619), np.int64(23360), np.int64(14109), np.int64(46276), np.int64(44198), np.int64(39965), np.int64(26679), np.int64(49015), np.int64(30308), np.int64(8250), np.int64(25896), np.int64(14428), np.int64(30369), np.int64(32544), np.int64(32278), np.int64(43162), np.int64(26962), np.int64(42172), np.int64(44351), np.int64(22502))","(0, 0, 0, 0, 0, 0, 0, 0, 0, 0, 0, 0, 0, 0, 0, 0, 0, 1, 0, 0, 0, 0, 0, 0, 0, 1, 0, 0, 0, 0, 0, 0, 0, 0, 0, 0, 0, 0, 0, 0, 0, 0, 0, 0, 0, 0, 0, 0, 0, 0)"
2.156121,50,177.823092,0,"(np.int64(10486), np.int64(48684), np.int64(13610), np.int64(14533), np.int64(6328), np.int64(48855), np.int64(36108), np.int64(45035), np.int64(48766), np.int64(22828), np.int64(29070), np.int64(38009), np.int64(28815), np.int64(32518), np.int64(36158), np.int64(20607), np.int64(49903), np.int64(31267), np.int64(38016), np.int64(30811), np.int64(2226), np.int64(27820), np.int64(10265), np.int64(8268), np.int64(24862), np.int64(38902), np.int64(37920), np.int64(6971), np.int64(26223), np.int64(35196), np.int64(9366), np.int64(11296), np.int64(35383), np.int64(420), np.int64(26254), np.int64(22341), np.int64(43743), np.int64(5778), np.int64(14602), np.int64(44712), np.int64(42930), np.int64(40882), np.int64(46328), np.int64(24942), np.int64(15391), np.int64(15948), np.int64(32087), np.int64(32575), np.int64(33164), np.int64(14088))","(0, 0, 0, 0, 0, 0, 0, 0, 0, 0, 0, 0, 1, 1, 0, 0, 0, 0, 0, 0, 0, 0, 0, 0, 0, 0, 0, 0, 0, 0, 0, 1, 0, 0, 0, 0, 0, 0, 0, 0, 0, 0, 0, 0, 0, 0, 0, 0, 0, 0)"
2.085982,50,178.275786,0,"(np.int64(6406), np.int64(31850), np.int64(8050), np.int64(43330), np.int64(3992), np.int64(27556), np.int64(22505), np.int64(41723), np.int64(22688), np.int64(10823), np.int64(31079), np.int64(41878), np.int64(46928), np.int64(45708), np.int64(42025), np.int64(27060), np.int64(10647), np.int64(35739), np.int64(49399), np.int64(45492), np.int64(3147), np.int64(17480), np.int64(37995), np.int64(40617), np.int64(39312), np.int64(2624), np.int64(14180), np.int64(37846), np.int64(35073), np.int64(30498), np.int64(37912), np.int64(30267), np.int64(14815), np.int64(34164), np.int64(48700), np.int64(30837), np.int64(705), np.int64(44478), np.int64(22486), np.int64(48700), np.int64(1874), np.int64(42796), np.int64(47312), np.int64(25504), np.int64(19280), np.int64(26589), np.int64(16059), np.int64(14145), np.int64(30191), np.int64(27374))","(0, 0, 0, 0, 0, 0, 0, 0, 0, 0, 0, 0, 0, 0, 0, 0, 0, 0, 0, 0, 0, 0, 0, 0, 0, 0, 0, 0, 0, 0, 0, 1, 0, 0, 0, 0, 0, 0, 0, 0, 1, 0, 0, 0, 0, 1, 0, 0, 0, 0)"
1.502501,50,178.726572,0,"(np.int64(46669), np.int64(39539), np.int64(26861), np.int64(26451), np.int64(45452), np.int64(11804), np.int64(37242), np.int64(29958), np.int64(29868), np.int64(10924), np.int64(29044), np.int64(23887), np.int64(40176), np.int64(37044), np.int64(38976), np.int64(16659), np.int64(29287), np.int64(36709), np.int64(15873), np.int64(35158), np.int64(27906), np.int64(15785), np.int64(47504), np.int64(4489), np.int64(49450), np.int64(23953), np.int64(39111), np.int64(42504), np.int64(1075), np.int64(31062), np.int64(5277), np.int64(23100), np.int64(40486), np.int64(49280), np.int64(15221), np.int64(48179), np.int64(32907), np.int64(35623), np.int64(1760), np.int64(1093), np.int64(5799), np.int64(37899), np.int64(42603), np.int64(49037), np.int64(30258), np.int64(10628), np.int64(1725), np.int64(6967), np.int64(20781), np.int64(26371))","(0, 0, 0, 0, 0, 0, 0, 0, 0, 0, 0, 0, 0, 0, 0, 0, 0, 0, 0, 0, 0, 0, 0, 0, 0, 0, 0, 0, 0, 0, 0, 0, 0, 0, 0, 0, 0, 0, 0, 0, 0, 0, 0, 0, 0, 0, 0, 1, 0, 1)"
7.547063,50,179.183584,0,"(np.int64(25516), np.int64(42472), np.int64(11983), np.int64(32959), np.int64(21038), np.int64(25987), np.int64(25820), np.int64(42781), np.int64(25745), np.int64(41890), np.int64(1758), np.int64(46960), np.int64(34865), np.int64(30030), np.int64(45941), np.int64(35563), np.int64(5935), np.int64(29323), np.int64(18030), np.int64(1679), np.int64(41673), np.int64(3191), np.int64(2349), np.int64(943), np.int64(2781), np.int64(32271), np.int64(6309), np.int64(21780), np.int64(25031), np.int64(25484), np.int64(42101), np.int64(35574), np.int64(2791), np.int64(39395), np.int64(16853), np.int64(15737), np.int64(48143), np.int64(31343), np.int64(28011), np.int64(2541), np.int64(2733), np.int64(37161), np.int64(26143), np.int64(31253), np.int64(46217), np.int64(22533), np.int64(14932), np.int64(13618), np.int64(28596), np.int64(38553))","(0, 0, 0, 0, 1, 0, 0, 0, 0, 0, 0, 0, 0, 0, 0, 0, 0, 0, 0, 0, 0, 0, 0, 0, 0, 0, 1, 0, 1, 1, 0, 1, 0, 1, 1, 0, 0, 0, 0, 0, 0, 0, 1, 0, 0, 0, 1, 0, 1, 0)"
5.454303,50,179.637245,0,"(np.int64(22335), np.int64(28761), np.int64(30356), np.int64(30648), np.int64(40411), np.int64(5711), np.int64(24142), np.int64(28159), np.int64(2129), np.int64(23373), np.int64(36316), np.int64(6021), np.int64(8966), np.int64(38109), np.int64(46283), np.int64(538), np.int64(18136), np.int64(18880), np.int64(31277), np.int64(13597), np.int64(40386), np.int64(4152), np.int64(5463), np.int64(28215), np.int64(2222), np.int64(11390), np.int64(24549), np.int64(9071), np.int64(20743), np.int64(45969), np.int64(17173), np.int64(49619), np.int64(1044), np.int64(16055), np.int64(23397), np.int64(45047), np.int64(27412), np.int64(8558), np.int64(29699), np.int64(22660), np.int64(39062), np.int64(39065), np.int64(20551), np.int64(333), np.int64(36253), np.int64(32739), np.int64(43095), np.int64(12025), np.int64(29108), np.int64(9131))","(0, 1, 0, 0, 0, 0, 0, 0, 0, 0, 0, 0, 0, 0, 0, 0, 1, 0, 0, 0, 0, 0, 1, 0, 0, 1, 1, 0, 0, 0, 0, 0, 0, 0, 0, 0, 0, 0, 0, 0, 0, 0, 1, 1, 0, 0, 0, 0, 0, 0)"
6.373624,50,180.090627,0,"(np.int64(3248), np.int64(30507), np.int64(40705), np.int64(37343), np.int64(6731), np.int64(10637), np.int64(27654), np.int64(44255), np.int64(12608), np.int64(7407), np.int64(24306), np.int64(40592), np.int64(11859), np.int64(38957), np.int64(41343), np.int64(30524), np.int64(20537), np.int64(9978), np.int64(26733), np.int64(16188), np.int64(37053), np.int64(22239), np.int64(27850), np.int64(6408), np.int64(24428), np.int64(41057), np.int64(25428), np.int64(38170), np.int64(19366), np.int64(35417), np.int64(31363), np.int64(5729), np.int64(19970), np.int64(20794), np.int64(8327), np.int64(5543), np.int64(18527), np.int64(1809), np.int64(19985), np.int64(32573), np.int64(37849), np.int64(8410), np.int64(10899), np.int64(39189), np.int64(37189), np.int64(725), np.int64(25112), np.int64(27539), np.int64(586), np.int64(40039))","(0, 0, 1, 0, 0, 1, 0, 0, 0, 0, 1, 0, 1, 0, 0, 0, 0, 0, 0, 0, 0, 0, 0, 0, 0, 0, 1, 0, 1, 1, 0, 0, 0, 0, 0, 0, 0, 0, 0, 0, 0, 0, 1, 0, 0, 0, 0, 0, 0, 1)"
4.413446,50,180.558369,0,"(np.int64(19717), np.int64(36205), np.int64(47308), np.int64(24851), np.int64(23515), np.int64(19828), np.int64(7052), np.int64(23422), np.int64(15692), np.int64(30624), np.int64(32450), np.int64(6744), np.int64(23266), np.int64(35357), np.int64(35276), np.int64(1277), np.int64(42539), np.int64(36565), np.int64(6938), np.int64(22602), np.int64(32507), np.int64(31079), np.int64(34348), np.int64(36465), np.int64(17865), np.int64(3237), np.int64(10929), np.int64(35811), np.int64(35377), np.int64(35847), np.int64(28021), np.int64(28867), np.int64(27985), np.int64(18790), np.int64(42179), np.int64(81), np.int64(36964), np.int64(12787), np.int64(2640), np.int64(34156), np.int64(31069), np.int64(48520), np.int64(20338), np.int64(19714), np.int64(41686), np.int64(16156), np.int64(46983), np.int64(28340), np.int64(36353), np.int64(10184))","(1, 0, 0, 0, 0, 0, 0, 0, 0, 0, 0, 0, 0, 0, 0, 0, 0, 0, 1, 0, 0, 0, 0, 0, 0, 0, 0, 0, 0, 0, 0, 0, 1, 0, 0, 1, 0, 0, 0, 0, 1, 0, 0, 0, 1, 0, 0, 0, 0, 0)"
3.074188,50,181.028098,0,"(np.int64(15606), np.int64(19892), np.int64(20842), np.int64(22063), np.int64(6897), np.int64(39510), np.int64(5132), np.int64(25709), np.int64(30857), np.int64(9331), np.int64(20914), np.int64(33202), np.int64(46966), np.int64(43950), np.int64(819), np.int64(6770), np.int64(5196), np.int64(46849), np.int64(11737), np.int64(28017), np.int64(47411), np.int64(34757), np.int64(125), np.int64(2851), np.int64(34696), np.int64(40621), np.int64(10352), np.int64(17633), np.int64(47989), np.int64(12828), np.int64(40850), np.int64(21819), np.int64(1386), np.int64(33850), np.int64(46218), np.int64(3413), np.int64(43844), np.int64(2266), np.int64(2801), np.int64(5384), np.int64(39188), np.int64(39876), np.int64(14295), np.int64(14623), np.int64(2727), np.int64(2047), np.int64(20075), np.int64(10354), np.int64(8057), np.int64(42841))","(0, 0, 0, 0, 0, 0, 0, 0, 0, 0, 0, 0, 0, 0, 0, 0, 1, 0, 0, 0, 0, 0, 0, 0, 0, 0, 0, 0, 0, 0, 0, 0, 0, 0, 0, 0, 0, 0, 0, 1, 1, 0, 1, 0, 0, 0, 0, 0, 0, 0)"
5.495311,50,181.483339,0,"(np.int64(36023), np.int64(49880), np.int64(17236), np.int64(30150), np.int64(5269), np.int64(43863), np.int64(48907), np.int64(14501), np.int64(18326), np.int64(44831), np.int64(12111), np.int64(45741), np.int64(34010), np.int64(2653), np.int64(6353), np.int64(48302), np.int64(40942), np.int64(12079), np.int64(37349), np.int64(43015), np.int64(30028), np.int64(21242), np.int64(26583), np.int64(5546), np.int64(42416), np.int64(1326), np.int64(27515), np.int64(22306), np.int64(50003), np.int64(27256), np.int64(49480), np.int64(17901), np.int64(1118), np.int64(29669), np.int64(36380), np.int64(35054), np.int64(28888), np.int64(16609), np.int64(26160), np.int64(4116), np.int64(14952), np.int64(10931), np.int64(1103), np.int64(24648), np.int64(41969), np.int64(15897), np.int64(25451), np.int64(31607), np.int64(48130), np.int64(30261))","(0, 0, 0, 0, 0, 0, 0, 0, 0, 0, 0, 0, 0, 0, 0, 0, 0, 1, 0, 0, 0, 0, 0, 0, 0, 0, 0, 0, 0, 0, 0, 1, 1, 0, 1, 0, 1, 0, 0, 0, 0, 0, 1, 0, 0, 0, 0, 1, 0, 0)"
6.138232,50,181.940328,0,"(np.int64(21336), np.int64(11545), np.int64(45791), np.int64(11798), np.int64(47468), np.int64(16785), np.int64(39256), np.int64(26880), np.int64(25729), np.int64(36825), np.int64(11520), np.int64(49882), np.int64(31451), np.int64(12756), np.int64(11869), np.int64(20068), np.int64(14773), np.int64(45133), np.int64(4149), np.int64(34663), np.int64(13284), np.int64(44849), np.int64(10647), np.int64(11584), np.int64(12066), np.int64(16466), np.int64(11714), np.int64(45200), np.int64(1384), np.int64(21074), np.int64(39761), np.int64(24717), np.int64(34768), np.int64(36722), np.int64(2156), np.int64(41833), np.int64(21583), np.int64(39432), np.int64(27842), np.int64(49899), np.int64(8321), np.int64(17017), np.int64(14029), np.int64(27223), np.int64(47833), np.int64(34617), np.int64(24915), np.int64(26840), np.int64(36012), np.int64(23801))","(0, 1, 0, 0, 0, 0, 0, 1, 0, 0, 1, 0, 0, 0, 1, 0, 0, 0, 0, 0, 1, 0, 0, 0, 0, 0, 0, 0, 0, 0, 0, 0, 0, 0, 1, 0, 0, 0, 0, 0, 1, 0, 0, 0, 0, 0, 1, 0, 0, 0)"
3.687589,50,182.396375,0,"(np.int64(36419), np.int64(17754), np.int64(7844), np.int64(47710), np.int64(5241), np.int64(35462), np.int64(47626), np.int64(49067), np.int64(30136), np.int64(2178), np.int64(32930), np.int64(21149), np.int64(12406), np.int64(12511), np.int64(49263), np.int64(16481), np.int64(40713), np.int64(18792), np.int64(26330), np.int64(44731), np.int64(49925), np.int64(13435), np.int64(16414), np.int64(47750), np.int64(43646), np.int64(36734), np.int64(43179), np.int64(38050), np.int64(14895), np.int64(10229), np.int64(41497), np.int64(37744), np.int64(22043), np.int64(24883), np.int64(323), np.int64(27783), np.int64(22421), np.int64(3853), np.int64(37836), np.int64(15651), np.int64(2225), np.int64(10293), np.int64(36831), np.int64(49996), np.int64(29521), np.int64(41121), np.int64(34562), np.int64(41493), np.int64(24255), np.int64(8057))","(1, 1, 0, 0, 0, 0, 0, 0, 0, 0, 0, 0, 0, 0, 0, 0, 0, 1, 0, 0, 0, 0, 0, 1, 0, 0, 0, 0, 0, 0, 0, 1, 0, 0, 0, 0, 0, 0, 0, 0, 0, 0, 0, 0, 0, 0, 0, 0, 0, 0)"
4.819049,50,182.852197,0,"(np.int64(26263), np.int64(9278), np.int64(27318), np.int64(29924), np.int64(49073), np.int64(37360), np.int64(43155), np.int64(38851), np.int64(9353), np.int64(30452), np.int64(4154), np.int64(1921), np.int64(1345), np.int64(11764), np.int64(18596), np.int64(25543), np.int64(14850), np.int64(42788), np.int64(1802), np.int64(10066), np.int64(29776), np.int64(7217), np.int64(7382), np.int64(34796), np.int64(16750), np.int64(26644), np.int64(35744), np.int64(34287), np.int64(45174), np.int64(46515), np.int64(24010), np.int64(40655), np.int64(35719), np.int64(34248), np.int64(23447), np.int64(28636), np.int64(10851), np.int64(7669), np.int64(32665), np.int64(4579), np.int64(33538), np.int64(44229), np.int64(32089), np.int64(9578), np.int64(32974), np.int64(36931), np.int64(13300), np.int64(40544), np.int64(13670), np.int64(31224))","(0, 0, 0, 0, 0, 0, 0, 0, 0, 0, 0, 0, 1, 0, 0, 1, 0, 0, 0, 0, 0, 0, 0, 0, 0, 0, 1, 0, 0, 0, 0, 0, 0, 0, 1, 0, 0, 0, 0, 1, 0, 0, 0, 0, 0, 0, 1, 0, 0, 0)"
1.372236,50,183.305645,0,"(np.int64(22371), np.int64(1240), np.int64(30246), np.int64(4796), np.int64(8034), np.int64(28818), np.int64(16386), np.int64(22447), np.int64(35077), np.int64(46066), np.int64(48887), np.int64(15415), np.int64(17345), np.int64(48601), np.int64(42582), np.int64(20281), np.int64(29768), np.int64(11879), np.int64(28964), np.int64(43212), np.int64(35194), np.int64(35006), np.int64(8949), np.int64(36796), np.int64(33860), np.int64(774), np.int64(18627), np.int64(28912), np.int64(27704), np.int64(7641), np.int64(35967), np.int64(44573), np.int64(47200), np.int64(37235), np.int64(9945), np.int64(39017), np.int64(3463), np.int64(25105), np.int64(40824), np.int64(48295), np.int64(38746), np.int64(42275), np.int64(12000), np.int64(6983), np.int64(22684), np.int64(44418), np.int64(35507), np.int64(42341), np.int64(48606), np.int64(39077))","(0, 0, 0, 0, 0, 0, 0, 0, 0, 0, 0, 0, 0, 0, 0, 0, 0, 0, 0, 0, 0, 0, 0, 0, 0, 1, 0, 0, 1, 0, 0, 0, 0, 0, 0, 0, 0, 0, 0, 0, 0, 0, 0, 0, 0, 0, 0, 0, 0, 0)"
2.876548,50,183.758065,0,"(np.int64(17295), np.int64(29475), np.int64(1322), np.int64(47577), np.int64(22927), np.int64(15174), np.int64(47369), np.int64(17152), np.int64(42621), np.int64(129), np.int64(16295), np.int64(28104), np.int64(47202), np.int64(37108), np.int64(33978), np.int64(10071), np.int64(43870), np.int64(34293), np.int64(7437), np.int64(1916), np.int64(35147), np.int64(9120), np.int64(44320), np.int64(37525), np.int64(31003), np.int64(12527), np.int64(23004), np.int64(29270), np.int64(22085), np.int64(10151), np.int64(6747), np.int64(2269), np.int64(45560), np.int64(8908), np.int64(24109), np.int64(639), np.int64(5683), np.int64(24693), np.int64(44061), np.int64(33028), np.int64(42352), np.int64(18196), np.int64(21926), np.int64(15903), np.int64(25470), np.int64(11502), np.int64(7526), np.int64(26557), np.int64(47818), np.int64(24946))","(0, 0, 0, 1, 0, 0, 0, 0, 0, 0, 0, 0, 0, 0, 0, 0, 0, 0, 0, 0, 0, 0, 0, 0, 0, 1, 0, 0, 0, 0, 0, 0, 0, 0, 0, 0, 0, 1, 0, 0, 0, 0, 0, 0, 1, 0, 0, 0, 0, 0)"
2.459832,50,184.211851,0,"(np.int64(44888), np.int64(21222), np.int64(12132), np.int64(11721), np.int64(43141), np.int64(30566), np.int64(44969), np.int64(33), np.int64(29205), np.int64(20931), np.int64(8944), np.int64(24410), np.int64(28295), np.int64(32718), np.int64(37226), np.int64(1611), np.int64(12494), np.int64(34935), np.int64(30958), np.int64(42210), np.int64(6995), np.int64(30970), np.int64(14378), np.int64(45857), np.int64(49253), np.int64(45807), np.int64(49527), np.int64(32966), np.int64(37563), np.int64(39802), np.int64(6437), np.int64(38752), np.int64(15205), np.int64(18134), np.int64(7700), np.int64(21463), np.int64(5032), np.int64(48096), np.int64(46926), np.int64(29109), np.int64(13430), np.int64(23855), np.int64(48528), np.int64(34369), np.int64(15228), np.int64(7855), np.int64(27290), np.int64(47431), np.int64(34779), np.int64(44128))","(0, 0, 1, 0, 0, 0, 0, 0, 0, 0, 1, 0, 0, 0, 1, 0, 0, 0, 0, 0, 0, 0, 0, 0, 0, 0, 0, 0, 0, 0, 0, 0, 0, 0, 0, 0, 0, 0, 0, 0, 0, 0, 0, 0, 0, 0, 0, 0, 0, 0)"
6.761719,50,184.664141,0,"(np.int64(17589), np.int64(15590), np.int64(34317), np.int64(29545), np.int64(36206), np.int64(1371), np.int64(6024), np.int64(21770), np.int64(26423), np.int64(18848), np.int64(33124), np.int64(8779), np.int64(35593), np.int64(12400), np.int64(36773), np.int64(21242), np.int64(8964), np.int64(11909), np.int64(22060), np.int64(2024), np.int64(7825), np.int64(45647), np.int64(27177), np.int64(22515), np.int64(47589), np.int64(26046), np.int64(7910), np.int64(49568), np.int64(32754), np.int64(17138), np.int64(29458), np.int64(17203), np.int64(12037), np.int64(25960), np.int64(18569), np.int64(43506), np.int64(11354), np.int64(20704), np.int64(47811), np.int64(46320), np.int64(40219), np.int64(10947), np.int64(20821), np.int64(26606), np.int64(7828), np.int64(46280), np.int64(25038), np.int64(12509), np.int64(14680), np.int64(16483))","(0, 1, 0, 0, 0, 0, 1, 0, 0, 1, 0, 0, 0, 0, 0, 0, 1, 0, 0, 0, 0, 0, 0, 0, 0, 1, 0, 0, 0, 0, 0, 0, 0, 0, 1, 0, 0, 1, 0, 1, 0, 0, 0, 0, 1, 0, 0, 0, 0, 0)"
5.410092,50,185.116514,0,"(np.int64(39601), np.int64(13857), np.int64(4956), np.int64(39599), np.int64(35938), np.int64(41728), np.int64(19624), np.int64(17956), np.int64(682), np.int64(2951), np.int64(1107), np.int64(26377), np.int64(1406), np.int64(4048), np.int64(14758), np.int64(28056), np.int64(5617), np.int64(36085), np.int64(29218), np.int64(36667), np.int64(29531), np.int64(45486), np.int64(145), np.int64(7448), np.int64(24214), np.int64(3070), np.int64(43246), np.int64(36737), np.int64(17690), np.int64(42977), np.int64(20146), np.int64(2249), np.int64(6317), np.int64(28536), np.int64(20992), np.int64(15737), np.int64(40617), np.int64(49566), np.int64(27652), np.int64(18179), np.int64(3782), np.int64(22306), np.int64(19408), np.int64(18107), np.int64(12482), np.int64(43073), np.int64(43128), np.int64(3020), np.int64(18007), np.int64(37926))","(0, 0, 0, 0, 0, 0, 0, 0, 0, 0, 0, 1, 0, 0, 0, 0, 0, 0, 0, 0, 1, 0, 0, 0, 0, 0, 0, 0, 0, 0, 1, 0, 1, 0, 0, 0, 0, 0, 0, 0, 1, 0, 0, 0, 0, 0, 0, 1, 1, 0)"
6.728856,50,185.569371,0,"(np.int64(479), np.int64(23365), np.int64(6672), np.int64(849), np.int64(4150), np.int64(47011), np.int64(37086), np.int64(26996), np.int64(26892), np.int64(2575), np.int64(47514), np.int64(31939), np.int64(45190), np.int64(38516), np.int64(19571), np.int64(23632), np.int64(24786), np.int64(31467), np.int64(28635), np.int64(34677), np.int64(43746), np.int64(36330), np.int64(43068), np.int64(7065), np.int64(27082), np.int64(22077), np.int64(48629), np.int64(3474), np.int64(42513), np.int64(47972), np.int64(38271), np.int64(49443), np.int64(20912), np.int64(4829), np.int64(1965), np.int64(5222), np.int64(26783), np.int64(45676), np.int64(1878), np.int64(21102), np.int64(45799), np.int64(4674), np.int64(46661), np.int64(12300), np.int64(8917), np.int64(13263), np.int64(10023), np.int64(43841), np.int64(27518), np.int64(13592))","(0, 1, 0, 0, 0, 0, 0, 0, 0, 0, 0, 0, 0, 0, 1, 1, 0, 0, 0, 0, 0, 0, 0, 1, 0, 0, 0, 0, 1, 0, 1, 0, 0, 0, 0, 0, 0, 0, 1, 1, 0, 0, 0, 0, 1, 0, 0, 0, 0, 0)"
2.310042,50,186.020868,0,"(np.int64(47654), np.int64(11883), np.int64(1377), np.int64(27548), np.int64(29889), np.int64(27856), np.int64(35182), np.int64(38510), np.int64(24728), np.int64(18578), np.int64(41379), np.int64(11373), np.int64(28074), np.int64(34206), np.int64(12901), np.int64(22423), np.int64(46080), np.int64(22069), np.int64(36962), np.int64(18805), np.int64(11616), np.int64(14486), np.int64(42814), np.int64(40474), np.int64(7305), np.int64(169), np.int64(26066), np.int64(47172), np.int64(28644), np.int64(26075), np.int64(28627), np.int64(34716), np.int64(1294), np.int64(26044), np.int64(4159), np.int64(6130), np.int64(14294), np.int64(44934), np.int64(37384), np.int64(15944), np.int64(41452), np.int64(33040), np.int64(37642), np.int64(14524), np.int64(15084), np.int64(37877), np.int64(27879), np.int64(40053), np.int64(21629), np.int64(31275))","(0, 0, 0, 0, 0, 0, 0, 0, 0, 0, 0, 0, 0, 0, 1, 0, 0, 0, 1, 0, 0, 0, 0, 0, 0, 0, 0, 0, 0, 0, 0, 0, 1, 0, 0, 0, 0, 0, 0, 0, 0, 0, 0, 0, 0, 0, 0, 0, 0, 0)"
7.536357,50,191.746477,0,"(np.int64(3892), np.int64(5346), np.int64(18092), np.int64(25247), np.int64(5882), np.int64(30985), np.int64(19453), np.int64(45616), np.int64(44044), np.int64(23360), np.int64(17965), np.int64(4832), np.int64(16294), np.int64(31637), np.int64(23771), np.int64(7866), np.int64(41141), np.int64(21871), np.int64(43720), np.int64(40851), np.int64(4078), np.int64(41210), np.int64(5469), np.int64(26935), np.int64(22550), np.int64(48420), np.int64(9127), np.int64(1750), np.int64(38217), np.int64(11278), np.int64(1100), np.int64(36759), np.int64(8189), np.int64(17865), np.int64(29992), np.int64(28103), np.int64(4448), np.int64(33587), np.int64(32009), np.int64(26109), np.int64(12185), np.int64(29212), np.int64(3998), np.int64(13157), np.int64(47097), np.int64(8896), np.int64(33668), np.int64(28952), np.int64(16265), np.int64(27576))","(0, 1, 0, 0, 0, 1, 1, 0, 0, 0, 0, 0, 0, 0, 0, 0, 0, 1, 1, 0, 0, 0, 1, 0, 0, 0, 0, 0, 0, 0, 1, 0, 0, 0, 0, 0, 0, 0, 0, 0, 0, 0, 1, 0, 1, 0, 0, 1, 0, 0)"
3.012437,50,192.201463,0,"(np.int64(38219), np.int64(2283), np.int64(4092), np.int64(28761), np.int64(30507), np.int64(48505), np.int64(34468), np.int64(40735), np.int64(27874), np.int64(39312), np.int64(4033), np.int64(31311), np.int64(37801), np.int64(46214), np.int64(33669), np.int64(26499), np.int64(23978), np.int64(32591), np.int64(46315), np.int64(27854), np.int64(33628), np.int64(16225), np.int64(27575), np.int64(20642), np.int64(15106), np.int64(24860), np.int64(45246), np.int64(10812), np.int64(7104), np.int64(3246), np.int64(10117), np.int64(38459), np.int64(11846), np.int64(5185), np.int64(26634), np.int64(2587), np.int64(32787), np.int64(2259), np.int64(33099), np.int64(34923), np.int64(13994), np.int64(25620), np.int64(2238), np.int64(8101), np.int64(28125), np.int64(9793), np.int64(20887), np.int64(12427), np.int64(42000), np.int64(27739))","(0, 0, 1, 1, 0, 0, 0, 0, 0, 0, 0, 0, 0, 0, 0, 0, 0, 0, 0, 0, 0, 0, 0, 0, 0, 0, 0, 0, 0, 0, 0, 0, 0, 0, 0, 1, 0, 0, 0, 0, 0, 0, 0, 0, 0, 0, 1, 0, 0, 0)"
5.068173,50,192.651665,0,"(np.int64(16443), np.int64(38013), np.int64(17208), np.int64(44489), np.int64(41862), np.int64(12645), np.int64(9665), np.int64(35370), np.int64(33712), np.int64(41585), np.int64(10102), np.int64(46810), np.int64(3297), np.int64(16711), np.int64(47633), np.int64(49684), np.int64(4894), np.int64(32630), np.int64(30432), np.int64(33762), np.int64(7729), np.int64(12283), np.int64(33991), np.int64(42858), np.int64(48562), np.int64(29259), np.int64(31615), np.int64(32953), np.int64(13856), np.int64(30484), np.int64(27320), np.int64(44559), np.int64(39415), np.int64(48592), np.int64(45771), np.int64(30300), np.int64(27191), np.int64(42408), np.int64(3489), np.int64(37728), np.int64(9670), np.int64(38273), np.int64(28628), np.int64(45964), np.int64(25760), np.int64(7579), np.int64(23982), np.int64(36371), np.int64(44027), np.int64(31239))","(0, 0, 0, 0, 0, 0, 0, 0, 0, 0, 0, 0, 1, 0, 0, 0, 1, 0, 0, 0, 0, 0, 0, 1, 0, 0, 1, 1, 0, 0, 0, 0, 0, 0, 0, 0, 0, 0, 0, 0, 0, 0, 0, 0, 0, 0, 1, 1, 0, 0)"
3.050688,50,193.099559,0,"(np.int64(49146), np.int64(39815), np.int64(17434), np.int64(11708), np.int64(16268), np.int64(40319), np.int64(28699), np.int64(30786), np.int64(22079), np.int64(39469), np.int64(42030), np.int64(6189), np.int64(27820), np.int64(31844), np.int64(18530), np.int64(12147), np.int64(42227), np.int64(48382), np.int64(38530), np.int64(43674), np.int64(37042), np.int64(40799), np.int64(1691), np.int64(34003), np.int64(15129), np.int64(48827), np.int64(22646), np.int64(1187), np.int64(4371), np.int64(37207), np.int64(39511), np.int64(20384), np.int64(17297), np.int64(40886), np.int64(29202), np.int64(42674), np.int64(32704), np.int64(42544), np.int64(711), np.int64(11485), np.int64(30263), np.int64(15736), np.int64(24957), np.int64(25030), np.int64(45403), np.int64(42476), np.int64(22451), np.int64(47927), np.int64(1462), np.int64(23836))","(0, 0, 0, 0, 0, 0, 0, 0, 0, 0, 0, 1, 0, 0, 0, 0, 0, 0, 0, 0, 0, 0, 0, 0, 1, 0, 0, 0, 0, 1, 0, 0, 0, 0, 0, 0, 0, 0, 0, 0, 0, 0, 1, 0, 0, 0, 0, 0, 0, 0)"
0.68234,50,193.55014,0,"(np.int64(34908), np.int64(30735), np.int64(5546), np.int64(34824), np.int64(40652), np.int64(30715), np.int64(29031), np.int64(22098), np.int64(37087), np.int64(34445), np.int64(4653), np.int64(46272), np.int64(2915), np.int64(23267), np.int64(22130), np.int64(5587), np.int64(2210), np.int64(7636), np.int64(38481), np.int64(2712), np.int64(22059), np.int64(25556), np.int64(26310), np.int64(14606), np.int64(48982), np.int64(11618), np.int64(49775), np.int64(38572), np.int64(37204), np.int64(7151), np.int64(49545), np.int64(1623), np.int64(31012), np.int64(42388), np.int64(1598), np.int64(24758), np.int64(14847), np.int64(30835), np.int64(22552), np.int64(7362), np.int64(45101), np.int64(38714), np.int64(16634), np.int64(44191), np.int64(1468), np.int64(49250), np.int64(27769), np.int64(33738), np.int64(38728), np.int64(36605))","(0, 0, 0, 0, 0, 0, 0, 0, 0, 0, 0, 0, 0, 0, 0, 0, 0, 0, 0, 0, 0, 0, 0, 0, 0, 0, 0, 0, 0, 0, 0, 0, 0, 0, 0, 0, 1, 0, 0, 0, 0, 0, 0, 0, 0, 0, 0, 0, 0, 0)"
2.939428,50,193.99976,0,"(np.int64(42319), np.int64(31508), np.int64(16510), np.int64(33227), np.int64(24182), np.int64(21804), np.int64(7420), np.int64(9135), np.int64(48752), np.int64(41433), np.int64(7286), np.int64(42582), np.int64(46179), np.int64(12959), np.int64(23271), np.int64(39418), np.int64(25551), np.int64(4851), np.int64(40868), np.int64(10663), np.int64(5102), np.int64(2962), np.int64(49233), np.int64(18354), np.int64(39471), np.int64(4110), np.int64(3454), np.int64(11626), np.int64(14692), np.int64(47370), np.int64(22555), np.int64(20276), np.int64(36150), np.int64(48924), np.int64(23275), np.int64(30351), np.int64(39848), np.int64(3860), np.int64(18145), np.int64(25660), np.int64(23630), np.int64(41457), np.int64(38035), np.int64(26503), np.int64(20623), np.int64(24771), np.int64(29816), np.int64(41487), np.int64(33524), np.int64(25766))","(0, 0, 0, 0, 1, 0, 0, 0, 0, 0, 0, 0, 0, 0, 0, 0, 0, 0, 0, 0, 0, 0, 0, 0, 0, 0, 0, 0, 1, 0, 0, 0, 0, 0, 0, 0, 0, 0, 0, 0, 0, 0, 0, 1, 1, 0, 0, 0, 0, 0)"
2.937508,50,194.482628,0,"(np.int64(29903), np.int64(46497), np.int64(48032), np.int64(13651), np.int64(457), np.int64(19105), np.int64(5867), np.int64(50011), np.int64(11370), np.int64(14310), np.int64(28469), np.int64(43199), np.int64(8002), np.int64(14531), np.int64(46094), np.int64(23157), np.int64(15198), np.int64(31419), np.int64(25706), np.int64(19027), np.int64(1431), np.int64(29191), np.int64(35631), np.int64(12136), np.int64(49952), np.int64(40950), np.int64(35322), np.int64(48140), np.int64(4989), np.int64(27944), np.int64(17477), np.int64(27878), np.int64(11639), np.int64(44697), np.int64(78), np.int64(42520), np.int64(25682), np.int64(46718), np.int64(49143), np.int64(30521), np.int64(26711), np.int64(13548), np.int64(17757), np.int64(33995), np.int64(35420), np.int64(16303), np.int64(30217), np.int64(23785), np.int64(31020), np.int64(39655))","(0, 0, 0, 0, 0, 0, 0, 0, 0, 0, 1, 0, 0, 0, 0, 0, 1, 0, 0, 0, 0, 0, 0, 0, 0, 0, 0, 0, 0, 0, 0, 0, 0, 0, 0, 0, 1, 0, 0, 0, 0, 0, 1, 0, 0, 0, 0, 0, 0, 0)"
3.98821,50,194.928914,0,"(np.int64(17880), np.int64(7890), np.int64(31814), np.int64(43318), np.int64(5307), np.int64(39660), np.int64(42239), np.int64(8594), np.int64(25644), np.int64(41373), np.int64(12293), np.int64(2036), np.int64(33959), np.int64(18525), np.int64(2108), np.int64(40501), np.int64(33328), np.int64(12207), np.int64(31787), np.int64(16644), np.int64(41420), np.int64(4725), np.int64(11191), np.int64(20890), np.int64(176), np.int64(37613), np.int64(12881), np.int64(15209), np.int64(41761), np.int64(10611), np.int64(46594), np.int64(39422), np.int64(40316), np.int64(4115), np.int64(47382), np.int64(46814), np.int64(11621), np.int64(39118), np.int64(27585), np.int64(14801), np.int64(7200), np.int64(9804), np.int64(46095), np.int64(23175), np.int64(43866), np.int64(40678), np.int64(24824), np.int64(48590), np.int64(10199), np.int64(43166))","(0, 0, 0, 0, 0, 0, 0, 1, 0, 0, 0, 1, 0, 0, 0, 0, 0, 0, 0, 1, 0, 1, 0, 0, 0, 0, 0, 0, 0, 0, 0, 0, 0, 0, 0, 0, 0, 0, 0, 1, 0, 0, 0, 0, 0, 0, 0, 0, 0, 0)"
4.338002,50,195.381025,0,"(np.int64(45114), np.int64(45026), np.int64(7476), np.int64(19182), np.int64(39077), np.int64(776), np.int64(20066), np.int64(38538), np.int64(19464), np.int64(47135), np.int64(43879), np.int64(21394), np.int64(4703), np.int64(15434), np.int64(39680), np.int64(20713), np.int64(43477), np.int64(16435), np.int64(14665), np.int64(28636), np.int64(4200), np.int64(6288), np.int64(15693), np.int64(27966), np.int64(8750), np.int64(20411), np.int64(3605), np.int64(36902), np.int64(20849), np.int64(46137), np.int64(48627), np.int64(5159), np.int64(28212), np.int64(39113), np.int64(29745), np.int64(12535), np.int64(34518), np.int64(35289), np.int64(17141), np.int64(7503), np.int64(14434), np.int64(20729), np.int64(26306), np.int64(49197), np.int64(20082), np.int64(16580), np.int64(46612), np.int64(41197), np.int64(38724), np.int64(17745))","(0, 0, 1, 0, 0, 0, 1, 0, 0, 0, 0, 0, 0, 0, 0, 0, 0, 0, 0, 0, 0, 0, 0, 0, 0, 0, 0, 0, 0, 1, 0, 0, 0, 0, 0, 0, 0, 0, 0, 1, 0, 0, 0, 0, 0, 0, 0, 1, 0, 1)"
2.383409,50,195.834781,0,"(np.int64(43445), np.int64(28567), np.int64(16139), np.int64(22044), np.int64(28702), np.int64(23051), np.int64(4091), np.int64(4621), np.int64(36494), np.int64(36634), np.int64(6364), np.int64(6070), np.int64(1003), np.int64(41979), np.int64(21047), np.int64(1261), np.int64(11302), np.int64(34136), np.int64(5287), np.int64(37010), np.int64(40003), np.int64(32099), np.int64(21997), np.int64(7750), np.int64(19365), np.int64(2551), np.int64(7939), np.int64(18910), np.int64(48099), np.int64(15551), np.int64(17150), np.int64(4299), np.int64(14652), np.int64(22450), np.int64(29253), np.int64(21402), np.int64(498), np.int64(33585), np.int64(22551), np.int64(23291), np.int64(23170), np.int64(22075), np.int64(31862), np.int64(16426), np.int64(33979), np.int64(21712), np.int64(19974), np.int64(29867), np.int64(46319), np.int64(18632))","(0, 0, 0, 0, 0, 0, 0, 0, 0, 0, 0, 0, 0, 0, 0, 0, 0, 0, 1, 0, 0, 0, 0, 0, 0, 0, 1, 0, 0, 0, 0, 0, 0, 0, 0, 0, 1, 0, 0, 0, 0, 0, 0, 0, 0, 0, 0, 0, 0, 0)"
2.087695,50,196.288453,0,"(np.int64(8707), np.int64(13120), np.int64(30597), np.int64(36213), np.int64(6962), np.int64(49560), np.int64(40971), np.int64(20934), np.int64(34793), np.int64(9672), np.int64(20734), np.int64(15767), np.int64(30363), np.int64(12613), np.int64(19867), np.int64(28781), np.int64(43610), np.int64(13877), np.int64(7646), np.int64(20843), np.int64(228), np.int64(37556), np.int64(42793), np.int64(9875), np.int64(37559), np.int64(34666), np.int64(47045), np.int64(40854), np.int64(37351), np.int64(26494), np.int64(45879), np.int64(19411), np.int64(18834), np.int64(28525), np.int64(1111), np.int64(37473), np.int64(18792), np.int64(30320), np.int64(16307), np.int64(46913), np.int64(29907), np.int64(40043), np.int64(1107), np.int64(3005), np.int64(34888), np.int64(37734), np.int64(40015), np.int64(32), np.int64(9484), np.int64(1175))","(0, 0, 0, 0, 0, 0, 1, 0, 0, 0, 0, 0, 0, 0, 0, 0, 0, 0, 0, 0, 1, 0, 0, 0, 0, 0, 0, 0, 0, 0, 0, 0, 0, 0, 0, 0, 1, 0, 0, 0, 0, 0, 0, 0, 0, 0, 0, 0, 0, 0)"
6.687486,50,196.741622,0,"(np.int64(38963), np.int64(10748), np.int64(31884), np.int64(7715), np.int64(11710), np.int64(35088), np.int64(39514), np.int64(39647), np.int64(3296), np.int64(6412), np.int64(28722), np.int64(39760), np.int64(49374), np.int64(18902), np.int64(25889), np.int64(45402), np.int64(20654), np.int64(37395), np.int64(25427), np.int64(35981), np.int64(20924), np.int64(23216), np.int64(1962), np.int64(15267), np.int64(19628), np.int64(345), np.int64(14508), np.int64(21876), np.int64(43478), np.int64(9755), np.int64(15612), np.int64(16342), np.int64(39003), np.int64(37837), np.int64(23274), np.int64(44648), np.int64(8001), np.int64(4508), np.int64(45199), np.int64(20589), np.int64(5560), np.int64(1421), np.int64(2415), np.int64(48321), np.int64(32283), np.int64(7597), np.int64(21403), np.int64(36131), np.int64(41762), np.int64(14582))","(0, 0, 0, 0, 1, 0, 0, 0, 0, 0, 1, 0, 0, 0, 0, 0, 0, 0, 0, 0, 0, 0, 0, 0, 0, 0, 1, 1, 0, 1, 0, 1, 1, 0, 0, 0, 1, 0, 0, 0, 0, 0, 0, 0, 0, 0, 0, 0, 1, 0)"
3.825819,50,197.191871,0,"(np.int64(46213), np.int64(5993), np.int64(29886), np.int64(8548), np.int64(40594), np.int64(7298), np.int64(47224), np.int64(35042), np.int64(29225), np.int64(19475), np.int64(15627), np.int64(45330), np.int64(2674), np.int64(16890), np.int64(24005), np.int64(41315), np.int64(7692), np.int64(37008), np.int64(17536), np.int64(20029), np.int64(13789), np.int64(2907), np.int64(43594), np.int64(48909), np.int64(45833), np.int64(42867), np.int64(4159), np.int64(35641), np.int64(27960), np.int64(860), np.int64(28335), np.int64(33941), np.int64(30553), np.int64(44486), np.int64(3942), np.int64(21075), np.int64(1726), np.int64(50023), np.int64(6960), np.int64(48454), np.int64(20699), np.int64(28271), np.int64(48283), np.int64(30674), np.int64(27384), np.int64(39669), np.int64(21325), np.int64(18907), np.int64(11927), np.int64(24072))","(0, 0, 0, 0, 0, 0, 0, 1, 0, 0, 1, 0, 0, 0, 0, 0, 1, 0, 0, 0, 0, 0, 0, 0, 0, 0, 0, 0, 0, 0, 0, 0, 0, 0, 0, 0, 0, 0, 1, 0, 0, 0, 0, 0, 0, 0, 0, 1, 0, 0)"
2.383047,50,197.64234,0,"(np.int64(21326), np.int64(29509), np.int64(3744), np.int64(46405), np.int64(47328), np.int64(28173), np.int64(48341), np.int64(47261), np.int64(41706), np.int64(35005), np.int64(48282), np.int64(30473), np.int64(46267), np.int64(30839), np.int64(12703), np.int64(39288), np.int64(18807), np.int64(47837), np.int64(26023), np.int64(15393), np.int64(7178), np.int64(15914), np.int64(34004), np.int64(30286), np.int64(47768), np.int64(47028), np.int64(7065), np.int64(22360), np.int64(14096), np.int64(14247), np.int64(14533), np.int64(18800), np.int64(1804), np.int64(37667), np.int64(20524), np.int64(23684), np.int64(23047), np.int64(3502), np.int64(17652), np.int64(32628), np.int64(32910), np.int64(29973), np.int64(40515), np.int64(40302), np.int64(41502), np.int64(22413), np.int64(4738), np.int64(22402), np.int64(15198), np.int64(49661))","(0, 0, 0, 0, 0, 0, 0, 0, 0, 0, 0, 0, 0, 0, 0, 0, 0, 0, 0, 0, 0, 0, 0, 0, 0, 0, 1, 0, 0, 1, 0, 0, 0, 0, 0, 0, 0, 0, 0, 0, 0, 0, 0, 0, 0, 0, 0, 0, 1, 0)"
4.423027,50,198.099103,0,"(np.int64(34397), np.int64(1255), np.int64(2021), np.int64(33633), np.int64(39815), np.int64(46915), np.int64(43922), np.int64(36206), np.int64(41194), np.int64(27789), np.int64(48635), np.int64(36419), np.int64(2434), np.int64(9925), np.int64(6174), np.int64(3401), np.int64(25014), np.int64(5706), np.int64(15303), np.int64(48880), np.int64(44324), np.int64(16808), np.int64(9839), np.int64(198), np.int64(48965), np.int64(20511), np.int64(31044), np.int64(31435), np.int64(11365), np.int64(7576), np.int64(22550), np.int64(15257), np.int64(16781), np.int64(48651), np.int64(29512), np.int64(19043), np.int64(7767), np.int64(10199), np.int64(42408), np.int64(3112), np.int64(43546), np.int64(42334), np.int64(10697), np.int64(35540), np.int64(9944), np.int64(10625), np.int64(7522), np.int64(27121), np.int64(952), np.int64(48619))","(0, 0, 0, 1, 0, 0, 0, 0, 0, 0, 0, 1, 0, 0, 0, 0, 0, 1, 0, 0, 0, 0, 0, 0, 1, 0, 0, 0, 0, 0, 0, 0, 0, 0, 0, 0, 0, 0, 0, 1, 0, 0, 0, 0, 1, 0, 0, 0, 0, 0)"
3.209057,50,198.55479,0,"(np.int64(37753), np.int64(6889), np.int64(23190), np.int64(4524), np.int64(42634), np.int64(31472), np.int64(41772), np.int64(33535), np.int64(44438), np.int64(1302), np.int64(16062), np.int64(10669), np.int64(16134), np.int64(18025), np.int64(37695), np.int64(10377), np.int64(37336), np.int64(49052), np.int64(29605), np.int64(43207), np.int64(30377), np.int64(49046), np.int64(24267), np.int64(40295), np.int64(40056), np.int64(36125), np.int64(39445), np.int64(15175), np.int64(39115), np.int64(9337), np.int64(30988), np.int64(6054), np.int64(17032), np.int64(1498), np.int64(31155), np.int64(38289), np.int64(28743), np.int64(18847), np.int64(32679), np.int64(20839), np.int64(16726), np.int64(25040), np.int64(30858), np.int64(39915), np.int64(6296), np.int64(45913), np.int64(43233), np.int64(15233), np.int64(30884), np.int64(34612))","(0, 0, 0, 0, 0, 0, 0, 0, 0, 0, 1, 0, 0, 0, 0, 0, 1, 0, 0, 0, 0, 0, 0, 0, 0, 0, 0, 1, 0, 0, 0, 0, 0, 0, 0, 0, 0, 0, 0, 0, 0, 0, 0, 0, 1, 0, 0, 0, 0, 0)"
3.618742,50,199.010115,0,"(np.int64(26128), np.int64(3406), np.int64(15502), np.int64(1141), np.int64(33774), np.int64(11544), np.int64(14566), np.int64(1668), np.int64(770), np.int64(33518), np.int64(18017), np.int64(1133), np.int64(29366), np.int64(940), np.int64(42147), np.int64(46476), np.int64(2378), np.int64(27469), np.int64(37480), np.int64(44060), np.int64(36565), np.int64(27739), np.int64(22250), np.int64(32936), np.int64(6097), np.int64(24352), np.int64(1180), np.int64(42556), np.int64(49350), np.int64(41195), np.int64(38672), np.int64(31735), np.int64(7713), np.int64(4311), np.int64(28439), np.int64(10637), np.int64(22046), np.int64(34143), np.int64(46002), np.int64(41780), np.int64(37962), np.int64(30057), np.int64(15715), np.int64(4106), np.int64(6582), np.int64(32897), np.int64(9460), np.int64(35845), np.int64(31385), np.int64(32272))","(0, 0, 0, 1, 0, 0, 0, 0, 0, 0, 0, 0, 0, 0, 0, 0, 0, 0, 0, 0, 0, 0, 0, 0, 0, 1, 0, 0, 0, 0, 0, 0, 1, 0, 0, 1, 0, 0, 0, 0, 0, 0, 0, 0, 0, 1, 0, 0, 0, 0)"
5.149336,50,199.467323,0,"(np.int64(7144), np.int64(13980), np.int64(5099), np.int64(26440), np.int64(39732), np.int64(38415), np.int64(44953), np.int64(49108), np.int64(48776), np.int64(45030), np.int64(842), np.int64(8455), np.int64(13481), np.int64(38743), np.int64(42502), np.int64(14939), np.int64(4266), np.int64(22252), np.int64(18428), np.int64(40861), np.int64(48614), np.int64(2722), np.int64(3045), np.int64(3563), np.int64(34671), np.int64(4792), np.int64(14127), np.int64(3323), np.int64(38877), np.int64(30856), np.int64(37937), np.int64(42696), np.int64(19770), np.int64(48968), np.int64(26607), np.int64(40761), np.int64(49218), np.int64(49081), np.int64(45313), np.int64(43315), np.int64(22419), np.int64(19973), np.int64(18489), np.int64(3615), np.int64(13187), np.int64(21633), np.int64(4292), np.int64(46768), np.int64(7611), np.int64(38916))","(1, 0, 0, 0, 0, 0, 0, 0, 0, 0, 1, 0, 1, 0, 0, 0, 0, 0, 0, 0, 0, 0, 0, 0, 0, 0, 0, 0, 0, 0, 0, 0, 1, 1, 1, 0, 0, 0, 0, 0, 0, 0, 0, 0, 0, 0, 0, 0, 0, 1)"
5.256613,50,199.920422,0,"(np.int64(37368), np.int64(46173), np.int64(20910), np.int64(8479), np.int64(30758), np.int64(5656), np.int64(1864), np.int64(33367), np.int64(9810), np.int64(38380), np.int64(20222), np.int64(23691), np.int64(44979), np.int64(45844), np.int64(4824), np.int64(18605), np.int64(15920), np.int64(16175), np.int64(17670), np.int64(18005), np.int64(47227), np.int64(24373), np.int64(311), np.int64(26897), np.int64(44696), np.int64(18387), np.int64(18062), np.int64(44421), np.int64(5229), np.int64(2376), np.int64(35019), np.int64(10494), np.int64(49262), np.int64(8533), np.int64(39556), np.int64(664), np.int64(36281), np.int64(4636), np.int64(8885), np.int64(20649), np.int64(14530), np.int64(32907), np.int64(23282), np.int64(23018), np.int64(23111), np.int64(27588), np.int64(8099), np.int64(15333), np.int64(48852), np.int64(25683))","(0, 0, 0, 0, 0, 0, 1, 0, 1, 0, 0, 0, 0, 0, 0, 0, 0, 1, 1, 0, 0, 1, 0, 0, 0, 1, 0, 0, 0, 0, 0, 0, 0, 0, 0, 0, 0, 0, 0, 0, 0, 0, 0, 0, 0, 1, 0, 0, 0, 0)"
1.398351,50,200.370692,0,"(np.int64(43018), np.int64(36771), np.int64(26505), np.int64(637), np.int64(15633), np.int64(3911), np.int64(5551), np.int64(10102), np.int64(48524), np.int64(3891), np.int64(47664), np.int64(19519), np.int64(48348), np.int64(40807), np.int64(29853), np.int64(38658), np.int64(28702), np.int64(19042), np.int64(4387), np.int64(9281), np.int64(12162), np.int64(43231), np.int64(34502), np.int64(46970), np.int64(830), np.int64(38018), np.int64(42862), np.int64(23714), np.int64(17798), np.int64(35664), np.int64(44624), np.int64(27211), np.int64(8217), np.int64(40658), np.int64(33696), np.int64(30083), np.int64(18277), np.int64(46745), np.int64(885), np.int64(28837), np.int64(33615), np.int64(22707), np.int64(11594), np.int64(27846), np.int64(28916), np.int64(31585), np.int64(45786), np.int64(19149), np.int64(7346), np.int64(32009))","(0, 0, 0, 0, 0, 0, 0, 0, 0, 0, 0, 0, 1, 0, 0, 0, 0, 0, 0, 0, 0, 0, 0, 0, 0, 0, 0, 0, 1, 0, 0, 0, 0, 0, 0, 0, 0, 0, 0, 0, 0, 0, 0, 0, 0, 0, 0, 0, 0, 0)"
4.680286,50,200.823587,0,"(np.int64(47962), np.int64(41613), np.int64(30654), np.int64(12867), np.int64(11244), np.int64(12034), np.int64(20626), np.int64(2472), np.int64(43144), np.int64(522), np.int64(33565), np.int64(9422), np.int64(36061), np.int64(31475), np.int64(19595), np.int64(16924), np.int64(15645), np.int64(43642), np.int64(7836), np.int64(29011), np.int64(13681), np.int64(49702), np.int64(175), np.int64(3789), np.int64(33387), np.int64(21835), np.int64(31323), np.int64(28779), np.int64(24322), np.int64(42771), np.int64(4329), np.int64(41813), np.int64(14249), np.int64(24467), np.int64(1098), np.int64(2983), np.int64(24025), np.int64(1195), np.int64(17734), np.int64(44174), np.int64(38698), np.int64(43606), np.int64(25717), np.int64(49215), np.int64(17075), np.int64(9411), np.int64(17979), np.int64(24467), np.int64(12225), np.int64(19034))","(0, 0, 0, 1, 0, 0, 1, 0, 0, 0, 0, 0, 0, 0, 0, 0, 0, 0, 0, 0, 0, 0, 0, 1, 0, 0, 0, 0, 0, 0, 0, 1, 0, 0, 0, 0, 0, 0, 0, 0, 0, 0, 0, 0, 1, 1, 0, 0, 0, 0)"
2.197778,50,201.280831,0,"(np.int64(49955), np.int64(1851), np.int64(48825), np.int64(36836), np.int64(49354), np.int64(15506), np.int64(25075), np.int64(36858), np.int64(16013), np.int64(34251), np.int64(24436), np.int64(12215), np.int64(16024), np.int64(46501), np.int64(20109), np.int64(26307), np.int64(7406), np.int64(29494), np.int64(45930), np.int64(2354), np.int64(4839), np.int64(14294), np.int64(44242), np.int64(28998), np.int64(34339), np.int64(12355), np.int64(3636), np.int64(42584), np.int64(31381), np.int64(31818), np.int64(14230), np.int64(39354), np.int64(41817), np.int64(33927), np.int64(45685), np.int64(1748), np.int64(13113), np.int64(12912), np.int64(17098), np.int64(47962), np.int64(6052), np.int64(11022), np.int64(40564), np.int64(7913), np.int64(25634), np.int64(23562), np.int64(4974), np.int64(48260), np.int64(24713), np.int64(13890))","(0, 0, 0, 0, 0, 0, 0, 0, 0, 0, 0, 0, 0, 0, 0, 0, 0, 0, 0, 0, 0, 0, 0, 0, 0, 0, 0, 0, 0, 0, 1, 0, 0, 0, 0, 0, 0, 0, 0, 0, 0, 0, 0, 0, 0, 1, 0, 0, 0, 1)"
5.262337,50,201.764735,0,"(np.int64(38621), np.int64(28415), np.int64(47818), np.int64(24283), np.int64(20496), np.int64(17788), np.int64(44800), np.int64(39094), np.int64(14834), np.int64(17918), np.int64(19240), np.int64(44394), np.int64(18799), np.int64(19114), np.int64(29143), np.int64(47275), np.int64(3602), np.int64(13359), np.int64(14896), np.int64(42841), np.int64(27144), np.int64(2948), np.int64(3963), np.int64(23565), np.int64(41608), np.int64(31352), np.int64(40839), np.int64(17622), np.int64(795), np.int64(45613), np.int64(22977), np.int64(44177), np.int64(45439), np.int64(19006), np.int64(24150), np.int64(8150), np.int64(34366), np.int64(15765), np.int64(14971), np.int64(6503), np.int64(48354), np.int64(5456), np.int64(12960), np.int64(1295), np.int64(43751), np.int64(4023), np.int64(25473), np.int64(513), np.int64(49107), np.int64(34002))","(0, 0, 0, 0, 0, 0, 0, 0, 0, 0, 0, 0, 1, 0, 0, 0, 1, 0, 0, 0, 1, 0, 0, 0, 0, 0, 0, 1, 0, 0, 0, 0, 0, 0, 0, 0, 0, 0, 1, 1, 0, 0, 0, 0, 0, 1, 0, 0, 0, 0)"
3.102239,50,202.244624,0,"(np.int64(30885), np.int64(41682), np.int64(9504), np.int64(47186), np.int64(7352), np.int64(3146), np.int64(48935), np.int64(23845), np.int64(49774), np.int64(28915), np.int64(9845), np.int64(40167), np.int64(15302), np.int64(30720), np.int64(3600), np.int64(48314), np.int64(26929), np.int64(10581), np.int64(32092), np.int64(48988), np.int64(40651), np.int64(23018), np.int64(15165), np.int64(42921), np.int64(39082), np.int64(1191), np.int64(9440), np.int64(7599), np.int64(6634), np.int64(14270), np.int64(27430), np.int64(42912), np.int64(12335), np.int64(22159), np.int64(27786), np.int64(23079), np.int64(23530), np.int64(26442), np.int64(34208), np.int64(42303), np.int64(11268), np.int64(30663), np.int64(43744), np.int64(40748), np.int64(44726), np.int64(43137), np.int64(46765), np.int64(16398), np.int64(6358), np.int64(35214))","(0, 0, 0, 0, 0, 0, 0, 0, 0, 0, 0, 0, 0, 0, 0, 0, 1, 0, 0, 0, 0, 0, 1, 0, 0, 0, 1, 0, 0, 1, 0, 0, 0, 0, 0, 0, 0, 0, 0, 0, 0, 0, 0, 0, 0, 0, 0, 0, 0, 0)"
3.119394,50,202.841756,0,"(np.int64(38931), np.int64(19073), np.int64(3419), np.int64(15735), np.int64(6834), np.int64(45225), np.int64(17551), np.int64(9728), np.int64(19556), np.int64(47590), np.int64(18674), np.int64(17812), np.int64(42574), np.int64(34505), np.int64(13158), np.int64(9122), np.int64(11126), np.int64(1290), np.int64(29571), np.int64(28011), np.int64(36186), np.int64(22275), np.int64(8223), np.int64(4226), np.int64(44281), np.int64(7554), np.int64(34324), np.int64(34908), np.int64(38174), np.int64(12980), np.int64(13413), np.int64(8181), np.int64(12403), np.int64(7553), np.int64(43172), np.int64(2995), np.int64(19372), np.int64(25287), np.int64(28716), np.int64(33843), np.int64(19042), np.int64(31885), np.int64(34752), np.int64(12017), np.int64(13015), np.int64(31044), np.int64(15164), np.int64(39663), np.int64(17542), np.int64(10328))","(0, 0, 0, 0, 0, 0, 0, 1, 0, 0, 0, 1, 0, 0, 1, 0, 0, 0, 0, 0, 0, 0, 1, 0, 0, 0, 0, 0, 0, 0, 0, 0, 0, 0, 0, 0, 0, 0, 0, 0, 0, 0, 0, 0, 0, 0, 0, 0, 0, 0)"
4.9,50,203.338366,0,"(np.int64(44925), np.int64(41926), np.int64(33530), np.int64(16288), np.int64(38006), np.int64(41318), np.int64(40773), np.int64(47158), np.int64(13301), np.int64(9341), np.int64(14634), np.int64(44191), np.int64(15627), np.int64(45465), np.int64(28271), np.int64(49633), np.int64(7076), np.int64(39715), np.int64(20349), np.int64(17878), np.int64(1394), np.int64(40709), np.int64(23466), np.int64(32327), np.int64(24910), np.int64(2436), np.int64(40324), np.int64(25280), np.int64(21495), np.int64(43231), np.int64(14687), np.int64(19877), np.int64(37136), np.int64(8816), np.int64(44358), np.int64(36792), np.int64(3636), np.int64(37010), np.int64(7511), np.int64(4326), np.int64(493), np.int64(4606), np.int64(43767), np.int64(30785), np.int64(30522), np.int64(49607), np.int64(15418), np.int64(18569), np.int64(27391), np.int64(47385))","(0, 0, 0, 0, 0, 0, 0, 0, 0, 0, 0, 0, 1, 0, 0, 0, 0, 0, 0, 1, 1, 0, 0, 0, 0, 0, 0, 0, 0, 0, 1, 0, 0, 0, 0, 1, 0, 0, 0, 0, 0, 0, 0, 0, 0, 0, 0, 1, 0, 0)"
3.131977,50,203.814395,0,"(np.int64(27939), np.int64(20258), np.int64(24157), np.int64(37056), np.int64(8444), np.int64(791), np.int64(18030), np.int64(9907), np.int64(26218), np.int64(34596), np.int64(3978), np.int64(6478), np.int64(49124), np.int64(10760), np.int64(39958), np.int64(2541), np.int64(11175), np.int64(42061), np.int64(24176), np.int64(16535), np.int64(41343), np.int64(45584), np.int64(20574), np.int64(37739), np.int64(26982), np.int64(26559), np.int64(46225), np.int64(8065), np.int64(7513), np.int64(3711), np.int64(21875), np.int64(1490), np.int64(9054), np.int64(27368), np.int64(45884), np.int64(5068), np.int64(10570), np.int64(46355), np.int64(40775), np.int64(37120), np.int64(25405), np.int64(34915), np.int64(38794), np.int64(17998), np.int64(27741), np.int64(31650), np.int64(6247), np.int64(24976), np.int64(28067), np.int64(22025))","(0, 0, 0, 0, 0, 0, 0, 0, 1, 0, 0, 0, 0, 0, 0, 0, 0, 0, 0, 0, 0, 0, 0, 0, 0, 0, 0, 0, 1, 0, 0, 0, 1, 0, 0, 0, 0, 0, 0, 0, 0, 0, 0, 0, 0, 0, 1, 0, 0, 0)"
4.527466,50,204.293675,0,"(np.int64(9639), np.int64(19866), np.int64(26813), np.int64(9334), np.int64(23560), np.int64(34648), np.int64(11466), np.int64(7968), np.int64(48898), np.int64(37884), np.int64(23618), np.int64(33163), np.int64(22453), np.int64(7416), np.int64(20054), np.int64(21050), np.int64(7235), np.int64(13730), np.int64(42096), np.int64(25762), np.int64(45731), np.int64(4751), np.int64(6530), np.int64(20040), np.int64(15407), np.int64(21703), np.int64(8550), np.int64(12987), np.int64(27677), np.int64(34128), np.int64(4968), np.int64(25863), np.int64(22859), np.int64(33212), np.int64(43152), np.int64(40416), np.int64(41147), np.int64(43262), np.int64(31737), np.int64(48841), np.int64(22532), np.int64(23164), np.int64(31), np.int64(14220), np.int64(19615), np.int64(11501), np.int64(7199), np.int64(25718), np.int64(4435), np.int64(26028))","(1, 0, 0, 0, 1, 0, 0, 1, 1, 0, 0, 0, 0, 0, 0, 0, 0, 0, 0, 0, 0, 0, 0, 0, 0, 0, 1, 1, 0, 0, 0, 0, 0, 0, 0, 0, 0, 0, 0, 0, 0, 0, 0, 0, 0, 0, 0, 0, 0, 0)"
4.428434,50,204.764736,0,"(np.int64(20731), np.int64(12612), np.int64(20282), np.int64(15903), np.int64(39623), np.int64(3016), np.int64(27488), np.int64(38267), np.int64(18020), np.int64(38408), np.int64(28279), np.int64(40255), np.int64(35042), np.int64(17645), np.int64(2165), np.int64(41442), np.int64(30556), np.int64(12286), np.int64(17533), np.int64(7328), np.int64(42744), np.int64(19590), np.int64(37083), np.int64(34316), np.int64(12853), np.int64(32215), np.int64(18855), np.int64(6073), np.int64(29661), np.int64(42744), np.int64(38517), np.int64(4298), np.int64(21457), np.int64(7551), np.int64(16566), np.int64(33865), np.int64(36871), np.int64(41957), np.int64(20597), np.int64(22195), np.int64(794), np.int64(33057), np.int64(30456), np.int64(28834), np.int64(17602), np.int64(32423), np.int64(35513), np.int64(45559), np.int64(23258), np.int64(18296))","(0, 1, 0, 0, 0, 0, 0, 1, 0, 0, 0, 0, 1, 0, 0, 0, 0, 0, 0, 0, 0, 0, 0, 0, 0, 0, 0, 0, 0, 0, 1, 0, 0, 1, 0, 0, 0, 0, 0, 0, 0, 0, 0, 0, 0, 0, 1, 0, 0, 0)"
1.638939,50,205.228639,0,"(np.int64(6344), np.int64(22082), np.int64(39111), np.int64(4281), np.int64(45941), np.int64(48424), np.int64(22036), np.int64(19301), np.int64(35477), np.int64(48452), np.int64(12152), np.int64(8138), np.int64(4279), np.int64(36695), np.int64(28909), np.int64(18768), np.int64(6557), np.int64(3478), np.int64(48606), np.int64(43816), np.int64(43944), np.int64(32830), np.int64(19172), np.int64(40377), np.int64(13462), np.int64(40870), np.int64(18205), np.int64(22873), np.int64(10261), np.int64(15584), np.int64(23804), np.int64(48639), np.int64(2126), np.int64(11618), np.int64(15666), np.int64(35807), np.int64(18371), np.int64(49286), np.int64(13323), np.int64(1331), np.int64(45056), np.int64(29917), np.int64(13758), np.int64(45623), np.int64(20537), np.int64(43639), np.int64(7091), np.int64(9245), np.int64(3921), np.int64(21203))","(0, 0, 0, 0, 0, 0, 0, 0, 0, 0, 0, 0, 0, 0, 0, 0, 0, 0, 0, 0, 0, 0, 0, 0, 0, 0, 0, 0, 1, 0, 0, 0, 0, 0, 0, 0, 0, 0, 1, 0, 0, 0, 0, 0, 0, 0, 0, 0, 0, 0)"
6.53088,50,205.700827,0,"(np.int64(47547), np.int64(8175), np.int64(26893), np.int64(39175), np.int64(18222), np.int64(15261), np.int64(13859), np.int64(4065), np.int64(37079), np.int64(2567), np.int64(2815), np.int64(28073), np.int64(1630), np.int64(11907), np.int64(47911), np.int64(5530), np.int64(30535), np.int64(18939), np.int64(5967), np.int64(7795), np.int64(49325), np.int64(36452), np.int64(3417), np.int64(28469), np.int64(4744), np.int64(49070), np.int64(37294), np.int64(32467), np.int64(7392), np.int64(25451), np.int64(22339), np.int64(31081), np.int64(18484), np.int64(1905), np.int64(44434), np.int64(33215), np.int64(25664), np.int64(28204), np.int64(5255), np.int64(13074), np.int64(36183), np.int64(41688), np.int64(26236), np.int64(12357), np.int64(3593), np.int64(32404), np.int64(19988), np.int64(41136), np.int64(3277), np.int64(41594))","(0, 0, 0, 1, 0, 0, 0, 0, 0, 0, 0, 0, 0, 0, 0, 0, 0, 0, 0, 0, 0, 1, 0, 1, 1, 1, 1, 0, 0, 0, 0, 0, 0, 0, 0, 1, 0, 0, 0, 0, 0, 0, 0, 1, 0, 0, 0, 0, 0, 1)"
3.939644,50,206.185673,0,"(np.int64(13349), np.int64(12905), np.int64(13346), np.int64(18141), np.int64(1840), np.int64(44612), np.int64(40534), np.int64(15626), np.int64(45265), np.int64(41319), np.int64(6619), np.int64(34502), np.int64(39160), np.int64(15674), np.int64(42966), np.int64(44340), np.int64(36981), np.int64(16215), np.int64(47731), np.int64(30356), np.int64(21232), np.int64(842), np.int64(23890), np.int64(16228), np.int64(6449), np.int64(27654), np.int64(25640), np.int64(20550), np.int64(13936), np.int64(22290), np.int64(20543), np.int64(8397), np.int64(9610), np.int64(26574), np.int64(16533), np.int64(35943), np.int64(18512), np.int64(27363), np.int64(36313), np.int64(36031), np.int64(30628), np.int64(23970), np.int64(34666), np.int64(13741), np.int64(5216), np.int64(42187), np.int64(35418), np.int64(24153), np.int64(49188), np.int64(24108))","(0, 0, 0, 0, 0, 0, 0, 0, 0, 0, 1, 0, 0, 0, 0, 0, 0, 0, 0, 0, 1, 1, 1, 0, 0, 0, 0, 0, 0, 0, 0, 0, 0, 0, 0, 0, 1, 0, 0, 0, 0, 0, 0, 0, 0, 0, 0, 0, 0, 0)"
5.289863,50,206.64185,0,"(np.int64(48123), np.int64(27843), np.int64(9996), np.int64(22378), np.int64(35634), np.int64(35382), np.int64(31724), np.int64(27910), np.int64(22990), np.int64(16654), np.int64(37284), np.int64(15075), np.int64(39161), np.int64(14307), np.int64(10364), np.int64(32116), np.int64(33311), np.int64(9088), np.int64(46840), np.int64(28857), np.int64(7044), np.int64(5051), np.int64(24377), np.int64(43045), np.int64(26254), np.int64(16598), np.int64(16724), np.int64(14846), np.int64(12869), np.int64(36351), np.int64(17420), np.int64(21953), np.int64(21374), np.int64(40731), np.int64(28970), np.int64(5265), np.int64(3168), np.int64(49523), np.int64(4600), np.int64(44827), np.int64(31754), np.int64(44692), np.int64(26655), np.int64(30798), np.int64(29967), np.int64(38074), np.int64(40559), np.int64(40945), np.int64(19830), np.int64(37126))","(0, 0, 0, 0, 0, 0, 0, 0, 0, 0, 0, 1, 0, 0, 0, 0, 0, 1, 0, 0, 1, 0, 0, 0, 0, 0, 1, 1, 0, 0, 0, 1, 0, 0, 0, 0, 0, 0, 1, 0, 0, 0, 0, 0, 0, 0, 0, 0, 0, 0)"
0.736414,50,207.096627,0,"(np.int64(42357), np.int64(8963), np.int64(24283), np.int64(8760), np.int64(13470), np.int64(25020), np.int64(19846), np.int64(13322), np.int64(4319), np.int64(42812), np.int64(7446), np.int64(9670), np.int64(38171), np.int64(25133), np.int64(28193), np.int64(34582), np.int64(14545), np.int64(7635), np.int64(37580), np.int64(47157), np.int64(42696), np.int64(8305), np.int64(6655), np.int64(7436), np.int64(46204), np.int64(37594), np.int64(14696), np.int64(238), np.int64(2656), np.int64(17480), np.int64(28193), np.int64(20383), np.int64(4308), np.int64(5718), np.int64(14502), np.int64(39706), np.int64(10019), np.int64(4091), np.int64(6262), np.int64(26225), np.int64(38781), np.int64(5500), np.int64(12100), np.int64(33292), np.int64(34787), np.int64(5503), np.int64(18744), np.int64(19183), np.int64(15885), np.int64(3337))","(0, 0, 0, 0, 0, 0, 0, 0, 0, 0, 1, 0, 0, 0, 0, 0, 0, 0, 0, 0, 0, 0, 0, 0, 0, 0, 0, 0, 0, 0, 0, 0, 0, 0, 0, 0, 0, 0, 0, 0, 0, 0, 0, 0, 0, 0, 0, 0, 0, 0)"
2.346145,50,207.549866,0,"(np.int64(42818), np.int64(37873), np.int64(32706), np.int64(43115), np.int64(10148), np.int64(23688), np.int64(33468), np.int64(32817), np.int64(17734), np.int64(13041), np.int64(3913), np.int64(36180), np.int64(20495), np.int64(48276), np.int64(39900), np.int64(28933), np.int64(26149), np.int64(6409), np.int64(4960), np.int64(633), np.int64(18024), np.int64(33473), np.int64(30472), np.int64(2282), np.int64(21245), np.int64(21024), np.int64(43443), np.int64(10628), np.int64(20308), np.int64(34624), np.int64(45196), np.int64(3127), np.int64(7524), np.int64(29555), np.int64(42724), np.int64(39719), np.int64(9793), np.int64(29636), np.int64(28788), np.int64(2172), np.int64(14584), np.int64(25619), np.int64(2639), np.int64(5535), np.int64(15707), np.int64(9586), np.int64(34182), np.int64(21148), np.int64(41997), np.int64(34275))","(0, 0, 0, 0, 0, 0, 0, 0, 0, 0, 0, 0, 1, 0, 0, 0, 0, 0, 0, 0, 0, 0, 0, 1, 0, 0, 0, 0, 0, 0, 0, 0, 0, 0, 0, 0, 0, 0, 0, 1, 0, 0, 0, 0, 0, 0, 0, 0, 0, 0)"
0.827054,50,208.004162,0,"(np.int64(27728), np.int64(14624), np.int64(26765), np.int64(7753), np.int64(39727), np.int64(6147), np.int64(1109), np.int64(26577), np.int64(12010), np.int64(49310), np.int64(21648), np.int64(49563), np.int64(48619), np.int64(27689), np.int64(19730), np.int64(45348), np.int64(39810), np.int64(42349), np.int64(18253), np.int64(27794), np.int64(20859), np.int64(45611), np.int64(17048), np.int64(49032), np.int64(20379), np.int64(37187), np.int64(12479), np.int64(1539), np.int64(27657), np.int64(39544), np.int64(6395), np.int64(9719), np.int64(29863), np.int64(31512), np.int64(3103), np.int64(33461), np.int64(39161), np.int64(43369), np.int64(36311), np.int64(46288), np.int64(14279), np.int64(18542), np.int64(30478), np.int64(40848), np.int64(16650), np.int64(7124), np.int64(22706), np.int64(4528), np.int64(9370), np.int64(6528))","(0, 0, 0, 0, 0, 0, 0, 0, 0, 0, 0, 0, 0, 0, 1, 0, 0, 0, 0, 0, 0, 0, 0, 0, 0, 0, 0, 0, 0, 0, 0, 0, 0, 0, 0, 0, 0, 0, 0, 0, 0, 0, 0, 0, 0, 0, 0, 0, 0, 0)"
2.726572,50,208.453262,0,"(np.int64(31022), np.int64(32364), np.int64(32021), np.int64(49581), np.int64(33857), np.int64(25275), np.int64(5363), np.int64(48450), np.int64(11296), np.int64(28377), np.int64(9129), np.int64(45863), np.int64(40842), np.int64(25795), np.int64(47183), np.int64(28770), np.int64(47576), np.int64(31541), np.int64(26528), np.int64(33775), np.int64(35134), np.int64(41760), np.int64(42416), np.int64(22541), np.int64(5027), np.int64(24011), np.int64(42487), np.int64(27490), np.int64(16413), np.int64(27398), np.int64(3131), np.int64(39617), np.int64(13680), np.int64(12321), np.int64(45695), np.int64(6472), np.int64(29126), np.int64(32470), np.int64(42456), np.int64(48982), np.int64(568), np.int64(10299), np.int64(8413), np.int64(35639), np.int64(14087), np.int64(26016), np.int64(2917), np.int64(11005), np.int64(43447), np.int64(36858))","(1, 0, 0, 0, 0, 0, 0, 0, 1, 0, 0, 0, 0, 0, 0, 0, 0, 0, 0, 0, 0, 0, 0, 0, 0, 0, 0, 0, 0, 1, 0, 0, 0, 0, 0, 0, 0, 0, 0, 0, 0, 0, 0, 0, 1, 0, 0, 0, 0, 0)"
2.324591,50,208.903011,0,"(np.int64(49301), np.int64(19355), np.int64(28785), np.int64(10629), np.int64(37922), np.int64(32783), np.int64(34258), np.int64(37182), np.int64(7184), np.int64(39968), np.int64(29982), np.int64(19018), np.int64(16960), np.int64(13102), np.int64(30971), np.int64(83), np.int64(6115), np.int64(23667), np.int64(39773), np.int64(21461), np.int64(20333), np.int64(25618), np.int64(12759), np.int64(49168), np.int64(11787), np.int64(14459), np.int64(48838), np.int64(25364), np.int64(30019), np.int64(42045), np.int64(36081), np.int64(10352), np.int64(28162), np.int64(7900), np.int64(48633), np.int64(23134), np.int64(25131), np.int64(33138), np.int64(20912), np.int64(47003), np.int64(32223), np.int64(32478), np.int64(8364), np.int64(35568), np.int64(38505), np.int64(16010), np.int64(8328), np.int64(5599), np.int64(13830), np.int64(37255))","(0, 0, 0, 0, 0, 0, 0, 0, 0, 0, 0, 0, 0, 0, 0, 1, 0, 0, 0, 1, 0, 0, 0, 0, 0, 0, 0, 0, 0, 0, 0, 0, 0, 0, 0, 0, 0, 0, 0, 0, 0, 0, 1, 0, 0, 0, 0, 0, 0, 0)"
2.155191,50,209.351407,0,"(np.int64(14870), np.int64(6898), np.int64(40235), np.int64(4129), np.int64(25241), np.int64(45606), np.int64(41051), np.int64(26926), np.int64(5457), np.int64(5038), np.int64(9426), np.int64(19925), np.int64(5100), np.int64(12895), np.int64(47826), np.int64(47848), np.int64(5879), np.int64(46043), np.int64(899), np.int64(22744), np.int64(8180), np.int64(37656), np.int64(20581), np.int64(38064), np.int64(9282), np.int64(19206), np.int64(32694), np.int64(30685), np.int64(453), np.int64(32866), np.int64(876), np.int64(21403), np.int64(45385), np.int64(13595), np.int64(45734), np.int64(21610), np.int64(27709), np.int64(16542), np.int64(19059), np.int64(32863), np.int64(38101), np.int64(47624), np.int64(38348), np.int64(10589), np.int64(20813), np.int64(23402), np.int64(46371), np.int64(27615), np.int64(7575), np.int64(6342))","(0, 0, 0, 0, 0, 0, 0, 0, 0, 0, 0, 0, 0, 0, 0, 0, 1, 0, 0, 0, 0, 0, 0, 1, 0, 0, 0, 0, 0, 0, 0, 0, 0, 0, 0, 0, 1, 0, 0, 0, 0, 0, 0, 0, 0, 0, 0, 0, 0, 0)"
4.582036,50,209.801179,0,"(np.int64(41036), np.int64(7993), np.int64(21429), np.int64(23958), np.int64(11229), np.int64(10436), np.int64(38579), np.int64(28184), np.int64(43303), np.int64(31111), np.int64(38637), np.int64(10132), np.int64(31751), np.int64(16942), np.int64(27144), np.int64(23401), np.int64(26613), np.int64(20837), np.int64(21992), np.int64(1575), np.int64(48509), np.int64(14980), np.int64(2351), np.int64(21198), np.int64(25212), np.int64(24434), np.int64(15709), np.int64(341), np.int64(47533), np.int64(6133), np.int64(23080), np.int64(34329), np.int64(26198), np.int64(36379), np.int64(21740), np.int64(30494), np.int64(10841), np.int64(6529), np.int64(17567), np.int64(9978), np.int64(28589), np.int64(19788), np.int64(48205), np.int64(3370), np.int64(36868), np.int64(37595), np.int64(32422), np.int64(35407), np.int64(27991), np.int64(31914))","(0, 0, 0, 0, 1, 0, 0, 0, 0, 0, 0, 0, 1, 0, 1, 0, 0, 0, 0, 1, 0, 0, 0, 0, 1, 0, 0, 0, 0, 0, 0, 0, 0, 0, 0, 0, 0, 0, 0, 0, 0, 1, 0, 0, 0, 0, 0, 0, 0, 0)"
3.077029,50,210.259931,0,"(np.int64(8917), np.int64(22664), np.int64(9612), np.int64(12851), np.int64(2736), np.int64(7604), np.int64(1577), np.int64(4258), np.int64(13311), np.int64(33946), np.int64(31820), np.int64(13121), np.int64(49366), np.int64(19311), np.int64(12922), np.int64(17958), np.int64(13725), np.int64(29484), np.int64(47846), np.int64(14780), np.int64(8818), np.int64(4272), np.int64(21011), np.int64(34946), np.int64(4601), np.int64(10893), np.int64(38246), np.int64(25691), np.int64(36267), np.int64(44325), np.int64(35880), np.int64(16758), np.int64(3867), np.int64(6269), np.int64(39573), np.int64(8783), np.int64(25148), np.int64(11402), np.int64(23999), np.int64(31370), np.int64(22335), np.int64(49147), np.int64(33862), np.int64(27538), np.int64(46968), np.int64(39888), np.int64(14097), np.int64(22373), np.int64(20514), np.int64(27510))","(1, 0, 0, 0, 0, 0, 0, 0, 0, 0, 0, 0, 0, 0, 1, 0, 0, 0, 0, 0, 0, 0, 0, 0, 1, 0, 0, 0, 0, 0, 0, 0, 0, 0, 0, 0, 0, 0, 0, 0, 0, 0, 1, 0, 0, 0, 0, 0, 0, 0)"
5.149768,50,215.979224,0,"(np.int64(32149), np.int64(24433), np.int64(19326), np.int64(49777), np.int64(23239), np.int64(32212), np.int64(29434), np.int64(26889), np.int64(42591), np.int64(45783), np.int64(42709), np.int64(45876), np.int64(32544), np.int64(18827), np.int64(31649), np.int64(16722), np.int64(29176), np.int64(30863), np.int64(27966), np.int64(30286), np.int64(34995), np.int64(48950), np.int64(37975), np.int64(33614), np.int64(10939), np.int64(30468), np.int64(42241), np.int64(41473), np.int64(10184), np.int64(2369), np.int64(15529), np.int64(40400), np.int64(3442), np.int64(23703), np.int64(38963), np.int64(46654), np.int64(31481), np.int64(24858), np.int64(12050), np.int64(34483), np.int64(14553), np.int64(36613), np.int64(44722), np.int64(10755), np.int64(24625), np.int64(10844), np.int64(14631), np.int64(17292), np.int64(10517), np.int64(34532))","(0, 1, 0, 0, 0, 1, 0, 0, 0, 0, 0, 0, 0, 0, 0, 0, 1, 0, 0, 0, 0, 0, 0, 0, 1, 0, 0, 0, 0, 0, 0, 0, 1, 0, 0, 1, 0, 1, 0, 0, 0, 0, 0, 0, 0, 0, 0, 0, 0, 0)"
1.564343,50,216.437954,0,"(np.int64(2546), np.int64(14542), np.int64(24888), np.int64(49485), np.int64(44880), np.int64(26813), np.int64(45824), np.int64(16211), np.int64(12953), np.int64(26826), np.int64(16024), np.int64(43914), np.int64(3215), np.int64(41984), np.int64(36925), np.int64(24694), np.int64(13368), np.int64(29847), np.int64(41377), np.int64(43766), np.int64(530), np.int64(48567), np.int64(2028), np.int64(39214), np.int64(36661), np.int64(41808), np.int64(38668), np.int64(15398), np.int64(2517), np.int64(19557), np.int64(19105), np.int64(39465), np.int64(41513), np.int64(16763), np.int64(5630), np.int64(18446), np.int64(16093), np.int64(19192), np.int64(5776), np.int64(16663), np.int64(39588), np.int64(40769), np.int64(15751), np.int64(7202), np.int64(37007), np.int64(46803), np.int64(38459), np.int64(21046), np.int64(31741), np.int64(47378))","(0, 0, 0, 0, 0, 0, 0, 0, 0, 0, 0, 0, 0, 0, 0, 1, 0, 0, 0, 0, 0, 0, 0, 0, 0, 0, 0, 0, 0, 1, 0, 0, 0, 0, 0, 0, 0, 0, 0, 0, 0, 0, 0, 0, 0, 0, 0, 0, 0, 0)"
6.863124,50,216.892835,0,"(np.int64(1382), np.int64(26037), np.int64(19392), np.int64(35194), np.int64(18289), np.int64(20555), np.int64(43148), np.int64(7232), np.int64(39416), np.int64(9249), np.int64(13920), np.int64(24560), np.int64(3789), np.int64(37032), np.int64(3785), np.int64(5998), np.int64(32274), np.int64(2671), np.int64(40233), np.int64(41309), np.int64(12789), np.int64(15776), np.int64(42294), np.int64(45753), np.int64(36771), np.int64(39723), np.int64(35641), np.int64(26724), np.int64(38778), np.int64(7306), np.int64(2340), np.int64(31931), np.int64(2597), np.int64(24573), np.int64(14150), np.int64(14136), np.int64(29651), np.int64(31128), np.int64(12841), np.int64(1051), np.int64(40572), np.int64(48106), np.int64(40648), np.int64(26777), np.int64(25779), np.int64(5327), np.int64(10746), np.int64(46862), np.int64(21801), np.int64(31771))","(1, 0, 0, 0, 1, 0, 0, 1, 0, 0, 1, 0, 1, 0, 0, 0, 0, 0, 0, 1, 0, 0, 0, 0, 0, 0, 0, 0, 0, 0, 0, 0, 0, 0, 1, 0, 0, 0, 0, 0, 0, 0, 0, 0, 0, 1, 0, 0, 1, 0)"
3.05499,50,217.355595,0,"(np.int64(42860), np.int64(9770), np.int64(23722), np.int64(6545), np.int64(30796), np.int64(49277), np.int64(16820), np.int64(41622), np.int64(1569), np.int64(20183), np.int64(8887), np.int64(24720), np.int64(8756), np.int64(21109), np.int64(47902), np.int64(40863), np.int64(39086), np.int64(6899), np.int64(47680), np.int64(12321), np.int64(33104), np.int64(39153), np.int64(12598), np.int64(45892), np.int64(14260), np.int64(41131), np.int64(22593), np.int64(20872), np.int64(17263), np.int64(3990), np.int64(1437), np.int64(20134), np.int64(30444), np.int64(10055), np.int64(13723), np.int64(9393), np.int64(31137), np.int64(37024), np.int64(44436), np.int64(24110), np.int64(10677), np.int64(46636), np.int64(38262), np.int64(281), np.int64(11691), np.int64(40696), np.int64(43471), np.int64(27860), np.int64(17021), np.int64(5620))","(0, 0, 0, 0, 0, 0, 0, 0, 1, 0, 0, 0, 0, 0, 0, 0, 0, 1, 0, 0, 1, 0, 0, 0, 1, 0, 0, 0, 0, 0, 0, 0, 0, 0, 0, 0, 0, 0, 0, 0, 0, 0, 0, 0, 0, 0, 0, 0, 0, 0)"
3.760965,50,217.808514,0,"(np.int64(35702), np.int64(20295), np.int64(26827), np.int64(34360), np.int64(16463), np.int64(11965), np.int64(35156), np.int64(43525), np.int64(40866), np.int64(27137), np.int64(19330), np.int64(16548), np.int64(40453), np.int64(7904), np.int64(20703), np.int64(36156), np.int64(28348), np.int64(10787), np.int64(43536), np.int64(46898), np.int64(18970), np.int64(7967), np.int64(20381), np.int64(12644), np.int64(46822), np.int64(24772), np.int64(26129), np.int64(45155), np.int64(5346), np.int64(30003), np.int64(43809), np.int64(43748), np.int64(36432), np.int64(775), np.int64(35929), np.int64(17559), np.int64(6133), np.int64(25097), np.int64(47423), np.int64(43105), np.int64(1323), np.int64(16702), np.int64(36668), np.int64(16491), np.int64(47627), np.int64(25246), np.int64(12192), np.int64(33229), np.int64(25432), np.int64(40014))","(0, 0, 0, 0, 0, 0, 0, 0, 0, 1, 0, 0, 0, 0, 0, 0, 0, 0, 0, 0, 1, 0, 0, 0, 0, 0, 1, 0, 1, 0, 0, 0, 0, 0, 0, 0, 0, 0, 0, 0, 0, 0, 0, 0, 0, 0, 0, 0, 1, 0)"
3.943973,50,218.271415,0,"(np.int64(45999), np.int64(46859), np.int64(2130), np.int64(10618), np.int64(13606), np.int64(32294), np.int64(21475), np.int64(42334), np.int64(42714), np.int64(33430), np.int64(32650), np.int64(41022), np.int64(12547), np.int64(22097), np.int64(17645), np.int64(32831), np.int64(34992), np.int64(5314), np.int64(42601), np.int64(8754), np.int64(23097), np.int64(18557), np.int64(32491), np.int64(28632), np.int64(44546), np.int64(28696), np.int64(48395), np.int64(34450), np.int64(33007), np.int64(21892), np.int64(28868), np.int64(24689), np.int64(24478), np.int64(43677), np.int64(11230), np.int64(36830), np.int64(3841), np.int64(1053), np.int64(18687), np.int64(37527), np.int64(47578), np.int64(18815), np.int64(15658), np.int64(35287), np.int64(38086), np.int64(5189), np.int64(25154), np.int64(43843), np.int64(47065), np.int64(6091))","(0, 0, 0, 0, 0, 0, 0, 0, 0, 0, 0, 0, 1, 0, 0, 0, 0, 0, 0, 1, 0, 0, 1, 0, 0, 0, 0, 0, 0, 0, 1, 0, 0, 0, 0, 0, 0, 0, 1, 0, 0, 0, 0, 0, 0, 0, 0, 0, 0, 0)"
3.944772,50,218.727134,0,"(np.int64(37333), np.int64(42779), np.int64(3132), np.int64(16189), np.int64(37014), np.int64(28013), np.int64(43295), np.int64(7380), np.int64(33692), np.int64(6742), np.int64(41788), np.int64(12648), np.int64(31916), np.int64(15731), np.int64(14479), np.int64(47295), np.int64(37176), np.int64(42156), np.int64(44412), np.int64(49479), np.int64(8668), np.int64(9684), np.int64(38104), np.int64(17606), np.int64(34531), np.int64(1395), np.int64(7549), np.int64(47950), np.int64(29115), np.int64(48206), np.int64(39397), np.int64(35433), np.int64(14628), np.int64(40857), np.int64(35980), np.int64(40804), np.int64(9916), np.int64(24744), np.int64(44713), np.int64(43437), np.int64(41168), np.int64(49586), np.int64(36785), np.int64(32358), np.int64(21422), np.int64(15397), np.int64(41035), np.int64(85), np.int64(44176), np.int64(9768))","(0, 0, 0, 0, 0, 0, 0, 0, 0, 0, 0, 1, 0, 0, 0, 0, 0, 0, 0, 0, 0, 0, 0, 1, 0, 1, 0, 0, 0, 0, 0, 0, 0, 0, 0, 0, 1, 0, 0, 0, 0, 0, 0, 0, 0, 1, 0, 0, 0, 0)"
3.757603,50,219.182016,0,"(np.int64(40181), np.int64(720), np.int64(10897), np.int64(41670), np.int64(193), np.int64(23694), np.int64(31722), np.int64(36506), np.int64(44446), np.int64(21263), np.int64(23716), np.int64(43188), np.int64(44477), np.int64(33211), np.int64(1996), np.int64(48441), np.int64(39293), np.int64(27653), np.int64(15302), np.int64(42014), np.int64(36099), np.int64(17817), np.int64(24618), np.int64(25701), np.int64(7102), np.int64(1534), np.int64(39735), np.int64(42181), np.int64(11232), np.int64(20479), np.int64(18481), np.int64(19872), np.int64(1043), np.int64(4595), np.int64(47156), np.int64(42349), np.int64(26539), np.int64(8209), np.int64(7379), np.int64(9159), np.int64(17432), np.int64(3690), np.int64(22756), np.int64(14356), np.int64(19490), np.int64(15591), np.int64(18150), np.int64(18757), np.int64(5411), np.int64(7626))","(0, 0, 0, 0, 0, 1, 0, 0, 0, 0, 1, 0, 0, 0, 0, 0, 0, 0, 0, 0, 0, 0, 0, 0, 0, 1, 0, 0, 0, 0, 0, 0, 0, 0, 0, 0, 0, 0, 0, 0, 0, 0, 0, 0, 1, 0, 0, 1, 0, 0)"
3.120354,50,219.638061,0,"(np.int64(45537), np.int64(11309), np.int64(23660), np.int64(22440), np.int64(42727), np.int64(17187), np.int64(36364), np.int64(31745), np.int64(26734), np.int64(14059), np.int64(119), np.int64(46261), np.int64(14655), np.int64(24298), np.int64(9850), np.int64(11407), np.int64(31483), np.int64(31788), np.int64(7211), np.int64(3713), np.int64(13682), np.int64(6558), np.int64(36383), np.int64(20139), np.int64(5062), np.int64(26891), np.int64(18024), np.int64(11931), np.int64(31843), np.int64(32046), np.int64(11638), np.int64(12884), np.int64(4373), np.int64(15210), np.int64(23551), np.int64(47785), np.int64(14136), np.int64(49326), np.int64(23182), np.int64(26715), np.int64(35626), np.int64(45497), np.int64(11921), np.int64(1702), np.int64(35534), np.int64(35952), np.int64(22540), np.int64(10975), np.int64(4043), np.int64(33447))","(0, 0, 0, 0, 0, 0, 0, 0, 0, 0, 0, 0, 0, 0, 0, 0, 0, 0, 0, 1, 0, 0, 0, 0, 1, 0, 0, 1, 0, 0, 0, 0, 0, 0, 0, 0, 0, 0, 0, 0, 0, 0, 0, 0, 0, 0, 0, 1, 0, 0)"
3.094714,50,220.09386,0,"(np.int64(27118), np.int64(22315), np.int64(31655), np.int64(35456), np.int64(45440), np.int64(28612), np.int64(44018), np.int64(4934), np.int64(2337), np.int64(15293), np.int64(21282), np.int64(6845), np.int64(35357), np.int64(43716), np.int64(3104), np.int64(9995), np.int64(15782), np.int64(15389), np.int64(43987), np.int64(10580), np.int64(47), np.int64(18423), np.int64(41363), np.int64(35842), np.int64(45700), np.int64(24681), np.int64(19401), np.int64(20423), np.int64(3136), np.int64(16880), np.int64(44246), np.int64(35817), np.int64(39993), np.int64(20409), np.int64(19186), np.int64(26391), np.int64(45967), np.int64(19680), np.int64(41714), np.int64(42419), np.int64(30249), np.int64(19490), np.int64(9035), np.int64(29767), np.int64(9220), np.int64(31153), np.int64(46922), np.int64(26400), np.int64(44522), np.int64(22467))","(0, 0, 0, 0, 0, 0, 0, 0, 0, 0, 0, 0, 0, 0, 1, 0, 0, 1, 0, 0, 0, 0, 1, 0, 0, 0, 0, 0, 0, 0, 0, 0, 0, 0, 0, 0, 0, 0, 0, 0, 0, 1, 0, 0, 0, 0, 0, 0, 0, 0)"
2.689448,50,220.547462,0,"(np.int64(8008), np.int64(48348), np.int64(23620), np.int64(46279), np.int64(45339), np.int64(23134), np.int64(33465), np.int64(117), np.int64(44802), np.int64(39942), np.int64(41249), np.int64(43503), np.int64(30121), np.int64(17364), np.int64(381), np.int64(8667), np.int64(354), np.int64(38636), np.int64(36200), np.int64(35437), np.int64(48690), np.int64(30912), np.int64(10112), np.int64(42590), np.int64(13597), np.int64(13767), np.int64(10656), np.int64(15032), np.int64(12387), np.int64(8881), np.int64(23406), np.int64(45427), np.int64(15469), np.int64(34914), np.int64(23958), np.int64(15431), np.int64(21907), np.int64(41942), np.int64(25704), np.int64(21398), np.int64(22554), np.int64(16931), np.int64(43789), np.int64(280), np.int64(31468), np.int64(21095), np.int64(8281), np.int64(23606), np.int64(17918), np.int64(5045))","(1, 1, 0, 0, 0, 0, 1, 0, 0, 0, 0, 0, 0, 0, 0, 0, 0, 1, 0, 0, 0, 0, 0, 0, 0, 0, 0, 0, 0, 0, 0, 0, 0, 0, 0, 0, 0, 0, 0, 0, 0, 0, 0, 0, 0, 0, 0, 0, 0, 0)"
3.763076,50,220.999598,0,"(np.int64(44115), np.int64(7614), np.int64(4750), np.int64(29972), np.int64(30384), np.int64(32040), np.int64(4828), np.int64(47945), np.int64(29899), np.int64(49925), np.int64(958), np.int64(18419), np.int64(14047), np.int64(42999), np.int64(21248), np.int64(33914), np.int64(1302), np.int64(446), np.int64(1186), np.int64(21939), np.int64(10609), np.int64(10909), np.int64(46447), np.int64(22570), np.int64(1108), np.int64(7575), np.int64(14073), np.int64(19508), np.int64(4235), np.int64(44054), np.int64(4343), np.int64(45986), np.int64(15156), np.int64(26347), np.int64(46844), np.int64(34721), np.int64(24760), np.int64(43118), np.int64(29320), np.int64(33747), np.int64(36629), np.int64(26983), np.int64(709), np.int64(11427), np.int64(20466), np.int64(25668), np.int64(18652), np.int64(22580), np.int64(49207), np.int64(35164))","(0, 1, 0, 0, 0, 1, 1, 0, 0, 0, 0, 0, 0, 0, 1, 0, 0, 0, 0, 1, 0, 0, 0, 0, 0, 0, 0, 0, 0, 0, 0, 0, 0, 0, 0, 0, 0, 0, 0, 0, 0, 0, 0, 0, 0, 0, 0, 0, 0, 0)"
2.302296,50,221.453447,0,"(np.int64(43645), np.int64(44285), np.int64(47137), np.int64(14952), np.int64(29319), np.int64(12817), np.int64(32941), np.int64(40529), np.int64(34261), np.int64(410), np.int64(7413), np.int64(20536), np.int64(4511), np.int64(23045), np.int64(8768), np.int64(21310), np.int64(34964), np.int64(25234), np.int64(6686), np.int64(48453), np.int64(18329), np.int64(29408), np.int64(40384), np.int64(36010), np.int64(783), np.int64(5932), np.int64(36082), np.int64(45060), np.int64(30620), np.int64(26751), np.int64(18513), np.int64(3756), np.int64(21732), np.int64(16768), np.int64(2526), np.int64(35922), np.int64(20261), np.int64(47241), np.int64(17628), np.int64(13838), np.int64(37841), np.int64(39242), np.int64(13381), np.int64(43846), np.int64(32813), np.int64(8347), np.int64(4878), np.int64(42500), np.int64(36423), np.int64(1569))","(0, 0, 0, 0, 0, 0, 0, 0, 0, 0, 0, 0, 0, 0, 0, 0, 0, 0, 0, 0, 0, 0, 0, 0, 0, 0, 0, 0, 0, 0, 0, 0, 0, 1, 0, 1, 0, 0, 0, 0, 0, 0, 0, 0, 0, 0, 0, 0, 0, 1)"
3.878333,50,221.91023,0,"(np.int64(11579), np.int64(1831), np.int64(19681), np.int64(33082), np.int64(30142), np.int64(14684), np.int64(48944), np.int64(8625), np.int64(49248), np.int64(42037), np.int64(39128), np.int64(46386), np.int64(25014), np.int64(5981), np.int64(13090), np.int64(29283), np.int64(11703), np.int64(25024), np.int64(9179), np.int64(33966), np.int64(3232), np.int64(10202), np.int64(45978), np.int64(17141), np.int64(44214), np.int64(49241), np.int64(11895), np.int64(8992), np.int64(17135), np.int64(9019), np.int64(10141), np.int64(49473), np.int64(609), np.int64(403), np.int64(7594), np.int64(15999), np.int64(46787), np.int64(36022), np.int64(13768), np.int64(45258), np.int64(4065), np.int64(42914), np.int64(44140), np.int64(19785), np.int64(1833), np.int64(2135), np.int64(6778), np.int64(43050), np.int64(45721), np.int64(34480))","(0, 0, 1, 0, 0, 0, 0, 0, 0, 0, 0, 0, 0, 0, 0, 1, 0, 0, 0, 0, 0, 0, 0, 0, 0, 0, 0, 0, 0, 0, 1, 0, 0, 0, 0, 1, 0, 0, 0, 0, 0, 0, 0, 0, 0, 0, 1, 0, 0, 0)"
4.639536,50,222.363396,0,"(np.int64(36125), np.int64(49764), np.int64(8296), np.int64(45559), np.int64(18990), np.int64(189), np.int64(16606), np.int64(5121), np.int64(3031), np.int64(31909), np.int64(45836), np.int64(26917), np.int64(15097), np.int64(38436), np.int64(14189), np.int64(38755), np.int64(16644), np.int64(48489), np.int64(23934), np.int64(34976), np.int64(8831), np.int64(33519), np.int64(12574), np.int64(17127), np.int64(40087), np.int64(3394), np.int64(38051), np.int64(20217), np.int64(17265), np.int64(22665), np.int64(39147), np.int64(21719), np.int64(34525), np.int64(28112), np.int64(47803), np.int64(22210), np.int64(5012), np.int64(35066), np.int64(28823), np.int64(48791), np.int64(14351), np.int64(22065), np.int64(44404), np.int64(14437), np.int64(30783), np.int64(20163), np.int64(32908), np.int64(48382), np.int64(23608), np.int64(23075))","(0, 0, 0, 0, 0, 0, 0, 0, 0, 0, 0, 0, 0, 0, 1, 0, 1, 0, 0, 0, 0, 0, 0, 0, 0, 0, 0, 0, 0, 0, 0, 1, 0, 0, 0, 0, 0, 1, 0, 0, 1, 0, 0, 0, 0, 1, 0, 0, 0, 0)"
4.80013,50,222.818789,0,"(np.int64(20098), np.int64(639), np.int64(5249), np.int64(49813), np.int64(27187), np.int64(22968), np.int64(38243), np.int64(36792), np.int64(22863), np.int64(38162), np.int64(19691), np.int64(3916), np.int64(21331), np.int64(9520), np.int64(9764), np.int64(16760), np.int64(36432), np.int64(16281), np.int64(1691), np.int64(15888), np.int64(43089), np.int64(17488), np.int64(16865), np.int64(29065), np.int64(12925), np.int64(12322), np.int64(23219), np.int64(20025), np.int64(44049), np.int64(28746), np.int64(35234), np.int64(15894), np.int64(7835), np.int64(31826), np.int64(38676), np.int64(3341), np.int64(33378), np.int64(21882), np.int64(48560), np.int64(14644), np.int64(1567), np.int64(29284), np.int64(17633), np.int64(15428), np.int64(42587), np.int64(30972), np.int64(32796), np.int64(28270), np.int64(41693), np.int64(46610))","(1, 0, 0, 0, 0, 0, 0, 1, 0, 0, 0, 0, 1, 0, 1, 0, 0, 1, 0, 0, 0, 0, 0, 0, 0, 0, 0, 0, 0, 0, 0, 0, 0, 0, 0, 0, 0, 0, 0, 0, 0, 0, 0, 0, 0, 0, 1, 0, 0, 0)"
6.119493,50,223.272962,0,"(np.int64(30960), np.int64(12137), np.int64(24919), np.int64(30156), np.int64(17432), np.int64(31208), np.int64(49774), np.int64(12183), np.int64(37081), np.int64(5115), np.int64(26482), np.int64(19921), np.int64(14829), np.int64(34205), np.int64(9678), np.int64(11407), np.int64(13048), np.int64(3658), np.int64(27830), np.int64(49319), np.int64(1743), np.int64(42581), np.int64(30475), np.int64(414), np.int64(20162), np.int64(17841), np.int64(14097), np.int64(11452), np.int64(24496), np.int64(32111), np.int64(45280), np.int64(33064), np.int64(30702), np.int64(45618), np.int64(31700), np.int64(2062), np.int64(39913), np.int64(35617), np.int64(40331), np.int64(48861), np.int64(41117), np.int64(14188), np.int64(29627), np.int64(30499), np.int64(39765), np.int64(19359), np.int64(7628), np.int64(31593), np.int64(875), np.int64(45328))","(0, 0, 1, 0, 0, 0, 0, 0, 0, 0, 0, 0, 0, 0, 0, 0, 1, 1, 0, 0, 0, 0, 0, 0, 1, 0, 0, 0, 1, 0, 0, 0, 0, 0, 0, 1, 0, 0, 0, 0, 0, 0, 0, 0, 0, 0, 0, 0, 1, 1)"
3.226212,50,223.726782,0,"(np.int64(42607), np.int64(21870), np.int64(8382), np.int64(33581), np.int64(36897), np.int64(37111), np.int64(6783), np.int64(39965), np.int64(27275), np.int64(25679), np.int64(9780), np.int64(4165), np.int64(36469), np.int64(49364), np.int64(14197), np.int64(37357), np.int64(41934), np.int64(33712), np.int64(39770), np.int64(5213), np.int64(18826), np.int64(13378), np.int64(8515), np.int64(30813), np.int64(37200), np.int64(40657), np.int64(10650), np.int64(33857), np.int64(5582), np.int64(3237), np.int64(38106), np.int64(22945), np.int64(14257), np.int64(12156), np.int64(10065), np.int64(9912), np.int64(8368), np.int64(24568), np.int64(2942), np.int64(43683), np.int64(15920), np.int64(33288), np.int64(43014), np.int64(48812), np.int64(40656), np.int64(32960), np.int64(6746), np.int64(18512), np.int64(49256), np.int64(12754))","(0, 0, 1, 0, 0, 0, 0, 0, 0, 0, 0, 0, 0, 0, 0, 0, 0, 0, 0, 0, 0, 0, 0, 0, 0, 0, 0, 0, 1, 0, 0, 0, 0, 0, 0, 0, 0, 0, 0, 0, 0, 0, 0, 0, 0, 0, 1, 1, 0, 0)"
3.252054,50,224.181125,0,"(np.int64(43995), np.int64(1023), np.int64(36805), np.int64(11968), np.int64(25807), np.int64(10114), np.int64(27827), np.int64(41822), np.int64(3885), np.int64(1865), np.int64(20321), np.int64(13948), np.int64(40772), np.int64(22964), np.int64(38545), np.int64(46998), np.int64(21787), np.int64(2238), np.int64(25116), np.int64(34860), np.int64(38085), np.int64(49311), np.int64(44913), np.int64(31386), np.int64(13540), np.int64(13561), np.int64(42362), np.int64(1582), np.int64(6181), np.int64(29258), np.int64(14726), np.int64(2353), np.int64(6212), np.int64(43708), np.int64(30012), np.int64(2891), np.int64(49261), np.int64(17141), np.int64(3417), np.int64(11611), np.int64(48251), np.int64(5654), np.int64(30332), np.int64(9562), np.int64(19614), np.int64(11956), np.int64(48192), np.int64(1989), np.int64(39973), np.int64(1663))","(0, 0, 0, 1, 0, 1, 0, 0, 0, 0, 0, 0, 0, 0, 0, 0, 0, 0, 0, 0, 0, 0, 0, 0, 0, 0, 0, 0, 0, 0, 1, 0, 0, 0, 0, 0, 0, 0, 0, 0, 0, 0, 0, 0, 1, 0, 0, 0, 0, 0)"
2.968875,50,224.638405,0,"(np.int64(24163), np.int64(13629), np.int64(47400), np.int64(13492), np.int64(2840), np.int64(33938), np.int64(26390), np.int64(31303), np.int64(29875), np.int64(24226), np.int64(33171), np.int64(34629), np.int64(7176), np.int64(33854), np.int64(21646), np.int64(17499), np.int64(15091), np.int64(19312), np.int64(15408), np.int64(23157), np.int64(35856), np.int64(40319), np.int64(38294), np.int64(25387), np.int64(19133), np.int64(15867), np.int64(8674), np.int64(22804), np.int64(27966), np.int64(46945), np.int64(21059), np.int64(47709), np.int64(12272), np.int64(22653), np.int64(14153), np.int64(30465), np.int64(47425), np.int64(25832), np.int64(23142), np.int64(19459), np.int64(6209), np.int64(31975), np.int64(22969), np.int64(47260), np.int64(36963), np.int64(48623), np.int64(35574), np.int64(7743), np.int64(29423), np.int64(27237))","(0, 1, 0, 0, 0, 0, 0, 0, 0, 0, 0, 0, 1, 0, 0, 0, 0, 0, 0, 0, 0, 0, 0, 0, 0, 0, 0, 0, 0, 0, 0, 0, 0, 0, 0, 0, 0, 0, 0, 1, 0, 0, 0, 0, 0, 0, 1, 0, 0, 0)"
6.696528,50,225.091137,0,"(np.int64(13744), np.int64(9151), np.int64(36807), np.int64(22485), np.int64(25731), np.int64(48664), np.int64(5363), np.int64(36394), np.int64(45408), np.int64(28707), np.int64(3727), np.int64(37203), np.int64(26851), np.int64(39575), np.int64(14317), np.int64(18584), np.int64(38066), np.int64(29654), np.int64(7741), np.int64(5143), np.int64(48550), np.int64(6415), np.int64(19957), np.int64(37578), np.int64(36219), np.int64(31382), np.int64(193), np.int64(18638), np.int64(1100), np.int64(45663), np.int64(37), np.int64(32260), np.int64(19973), np.int64(2413), np.int64(28287), np.int64(21297), np.int64(36122), np.int64(833), np.int64(33408), np.int64(16542), np.int64(28801), np.int64(31271), np.int64(4686), np.int64(22425), np.int64(30704), np.int64(105), np.int64(24385), np.int64(16761), np.int64(3887), np.int64(4759))","(0, 1, 0, 0, 1, 0, 0, 1, 1, 0, 0, 0, 0, 0, 0, 1, 0, 0, 0, 0, 0, 0, 1, 0, 0, 0, 0, 0, 1, 0, 0, 0, 0, 0, 0, 1, 0, 1, 0, 0, 0, 0, 0, 0, 0, 0, 0, 0, 0, 0)"
2.368087,50,225.542499,0,"(np.int64(31245), np.int64(22062), np.int64(36605), np.int64(26532), np.int64(10577), np.int64(23901), np.int64(22897), np.int64(49245), np.int64(24068), np.int64(10982), np.int64(8517), np.int64(18902), np.int64(45779), np.int64(29794), np.int64(13625), np.int64(9834), np.int64(18630), np.int64(2293), np.int64(6640), np.int64(18063), np.int64(13795), np.int64(7117), np.int64(35041), np.int64(20865), np.int64(41557), np.int64(45838), np.int64(18490), np.int64(39102), np.int64(36339), np.int64(20653), np.int64(14364), np.int64(3234), np.int64(5688), np.int64(206), np.int64(29968), np.int64(33012), np.int64(14346), np.int64(35246), np.int64(3489), np.int64(34821), np.int64(12552), np.int64(27061), np.int64(5953), np.int64(35673), np.int64(15339), np.int64(3398), np.int64(4129), np.int64(40215), np.int64(24500), np.int64(27817))","(0, 0, 0, 0, 0, 0, 0, 0, 0, 0, 0, 0, 0, 0, 0, 0, 1, 1, 0, 0, 0, 0, 0, 0, 0, 0, 0, 0, 0, 0, 0, 0, 0, 1, 0, 0, 0, 0, 0, 0, 0, 0, 0, 0, 0, 0, 0, 0, 0, 0)"
3.103653,50,225.996466,0,"(np.int64(38771), np.int64(4250), np.int64(13651), np.int64(42975), np.int64(49370), np.int64(40569), np.int64(12706), np.int64(18482), np.int64(2907), np.int64(35122), np.int64(40225), np.int64(474), np.int64(23313), np.int64(36924), np.int64(28918), np.int64(7770), np.int64(27761), np.int64(43595), np.int64(46492), np.int64(3968), np.int64(27589), np.int64(40301), np.int64(4163), np.int64(26473), np.int64(47038), np.int64(2198), np.int64(9938), np.int64(46668), np.int64(28329), np.int64(13967), np.int64(27335), np.int64(22534), np.int64(395), np.int64(42339), np.int64(46485), np.int64(30943), np.int64(47066), np.int64(23329), np.int64(35390), np.int64(7953), np.int64(11733), np.int64(41476), np.int64(6065), np.int64(14308), np.int64(27843), np.int64(43996), np.int64(18746), np.int64(46659), np.int64(6816), np.int64(47405))","(0, 0, 0, 0, 0, 0, 0, 0, 0, 0, 0, 0, 0, 0, 0, 0, 0, 0, 0, 0, 0, 0, 0, 0, 0, 0, 0, 0, 0, 0, 0, 0, 0, 0, 0, 0, 0, 0, 0, 1, 1, 0, 0, 0, 0, 0, 1, 0, 1, 0)"
3.19436,50,226.451405,0,"(np.int64(8198), np.int64(35416), np.int64(3031), np.int64(5215), np.int64(39751), np.int64(49752), np.int64(45145), np.int64(11861), np.int64(9954), np.int64(9297), np.int64(48418), np.int64(25091), np.int64(42637), np.int64(16654), np.int64(46458), np.int64(44817), np.int64(31524), np.int64(21232), np.int64(46064), np.int64(22917), np.int64(41484), np.int64(14827), np.int64(6042), np.int64(30217), np.int64(27196), np.int64(16431), np.int64(8372), np.int64(33619), np.int64(42267), np.int64(42992), np.int64(31312), np.int64(35583), np.int64(16632), np.int64(28134), np.int64(39547), np.int64(26453), np.int64(245), np.int64(37207), np.int64(19581), np.int64(35202), np.int64(46723), np.int64(35290), np.int64(17094), np.int64(22147), np.int64(44732), np.int64(4200), np.int64(21101), np.int64(18840), np.int64(13554), np.int64(15480))","(0, 0, 0, 0, 0, 0, 0, 0, 0, 1, 0, 0, 0, 0, 0, 0, 0, 1, 0, 0, 0, 0, 0, 0, 0, 0, 0, 0, 0, 0, 0, 0, 0, 0, 0, 0, 0, 1, 0, 0, 0, 0, 0, 0, 0, 0, 0, 0, 1, 0)"
0.802778,50,226.904031,0,"(np.int64(38252), np.int64(23796), np.int64(1901), np.int64(35144), np.int64(41930), np.int64(48708), np.int64(48570), np.int64(26554), np.int64(8304), np.int64(45733), np.int64(516), np.int64(27634), np.int64(26555), np.int64(28459), np.int64(23673), np.int64(28192), np.int64(5447), np.int64(3300), np.int64(15835), np.int64(30547), np.int64(19628), np.int64(15296), np.int64(4101), np.int64(24866), np.int64(43409), np.int64(47293), np.int64(14381), np.int64(34400), np.int64(6218), np.int64(9923), np.int64(30455), np.int64(42246), np.int64(11398), np.int64(30569), np.int64(44180), np.int64(28102), np.int64(28760), np.int64(8469), np.int64(43370), np.int64(18044), np.int64(31225), np.int64(17546), np.int64(1837), np.int64(3375), np.int64(25210), np.int64(5703), np.int64(12587), np.int64(41454), np.int64(23416), np.int64(18871))","(0, 0, 0, 0, 0, 0, 0, 0, 0, 0, 0, 0, 0, 0, 0, 0, 0, 0, 0, 0, 0, 0, 0, 0, 0, 0, 0, 0, 0, 0, 0, 0, 0, 0, 0, 0, 0, 1, 0, 0, 0, 0, 0, 0, 0, 0, 0, 0, 0, 0)"
2.334993,50,227.357441,0,"(np.int64(14768), np.int64(737), np.int64(18088), np.int64(31168), np.int64(33320), np.int64(22338), np.int64(27528), np.int64(4787), np.int64(49751), np.int64(15349), np.int64(520), np.int64(46243), np.int64(30112), np.int64(42739), np.int64(22863), np.int64(6605), np.int64(29223), np.int64(38291), np.int64(34297), np.int64(2001), np.int64(44452), np.int64(22248), np.int64(47056), np.int64(42694), np.int64(24608), np.int64(46007), np.int64(47445), np.int64(18), np.int64(46492), np.int64(3983), np.int64(9066), np.int64(38846), np.int64(42474), np.int64(4329), np.int64(49659), np.int64(4986), np.int64(49910), np.int64(19327), np.int64(684), np.int64(48613), np.int64(19463), np.int64(32939), np.int64(26730), np.int64(30983), np.int64(49550), np.int64(41162), np.int64(272), np.int64(40642), np.int64(23480), np.int64(6821))","(0, 0, 0, 0, 0, 0, 0, 0, 0, 0, 1, 0, 0, 0, 0, 0, 0, 0, 0, 0, 0, 0, 0, 0, 0, 0, 0, 0, 0, 0, 0, 0, 0, 0, 0, 0, 0, 0, 0, 0, 0, 0, 0, 1, 0, 0, 1, 0, 0, 0)"
6.812104,50,227.81291,0,"(np.int64(14449), np.int64(28865), np.int64(2336), np.int64(43649), np.int64(15934), np.int64(20799), np.int64(34262), np.int64(46857), np.int64(10837), np.int64(10514), np.int64(36683), np.int64(41202), np.int64(38480), np.int64(1512), np.int64(44984), np.int64(16321), np.int64(7138), np.int64(5851), np.int64(41064), np.int64(16388), np.int64(4423), np.int64(37090), np.int64(3433), np.int64(15420), np.int64(19182), np.int64(6661), np.int64(49697), np.int64(34525), np.int64(32950), np.int64(17601), np.int64(6075), np.int64(11101), np.int64(10807), np.int64(2944), np.int64(46196), np.int64(32395), np.int64(12765), np.int64(26581), np.int64(6601), np.int64(10606), np.int64(2214), np.int64(39131), np.int64(27918), np.int64(15507), np.int64(24995), np.int64(41226), np.int64(9992), np.int64(19419), np.int64(25647), np.int64(40723))","(0, 1, 0, 0, 0, 0, 1, 0, 0, 0, 0, 0, 0, 0, 0, 0, 0, 1, 0, 0, 1, 0, 0, 0, 0, 0, 0, 0, 0, 0, 0, 0, 0, 0, 0, 0, 1, 0, 1, 0, 1, 0, 0, 1, 0, 1, 0, 0, 0, 0)"
6.034999,50,228.269081,0,"(np.int64(49588), np.int64(42385), np.int64(21329), np.int64(26822), np.int64(3961), np.int64(13801), np.int64(13068), np.int64(38031), np.int64(33382), np.int64(10700), np.int64(4534), np.int64(25766), np.int64(18543), np.int64(31447), np.int64(4357), np.int64(11461), np.int64(38576), np.int64(4097), np.int64(18025), np.int64(98), np.int64(27896), np.int64(12404), np.int64(2293), np.int64(20002), np.int64(29217), np.int64(34745), np.int64(46754), np.int64(7683), np.int64(14694), np.int64(8553), np.int64(16189), np.int64(22255), np.int64(16178), np.int64(38771), np.int64(23640), np.int64(14221), np.int64(33727), np.int64(9623), np.int64(35854), np.int64(28349), np.int64(33990), np.int64(726), np.int64(20992), np.int64(35376), np.int64(1048), np.int64(3308), np.int64(23620), np.int64(5884), np.int64(23162), np.int64(27355))","(0, 0, 0, 0, 1, 0, 0, 0, 0, 1, 1, 0, 1, 0, 0, 0, 0, 0, 0, 0, 0, 0, 1, 1, 0, 1, 1, 0, 0, 0, 0, 0, 0, 0, 0, 0, 0, 0, 0, 0, 0, 0, 0, 0, 0, 0, 0, 0, 0, 0)"
6.887429,50,228.725358,0,"(np.int64(33717), np.int64(180), np.int64(16407), np.int64(42221), np.int64(37152), np.int64(45684), np.int64(4309), np.int64(36215), np.int64(7657), np.int64(8253), np.int64(6965), np.int64(2163), np.int64(4944), np.int64(14552), np.int64(27454), np.int64(28383), np.int64(47823), np.int64(3633), np.int64(16007), np.int64(47013), np.int64(35823), np.int64(44223), np.int64(21169), np.int64(15968), np.int64(33052), np.int64(36439), np.int64(47584), np.int64(29178), np.int64(38630), np.int64(5247), np.int64(31899), np.int64(26387), np.int64(43677), np.int64(9311), np.int64(27334), np.int64(14607), np.int64(8449), np.int64(8878), np.int64(17296), np.int64(6057), np.int64(5022), np.int64(12634), np.int64(24485), np.int64(34126), np.int64(37870), np.int64(994), np.int64(17165), np.int64(6763), np.int64(4587), np.int64(25768))","(0, 0, 0, 0, 1, 0, 0, 1, 0, 1, 0, 0, 1, 0, 0, 0, 0, 0, 1, 0, 0, 0, 0, 0, 0, 1, 0, 0, 0, 0, 0, 0, 0, 0, 0, 0, 1, 0, 0, 0, 1, 0, 0, 0, 0, 1, 0, 0, 0, 0)"
3.097374,50,229.179944,0,"(np.int64(45229), np.int64(19915), np.int64(16647), np.int64(37048), np.int64(44607), np.int64(29218), np.int64(48443), np.int64(1561), np.int64(24496), np.int64(29529), np.int64(41494), np.int64(9052), np.int64(7010), np.int64(18738), np.int64(28263), np.int64(27893), np.int64(1007), np.int64(16925), np.int64(48187), np.int64(17824), np.int64(7907), np.int64(39503), np.int64(30474), np.int64(26676), np.int64(15744), np.int64(44404), np.int64(44455), np.int64(24165), np.int64(34958), np.int64(13739), np.int64(17643), np.int64(20102), np.int64(6428), np.int64(25367), np.int64(16324), np.int64(33911), np.int64(42138), np.int64(17406), np.int64(9147), np.int64(37158), np.int64(36205), np.int64(47922), np.int64(1105), np.int64(15316), np.int64(30828), np.int64(10609), np.int64(14953), np.int64(45327), np.int64(23809), np.int64(17179))","(0, 0, 0, 0, 0, 0, 0, 0, 1, 0, 0, 0, 0, 0, 0, 0, 0, 0, 0, 0, 1, 0, 0, 0, 1, 0, 0, 0, 0, 0, 0, 0, 0, 0, 1, 0, 0, 0, 0, 0, 0, 0, 0, 0, 0, 0, 0, 0, 0, 0)"
2.311128,50,229.665643,0,"(np.int64(10062), np.int64(21283), np.int64(9418), np.int64(28233), np.int64(8841), np.int64(49046), np.int64(35874), np.int64(3348), np.int64(39844), np.int64(10183), np.int64(49767), np.int64(45208), np.int64(20177), np.int64(9998), np.int64(33567), np.int64(19179), np.int64(25417), np.int64(44893), np.int64(18505), np.int64(34085), np.int64(11304), np.int64(18911), np.int64(3648), np.int64(41326), np.int64(35858), np.int64(26152), np.int64(36873), np.int64(39839), np.int64(9833), np.int64(2328), np.int64(3273), np.int64(6436), np.int64(20941), np.int64(40416), np.int64(20665), np.int64(42497), np.int64(36891), np.int64(45409), np.int64(32511), np.int64(2597), np.int64(15111), np.int64(39167), np.int64(40690), np.int64(30669), np.int64(31882), np.int64(34327), np.int64(14749), np.int64(36545), np.int64(21277), np.int64(31716))","(0, 0, 0, 0, 0, 0, 0, 0, 0, 1, 0, 0, 0, 0, 0, 1, 0, 0, 0, 0, 0, 0, 0, 0, 0, 0, 0, 0, 0, 0, 0, 0, 0, 0, 0, 0, 0, 0, 0, 0, 1, 0, 0, 0, 0, 0, 0, 0, 0, 0)"
2.990067,50,230.160171,0,"(np.int64(43144), np.int64(23763), np.int64(41034), np.int64(23406), np.int64(16954), np.int64(6780), np.int64(25228), np.int64(5483), np.int64(26717), np.int64(21840), np.int64(28792), np.int64(41313), np.int64(3129), np.int64(26961), np.int64(15933), np.int64(36059), np.int64(37591), np.int64(3797), np.int64(24843), np.int64(31692), np.int64(25823), np.int64(22874), np.int64(39934), np.int64(15646), np.int64(31018), np.int64(18261), np.int64(9712), np.int64(26822), np.int64(4257), np.int64(45822), np.int64(30056), np.int64(46430), np.int64(4310), np.int64(15349), np.int64(17236), np.int64(20581), np.int64(19287), np.int64(45094), np.int64(36185), np.int64(13803), np.int64(27993), np.int64(3393), np.int64(16306), np.int64(11886), np.int64(22302), np.int64(19061), np.int64(29993), np.int64(46860), np.int64(39426), np.int64(45332))","(0, 0, 0, 0, 0, 0, 0, 0, 0, 0, 0, 0, 0, 0, 0, 0, 1, 0, 0, 0, 0, 0, 0, 0, 1, 0, 0, 0, 0, 0, 0, 1, 0, 0, 0, 0, 1, 0, 0, 0, 0, 0, 0, 0, 0, 0, 0, 0, 0, 0)"
6.3353,50,230.706462,0,"(np.int64(35618), np.int64(29083), np.int64(153), np.int64(37554), np.int64(18553), np.int64(5546), np.int64(28135), np.int64(14464), np.int64(6420), np.int64(44198), np.int64(31674), np.int64(19982), np.int64(14871), np.int64(10223), np.int64(12799), np.int64(38240), np.int64(2152), np.int64(28676), np.int64(9535), np.int64(28250), np.int64(14752), np.int64(33350), np.int64(28919), np.int64(35651), np.int64(33380), np.int64(33348), np.int64(28365), np.int64(30027), np.int64(21205), np.int64(33578), np.int64(25271), np.int64(2417), np.int64(2621), np.int64(3218), np.int64(40199), np.int64(19025), np.int64(4963), np.int64(36119), np.int64(16711), np.int64(44091), np.int64(21974), np.int64(43407), np.int64(36018), np.int64(40285), np.int64(3753), np.int64(14108), np.int64(44736), np.int64(3830), np.int64(5937), np.int64(28658))","(0, 0, 0, 0, 0, 0, 0, 0, 0, 0, 0, 0, 0, 1, 1, 0, 0, 0, 1, 0, 0, 0, 0, 0, 0, 0, 0, 0, 0, 0, 0, 1, 0, 0, 0, 0, 0, 1, 0, 0, 0, 0, 1, 0, 0, 1, 0, 0, 0, 1)"
4.517864,50,231.293647,0,"(np.int64(40748), np.int64(33752), np.int64(14015), np.int64(1177), np.int64(10271), np.int64(37861), np.int64(13305), np.int64(2207), np.int64(34551), np.int64(42820), np.int64(26620), np.int64(8830), np.int64(18238), np.int64(13422), np.int64(9079), np.int64(42411), np.int64(10670), np.int64(20452), np.int64(17129), np.int64(18429), np.int64(47345), np.int64(10836), np.int64(18208), np.int64(41310), np.int64(9551), np.int64(30048), np.int64(8578), np.int64(41449), np.int64(12386), np.int64(10807), np.int64(10609), np.int64(30879), np.int64(45245), np.int64(16735), np.int64(46133), np.int64(31787), np.int64(9958), np.int64(31498), np.int64(10433), np.int64(44403), np.int64(34949), np.int64(8730), np.int64(13692), np.int64(41848), np.int64(423), np.int64(43719), np.int64(40372), np.int64(20101), np.int64(31402), np.int64(26538))","(0, 0, 0, 1, 0, 0, 0, 0, 0, 0, 0, 0, 0, 0, 0, 0, 0, 0, 0, 0, 1, 0, 0, 0, 1, 0, 0, 0, 0, 0, 0, 0, 0, 0, 0, 0, 1, 0, 1, 0, 0, 0, 0, 1, 0, 0, 0, 0, 0, 0)"
5.802291,50,231.805789,0,"(np.int64(34215), np.int64(21016), np.int64(34710), np.int64(44641), np.int64(38205), np.int64(26810), np.int64(44066), np.int64(46786), np.int64(49107), np.int64(1895), np.int64(22999), np.int64(11184), np.int64(41087), np.int64(23708), np.int64(6933), np.int64(30640), np.int64(40389), np.int64(34351), np.int64(4296), np.int64(2810), np.int64(3413), np.int64(11912), np.int64(3524), np.int64(20270), np.int64(3221), np.int64(38459), np.int64(7648), np.int64(13081), np.int64(39916), np.int64(4921), np.int64(49723), np.int64(33344), np.int64(10309), np.int64(15130), np.int64(24502), np.int64(29429), np.int64(36276), np.int64(4523), np.int64(5438), np.int64(36395), np.int64(35971), np.int64(22888), np.int64(13401), np.int64(41426), np.int64(17412), np.int64(12812), np.int64(43907), np.int64(43904), np.int64(35178), np.int64(11531))","(0, 1, 0, 0, 1, 0, 0, 0, 0, 0, 0, 0, 0, 0, 0, 0, 0, 0, 0, 0, 0, 0, 1, 0, 0, 0, 0, 0, 0, 1, 0, 0, 0, 0, 1, 0, 1, 0, 0, 1, 0, 0, 0, 0, 0, 0, 0, 0, 1, 0)"
2.241551,50,232.284735,0,"(np.int64(39659), np.int64(292), np.int64(29708), np.int64(39497), np.int64(47022), np.int64(47331), np.int64(29616), np.int64(15580), np.int64(39197), np.int64(38179), np.int64(15235), np.int64(29132), np.int64(39029), np.int64(34621), np.int64(27018), np.int64(48037), np.int64(2803), np.int64(7787), np.int64(1064), np.int64(40324), np.int64(44304), np.int64(16812), np.int64(17019), np.int64(19387), np.int64(49187), np.int64(25070), np.int64(4738), np.int64(39232), np.int64(11814), np.int64(29190), np.int64(31453), np.int64(44157), np.int64(31710), np.int64(28247), np.int64(43360), np.int64(11603), np.int64(48995), np.int64(40099), np.int64(33185), np.int64(13900), np.int64(15752), np.int64(14817), np.int64(30108), np.int64(9273), np.int64(17088), np.int64(40635), np.int64(367), np.int64(30790), np.int64(29443), np.int64(35508))","(0, 0, 0, 0, 0, 0, 0, 0, 0, 0, 0, 0, 0, 0, 0, 0, 1, 0, 0, 0, 0, 1, 0, 0, 0, 0, 0, 0, 0, 0, 0, 0, 0, 0, 0, 0, 0, 0, 0, 0, 0, 0, 0, 0, 0, 0, 1, 0, 0, 0)"
5.936871,50,232.759077,0,"(np.int64(1983), np.int64(8473), np.int64(35574), np.int64(4703), np.int64(24599), np.int64(42192), np.int64(9255), np.int64(38725), np.int64(23359), np.int64(46893), np.int64(41374), np.int64(22215), np.int64(19076), np.int64(20286), np.int64(7349), np.int64(38133), np.int64(14742), np.int64(34717), np.int64(30460), np.int64(6651), np.int64(22147), np.int64(22661), np.int64(12406), np.int64(33853), np.int64(13408), np.int64(10139), np.int64(24303), np.int64(15607), np.int64(44388), np.int64(36414), np.int64(25165), np.int64(29394), np.int64(23141), np.int64(42274), np.int64(38443), np.int64(38326), np.int64(42552), np.int64(17976), np.int64(49378), np.int64(436), np.int64(1586), np.int64(14747), np.int64(41336), np.int64(46775), np.int64(48127), np.int64(23682), np.int64(39345), np.int64(32757), np.int64(49427), np.int64(32772))","(0, 1, 1, 0, 0, 1, 0, 0, 0, 0, 0, 1, 0, 1, 0, 0, 0, 0, 0, 0, 0, 0, 0, 0, 0, 0, 1, 0, 0, 0, 1, 0, 0, 0, 0, 0, 0, 0, 0, 1, 0, 0, 0, 0, 0, 0, 0, 0, 0, 0)"
4.640037,50,233.252813,0,"(np.int64(23661), np.int64(29803), np.int64(32338), np.int64(23142), np.int64(31826), np.int64(49765), np.int64(47734), np.int64(31436), np.int64(5628), np.int64(49398), np.int64(2673), np.int64(15350), np.int64(17206), np.int64(38638), np.int64(21341), np.int64(3549), np.int64(35145), np.int64(30941), np.int64(29079), np.int64(20010), np.int64(10238), np.int64(23487), np.int64(20785), np.int64(25766), np.int64(8068), np.int64(22207), np.int64(12920), np.int64(27318), np.int64(42043), np.int64(13243), np.int64(23535), np.int64(17470), np.int64(4272), np.int64(21051), np.int64(26202), np.int64(42189), np.int64(9501), np.int64(27059), np.int64(15201), np.int64(19728), np.int64(25805), np.int64(23367), np.int64(36533), np.int64(33229), np.int64(45002), np.int64(6997), np.int64(34499), np.int64(12335), np.int64(17390), np.int64(9931))","(0, 0, 0, 0, 0, 0, 0, 0, 0, 0, 0, 1, 1, 0, 0, 0, 0, 0, 0, 0, 1, 0, 0, 0, 0, 0, 0, 0, 0, 1, 0, 0, 0, 0, 0, 1, 0, 0, 0, 0, 0, 0, 1, 0, 0, 0, 0, 0, 0, 0)"
5.333574,50,233.720997,0,"(np.int64(7257), np.int64(41780), np.int64(5788), np.int64(41842), np.int64(37983), np.int64(28645), np.int64(22889), np.int64(40232), np.int64(23685), np.int64(24235), np.int64(17583), np.int64(22817), np.int64(17296), np.int64(24011), np.int64(25261), np.int64(40138), np.int64(20770), np.int64(13022), np.int64(3354), np.int64(22593), np.int64(44395), np.int64(43106), np.int64(5641), np.int64(48416), np.int64(32534), np.int64(45840), np.int64(43777), np.int64(5541), np.int64(37217), np.int64(24743), np.int64(19345), np.int64(13666), np.int64(42711), np.int64(29068), np.int64(19347), np.int64(37801), np.int64(27918), np.int64(17403), np.int64(10439), np.int64(11620), np.int64(25680), np.int64(1253), np.int64(43301), np.int64(24320), np.int64(33104), np.int64(28618), np.int64(8411), np.int64(36818), np.int64(21682), np.int64(30767))","(0, 0, 1, 0, 0, 0, 0, 0, 0, 0, 0, 0, 0, 0, 0, 0, 0, 0, 0, 0, 0, 0, 0, 0, 0, 1, 0, 1, 0, 0, 1, 0, 0, 0, 1, 0, 0, 0, 0, 0, 0, 1, 0, 0, 1, 0, 0, 0, 0, 0)"
5.188611,50,234.204388,0,"(np.int64(42107), np.int64(48685), np.int64(4426), np.int64(44579), np.int64(40952), np.int64(11668), np.int64(42676), np.int64(8061), np.int64(17410), np.int64(11490), np.int64(34408), np.int64(38634), np.int64(6834), np.int64(18621), np.int64(19534), np.int64(44752), np.int64(36441), np.int64(19802), np.int64(27302), np.int64(47820), np.int64(45673), np.int64(3439), np.int64(18729), np.int64(19550), np.int64(42888), np.int64(11688), np.int64(26012), np.int64(16665), np.int64(9040), np.int64(11833), np.int64(5502), np.int64(12290), np.int64(43291), np.int64(2277), np.int64(38478), np.int64(22282), np.int64(1678), np.int64(26073), np.int64(6869), np.int64(31563), np.int64(7274), np.int64(29354), np.int64(12038), np.int64(40590), np.int64(38788), np.int64(35760), np.int64(24318), np.int64(34365), np.int64(25138), np.int64(12282))","(0, 0, 0, 0, 0, 1, 0, 0, 0, 1, 0, 0, 0, 0, 0, 0, 1, 0, 0, 0, 0, 1, 1, 1, 0, 1, 0, 0, 0, 0, 0, 0, 0, 0, 0, 0, 0, 0, 0, 0, 0, 0, 0, 0, 0, 0, 0, 0, 0, 0)"
2.311734,50,234.662451,0,"(np.int64(18336), np.int64(48130), np.int64(19912), np.int64(6414), np.int64(151), np.int64(6823), np.int64(22326), np.int64(5643), np.int64(904), np.int64(30204), np.int64(29404), np.int64(26861), np.int64(1287), np.int64(23168), np.int64(41500), np.int64(48016), np.int64(38851), np.int64(46610), np.int64(41484), np.int64(46542), np.int64(36246), np.int64(48689), np.int64(733), np.int64(34524), np.int64(23803), np.int64(5822), np.int64(25816), np.int64(10952), np.int64(43849), np.int64(9618), np.int64(21262), np.int64(41237), np.int64(7722), np.int64(27426), np.int64(18913), np.int64(31101), np.int64(37275), np.int64(3053), np.int64(44355), np.int64(15688), np.int64(32109), np.int64(26057), np.int64(20195), np.int64(37530), np.int64(40801), np.int64(9374), np.int64(16594), np.int64(18438), np.int64(8016), np.int64(48347))","(0, 0, 0, 0, 0, 0, 0, 0, 0, 0, 0, 0, 0, 0, 0, 0, 0, 0, 0, 0, 0, 1, 0, 0, 1, 0, 0, 0, 0, 0, 0, 0, 0, 0, 0, 0, 1, 0, 0, 0, 0, 0, 0, 0, 0, 0, 0, 0, 0, 0)"
4.480701,50,241.112538,0,"(np.int64(6024), np.int64(47132), np.int64(36720), np.int64(294), np.int64(9487), np.int64(34488), np.int64(9803), np.int64(44069), np.int64(13847), np.int64(2878), np.int64(29343), np.int64(27218), np.int64(4883), np.int64(37011), np.int64(24017), np.int64(12634), np.int64(31519), np.int64(4341), np.int64(42297), np.int64(48815), np.int64(47089), np.int64(15978), np.int64(34052), np.int64(2995), np.int64(16961), np.int64(41482), np.int64(21603), np.int64(46735), np.int64(9682), np.int64(11986), np.int64(17545), np.int64(3672), np.int64(5653), np.int64(39875), np.int64(42714), np.int64(10143), np.int64(8354), np.int64(43897), np.int64(38662), np.int64(34862), np.int64(2183), np.int64(46828), np.int64(31973), np.int64(39311), np.int64(36579), np.int64(45573), np.int64(19482), np.int64(44439), np.int64(15021), np.int64(36254))","(1, 0, 0, 0, 0, 0, 0, 0, 1, 0, 0, 0, 0, 0, 0, 0, 0, 0, 0, 0, 0, 0, 0, 0, 0, 0, 0, 0, 0, 1, 0, 0, 0, 0, 0, 1, 0, 0, 0, 1, 0, 0, 1, 0, 0, 0, 0, 0, 0, 0)"
3.854789,50,241.569083,0,"(np.int64(19082), np.int64(26862), np.int64(24098), np.int64(29025), np.int64(7023), np.int64(39444), np.int64(45242), np.int64(5094), np.int64(7869), np.int64(14616), np.int64(32347), np.int64(35793), np.int64(24267), np.int64(24298), np.int64(39991), np.int64(44223), np.int64(34897), np.int64(41671), np.int64(22019), np.int64(9453), np.int64(29604), np.int64(10972), np.int64(22638), np.int64(5345), np.int64(19169), np.int64(37202), np.int64(13426), np.int64(42950), np.int64(14764), np.int64(25791), np.int64(7513), np.int64(30359), np.int64(18794), np.int64(42710), np.int64(8967), np.int64(37995), np.int64(14324), np.int64(14644), np.int64(30847), np.int64(15268), np.int64(47819), np.int64(31677), np.int64(34907), np.int64(12479), np.int64(300), np.int64(24848), np.int64(29218), np.int64(40221), np.int64(29406), np.int64(15392))","(0, 0, 0, 0, 0, 0, 0, 0, 0, 1, 0, 0, 0, 0, 0, 0, 0, 0, 0, 0, 1, 0, 0, 0, 0, 0, 1, 0, 0, 0, 1, 0, 0, 0, 0, 0, 0, 0, 0, 0, 0, 0, 0, 0, 0, 0, 0, 0, 0, 1)"
6.688607,50,242.027531,0,"(np.int64(39343), np.int64(41852), np.int64(29573), np.int64(24882), np.int64(45781), np.int64(14442), np.int64(6365), np.int64(24857), np.int64(30078), np.int64(47928), np.int64(32603), np.int64(28943), np.int64(27326), np.int64(19542), np.int64(42519), np.int64(19634), np.int64(34663), np.int64(48450), np.int64(18357), np.int64(10341), np.int64(25676), np.int64(36797), np.int64(42604), np.int64(44332), np.int64(36905), np.int64(30876), np.int64(47235), np.int64(43994), np.int64(36623), np.int64(16381), np.int64(46733), np.int64(3234), np.int64(40271), np.int64(21102), np.int64(28761), np.int64(34348), np.int64(29532), np.int64(28657), np.int64(41269), np.int64(48223), np.int64(16143), np.int64(8953), np.int64(15878), np.int64(39233), np.int64(26050), np.int64(16904), np.int64(8941), np.int64(39772), np.int64(36800), np.int64(26482))","(0, 0, 0, 0, 1, 0, 0, 0, 0, 0, 0, 1, 0, 0, 1, 0, 0, 0, 0, 1, 0, 0, 1, 0, 0, 0, 0, 0, 0, 1, 0, 0, 0, 1, 1, 0, 0, 0, 0, 0, 0, 1, 0, 0, 0, 0, 0, 0, 0, 0)"
4.72274,50,242.484752,0,"(np.int64(24225), np.int64(25708), np.int64(7165), np.int64(42554), np.int64(32721), np.int64(31497), np.int64(47225), np.int64(24562), np.int64(44338), np.int64(34603), np.int64(34303), np.int64(11969), np.int64(13250), np.int64(17295), np.int64(15078), np.int64(19244), np.int64(2750), np.int64(26318), np.int64(22792), np.int64(32091), np.int64(35442), np.int64(3323), np.int64(21113), np.int64(12404), np.int64(27700), np.int64(37864), np.int64(16610), np.int64(9627), np.int64(8173), np.int64(3642), np.int64(14309), np.int64(1663), np.int64(6379), np.int64(24212), np.int64(37226), np.int64(9794), np.int64(46237), np.int64(7079), np.int64(3067), np.int64(16029), np.int64(9181), np.int64(38046), np.int64(129), np.int64(40275), np.int64(27822), np.int64(1709), np.int64(34859), np.int64(18397), np.int64(39035), np.int64(12705))","(0, 0, 0, 0, 0, 0, 0, 0, 0, 0, 0, 1, 0, 0, 0, 0, 0, 0, 0, 0, 0, 0, 0, 0, 0, 0, 0, 0, 0, 1, 1, 0, 0, 0, 1, 0, 0, 1, 0, 0, 0, 0, 0, 0, 0, 0, 0, 1, 0, 0)"
1.485274,50,242.955626,0,"(np.int64(41393), np.int64(23626), np.int64(18913), np.int64(47767), np.int64(43394), np.int64(24684), np.int64(44046), np.int64(19846), np.int64(37892), np.int64(12980), np.int64(49571), np.int64(28237), np.int64(29963), np.int64(3427), np.int64(48770), np.int64(40555), np.int64(42890), np.int64(24886), np.int64(27211), np.int64(2633), np.int64(25374), np.int64(46924), np.int64(9880), np.int64(11398), np.int64(23588), np.int64(32368), np.int64(21227), np.int64(44398), np.int64(2646), np.int64(7776), np.int64(22670), np.int64(29768), np.int64(22798), np.int64(25652), np.int64(10450), np.int64(9376), np.int64(12978), np.int64(40388), np.int64(21328), np.int64(5044), np.int64(956), np.int64(19893), np.int64(23388), np.int64(49013), np.int64(45966), np.int64(24005), np.int64(2181), np.int64(21793), np.int64(4066), np.int64(3934))","(0, 0, 0, 0, 0, 0, 0, 0, 0, 0, 0, 0, 0, 0, 0, 0, 0, 0, 0, 0, 0, 0, 0, 0, 0, 0, 0, 0, 0, 0, 0, 0, 0, 0, 0, 1, 0, 0, 0, 0, 0, 0, 0, 0, 0, 0, 0, 0, 1, 0)"
5.979516,50,243.422164,0,"(np.int64(36928), np.int64(40532), np.int64(49245), np.int64(10027), np.int64(9434), np.int64(23403), np.int64(45123), np.int64(10302), np.int64(5187), np.int64(42763), np.int64(29507), np.int64(35442), np.int64(37202), np.int64(12770), np.int64(5552), np.int64(40492), np.int64(6605), np.int64(27917), np.int64(7428), np.int64(5115), np.int64(44966), np.int64(908), np.int64(29842), np.int64(23754), np.int64(31396), np.int64(7425), np.int64(36662), np.int64(32203), np.int64(40659), np.int64(20024), np.int64(48950), np.int64(17526), np.int64(39563), np.int64(22593), np.int64(43886), np.int64(3305), np.int64(45853), np.int64(20517), np.int64(5520), np.int64(22006), np.int64(20562), np.int64(10900), np.int64(43287), np.int64(24864), np.int64(16054), np.int64(32831), np.int64(20607), np.int64(10348), np.int64(44414), np.int64(2250))","(0, 0, 0, 1, 1, 0, 0, 0, 0, 0, 0, 0, 0, 0, 1, 0, 0, 0, 0, 0, 0, 0, 0, 1, 0, 0, 0, 0, 0, 0, 0, 0, 0, 0, 0, 0, 1, 0, 0, 0, 1, 0, 0, 0, 1, 0, 0, 1, 0, 0)"
5.731431,50,243.881514,0,"(np.int64(25360), np.int64(40222), np.int64(10361), np.int64(34880), np.int64(40947), np.int64(27649), np.int64(20518), np.int64(25590), np.int64(44097), np.int64(13300), np.int64(21827), np.int64(21858), np.int64(22760), np.int64(19687), np.int64(36639), np.int64(10270), np.int64(44697), np.int64(11036), np.int64(43852), np.int64(31453), np.int64(11461), np.int64(6535), np.int64(36976), np.int64(27286), np.int64(44489), np.int64(18950), np.int64(30037), np.int64(40565), np.int64(17930), np.int64(37082), np.int64(647), np.int64(42821), np.int64(36018), np.int64(29238), np.int64(21793), np.int64(39598), np.int64(12019), np.int64(12874), np.int64(19732), np.int64(35762), np.int64(22385), np.int64(3027), np.int64(44297), np.int64(10820), np.int64(20246), np.int64(32579), np.int64(7867), np.int64(6331), np.int64(33828), np.int64(7078))","(0, 0, 1, 0, 0, 0, 0, 0, 0, 1, 0, 0, 0, 0, 0, 1, 0, 1, 0, 0, 0, 0, 0, 0, 0, 0, 0, 0, 0, 0, 0, 0, 1, 0, 0, 0, 1, 0, 0, 0, 0, 0, 0, 0, 0, 0, 1, 0, 0, 0)"
2.249916,50,244.335039,0,"(np.int64(1053), np.int64(15594), np.int64(12324), np.int64(45890), np.int64(32211), np.int64(6416), np.int64(23522), np.int64(26614), np.int64(40982), np.int64(8196), np.int64(48634), np.int64(40836), np.int64(24010), np.int64(44777), np.int64(35358), np.int64(3793), np.int64(44362), np.int64(42471), np.int64(46830), np.int64(9343), np.int64(24243), np.int64(540), np.int64(36494), np.int64(41166), np.int64(28026), np.int64(16437), np.int64(26321), np.int64(20102), np.int64(10969), np.int64(20282), np.int64(38041), np.int64(11971), np.int64(19770), np.int64(46550), np.int64(42559), np.int64(15482), np.int64(47174), np.int64(40244), np.int64(1893), np.int64(23837), np.int64(9466), np.int64(21176), np.int64(2529), np.int64(47167), np.int64(1113), np.int64(3893), np.int64(13282), np.int64(3057), np.int64(20182), np.int64(2576))","(0, 0, 0, 0, 0, 0, 0, 0, 0, 0, 0, 0, 0, 0, 0, 0, 0, 1, 0, 0, 0, 0, 0, 0, 0, 0, 0, 0, 0, 0, 0, 1, 1, 0, 0, 0, 0, 0, 0, 0, 0, 0, 0, 0, 0, 0, 0, 0, 0, 0)"
2.862922,50,244.78916,0,"(np.int64(29300), np.int64(39218), np.int64(2661), np.int64(49402), np.int64(36145), np.int64(15980), np.int64(46745), np.int64(29254), np.int64(11927), np.int64(6923), np.int64(3348), np.int64(26980), np.int64(42898), np.int64(443), np.int64(28493), np.int64(34484), np.int64(32544), np.int64(30983), np.int64(49946), np.int64(34259), np.int64(20913), np.int64(16304), np.int64(21769), np.int64(16631), np.int64(7248), np.int64(20737), np.int64(30501), np.int64(11770), np.int64(7858), np.int64(47408), np.int64(38222), np.int64(18692), np.int64(8090), np.int64(31762), np.int64(31310), np.int64(45938), np.int64(24437), np.int64(35713), np.int64(15337), np.int64(20628), np.int64(17091), np.int64(16006), np.int64(1238), np.int64(11095), np.int64(30103), np.int64(41417), np.int64(30698), np.int64(24936), np.int64(22917), np.int64(12194))","(0, 0, 1, 0, 0, 0, 0, 0, 0, 0, 0, 0, 0, 0, 0, 1, 0, 1, 0, 0, 0, 0, 0, 0, 0, 0, 0, 1, 0, 0, 0, 0, 0, 0, 0, 0, 0, 0, 0, 0, 0, 0, 0, 0, 0, 0, 0, 0, 0, 0)"
5.325227,50,245.251073,0,"(np.int64(2155), np.int64(5572), np.int64(21963), np.int64(3024), np.int64(29419), np.int64(42580), np.int64(28170), np.int64(16281), np.int64(11636), np.int64(28167), np.int64(43284), np.int64(17614), np.int64(14452), np.int64(43676), np.int64(38705), np.int64(35076), np.int64(39835), np.int64(20901), np.int64(14514), np.int64(42939), np.int64(35984), np.int64(24950), np.int64(7536), np.int64(29104), np.int64(42493), np.int64(28540), np.int64(29897), np.int64(44459), np.int64(12905), np.int64(19523), np.int64(23372), np.int64(11389), np.int64(17465), np.int64(5408), np.int64(33765), np.int64(7541), np.int64(17784), np.int64(15634), np.int64(20114), np.int64(40687), np.int64(41183), np.int64(45119), np.int64(28344), np.int64(40848), np.int64(49838), np.int64(13487), np.int64(12785), np.int64(14424), np.int64(17347), np.int64(48557))","(0, 0, 0, 0, 0, 0, 0, 1, 0, 0, 0, 0, 0, 1, 0, 0, 0, 0, 0, 0, 0, 0, 0, 0, 0, 0, 0, 0, 0, 1, 0, 0, 0, 1, 0, 0, 1, 0, 1, 0, 1, 0, 0, 0, 0, 0, 0, 0, 0, 0)"
2.026276,50,245.699296,0,"(np.int64(50014), np.int64(40458), np.int64(133), np.int64(22730), np.int64(46551), np.int64(26968), np.int64(27373), np.int64(8681), np.int64(36270), np.int64(47565), np.int64(41791), np.int64(18154), np.int64(21554), np.int64(11917), np.int64(29942), np.int64(40230), np.int64(48198), np.int64(10835), np.int64(43205), np.int64(3386), np.int64(1167), np.int64(20722), np.int64(8374), np.int64(25171), np.int64(2089), np.int64(5929), np.int64(26236), np.int64(21512), np.int64(37323), np.int64(44632), np.int64(36087), np.int64(19462), np.int64(6434), np.int64(9333), np.int64(148), np.int64(7320), np.int64(33526), np.int64(42533), np.int64(41995), np.int64(5876), np.int64(6408), np.int64(18817), np.int64(37609), np.int64(2450), np.int64(28423), np.int64(38581), np.int64(32566), np.int64(16437), np.int64(46168), np.int64(6161))","(0, 0, 0, 0, 0, 0, 0, 0, 0, 0, 0, 0, 0, 0, 0, 0, 0, 0, 0, 0, 0, 0, 0, 0, 0, 0, 0, 0, 0, 0, 0, 0, 0, 1, 0, 0, 0, 0, 1, 0, 0, 1, 0, 0, 0, 0, 0, 0, 0, 0)"
3.735724,50,246.14968,0,"(np.int64(43311), np.int64(15399), np.int64(23469), np.int64(36795), np.int64(219), np.int64(9504), np.int64(20791), np.int64(17003), np.int64(2098), np.int64(3573), np.int64(25691), np.int64(43792), np.int64(20928), np.int64(48872), np.int64(22815), np.int64(24454), np.int64(47750), np.int64(5119), np.int64(25507), np.int64(4939), np.int64(12910), np.int64(2495), np.int64(19329), np.int64(983), np.int64(33704), np.int64(794), np.int64(9876), np.int64(38685), np.int64(38672), np.int64(35840), np.int64(13770), np.int64(16317), np.int64(39058), np.int64(33535), np.int64(49560), np.int64(46150), np.int64(6265), np.int64(43489), np.int64(44642), np.int64(18423), np.int64(30409), np.int64(27393), np.int64(44458), np.int64(1693), np.int64(2689), np.int64(17586), np.int64(8357), np.int64(45941), np.int64(40881), np.int64(49229))","(0, 0, 0, 0, 0, 0, 0, 0, 0, 0, 0, 0, 0, 0, 0, 0, 1, 0, 0, 0, 0, 1, 1, 0, 0, 0, 1, 0, 0, 0, 0, 1, 0, 0, 0, 0, 0, 0, 0, 0, 0, 0, 0, 0, 0, 0, 0, 0, 0, 0)"
5.413329,50,246.600336,0,"(np.int64(15622), np.int64(24808), np.int64(442), np.int64(38025), np.int64(48253), np.int64(18791), np.int64(13776), np.int64(36553), np.int64(5932), np.int64(17982), np.int64(40413), np.int64(4933), np.int64(21848), np.int64(32575), np.int64(5847), np.int64(5914), np.int64(6659), np.int64(18044), np.int64(13617), np.int64(14187), np.int64(23847), np.int64(26055), np.int64(30369), np.int64(47006), np.int64(40198), np.int64(39014), np.int64(28268), np.int64(37784), np.int64(38807), np.int64(19999), np.int64(10704), np.int64(26870), np.int64(3754), np.int64(48684), np.int64(13681), np.int64(25959), np.int64(28961), np.int64(21875), np.int64(31511), np.int64(13269), np.int64(13314), np.int64(15938), np.int64(3388), np.int64(31914), np.int64(38918), np.int64(21381), np.int64(35464), np.int64(44471), np.int64(23256), np.int64(31490))","(1, 0, 0, 0, 0, 0, 0, 0, 0, 0, 0, 0, 0, 0, 0, 0, 0, 0, 0, 0, 0, 0, 0, 0, 0, 0, 0, 0, 0, 1, 0, 0, 0, 0, 0, 0, 0, 0, 0, 1, 1, 1, 0, 0, 0, 1, 0, 0, 0, 1)"
3.992747,50,247.051697,0,"(np.int64(2019), np.int64(44607), np.int64(45153), np.int64(4537), np.int64(45862), np.int64(48579), np.int64(44980), np.int64(32569), np.int64(29286), np.int64(25806), np.int64(35018), np.int64(36822), np.int64(13665), np.int64(20335), np.int64(5442), np.int64(8), np.int64(11437), np.int64(33911), np.int64(3026), np.int64(29068), np.int64(18070), np.int64(31252), np.int64(985), np.int64(47553), np.int64(47592), np.int64(34393), np.int64(21208), np.int64(31400), np.int64(30644), np.int64(5792), np.int64(18702), np.int64(46177), np.int64(24395), np.int64(15856), np.int64(43744), np.int64(8936), np.int64(36692), np.int64(10427), np.int64(5980), np.int64(19551), np.int64(16906), np.int64(26933), np.int64(5560), np.int64(21561), np.int64(10468), np.int64(5405), np.int64(42640), np.int64(43062), np.int64(49136), np.int64(26224))","(0, 0, 0, 0, 0, 0, 0, 0, 0, 0, 0, 1, 0, 0, 0, 0, 0, 0, 0, 0, 1, 1, 0, 0, 0, 0, 0, 0, 0, 0, 0, 0, 0, 0, 0, 1, 0, 1, 0, 0, 0, 0, 0, 0, 0, 0, 0, 0, 0, 0)"
4.550265,50,247.522248,0,"(np.int64(24470), np.int64(38530), np.int64(30087), np.int64(15913), np.int64(42017), np.int64(3167), np.int64(31946), np.int64(44044), np.int64(696), np.int64(29130), np.int64(13174), np.int64(23090), np.int64(42452), np.int64(4691), np.int64(34257), np.int64(1918), np.int64(45071), np.int64(9169), np.int64(3342), np.int64(6942), np.int64(47767), np.int64(23347), np.int64(5627), np.int64(11816), np.int64(9879), np.int64(46901), np.int64(516), np.int64(47099), np.int64(24549), np.int64(18953), np.int64(15039), np.int64(12711), np.int64(44822), np.int64(38380), np.int64(24087), np.int64(16264), np.int64(17860), np.int64(34756), np.int64(8103), np.int64(5944), np.int64(16492), np.int64(22997), np.int64(1526), np.int64(15218), np.int64(8777), np.int64(6356), np.int64(13751), np.int64(2941), np.int64(37741), np.int64(11160))","(0, 0, 0, 0, 0, 0, 0, 0, 0, 0, 1, 0, 0, 0, 0, 0, 0, 0, 0, 0, 0, 0, 1, 0, 0, 0, 0, 0, 1, 0, 0, 0, 0, 0, 0, 0, 0, 0, 1, 0, 0, 0, 0, 1, 0, 0, 0, 1, 0, 0)"
6.721581,50,247.979594,0,"(np.int64(3231), np.int64(12774), np.int64(1012), np.int64(42461), np.int64(44623), np.int64(9464), np.int64(36337), np.int64(22342), np.int64(38935), np.int64(47190), np.int64(2063), np.int64(35452), np.int64(8414), np.int64(12583), np.int64(5384), np.int64(36816), np.int64(30275), np.int64(7606), np.int64(13214), np.int64(19442), np.int64(31280), np.int64(44863), np.int64(36647), np.int64(47045), np.int64(38884), np.int64(6349), np.int64(38205), np.int64(16075), np.int64(19343), np.int64(10637), np.int64(12903), np.int64(928), np.int64(39956), np.int64(15070), np.int64(29568), np.int64(39589), np.int64(21683), np.int64(39815), np.int64(45806), np.int64(34793), np.int64(36777), np.int64(45768), np.int64(41893), np.int64(1654), np.int64(25157), np.int64(38550), np.int64(11183), np.int64(37718), np.int64(1749), np.int64(13443))","(0, 1, 0, 0, 0, 0, 0, 0, 0, 0, 0, 0, 0, 0, 1, 0, 0, 0, 0, 1, 0, 0, 0, 0, 1, 0, 1, 1, 0, 1, 0, 0, 0, 1, 0, 0, 0, 0, 0, 0, 0, 0, 0, 0, 0, 0, 1, 0, 0, 0)"
4.30648,50,248.441831,0,"(np.int64(42969), np.int64(8860), np.int64(24345), np.int64(33061), np.int64(12371), np.int64(38092), np.int64(8998), np.int64(24707), np.int64(40500), np.int64(15293), np.int64(24283), np.int64(12319), np.int64(41774), np.int64(18483), np.int64(24273), np.int64(10624), np.int64(15225), np.int64(14164), np.int64(32958), np.int64(40422), np.int64(12849), np.int64(13821), np.int64(46045), np.int64(34205), np.int64(39512), np.int64(24051), np.int64(45762), np.int64(7891), np.int64(48832), np.int64(14), np.int64(46712), np.int64(12064), np.int64(22464), np.int64(2916), np.int64(44922), np.int64(30230), np.int64(8711), np.int64(13405), np.int64(22411), np.int64(25614), np.int64(38423), np.int64(46177), np.int64(28779), np.int64(9699), np.int64(33955), np.int64(2838), np.int64(42720), np.int64(10868), np.int64(16998), np.int64(43635))","(0, 0, 1, 0, 0, 0, 0, 0, 0, 0, 0, 1, 0, 0, 0, 0, 0, 1, 0, 0, 0, 0, 0, 0, 0, 1, 0, 0, 0, 0, 0, 0, 0, 0, 0, 0, 0, 0, 0, 0, 1, 0, 0, 0, 1, 0, 0, 0, 0, 0)"
4.51803,50,248.910113,0,"(np.int64(6261), np.int64(33371), np.int64(823), np.int64(40121), np.int64(24), np.int64(17173), np.int64(22673), np.int64(16778), np.int64(40856), np.int64(25087), np.int64(43534), np.int64(9986), np.int64(26744), np.int64(34988), np.int64(46046), np.int64(15856), np.int64(17616), np.int64(29156), np.int64(20513), np.int64(47265), np.int64(19972), np.int64(11205), np.int64(7560), np.int64(12262), np.int64(17381), np.int64(32821), np.int64(40817), np.int64(20661), np.int64(10511), np.int64(46599), np.int64(12414), np.int64(46233), np.int64(11141), np.int64(539), np.int64(856), np.int64(36638), np.int64(40159), np.int64(43064), np.int64(38707), np.int64(11240), np.int64(48086), np.int64(32719), np.int64(33076), np.int64(21995), np.int64(14841), np.int64(40577), np.int64(43954), np.int64(48119), np.int64(13192), np.int64(44471))","(0, 0, 0, 0, 0, 0, 0, 1, 0, 1, 0, 1, 0, 0, 0, 0, 0, 0, 0, 0, 1, 0, 1, 0, 0, 0, 0, 0, 0, 0, 0, 0, 0, 0, 0, 0, 1, 0, 0, 0, 0, 0, 0, 0, 0, 0, 0, 0, 0, 0)"
5.429731,50,249.36222,0,"(np.int64(30710), np.int64(9575), np.int64(45373), np.int64(20874), np.int64(1240), np.int64(47545), np.int64(12975), np.int64(2541), np.int64(35808), np.int64(44070), np.int64(21769), np.int64(15937), np.int64(27219), np.int64(40192), np.int64(27870), np.int64(37490), np.int64(2701), np.int64(9635), np.int64(24774), np.int64(42352), np.int64(7516), np.int64(30098), np.int64(5465), np.int64(18403), np.int64(14851), np.int64(44706), np.int64(15953), np.int64(11367), np.int64(27317), np.int64(720), np.int64(21736), np.int64(21521), np.int64(40431), np.int64(33224), np.int64(22092), np.int64(23426), np.int64(12810), np.int64(403), np.int64(5435), np.int64(29330), np.int64(8359), np.int64(32351), np.int64(29344), np.int64(26566), np.int64(48045), np.int64(713), np.int64(7291), np.int64(35470), np.int64(26577), np.int64(43920))","(0, 0, 0, 0, 0, 0, 1, 0, 0, 0, 0, 0, 1, 0, 0, 0, 0, 1, 0, 0, 0, 0, 0, 0, 1, 0, 0, 0, 0, 0, 0, 0, 0, 0, 0, 1, 0, 0, 0, 1, 0, 0, 1, 0, 0, 0, 0, 0, 0, 0)"
2.196589,50,249.813882,0,"(np.int64(3093), np.int64(34829), np.int64(20399), np.int64(38908), np.int64(15621), np.int64(23014), np.int64(9704), np.int64(30202), np.int64(2161), np.int64(41114), np.int64(46785), np.int64(9260), np.int64(26352), np.int64(12153), np.int64(42170), np.int64(5649), np.int64(11866), np.int64(40126), np.int64(9665), np.int64(12111), np.int64(20751), np.int64(39571), np.int64(1258), np.int64(23084), np.int64(9204), np.int64(22650), np.int64(38174), np.int64(49337), np.int64(35891), np.int64(20801), np.int64(35616), np.int64(23767), np.int64(10561), np.int64(24760), np.int64(33017), np.int64(30288), np.int64(23518), np.int64(37608), np.int64(7698), np.int64(26233), np.int64(4274), np.int64(1605), np.int64(42257), np.int64(24378), np.int64(42638), np.int64(12730), np.int64(5388), np.int64(3875), np.int64(8447), np.int64(41194))","(0, 0, 0, 0, 0, 0, 0, 0, 0, 1, 0, 0, 1, 1, 0, 0, 0, 0, 0, 0, 0, 0, 0, 0, 0, 0, 0, 0, 0, 0, 0, 0, 0, 0, 0, 0, 0, 0, 0, 0, 0, 0, 0, 0, 0, 0, 0, 0, 0, 0)"
2.176835,50,250.268709,0,"(np.int64(29933), np.int64(378), np.int64(26721), np.int64(16752), np.int64(36134), np.int64(23824), np.int64(1377), np.int64(21421), np.int64(49039), np.int64(7393), np.int64(6700), np.int64(16765), np.int64(41211), np.int64(1952), np.int64(32326), np.int64(7993), np.int64(39829), np.int64(46324), np.int64(8441), np.int64(10506), np.int64(26379), np.int64(5411), np.int64(2953), np.int64(12601), np.int64(45151), np.int64(49142), np.int64(48988), np.int64(40561), np.int64(8520), np.int64(32446), np.int64(45121), np.int64(9525), np.int64(6388), np.int64(18844), np.int64(25277), np.int64(18038), np.int64(9973), np.int64(32239), np.int64(34109), np.int64(38703), np.int64(21811), np.int64(34366), np.int64(26591), np.int64(14114), np.int64(21324), np.int64(25368), np.int64(30791), np.int64(21290), np.int64(24762), np.int64(3503))","(0, 0, 0, 0, 0, 0, 0, 0, 0, 1, 0, 0, 0, 0, 0, 0, 0, 0, 0, 0, 0, 0, 0, 0, 0, 0, 0, 0, 0, 1, 0, 0, 0, 0, 0, 0, 0, 0, 1, 0, 0, 0, 0, 0, 0, 0, 0, 0, 0, 0)"
4.609084,50,250.72092,0,"(np.int64(45806), np.int64(23833), np.int64(40811), np.int64(361), np.int64(13089), np.int64(29893), np.int64(26173), np.int64(1221), np.int64(32955), np.int64(15412), np.int64(36095), np.int64(38050), np.int64(15816), np.int64(44861), np.int64(12613), np.int64(20639), np.int64(8063), np.int64(43476), np.int64(8294), np.int64(17147), np.int64(26496), np.int64(11158), np.int64(42963), np.int64(19861), np.int64(36753), np.int64(18778), np.int64(8284), np.int64(7224), np.int64(7521), np.int64(7232), np.int64(29559), np.int64(28348), np.int64(28970), np.int64(10694), np.int64(36371), np.int64(7526), np.int64(10105), np.int64(47807), np.int64(19219), np.int64(49094), np.int64(18376), np.int64(9972), np.int64(37213), np.int64(27799), np.int64(36237), np.int64(4266), np.int64(41639), np.int64(41796), np.int64(24043), np.int64(42358))","(0, 0, 0, 1, 0, 0, 0, 1, 0, 0, 0, 0, 0, 0, 0, 0, 0, 0, 0, 0, 0, 0, 0, 0, 0, 0, 0, 0, 1, 1, 0, 0, 0, 0, 1, 0, 0, 0, 0, 0, 0, 1, 0, 0, 0, 0, 0, 0, 0, 0)"
2.288721,50,251.172006,0,"(np.int64(44238), np.int64(27180), np.int64(49055), np.int64(13366), np.int64(47350), np.int64(5067), np.int64(25383), np.int64(39036), np.int64(32124), np.int64(30439), np.int64(12682), np.int64(43190), np.int64(49346), np.int64(14492), np.int64(32771), np.int64(46171), np.int64(41699), np.int64(27481), np.int64(30935), np.int64(12298), np.int64(22708), np.int64(24510), np.int64(4886), np.int64(32449), np.int64(13230), np.int64(43776), np.int64(30254), np.int64(11252), np.int64(26183), np.int64(38132), np.int64(46531), np.int64(22617), np.int64(3591), np.int64(34639), np.int64(47974), np.int64(37952), np.int64(9204), np.int64(13210), np.int64(16183), np.int64(49466), np.int64(37497), np.int64(28071), np.int64(28261), np.int64(35930), np.int64(16842), np.int64(33173), np.int64(26168), np.int64(125), np.int64(1912), np.int64(36288))","(0, 1, 0, 0, 0, 0, 1, 0, 0, 0, 0, 0, 0, 0, 0, 0, 0, 0, 0, 0, 0, 0, 0, 0, 0, 0, 0, 0, 0, 0, 0, 0, 0, 0, 0, 0, 0, 0, 0, 0, 0, 0, 0, 0, 0, 0, 0, 0, 1, 0)"
5.485572,50,251.625622,0,"(np.int64(19247), np.int64(39896), np.int64(3829), np.int64(2898), np.int64(35129), np.int64(39601), np.int64(36057), np.int64(44090), np.int64(43195), np.int64(42368), np.int64(41536), np.int64(32108), np.int64(28999), np.int64(27385), np.int64(38202), np.int64(19225), np.int64(7845), np.int64(30431), np.int64(9663), np.int64(4499), np.int64(32529), np.int64(2434), np.int64(8550), np.int64(42269), np.int64(16459), np.int64(35832), np.int64(16717), np.int64(11250), np.int64(9037), np.int64(31942), np.int64(32348), np.int64(8665), np.int64(36532), np.int64(4680), np.int64(25162), np.int64(23206), np.int64(18569), np.int64(45111), np.int64(22031), np.int64(22013), np.int64(17660), np.int64(21641), np.int64(2169), np.int64(49672), np.int64(15650), np.int64(24988), np.int64(2026), np.int64(16072), np.int64(41637), np.int64(39912))","(0, 0, 0, 0, 0, 0, 0, 0, 0, 0, 0, 0, 0, 0, 0, 0, 1, 0, 1, 0, 0, 0, 1, 0, 0, 0, 0, 0, 0, 0, 0, 0, 1, 0, 0, 0, 1, 1, 1, 0, 0, 0, 0, 0, 0, 0, 0, 0, 0, 0)"
6.570604,50,252.077175,0,"(np.int64(48609), np.int64(25517), np.int64(47969), np.int64(44742), np.int64(46580), np.int64(29077), np.int64(7406), np.int64(15278), np.int64(17389), np.int64(49501), np.int64(10163), np.int64(22373), np.int64(46209), np.int64(40189), np.int64(24909), np.int64(28075), np.int64(30352), np.int64(39786), np.int64(1042), np.int64(41039), np.int64(17782), np.int64(12719), np.int64(11663), np.int64(15246), np.int64(48447), np.int64(34252), np.int64(35), np.int64(39112), np.int64(36511), np.int64(39171), np.int64(28344), np.int64(35026), np.int64(39538), np.int64(24215), np.int64(38941), np.int64(21705), np.int64(37323), np.int64(7794), np.int64(39024), np.int64(46970), np.int64(11972), np.int64(4082), np.int64(46640), np.int64(33225), np.int64(1267), np.int64(49578), np.int64(19836), np.int64(15576), np.int64(4890), np.int64(10436))","(0, 0, 0, 0, 0, 0, 0, 0, 0, 0, 0, 0, 0, 0, 0, 0, 0, 0, 1, 0, 0, 0, 0, 0, 0, 0, 0, 0, 0, 1, 0, 0, 1, 1, 0, 1, 0, 1, 1, 0, 1, 0, 1, 0, 0, 0, 0, 0, 0, 0)"
1.613956,50,252.542456,0,"(np.int64(14717), np.int64(46625), np.int64(18573), np.int64(34920), np.int64(20381), np.int64(24714), np.int64(7108), np.int64(19170), np.int64(38597), np.int64(17246), np.int64(21755), np.int64(16615), np.int64(16973), np.int64(48711), np.int64(26026), np.int64(10603), np.int64(24790), np.int64(31179), np.int64(31537), np.int64(13328), np.int64(12867), np.int64(10944), np.int64(43281), np.int64(45774), np.int64(25260), np.int64(49779), np.int64(5132), np.int64(45022), np.int64(8532), np.int64(5664), np.int64(3456), np.int64(23379), np.int64(36200), np.int64(35076), np.int64(2291), np.int64(47732), np.int64(32424), np.int64(17996), np.int64(2072), np.int64(37862), np.int64(31928), np.int64(34641), np.int64(7549), np.int64(40970), np.int64(4276), np.int64(11002), np.int64(3859), np.int64(1650), np.int64(18651), np.int64(11289))","(0, 0, 0, 0, 0, 0, 0, 0, 0, 0, 0, 0, 0, 0, 0, 0, 0, 0, 0, 0, 1, 0, 0, 0, 0, 0, 0, 0, 1, 0, 0, 0, 0, 0, 0, 0, 0, 0, 0, 0, 0, 0, 0, 0, 0, 0, 0, 0, 0, 0)"
4.462037,50,253.000232,0,"(np.int64(43259), np.int64(41485), np.int64(8058), np.int64(36255), np.int64(14107), np.int64(8349), np.int64(47701), np.int64(24444), np.int64(20184), np.int64(21240), np.int64(23440), np.int64(25496), np.int64(32319), np.int64(21035), np.int64(11067), np.int64(45824), np.int64(20100), np.int64(11119), np.int64(31201), np.int64(41903), np.int64(15090), np.int64(48166), np.int64(4366), np.int64(27955), np.int64(46378), np.int64(12903), np.int64(2550), np.int64(39762), np.int64(26816), np.int64(6054), np.int64(18933), np.int64(878), np.int64(20252), np.int64(9373), np.int64(38938), np.int64(3156), np.int64(47956), np.int64(23890), np.int64(35733), np.int64(7947), np.int64(41849), np.int64(24785), np.int64(20784), np.int64(28588), np.int64(13108), np.int64(49225), np.int64(33453), np.int64(44653), np.int64(33645), np.int64(49844))","(0, 0, 0, 0, 0, 0, 0, 0, 0, 0, 0, 0, 0, 0, 1, 0, 0, 0, 0, 0, 0, 0, 0, 0, 0, 0, 0, 0, 0, 0, 0, 0, 0, 0, 1, 0, 0, 1, 1, 1, 1, 0, 0, 0, 0, 0, 0, 0, 0, 0)"
3.110561,50,253.462526,0,"(np.int64(45129), np.int64(26175), np.int64(37727), np.int64(8967), np.int64(6214), np.int64(29641), np.int64(16017), np.int64(45642), np.int64(43415), np.int64(7077), np.int64(10789), np.int64(19817), np.int64(45052), np.int64(36738), np.int64(9978), np.int64(38105), np.int64(19147), np.int64(27462), np.int64(2640), np.int64(12541), np.int64(15969), np.int64(16016), np.int64(12565), np.int64(30964), np.int64(41813), np.int64(41037), np.int64(6059), np.int64(7548), np.int64(48979), np.int64(43090), np.int64(28909), np.int64(24224), np.int64(1174), np.int64(15707), np.int64(42006), np.int64(5396), np.int64(4022), np.int64(29997), np.int64(13792), np.int64(11857), np.int64(35168), np.int64(4709), np.int64(31787), np.int64(13822), np.int64(17686), np.int64(5569), np.int64(41605), np.int64(46385), np.int64(27201), np.int64(37235))","(0, 0, 0, 0, 0, 0, 0, 0, 0, 0, 0, 1, 0, 0, 0, 0, 0, 0, 0, 0, 0, 0, 0, 0, 1, 0, 0, 0, 0, 0, 0, 0, 0, 0, 0, 1, 0, 0, 0, 0, 0, 0, 0, 0, 0, 0, 0, 0, 1, 0)"
5.234702,50,253.929565,0,"(np.int64(13927), np.int64(41440), np.int64(20248), np.int64(17104), np.int64(3546), np.int64(14223), np.int64(9425), np.int64(41032), np.int64(36368), np.int64(32865), np.int64(20807), np.int64(22468), np.int64(32827), np.int64(3777), np.int64(24709), np.int64(33146), np.int64(43870), np.int64(10690), np.int64(25193), np.int64(11437), np.int64(11043), np.int64(35521), np.int64(42777), np.int64(1570), np.int64(17911), np.int64(15263), np.int64(7053), np.int64(17840), np.int64(28311), np.int64(18932), np.int64(43331), np.int64(43213), np.int64(41271), np.int64(37659), np.int64(19116), np.int64(48761), np.int64(15084), np.int64(13296), np.int64(24097), np.int64(22211), np.int64(45203), np.int64(48473), np.int64(10731), np.int64(38219), np.int64(49243), np.int64(12496), np.int64(726), np.int64(4558), np.int64(7372), np.int64(49993))","(0, 0, 1, 0, 0, 0, 0, 0, 0, 0, 0, 0, 0, 1, 0, 0, 0, 0, 1, 0, 0, 0, 0, 0, 0, 1, 0, 0, 0, 0, 0, 0, 0, 1, 0, 0, 0, 1, 0, 0, 1, 0, 0, 0, 0, 0, 0, 0, 0, 0)"
2.209736,50,254.386317,0,"(np.int64(44754), np.int64(25506), np.int64(27919), np.int64(23445), np.int64(2398), np.int64(48717), np.int64(4292), np.int64(11908), np.int64(26160), np.int64(32068), np.int64(15206), np.int64(36964), np.int64(29764), np.int64(50020), np.int64(45536), np.int64(27306), np.int64(23290), np.int64(46601), np.int64(13734), np.int64(9706), np.int64(29046), np.int64(29786), np.int64(41992), np.int64(8131), np.int64(46867), np.int64(4826), np.int64(27047), np.int64(16430), np.int64(19583), np.int64(44072), np.int64(15931), np.int64(21928), np.int64(34555), np.int64(41009), np.int64(29840), np.int64(24689), np.int64(34429), np.int64(37715), np.int64(12367), np.int64(9543), np.int64(18544), np.int64(1815), np.int64(16442), np.int64(22493), np.int64(11476), np.int64(20463), np.int64(13240), np.int64(28251), np.int64(6121), np.int64(25869))","(0, 0, 0, 0, 0, 0, 0, 0, 0, 0, 0, 0, 0, 0, 0, 0, 0, 0, 0, 0, 0, 0, 0, 0, 0, 0, 1, 0, 0, 0, 0, 0, 0, 0, 0, 0, 0, 0, 0, 0, 0, 0, 0, 0, 1, 0, 0, 0, 1, 0)"
4.020556,50,254.86956,0,"(np.int64(28868), np.int64(21735), np.int64(3384), np.int64(30482), np.int64(15822), np.int64(41999), np.int64(30575), np.int64(47265), np.int64(40017), np.int64(13960), np.int64(14462), np.int64(2358), np.int64(3431), np.int64(12792), np.int64(44224), np.int64(45132), np.int64(9690), np.int64(29692), np.int64(30496), np.int64(30290), np.int64(26654), np.int64(38717), np.int64(27807), np.int64(44210), np.int64(8542), np.int64(27690), np.int64(40368), np.int64(47919), np.int64(30527), np.int64(32221), np.int64(32818), np.int64(48056), np.int64(18870), np.int64(43611), np.int64(35265), np.int64(23188), np.int64(32070), np.int64(43094), np.int64(18499), np.int64(26399), np.int64(16627), np.int64(23909), np.int64(5552), np.int64(31956), np.int64(815), np.int64(17142), np.int64(40859), np.int64(12221), np.int64(13597), np.int64(21512))","(1, 0, 0, 0, 0, 0, 0, 0, 0, 0, 0, 0, 0, 1, 0, 0, 1, 0, 0, 0, 0, 0, 0, 0, 0, 0, 0, 0, 0, 1, 0, 0, 0, 0, 0, 0, 0, 0, 0, 0, 0, 0, 1, 0, 0, 0, 0, 0, 0, 0)"
2.995985,50,255.327619,0,"(np.int64(21435), np.int64(16918), np.int64(17420), np.int64(24195), np.int64(33407), np.int64(47410), np.int64(30225), np.int64(27579), np.int64(38082), np.int64(23980), np.int64(32142), np.int64(1400), np.int64(42523), np.int64(4638), np.int64(2243), np.int64(7579), np.int64(43895), np.int64(41247), np.int64(40536), np.int64(4339), np.int64(37400), np.int64(21100), np.int64(19931), np.int64(18939), np.int64(9777), np.int64(33818), np.int64(32969), np.int64(42561), np.int64(47731), np.int64(25955), np.int64(36895), np.int64(44221), np.int64(13118), np.int64(26410), np.int64(31314), np.int64(44528), np.int64(13216), np.int64(42866), np.int64(45764), np.int64(44580), np.int64(27811), np.int64(28093), np.int64(15568), np.int64(41533), np.int64(13052), np.int64(11334), np.int64(1744), np.int64(14187), np.int64(45095), np.int64(2851))","(0, 0, 0, 0, 0, 0, 0, 0, 0, 0, 0, 0, 0, 1, 0, 0, 0, 0, 0, 1, 0, 0, 0, 0, 0, 0, 0, 0, 0, 0, 1, 0, 0, 0, 0, 0, 0, 0, 0, 0, 0, 0, 1, 0, 0, 0, 0, 0, 0, 0)"
4.737792,50,255.786371,0,"(np.int64(43154), np.int64(26653), np.int64(47983), np.int64(40930), np.int64(25402), np.int64(1007), np.int64(14468), np.int64(49101), np.int64(46249), np.int64(6617), np.int64(36382), np.int64(10911), np.int64(6840), np.int64(36098), np.int64(18886), np.int64(33604), np.int64(35841), np.int64(21538), np.int64(33720), np.int64(9365), np.int64(44119), np.int64(44003), np.int64(11197), np.int64(7484), np.int64(29055), np.int64(48535), np.int64(16152), np.int64(49704), np.int64(49339), np.int64(48228), np.int64(34792), np.int64(13058), np.int64(39137), np.int64(18636), np.int64(2646), np.int64(31395), np.int64(39449), np.int64(26280), np.int64(21785), np.int64(1760), np.int64(20983), np.int64(19681), np.int64(48969), np.int64(12361), np.int64(4476), np.int64(24850), np.int64(4647), np.int64(8211), np.int64(27139), np.int64(40888))","(0, 0, 0, 0, 0, 0, 0, 0, 0, 0, 1, 1, 1, 0, 0, 0, 0, 0, 0, 0, 0, 0, 1, 0, 0, 0, 0, 0, 0, 0, 0, 0, 0, 0, 0, 0, 0, 0, 0, 0, 0, 1, 0, 0, 0, 0, 1, 0, 0, 0)"
6.217919,50,256.238652,0,"(np.int64(29562), np.int64(3409), np.int64(22370), np.int64(18285), np.int64(2298), np.int64(41008), np.int64(47842), np.int64(26644), np.int64(1185), np.int64(38066), np.int64(32764), np.int64(7592), np.int64(20914), np.int64(3246), np.int64(11347), np.int64(20902), np.int64(102), np.int64(44815), np.int64(24651), np.int64(33486), np.int64(36759), np.int64(32068), np.int64(49374), np.int64(20959), np.int64(15088), np.int64(10073), np.int64(46955), np.int64(25246), np.int64(23639), np.int64(13837), np.int64(26676), np.int64(19905), np.int64(31593), np.int64(35280), np.int64(29649), np.int64(39289), np.int64(16285), np.int64(14763), np.int64(30644), np.int64(4107), np.int64(5990), np.int64(38776), np.int64(24913), np.int64(959), np.int64(13261), np.int64(5150), np.int64(21420), np.int64(46004), np.int64(4965), np.int64(23887))","(0, 0, 0, 1, 1, 0, 0, 0, 0, 0, 0, 0, 0, 0, 0, 0, 0, 0, 0, 0, 0, 0, 0, 0, 1, 0, 0, 0, 0, 0, 0, 1, 0, 0, 0, 0, 1, 1, 0, 0, 0, 0, 0, 1, 0, 0, 1, 0, 0, 0)"
5.942842,50,256.69163,0,"(np.int64(16376), np.int64(32667), np.int64(45821), np.int64(8408), np.int64(27298), np.int64(44250), np.int64(9895), np.int64(26190), np.int64(27437), np.int64(16085), np.int64(45407), np.int64(13941), np.int64(47702), np.int64(10869), np.int64(13186), np.int64(13475), np.int64(25545), np.int64(41604), np.int64(26927), np.int64(11252), np.int64(30594), np.int64(1683), np.int64(16862), np.int64(12733), np.int64(36986), np.int64(31278), np.int64(19406), np.int64(14078), np.int64(2736), np.int64(45180), np.int64(21650), np.int64(22058), np.int64(37207), np.int64(49322), np.int64(23094), np.int64(31225), np.int64(15460), np.int64(24247), np.int64(14890), np.int64(25532), np.int64(38355), np.int64(47548), np.int64(12922), np.int64(4215), np.int64(25336), np.int64(39961), np.int64(48097), np.int64(19828), np.int64(19129), np.int64(8664))","(1, 0, 0, 0, 0, 0, 1, 1, 0, 0, 0, 0, 0, 1, 0, 0, 0, 0, 0, 0, 0, 0, 0, 0, 0, 0, 0, 1, 0, 0, 0, 0, 1, 0, 0, 0, 0, 0, 0, 0, 0, 0, 1, 0, 1, 0, 0, 0, 0, 0)"
1.411667,50,257.142781,0,"(np.int64(13795), np.int64(46830), np.int64(39225), np.int64(5609), np.int64(9971), np.int64(43589), np.int64(5584), np.int64(38), np.int64(7090), np.int64(45715), np.int64(43237), np.int64(39576), np.int64(27717), np.int64(46471), np.int64(35543), np.int64(12610), np.int64(47775), np.int64(24020), np.int64(17453), np.int64(33103), np.int64(10475), np.int64(1091), np.int64(48015), np.int64(36865), np.int64(32128), np.int64(42335), np.int64(4351), np.int64(32060), np.int64(294), np.int64(1461), np.int64(45669), np.int64(11426), np.int64(15843), np.int64(5355), np.int64(29955), np.int64(16335), np.int64(35250), np.int64(9180), np.int64(18257), np.int64(10507), np.int64(37158), np.int64(19844), np.int64(26260), np.int64(40024), np.int64(12206), np.int64(7481), np.int64(41015), np.int64(21140), np.int64(6361), np.int64(30543))","(0, 0, 1, 0, 1, 0, 0, 0, 0, 0, 0, 0, 0, 0, 0, 0, 0, 0, 0, 0, 0, 0, 0, 0, 0, 0, 0, 0, 0, 0, 0, 0, 0, 0, 0, 0, 0, 0, 0, 0, 0, 0, 0, 0, 0, 0, 0, 0, 0, 0)"
3.17303,50,257.591738,0,"(np.int64(4122), np.int64(25184), np.int64(2193), np.int64(34823), np.int64(12992), np.int64(11136), np.int64(5966), np.int64(11118), np.int64(18741), np.int64(8573), np.int64(31911), np.int64(9806), np.int64(46861), np.int64(43137), np.int64(41646), np.int64(7410), np.int64(27376), np.int64(30120), np.int64(23901), np.int64(1948), np.int64(31332), np.int64(16255), np.int64(27692), np.int64(26136), np.int64(49288), np.int64(46819), np.int64(8017), np.int64(46394), np.int64(22384), np.int64(7431), np.int64(5460), np.int64(40964), np.int64(35038), np.int64(29521), np.int64(16759), np.int64(44421), np.int64(887), np.int64(44853), np.int64(33090), np.int64(38116), np.int64(1679), np.int64(20546), np.int64(16651), np.int64(47304), np.int64(35572), np.int64(26545), np.int64(33416), np.int64(8527), np.int64(15647), np.int64(38606))","(0, 1, 0, 0, 0, 1, 0, 0, 0, 0, 0, 0, 0, 0, 0, 0, 0, 0, 0, 0, 0, 1, 0, 0, 0, 0, 0, 0, 0, 0, 0, 0, 0, 0, 0, 0, 0, 0, 0, 0, 0, 0, 0, 0, 0, 0, 0, 0, 1, 0)"
1.417008,50,258.041328,0,"(np.int64(13753), np.int64(47805), np.int64(31268), np.int64(1459), np.int64(12982), np.int64(41072), np.int64(16675), np.int64(29570), np.int64(38251), np.int64(33859), np.int64(17387), np.int64(49385), np.int64(7861), np.int64(977), np.int64(3387), np.int64(1073), np.int64(9905), np.int64(42304), np.int64(24655), np.int64(32327), np.int64(22905), np.int64(32310), np.int64(39621), np.int64(6682), np.int64(27266), np.int64(25655), np.int64(35516), np.int64(38312), np.int64(25266), np.int64(2512), np.int64(32333), np.int64(33266), np.int64(38005), np.int64(10175), np.int64(19949), np.int64(32209), np.int64(31112), np.int64(2899), np.int64(10886), np.int64(11911), np.int64(45495), np.int64(23307), np.int64(33187), np.int64(43706), np.int64(12050), np.int64(17915), np.int64(19621), np.int64(41198), np.int64(27525), np.int64(48963))","(0, 0, 0, 0, 0, 0, 0, 1, 0, 0, 0, 0, 1, 0, 0, 0, 0, 0, 0, 0, 0, 0, 0, 0, 0, 0, 0, 0, 0, 0, 0, 0, 0, 0, 0, 0, 0, 0, 0, 0, 0, 0, 0, 0, 0, 0, 0, 0, 0, 0)"
5.454944,50,258.49998,0,"(np.int64(48706), np.int64(10511), np.int64(48550), np.int64(47170), np.int64(33111), np.int64(45038), np.int64(42528), np.int64(4724), np.int64(17055), np.int64(20865), np.int64(43826), np.int64(8382), np.int64(19792), np.int64(11472), np.int64(7533), np.int64(17248), np.int64(15370), np.int64(39675), np.int64(30092), np.int64(29676), np.int64(33401), np.int64(16308), np.int64(28568), np.int64(26074), np.int64(4212), np.int64(46043), np.int64(27113), np.int64(27852), np.int64(1872), np.int64(3126), np.int64(46117), np.int64(11195), np.int64(27576), np.int64(27562), np.int64(34683), np.int64(26893), np.int64(21879), np.int64(37242), np.int64(45719), np.int64(17450), np.int64(42043), np.int64(13137), np.int64(35749), np.int64(36905), np.int64(17978), np.int64(17872), np.int64(42426), np.int64(18139), np.int64(14290), np.int64(39517))","(0, 0, 0, 0, 0, 0, 0, 1, 0, 0, 0, 1, 0, 0, 0, 0, 0, 0, 0, 1, 0, 0, 0, 0, 0, 0, 0, 0, 0, 1, 0, 0, 0, 0, 0, 0, 1, 0, 0, 0, 0, 1, 0, 0, 0, 0, 0, 0, 1, 0)"
6.222811,50,259.00562,0,"(np.int64(29069), np.int64(41404), np.int64(1624), np.int64(18131), np.int64(36575), np.int64(49505), np.int64(20480), np.int64(34570), np.int64(11716), np.int64(43280), np.int64(48484), np.int64(49342), np.int64(35900), np.int64(46548), np.int64(19340), np.int64(46811), np.int64(46442), np.int64(43952), np.int64(9602), np.int64(28685), np.int64(4860), np.int64(48586), np.int64(10724), np.int64(11475), np.int64(6758), np.int64(14610), np.int64(2061), np.int64(20217), np.int64(32118), np.int64(49906), np.int64(2409), np.int64(28282), np.int64(18691), np.int64(25054), np.int64(15032), np.int64(45842), np.int64(29158), np.int64(25356), np.int64(16775), np.int64(46477), np.int64(3183), np.int64(15124), np.int64(3061), np.int64(18320), np.int64(32927), np.int64(49521), np.int64(34761), np.int64(26603), np.int64(23357), np.int64(5811))","(1, 0, 0, 0, 0, 0, 1, 0, 0, 0, 0, 0, 0, 0, 0, 0, 0, 0, 0, 0, 0, 0, 1, 0, 0, 1, 0, 0, 0, 0, 1, 0, 0, 0, 0, 0, 1, 1, 0, 0, 1, 0, 0, 0, 0, 0, 0, 0, 0, 0)"
3.614304,50,259.463823,0,"(np.int64(8857), np.int64(47481), np.int64(25303), np.int64(45782), np.int64(12210), np.int64(44926), np.int64(11053), np.int64(21808), np.int64(17068), np.int64(13916), np.int64(29621), np.int64(13974), np.int64(29626), np.int64(3648), np.int64(48868), np.int64(26316), np.int64(7584), np.int64(24518), np.int64(41258), np.int64(149), np.int64(35665), np.int64(13593), np.int64(15895), np.int64(11765), np.int64(6585), np.int64(36784), np.int64(24400), np.int64(44371), np.int64(20297), np.int64(12586), np.int64(22425), np.int64(27893), np.int64(36588), np.int64(6123), np.int64(36978), np.int64(31620), np.int64(20869), np.int64(12302), np.int64(25093), np.int64(25311), np.int64(41090), np.int64(12842), np.int64(46557), np.int64(45298), np.int64(47006), np.int64(15036), np.int64(7080), np.int64(22786), np.int64(45331), np.int64(39501))","(0, 0, 1, 0, 0, 0, 0, 0, 0, 1, 0, 0, 0, 0, 0, 0, 0, 0, 0, 0, 0, 0, 0, 0, 0, 0, 0, 0, 0, 0, 0, 0, 0, 0, 0, 0, 1, 1, 0, 0, 0, 0, 0, 0, 0, 1, 0, 0, 0, 0)"
4.340192,50,265.947383,0,"(np.int64(25862), np.int64(10120), np.int64(16834), np.int64(7539), np.int64(16966), np.int64(5458), np.int64(29769), np.int64(32584), np.int64(10399), np.int64(9980), np.int64(37698), np.int64(43826), np.int64(18100), np.int64(28049), np.int64(20978), np.int64(10272), np.int64(49622), np.int64(33561), np.int64(29471), np.int64(48153), np.int64(30995), np.int64(24219), np.int64(6598), np.int64(13471), np.int64(26436), np.int64(35066), np.int64(44923), np.int64(15190), np.int64(33207), np.int64(984), np.int64(18464), np.int64(9877), np.int64(24388), np.int64(21376), np.int64(36507), np.int64(12535), np.int64(17618), np.int64(11258), np.int64(34187), np.int64(2926), np.int64(12946), np.int64(2383), np.int64(26972), np.int64(38417), np.int64(21352), np.int64(41772), np.int64(28623), np.int64(4894), np.int64(13608), np.int64(48913))","(0, 1, 0, 0, 0, 0, 0, 0, 0, 0, 0, 0, 0, 0, 0, 0, 0, 0, 1, 0, 0, 0, 0, 0, 0, 1, 0, 0, 0, 1, 0, 0, 0, 0, 0, 0, 0, 0, 0, 0, 0, 0, 0, 0, 1, 0, 0, 1, 0, 0)"
6.974713,50,266.48314,0,"(np.int64(46345), np.int64(17666), np.int64(48111), np.int64(5640), np.int64(33347), np.int64(40809), np.int64(45340), np.int64(29252), np.int64(6578), np.int64(20157), np.int64(28296), np.int64(6228), np.int64(27069), np.int64(12422), np.int64(32482), np.int64(47490), np.int64(339), np.int64(3540), np.int64(21419), np.int64(15423), np.int64(5243), np.int64(8400), np.int64(30023), np.int64(4579), np.int64(32947), np.int64(42116), np.int64(42956), np.int64(45766), np.int64(19517), np.int64(46686), np.int64(16824), np.int64(1851), np.int64(38114), np.int64(27404), np.int64(17555), np.int64(27748), np.int64(14150), np.int64(48253), np.int64(38069), np.int64(8609), np.int64(26070), np.int64(16591), np.int64(46863), np.int64(34189), np.int64(211), np.int64(27976), np.int64(8346), np.int64(38508), np.int64(31450), np.int64(36904))","(0, 0, 0, 0, 0, 0, 1, 0, 1, 0, 0, 1, 0, 0, 0, 0, 1, 1, 0, 0, 0, 0, 0, 1, 0, 0, 0, 0, 0, 0, 0, 0, 0, 0, 0, 0, 1, 0, 0, 1, 0, 0, 0, 0, 1, 0, 0, 0, 0, 0)"
4.610236,50,266.969375,0,"(np.int64(29523), np.int64(2694), np.int64(41061), np.int64(35129), np.int64(9446), np.int64(19958), np.int64(25729), np.int64(8654), np.int64(24445), np.int64(28846), np.int64(11009), np.int64(35241), np.int64(15476), np.int64(9704), np.int64(31204), np.int64(11408), np.int64(47750), np.int64(25737), np.int64(8025), np.int64(34012), np.int64(46596), np.int64(48124), np.int64(13121), np.int64(27698), np.int64(9077), np.int64(10103), np.int64(33427), np.int64(20916), np.int64(10888), np.int64(43271), np.int64(2417), np.int64(20651), np.int64(4644), np.int64(4695), np.int64(41802), np.int64(18222), np.int64(42977), np.int64(35556), np.int64(20662), np.int64(21865), np.int64(36290), np.int64(10310), np.int64(10495), np.int64(37814), np.int64(5620), np.int64(12956), np.int64(18867), np.int64(25703), np.int64(29876), np.int64(43559))","(0, 0, 0, 0, 0, 0, 0, 1, 0, 1, 0, 0, 0, 0, 0, 0, 1, 0, 0, 0, 0, 0, 0, 0, 0, 0, 0, 0, 0, 0, 1, 0, 1, 0, 0, 0, 0, 0, 0, 0, 0, 0, 0, 0, 0, 0, 1, 0, 0, 0)"
6.092886,50,267.429941,0,"(np.int64(45978), np.int64(36424), np.int64(2111), np.int64(49110), np.int64(26930), np.int64(8894), np.int64(17089), np.int64(43070), np.int64(27122), np.int64(33498), np.int64(7386), np.int64(11888), np.int64(43867), np.int64(38224), np.int64(967), np.int64(22659), np.int64(44420), np.int64(16845), np.int64(4291), np.int64(10119), np.int64(22146), np.int64(45879), np.int64(6185), np.int64(49022), np.int64(46444), np.int64(100), np.int64(29055), np.int64(40141), np.int64(44365), np.int64(32175), np.int64(38091), np.int64(8754), np.int64(10241), np.int64(12319), np.int64(31939), np.int64(29070), np.int64(10458), np.int64(37220), np.int64(18488), np.int64(34811), np.int64(19604), np.int64(7454), np.int64(6169), np.int64(5706), np.int64(18516), np.int64(22453), np.int64(41581), np.int64(46786), np.int64(27264), np.int64(7048))","(0, 0, 1, 0, 0, 0, 1, 0, 1, 0, 0, 0, 0, 0, 0, 0, 0, 0, 0, 0, 0, 0, 1, 0, 0, 0, 0, 0, 0, 0, 0, 1, 1, 1, 0, 0, 0, 0, 0, 0, 0, 0, 0, 1, 0, 0, 0, 0, 0, 0)"
5.432019,50,267.887533,0,"(np.int64(22799), np.int64(6260), np.int64(18921), np.int64(8473), np.int64(48522), np.int64(6327), np.int64(41268), np.int64(36062), np.int64(19471), np.int64(4942), np.int64(40365), np.int64(23541), np.int64(43551), np.int64(44377), np.int64(43635), np.int64(43938), np.int64(14470), np.int64(31147), np.int64(4583), np.int64(460), np.int64(25701), np.int64(9152), np.int64(20982), np.int64(8842), np.int64(28193), np.int64(37218), np.int64(38266), np.int64(15306), np.int64(32074), np.int64(18222), np.int64(9321), np.int64(27700), np.int64(1728), np.int64(19937), np.int64(17179), np.int64(31546), np.int64(28646), np.int64(43785), np.int64(25850), np.int64(9338), np.int64(26517), np.int64(27636), np.int64(28707), np.int64(19052), np.int64(24278), np.int64(5482), np.int64(30322), np.int64(24248), np.int64(26453), np.int64(6607))","(0, 0, 0, 1, 0, 1, 0, 0, 0, 0, 0, 0, 0, 0, 0, 0, 1, 0, 0, 0, 0, 0, 0, 0, 0, 0, 0, 1, 0, 0, 0, 0, 1, 0, 0, 0, 0, 0, 0, 0, 0, 0, 0, 0, 1, 1, 0, 0, 0, 0)"
2.282862,50,268.339252,0,"(np.int64(21079), np.int64(7980), np.int64(10675), np.int64(3572), np.int64(45502), np.int64(40041), np.int64(2649), np.int64(47046), np.int64(40545), np.int64(46064), np.int64(28559), np.int64(40294), np.int64(39150), np.int64(12163), np.int64(24780), np.int64(16799), np.int64(3672), np.int64(47289), np.int64(3818), np.int64(32895), np.int64(46793), np.int64(10505), np.int64(18321), np.int64(30662), np.int64(43974), np.int64(5289), np.int64(45514), np.int64(32178), np.int64(24220), np.int64(24488), np.int64(23131), np.int64(10731), np.int64(45310), np.int64(32728), np.int64(49229), np.int64(25769), np.int64(39476), np.int64(16068), np.int64(16240), np.int64(44171), np.int64(43178), np.int64(8682), np.int64(8607), np.int64(37748), np.int64(25634), np.int64(6535), np.int64(8252), np.int64(14766), np.int64(39265), np.int64(43565))","(0, 0, 0, 0, 0, 0, 0, 0, 0, 0, 0, 0, 0, 0, 0, 0, 0, 0, 0, 0, 0, 0, 1, 0, 0, 1, 0, 1, 0, 0, 0, 0, 0, 0, 0, 0, 0, 0, 0, 0, 0, 0, 0, 0, 0, 0, 0, 0, 0, 0)"
2.970056,50,268.791461,0,"(np.int64(17071), np.int64(27315), np.int64(25397), np.int64(6290), np.int64(2850), np.int64(33459), np.int64(29430), np.int64(7817), np.int64(2632), np.int64(44538), np.int64(18811), np.int64(3854), np.int64(1034), np.int64(29416), np.int64(49821), np.int64(18560), np.int64(42821), np.int64(21741), np.int64(5900), np.int64(17972), np.int64(27902), np.int64(16962), np.int64(9433), np.int64(36179), np.int64(45607), np.int64(33829), np.int64(10815), np.int64(12010), np.int64(8739), np.int64(15898), np.int64(11394), np.int64(8206), np.int64(12455), np.int64(31217), np.int64(9825), np.int64(47217), np.int64(9517), np.int64(41196), np.int64(49053), np.int64(5113), np.int64(20470), np.int64(1165), np.int64(25295), np.int64(43065), np.int64(5527), np.int64(6174), np.int64(48339), np.int64(44294), np.int64(15059), np.int64(33503))","(1, 0, 0, 0, 0, 0, 0, 0, 0, 0, 0, 0, 0, 0, 0, 0, 0, 0, 0, 0, 0, 0, 0, 0, 0, 0, 0, 0, 0, 0, 0, 0, 0, 0, 1, 0, 0, 0, 0, 1, 0, 1, 0, 0, 0, 0, 0, 0, 0, 0)"
6.951794,50,269.243969,0,"(np.int64(22805), np.int64(48898), np.int64(23915), np.int64(32850), np.int64(9996), np.int64(13457), np.int64(38977), np.int64(33250), np.int64(26758), np.int64(3307), np.int64(6901), np.int64(26945), np.int64(41701), np.int64(5762), np.int64(30258), np.int64(17450), np.int64(28230), np.int64(26021), np.int64(31270), np.int64(15978), np.int64(30036), np.int64(7687), np.int64(31165), np.int64(29366), np.int64(36290), np.int64(35793), np.int64(7628), np.int64(20104), np.int64(49725), np.int64(20839), np.int64(40132), np.int64(1448), np.int64(1989), np.int64(37054), np.int64(22793), np.int64(37006), np.int64(41405), np.int64(6036), np.int64(14563), np.int64(6310), np.int64(44409), np.int64(10792), np.int64(44484), np.int64(38181), np.int64(17552), np.int64(10706), np.int64(7873), np.int64(26737), np.int64(1244), np.int64(14959))","(0, 1, 1, 0, 0, 0, 0, 0, 0, 0, 0, 0, 0, 0, 0, 0, 0, 0, 0, 0, 0, 1, 0, 0, 0, 0, 0, 0, 0, 0, 0, 0, 0, 1, 0, 0, 0, 1, 0, 1, 0, 0, 0, 0, 0, 1, 1, 0, 0, 1)"
2.047796,50,269.69344,0,"(np.int64(2284), np.int64(25061), np.int64(30101), np.int64(39774), np.int64(6269), np.int64(3435), np.int64(40754), np.int64(42796), np.int64(37199), np.int64(45342), np.int64(46335), np.int64(14500), np.int64(49755), np.int64(27427), np.int64(33243), np.int64(1405), np.int64(10560), np.int64(48340), np.int64(5843), np.int64(8976), np.int64(14438), np.int64(17030), np.int64(35802), np.int64(42062), np.int64(11375), np.int64(26557), np.int64(32188), np.int64(31854), np.int64(1172), np.int64(26125), np.int64(38896), np.int64(471), np.int64(29817), np.int64(8060), np.int64(7970), np.int64(49065), np.int64(2967), np.int64(14846), np.int64(29240), np.int64(35777), np.int64(42514), np.int64(43958), np.int64(4389), np.int64(46351), np.int64(29162), np.int64(44454), np.int64(42616), np.int64(11365), np.int64(9533), np.int64(23373))","(0, 0, 0, 0, 0, 0, 0, 0, 0, 0, 0, 0, 0, 1, 0, 0, 0, 0, 0, 0, 0, 0, 0, 0, 0, 0, 0, 0, 0, 0, 1, 0, 0, 0, 0, 0, 0, 1, 0, 0, 0, 0, 0, 0, 0, 0, 0, 0, 0, 0)"
3.694108,50,270.145763,0,"(np.int64(24857), np.int64(22758), np.int64(771), np.int64(5044), np.int64(40431), np.int64(42391), np.int64(40602), np.int64(17083), np.int64(20741), np.int64(46863), np.int64(37591), np.int64(10125), np.int64(41144), np.int64(44842), np.int64(16056), np.int64(27421), np.int64(43177), np.int64(32458), np.int64(23483), np.int64(48723), np.int64(7918), np.int64(4188), np.int64(1413), np.int64(35242), np.int64(24936), np.int64(8982), np.int64(28336), np.int64(17573), np.int64(16425), np.int64(3326), np.int64(46379), np.int64(35875), np.int64(23266), np.int64(2288), np.int64(2654), np.int64(33183), np.int64(46640), np.int64(41343), np.int64(15718), np.int64(35923), np.int64(48566), np.int64(14473), np.int64(29502), np.int64(13095), np.int64(3012), np.int64(46880), np.int64(42456), np.int64(23049), np.int64(26635), np.int64(9816))","(0, 0, 0, 0, 0, 0, 0, 0, 0, 0, 1, 1, 0, 0, 0, 0, 0, 0, 0, 0, 0, 0, 0, 0, 0, 0, 0, 0, 1, 0, 0, 0, 0, 0, 0, 0, 1, 0, 0, 0, 0, 0, 0, 1, 0, 0, 0, 0, 0, 0)"
2.222879,50,270.600642,0,"(np.int64(37532), np.int64(9149), np.int64(20704), np.int64(3877), np.int64(15530), np.int64(9152), np.int64(30220), np.int64(13121), np.int64(14885), np.int64(23772), np.int64(9847), np.int64(28256), np.int64(44255), np.int64(27755), np.int64(27284), np.int64(13015), np.int64(40390), np.int64(30287), np.int64(11785), np.int64(29432), np.int64(31205), np.int64(17128), np.int64(45217), np.int64(49889), np.int64(21149), np.int64(6575), np.int64(6822), np.int64(36162), np.int64(9076), np.int64(11513), np.int64(30435), np.int64(31776), np.int64(45276), np.int64(29085), np.int64(3327), np.int64(2718), np.int64(48156), np.int64(38902), np.int64(7545), np.int64(9491), np.int64(16796), np.int64(12480), np.int64(6182), np.int64(7068), np.int64(33536), np.int64(33069), np.int64(33690), np.int64(8034), np.int64(19232), np.int64(1803))","(0, 0, 1, 0, 1, 0, 0, 0, 0, 0, 0, 0, 0, 0, 0, 0, 0, 0, 0, 0, 0, 0, 0, 0, 0, 0, 0, 0, 0, 0, 0, 0, 0, 0, 0, 0, 0, 0, 0, 0, 0, 0, 0, 0, 0, 1, 0, 0, 0, 0)"
3.002529,50,271.056497,0,"(np.int64(19262), np.int64(7210), np.int64(11985), np.int64(5984), np.int64(11271), np.int64(21968), np.int64(2719), np.int64(48374), np.int64(35993), np.int64(39107), np.int64(25648), np.int64(40208), np.int64(47126), np.int64(20259), np.int64(24631), np.int64(49163), np.int64(6274), np.int64(8282), np.int64(14278), np.int64(39265), np.int64(15531), np.int64(29620), np.int64(22935), np.int64(13476), np.int64(48762), np.int64(18370), np.int64(36123), np.int64(16086), np.int64(9468), np.int64(21931), np.int64(46974), np.int64(27579), np.int64(253), np.int64(28137), np.int64(44249), np.int64(11335), np.int64(45821), np.int64(9150), np.int64(3293), np.int64(45762), np.int64(34551), np.int64(47882), np.int64(6078), np.int64(293), np.int64(20865), np.int64(44054), np.int64(1087), np.int64(34917), np.int64(16064), np.int64(46048))","(0, 0, 0, 0, 0, 1, 0, 0, 0, 0, 0, 0, 0, 0, 0, 0, 0, 0, 0, 0, 0, 0, 0, 0, 0, 0, 0, 1, 0, 1, 0, 0, 0, 0, 0, 0, 0, 0, 0, 0, 0, 0, 0, 1, 0, 0, 0, 0, 0, 0)"
2.028007,50,271.509244,0,"(np.int64(9531), np.int64(18072), np.int64(15975), np.int64(44769), np.int64(39801), np.int64(24226), np.int64(32323), np.int64(25962), np.int64(1302), np.int64(1697), np.int64(21154), np.int64(49637), np.int64(39343), np.int64(27843), np.int64(29676), np.int64(36110), np.int64(35715), np.int64(15562), np.int64(32595), np.int64(10977), np.int64(10822), np.int64(28296), np.int64(46003), np.int64(14147), np.int64(18675), np.int64(47971), np.int64(34273), np.int64(49031), np.int64(26617), np.int64(17843), np.int64(38753), np.int64(35561), np.int64(33555), np.int64(44304), np.int64(45665), np.int64(29088), np.int64(24869), np.int64(10036), np.int64(33956), np.int64(19754), np.int64(3031), np.int64(1147), np.int64(42581), np.int64(38162), np.int64(38928), np.int64(49847), np.int64(49355), np.int64(3259), np.int64(26271), np.int64(12801))","(0, 0, 0, 0, 0, 0, 0, 0, 0, 0, 0, 0, 0, 0, 1, 0, 0, 0, 0, 0, 0, 0, 0, 0, 0, 0, 0, 0, 0, 0, 1, 0, 0, 0, 0, 0, 0, 0, 0, 0, 0, 0, 0, 0, 0, 0, 0, 1, 0, 0)"
1.501616,50,271.984651,0,"(np.int64(7557), np.int64(17696), np.int64(9222), np.int64(32972), np.int64(12194), np.int64(2849), np.int64(27595), np.int64(34136), np.int64(13640), np.int64(9522), np.int64(33251), np.int64(18216), np.int64(17265), np.int64(19129), np.int64(29313), np.int64(7895), np.int64(32685), np.int64(42195), np.int64(25392), np.int64(9613), np.int64(10896), np.int64(45051), np.int64(772), np.int64(32050), np.int64(38588), np.int64(25856), np.int64(28975), np.int64(2821), np.int64(10500), np.int64(22250), np.int64(32860), np.int64(12370), np.int64(36930), np.int64(32639), np.int64(48909), np.int64(13273), np.int64(31766), np.int64(22476), np.int64(21846), np.int64(36725), np.int64(43097), np.int64(5631), np.int64(2196), np.int64(12141), np.int64(39512), np.int64(46631), np.int64(34632), np.int64(36480), np.int64(47481), np.int64(23930))","(0, 0, 0, 0, 0, 0, 0, 0, 0, 0, 0, 0, 0, 0, 0, 0, 0, 0, 0, 0, 0, 0, 0, 0, 0, 1, 0, 0, 0, 0, 0, 0, 0, 0, 0, 0, 0, 0, 0, 0, 0, 0, 0, 0, 0, 0, 0, 0, 0, 1)"
3.552398,50,272.463214,0,"(np.int64(38949), np.int64(27447), np.int64(19839), np.int64(20321), np.int64(4042), np.int64(28492), np.int64(14267), np.int64(45710), np.int64(25382), np.int64(18526), np.int64(49688), np.int64(5), np.int64(14015), np.int64(9623), np.int64(30167), np.int64(27077), np.int64(6658), np.int64(38339), np.int64(36372), np.int64(22535), np.int64(2782), np.int64(47301), np.int64(21069), np.int64(37450), np.int64(45113), np.int64(21373), np.int64(43471), np.int64(47036), np.int64(40261), np.int64(18833), np.int64(45651), np.int64(43085), np.int64(5588), np.int64(38251), np.int64(34702), np.int64(17133), np.int64(14730), np.int64(35339), np.int64(32154), np.int64(47061), np.int64(30107), np.int64(31000), np.int64(19251), np.int64(39081), np.int64(16415), np.int64(18964), np.int64(35943), np.int64(10914), np.int64(47644), np.int64(40705))","(0, 0, 0, 0, 0, 1, 0, 0, 0, 1, 0, 0, 0, 0, 0, 0, 0, 0, 0, 0, 0, 0, 1, 0, 0, 0, 0, 0, 0, 0, 0, 0, 0, 0, 0, 0, 0, 1, 0, 0, 0, 0, 0, 0, 0, 0, 0, 0, 0, 1)"
3.740472,50,272.921527,0,"(np.int64(6782), np.int64(18759), np.int64(42508), np.int64(37683), np.int64(15964), np.int64(14669), np.int64(19472), np.int64(43903), np.int64(46717), np.int64(21657), np.int64(25261), np.int64(1483), np.int64(3785), np.int64(33286), np.int64(25899), np.int64(809), np.int64(6692), np.int64(35528), np.int64(48234), np.int64(11603), np.int64(16864), np.int64(26297), np.int64(16821), np.int64(47770), np.int64(48981), np.int64(7051), np.int64(24443), np.int64(46704), np.int64(892), np.int64(10653), np.int64(7384), np.int64(7152), np.int64(1120), np.int64(868), np.int64(37909), np.int64(23386), np.int64(32930), np.int64(31746), np.int64(38047), np.int64(18519), np.int64(33618), np.int64(47806), np.int64(31784), np.int64(32626), np.int64(12312), np.int64(28398), np.int64(3116), np.int64(97), np.int64(22205), np.int64(15598))","(0, 0, 1, 0, 1, 0, 0, 0, 0, 1, 0, 0, 0, 0, 0, 0, 0, 0, 0, 0, 0, 0, 0, 0, 0, 0, 0, 0, 0, 0, 0, 0, 0, 0, 0, 0, 0, 1, 0, 0, 0, 0, 0, 0, 0, 0, 1, 0, 0, 0)"
6.35924,50,273.377276,0,"(np.int64(21040), np.int64(5366), np.int64(33423), np.int64(41457), np.int64(43395), np.int64(29270), np.int64(37114), np.int64(21652), np.int64(3793), np.int64(8391), np.int64(3980), np.int64(37892), np.int64(20390), np.int64(16398), np.int64(27879), np.int64(2528), np.int64(1357), np.int64(13733), np.int64(16659), np.int64(46657), np.int64(27347), np.int64(21760), np.int64(11447), np.int64(37946), np.int64(49712), np.int64(17335), np.int64(45385), np.int64(26645), np.int64(3920), np.int64(22371), np.int64(25039), np.int64(40532), np.int64(11893), np.int64(18557), np.int64(18345), np.int64(6827), np.int64(44730), np.int64(25392), np.int64(29134), np.int64(30416), np.int64(26672), np.int64(43135), np.int64(15807), np.int64(8550), np.int64(37190), np.int64(2475), np.int64(1070), np.int64(23692), np.int64(11441), np.int64(18050))","(1, 0, 0, 0, 0, 0, 0, 0, 0, 0, 1, 0, 0, 0, 0, 0, 1, 0, 0, 0, 0, 0, 1, 0, 0, 0, 0, 0, 0, 0, 0, 0, 1, 0, 0, 0, 0, 0, 0, 0, 0, 0, 0, 1, 0, 0, 1, 0, 1, 0)"
3.133872,50,273.830349,0,"(np.int64(17932), np.int64(20523), np.int64(42423), np.int64(45857), np.int64(37282), np.int64(13456), np.int64(9839), np.int64(16223), np.int64(48684), np.int64(2757), np.int64(7429), np.int64(39918), np.int64(27025), np.int64(27196), np.int64(27354), np.int64(40311), np.int64(47082), np.int64(30477), np.int64(19878), np.int64(39481), np.int64(22839), np.int64(8419), np.int64(5649), np.int64(9424), np.int64(46573), np.int64(18784), np.int64(8928), np.int64(10870), np.int64(33331), np.int64(1049), np.int64(44889), np.int64(20998), np.int64(44811), np.int64(32271), np.int64(49775), np.int64(24235), np.int64(3900), np.int64(20639), np.int64(21949), np.int64(13121), np.int64(7856), np.int64(36782), np.int64(6201), np.int64(36083), np.int64(47057), np.int64(35498), np.int64(38082), np.int64(287), np.int64(25305), np.int64(18224))","(1, 0, 0, 0, 0, 0, 0, 0, 0, 0, 1, 0, 0, 0, 0, 0, 0, 0, 0, 0, 0, 0, 0, 0, 0, 0, 0, 0, 0, 0, 0, 0, 0, 0, 0, 0, 0, 0, 1, 0, 0, 0, 1, 0, 0, 0, 0, 0, 0, 0)"
4.460533,50,274.283063,0,"(np.int64(31182), np.int64(21323), np.int64(24961), np.int64(1167), np.int64(7198), np.int64(6442), np.int64(1802), np.int64(27850), np.int64(40798), np.int64(16324), np.int64(27883), np.int64(31431), np.int64(27239), np.int64(29710), np.int64(34515), np.int64(19658), np.int64(29057), np.int64(1733), np.int64(43600), np.int64(9098), np.int64(37868), np.int64(17969), np.int64(35064), np.int64(27868), np.int64(49755), np.int64(28545), np.int64(33990), np.int64(23348), np.int64(20256), np.int64(47365), np.int64(47510), np.int64(7193), np.int64(3728), np.int64(3837), np.int64(38307), np.int64(46106), np.int64(32633), np.int64(12866), np.int64(8949), np.int64(10541), np.int64(2541), np.int64(24545), np.int64(44151), np.int64(765), np.int64(10392), np.int64(29343), np.int64(46852), np.int64(20833), np.int64(1874), np.int64(2527))","(0, 0, 1, 0, 0, 0, 0, 0, 0, 1, 1, 0, 0, 0, 0, 0, 0, 0, 0, 0, 0, 0, 0, 0, 0, 0, 0, 0, 0, 0, 0, 0, 0, 0, 0, 1, 0, 0, 0, 0, 0, 0, 0, 0, 0, 0, 0, 1, 1, 0)"
2.355577,50,274.732749,0,"(np.int64(6502), np.int64(13085), np.int64(16896), np.int64(15140), np.int64(45089), np.int64(24126), np.int64(30971), np.int64(3588), np.int64(5143), np.int64(25110), np.int64(16412), np.int64(24570), np.int64(4133), np.int64(43703), np.int64(12199), np.int64(14815), np.int64(19629), np.int64(4108), np.int64(35070), np.int64(1310), np.int64(15176), np.int64(40966), np.int64(25426), np.int64(15167), np.int64(25732), np.int64(34910), np.int64(30784), np.int64(30685), np.int64(341), np.int64(25741), np.int64(33039), np.int64(24274), np.int64(36883), np.int64(21352), np.int64(36547), np.int64(35621), np.int64(12821), np.int64(9319), np.int64(48758), np.int64(14660), np.int64(2974), np.int64(3369), np.int64(16575), np.int64(16192), np.int64(24428), np.int64(30076), np.int64(33407), np.int64(44094), np.int64(28793), np.int64(49938))","(0, 0, 0, 0, 0, 0, 0, 0, 0, 0, 0, 0, 0, 0, 0, 0, 0, 0, 0, 0, 0, 0, 0, 0, 0, 0, 0, 0, 0, 0, 0, 0, 0, 1, 0, 0, 0, 0, 0, 0, 0, 1, 0, 1, 0, 0, 0, 0, 0, 0)"
2.955546,50,275.210059,0,"(np.int64(16539), np.int64(16419), np.int64(44826), np.int64(30607), np.int64(44179), np.int64(41420), np.int64(49025), np.int64(14741), np.int64(35066), np.int64(30892), np.int64(35003), np.int64(5513), np.int64(47725), np.int64(41034), np.int64(46727), np.int64(45871), np.int64(37675), np.int64(36728), np.int64(29824), np.int64(9371), np.int64(29033), np.int64(28964), np.int64(7707), np.int64(27390), np.int64(28105), np.int64(35227), np.int64(20318), np.int64(21027), np.int64(30205), np.int64(42673), np.int64(31708), np.int64(35545), np.int64(38831), np.int64(6716), np.int64(33898), np.int64(5939), np.int64(47848), np.int64(6921), np.int64(44383), np.int64(10051), np.int64(44412), np.int64(45243), np.int64(33077), np.int64(32137), np.int64(29907), np.int64(8440), np.int64(37893), np.int64(45822), np.int64(47962), np.int64(2500))","(0, 0, 0, 0, 0, 0, 0, 0, 1, 0, 0, 0, 0, 0, 0, 0, 1, 0, 0, 0, 0, 0, 0, 0, 0, 0, 0, 0, 0, 0, 0, 0, 0, 0, 0, 0, 0, 0, 0, 0, 0, 0, 0, 0, 0, 1, 0, 0, 0, 1)"
3.758514,50,275.672975,0,"(np.int64(40393), np.int64(47698), np.int64(42274), np.int64(15938), np.int64(7715), np.int64(22857), np.int64(44212), np.int64(45928), np.int64(46599), np.int64(11521), np.int64(11973), np.int64(44211), np.int64(35779), np.int64(41082), np.int64(44447), np.int64(42930), np.int64(9088), np.int64(18154), np.int64(1039), np.int64(19326), np.int64(1484), np.int64(17613), np.int64(36560), np.int64(13879), np.int64(28969), np.int64(9067), np.int64(16448), np.int64(5061), np.int64(14996), np.int64(40543), np.int64(15691), np.int64(48550), np.int64(24589), np.int64(46484), np.int64(27809), np.int64(7177), np.int64(45363), np.int64(31503), np.int64(45707), np.int64(16124), np.int64(5749), np.int64(5796), np.int64(21087), np.int64(37478), np.int64(12890), np.int64(12125), np.int64(41485), np.int64(35249), np.int64(8144), np.int64(19340))","(0, 0, 0, 1, 0, 0, 0, 0, 0, 0, 0, 0, 0, 0, 0, 0, 1, 0, 0, 0, 0, 0, 0, 0, 0, 0, 0, 0, 0, 0, 1, 0, 0, 1, 0, 0, 0, 0, 0, 0, 0, 0, 0, 0, 0, 1, 0, 0, 0, 0)"
1.434444,50,276.144264,0,"(np.int64(41770), np.int64(40724), np.int64(47094), np.int64(28073), np.int64(27920), np.int64(20190), np.int64(37356), np.int64(44926), np.int64(46522), np.int64(2628), np.int64(19130), np.int64(35832), np.int64(15630), np.int64(29962), np.int64(29126), np.int64(9007), np.int64(40773), np.int64(4891), np.int64(17176), np.int64(37219), np.int64(27845), np.int64(634), np.int64(46175), np.int64(32930), np.int64(19861), np.int64(24491), np.int64(572), np.int64(30474), np.int64(33745), np.int64(11371), np.int64(12813), np.int64(44916), np.int64(4079), np.int64(41296), np.int64(29287), np.int64(38317), np.int64(23132), np.int64(20524), np.int64(47204), np.int64(27936), np.int64(21900), np.int64(16223), np.int64(39523), np.int64(25678), np.int64(49876), np.int64(38495), np.int64(10229), np.int64(49937), np.int64(37618), np.int64(37870))","(1, 0, 0, 0, 0, 0, 0, 0, 0, 0, 0, 0, 0, 0, 0, 0, 0, 0, 0, 1, 0, 0, 0, 0, 0, 0, 0, 0, 0, 0, 0, 0, 0, 0, 0, 0, 0, 0, 0, 0, 0, 0, 0, 0, 0, 0, 0, 0, 0, 0)"
2.056264,50,276.597031,0,"(np.int64(37395), np.int64(24663), np.int64(30629), np.int64(36342), np.int64(1444), np.int64(47061), np.int64(39013), np.int64(42717), np.int64(41593), np.int64(40971), np.int64(1087), np.int64(14186), np.int64(35099), np.int64(9541), np.int64(28699), np.int64(10579), np.int64(29230), np.int64(39899), np.int64(23650), np.int64(3850), np.int64(42737), np.int64(38015), np.int64(17972), np.int64(9474), np.int64(6495), np.int64(29419), np.int64(45050), np.int64(26669), np.int64(26891), np.int64(25410), np.int64(20540), np.int64(3729), np.int64(47493), np.int64(41382), np.int64(37601), np.int64(38738), np.int64(30954), np.int64(20069), np.int64(32971), np.int64(7432), np.int64(34288), np.int64(8907), np.int64(28640), np.int64(37077), np.int64(32838), np.int64(39263), np.int64(13201), np.int64(49790), np.int64(4413), np.int64(33065))","(0, 0, 0, 0, 1, 0, 0, 0, 0, 1, 0, 0, 0, 0, 0, 1, 0, 0, 0, 0, 0, 0, 0, 0, 0, 0, 0, 0, 0, 0, 0, 0, 0, 0, 0, 0, 0, 0, 0, 0, 0, 0, 0, 0, 0, 0, 0, 0, 0, 0)"
4.800859,50,277.050693,0,"(np.int64(7719), np.int64(36369), np.int64(21848), np.int64(4839), np.int64(21161), np.int64(45337), np.int64(37724), np.int64(27562), np.int64(333), np.int64(20943), np.int64(29872), np.int64(2210), np.int64(8279), np.int64(45808), np.int64(20222), np.int64(4180), np.int64(14373), np.int64(24621), np.int64(24990), np.int64(29337), np.int64(14290), np.int64(1400), np.int64(111), np.int64(3703), np.int64(9828), np.int64(4114), np.int64(13647), np.int64(18099), np.int64(3588), np.int64(7253), np.int64(34323), np.int64(30424), np.int64(33198), np.int64(46343), np.int64(49649), np.int64(43823), np.int64(42708), np.int64(20393), np.int64(8286), np.int64(42559), np.int64(20177), np.int64(4115), np.int64(5047), np.int64(6191), np.int64(46800), np.int64(24699), np.int64(12141), np.int64(18501), np.int64(10631), np.int64(30375))","(1, 0, 0, 0, 0, 0, 0, 0, 1, 0, 0, 0, 0, 0, 0, 0, 1, 0, 0, 0, 1, 0, 0, 0, 0, 0, 1, 0, 0, 1, 0, 0, 0, 0, 0, 0, 0, 0, 0, 0, 0, 0, 0, 0, 0, 0, 0, 0, 0, 0)"
5.083492,50,277.509631,0,"(np.int64(44321), np.int64(27015), np.int64(12396), np.int64(49169), np.int64(7605), np.int64(24240), np.int64(30833), np.int64(8415), np.int64(38239), np.int64(6828), np.int64(32579), np.int64(4861), np.int64(44532), np.int64(16016), np.int64(19202), np.int64(33448), np.int64(25064), np.int64(21895), np.int64(33876), np.int64(32111), np.int64(20355), np.int64(12932), np.int64(27008), np.int64(14876), np.int64(48288), np.int64(6918), np.int64(18395), np.int64(2012), np.int64(37384), np.int64(29839), np.int64(18978), np.int64(32236), np.int64(10511), np.int64(47456), np.int64(19438), np.int64(24594), np.int64(229), np.int64(11415), np.int64(44590), np.int64(34416), np.int64(34888), np.int64(2792), np.int64(12110), np.int64(14651), np.int64(17245), np.int64(29053), np.int64(27926), np.int64(29046), np.int64(33162), np.int64(46593))","(0, 1, 0, 0, 0, 0, 0, 1, 0, 0, 0, 0, 0, 0, 0, 0, 0, 0, 0, 0, 0, 1, 1, 0, 0, 1, 0, 0, 0, 0, 0, 1, 0, 0, 0, 1, 0, 0, 0, 0, 0, 0, 0, 0, 0, 0, 0, 0, 0, 0)"
5.965073,50,277.99106,0,"(np.int64(6578), np.int64(8511), np.int64(10073), np.int64(12034), np.int64(24879), np.int64(9577), np.int64(18804), np.int64(33311), np.int64(39008), np.int64(22026), np.int64(33114), np.int64(33882), np.int64(22673), np.int64(16120), np.int64(34773), np.int64(36945), np.int64(5726), np.int64(17982), np.int64(45387), np.int64(41306), np.int64(25830), np.int64(44990), np.int64(31998), np.int64(37173), np.int64(12038), np.int64(9985), np.int64(36534), np.int64(30359), np.int64(35778), np.int64(45823), np.int64(9674), np.int64(7944), np.int64(42758), np.int64(29648), np.int64(29720), np.int64(28613), np.int64(35995), np.int64(43699), np.int64(32326), np.int64(41432), np.int64(35186), np.int64(21130), np.int64(32013), np.int64(12083), np.int64(5883), np.int64(44863), np.int64(1863), np.int64(2323), np.int64(39930), np.int64(40127))","(1, 1, 0, 0, 1, 1, 0, 0, 0, 0, 0, 0, 0, 0, 0, 0, 0, 0, 0, 0, 0, 0, 0, 0, 0, 0, 1, 0, 0, 1, 0, 0, 0, 0, 0, 0, 0, 0, 0, 0, 0, 0, 1, 0, 0, 0, 1, 0, 0, 0)"
1.490556,50,278.466147,0,"(np.int64(35429), np.int64(40616), np.int64(48201), np.int64(810), np.int64(16587), np.int64(16876), np.int64(10245), np.int64(25964), np.int64(14537), np.int64(15124), np.int64(36007), np.int64(8070), np.int64(36467), np.int64(48974), np.int64(25932), np.int64(25059), np.int64(13985), np.int64(7561), np.int64(5259), np.int64(2432), np.int64(5430), np.int64(14456), np.int64(3494), np.int64(39906), np.int64(15440), np.int64(15256), np.int64(46728), np.int64(29030), np.int64(41403), np.int64(37645), np.int64(31488), np.int64(28480), np.int64(5815), np.int64(18320), np.int64(9949), np.int64(4582), np.int64(24841), np.int64(49620), np.int64(45651), np.int64(18484), np.int64(37505), np.int64(31854), np.int64(23086), np.int64(33048), np.int64(43914), np.int64(45171), np.int64(25212), np.int64(21640), np.int64(9223), np.int64(10849))","(0, 0, 0, 0, 0, 1, 0, 0, 0, 0, 0, 0, 0, 0, 0, 0, 0, 0, 0, 0, 0, 0, 0, 0, 0, 0, 0, 0, 0, 0, 0, 0, 0, 0, 0, 0, 0, 0, 0, 0, 0, 0, 0, 0, 0, 0, 1, 0, 0, 0)"
4.212233,50,278.929952,0,"(np.int64(27765), np.int64(10065), np.int64(23636), np.int64(2944), np.int64(18740), np.int64(7249), np.int64(34121), np.int64(16802), np.int64(21953), np.int64(9986), np.int64(24707), np.int64(31897), np.int64(15753), np.int64(23801), np.int64(31957), np.int64(10549), np.int64(39579), np.int64(40802), np.int64(23559), np.int64(41463), np.int64(42005), np.int64(39668), np.int64(4339), np.int64(45165), np.int64(6760), np.int64(14378), np.int64(38600), np.int64(48880), np.int64(36605), np.int64(4298), np.int64(36593), np.int64(1300), np.int64(1430), np.int64(25024), np.int64(26543), np.int64(16871), np.int64(8375), np.int64(35726), np.int64(24542), np.int64(20131), np.int64(3914), np.int64(24468), np.int64(17071), np.int64(10051), np.int64(16731), np.int64(28358), np.int64(40495), np.int64(5250), np.int64(9593), np.int64(43451))","(0, 0, 0, 0, 0, 0, 0, 1, 1, 1, 0, 0, 0, 0, 0, 0, 0, 0, 0, 0, 0, 0, 1, 0, 0, 0, 1, 0, 0, 0, 0, 0, 0, 0, 0, 0, 0, 0, 0, 0, 0, 0, 1, 0, 0, 0, 0, 0, 0, 0)"
5.269165,50,279.384876,0,"(np.int64(36714), np.int64(268), np.int64(6167), np.int64(13158), np.int64(20247), np.int64(12394), np.int64(33871), np.int64(32125), np.int64(16539), np.int64(37497), np.int64(3745), np.int64(21588), np.int64(2736), np.int64(26985), np.int64(35294), np.int64(7264), np.int64(2321), np.int64(33859), np.int64(18979), np.int64(34189), np.int64(33294), np.int64(16159), np.int64(42622), np.int64(30762), np.int64(43360), np.int64(26284), np.int64(45155), np.int64(2035), np.int64(38076), np.int64(24005), np.int64(41823), np.int64(38218), np.int64(24206), np.int64(5243), np.int64(49124), np.int64(46766), np.int64(34451), np.int64(2723), np.int64(29324), np.int64(9690), np.int64(35691), np.int64(17666), np.int64(2729), np.int64(36342), np.int64(26259), np.int64(19734), np.int64(6363), np.int64(45907), np.int64(47936), np.int64(35410))","(0, 0, 0, 1, 0, 1, 0, 0, 0, 0, 0, 0, 0, 0, 0, 0, 0, 0, 0, 0, 0, 0, 0, 0, 0, 0, 0, 0, 0, 0, 0, 0, 0, 0, 0, 0, 0, 1, 0, 1, 1, 0, 0, 0, 0, 0, 1, 0, 1, 0)"
2.196546,50,279.834945,0,"(np.int64(10755), np.int64(34334), np.int64(39531), np.int64(12669), np.int64(9665), np.int64(47958), np.int64(38597), np.int64(39323), np.int64(32004), np.int64(37545), np.int64(9433), np.int64(18189), np.int64(48583), np.int64(10290), np.int64(37018), np.int64(49849), np.int64(43525), np.int64(36983), np.int64(30894), np.int64(11448), np.int64(37102), np.int64(26775), np.int64(49959), np.int64(23574), np.int64(5125), np.int64(20919), np.int64(36249), np.int64(30086), np.int64(37239), np.int64(7625), np.int64(45914), np.int64(6478), np.int64(29105), np.int64(38899), np.int64(43492), np.int64(12924), np.int64(8274), np.int64(43029), np.int64(22314), np.int64(253), np.int64(42365), np.int64(44276), np.int64(42569), np.int64(3831), np.int64(31945), np.int64(20795), np.int64(47289), np.int64(35235), np.int64(11237), np.int64(43138))","(0, 0, 0, 0, 0, 0, 0, 0, 0, 0, 0, 0, 0, 0, 0, 0, 0, 0, 0, 0, 0, 0, 1, 0, 1, 0, 0, 0, 0, 0, 0, 0, 0, 0, 0, 0, 0, 0, 0, 0, 0, 0, 0, 0, 1, 0, 0, 0, 0, 0)"
6.313428,50,280.296056,0,"(np.int64(11117), np.int64(4324), np.int64(30246), np.int64(10503), np.int64(46634), np.int64(25161), np.int64(18251), np.int64(6288), np.int64(48168), np.int64(45712), np.int64(19077), np.int64(32080), np.int64(27960), np.int64(156), np.int64(48172), np.int64(34233), np.int64(20416), np.int64(14219), np.int64(6169), np.int64(32642), np.int64(43390), np.int64(28304), np.int64(19835), np.int64(29499), np.int64(11072), np.int64(3346), np.int64(40110), np.int64(16038), np.int64(35142), np.int64(1745), np.int64(3010), np.int64(6211), np.int64(40895), np.int64(44117), np.int64(21607), np.int64(18731), np.int64(10811), np.int64(40643), np.int64(47102), np.int64(35446), np.int64(41521), np.int64(28339), np.int64(4792), np.int64(19349), np.int64(37720), np.int64(20522), np.int64(31018), np.int64(40681), np.int64(17672), np.int64(433))","(0, 0, 0, 0, 0, 0, 1, 0, 1, 1, 0, 1, 0, 0, 0, 0, 1, 0, 0, 0, 0, 0, 0, 0, 0, 1, 0, 0, 0, 0, 1, 1, 0, 0, 0, 0, 0, 0, 0, 0, 0, 0, 0, 0, 0, 0, 1, 0, 0, 0)"
3.78569,50,280.745275,0,"(np.int64(42454), np.int64(5866), np.int64(36696), np.int64(16946), np.int64(46327), np.int64(21880), np.int64(42105), np.int64(27449), np.int64(47410), np.int64(48160), np.int64(27022), np.int64(49788), np.int64(21129), np.int64(37509), np.int64(455), np.int64(13845), np.int64(20732), np.int64(27972), np.int64(41096), np.int64(15721), np.int64(12967), np.int64(1349), np.int64(10160), np.int64(28707), np.int64(15255), np.int64(14671), np.int64(25648), np.int64(39876), np.int64(32025), np.int64(6762), np.int64(33985), np.int64(4680), np.int64(23154), np.int64(18695), np.int64(41958), np.int64(9548), np.int64(48996), np.int64(36243), np.int64(45984), np.int64(5133), np.int64(43558), np.int64(10290), np.int64(5314), np.int64(29447), np.int64(25191), np.int64(18485), np.int64(24575), np.int64(43970), np.int64(8935), np.int64(42046))","(0, 0, 0, 1, 0, 1, 0, 0, 0, 0, 0, 1, 1, 1, 0, 0, 0, 0, 0, 0, 0, 0, 0, 0, 0, 0, 0, 0, 0, 0, 0, 0, 0, 0, 0, 0, 0, 0, 0, 0, 0, 0, 0, 0, 0, 0, 0, 0, 0, 0)"
6.687295,50,281.212789,0,"(np.int64(6560), np.int64(27198), np.int64(9489), np.int64(20728), np.int64(43284), np.int64(17206), np.int64(5357), np.int64(276), np.int64(21297), np.int64(47847), np.int64(34908), np.int64(21412), np.int64(46279), np.int64(5108), np.int64(25204), np.int64(1967), np.int64(12251), np.int64(925), np.int64(26138), np.int64(48379), np.int64(23199), np.int64(46636), np.int64(37557), np.int64(16264), np.int64(30286), np.int64(11198), np.int64(2732), np.int64(5522), np.int64(48939), np.int64(16596), np.int64(39259), np.int64(9810), np.int64(23870), np.int64(42944), np.int64(23085), np.int64(44174), np.int64(33419), np.int64(4816), np.int64(712), np.int64(5386), np.int64(4831), np.int64(36596), np.int64(25249), np.int64(19156), np.int64(44167), np.int64(25472), np.int64(33783), np.int64(14536), np.int64(38208), np.int64(12962))","(0, 0, 1, 0, 0, 1, 1, 0, 1, 0, 0, 0, 0, 0, 0, 0, 0, 0, 0, 0, 0, 0, 0, 0, 0, 0, 0, 0, 0, 1, 0, 1, 0, 0, 0, 0, 0, 0, 0, 0, 0, 0, 1, 0, 0, 0, 1, 1, 0, 0)"
4.565517,50,281.668018,0,"(np.int64(27094), np.int64(45091), np.int64(16973), np.int64(37307), np.int64(47903), np.int64(48317), np.int64(39468), np.int64(35613), np.int64(37769), np.int64(4839), np.int64(14046), np.int64(20397), np.int64(46442), np.int64(14554), np.int64(17741), np.int64(36215), np.int64(41029), np.int64(27368), np.int64(25570), np.int64(14931), np.int64(27400), np.int64(41636), np.int64(35335), np.int64(48586), np.int64(14977), np.int64(43434), np.int64(49400), np.int64(36768), np.int64(8308), np.int64(73), np.int64(37046), np.int64(23310), np.int64(35543), np.int64(823), np.int64(20100), np.int64(19968), np.int64(7739), np.int64(39807), np.int64(7588), np.int64(5879), np.int64(27010), np.int64(47293), np.int64(34666), np.int64(34509), np.int64(41306), np.int64(12797), np.int64(10678), np.int64(31700), np.int64(21433), np.int64(17511))","(0, 0, 0, 0, 0, 0, 0, 0, 0, 0, 1, 0, 0, 0, 1, 1, 0, 0, 0, 0, 0, 0, 1, 0, 0, 0, 0, 0, 1, 0, 0, 0, 0, 0, 0, 0, 0, 0, 0, 1, 0, 0, 0, 0, 0, 0, 0, 0, 0, 0)"
3.982946,50,282.126803,0,"(np.int64(19946), np.int64(48763), np.int64(29350), np.int64(46192), np.int64(19466), np.int64(13681), np.int64(32210), np.int64(43098), np.int64(19032), np.int64(40098), np.int64(22549), np.int64(13802), np.int64(18211), np.int64(27317), np.int64(11212), np.int64(15106), np.int64(11584), np.int64(26931), np.int64(24007), np.int64(25184), np.int64(26520), np.int64(26218), np.int64(814), np.int64(33376), np.int64(42714), np.int64(44920), np.int64(33032), np.int64(48451), np.int64(27179), np.int64(8355), np.int64(23070), np.int64(2672), np.int64(36412), np.int64(45619), np.int64(2327), np.int64(36034), np.int64(36511), np.int64(44581), np.int64(47826), np.int64(29786), np.int64(48956), np.int64(2621), np.int64(2769), np.int64(31003), np.int64(19924), np.int64(3949), np.int64(42034), np.int64(3175), np.int64(13427), np.int64(38407))","(0, 0, 0, 0, 0, 0, 0, 0, 0, 0, 0, 0, 0, 0, 0, 0, 0, 0, 0, 1, 0, 1, 0, 0, 0, 0, 0, 0, 1, 0, 0, 0, 0, 0, 1, 0, 0, 0, 0, 0, 0, 0, 0, 0, 0, 1, 0, 0, 0, 0)"
4.538093,50,282.581389,0,"(np.int64(1918), np.int64(13338), np.int64(4381), np.int64(6884), np.int64(16092), np.int64(32532), np.int64(79), np.int64(7972), np.int64(20529), np.int64(40663), np.int64(25710), np.int64(13895), np.int64(31442), np.int64(27872), np.int64(5668), np.int64(49721), np.int64(44056), np.int64(36170), np.int64(45115), np.int64(27061), np.int64(10655), np.int64(2020), np.int64(845), np.int64(16436), np.int64(1439), np.int64(29421), np.int64(16923), np.int64(17067), np.int64(9904), np.int64(16149), np.int64(39918), np.int64(48077), np.int64(16205), np.int64(43957), np.int64(9863), np.int64(9776), np.int64(29404), np.int64(34696), np.int64(29041), np.int64(13176), np.int64(41759), np.int64(9498), np.int64(19930), np.int64(43860), np.int64(28009), np.int64(15299), np.int64(46561), np.int64(45031), np.int64(33947), np.int64(43665))","(0, 0, 0, 0, 0, 0, 1, 0, 0, 0, 0, 1, 0, 0, 0, 0, 0, 0, 0, 0, 0, 0, 1, 0, 0, 0, 0, 0, 0, 0, 0, 0, 1, 0, 0, 0, 0, 0, 1, 0, 0, 0, 0, 0, 0, 0, 0, 0, 0, 1)"
1.463265,50,283.037436,0,"(np.int64(617), np.int64(27453), np.int64(32631), np.int64(17481), np.int64(46682), np.int64(30586), np.int64(39005), np.int64(33309), np.int64(38493), np.int64(26896), np.int64(39598), np.int64(22568), np.int64(16377), np.int64(20371), np.int64(41190), np.int64(48935), np.int64(36272), np.int64(24149), np.int64(21728), np.int64(48679), np.int64(40104), np.int64(49137), np.int64(15881), np.int64(5807), np.int64(32718), np.int64(3924), np.int64(37891), np.int64(30590), np.int64(29887), np.int64(13071), np.int64(32620), np.int64(32694), np.int64(48190), np.int64(30476), np.int64(11965), np.int64(26007), np.int64(6397), np.int64(570), np.int64(44448), np.int64(1312), np.int64(2238), np.int64(45389), np.int64(37647), np.int64(31203), np.int64(27957), np.int64(24914), np.int64(41308), np.int64(23201), np.int64(39825), np.int64(37469))","(0, 0, 1, 0, 0, 0, 0, 0, 0, 0, 0, 0, 0, 0, 0, 0, 0, 0, 1, 0, 0, 0, 0, 0, 0, 0, 0, 0, 0, 0, 0, 0, 0, 0, 0, 0, 0, 0, 0, 0, 0, 0, 0, 0, 0, 0, 0, 0, 0, 0)"
3.831225,50,283.49953,0,"(np.int64(22007), np.int64(3013), np.int64(615), np.int64(8444), np.int64(18315), np.int64(47607), np.int64(11332), np.int64(6421), np.int64(12131), np.int64(47412), np.int64(14871), np.int64(1473), np.int64(46964), np.int64(41723), np.int64(4277), np.int64(43500), np.int64(7996), np.int64(48872), np.int64(17295), np.int64(29591), np.int64(25189), np.int64(28212), np.int64(11925), np.int64(47444), np.int64(49834), np.int64(35925), np.int64(20245), np.int64(32003), np.int64(41327), np.int64(164), np.int64(12063), np.int64(35009), np.int64(36949), np.int64(23015), np.int64(28995), np.int64(27643), np.int64(3325), np.int64(1210), np.int64(26724), np.int64(5446), np.int64(33829), np.int64(4858), np.int64(37325), np.int64(45317), np.int64(23644), np.int64(17257), np.int64(11021), np.int64(2575), np.int64(33264), np.int64(24257))","(0, 1, 1, 0, 0, 0, 0, 0, 1, 0, 0, 0, 0, 0, 0, 0, 0, 0, 0, 0, 0, 0, 0, 0, 0, 0, 0, 1, 0, 0, 0, 0, 0, 0, 0, 0, 0, 0, 0, 0, 0, 0, 0, 0, 1, 0, 0, 0, 0, 0)"
4.557298,50,283.951474,0,"(np.int64(45159), np.int64(49457), np.int64(14477), np.int64(44770), np.int64(16948), np.int64(6400), np.int64(7754), np.int64(30387), np.int64(12900), np.int64(42252), np.int64(21658), np.int64(11400), np.int64(18289), np.int64(9906), np.int64(28377), np.int64(2308), np.int64(14088), np.int64(38795), np.int64(15541), np.int64(14535), np.int64(2944), np.int64(24947), np.int64(39659), np.int64(19290), np.int64(9602), np.int64(11243), np.int64(31005), np.int64(43091), np.int64(28284), np.int64(35146), np.int64(45634), np.int64(32203), np.int64(35925), np.int64(10222), np.int64(19342), np.int64(46031), np.int64(13729), np.int64(36682), np.int64(35663), np.int64(29368), np.int64(1794), np.int64(47595), np.int64(40194), np.int64(7943), np.int64(28504), np.int64(37094), np.int64(9085), np.int64(23128), np.int64(14141), np.int64(28606))","(0, 0, 0, 0, 0, 0, 1, 0, 0, 1, 0, 1, 1, 0, 0, 1, 0, 0, 0, 0, 0, 0, 0, 0, 0, 0, 0, 0, 0, 0, 0, 0, 0, 0, 0, 0, 0, 0, 0, 0, 0, 0, 0, 0, 0, 0, 0, 0, 1, 0)"
3.075589,50,284.402873,0,"(np.int64(48476), np.int64(32147), np.int64(11024), np.int64(12036), np.int64(49145), np.int64(20537), np.int64(8483), np.int64(29571), np.int64(24714), np.int64(19230), np.int64(19831), np.int64(377), np.int64(39927), np.int64(13679), np.int64(27352), np.int64(39793), np.int64(47908), np.int64(5955), np.int64(49552), np.int64(20735), np.int64(24721), np.int64(20015), np.int64(28568), np.int64(16573), np.int64(12501), np.int64(15298), np.int64(3581), np.int64(19386), np.int64(458), np.int64(15982), np.int64(14538), np.int64(40265), np.int64(17594), np.int64(9994), np.int64(35979), np.int64(46805), np.int64(26910), np.int64(25613), np.int64(434), np.int64(1991), np.int64(22884), np.int64(29373), np.int64(28189), np.int64(3331), np.int64(22060), np.int64(19601), np.int64(39569), np.int64(19528), np.int64(25251), np.int64(35934))","(0, 0, 0, 1, 0, 0, 0, 0, 0, 0, 0, 0, 0, 0, 0, 0, 0, 0, 1, 0, 0, 0, 0, 0, 0, 0, 0, 0, 0, 0, 0, 0, 0, 1, 0, 0, 0, 1, 0, 0, 0, 0, 0, 0, 0, 0, 0, 0, 0, 0)"
4.495441,50,290.333224,0,"(np.int64(21242), np.int64(13677), np.int64(48320), np.int64(11574), np.int64(38312), np.int64(35615), np.int64(29983), np.int64(4292), np.int64(28626), np.int64(41210), np.int64(29760), np.int64(31556), np.int64(13860), np.int64(4324), np.int64(1586), np.int64(9441), np.int64(4076), np.int64(10966), np.int64(22406), np.int64(30360), np.int64(17238), np.int64(37639), np.int64(47126), np.int64(33088), np.int64(37929), np.int64(24215), np.int64(10820), np.int64(21499), np.int64(25422), np.int64(1285), np.int64(19799), np.int64(35074), np.int64(40562), np.int64(37601), np.int64(41662), np.int64(29389), np.int64(13574), np.int64(43352), np.int64(8166), np.int64(7650), np.int64(31616), np.int64(39311), np.int64(12434), np.int64(10005), np.int64(11286), np.int64(18188), np.int64(25240), np.int64(12551), np.int64(39354), np.int64(13116))","(0, 1, 0, 0, 0, 0, 0, 0, 0, 0, 0, 0, 0, 0, 0, 0, 1, 1, 0, 0, 0, 0, 0, 0, 0, 1, 0, 0, 0, 0, 0, 0, 0, 0, 0, 0, 0, 0, 0, 1, 0, 0, 0, 1, 0, 0, 0, 0, 0, 0)"
4.604055,50,290.787943,0,"(np.int64(13316), np.int64(3623), np.int64(28679), np.int64(14732), np.int64(70), np.int64(31632), np.int64(36831), np.int64(16305), np.int64(8022), np.int64(12900), np.int64(35241), np.int64(23831), np.int64(18812), np.int64(340), np.int64(36069), np.int64(8066), np.int64(2428), np.int64(48268), np.int64(32414), np.int64(37481), np.int64(42455), np.int64(17629), np.int64(33512), np.int64(48451), np.int64(8768), np.int64(19798), np.int64(28767), np.int64(24980), np.int64(44679), np.int64(14973), np.int64(31186), np.int64(18701), np.int64(2711), np.int64(17315), np.int64(27064), np.int64(44248), np.int64(39877), np.int64(28296), np.int64(48344), np.int64(33362), np.int64(21271), np.int64(47383), np.int64(35171), np.int64(7516), np.int64(28896), np.int64(31976), np.int64(42512), np.int64(32431), np.int64(44754), np.int64(33745))","(0, 0, 0, 0, 0, 0, 0, 0, 0, 0, 0, 1, 0, 1, 0, 0, 0, 0, 0, 0, 0, 1, 1, 0, 0, 0, 0, 1, 0, 0, 0, 0, 1, 0, 0, 0, 0, 0, 0, 0, 0, 0, 0, 0, 0, 0, 0, 0, 0, 0)"
6.106298,50,291.242671,0,"(np.int64(8517), np.int64(41052), np.int64(11718), np.int64(31848), np.int64(7932), np.int64(43943), np.int64(44226), np.int64(46336), np.int64(3167), np.int64(1178), np.int64(17110), np.int64(39400), np.int64(12793), np.int64(43912), np.int64(33854), np.int64(18288), np.int64(20262), np.int64(48828), np.int64(46806), np.int64(7340), np.int64(31581), np.int64(48300), np.int64(35997), np.int64(39518), np.int64(17961), np.int64(9242), np.int64(23352), np.int64(1015), np.int64(22059), np.int64(27568), np.int64(35574), np.int64(26534), np.int64(3316), np.int64(27220), np.int64(997), np.int64(37336), np.int64(7595), np.int64(28018), np.int64(14088), np.int64(42513), np.int64(38531), np.int64(4790), np.int64(1172), np.int64(9324), np.int64(37178), np.int64(20927), np.int64(44390), np.int64(19324), np.int64(14358), np.int64(3265))","(0, 0, 0, 0, 0, 0, 0, 0, 0, 0, 0, 0, 0, 0, 0, 1, 0, 0, 0, 1, 0, 0, 0, 0, 0, 0, 0, 1, 0, 0, 1, 0, 0, 0, 0, 1, 0, 1, 0, 1, 0, 0, 0, 0, 0, 1, 0, 0, 0, 0)"
3.861908,50,291.6972,0,"(np.int64(24932), np.int64(24951), np.int64(18400), np.int64(45235), np.int64(48895), np.int64(19784), np.int64(3611), np.int64(6159), np.int64(43033), np.int64(15961), np.int64(42707), np.int64(21020), np.int64(49870), np.int64(23998), np.int64(5906), np.int64(33592), np.int64(5081), np.int64(41455), np.int64(44145), np.int64(26967), np.int64(6679), np.int64(12105), np.int64(12436), np.int64(17388), np.int64(7484), np.int64(32004), np.int64(24300), np.int64(47642), np.int64(20578), np.int64(24768), np.int64(14678), np.int64(13370), np.int64(28658), np.int64(18220), np.int64(46148), np.int64(9345), np.int64(8808), np.int64(1136), np.int64(36027), np.int64(49096), np.int64(8178), np.int64(6637), np.int64(23670), np.int64(5), np.int64(26750), np.int64(19367), np.int64(33991), np.int64(34315), np.int64(34926), np.int64(12210))","(0, 0, 0, 0, 0, 0, 0, 0, 0, 0, 0, 0, 0, 0, 0, 1, 0, 0, 0, 0, 1, 0, 0, 0, 0, 0, 0, 0, 0, 0, 0, 1, 1, 0, 0, 1, 0, 0, 0, 0, 0, 0, 0, 0, 0, 0, 0, 0, 0, 0)"
2.914461,50,292.152065,0,"(np.int64(4440), np.int64(24679), np.int64(12377), np.int64(36986), np.int64(7565), np.int64(7374), np.int64(32470), np.int64(19390), np.int64(23164), np.int64(40238), np.int64(39684), np.int64(44488), np.int64(30985), np.int64(18959), np.int64(13157), np.int64(37912), np.int64(28583), np.int64(42758), np.int64(47635), np.int64(31821), np.int64(33449), np.int64(6593), np.int64(19125), np.int64(11458), np.int64(5853), np.int64(11573), np.int64(41980), np.int64(18367), np.int64(25328), np.int64(17198), np.int64(6408), np.int64(30247), np.int64(40435), np.int64(12640), np.int64(22390), np.int64(8010), np.int64(7708), np.int64(12197), np.int64(21930), np.int64(7827), np.int64(5753), np.int64(19964), np.int64(27707), np.int64(47894), np.int64(4002), np.int64(42334), np.int64(5386), np.int64(2545), np.int64(29380), np.int64(47489))","(0, 0, 0, 0, 0, 0, 0, 1, 0, 0, 0, 0, 1, 1, 0, 0, 0, 0, 0, 0, 0, 0, 0, 0, 0, 0, 0, 0, 0, 0, 0, 0, 0, 0, 0, 0, 0, 0, 1, 0, 0, 0, 0, 0, 0, 0, 0, 0, 0, 0)"
5.314325,50,292.606966,0,"(np.int64(26826), np.int64(13402), np.int64(25981), np.int64(48224), np.int64(27850), np.int64(27804), np.int64(5077), np.int64(26358), np.int64(35251), np.int64(3859), np.int64(29596), np.int64(43955), np.int64(29742), np.int64(45335), np.int64(47741), np.int64(15631), np.int64(21784), np.int64(34353), np.int64(31294), np.int64(10107), np.int64(24687), np.int64(3001), np.int64(49135), np.int64(47544), np.int64(3639), np.int64(36590), np.int64(12901), np.int64(24622), np.int64(38972), np.int64(18677), np.int64(46070), np.int64(3925), np.int64(21759), np.int64(1898), np.int64(41303), np.int64(5365), np.int64(18143), np.int64(19364), np.int64(19957), np.int64(31257), np.int64(21166), np.int64(5945), np.int64(17444), np.int64(7233), np.int64(5426), np.int64(30403), np.int64(30526), np.int64(33848), np.int64(17794), np.int64(40721))","(0, 0, 0, 0, 0, 1, 0, 0, 0, 0, 0, 0, 0, 0, 0, 0, 0, 0, 0, 0, 0, 0, 0, 0, 0, 0, 1, 0, 0, 0, 0, 0, 0, 1, 0, 0, 1, 0, 1, 0, 0, 0, 0, 0, 1, 0, 0, 0, 1, 0)"
5.003976,50,293.057207,0,"(np.int64(41615), np.int64(27039), np.int64(37518), np.int64(12018), np.int64(7489), np.int64(397), np.int64(7227), np.int64(8164), np.int64(10042), np.int64(6568), np.int64(11655), np.int64(40938), np.int64(36817), np.int64(35070), np.int64(39321), np.int64(11892), np.int64(15550), np.int64(43410), np.int64(9425), np.int64(12218), np.int64(2115), np.int64(37751), np.int64(49595), np.int64(32338), np.int64(44981), np.int64(22586), np.int64(18838), np.int64(2942), np.int64(11781), np.int64(37710), np.int64(21711), np.int64(27468), np.int64(1396), np.int64(8915), np.int64(1024), np.int64(11452), np.int64(3628), np.int64(11078), np.int64(19932), np.int64(48312), np.int64(8826), np.int64(25960), np.int64(6125), np.int64(24303), np.int64(5029), np.int64(48115), np.int64(40332), np.int64(31299), np.int64(2073), np.int64(24647))","(0, 0, 0, 0, 1, 0, 0, 0, 0, 0, 0, 0, 0, 0, 1, 0, 1, 0, 0, 0, 0, 0, 0, 0, 0, 0, 0, 0, 0, 0, 0, 0, 0, 0, 0, 0, 0, 0, 0, 1, 0, 0, 1, 1, 0, 0, 0, 0, 0, 1)"
4.658045,50,293.535733,0,"(np.int64(33853), np.int64(49589), np.int64(47402), np.int64(20561), np.int64(17884), np.int64(10529), np.int64(35023), np.int64(12542), np.int64(11408), np.int64(180), np.int64(49175), np.int64(49324), np.int64(10482), np.int64(39431), np.int64(9975), np.int64(38799), np.int64(23396), np.int64(10599), np.int64(19218), np.int64(37029), np.int64(49836), np.int64(27882), np.int64(23039), np.int64(9575), np.int64(45801), np.int64(33653), np.int64(10838), np.int64(47978), np.int64(2673), np.int64(2247), np.int64(45791), np.int64(34685), np.int64(29385), np.int64(24828), np.int64(8078), np.int64(8702), np.int64(16028), np.int64(46506), np.int64(19410), np.int64(28107), np.int64(2337), np.int64(11221), np.int64(33237), np.int64(818), np.int64(18432), np.int64(48332), np.int64(358), np.int64(42449), np.int64(4881), np.int64(25152))","(0, 0, 0, 0, 0, 0, 0, 0, 0, 0, 0, 0, 1, 0, 0, 0, 0, 0, 1, 0, 0, 0, 0, 0, 0, 0, 0, 0, 0, 1, 0, 0, 0, 1, 0, 0, 0, 1, 0, 0, 0, 0, 0, 1, 0, 0, 0, 0, 0, 0)"
1.617609,50,293.989271,0,"(np.int64(8526), np.int64(38059), np.int64(6907), np.int64(38992), np.int64(7433), np.int64(18613), np.int64(33295), np.int64(39409), np.int64(40732), np.int64(19059), np.int64(45862), np.int64(21176), np.int64(40340), np.int64(8346), np.int64(37578), np.int64(10348), np.int64(40436), np.int64(29674), np.int64(45952), np.int64(20786), np.int64(46194), np.int64(45742), np.int64(2564), np.int64(1000), np.int64(43561), np.int64(41259), np.int64(43568), np.int64(34173), np.int64(22151), np.int64(7360), np.int64(27391), np.int64(4275), np.int64(22417), np.int64(36420), np.int64(42698), np.int64(45828), np.int64(32338), np.int64(789), np.int64(6306), np.int64(46199), np.int64(13408), np.int64(24002), np.int64(36255), np.int64(4917), np.int64(43171), np.int64(33327), np.int64(26777), np.int64(48147), np.int64(20490), np.int64(18416))","(0, 0, 0, 0, 0, 1, 0, 0, 0, 0, 0, 0, 0, 0, 0, 1, 0, 0, 0, 0, 0, 0, 0, 0, 0, 0, 0, 0, 0, 0, 0, 0, 0, 0, 0, 0, 0, 0, 0, 0, 0, 0, 0, 0, 0, 0, 0, 0, 0, 0)"
3.924795,50,294.442032,0,"(np.int64(4840), np.int64(8898), np.int64(33493), np.int64(42765), np.int64(2371), np.int64(35594), np.int64(6741), np.int64(22817), np.int64(1637), np.int64(46910), np.int64(15145), np.int64(40753), np.int64(6650), np.int64(42150), np.int64(22021), np.int64(46253), np.int64(10007), np.int64(13242), np.int64(19797), np.int64(40855), np.int64(19314), np.int64(38144), np.int64(27461), np.int64(7958), np.int64(9976), np.int64(21704), np.int64(39819), np.int64(17340), np.int64(15775), np.int64(18728), np.int64(2903), np.int64(22140), np.int64(35139), np.int64(743), np.int64(27129), np.int64(14351), np.int64(24377), np.int64(34267), np.int64(45103), np.int64(42295), np.int64(1063), np.int64(31243), np.int64(41385), np.int64(25220), np.int64(16300), np.int64(5093), np.int64(8083), np.int64(30660), np.int64(9900), np.int64(18230))","(0, 1, 0, 0, 0, 0, 1, 0, 0, 0, 0, 0, 0, 0, 1, 0, 0, 0, 0, 0, 0, 0, 0, 0, 0, 0, 0, 0, 0, 0, 0, 0, 0, 1, 0, 1, 0, 0, 0, 0, 0, 0, 0, 0, 0, 0, 0, 0, 0, 0)"
5.376571,50,294.905111,0,"(np.int64(21404), np.int64(40461), np.int64(8637), np.int64(44358), np.int64(37292), np.int64(44355), np.int64(1423), np.int64(429), np.int64(1436), np.int64(39939), np.int64(3058), np.int64(14547), np.int64(37560), np.int64(40001), np.int64(43642), np.int64(5039), np.int64(33325), np.int64(16255), np.int64(30617), np.int64(9854), np.int64(37691), np.int64(47205), np.int64(31280), np.int64(24691), np.int64(20969), np.int64(1301), np.int64(2625), np.int64(25259), np.int64(38917), np.int64(26272), np.int64(29296), np.int64(45921), np.int64(26273), np.int64(36959), np.int64(2510), np.int64(33510), np.int64(38943), np.int64(19084), np.int64(4874), np.int64(38876), np.int64(8376), np.int64(6536), np.int64(45295), np.int64(49472), np.int64(48113), np.int64(33391), np.int64(49050), np.int64(45055), np.int64(9719), np.int64(2928))","(1, 0, 0, 0, 0, 0, 0, 0, 0, 0, 0, 0, 0, 0, 0, 0, 0, 1, 0, 0, 0, 0, 0, 1, 0, 0, 0, 0, 0, 0, 0, 0, 0, 0, 1, 0, 0, 0, 0, 1, 1, 1, 0, 0, 0, 0, 0, 0, 0, 0)"
2.414192,50,295.372878,0,"(np.int64(25468), np.int64(27556), np.int64(16887), np.int64(18927), np.int64(48640), np.int64(28237), np.int64(24667), np.int64(25774), np.int64(33699), np.int64(32155), np.int64(35474), np.int64(10542), np.int64(46532), np.int64(40585), np.int64(75), np.int64(36893), np.int64(42208), np.int64(18183), np.int64(50001), np.int64(6156), np.int64(9274), np.int64(4058), np.int64(33587), np.int64(46854), np.int64(47019), np.int64(20936), np.int64(49790), np.int64(8046), np.int64(41172), np.int64(18496), np.int64(4677), np.int64(7767), np.int64(1855), np.int64(40636), np.int64(6952), np.int64(9387), np.int64(29681), np.int64(35963), np.int64(43214), np.int64(15444), np.int64(15087), np.int64(17181), np.int64(11786), np.int64(42649), np.int64(30290), np.int64(45928), np.int64(10520), np.int64(36563), np.int64(33898), np.int64(50005))","(0, 0, 0, 0, 0, 0, 0, 0, 0, 0, 0, 0, 0, 0, 0, 0, 0, 0, 0, 1, 0, 0, 0, 0, 0, 0, 0, 0, 0, 0, 0, 0, 1, 0, 0, 0, 0, 0, 0, 0, 0, 0, 1, 0, 0, 0, 0, 0, 0, 0)"
3.129691,50,295.845276,0,"(np.int64(33246), np.int64(27907), np.int64(32145), np.int64(40363), np.int64(8115), np.int64(12441), np.int64(25023), np.int64(16461), np.int64(6715), np.int64(41035), np.int64(34724), np.int64(19129), np.int64(23512), np.int64(12928), np.int64(32726), np.int64(16256), np.int64(1651), np.int64(29705), np.int64(25756), np.int64(15311), np.int64(11893), np.int64(27444), np.int64(43873), np.int64(22168), np.int64(39037), np.int64(47203), np.int64(16316), np.int64(30163), np.int64(35786), np.int64(31523), np.int64(46505), np.int64(2839), np.int64(30310), np.int64(28700), np.int64(28112), np.int64(33703), np.int64(6766), np.int64(47070), np.int64(33810), np.int64(33111), np.int64(47158), np.int64(5011), np.int64(32940), np.int64(42692), np.int64(8193), np.int64(19032), np.int64(15438), np.int64(16396), np.int64(35382), np.int64(46780))","(0, 0, 0, 0, 0, 1, 0, 0, 1, 0, 0, 0, 0, 0, 0, 0, 0, 0, 0, 1, 1, 0, 0, 0, 0, 0, 0, 0, 0, 0, 0, 0, 0, 0, 0, 0, 0, 0, 0, 0, 0, 0, 0, 0, 0, 0, 0, 0, 0, 0)"
3.102424,50,296.308152,0,"(np.int64(3150), np.int64(26996), np.int64(22827), np.int64(42644), np.int64(28279), np.int64(6379), np.int64(9448), np.int64(27803), np.int64(9300), np.int64(33025), np.int64(27479), np.int64(48067), np.int64(8588), np.int64(1125), np.int64(2126), np.int64(39626), np.int64(37621), np.int64(11950), np.int64(38157), np.int64(33078), np.int64(34668), np.int64(30230), np.int64(19338), np.int64(35756), np.int64(19272), np.int64(39029), np.int64(30996), np.int64(13573), np.int64(25065), np.int64(15872), np.int64(5385), np.int64(23461), np.int64(42293), np.int64(21809), np.int64(16664), np.int64(18352), np.int64(10289), np.int64(6256), np.int64(22344), np.int64(33872), np.int64(35067), np.int64(19036), np.int64(49410), np.int64(569), np.int64(37618), np.int64(18345), np.int64(12949), np.int64(11722), np.int64(19684), np.int64(6116))","(0, 0, 0, 0, 0, 0, 0, 0, 0, 0, 0, 0, 0, 0, 0, 0, 0, 1, 0, 0, 0, 0, 0, 0, 0, 0, 0, 0, 0, 1, 0, 0, 0, 0, 0, 0, 0, 0, 0, 0, 0, 0, 0, 0, 0, 0, 0, 1, 1, 0)"
5.395404,50,296.764074,0,"(np.int64(26799), np.int64(5084), np.int64(8694), np.int64(33203), np.int64(36401), np.int64(33750), np.int64(36559), np.int64(24215), np.int64(15310), np.int64(39157), np.int64(19152), np.int64(1067), np.int64(6022), np.int64(41303), np.int64(425), np.int64(1368), np.int64(45047), np.int64(30855), np.int64(24855), np.int64(31982), np.int64(21862), np.int64(15079), np.int64(36833), np.int64(34902), np.int64(8563), np.int64(45860), np.int64(24721), np.int64(15283), np.int64(14976), np.int64(35554), np.int64(6652), np.int64(8077), np.int64(9923), np.int64(23325), np.int64(32928), np.int64(19867), np.int64(499), np.int64(3516), np.int64(12925), np.int64(9340), np.int64(36837), np.int64(14585), np.int64(30777), np.int64(48419), np.int64(45342), np.int64(5082), np.int64(43219), np.int64(24703), np.int64(26090), np.int64(9601))","(0, 0, 0, 0, 0, 0, 0, 1, 0, 0, 1, 0, 0, 0, 1, 1, 0, 0, 0, 1, 0, 0, 0, 0, 0, 0, 0, 0, 0, 0, 1, 0, 0, 0, 0, 0, 0, 0, 0, 0, 0, 0, 0, 0, 0, 0, 0, 0, 0, 1)"
7.107839,50,297.243498,0,"(np.int64(12648), np.int64(20934), np.int64(2591), np.int64(27389), np.int64(2955), np.int64(6520), np.int64(46917), np.int64(42657), np.int64(18289), np.int64(33505), np.int64(23803), np.int64(36792), np.int64(13513), np.int64(3301), np.int64(12652), np.int64(37116), np.int64(45976), np.int64(32917), np.int64(43897), np.int64(8007), np.int64(14976), np.int64(46049), np.int64(16421), np.int64(37970), np.int64(41866), np.int64(47464), np.int64(1777), np.int64(4432), np.int64(32000), np.int64(33912), np.int64(7287), np.int64(1346), np.int64(11437), np.int64(4385), np.int64(7500), np.int64(30617), np.int64(45108), np.int64(8539), np.int64(48709), np.int64(28658), np.int64(40552), np.int64(29445), np.int64(11730), np.int64(7016), np.int64(28363), np.int64(7320), np.int64(12373), np.int64(37991), np.int64(22276), np.int64(15400))","(1, 0, 0, 0, 1, 0, 0, 0, 1, 0, 1, 1, 0, 0, 0, 0, 0, 0, 0, 0, 0, 0, 0, 0, 0, 0, 0, 0, 0, 0, 0, 1, 0, 0, 0, 0, 0, 0, 0, 1, 1, 0, 0, 0, 0, 0, 0, 0, 0, 1)"
2.883833,50,297.703228,0,"(np.int64(34256), np.int64(14305), np.int64(37606), np.int64(36880), np.int64(40194), np.int64(19137), np.int64(44603), np.int64(48227), np.int64(22421), np.int64(37285), np.int64(36698), np.int64(31671), np.int64(46867), np.int64(29440), np.int64(35748), np.int64(42705), np.int64(16863), np.int64(16440), np.int64(41506), np.int64(45704), np.int64(14024), np.int64(15769), np.int64(3230), np.int64(19833), np.int64(8123), np.int64(20654), np.int64(23541), np.int64(10836), np.int64(36776), np.int64(19889), np.int64(16381), np.int64(13183), np.int64(3554), np.int64(48878), np.int64(5632), np.int64(22489), np.int64(19414), np.int64(38078), np.int64(49060), np.int64(23333), np.int64(38336), np.int64(6749), np.int64(42121), np.int64(24674), np.int64(45345), np.int64(35227), np.int64(36462), np.int64(7585), np.int64(46550), np.int64(27612))","(0, 1, 0, 0, 0, 0, 0, 0, 0, 0, 0, 0, 0, 0, 0, 0, 0, 0, 0, 0, 0, 0, 1, 0, 0, 0, 0, 0, 0, 0, 1, 0, 0, 0, 0, 0, 0, 0, 0, 0, 0, 0, 1, 0, 0, 0, 0, 0, 0, 0)"
3.072546,50,298.178418,0,"(np.int64(29755), np.int64(35918), np.int64(31356), np.int64(38597), np.int64(23475), np.int64(47497), np.int64(15403), np.int64(34133), np.int64(6824), np.int64(34597), np.int64(13037), np.int64(14711), np.int64(5293), np.int64(23340), np.int64(37938), np.int64(239), np.int64(16070), np.int64(2306), np.int64(25506), np.int64(40736), np.int64(35831), np.int64(18332), np.int64(29582), np.int64(4312), np.int64(29542), np.int64(12275), np.int64(11952), np.int64(23575), np.int64(49936), np.int64(16114), np.int64(14225), np.int64(29732), np.int64(11841), np.int64(27027), np.int64(47057), np.int64(40962), np.int64(10479), np.int64(9367), np.int64(31835), np.int64(14127), np.int64(34587), np.int64(34439), np.int64(26763), np.int64(33651), np.int64(42301), np.int64(24463), np.int64(20673), np.int64(28768), np.int64(731), np.int64(31310))","(0, 0, 0, 0, 0, 0, 0, 0, 1, 0, 0, 1, 0, 0, 0, 0, 0, 0, 0, 0, 0, 0, 0, 0, 0, 0, 0, 0, 0, 0, 0, 0, 0, 0, 0, 0, 0, 0, 0, 0, 1, 0, 0, 0, 0, 0, 0, 1, 0, 0)"
3.804697,50,298.650199,0,"(np.int64(17288), np.int64(20686), np.int64(43765), np.int64(11488), np.int64(18027), np.int64(34952), np.int64(37894), np.int64(42113), np.int64(34661), np.int64(5626), np.int64(14542), np.int64(26255), np.int64(45017), np.int64(33242), np.int64(38926), np.int64(45015), np.int64(27286), np.int64(33456), np.int64(22701), np.int64(38791), np.int64(44555), np.int64(48563), np.int64(35923), np.int64(25203), np.int64(14946), np.int64(23505), np.int64(12751), np.int64(11135), np.int64(46930), np.int64(7504), np.int64(13818), np.int64(26881), np.int64(13708), np.int64(2125), np.int64(31497), np.int64(1318), np.int64(46059), np.int64(43910), np.int64(40823), np.int64(38089), np.int64(25529), np.int64(10243), np.int64(19902), np.int64(47717), np.int64(42803), np.int64(2494), np.int64(27406), np.int64(19941), np.int64(21564), np.int64(15860))","(0, 0, 0, 0, 0, 0, 0, 0, 0, 0, 0, 1, 0, 0, 0, 0, 0, 0, 0, 1, 0, 0, 0, 0, 0, 1, 0, 0, 0, 1, 0, 0, 0, 0, 0, 0, 0, 0, 0, 0, 0, 0, 0, 0, 0, 0, 0, 0, 0, 1)"
2.417582,50,299.114422,0,"(np.int64(23197), np.int64(16030), np.int64(2624), np.int64(26289), np.int64(48452), np.int64(24514), np.int64(9290), np.int64(10171), np.int64(18513), np.int64(42049), np.int64(30928), np.int64(34429), np.int64(49069), np.int64(25066), np.int64(1645), np.int64(43589), np.int64(26302), np.int64(9040), np.int64(48892), np.int64(13832), np.int64(27838), np.int64(38473), np.int64(26793), np.int64(18827), np.int64(23064), np.int64(15930), np.int64(41670), np.int64(38290), np.int64(44408), np.int64(14161), np.int64(18393), np.int64(20037), np.int64(30987), np.int64(4902), np.int64(42469), np.int64(41082), np.int64(7859), np.int64(40236), np.int64(5132), np.int64(27252), np.int64(20673), np.int64(28681), np.int64(6686), np.int64(33638), np.int64(33777), np.int64(29334), np.int64(11933), np.int64(11034), np.int64(22632), np.int64(18107))","(0, 0, 0, 0, 0, 0, 0, 0, 0, 0, 0, 0, 0, 0, 1, 0, 0, 0, 0, 0, 0, 0, 0, 0, 0, 0, 0, 0, 0, 0, 0, 0, 0, 0, 0, 0, 1, 0, 0, 0, 0, 0, 0, 0, 0, 0, 0, 1, 0, 0)"
2.278215,50,299.585888,0,"(np.int64(3469), np.int64(9408), np.int64(44591), np.int64(37764), np.int64(31022), np.int64(47046), np.int64(21318), np.int64(46375), np.int64(39109), np.int64(7811), np.int64(29295), np.int64(41903), np.int64(2380), np.int64(48998), np.int64(22465), np.int64(32260), np.int64(42249), np.int64(7828), np.int64(20611), np.int64(41133), np.int64(28707), np.int64(22515), np.int64(26449), np.int64(20436), np.int64(4779), np.int64(30583), np.int64(26408), np.int64(43026), np.int64(14934), np.int64(9968), np.int64(29150), np.int64(11691), np.int64(46826), np.int64(7323), np.int64(7348), np.int64(41954), np.int64(10833), np.int64(21044), np.int64(26903), np.int64(2304), np.int64(37495), np.int64(18641), np.int64(14148), np.int64(40314), np.int64(2851), np.int64(16351), np.int64(48550), np.int64(213), np.int64(21793), np.int64(46337))","(0, 0, 0, 0, 1, 0, 0, 0, 0, 0, 0, 0, 0, 0, 0, 0, 0, 1, 0, 0, 0, 0, 0, 0, 0, 0, 0, 0, 0, 0, 0, 0, 0, 0, 0, 0, 0, 0, 0, 0, 0, 0, 0, 0, 0, 1, 0, 0, 0, 0)"
3.695837,50,300.061341,0,"(np.int64(1131), np.int64(16698), np.int64(43261), np.int64(27976), np.int64(9016), np.int64(46822), np.int64(16505), np.int64(31571), np.int64(46736), np.int64(32165), np.int64(41666), np.int64(33074), np.int64(6958), np.int64(36376), np.int64(21668), np.int64(35879), np.int64(13718), np.int64(7298), np.int64(3537), np.int64(5262), np.int64(38475), np.int64(8544), np.int64(11798), np.int64(46656), np.int64(46150), np.int64(43385), np.int64(21318), np.int64(33685), np.int64(30744), np.int64(45107), np.int64(12832), np.int64(31590), np.int64(20920), np.int64(45885), np.int64(47470), np.int64(40651), np.int64(21766), np.int64(40352), np.int64(47657), np.int64(32166), np.int64(35698), np.int64(28934), np.int64(16544), np.int64(25856), np.int64(36377), np.int64(21844), np.int64(14373), np.int64(47997), np.int64(7657), np.int64(12375))","(1, 0, 0, 0, 0, 0, 0, 0, 0, 0, 0, 0, 0, 0, 0, 0, 0, 0, 0, 0, 0, 0, 0, 0, 0, 0, 0, 0, 0, 1, 0, 0, 0, 0, 0, 0, 0, 0, 0, 0, 1, 0, 0, 1, 0, 0, 1, 0, 0, 0)"
3.87468,50,300.575567,0,"(np.int64(704), np.int64(36015), np.int64(14668), np.int64(46941), np.int64(29667), np.int64(29095), np.int64(44958), np.int64(26946), np.int64(28527), np.int64(18419), np.int64(31389), np.int64(35183), np.int64(23858), np.int64(14724), np.int64(19585), np.int64(36340), np.int64(26597), np.int64(35857), np.int64(30913), np.int64(27303), np.int64(22914), np.int64(48539), np.int64(39172), np.int64(35340), np.int64(11748), np.int64(12824), np.int64(4882), np.int64(19429), np.int64(38682), np.int64(3827), np.int64(17238), np.int64(10262), np.int64(37528), np.int64(6177), np.int64(1185), np.int64(41361), np.int64(44198), np.int64(481), np.int64(1190), np.int64(30344), np.int64(16495), np.int64(44360), np.int64(775), np.int64(17862), np.int64(44639), np.int64(48689), np.int64(42318), np.int64(41136), np.int64(17465), np.int64(13504))","(0, 0, 0, 0, 0, 1, 0, 0, 0, 0, 0, 0, 0, 1, 0, 0, 1, 0, 0, 0, 0, 0, 0, 0, 0, 0, 0, 0, 0, 0, 0, 0, 0, 0, 0, 0, 0, 0, 0, 0, 0, 0, 0, 1, 0, 1, 0, 0, 0, 0)"
2.80639,50,301.133627,0,"(np.int64(153), np.int64(11133), np.int64(7185), np.int64(18223), np.int64(33852), np.int64(27318), np.int64(6460), np.int64(32680), np.int64(8844), np.int64(2283), np.int64(49696), np.int64(32539), np.int64(49835), np.int64(46366), np.int64(19219), np.int64(28424), np.int64(27909), np.int64(46764), np.int64(36376), np.int64(25028), np.int64(32972), np.int64(20068), np.int64(32790), np.int64(9257), np.int64(15990), np.int64(28329), np.int64(13259), np.int64(44570), np.int64(42847), np.int64(20528), np.int64(3353), np.int64(41012), np.int64(35240), np.int64(28980), np.int64(18536), np.int64(33911), np.int64(32456), np.int64(38163), np.int64(25162), np.int64(13445), np.int64(33169), np.int64(37474), np.int64(20359), np.int64(24695), np.int64(7486), np.int64(3538), np.int64(1247), np.int64(31265), np.int64(38691), np.int64(40341))","(0, 0, 0, 0, 1, 0, 0, 0, 0, 0, 0, 0, 0, 0, 0, 0, 0, 0, 0, 0, 0, 0, 0, 0, 1, 0, 0, 0, 0, 0, 0, 0, 0, 0, 0, 0, 0, 0, 0, 0, 0, 0, 0, 0, 0, 0, 1, 0, 1, 0)"
4.058667,50,301.640299,0,"(np.int64(1770), np.int64(4600), np.int64(6646), np.int64(28866), np.int64(47745), np.int64(15367), np.int64(47550), np.int64(23731), np.int64(11894), np.int64(37082), np.int64(30450), np.int64(31632), np.int64(49504), np.int64(35236), np.int64(43749), np.int64(47768), np.int64(42960), np.int64(46616), np.int64(23298), np.int64(41611), np.int64(15848), np.int64(47242), np.int64(6507), np.int64(6669), np.int64(23965), np.int64(5759), np.int64(9174), np.int64(13981), np.int64(37532), np.int64(7988), np.int64(13428), np.int64(37451), np.int64(41591), np.int64(9843), np.int64(48118), np.int64(43012), np.int64(29208), np.int64(5966), np.int64(32418), np.int64(12049), np.int64(14540), np.int64(4585), np.int64(37409), np.int64(8302), np.int64(14253), np.int64(26218), np.int64(43557), np.int64(21997), np.int64(18986), np.int64(31064))","(0, 1, 0, 0, 0, 0, 0, 1, 0, 0, 0, 0, 0, 0, 0, 0, 0, 0, 0, 0, 0, 0, 0, 1, 0, 0, 0, 0, 0, 0, 0, 0, 0, 0, 0, 0, 0, 0, 0, 1, 0, 0, 0, 0, 0, 1, 0, 0, 0, 0)"
3.688164,50,302.158044,0,"(np.int64(5330), np.int64(11871), np.int64(43416), np.int64(19978), np.int64(36978), np.int64(39172), np.int64(34041), np.int64(32523), np.int64(49248), np.int64(37468), np.int64(26346), np.int64(47323), np.int64(9070), np.int64(10134), np.int64(35808), np.int64(12695), np.int64(27512), np.int64(41859), np.int64(12100), np.int64(11475), np.int64(26357), np.int64(23524), np.int64(6054), np.int64(20567), np.int64(22438), np.int64(25897), np.int64(20608), np.int64(43840), np.int64(23588), np.int64(44138), np.int64(23343), np.int64(40208), np.int64(27180), np.int64(2753), np.int64(4576), np.int64(27459), np.int64(27114), np.int64(1710), np.int64(10113), np.int64(1406), np.int64(42253), np.int64(38149), np.int64(154), np.int64(18946), np.int64(6894), np.int64(22273), np.int64(21806), np.int64(23483), np.int64(5169), np.int64(5895))","(1, 1, 0, 0, 0, 0, 0, 0, 0, 0, 1, 0, 0, 0, 0, 0, 0, 0, 0, 0, 0, 0, 0, 0, 0, 0, 0, 0, 0, 0, 0, 0, 1, 0, 0, 0, 0, 1, 0, 0, 0, 0, 0, 0, 0, 0, 0, 0, 0, 0)"
5.516289,50,302.669219,0,"(np.int64(2166), np.int64(44121), np.int64(41081), np.int64(37765), np.int64(33954), np.int64(42801), np.int64(14796), np.int64(37024), np.int64(33575), np.int64(11109), np.int64(18340), np.int64(33094), np.int64(31326), np.int64(47626), np.int64(16333), np.int64(23239), np.int64(4386), np.int64(44927), np.int64(44446), np.int64(18751), np.int64(13309), np.int64(3610), np.int64(42919), np.int64(47469), np.int64(26336), np.int64(48907), np.int64(8464), np.int64(7656), np.int64(2948), np.int64(37045), np.int64(26074), np.int64(4948), np.int64(39942), np.int64(29868), np.int64(7897), np.int64(8769), np.int64(9840), np.int64(13355), np.int64(14917), np.int64(2981), np.int64(44184), np.int64(38240), np.int64(49012), np.int64(24766), np.int64(42995), np.int64(12132), np.int64(1990), np.int64(6223), np.int64(26957), np.int64(45596))","(0, 0, 0, 0, 0, 0, 0, 0, 0, 0, 0, 0, 1, 0, 1, 0, 0, 0, 0, 0, 0, 0, 1, 0, 0, 0, 0, 1, 0, 0, 0, 0, 0, 0, 1, 0, 0, 0, 0, 0, 0, 0, 0, 0, 0, 1, 0, 1, 0, 0)"
4.6365,50,303.15383,0,"(np.int64(6669), np.int64(36501), np.int64(41155), np.int64(8131), np.int64(5094), np.int64(36474), np.int64(22429), np.int64(15014), np.int64(32909), np.int64(38182), np.int64(26831), np.int64(2241), np.int64(45015), np.int64(43517), np.int64(15554), np.int64(4174), np.int64(37162), np.int64(27759), np.int64(26460), np.int64(13871), np.int64(20396), np.int64(1322), np.int64(40638), np.int64(32625), np.int64(10213), np.int64(6713), np.int64(27884), np.int64(21695), np.int64(13547), np.int64(16224), np.int64(39779), np.int64(3030), np.int64(37107), np.int64(34718), np.int64(27450), np.int64(19943), np.int64(17278), np.int64(5304), np.int64(6055), np.int64(32103), np.int64(2260), np.int64(7378), np.int64(45025), np.int64(6846), np.int64(41510), np.int64(23738), np.int64(4853), np.int64(26502), np.int64(10562), np.int64(29700))","(1, 1, 0, 0, 0, 0, 0, 0, 0, 0, 0, 0, 0, 0, 0, 0, 0, 0, 0, 0, 0, 0, 0, 1, 0, 0, 0, 0, 0, 0, 0, 0, 1, 0, 0, 0, 0, 1, 0, 0, 0, 0, 0, 1, 0, 0, 0, 0, 0, 0)"
7.15013,50,303.614242,0,"(np.int64(9710), np.int64(49671), np.int64(47703), np.int64(14949), np.int64(43072), np.int64(29116), np.int64(33629), np.int64(13206), np.int64(30969), np.int64(33061), np.int64(46483), np.int64(5098), np.int64(45216), np.int64(8480), np.int64(3641), np.int64(18383), np.int64(42910), np.int64(44202), np.int64(2186), np.int64(26049), np.int64(18326), np.int64(25518), np.int64(7804), np.int64(1151), np.int64(37744), np.int64(42201), np.int64(18611), np.int64(48115), np.int64(39968), np.int64(5599), np.int64(20499), np.int64(4246), np.int64(11253), np.int64(18478), np.int64(8294), np.int64(27520), np.int64(7070), np.int64(24131), np.int64(49381), np.int64(12072), np.int64(384), np.int64(47383), np.int64(21751), np.int64(1316), np.int64(32882), np.int64(11771), np.int64(18303), np.int64(29622), np.int64(25470), np.int64(26927))","(1, 0, 0, 0, 0, 0, 0, 0, 0, 0, 1, 0, 0, 0, 0, 0, 0, 0, 1, 0, 0, 0, 0, 1, 1, 0, 0, 0, 0, 0, 0, 0, 0, 1, 0, 0, 0, 0, 0, 0, 1, 0, 1, 0, 0, 0, 0, 0, 1, 0)"
2.978367,50,304.094828,0,"(np.int64(43618), np.int64(39623), np.int64(28048), np.int64(27740), np.int64(35503), np.int64(22418), np.int64(1280), np.int64(34903), np.int64(10133), np.int64(28874), np.int64(5670), np.int64(22423), np.int64(32238), np.int64(39393), np.int64(48190), np.int64(22958), np.int64(46767), np.int64(21299), np.int64(30217), np.int64(22782), np.int64(23894), np.int64(34679), np.int64(44419), np.int64(18901), np.int64(49499), np.int64(22958), np.int64(11795), np.int64(1188), np.int64(24222), np.int64(8897), np.int64(41014), np.int64(8300), np.int64(31407), np.int64(33762), np.int64(29317), np.int64(28187), np.int64(18031), np.int64(31602), np.int64(10099), np.int64(16458), np.int64(24002), np.int64(5279), np.int64(31962), np.int64(47913), np.int64(36615), np.int64(26945), np.int64(10213), np.int64(23935), np.int64(1560), np.int64(40360))","(0, 0, 0, 1, 0, 0, 0, 0, 1, 0, 0, 0, 0, 0, 0, 0, 0, 0, 0, 0, 0, 0, 0, 1, 0, 0, 0, 0, 0, 1, 0, 0, 0, 0, 0, 0, 0, 0, 0, 0, 0, 0, 0, 0, 0, 0, 0, 0, 0, 0)"
3.825522,50,304.592491,0,"(np.int64(2323), np.int64(47712), np.int64(22247), np.int64(17535), np.int64(6384), np.int64(2018), np.int64(19557), np.int64(30842), np.int64(11855), np.int64(12807), np.int64(44606), np.int64(45900), np.int64(10941), np.int64(21894), np.int64(49014), np.int64(37035), np.int64(44989), np.int64(31246), np.int64(44382), np.int64(6732), np.int64(39966), np.int64(9886), np.int64(10896), np.int64(23046), np.int64(2429), np.int64(25958), np.int64(36722), np.int64(39220), np.int64(30967), np.int64(4303), np.int64(40233), np.int64(16530), np.int64(12868), np.int64(28248), np.int64(22117), np.int64(6632), np.int64(13132), np.int64(8018), np.int64(10391), np.int64(39826), np.int64(18058), np.int64(1048), np.int64(13807), np.int64(31192), np.int64(14200), np.int64(42373), np.int64(10287), np.int64(11263), np.int64(45818), np.int64(4123))","(0, 0, 0, 0, 0, 1, 1, 0, 0, 0, 0, 0, 0, 0, 0, 0, 0, 1, 0, 0, 0, 1, 0, 0, 0, 0, 0, 0, 0, 0, 0, 0, 0, 0, 1, 0, 0, 0, 0, 0, 0, 0, 0, 0, 0, 0, 0, 0, 0, 0)"
4.507037,50,305.066935,0,"(np.int64(17636), np.int64(171), np.int64(29659), np.int64(9181), np.int64(17569), np.int64(439), np.int64(3877), np.int64(37), np.int64(44070), np.int64(9162), np.int64(34105), np.int64(48999), np.int64(21820), np.int64(1362), np.int64(36531), np.int64(48917), np.int64(22851), np.int64(6837), np.int64(32804), np.int64(6422), np.int64(26774), np.int64(16708), np.int64(23747), np.int64(3408), np.int64(28220), np.int64(10983), np.int64(787), np.int64(25714), np.int64(27947), np.int64(28706), np.int64(1335), np.int64(20154), np.int64(37759), np.int64(33706), np.int64(17692), np.int64(30035), np.int64(34897), np.int64(31680), np.int64(20416), np.int64(37360), np.int64(19775), np.int64(6823), np.int64(22640), np.int64(4860), np.int64(1419), np.int64(39257), np.int64(12783), np.int64(38086), np.int64(33327), np.int64(32525))","(0, 1, 0, 0, 0, 0, 0, 0, 0, 0, 0, 0, 1, 0, 0, 0, 0, 0, 0, 0, 1, 0, 1, 0, 0, 1, 0, 0, 0, 0, 0, 0, 0, 0, 0, 0, 0, 0, 1, 0, 0, 0, 0, 0, 0, 0, 0, 0, 0, 0)"
2.050707,50,305.54902,0,"(np.int64(44040), np.int64(12724), np.int64(7225), np.int64(30443), np.int64(25827), np.int64(46496), np.int64(47911), np.int64(34961), np.int64(36560), np.int64(40455), np.int64(8838), np.int64(36424), np.int64(12842), np.int64(25776), np.int64(15879), np.int64(10904), np.int64(37792), np.int64(31870), np.int64(39459), np.int64(41063), np.int64(40846), np.int64(48467), np.int64(7511), np.int64(42314), np.int64(41870), np.int64(27079), np.int64(28216), np.int64(20393), np.int64(37553), np.int64(23107), np.int64(43002), np.int64(25463), np.int64(1311), np.int64(37577), np.int64(15759), np.int64(10721), np.int64(48896), np.int64(18029), np.int64(47773), np.int64(44686), np.int64(1852), np.int64(43483), np.int64(49958), np.int64(20943), np.int64(1799), np.int64(48824), np.int64(20565), np.int64(34559), np.int64(45584), np.int64(22664))","(1, 0, 0, 0, 0, 0, 0, 0, 0, 0, 0, 0, 0, 0, 0, 0, 0, 0, 0, 0, 0, 0, 0, 0, 0, 0, 0, 0, 0, 0, 0, 1, 0, 0, 0, 0, 0, 0, 0, 0, 0, 1, 0, 0, 0, 0, 0, 0, 0, 0)"
3.126296,50,306.126065,0,"(np.int64(6619), np.int64(31423), np.int64(10481), np.int64(24057), np.int64(10339), np.int64(44496), np.int64(3032), np.int64(2613), np.int64(29885), np.int64(13737), np.int64(6072), np.int64(26420), np.int64(15042), np.int64(38146), np.int64(21784), np.int64(8445), np.int64(11437), np.int64(7314), np.int64(5343), np.int64(19706), np.int64(32240), np.int64(8181), np.int64(20336), np.int64(25846), np.int64(31555), np.int64(20413), np.int64(30717), np.int64(46420), np.int64(19612), np.int64(33204), np.int64(43260), np.int64(38260), np.int64(38387), np.int64(13490), np.int64(3499), np.int64(43931), np.int64(22160), np.int64(49704), np.int64(18285), np.int64(5666), np.int64(6097), np.int64(3898), np.int64(10540), np.int64(41945), np.int64(23667), np.int64(6159), np.int64(43127), np.int64(45303), np.int64(39961), np.int64(4374))","(1, 0, 0, 0, 1, 0, 0, 0, 0, 0, 1, 0, 0, 0, 0, 0, 0, 0, 0, 0, 0, 0, 0, 0, 0, 0, 0, 0, 0, 0, 0, 0, 0, 0, 0, 0, 0, 0, 1, 0, 0, 0, 0, 0, 0, 0, 0, 0, 0, 0)"
5.410098,50,306.650764,0,"(np.int64(43771), np.int64(45385), np.int64(47968), np.int64(33933), np.int64(19750), np.int64(18465), np.int64(20963), np.int64(10430), np.int64(32495), np.int64(33268), np.int64(29051), np.int64(38231), np.int64(29213), np.int64(22521), np.int64(38240), np.int64(38764), np.int64(41089), np.int64(19347), np.int64(45934), np.int64(33712), np.int64(49562), np.int64(47335), np.int64(48814), np.int64(13933), np.int64(14273), np.int64(16835), np.int64(24918), np.int64(4411), np.int64(30310), np.int64(21039), np.int64(32122), np.int64(30637), np.int64(35970), np.int64(40023), np.int64(1189), np.int64(26377), np.int64(10156), np.int64(22430), np.int64(19626), np.int64(10514), np.int64(3433), np.int64(7723), np.int64(14588), np.int64(17631), np.int64(11217), np.int64(3873), np.int64(32387), np.int64(8508), np.int64(21763), np.int64(30988))","(0, 0, 0, 0, 0, 0, 0, 0, 1, 0, 0, 0, 0, 0, 0, 0, 0, 1, 0, 0, 0, 1, 0, 0, 1, 0, 0, 0, 0, 0, 0, 0, 0, 0, 0, 1, 0, 0, 0, 0, 0, 0, 0, 0, 1, 0, 0, 1, 0, 0)"
2.684326,50,307.144778,0,"(np.int64(27830), np.int64(20491), np.int64(31876), np.int64(22643), np.int64(4261), np.int64(35272), np.int64(8067), np.int64(12963), np.int64(29506), np.int64(20504), np.int64(25782), np.int64(14187), np.int64(30807), np.int64(46240), np.int64(20212), np.int64(29586), np.int64(22661), np.int64(41251), np.int64(31281), np.int64(28715), np.int64(27194), np.int64(30283), np.int64(34873), np.int64(23858), np.int64(12100), np.int64(33198), np.int64(10800), np.int64(39495), np.int64(11093), np.int64(13128), np.int64(49638), np.int64(44595), np.int64(42454), np.int64(42906), np.int64(21737), np.int64(9002), np.int64(47824), np.int64(10739), np.int64(7852), np.int64(18643), np.int64(47283), np.int64(10569), np.int64(1502), np.int64(42639), np.int64(42179), np.int64(16638), np.int64(39262), np.int64(25964), np.int64(22041), np.int64(34685))","(0, 0, 1, 0, 1, 0, 0, 0, 0, 0, 0, 0, 0, 0, 0, 0, 0, 0, 0, 0, 1, 0, 0, 0, 0, 0, 0, 0, 0, 0, 0, 0, 0, 1, 0, 0, 0, 0, 0, 0, 0, 0, 0, 0, 0, 0, 0, 0, 0, 0)"
4.41006,50,307.678929,0,"(np.int64(42375), np.int64(29253), np.int64(8067), np.int64(17246), np.int64(20177), np.int64(24784), np.int64(34251), np.int64(25445), np.int64(46424), np.int64(49836), np.int64(36840), np.int64(9754), np.int64(33849), np.int64(12341), np.int64(16579), np.int64(16185), np.int64(10840), np.int64(16887), np.int64(572), np.int64(20100), np.int64(9754), np.int64(49470), np.int64(24454), np.int64(2059), np.int64(24558), np.int64(39371), np.int64(47351), np.int64(23556), np.int64(8890), np.int64(36284), np.int64(19240), np.int64(34200), np.int64(37297), np.int64(1284), np.int64(4065), np.int64(28603), np.int64(45463), np.int64(39538), np.int64(14455), np.int64(31063), np.int64(20745), np.int64(22929), np.int64(3371), np.int64(11170), np.int64(9216), np.int64(34589), np.int64(4410), np.int64(9749), np.int64(17682), np.int64(11589))","(0, 0, 0, 0, 0, 0, 0, 0, 0, 0, 0, 0, 0, 0, 0, 0, 0, 0, 0, 0, 0, 0, 0, 0, 0, 0, 0, 0, 0, 0, 0, 0, 0, 0, 0, 1, 0, 1, 0, 0, 0, 0, 1, 0, 0, 0, 1, 0, 1, 1)"
6.676681,50,308.175107,0,"(np.int64(3963), np.int64(20823), np.int64(45795), np.int64(41579), np.int64(38894), np.int64(8463), np.int64(10575), np.int64(16734), np.int64(4562), np.int64(30371), np.int64(1033), np.int64(16844), np.int64(2371), np.int64(36736), np.int64(16894), np.int64(1118), np.int64(16514), np.int64(12877), np.int64(23290), np.int64(23816), np.int64(42820), np.int64(6459), np.int64(26995), np.int64(22874), np.int64(9955), np.int64(31524), np.int64(35126), np.int64(24061), np.int64(43605), np.int64(11370), np.int64(3098), np.int64(15522), np.int64(8057), np.int64(36814), np.int64(22744), np.int64(6508), np.int64(21066), np.int64(25644), np.int64(46730), np.int64(47771), np.int64(19640), np.int64(45956), np.int64(10206), np.int64(20202), np.int64(11749), np.int64(35491), np.int64(33317), np.int64(11795), np.int64(14096), np.int64(20511))","(0, 0, 0, 1, 0, 0, 0, 0, 0, 0, 0, 0, 0, 0, 0, 1, 0, 0, 0, 1, 0, 0, 0, 0, 0, 0, 0, 0, 0, 0, 0, 0, 0, 1, 0, 1, 0, 0, 0, 1, 1, 0, 1, 1, 0, 0, 0, 0, 0, 0)"
1.603439,50,308.657625,0,"(np.int64(13733), np.int64(43954), np.int64(47692), np.int64(47677), np.int64(12375), np.int64(39677), np.int64(28709), np.int64(32930), np.int64(21308), np.int64(13932), np.int64(36284), np.int64(28254), np.int64(44005), np.int64(24965), np.int64(40233), np.int64(29752), np.int64(34568), np.int64(13035), np.int64(49817), np.int64(44853), np.int64(33218), np.int64(35354), np.int64(49754), np.int64(46431), np.int64(35236), np.int64(28381), np.int64(19414), np.int64(12336), np.int64(38847), np.int64(39823), np.int64(5550), np.int64(1716), np.int64(46287), np.int64(32764), np.int64(17650), np.int64(39573), np.int64(20363), np.int64(1725), np.int64(27346), np.int64(35815), np.int64(23615), np.int64(40831), np.int64(29172), np.int64(5514), np.int64(6298), np.int64(9888), np.int64(47021), np.int64(12783), np.int64(42019), np.int64(17826))","(0, 0, 0, 0, 0, 0, 0, 0, 1, 0, 0, 0, 0, 0, 0, 0, 0, 0, 0, 0, 0, 0, 0, 0, 0, 0, 0, 0, 0, 0, 0, 1, 0, 0, 0, 0, 0, 0, 0, 0, 0, 0, 0, 0, 0, 0, 0, 0, 0, 0)"
5.329377,50,309.147203,0,"(np.int64(7725), np.int64(19140), np.int64(3278), np.int64(18519), np.int64(42309), np.int64(28009), np.int64(13694), np.int64(13057), np.int64(16833), np.int64(32691), np.int64(12723), np.int64(45842), np.int64(1137), np.int64(49395), np.int64(29592), np.int64(35922), np.int64(43298), np.int64(13274), np.int64(15106), np.int64(26659), np.int64(48975), np.int64(29209), np.int64(8570), np.int64(29044), np.int64(1694), np.int64(27903), np.int64(7858), np.int64(31893), np.int64(7788), np.int64(44993), np.int64(17769), np.int64(14339), np.int64(17475), np.int64(32198), np.int64(7965), np.int64(48898), np.int64(39381), np.int64(27054), np.int64(13750), np.int64(39151), np.int64(14952), np.int64(49843), np.int64(28187), np.int64(8691), np.int64(38067), np.int64(14701), np.int64(46655), np.int64(23079), np.int64(12022), np.int64(23108))","(0, 1, 0, 0, 0, 0, 0, 0, 0, 0, 1, 0, 0, 0, 0, 1, 0, 0, 0, 0, 0, 0, 0, 0, 0, 0, 0, 0, 0, 0, 1, 0, 0, 1, 0, 1, 0, 0, 0, 0, 0, 0, 0, 0, 0, 0, 1, 0, 0, 0)"
2.214573,50,309.62771,0,"(np.int64(24006), np.int64(48642), np.int64(24591), np.int64(49851), np.int64(21099), np.int64(48948), np.int64(49084), np.int64(14601), np.int64(14554), np.int64(47101), np.int64(47909), np.int64(37493), np.int64(6944), np.int64(14877), np.int64(13796), np.int64(16159), np.int64(20726), np.int64(32511), np.int64(39227), np.int64(6888), np.int64(43670), np.int64(20828), np.int64(27214), np.int64(26853), np.int64(12502), np.int64(36778), np.int64(7903), np.int64(39045), np.int64(8645), np.int64(20391), np.int64(44226), np.int64(40321), np.int64(36870), np.int64(21504), np.int64(38854), np.int64(31032), np.int64(10322), np.int64(22052), np.int64(13121), np.int64(37641), np.int64(6779), np.int64(13457), np.int64(32222), np.int64(34953), np.int64(3389), np.int64(7244), np.int64(1906), np.int64(44223), np.int64(33262), np.int64(10162))","(1, 0, 0, 0, 0, 0, 0, 0, 0, 0, 0, 0, 0, 0, 0, 0, 0, 0, 0, 0, 0, 0, 1, 0, 0, 0, 0, 0, 0, 0, 0, 0, 0, 0, 1, 0, 0, 0, 0, 0, 0, 0, 0, 0, 0, 0, 0, 0, 0, 0)"
6.163616,50,316.75383,0,"(np.int64(21054), np.int64(1357), np.int64(24394), np.int64(44260), np.int64(45589), np.int64(18334), np.int64(3384), np.int64(14248), np.int64(10540), np.int64(43567), np.int64(33723), np.int64(13776), np.int64(11972), np.int64(19663), np.int64(23955), np.int64(42329), np.int64(15824), np.int64(45109), np.int64(19323), np.int64(47737), np.int64(35150), np.int64(17737), np.int64(28766), np.int64(2851), np.int64(13664), np.int64(8596), np.int64(33924), np.int64(38825), np.int64(38240), np.int64(17644), np.int64(27935), np.int64(17390), np.int64(42405), np.int64(19960), np.int64(40736), np.int64(46824), np.int64(22855), np.int64(32288), np.int64(6605), np.int64(3818), np.int64(29793), np.int64(31931), np.int64(33813), np.int64(5499), np.int64(10302), np.int64(9780), np.int64(46235), np.int64(42709), np.int64(37816), np.int64(49659))","(0, 1, 0, 0, 0, 1, 0, 0, 0, 1, 0, 0, 1, 0, 0, 0, 0, 0, 1, 0, 0, 0, 0, 0, 1, 0, 0, 0, 0, 0, 0, 0, 0, 0, 0, 0, 0, 0, 0, 0, 1, 0, 0, 0, 0, 0, 0, 0, 1, 0)"
3.354147,50,317.232796,0,"(np.int64(4789), np.int64(49640), np.int64(21454), np.int64(27318), np.int64(19946), np.int64(5051), np.int64(48788), np.int64(26923), np.int64(14445), np.int64(30474), np.int64(48559), np.int64(44357), np.int64(27350), np.int64(15291), np.int64(16482), np.int64(12958), np.int64(7290), np.int64(3951), np.int64(13325), np.int64(20344), np.int64(49474), np.int64(32473), np.int64(18116), np.int64(39941), np.int64(43855), np.int64(29480), np.int64(34595), np.int64(48035), np.int64(29303), np.int64(47617), np.int64(38106), np.int64(6530), np.int64(46841), np.int64(45226), np.int64(42965), np.int64(7452), np.int64(45882), np.int64(48146), np.int64(48242), np.int64(23198), np.int64(37424), np.int64(4807), np.int64(28794), np.int64(27341), np.int64(20348), np.int64(38696), np.int64(11198), np.int64(24573), np.int64(17103), np.int64(48141))","(1, 0, 0, 0, 0, 0, 0, 1, 0, 0, 0, 0, 0, 0, 0, 0, 0, 0, 0, 0, 0, 0, 0, 0, 0, 0, 0, 0, 0, 0, 0, 0, 0, 0, 0, 0, 0, 0, 0, 0, 0, 1, 0, 0, 0, 1, 0, 0, 1, 0)"
8.164688,50,317.703344,0,"(np.int64(41116), np.int64(9635), np.int64(14866), np.int64(43717), np.int64(21904), np.int64(44672), np.int64(42101), np.int64(41548), np.int64(28376), np.int64(29499), np.int64(11065), np.int64(16133), np.int64(13189), np.int64(35399), np.int64(25165), np.int64(25129), np.int64(38989), np.int64(32050), np.int64(28574), np.int64(11474), np.int64(35248), np.int64(16108), np.int64(30286), np.int64(39162), np.int64(24680), np.int64(27674), np.int64(43982), np.int64(16553), np.int64(47414), np.int64(38339), np.int64(36350), np.int64(45713), np.int64(41835), np.int64(3877), np.int64(5190), np.int64(9845), np.int64(33926), np.int64(36878), np.int64(11065), np.int64(450), np.int64(17424), np.int64(3786), np.int64(40515), np.int64(28825), np.int64(23537), np.int64(22483), np.int64(19828), np.int64(49002), np.int64(45397), np.int64(16426))","(0, 1, 0, 0, 0, 0, 0, 0, 0, 0, 1, 1, 1, 0, 1, 0, 1, 0, 1, 0, 0, 0, 0, 0, 1, 1, 0, 0, 0, 0, 1, 0, 0, 0, 0, 0, 0, 0, 1, 0, 0, 0, 0, 1, 0, 0, 0, 0, 0, 0)"
7.030645,50,318.170084,0,"(np.int64(15452), np.int64(22005), np.int64(22494), np.int64(19162), np.int64(14239), np.int64(24540), np.int64(44343), np.int64(48599), np.int64(17588), np.int64(6335), np.int64(34549), np.int64(6024), np.int64(6095), np.int64(3053), np.int64(6014), np.int64(5519), np.int64(17501), np.int64(11380), np.int64(13874), np.int64(30392), np.int64(9565), np.int64(26701), np.int64(17348), np.int64(41647), np.int64(13582), np.int64(30036), np.int64(6623), np.int64(13426), np.int64(3981), np.int64(46731), np.int64(8036), np.int64(1931), np.int64(28685), np.int64(47260), np.int64(4724), np.int64(47100), np.int64(24114), np.int64(6705), np.int64(42774), np.int64(29866), np.int64(24029), np.int64(44406), np.int64(33597), np.int64(13547), np.int64(3867), np.int64(36736), np.int64(42944), np.int64(2875), np.int64(28264), np.int64(14208))","(0, 0, 0, 0, 0, 0, 0, 0, 0, 0, 0, 1, 1, 0, 0, 0, 0, 1, 0, 0, 0, 0, 0, 0, 1, 0, 0, 1, 0, 0, 0, 0, 0, 0, 1, 0, 1, 1, 0, 0, 1, 0, 0, 0, 0, 0, 0, 0, 0, 0)"
3.276768,50,318.642336,0,"(np.int64(28069), np.int64(39280), np.int64(6227), np.int64(4563), np.int64(134), np.int64(25495), np.int64(8523), np.int64(10439), np.int64(46826), np.int64(10530), np.int64(5713), np.int64(34505), np.int64(16681), np.int64(23938), np.int64(30232), np.int64(27425), np.int64(44672), np.int64(46505), np.int64(557), np.int64(6232), np.int64(8271), np.int64(46955), np.int64(43392), np.int64(43877), np.int64(29778), np.int64(39378), np.int64(2061), np.int64(9317), np.int64(19769), np.int64(24799), np.int64(28744), np.int64(28862), np.int64(10426), np.int64(44194), np.int64(42493), np.int64(15029), np.int64(10078), np.int64(49783), np.int64(49024), np.int64(34243), np.int64(40744), np.int64(5821), np.int64(19795), np.int64(9287), np.int64(40220), np.int64(13271), np.int64(16823), np.int64(38399), np.int64(2561), np.int64(35936))","(0, 0, 1, 1, 0, 0, 0, 0, 0, 0, 0, 0, 0, 0, 0, 0, 0, 0, 0, 1, 0, 0, 0, 0, 0, 0, 0, 0, 0, 0, 1, 0, 0, 0, 0, 0, 0, 0, 0, 0, 0, 0, 0, 0, 0, 0, 0, 0, 0, 0)"
2.906852,50,319.126992,0,"(np.int64(39911), np.int64(36714), np.int64(1939), np.int64(9302), np.int64(48683), np.int64(10575), np.int64(2896), np.int64(43374), np.int64(32802), np.int64(48711), np.int64(1477), np.int64(24308), np.int64(22635), np.int64(33505), np.int64(4275), np.int64(39261), np.int64(49581), np.int64(2756), np.int64(13078), np.int64(32801), np.int64(9968), np.int64(45986), np.int64(27769), np.int64(41570), np.int64(7096), np.int64(38810), np.int64(42057), np.int64(26334), np.int64(33711), np.int64(15127), np.int64(43687), np.int64(35429), np.int64(34916), np.int64(18829), np.int64(20914), np.int64(43519), np.int64(39637), np.int64(34766), np.int64(11761), np.int64(19606), np.int64(31991), np.int64(11039), np.int64(4653), np.int64(10547), np.int64(25344), np.int64(37305), np.int64(32833), np.int64(6727), np.int64(49535), np.int64(25919))","(0, 0, 0, 0, 0, 0, 0, 0, 0, 0, 0, 0, 0, 0, 0, 0, 0, 0, 1, 0, 0, 0, 0, 1, 0, 0, 0, 1, 0, 0, 0, 0, 0, 0, 0, 0, 0, 0, 0, 0, 0, 1, 0, 0, 0, 0, 0, 0, 0, 0)"
3.029174,50,319.668015,0,"(np.int64(12912), np.int64(16701), np.int64(5810), np.int64(32239), np.int64(15097), np.int64(47225), np.int64(41543), np.int64(39361), np.int64(2672), np.int64(40892), np.int64(48277), np.int64(7289), np.int64(5364), np.int64(4833), np.int64(11944), np.int64(35353), np.int64(11429), np.int64(29298), np.int64(41619), np.int64(24650), np.int64(20578), np.int64(23041), np.int64(19418), np.int64(8086), np.int64(18976), np.int64(12429), np.int64(6805), np.int64(21570), np.int64(17992), np.int64(36659), np.int64(46006), np.int64(29273), np.int64(6365), np.int64(43199), np.int64(4482), np.int64(6604), np.int64(35120), np.int64(36793), np.int64(28097), np.int64(31830), np.int64(38492), np.int64(21021), np.int64(12833), np.int64(10769), np.int64(9016), np.int64(5125), np.int64(23550), np.int64(7787), np.int64(1253), np.int64(29809))","(0, 0, 0, 0, 0, 0, 0, 0, 0, 0, 0, 0, 0, 0, 0, 0, 0, 0, 0, 0, 0, 0, 0, 0, 1, 0, 0, 0, 0, 0, 0, 0, 0, 0, 0, 1, 0, 0, 0, 0, 0, 0, 0, 0, 0, 1, 0, 0, 1, 0)"
1.419916,50,320.13761,0,"(np.int64(22198), np.int64(36001), np.int64(39984), np.int64(43967), np.int64(9937), np.int64(16510), np.int64(48098), np.int64(3617), np.int64(49382), np.int64(49104), np.int64(8270), np.int64(443), np.int64(22434), np.int64(21286), np.int64(33721), np.int64(20437), np.int64(48810), np.int64(23699), np.int64(25507), np.int64(40751), np.int64(32519), np.int64(36918), np.int64(27861), np.int64(43553), np.int64(23812), np.int64(22115), np.int64(15844), np.int64(30298), np.int64(45835), np.int64(38418), np.int64(43660), np.int64(40934), np.int64(18156), np.int64(27949), np.int64(18972), np.int64(7821), np.int64(43571), np.int64(49471), np.int64(9885), np.int64(39163), np.int64(38904), np.int64(47845), np.int64(24118), np.int64(48213), np.int64(7864), np.int64(31456), np.int64(34622), np.int64(15584), np.int64(11623), np.int64(10888))","(0, 0, 0, 0, 0, 0, 0, 0, 0, 0, 0, 0, 0, 0, 0, 1, 1, 0, 0, 0, 0, 0, 0, 0, 0, 0, 0, 0, 0, 0, 0, 0, 0, 0, 0, 0, 0, 0, 0, 0, 0, 0, 0, 0, 0, 0, 0, 0, 0, 0)"
3.022845,50,320.638745,0,"(np.int64(39184), np.int64(20851), np.int64(48965), np.int64(3358), np.int64(45778), np.int64(44208), np.int64(19751), np.int64(29129), np.int64(21180), np.int64(12493), np.int64(10309), np.int64(43619), np.int64(32948), np.int64(855), np.int64(17783), np.int64(18110), np.int64(8890), np.int64(9998), np.int64(1558), np.int64(28959), np.int64(20100), np.int64(4625), np.int64(18638), np.int64(26065), np.int64(20120), np.int64(33682), np.int64(31400), np.int64(5480), np.int64(15021), np.int64(49969), np.int64(33359), np.int64(14590), np.int64(17557), np.int64(5966), np.int64(14963), np.int64(24626), np.int64(4022), np.int64(21357), np.int64(47436), np.int64(26803), np.int64(7328), np.int64(19957), np.int64(23802), np.int64(16448), np.int64(9891), np.int64(17078), np.int64(9458), np.int64(1587), np.int64(318), np.int64(35976))","(0, 0, 1, 0, 0, 0, 0, 0, 0, 0, 0, 0, 0, 0, 0, 0, 0, 0, 0, 0, 0, 0, 0, 1, 0, 0, 0, 0, 0, 0, 0, 0, 0, 0, 0, 0, 0, 0, 0, 0, 0, 1, 1, 0, 0, 0, 0, 0, 0, 0)"
1.498241,50,321.136818,0,"(np.int64(4788), np.int64(21854), np.int64(30971), np.int64(43235), np.int64(35608), np.int64(3643), np.int64(36651), np.int64(26390), np.int64(6208), np.int64(17511), np.int64(33360), np.int64(31422), np.int64(40898), np.int64(19527), np.int64(49303), np.int64(7379), np.int64(7908), np.int64(15288), np.int64(4927), np.int64(7635), np.int64(43402), np.int64(32237), np.int64(45341), np.int64(40407), np.int64(17931), np.int64(7494), np.int64(9252), np.int64(4638), np.int64(40187), np.int64(42342), np.int64(46294), np.int64(27217), np.int64(31293), np.int64(2746), np.int64(17649), np.int64(5546), np.int64(21224), np.int64(8412), np.int64(7409), np.int64(38739), np.int64(14362), np.int64(4642), np.int64(42950), np.int64(5002), np.int64(27355), np.int64(14389), np.int64(15707), np.int64(13972), np.int64(39272), np.int64(20197))","(0, 0, 0, 0, 0, 0, 0, 0, 0, 0, 0, 0, 1, 0, 0, 0, 0, 0, 0, 0, 0, 0, 0, 0, 0, 0, 0, 1, 0, 0, 0, 0, 0, 0, 0, 0, 0, 0, 0, 0, 0, 0, 0, 0, 0, 0, 0, 0, 0, 0)"
4.340051,50,321.619655,0,"(np.int64(455), np.int64(41335), np.int64(46113), np.int64(10114), np.int64(12059), np.int64(16546), np.int64(24743), np.int64(7416), np.int64(40763), np.int64(43514), np.int64(43841), np.int64(27110), np.int64(30428), np.int64(44010), np.int64(18075), np.int64(43494), np.int64(35629), np.int64(13033), np.int64(19801), np.int64(34001), np.int64(26032), np.int64(3899), np.int64(40898), np.int64(49881), np.int64(32546), np.int64(35013), np.int64(19834), np.int64(13933), np.int64(46462), np.int64(15028), np.int64(41260), np.int64(38757), np.int64(45210), np.int64(5100), np.int64(7285), np.int64(17036), np.int64(36153), np.int64(47833), np.int64(5456), np.int64(7957), np.int64(46297), np.int64(45851), np.int64(11036), np.int64(27628), np.int64(8197), np.int64(21847), np.int64(12383), np.int64(4227), np.int64(24365), np.int64(20298))","(0, 0, 0, 1, 0, 0, 0, 0, 0, 0, 0, 0, 0, 0, 0, 0, 0, 0, 0, 0, 0, 0, 1, 0, 0, 0, 0, 0, 0, 0, 0, 1, 0, 0, 0, 0, 0, 0, 0, 0, 0, 1, 1, 0, 0, 0, 0, 1, 0, 0)"
3.061287,50,322.140849,0,"(np.int64(41691), np.int64(47583), np.int64(9069), np.int64(41307), np.int64(9324), np.int64(48104), np.int64(27660), np.int64(14464), np.int64(36101), np.int64(450), np.int64(31606), np.int64(44092), np.int64(48746), np.int64(31931), np.int64(31541), np.int64(48322), np.int64(33095), np.int64(708), np.int64(24459), np.int64(15538), np.int64(13570), np.int64(17325), np.int64(35043), np.int64(47866), np.int64(10709), np.int64(13466), np.int64(14098), np.int64(3219), np.int64(24045), np.int64(16344), np.int64(44895), np.int64(48928), np.int64(2620), np.int64(35521), np.int64(8482), np.int64(26219), np.int64(39129), np.int64(2585), np.int64(42220), np.int64(7019), np.int64(29964), np.int64(1477), np.int64(18783), np.int64(48737), np.int64(15068), np.int64(494), np.int64(27820), np.int64(4728), np.int64(27176), np.int64(4637))","(0, 0, 0, 0, 0, 0, 0, 0, 0, 0, 0, 0, 0, 0, 0, 0, 0, 1, 0, 0, 0, 0, 1, 0, 0, 0, 0, 0, 0, 0, 0, 0, 0, 0, 1, 0, 0, 0, 0, 0, 0, 0, 0, 0, 0, 0, 0, 0, 0, 1)"
4.365894,50,322.64367,0,"(np.int64(6613), np.int64(24859), np.int64(14849), np.int64(48160), np.int64(48179), np.int64(47039), np.int64(24905), np.int64(2378), np.int64(45016), np.int64(14270), np.int64(5153), np.int64(28486), np.int64(46685), np.int64(26027), np.int64(8959), np.int64(1870), np.int64(30080), np.int64(42475), np.int64(38726), np.int64(17523), np.int64(45302), np.int64(31711), np.int64(25510), np.int64(42898), np.int64(47576), np.int64(44543), np.int64(24348), np.int64(28806), np.int64(24193), np.int64(22317), np.int64(44858), np.int64(46449), np.int64(47054), np.int64(33024), np.int64(27959), np.int64(2819), np.int64(6308), np.int64(1033), np.int64(40402), np.int64(19502), np.int64(12136), np.int64(34111), np.int64(47627), np.int64(11577), np.int64(30061), np.int64(9658), np.int64(40088), np.int64(33367), np.int64(12236), np.int64(27933))","(0, 0, 0, 0, 0, 0, 0, 0, 0, 1, 0, 0, 0, 0, 0, 0, 0, 0, 0, 0, 0, 0, 0, 0, 0, 0, 0, 0, 0, 0, 0, 0, 0, 0, 0, 0, 0, 0, 1, 0, 0, 0, 0, 0, 1, 1, 1, 0, 0, 1)"
3.8182,50,323.13118,0,"(np.int64(40298), np.int64(16319), np.int64(8639), np.int64(12939), np.int64(20969), np.int64(46026), np.int64(31161), np.int64(3484), np.int64(38834), np.int64(5887), np.int64(7303), np.int64(20011), np.int64(3441), np.int64(35886), np.int64(15540), np.int64(20247), np.int64(17812), np.int64(23975), np.int64(48831), np.int64(8069), np.int64(25643), np.int64(41763), np.int64(4467), np.int64(28634), np.int64(41003), np.int64(18610), np.int64(16001), np.int64(1451), np.int64(3627), np.int64(1840), np.int64(13463), np.int64(39062), np.int64(800), np.int64(31322), np.int64(48063), np.int64(344), np.int64(13541), np.int64(8432), np.int64(29203), np.int64(23921), np.int64(39809), np.int64(4254), np.int64(18549), np.int64(28800), np.int64(2398), np.int64(35369), np.int64(45126), np.int64(11669), np.int64(28694), np.int64(29496))","(0, 0, 0, 0, 0, 0, 0, 0, 0, 1, 0, 0, 0, 0, 1, 0, 1, 0, 0, 0, 0, 0, 0, 0, 0, 0, 0, 0, 0, 0, 0, 0, 0, 0, 0, 0, 0, 0, 0, 0, 0, 1, 0, 0, 0, 0, 0, 1, 0, 0)"
3.314658,50,323.641717,0,"(np.int64(43927), np.int64(23932), np.int64(4805), np.int64(25074), np.int64(29341), np.int64(27941), np.int64(33567), np.int64(49030), np.int64(30192), np.int64(25898), np.int64(13530), np.int64(40696), np.int64(41247), np.int64(4929), np.int64(29093), np.int64(167), np.int64(41648), np.int64(40493), np.int64(12756), np.int64(29431), np.int64(3633), np.int64(16383), np.int64(16242), np.int64(30651), np.int64(11125), np.int64(2552), np.int64(48186), np.int64(24640), np.int64(40868), np.int64(6264), np.int64(8054), np.int64(2018), np.int64(15469), np.int64(40064), np.int64(3884), np.int64(33572), np.int64(26436), np.int64(10658), np.int64(41905), np.int64(30674), np.int64(26824), np.int64(2136), np.int64(43763), np.int64(44855), np.int64(36210), np.int64(33307), np.int64(35169), np.int64(14444), np.int64(17038), np.int64(5792))","(0, 1, 0, 0, 0, 0, 0, 0, 0, 0, 0, 0, 0, 0, 1, 0, 0, 0, 0, 0, 0, 0, 0, 0, 0, 0, 0, 0, 0, 0, 0, 1, 0, 0, 1, 0, 0, 0, 0, 0, 0, 0, 0, 0, 0, 0, 0, 0, 0, 0)"
8.415478,50,324.144156,0,"(np.int64(4949), np.int64(11622), np.int64(14481), np.int64(26613), np.int64(23208), np.int64(17871), np.int64(25639), np.int64(14652), np.int64(234), np.int64(30126), np.int64(15978), np.int64(38295), np.int64(19573), np.int64(38464), np.int64(23032), np.int64(33261), np.int64(6604), np.int64(1220), np.int64(22089), np.int64(49248), np.int64(12510), np.int64(32092), np.int64(14849), np.int64(23365), np.int64(33303), np.int64(30607), np.int64(32283), np.int64(45347), np.int64(6747), np.int64(38753), np.int64(36501), np.int64(40217), np.int64(14870), np.int64(1900), np.int64(34611), np.int64(7883), np.int64(14305), np.int64(16784), np.int64(17605), np.int64(3833), np.int64(11205), np.int64(33183), np.int64(47996), np.int64(38664), np.int64(16313), np.int64(13316), np.int64(49353), np.int64(6501), np.int64(11893), np.int64(44026))","(0, 0, 0, 0, 0, 0, 1, 0, 0, 0, 0, 0, 0, 0, 0, 0, 1, 0, 0, 0, 1, 0, 0, 1, 0, 0, 0, 0, 0, 1, 1, 0, 0, 0, 0, 0, 1, 1, 1, 1, 0, 0, 0, 0, 0, 0, 0, 0, 1, 0)"
4.283026,50,324.644888,0,"(np.int64(38969), np.int64(48666), np.int64(24634), np.int64(22665), np.int64(10733), np.int64(34958), np.int64(15013), np.int64(31455), np.int64(14212), np.int64(7496), np.int64(23175), np.int64(42524), np.int64(21852), np.int64(5976), np.int64(35027), np.int64(41883), np.int64(26385), np.int64(41602), np.int64(46744), np.int64(39217), np.int64(8015), np.int64(43081), np.int64(5108), np.int64(30512), np.int64(44908), np.int64(38579), np.int64(23280), np.int64(21225), np.int64(11071), np.int64(25873), np.int64(31069), np.int64(31688), np.int64(33441), np.int64(26710), np.int64(14781), np.int64(32116), np.int64(46996), np.int64(6646), np.int64(46553), np.int64(28324), np.int64(42309), np.int64(41032), np.int64(4103), np.int64(46663), np.int64(16132), np.int64(31733), np.int64(22698), np.int64(36797), np.int64(14718), np.int64(4389))","(1, 0, 0, 0, 0, 0, 0, 0, 0, 0, 0, 0, 0, 1, 0, 0, 0, 1, 0, 0, 0, 0, 0, 0, 0, 0, 0, 0, 0, 0, 1, 0, 0, 0, 0, 0, 0, 0, 1, 0, 0, 0, 0, 0, 0, 0, 0, 0, 1, 0)"
6.110303,50,325.124405,0,"(np.int64(32643), np.int64(49260), np.int64(8536), np.int64(23301), np.int64(41201), np.int64(27924), np.int64(35410), np.int64(46190), np.int64(46134), np.int64(27825), np.int64(17982), np.int64(44920), np.int64(46864), np.int64(8575), np.int64(23187), np.int64(38354), np.int64(14643), np.int64(9820), np.int64(20147), np.int64(23861), np.int64(31891), np.int64(3461), np.int64(31395), np.int64(24109), np.int64(13484), np.int64(12486), np.int64(11975), np.int64(10398), np.int64(21746), np.int64(37242), np.int64(11247), np.int64(8776), np.int64(5877), np.int64(33388), np.int64(10183), np.int64(26363), np.int64(43255), np.int64(43190), np.int64(17654), np.int64(20660), np.int64(22536), np.int64(29920), np.int64(12322), np.int64(4241), np.int64(45829), np.int64(28253), np.int64(47242), np.int64(19101), np.int64(22887), np.int64(46833))","(0, 0, 0, 0, 0, 0, 0, 0, 0, 0, 0, 0, 0, 0, 0, 0, 1, 0, 0, 0, 0, 0, 0, 0, 0, 0, 0, 1, 0, 0, 1, 0, 0, 1, 1, 1, 0, 0, 0, 1, 0, 0, 0, 1, 0, 0, 0, 0, 0, 0)"
4.094932,50,325.601413,0,"(np.int64(44850), np.int64(34785), np.int64(36077), np.int64(39381), np.int64(1276), np.int64(49684), np.int64(18505), np.int64(39650), np.int64(45210), np.int64(33044), np.int64(42156), np.int64(23508), np.int64(23358), np.int64(32636), np.int64(47749), np.int64(48697), np.int64(45301), np.int64(21822), np.int64(18820), np.int64(31503), np.int64(23589), np.int64(27060), np.int64(23278), np.int64(47989), np.int64(43025), np.int64(30066), np.int64(12948), np.int64(7359), np.int64(4785), np.int64(21173), np.int64(44306), np.int64(973), np.int64(3719), np.int64(18138), np.int64(43411), np.int64(22861), np.int64(13374), np.int64(42662), np.int64(16844), np.int64(35050), np.int64(32848), np.int64(10122), np.int64(32808), np.int64(49366), np.int64(32961), np.int64(4851), np.int64(1957), np.int64(10947), np.int64(28301), np.int64(38238))","(0, 0, 0, 0, 0, 0, 0, 1, 0, 0, 0, 0, 1, 0, 0, 0, 0, 0, 0, 0, 1, 0, 1, 0, 0, 0, 0, 0, 0, 0, 0, 0, 1, 0, 0, 0, 0, 0, 0, 0, 0, 0, 1, 0, 0, 0, 0, 0, 0, 0)"
1.417619,50,326.252279,0,"(np.int64(29159), np.int64(40413), np.int64(6207), np.int64(22184), np.int64(23956), np.int64(35371), np.int64(42264), np.int64(47320), np.int64(27876), np.int64(4657), np.int64(38634), np.int64(8783), np.int64(35947), np.int64(38706), np.int64(18031), np.int64(48788), np.int64(35218), np.int64(30095), np.int64(21460), np.int64(20267), np.int64(34072), np.int64(48377), np.int64(5349), np.int64(16485), np.int64(45075), np.int64(26947), np.int64(41206), np.int64(4150), np.int64(20936), np.int64(43364), np.int64(40777), np.int64(40620), np.int64(45850), np.int64(44926), np.int64(44846), np.int64(37933), np.int64(7588), np.int64(37407), np.int64(38069), np.int64(28560), np.int64(30229), np.int64(25255), np.int64(44777), np.int64(45757), np.int64(9750), np.int64(595), np.int64(18727), np.int64(22738), np.int64(29828), np.int64(3244))","(0, 0, 0, 0, 0, 0, 1, 0, 0, 0, 0, 0, 0, 0, 0, 0, 0, 0, 0, 0, 0, 0, 0, 0, 0, 0, 0, 0, 0, 0, 0, 0, 0, 0, 0, 0, 0, 0, 0, 0, 0, 0, 0, 0, 1, 0, 0, 0, 0, 0)"
4.48537,50,326.776774,0,"(np.int64(16877), np.int64(2453), np.int64(28528), np.int64(5057), np.int64(10822), np.int64(13496), np.int64(11605), np.int64(9261), np.int64(28940), np.int64(3164), np.int64(15454), np.int64(22604), np.int64(31254), np.int64(29649), np.int64(16968), np.int64(36735), np.int64(9004), np.int64(30136), np.int64(6735), np.int64(11444), np.int64(48971), np.int64(30235), np.int64(5980), np.int64(9549), np.int64(2743), np.int64(47641), np.int64(17787), np.int64(9255), np.int64(32316), np.int64(25630), np.int64(3248), np.int64(40106), np.int64(27623), np.int64(36406), np.int64(20941), np.int64(18933), np.int64(44674), np.int64(5901), np.int64(38905), np.int64(22265), np.int64(12319), np.int64(16873), np.int64(40820), np.int64(27928), np.int64(49953), np.int64(19449), np.int64(24063), np.int64(29016), np.int64(25444), np.int64(34556))","(0, 0, 0, 1, 0, 0, 0, 0, 0, 0, 0, 0, 1, 0, 0, 0, 0, 0, 0, 1, 1, 0, 0, 1, 0, 0, 0, 0, 0, 0, 0, 0, 0, 0, 0, 0, 0, 0, 0, 0, 1, 0, 0, 0, 0, 0, 0, 0, 0, 0)"
4.720438,50,327.268576,0,"(np.int64(31921), np.int64(43343), np.int64(24376), np.int64(28781), np.int64(44734), np.int64(4644), np.int64(23202), np.int64(9674), np.int64(40405), np.int64(15355), np.int64(43244), np.int64(5702), np.int64(21992), np.int64(8294), np.int64(5994), np.int64(20816), np.int64(4518), np.int64(4026), np.int64(6957), np.int64(4123), np.int64(29908), np.int64(27465), np.int64(18428), np.int64(43307), np.int64(9159), np.int64(432), np.int64(42217), np.int64(31533), np.int64(19500), np.int64(47920), np.int64(18348), np.int64(49504), np.int64(45183), np.int64(10966), np.int64(18754), np.int64(2126), np.int64(35410), np.int64(18747), np.int64(37092), np.int64(47095), np.int64(38210), np.int64(43689), np.int64(21714), np.int64(30507), np.int64(2477), np.int64(40850), np.int64(10987), np.int64(38827), np.int64(42006), np.int64(36537))","(1, 0, 0, 0, 0, 1, 0, 0, 0, 1, 0, 0, 0, 0, 0, 0, 0, 0, 1, 0, 0, 0, 0, 0, 0, 0, 0, 0, 1, 0, 0, 0, 0, 1, 0, 0, 0, 0, 0, 0, 0, 0, 0, 0, 0, 0, 0, 0, 0, 0)"
5.886612,50,327.753725,0,"(np.int64(48567), np.int64(3837), np.int64(31026), np.int64(43994), np.int64(9961), np.int64(15700), np.int64(19936), np.int64(2062), np.int64(44485), np.int64(8828), np.int64(5995), np.int64(29676), np.int64(46928), np.int64(22730), np.int64(36792), np.int64(46859), np.int64(39691), np.int64(48447), np.int64(40032), np.int64(5430), np.int64(36644), np.int64(15009), np.int64(1185), np.int64(46185), np.int64(15654), np.int64(240), np.int64(11660), np.int64(32009), np.int64(35719), np.int64(47854), np.int64(17026), np.int64(1087), np.int64(16678), np.int64(5947), np.int64(38969), np.int64(19112), np.int64(27607), np.int64(5918), np.int64(22653), np.int64(47532), np.int64(35148), np.int64(6644), np.int64(27666), np.int64(37481), np.int64(19546), np.int64(308), np.int64(43228), np.int64(48841), np.int64(38128), np.int64(31695))","(0, 0, 0, 0, 0, 0, 0, 1, 0, 1, 0, 1, 0, 0, 1, 0, 0, 0, 0, 0, 0, 1, 0, 0, 0, 1, 0, 0, 0, 0, 0, 0, 0, 0, 1, 0, 0, 0, 0, 0, 0, 0, 0, 0, 0, 0, 0, 0, 0, 1)"
6.775941,50,328.258392,0,"(np.int64(21560), np.int64(16549), np.int64(40302), np.int64(5193), np.int64(9682), np.int64(46331), np.int64(20909), np.int64(46950), np.int64(1581), np.int64(12377), np.int64(33445), np.int64(40127), np.int64(31792), np.int64(8679), np.int64(11715), np.int64(26227), np.int64(12745), np.int64(43381), np.int64(4867), np.int64(24719), np.int64(72), np.int64(42709), np.int64(29091), np.int64(26109), np.int64(29706), np.int64(5149), np.int64(4967), np.int64(29763), np.int64(2298), np.int64(2439), np.int64(48541), np.int64(36121), np.int64(11565), np.int64(22174), np.int64(18624), np.int64(19332), np.int64(23791), np.int64(2494), np.int64(41720), np.int64(45874), np.int64(17034), np.int64(42937), np.int64(284), np.int64(6239), np.int64(42153), np.int64(20877), np.int64(41914), np.int64(10650), np.int64(24184), np.int64(29965))","(1, 0, 0, 1, 0, 0, 0, 0, 0, 0, 0, 0, 1, 0, 1, 0, 0, 0, 0, 0, 1, 0, 1, 0, 0, 0, 0, 1, 1, 0, 0, 0, 0, 0, 0, 0, 0, 0, 1, 0, 0, 0, 0, 0, 0, 0, 0, 0, 0, 0)"
6.994239,50,328.738934,0,"(np.int64(12198), np.int64(19953), np.int64(6318), np.int64(38576), np.int64(25106), np.int64(27798), np.int64(30228), np.int64(37662), np.int64(33850), np.int64(11366), np.int64(21377), np.int64(47920), np.int64(33111), np.int64(22334), np.int64(27394), np.int64(16858), np.int64(40349), np.int64(25173), np.int64(1317), np.int64(33082), np.int64(44475), np.int64(18805), np.int64(2839), np.int64(1823), np.int64(1487), np.int64(3580), np.int64(10579), np.int64(40297), np.int64(24417), np.int64(24859), np.int64(18347), np.int64(20058), np.int64(13630), np.int64(19432), np.int64(18481), np.int64(23671), np.int64(12820), np.int64(37736), np.int64(23214), np.int64(39412), np.int64(47716), np.int64(33918), np.int64(7881), np.int64(915), np.int64(38311), np.int64(35243), np.int64(24912), np.int64(28011), np.int64(7429), np.int64(6918))","(0, 0, 1, 0, 0, 0, 0, 0, 0, 0, 1, 0, 0, 0, 0, 0, 0, 0, 0, 0, 0, 0, 0, 0, 0, 0, 1, 0, 0, 0, 0, 0, 1, 0, 0, 0, 1, 0, 0, 0, 0, 0, 0, 1, 1, 0, 0, 0, 1, 1)"
4.320217,50,329.234949,0,"(np.int64(8229), np.int64(16242), np.int64(17498), np.int64(3655), np.int64(43653), np.int64(18740), np.int64(49621), np.int64(17363), np.int64(4538), np.int64(288), np.int64(47803), np.int64(34532), np.int64(44223), np.int64(17050), np.int64(7939), np.int64(9692), np.int64(49525), np.int64(35013), np.int64(10377), np.int64(22019), np.int64(45756), np.int64(106), np.int64(11321), np.int64(43188), np.int64(25510), np.int64(47659), np.int64(34320), np.int64(46578), np.int64(28662), np.int64(28508), np.int64(20004), np.int64(32426), np.int64(41303), np.int64(39338), np.int64(19534), np.int64(35349), np.int64(34372), np.int64(37065), np.int64(48634), np.int64(25205), np.int64(49870), np.int64(5584), np.int64(9585), np.int64(3040), np.int64(9867), np.int64(39761), np.int64(38782), np.int64(37113), np.int64(35576), np.int64(31667))","(0, 0, 0, 0, 0, 0, 0, 1, 0, 0, 0, 0, 0, 0, 1, 1, 0, 0, 0, 0, 0, 0, 0, 0, 0, 0, 0, 0, 0, 0, 1, 0, 0, 1, 0, 0, 0, 0, 0, 0, 0, 0, 0, 0, 1, 0, 0, 0, 0, 0)"
3.721111,50,329.74655,0,"(np.int64(16869), np.int64(27647), np.int64(1352), np.int64(47148), np.int64(11135), np.int64(24426), np.int64(48423), np.int64(49276), np.int64(21645), np.int64(29679), np.int64(32977), np.int64(1750), np.int64(39649), np.int64(17291), np.int64(49675), np.int64(48109), np.int64(16374), np.int64(34215), np.int64(40027), np.int64(16108), np.int64(32626), np.int64(14720), np.int64(19828), np.int64(49713), np.int64(46488), np.int64(40145), np.int64(12951), np.int64(13193), np.int64(707), np.int64(21921), np.int64(16747), np.int64(44749), np.int64(21777), np.int64(12496), np.int64(7935), np.int64(15916), np.int64(696), np.int64(40704), np.int64(46841), np.int64(9475), np.int64(25170), np.int64(39243), np.int64(23909), np.int64(39034), np.int64(15225), np.int64(37498), np.int64(26003), np.int64(9890), np.int64(31322), np.int64(225))","(1, 0, 0, 0, 0, 0, 0, 0, 0, 0, 0, 0, 0, 0, 0, 0, 1, 0, 0, 0, 0, 0, 0, 0, 1, 0, 0, 0, 0, 0, 0, 0, 0, 0, 0, 0, 0, 0, 0, 0, 0, 1, 0, 0, 0, 1, 0, 0, 0, 0)"
3.852795,50,330.254511,0,"(np.int64(21861), np.int64(10187), np.int64(32369), np.int64(32875), np.int64(6324), np.int64(37201), np.int64(23415), np.int64(30470), np.int64(34159), np.int64(7033), np.int64(36594), np.int64(19727), np.int64(23748), np.int64(8911), np.int64(32591), np.int64(35772), np.int64(24840), np.int64(17018), np.int64(9900), np.int64(27555), np.int64(41753), np.int64(39486), np.int64(27420), np.int64(32642), np.int64(49793), np.int64(7651), np.int64(27645), np.int64(14794), np.int64(13089), np.int64(21797), np.int64(21675), np.int64(33805), np.int64(48820), np.int64(623), np.int64(25513), np.int64(46268), np.int64(4170), np.int64(29920), np.int64(22040), np.int64(45637), np.int64(16044), np.int64(40384), np.int64(18319), np.int64(42563), np.int64(11323), np.int64(3994), np.int64(23117), np.int64(50011), np.int64(4048), np.int64(45317))","(1, 0, 0, 0, 1, 0, 0, 0, 0, 0, 0, 0, 0, 0, 0, 0, 0, 0, 0, 0, 0, 0, 0, 0, 0, 0, 0, 1, 0, 0, 1, 0, 0, 0, 0, 0, 0, 0, 0, 0, 1, 0, 0, 0, 0, 0, 0, 0, 0, 0)"
2.172555,50,330.741384,0,"(np.int64(47422), np.int64(27892), np.int64(3090), np.int64(9194), np.int64(5488), np.int64(36559), np.int64(458), np.int64(42766), np.int64(3377), np.int64(29721), np.int64(4109), np.int64(21911), np.int64(27893), np.int64(33420), np.int64(36095), np.int64(36), np.int64(22952), np.int64(24103), np.int64(39510), np.int64(32201), np.int64(13740), np.int64(43211), np.int64(48935), np.int64(43537), np.int64(27734), np.int64(49861), np.int64(13354), np.int64(30256), np.int64(33248), np.int64(21813), np.int64(49627), np.int64(22508), np.int64(37848), np.int64(29359), np.int64(29882), np.int64(8453), np.int64(37629), np.int64(35529), np.int64(25102), np.int64(8392), np.int64(22911), np.int64(41226), np.int64(41348), np.int64(22372), np.int64(25936), np.int64(21599), np.int64(32848), np.int64(13200), np.int64(29064), np.int64(5803))","(0, 0, 0, 0, 0, 0, 0, 0, 1, 0, 0, 0, 0, 0, 0, 0, 0, 0, 0, 0, 0, 0, 0, 0, 0, 0, 0, 0, 0, 0, 0, 0, 0, 1, 0, 0, 0, 0, 0, 0, 0, 1, 0, 0, 0, 0, 0, 0, 0, 0)"
4.363123,50,331.237205,0,"(np.int64(8709), np.int64(10365), np.int64(41341), np.int64(21993), np.int64(27797), np.int64(41226), np.int64(38130), np.int64(4788), np.int64(10142), np.int64(20577), np.int64(40508), np.int64(35128), np.int64(10132), np.int64(36181), np.int64(40609), np.int64(35224), np.int64(16662), np.int64(18744), np.int64(18644), np.int64(22430), np.int64(13445), np.int64(29012), np.int64(12392), np.int64(18954), np.int64(45178), np.int64(39612), np.int64(48538), np.int64(2702), np.int64(16168), np.int64(41964), np.int64(36054), np.int64(28920), np.int64(3464), np.int64(34699), np.int64(18769), np.int64(29198), np.int64(11741), np.int64(30779), np.int64(45656), np.int64(5891), np.int64(29051), np.int64(33363), np.int64(23071), np.int64(33758), np.int64(24009), np.int64(11475), np.int64(1506), np.int64(21352), np.int64(21688), np.int64(32414))","(0, 0, 0, 0, 0, 1, 0, 0, 0, 1, 0, 0, 0, 1, 0, 0, 0, 0, 0, 0, 0, 1, 0, 0, 0, 0, 0, 0, 0, 0, 0, 0, 1, 0, 0, 0, 0, 0, 0, 0, 0, 0, 0, 0, 0, 0, 0, 1, 0, 0)"
3.913779,50,331.718035,0,"(np.int64(19135), np.int64(26886), np.int64(15420), np.int64(49542), np.int64(40501), np.int64(6862), np.int64(17300), np.int64(44979), np.int64(13599), np.int64(8729), np.int64(40034), np.int64(587), np.int64(45905), np.int64(20653), np.int64(17687), np.int64(22674), np.int64(49457), np.int64(12691), np.int64(36303), np.int64(21840), np.int64(35961), np.int64(8278), np.int64(8233), np.int64(30965), np.int64(41039), np.int64(7258), np.int64(8438), np.int64(7569), np.int64(38594), np.int64(49582), np.int64(15376), np.int64(6142), np.int64(8754), np.int64(37754), np.int64(23555), np.int64(1130), np.int64(18307), np.int64(25945), np.int64(37542), np.int64(1279), np.int64(26640), np.int64(38615), np.int64(44190), np.int64(16421), np.int64(2346), np.int64(41484), np.int64(4966), np.int64(7560), np.int64(28724), np.int64(34136))","(0, 0, 0, 0, 0, 0, 0, 0, 0, 0, 0, 1, 0, 0, 0, 0, 0, 0, 0, 0, 0, 1, 0, 0, 0, 0, 0, 0, 0, 0, 0, 0, 1, 0, 0, 0, 0, 0, 0, 0, 0, 0, 0, 0, 1, 0, 0, 1, 0, 0)"
5.374097,50,332.217359,0,"(np.int64(16307), np.int64(26634), np.int64(22306), np.int64(1308), np.int64(22049), np.int64(37538), np.int64(38876), np.int64(10802), np.int64(791), np.int64(23521), np.int64(33103), np.int64(44348), np.int64(26355), np.int64(47725), np.int64(36102), np.int64(46693), np.int64(34783), np.int64(10349), np.int64(12547), np.int64(15966), np.int64(31151), np.int64(13400), np.int64(33918), np.int64(11177), np.int64(24077), np.int64(4745), np.int64(16206), np.int64(37558), np.int64(39422), np.int64(35212), np.int64(28966), np.int64(31583), np.int64(29587), np.int64(34390), np.int64(17355), np.int64(702), np.int64(37841), np.int64(17378), np.int64(23878), np.int64(38515), np.int64(11405), np.int64(40727), np.int64(29114), np.int64(25254), np.int64(37653), np.int64(24254), np.int64(8019), np.int64(22914), np.int64(21323), np.int64(498))","(0, 0, 0, 1, 0, 0, 1, 0, 0, 0, 0, 0, 0, 0, 0, 1, 0, 1, 1, 0, 0, 0, 0, 0, 0, 0, 0, 0, 0, 0, 0, 0, 0, 0, 1, 0, 0, 0, 0, 0, 0, 0, 0, 0, 0, 0, 0, 0, 0, 1)"
3.111566,50,332.711742,0,"(np.int64(48233), np.int64(17887), np.int64(18281), np.int64(5521), np.int64(29045), np.int64(40208), np.int64(39599), np.int64(14439), np.int64(8813), np.int64(43719), np.int64(18031), np.int64(30091), np.int64(40572), np.int64(25389), np.int64(1588), np.int64(23503), np.int64(38399), np.int64(49937), np.int64(6022), np.int64(33868), np.int64(39527), np.int64(42950), np.int64(37530), np.int64(24800), np.int64(18401), np.int64(34554), np.int64(33037), np.int64(23851), np.int64(39985), np.int64(15227), np.int64(44915), np.int64(11078), np.int64(48396), np.int64(27821), np.int64(15592), np.int64(2329), np.int64(35177), np.int64(35124), np.int64(21431), np.int64(27343), np.int64(25625), np.int64(12422), np.int64(42940), np.int64(13882), np.int64(14849), np.int64(18267), np.int64(28665), np.int64(20865), np.int64(19989), np.int64(34664))","(0, 0, 0, 0, 0, 0, 0, 1, 0, 0, 0, 0, 0, 0, 0, 0, 0, 0, 0, 0, 0, 0, 0, 0, 0, 0, 1, 0, 0, 0, 0, 0, 0, 0, 0, 0, 0, 0, 1, 0, 0, 0, 0, 0, 0, 0, 1, 0, 0, 0)"
2.266734,50,333.183639,0,"(np.int64(21650), np.int64(39366), np.int64(45362), np.int64(49975), np.int64(31452), np.int64(24745), np.int64(49726), np.int64(6613), np.int64(34080), np.int64(45012), np.int64(4514), np.int64(23298), np.int64(48977), np.int64(614), np.int64(46262), np.int64(23835), np.int64(12841), np.int64(21614), np.int64(18268), np.int64(42342), np.int64(37162), np.int64(10597), np.int64(32531), np.int64(1182), np.int64(21334), np.int64(21672), np.int64(46308), np.int64(40468), np.int64(21585), np.int64(5467), np.int64(11357), np.int64(39533), np.int64(48601), np.int64(32779), np.int64(12249), np.int64(21530), np.int64(29913), np.int64(29951), np.int64(22382), np.int64(39305), np.int64(28342), np.int64(45309), np.int64(257), np.int64(10957), np.int64(42713), np.int64(38075), np.int64(31673), np.int64(3350), np.int64(18341), np.int64(24649))","(0, 0, 0, 0, 0, 0, 0, 0, 0, 0, 0, 0, 0, 0, 0, 0, 0, 0, 0, 0, 0, 0, 0, 0, 0, 0, 0, 0, 0, 0, 0, 0, 0, 0, 1, 0, 0, 0, 0, 0, 0, 0, 0, 1, 0, 0, 0, 0, 1, 0)"
7.025477,50,333.657513,0,"(np.int64(418), np.int64(16418), np.int64(20314), np.int64(16555), np.int64(45200), np.int64(35624), np.int64(10013), np.int64(9690), np.int64(32578), np.int64(22626), np.int64(42243), np.int64(40643), np.int64(10419), np.int64(10798), np.int64(3998), np.int64(44842), np.int64(28897), np.int64(43665), np.int64(37835), np.int64(27167), np.int64(19757), np.int64(1805), np.int64(19887), np.int64(15054), np.int64(15039), np.int64(1764), np.int64(45209), np.int64(44683), np.int64(7942), np.int64(38060), np.int64(12537), np.int64(6897), np.int64(46823), np.int64(48660), np.int64(12952), np.int64(2463), np.int64(33353), np.int64(14201), np.int64(23261), np.int64(22311), np.int64(31816), np.int64(37110), np.int64(6076), np.int64(47160), np.int64(5399), np.int64(18857), np.int64(44193), np.int64(1287), np.int64(6590), np.int64(45544))","(0, 0, 0, 0, 0, 0, 0, 1, 0, 0, 0, 0, 0, 1, 1, 0, 0, 1, 0, 1, 0, 0, 0, 0, 0, 0, 0, 0, 0, 0, 1, 0, 0, 1, 0, 1, 0, 0, 0, 0, 0, 0, 0, 0, 1, 0, 0, 0, 0, 0)"
4.844597,50,334.142853,0,"(np.int64(8517), np.int64(31118), np.int64(34134), np.int64(7061), np.int64(43775), np.int64(27254), np.int64(5994), np.int64(833), np.int64(38068), np.int64(23834), np.int64(25132), np.int64(12139), np.int64(41406), np.int64(31295), np.int64(26381), np.int64(8004), np.int64(3462), np.int64(30492), np.int64(4629), np.int64(22818), np.int64(34877), np.int64(26170), np.int64(31966), np.int64(20492), np.int64(17627), np.int64(30262), np.int64(10288), np.int64(10126), np.int64(25062), np.int64(49606), np.int64(17600), np.int64(16075), np.int64(1519), np.int64(3058), np.int64(42711), np.int64(27887), np.int64(20680), np.int64(32624), np.int64(38992), np.int64(28879), np.int64(49674), np.int64(4545), np.int64(8836), np.int64(19033), np.int64(49429), np.int64(21915), np.int64(18511), np.int64(16095), np.int64(27163), np.int64(7475))","(0, 0, 0, 1, 0, 0, 0, 1, 0, 0, 0, 0, 0, 1, 0, 0, 0, 0, 0, 0, 0, 0, 0, 0, 0, 0, 0, 1, 0, 0, 0, 1, 0, 0, 0, 0, 0, 0, 0, 0, 0, 0, 0, 0, 0, 0, 1, 0, 0, 0)"
4.001302,50,334.64557,0,"(np.int64(14635), np.int64(4388), np.int64(12074), np.int64(4078), np.int64(180), np.int64(37302), np.int64(37197), np.int64(15057), np.int64(20994), np.int64(5592), np.int64(41406), np.int64(9868), np.int64(38859), np.int64(17862), np.int64(43318), np.int64(38158), np.int64(10333), np.int64(25704), np.int64(44280), np.int64(35642), np.int64(24829), np.int64(824), np.int64(4502), np.int64(33822), np.int64(24427), np.int64(28170), np.int64(18651), np.int64(38254), np.int64(48250), np.int64(12023), np.int64(28227), np.int64(12218), np.int64(28019), np.int64(15775), np.int64(36697), np.int64(4289), np.int64(185), np.int64(43455), np.int64(1774), np.int64(37084), np.int64(45377), np.int64(6317), np.int64(10394), np.int64(40732), np.int64(12946), np.int64(44434), np.int64(30890), np.int64(9511), np.int64(5403), np.int64(47004))","(0, 0, 0, 0, 0, 0, 0, 1, 0, 0, 0, 0, 0, 1, 0, 0, 0, 0, 0, 0, 0, 0, 1, 0, 0, 0, 0, 0, 0, 0, 0, 0, 0, 0, 0, 0, 0, 0, 0, 0, 0, 1, 0, 0, 0, 0, 0, 0, 1, 0)"
5.469383,50,335.14013,0,"(np.int64(19426), np.int64(21043), np.int64(32785), np.int64(45832), np.int64(43040), np.int64(7541), np.int64(39879), np.int64(898), np.int64(18994), np.int64(15212), np.int64(6121), np.int64(29221), np.int64(4732), np.int64(29624), np.int64(27598), np.int64(37947), np.int64(45982), np.int64(13890), np.int64(30413), np.int64(24423), np.int64(11073), np.int64(12160), np.int64(11173), np.int64(14548), np.int64(30429), np.int64(43803), np.int64(34561), np.int64(26318), np.int64(28091), np.int64(6236), np.int64(4370), np.int64(41600), np.int64(29263), np.int64(34853), np.int64(7542), np.int64(28087), np.int64(49319), np.int64(12487), np.int64(18979), np.int64(33078), np.int64(36786), np.int64(2833), np.int64(36443), np.int64(42414), np.int64(44886), np.int64(2207), np.int64(25644), np.int64(18598), np.int64(13122), np.int64(28837))","(1, 0, 0, 0, 0, 0, 0, 0, 0, 1, 1, 0, 0, 0, 0, 0, 0, 1, 0, 0, 0, 1, 0, 0, 0, 0, 0, 0, 1, 0, 0, 0, 0, 0, 1, 0, 0, 0, 0, 0, 0, 0, 0, 0, 0, 0, 0, 0, 0, 0)"
2.351588,50,335.617813,0,"(np.int64(42337), np.int64(42540), np.int64(25615), np.int64(36341), np.int64(25383), np.int64(2354), np.int64(5345), np.int64(33271), np.int64(431), np.int64(11696), np.int64(40890), np.int64(4354), np.int64(21276), np.int64(19931), np.int64(17048), np.int64(15915), np.int64(2523), np.int64(22977), np.int64(33548), np.int64(48425), np.int64(472), np.int64(20595), np.int64(22952), np.int64(30505), np.int64(4389), np.int64(35944), np.int64(25090), np.int64(47928), np.int64(39861), np.int64(17463), np.int64(31403), np.int64(39866), np.int64(41015), np.int64(49593), np.int64(13517), np.int64(20685), np.int64(39094), np.int64(21895), np.int64(12652), np.int64(30072), np.int64(28958), np.int64(32769), np.int64(49703), np.int64(18772), np.int64(47336), np.int64(38979), np.int64(36253), np.int64(22638), np.int64(8174), np.int64(26869))","(0, 0, 0, 0, 1, 0, 0, 0, 1, 0, 0, 1, 0, 0, 0, 0, 0, 0, 0, 0, 0, 0, 0, 0, 0, 0, 0, 0, 0, 0, 0, 0, 0, 0, 0, 0, 0, 0, 0, 0, 0, 0, 0, 0, 0, 0, 0, 0, 0, 0)"
3.892378,50,336.097343,0,"(np.int64(49218), np.int64(32126), np.int64(5563), np.int64(886), np.int64(40030), np.int64(47249), np.int64(34692), np.int64(2425), np.int64(35044), np.int64(25373), np.int64(16799), np.int64(4388), np.int64(22838), np.int64(44555), np.int64(22175), np.int64(43098), np.int64(22734), np.int64(29145), np.int64(26708), np.int64(18505), np.int64(43268), np.int64(32440), np.int64(49799), np.int64(19179), np.int64(17659), np.int64(2555), np.int64(5781), np.int64(22535), np.int64(23566), np.int64(27606), np.int64(26789), np.int64(17), np.int64(41102), np.int64(10610), np.int64(14566), np.int64(38054), np.int64(44900), np.int64(3038), np.int64(6908), np.int64(26254), np.int64(21741), np.int64(34785), np.int64(49507), np.int64(35764), np.int64(48497), np.int64(22871), np.int64(26283), np.int64(34700), np.int64(39094), np.int64(47418))","(0, 0, 0, 0, 0, 0, 0, 0, 0, 0, 0, 0, 0, 0, 0, 0, 0, 0, 0, 0, 0, 0, 0, 1, 1, 0, 1, 0, 0, 0, 0, 1, 0, 0, 0, 0, 0, 1, 0, 0, 0, 0, 0, 0, 0, 0, 0, 0, 0, 0)"
3.668409,50,336.55193,0,"(np.int64(32243), np.int64(38370), np.int64(28816), np.int64(43149), np.int64(35961), np.int64(49423), np.int64(44581), np.int64(19348), np.int64(41221), np.int64(843), np.int64(3127), np.int64(3890), np.int64(37710), np.int64(36110), np.int64(25238), np.int64(5415), np.int64(5816), np.int64(22732), np.int64(42223), np.int64(20538), np.int64(23579), np.int64(16722), np.int64(43900), np.int64(26523), np.int64(47622), np.int64(41560), np.int64(47881), np.int64(23034), np.int64(45727), np.int64(26318), np.int64(22485), np.int64(21131), np.int64(46266), np.int64(24370), np.int64(4906), np.int64(7677), np.int64(10785), np.int64(15362), np.int64(29354), np.int64(11221), np.int64(43202), np.int64(40813), np.int64(1692), np.int64(40126), np.int64(40027), np.int64(13952), np.int64(1703), np.int64(45622), np.int64(33925), np.int64(34995))","(0, 0, 0, 0, 0, 0, 0, 0, 0, 0, 0, 0, 0, 0, 0, 0, 1, 0, 0, 0, 0, 0, 0, 0, 0, 0, 0, 0, 0, 0, 0, 0, 0, 1, 0, 0, 1, 1, 0, 0, 0, 1, 0, 0, 0, 0, 0, 0, 0, 0)"
7.016846,50,342.29364,0,"(np.int64(41661), np.int64(12944), np.int64(23530), np.int64(30297), np.int64(23446), np.int64(11648), np.int64(43510), np.int64(13269), np.int64(28327), np.int64(36118), np.int64(46155), np.int64(1173), np.int64(44409), np.int64(22420), np.int64(11293), np.int64(13517), np.int64(27731), np.int64(28006), np.int64(48813), np.int64(38276), np.int64(6463), np.int64(36591), np.int64(37839), np.int64(48783), np.int64(13486), np.int64(9807), np.int64(44268), np.int64(37978), np.int64(16963), np.int64(49021), np.int64(38035), np.int64(347), np.int64(19536), np.int64(6675), np.int64(9123), np.int64(33390), np.int64(1353), np.int64(17760), np.int64(31570), np.int64(16691), np.int64(17812), np.int64(2750), np.int64(2558), np.int64(29902), np.int64(7023), np.int64(23903), np.int64(38489), np.int64(929), np.int64(46547), np.int64(9241))","(0, 0, 0, 0, 1, 1, 0, 1, 0, 0, 0, 0, 0, 0, 0, 0, 0, 1, 0, 1, 0, 0, 0, 0, 0, 0, 0, 0, 0, 1, 0, 1, 0, 1, 0, 0, 0, 0, 0, 0, 1, 0, 0, 0, 0, 0, 0, 0, 0, 0)"
5.717181,50,342.748833,0,"(np.int64(48756), np.int64(16991), np.int64(46765), np.int64(1562), np.int64(25222), np.int64(2266), np.int64(10581), np.int64(49840), np.int64(43475), np.int64(24088), np.int64(2825), np.int64(29063), np.int64(44804), np.int64(45812), np.int64(37686), np.int64(48452), np.int64(19688), np.int64(49524), np.int64(7763), np.int64(27110), np.int64(37898), np.int64(34496), np.int64(32068), np.int64(38228), np.int64(35458), np.int64(29916), np.int64(33003), np.int64(25526), np.int64(37033), np.int64(30703), np.int64(46942), np.int64(20707), np.int64(32865), np.int64(31753), np.int64(27917), np.int64(8230), np.int64(14463), np.int64(20875), np.int64(39497), np.int64(6093), np.int64(40665), np.int64(19089), np.int64(1608), np.int64(10744), np.int64(30319), np.int64(19340), np.int64(40706), np.int64(2123), np.int64(22646), np.int64(2478))","(0, 0, 0, 0, 0, 0, 0, 0, 0, 0, 1, 0, 0, 1, 0, 0, 0, 0, 0, 0, 0, 0, 0, 0, 1, 0, 1, 0, 0, 0, 0, 0, 0, 0, 0, 1, 0, 1, 0, 0, 0, 0, 1, 1, 0, 0, 0, 0, 0, 0)"
3.365897,50,343.201215,0,"(np.int64(19676), np.int64(13332), np.int64(39980), np.int64(40119), np.int64(28537), np.int64(34165), np.int64(47556), np.int64(18850), np.int64(38799), np.int64(30589), np.int64(40141), np.int64(33165), np.int64(2302), np.int64(21695), np.int64(23975), np.int64(19143), np.int64(27618), np.int64(6396), np.int64(29453), np.int64(18305), np.int64(25807), np.int64(1012), np.int64(41403), np.int64(47654), np.int64(9546), np.int64(20258), np.int64(27991), np.int64(35598), np.int64(25705), np.int64(34003), np.int64(44364), np.int64(29205), np.int64(49327), np.int64(28874), np.int64(4718), np.int64(48148), np.int64(45180), np.int64(14797), np.int64(5857), np.int64(49858), np.int64(26963), np.int64(32225), np.int64(23878), np.int64(9193), np.int64(15049), np.int64(45259), np.int64(31056), np.int64(1209), np.int64(100), np.int64(28673))","(0, 0, 0, 0, 1, 1, 0, 0, 0, 0, 0, 0, 0, 0, 0, 0, 0, 0, 0, 0, 0, 0, 0, 0, 1, 0, 0, 0, 0, 0, 0, 0, 0, 0, 0, 0, 0, 0, 0, 0, 1, 1, 0, 0, 0, 0, 0, 0, 0, 0)"
6.262879,50,343.655819,0,"(np.int64(45327), np.int64(40866), np.int64(5823), np.int64(980), np.int64(10299), np.int64(27330), np.int64(4995), np.int64(12185), np.int64(759), np.int64(27608), np.int64(5615), np.int64(22380), np.int64(10359), np.int64(34621), np.int64(8666), np.int64(13515), np.int64(6993), np.int64(43982), np.int64(965), np.int64(33580), np.int64(40678), np.int64(33867), np.int64(46845), np.int64(17862), np.int64(32712), np.int64(10417), np.int64(13682), np.int64(23803), np.int64(15438), np.int64(38256), np.int64(25208), np.int64(34717), np.int64(11195), np.int64(17870), np.int64(18962), np.int64(29126), np.int64(25741), np.int64(14561), np.int64(16426), np.int64(3942), np.int64(20819), np.int64(45216), np.int64(34345), np.int64(10585), np.int64(37988), np.int64(23514), np.int64(12075), np.int64(394), np.int64(18289), np.int64(30853))","(0, 0, 0, 0, 0, 0, 0, 0, 0, 0, 0, 0, 1, 0, 0, 0, 0, 0, 0, 1, 0, 0, 0, 1, 0, 0, 0, 1, 0, 0, 0, 0, 0, 0, 1, 0, 0, 0, 0, 0, 0, 0, 0, 0, 0, 0, 1, 1, 1, 0)"
3.006303,50,344.110987,0,"(np.int64(13276), np.int64(18452), np.int64(48517), np.int64(9528), np.int64(27318), np.int64(5968), np.int64(19840), np.int64(45776), np.int64(44694), np.int64(32496), np.int64(4458), np.int64(43866), np.int64(44549), np.int64(5431), np.int64(48620), np.int64(36637), np.int64(11617), np.int64(41452), np.int64(46068), np.int64(24651), np.int64(15922), np.int64(24155), np.int64(19602), np.int64(14441), np.int64(17714), np.int64(36047), np.int64(1526), np.int64(28785), np.int64(45835), np.int64(37137), np.int64(9000), np.int64(30202), np.int64(24240), np.int64(12573), np.int64(44830), np.int64(24116), np.int64(29463), np.int64(47186), np.int64(2731), np.int64(44850), np.int64(39818), np.int64(41636), np.int64(33203), np.int64(2246), np.int64(41947), np.int64(25014), np.int64(41632), np.int64(24339), np.int64(15427), np.int64(17689))","(0, 0, 0, 0, 0, 0, 0, 0, 0, 0, 1, 0, 1, 0, 0, 0, 0, 0, 0, 0, 0, 0, 0, 0, 0, 0, 0, 0, 0, 0, 1, 0, 0, 0, 0, 0, 0, 0, 1, 0, 0, 0, 0, 0, 0, 0, 0, 0, 0, 0)"
2.916105,50,344.56358,0,"(np.int64(22448), np.int64(45617), np.int64(8506), np.int64(27461), np.int64(7705), np.int64(36304), np.int64(39707), np.int64(18105), np.int64(10458), np.int64(13388), np.int64(41976), np.int64(1698), np.int64(25959), np.int64(38940), np.int64(22081), np.int64(12744), np.int64(11034), np.int64(8363), np.int64(7956), np.int64(22658), np.int64(49405), np.int64(47740), np.int64(43768), np.int64(49196), np.int64(13534), np.int64(605), np.int64(42509), np.int64(11651), np.int64(44420), np.int64(35955), np.int64(17630), np.int64(32436), np.int64(2345), np.int64(38549), np.int64(27134), np.int64(23162), np.int64(16970), np.int64(1022), np.int64(14558), np.int64(11037), np.int64(16384), np.int64(28626), np.int64(45328), np.int64(9147), np.int64(33376), np.int64(24678), np.int64(12962), np.int64(36461), np.int64(23352), np.int64(23020))","(0, 0, 1, 0, 0, 0, 0, 0, 0, 0, 0, 0, 0, 0, 0, 0, 1, 0, 0, 0, 0, 0, 0, 0, 0, 0, 0, 0, 0, 0, 0, 0, 0, 0, 1, 0, 0, 0, 0, 0, 0, 0, 1, 0, 0, 0, 0, 0, 0, 0)"
4.580829,50,345.021469,0,"(np.int64(25208), np.int64(35268), np.int64(8936), np.int64(32458), np.int64(6259), np.int64(36542), np.int64(43608), np.int64(11219), np.int64(43655), np.int64(43978), np.int64(27599), np.int64(30151), np.int64(20979), np.int64(42330), np.int64(27593), np.int64(18133), np.int64(29368), np.int64(36877), np.int64(21817), np.int64(8331), np.int64(22758), np.int64(44949), np.int64(23519), np.int64(43948), np.int64(44634), np.int64(28148), np.int64(32950), np.int64(44798), np.int64(27451), np.int64(43526), np.int64(37075), np.int64(45982), np.int64(21099), np.int64(42788), np.int64(7644), np.int64(33628), np.int64(30993), np.int64(40982), np.int64(16808), np.int64(17764), np.int64(16455), np.int64(43759), np.int64(3947), np.int64(33105), np.int64(6693), np.int64(31003), np.int64(24020), np.int64(17892), np.int64(49916), np.int64(25670))","(0, 0, 1, 0, 0, 0, 0, 0, 0, 0, 0, 0, 1, 0, 0, 0, 0, 0, 0, 0, 0, 0, 0, 0, 0, 0, 0, 0, 0, 0, 1, 0, 0, 0, 0, 0, 0, 0, 0, 1, 0, 0, 0, 1, 0, 0, 0, 1, 0, 0)"
3.993973,50,345.485359,0,"(np.int64(49837), np.int64(24456), np.int64(25799), np.int64(31907), np.int64(27479), np.int64(49431), np.int64(49411), np.int64(27733), np.int64(28068), np.int64(8562), np.int64(8676), np.int64(18681), np.int64(8094), np.int64(6481), np.int64(36187), np.int64(32943), np.int64(38186), np.int64(31687), np.int64(8041), np.int64(26280), np.int64(12153), np.int64(28922), np.int64(7959), np.int64(13816), np.int64(7734), np.int64(27127), np.int64(26779), np.int64(8754), np.int64(35165), np.int64(15986), np.int64(23877), np.int64(21375), np.int64(23982), np.int64(48148), np.int64(22163), np.int64(18436), np.int64(39107), np.int64(501), np.int64(5158), np.int64(4356), np.int64(15640), np.int64(11854), np.int64(4012), np.int64(22356), np.int64(4807), np.int64(35738), np.int64(49016), np.int64(31400), np.int64(7728), np.int64(3670))","(0, 0, 0, 0, 0, 0, 0, 0, 0, 0, 0, 1, 0, 0, 0, 0, 0, 0, 0, 0, 1, 0, 0, 0, 0, 0, 0, 1, 0, 0, 0, 0, 1, 0, 0, 0, 0, 0, 0, 0, 0, 0, 0, 0, 1, 0, 0, 0, 0, 0)"
5.800938,50,345.966538,0,"(np.int64(30225), np.int64(2637), np.int64(44232), np.int64(31978), np.int64(42550), np.int64(14486), np.int64(31614), np.int64(2761), np.int64(18725), np.int64(26132), np.int64(17077), np.int64(21483), np.int64(21453), np.int64(32392), np.int64(48053), np.int64(25571), np.int64(48662), np.int64(10776), np.int64(47721), np.int64(40936), np.int64(41674), np.int64(46035), np.int64(12378), np.int64(41429), np.int64(17364), np.int64(8525), np.int64(25173), np.int64(25424), np.int64(1349), np.int64(39038), np.int64(11782), np.int64(40466), np.int64(25968), np.int64(6737), np.int64(32078), np.int64(43328), np.int64(17240), np.int64(38126), np.int64(20971), np.int64(5300), np.int64(30428), np.int64(47217), np.int64(32037), np.int64(18230), np.int64(41611), np.int64(31338), np.int64(17028), np.int64(7678), np.int64(36965), np.int64(12405))","(0, 0, 0, 0, 0, 0, 0, 1, 0, 0, 1, 0, 0, 0, 1, 0, 1, 0, 0, 0, 0, 0, 0, 0, 0, 1, 0, 1, 0, 0, 0, 0, 0, 0, 0, 0, 0, 0, 0, 0, 0, 0, 0, 0, 0, 0, 0, 1, 0, 1)"
2.923161,50,346.444081,0,"(np.int64(30114), np.int64(14764), np.int64(25396), np.int64(24574), np.int64(27452), np.int64(1046), np.int64(22812), np.int64(18052), np.int64(24740), np.int64(26192), np.int64(11652), np.int64(30339), np.int64(3320), np.int64(6273), np.int64(6260), np.int64(34688), np.int64(2088), np.int64(33621), np.int64(30145), np.int64(20756), np.int64(14077), np.int64(7294), np.int64(42155), np.int64(6923), np.int64(26723), np.int64(38609), np.int64(24353), np.int64(20078), np.int64(11785), np.int64(35406), np.int64(1197), np.int64(12645), np.int64(8931), np.int64(47472), np.int64(8294), np.int64(46458), np.int64(35938), np.int64(31801), np.int64(25271), np.int64(19469), np.int64(6834), np.int64(18939), np.int64(29101), np.int64(29233), np.int64(29624), np.int64(11281), np.int64(28393), np.int64(36000), np.int64(6951), np.int64(43665))","(0, 0, 0, 0, 0, 0, 0, 0, 0, 0, 0, 0, 0, 0, 0, 0, 1, 0, 0, 0, 1, 0, 0, 0, 0, 0, 1, 0, 0, 0, 0, 0, 0, 0, 0, 0, 0, 0, 0, 0, 0, 0, 0, 0, 0, 0, 0, 0, 0, 1)"
2.846037,50,346.918686,0,"(np.int64(35924), np.int64(11696), np.int64(3049), np.int64(22271), np.int64(43462), np.int64(25772), np.int64(723), np.int64(22566), np.int64(7091), np.int64(48652), np.int64(38994), np.int64(29282), np.int64(6434), np.int64(6410), np.int64(5135), np.int64(32264), np.int64(22866), np.int64(4371), np.int64(35450), np.int64(33884), np.int64(8583), np.int64(25425), np.int64(8264), np.int64(6283), np.int64(18014), np.int64(42306), np.int64(2811), np.int64(46065), np.int64(18938), np.int64(21690), np.int64(25964), np.int64(42775), np.int64(36766), np.int64(39900), np.int64(20360), np.int64(16017), np.int64(9464), np.int64(44944), np.int64(19604), np.int64(30895), np.int64(19671), np.int64(36358), np.int64(3115), np.int64(46042), np.int64(6801), np.int64(44242), np.int64(32063), np.int64(48939), np.int64(46028), np.int64(23043))","(1, 0, 0, 0, 0, 0, 0, 0, 0, 0, 0, 0, 0, 0, 0, 0, 0, 0, 0, 0, 0, 0, 0, 0, 1, 0, 0, 0, 0, 0, 0, 0, 0, 0, 1, 0, 0, 0, 0, 0, 0, 0, 0, 0, 0, 0, 0, 0, 1, 0)"
7.503479,50,347.388566,0,"(np.int64(29539), np.int64(32949), np.int64(35201), np.int64(11504), np.int64(49361), np.int64(45691), np.int64(23280), np.int64(25458), np.int64(3931), np.int64(21942), np.int64(16969), np.int64(15427), np.int64(26020), np.int64(23710), np.int64(29470), np.int64(31988), np.int64(7124), np.int64(19304), np.int64(34206), np.int64(18205), np.int64(7299), np.int64(31364), np.int64(5572), np.int64(1806), np.int64(12209), np.int64(7952), np.int64(10991), np.int64(16128), np.int64(13920), np.int64(24743), np.int64(2924), np.int64(21705), np.int64(26044), np.int64(36075), np.int64(35324), np.int64(10297), np.int64(30506), np.int64(14350), np.int64(47758), np.int64(21261), np.int64(36144), np.int64(37826), np.int64(727), np.int64(27541), np.int64(32942), np.int64(4471), np.int64(12966), np.int64(4534), np.int64(34596), np.int64(35767))","(0, 0, 0, 0, 0, 0, 0, 0, 1, 1, 1, 0, 0, 1, 0, 0, 0, 0, 0, 0, 0, 0, 0, 0, 0, 0, 0, 0, 1, 0, 0, 1, 0, 0, 0, 1, 0, 0, 0, 0, 0, 0, 1, 0, 0, 0, 1, 1, 0, 0)"
4.746337,50,347.854295,0,"(np.int64(21640), np.int64(15613), np.int64(20081), np.int64(31333), np.int64(41129), np.int64(46366), np.int64(14653), np.int64(10412), np.int64(31632), np.int64(5990), np.int64(11123), np.int64(20216), np.int64(23098), np.int64(17023), np.int64(34400), np.int64(6283), np.int64(20507), np.int64(11080), np.int64(9078), np.int64(15395), np.int64(5185), np.int64(38186), np.int64(36954), np.int64(33603), np.int64(18290), np.int64(14927), np.int64(7587), np.int64(41850), np.int64(47430), np.int64(25253), np.int64(31030), np.int64(28764), np.int64(20208), np.int64(15470), np.int64(9738), np.int64(31965), np.int64(21535), np.int64(26721), np.int64(21142), np.int64(18927), np.int64(175), np.int64(21689), np.int64(45153), np.int64(42424), np.int64(21463), np.int64(25066), np.int64(23016), np.int64(10712), np.int64(12131), np.int64(34687))","(0, 1, 0, 1, 0, 0, 0, 0, 0, 0, 0, 0, 0, 0, 0, 0, 1, 1, 0, 0, 0, 0, 0, 0, 0, 0, 0, 0, 0, 0, 0, 0, 0, 1, 0, 0, 0, 0, 0, 0, 0, 0, 0, 0, 0, 0, 0, 0, 1, 0)"
3.106245,50,348.320211,0,"(np.int64(31590), np.int64(13459), np.int64(45744), np.int64(26636), np.int64(19620), np.int64(30588), np.int64(49628), np.int64(44900), np.int64(16625), np.int64(19099), np.int64(3672), np.int64(44888), np.int64(552), np.int64(46901), np.int64(29422), np.int64(27498), np.int64(29610), np.int64(40056), np.int64(39606), np.int64(43232), np.int64(3701), np.int64(21003), np.int64(3663), np.int64(2607), np.int64(47697), np.int64(18361), np.int64(3618), np.int64(11917), np.int64(21657), np.int64(39452), np.int64(15946), np.int64(16252), np.int64(25241), np.int64(21780), np.int64(23733), np.int64(8730), np.int64(34498), np.int64(29173), np.int64(33645), np.int64(32482), np.int64(45951), np.int64(4710), np.int64(14432), np.int64(7838), np.int64(18289), np.int64(7451), np.int64(8694), np.int64(47607), np.int64(40389), np.int64(40180))","(0, 0, 0, 0, 1, 0, 0, 0, 0, 0, 0, 0, 0, 0, 0, 0, 0, 0, 0, 0, 0, 0, 0, 0, 0, 0, 0, 0, 1, 0, 0, 0, 0, 0, 1, 0, 0, 0, 0, 0, 0, 0, 0, 0, 1, 0, 0, 0, 0, 0)"
4.629166,50,348.784817,0,"(np.int64(49908), np.int64(1050), np.int64(3963), np.int64(5156), np.int64(14927), np.int64(49883), np.int64(46695), np.int64(36029), np.int64(38849), np.int64(32348), np.int64(7637), np.int64(4680), np.int64(49510), np.int64(22039), np.int64(5817), np.int64(22741), np.int64(3812), np.int64(48810), np.int64(33169), np.int64(36664), np.int64(34016), np.int64(37328), np.int64(43177), np.int64(47259), np.int64(6456), np.int64(20767), np.int64(13308), np.int64(49239), np.int64(26917), np.int64(28504), np.int64(12848), np.int64(26857), np.int64(27871), np.int64(42591), np.int64(25774), np.int64(10100), np.int64(44844), np.int64(26606), np.int64(46705), np.int64(13889), np.int64(44018), np.int64(34288), np.int64(33772), np.int64(31650), np.int64(21506), np.int64(10225), np.int64(41484), np.int64(32444), np.int64(45269), np.int64(13545))","(0, 0, 0, 1, 0, 0, 0, 0, 0, 0, 0, 0, 0, 0, 0, 0, 1, 1, 0, 0, 0, 0, 0, 0, 1, 0, 1, 0, 0, 0, 0, 0, 0, 0, 0, 1, 0, 0, 0, 0, 0, 0, 0, 0, 0, 0, 0, 0, 0, 0)"
7.750398,50,349.25977,0,"(np.int64(42580), np.int64(27771), np.int64(23926), np.int64(39427), np.int64(13412), np.int64(46239), np.int64(7193), np.int64(42996), np.int64(49836), np.int64(36400), np.int64(1283), np.int64(27251), np.int64(38723), np.int64(42823), np.int64(45371), np.int64(228), np.int64(30570), np.int64(38787), np.int64(47294), np.int64(24370), np.int64(38707), np.int64(26043), np.int64(35809), np.int64(5787), np.int64(39939), np.int64(42073), np.int64(48693), np.int64(10005), np.int64(31316), np.int64(9410), np.int64(3951), np.int64(9054), np.int64(4743), np.int64(48440), np.int64(44059), np.int64(16672), np.int64(14588), np.int64(1120), np.int64(25239), np.int64(31218), np.int64(4041), np.int64(36257), np.int64(34796), np.int64(9119), np.int64(37911), np.int64(25942), np.int64(29908), np.int64(5346), np.int64(2046), np.int64(8457))","(0, 0, 0, 0, 1, 0, 0, 0, 0, 0, 1, 0, 0, 0, 0, 1, 0, 0, 0, 1, 0, 0, 0, 0, 0, 0, 0, 1, 0, 1, 0, 1, 1, 0, 0, 0, 0, 0, 0, 1, 0, 0, 0, 0, 0, 0, 0, 1, 0, 0)"
6.453837,50,349.740547,0,"(np.int64(6621), np.int64(9344), np.int64(33898), np.int64(8697), np.int64(41716), np.int64(22395), np.int64(48000), np.int64(44614), np.int64(15936), np.int64(28233), np.int64(9246), np.int64(21718), np.int64(49814), np.int64(8842), np.int64(28487), np.int64(27981), np.int64(13832), np.int64(40028), np.int64(41311), np.int64(24955), np.int64(9886), np.int64(32123), np.int64(32715), np.int64(42932), np.int64(35367), np.int64(2533), np.int64(18269), np.int64(33608), np.int64(8639), np.int64(30014), np.int64(1634), np.int64(42076), np.int64(31987), np.int64(42248), np.int64(19038), np.int64(31752), np.int64(17505), np.int64(48941), np.int64(4877), np.int64(42059), np.int64(18970), np.int64(23669), np.int64(25982), np.int64(17761), np.int64(48947), np.int64(1746), np.int64(48485), np.int64(31944), np.int64(3751), np.int64(9565))","(1, 0, 0, 1, 0, 0, 0, 0, 0, 0, 1, 0, 0, 0, 0, 0, 0, 0, 1, 0, 1, 0, 0, 0, 0, 0, 0, 0, 0, 0, 0, 0, 1, 0, 0, 0, 0, 0, 0, 0, 1, 0, 1, 0, 0, 0, 0, 0, 1, 0)"
7.807772,50,350.229351,0,"(np.int64(14339), np.int64(13870), np.int64(35700), np.int64(1260), np.int64(32967), np.int64(3039), np.int64(6120), np.int64(39350), np.int64(45799), np.int64(40596), np.int64(3266), np.int64(26619), np.int64(37785), np.int64(33395), np.int64(42150), np.int64(37478), np.int64(43964), np.int64(10361), np.int64(7835), np.int64(23139), np.int64(20712), np.int64(49662), np.int64(384), np.int64(49063), np.int64(39202), np.int64(10688), np.int64(28209), np.int64(39782), np.int64(37134), np.int64(40359), np.int64(18613), np.int64(23508), np.int64(5524), np.int64(6993), np.int64(42351), np.int64(47286), np.int64(24028), np.int64(29366), np.int64(42827), np.int64(40938), np.int64(6634), np.int64(13786), np.int64(32579), np.int64(100), np.int64(45227), np.int64(12640), np.int64(8818), np.int64(11485), np.int64(25913), np.int64(5075))","(0, 0, 1, 1, 0, 0, 0, 1, 0, 0, 0, 1, 1, 0, 0, 0, 0, 1, 0, 0, 0, 0, 1, 0, 0, 0, 0, 0, 1, 0, 1, 0, 1, 0, 0, 0, 0, 0, 0, 0, 0, 0, 0, 0, 0, 0, 0, 0, 0, 0)"
2.476324,50,350.715465,0,"(np.int64(39347), np.int64(48741), np.int64(27322), np.int64(8707), np.int64(24093), np.int64(27733), np.int64(32854), np.int64(1793), np.int64(6036), np.int64(28278), np.int64(19543), np.int64(20499), np.int64(8615), np.int64(26770), np.int64(39973), np.int64(37786), np.int64(20178), np.int64(18728), np.int64(30115), np.int64(9481), np.int64(16255), np.int64(44828), np.int64(39967), np.int64(9758), np.int64(6812), np.int64(2354), np.int64(46957), np.int64(44777), np.int64(17045), np.int64(32158), np.int64(46629), np.int64(9079), np.int64(32039), np.int64(1345), np.int64(39809), np.int64(5526), np.int64(33602), np.int64(29627), np.int64(44427), np.int64(11906), np.int64(38360), np.int64(1711), np.int64(32260), np.int64(1168), np.int64(48556), np.int64(41805), np.int64(34786), np.int64(538), np.int64(11118), np.int64(16547))","(0, 0, 0, 0, 0, 0, 0, 0, 1, 0, 0, 0, 0, 0, 0, 0, 0, 0, 0, 0, 1, 0, 0, 0, 0, 0, 0, 0, 0, 0, 0, 0, 0, 1, 0, 0, 0, 0, 0, 0, 0, 0, 0, 0, 0, 0, 0, 0, 0, 0)"
4.645572,50,351.187397,0,"(np.int64(20777), np.int64(4517), np.int64(17303), np.int64(17238), np.int64(405), np.int64(38829), np.int64(38058), np.int64(8606), np.int64(21674), np.int64(27752), np.int64(8826), np.int64(2055), np.int64(13817), np.int64(10305), np.int64(24668), np.int64(44277), np.int64(236), np.int64(23258), np.int64(26065), np.int64(19433), np.int64(25245), np.int64(41465), np.int64(33204), np.int64(24413), np.int64(30592), np.int64(43146), np.int64(14344), np.int64(3113), np.int64(17682), np.int64(4362), np.int64(26473), np.int64(5787), np.int64(24539), np.int64(34229), np.int64(4193), np.int64(23000), np.int64(29130), np.int64(32536), np.int64(43979), np.int64(32327), np.int64(14328), np.int64(25021), np.int64(4613), np.int64(38807), np.int64(33930), np.int64(3210), np.int64(49322), np.int64(31813), np.int64(11697), np.int64(37469))","(0, 0, 0, 0, 0, 0, 0, 0, 0, 0, 0, 0, 0, 0, 0, 0, 0, 0, 1, 0, 1, 0, 0, 0, 0, 0, 0, 0, 1, 1, 0, 0, 0, 0, 1, 0, 0, 0, 0, 0, 0, 1, 0, 0, 0, 0, 0, 0, 0, 0)"
1.641756,50,351.64921,0,"(np.int64(16601), np.int64(29568), np.int64(10893), np.int64(43295), np.int64(19472), np.int64(37799), np.int64(15175), np.int64(17524), np.int64(22055), np.int64(10749), np.int64(24304), np.int64(3703), np.int64(38456), np.int64(37222), np.int64(4213), np.int64(49785), np.int64(49749), np.int64(8857), np.int64(2141), np.int64(31693), np.int64(28480), np.int64(47218), np.int64(42641), np.int64(10144), np.int64(49720), np.int64(44156), np.int64(27655), np.int64(28427), np.int64(40419), np.int64(7471), np.int64(1795), np.int64(39086), np.int64(5432), np.int64(31137), np.int64(282), np.int64(7075), np.int64(21379), np.int64(16658), np.int64(44708), np.int64(8315), np.int64(9541), np.int64(49358), np.int64(20804), np.int64(8837), np.int64(32814), np.int64(48000), np.int64(11766), np.int64(40021), np.int64(33447), np.int64(6415))","(0, 0, 0, 0, 0, 0, 1, 0, 0, 0, 0, 0, 0, 0, 0, 0, 0, 0, 1, 0, 0, 0, 0, 0, 0, 0, 0, 0, 0, 0, 0, 0, 0, 0, 0, 0, 0, 0, 0, 0, 0, 0, 0, 0, 0, 0, 0, 0, 0, 0)"
3.156296,50,352.106942,0,"(np.int64(19805), np.int64(14593), np.int64(35923), np.int64(15893), np.int64(41827), np.int64(37683), np.int64(44053), np.int64(15622), np.int64(44547), np.int64(6494), np.int64(40684), np.int64(19936), np.int64(26702), np.int64(8340), np.int64(49261), np.int64(5216), np.int64(5707), np.int64(30998), np.int64(33387), np.int64(35233), np.int64(7437), np.int64(43967), np.int64(43542), np.int64(1479), np.int64(43331), np.int64(1262), np.int64(45970), np.int64(29164), np.int64(37675), np.int64(45856), np.int64(27890), np.int64(4513), np.int64(15388), np.int64(892), np.int64(5301), np.int64(44409), np.int64(17548), np.int64(15781), np.int64(5019), np.int64(37757), np.int64(2732), np.int64(41400), np.int64(28049), np.int64(3367), np.int64(36981), np.int64(26922), np.int64(8324), np.int64(23793), np.int64(48873), np.int64(41987))","(1, 0, 0, 0, 0, 0, 0, 1, 0, 0, 0, 0, 0, 0, 0, 0, 1, 0, 0, 0, 0, 0, 0, 0, 0, 0, 0, 0, 1, 0, 0, 0, 0, 0, 0, 0, 0, 0, 0, 0, 0, 0, 0, 0, 0, 0, 0, 0, 0, 0)"
4.568486,50,352.565801,0,"(np.int64(43055), np.int64(88), np.int64(40028), np.int64(17860), np.int64(46415), np.int64(13469), np.int64(3006), np.int64(7528), np.int64(18620), np.int64(29259), np.int64(32771), np.int64(3191), np.int64(27785), np.int64(36446), np.int64(8550), np.int64(2054), np.int64(21299), np.int64(23194), np.int64(12204), np.int64(26768), np.int64(5203), np.int64(43612), np.int64(19897), np.int64(8133), np.int64(32263), np.int64(30233), np.int64(4312), np.int64(18606), np.int64(31459), np.int64(13092), np.int64(937), np.int64(28112), np.int64(23250), np.int64(1929), np.int64(24924), np.int64(32662), np.int64(41366), np.int64(49766), np.int64(48450), np.int64(17337), np.int64(38846), np.int64(29310), np.int64(21219), np.int64(25770), np.int64(29218), np.int64(18496), np.int64(7618), np.int64(22651), np.int64(16640), np.int64(19858))","(1, 0, 0, 0, 0, 0, 0, 0, 0, 0, 0, 0, 0, 0, 1, 1, 0, 0, 0, 0, 0, 0, 0, 1, 0, 0, 0, 0, 0, 0, 1, 0, 0, 0, 0, 0, 0, 0, 0, 0, 0, 0, 0, 0, 0, 0, 0, 0, 1, 0)"
3.114916,50,353.020941,0,"(np.int64(33711), np.int64(15872), np.int64(5701), np.int64(15327), np.int64(6096), np.int64(29655), np.int64(27839), np.int64(11672), np.int64(26546), np.int64(3081), np.int64(14448), np.int64(11862), np.int64(21232), np.int64(8855), np.int64(44481), np.int64(19925), np.int64(27396), np.int64(32284), np.int64(30104), np.int64(27229), np.int64(33107), np.int64(18344), np.int64(37109), np.int64(23003), np.int64(28292), np.int64(8478), np.int64(35112), np.int64(26795), np.int64(34216), np.int64(46070), np.int64(47891), np.int64(17278), np.int64(330), np.int64(1169), np.int64(11402), np.int64(32812), np.int64(47443), np.int64(47101), np.int64(27751), np.int64(15923), np.int64(32434), np.int64(10842), np.int64(37213), np.int64(8081), np.int64(45505), np.int64(29504), np.int64(39490), np.int64(40025), np.int64(2329), np.int64(10440))","(0, 1, 0, 0, 0, 0, 0, 0, 0, 0, 0, 0, 1, 0, 0, 0, 1, 0, 0, 0, 0, 0, 0, 0, 0, 1, 0, 0, 0, 0, 0, 0, 0, 0, 0, 0, 0, 0, 0, 0, 0, 0, 0, 0, 0, 0, 0, 0, 0, 0)"
2.187253,50,353.476867,0,"(np.int64(3848), np.int64(12612), np.int64(30648), np.int64(30831), np.int64(1728), np.int64(47139), np.int64(27072), np.int64(13058), np.int64(7959), np.int64(8920), np.int64(22654), np.int64(27483), np.int64(684), np.int64(49479), np.int64(6761), np.int64(44555), np.int64(16109), np.int64(39067), np.int64(21349), np.int64(31641), np.int64(16237), np.int64(28172), np.int64(41457), np.int64(1660), np.int64(21695), np.int64(2904), np.int64(7177), np.int64(38551), np.int64(29538), np.int64(30019), np.int64(20917), np.int64(14981), np.int64(19010), np.int64(41841), np.int64(34465), np.int64(25129), np.int64(28713), np.int64(42747), np.int64(12988), np.int64(28618), np.int64(30282), np.int64(2526), np.int64(1786), np.int64(18410), np.int64(20606), np.int64(39868), np.int64(22384), np.int64(45254), np.int64(17510), np.int64(37308))","(0, 1, 0, 0, 1, 0, 0, 0, 0, 0, 0, 0, 0, 0, 0, 0, 0, 0, 0, 0, 0, 0, 0, 0, 0, 0, 0, 1, 0, 0, 0, 0, 0, 0, 0, 0, 0, 0, 0, 0, 0, 0, 0, 0, 0, 0, 0, 0, 0, 0)"
2.437306,50,353.932254,0,"(np.int64(18331), np.int64(43227), np.int64(2769), np.int64(35109), np.int64(32762), np.int64(8421), np.int64(29165), np.int64(29119), np.int64(19174), np.int64(47185), np.int64(25841), np.int64(11147), np.int64(40041), np.int64(45180), np.int64(23411), np.int64(28766), np.int64(5708), np.int64(12618), np.int64(25129), np.int64(34198), np.int64(24426), np.int64(19556), np.int64(19952), np.int64(46206), np.int64(38569), np.int64(32196), np.int64(40887), np.int64(6843), np.int64(15074), np.int64(10313), np.int64(4643), np.int64(44017), np.int64(225), np.int64(17133), np.int64(18716), np.int64(31432), np.int64(49260), np.int64(22738), np.int64(31502), np.int64(23868), np.int64(10695), np.int64(40701), np.int64(46688), np.int64(48399), np.int64(22752), np.int64(28428), np.int64(32419), np.int64(26300), np.int64(15942), np.int64(29715))","(0, 0, 0, 0, 0, 0, 1, 1, 0, 0, 0, 0, 0, 0, 0, 0, 0, 1, 0, 0, 0, 0, 0, 0, 0, 0, 0, 0, 0, 0, 0, 0, 0, 0, 0, 0, 0, 0, 0, 0, 0, 0, 0, 0, 0, 0, 0, 0, 0, 0)"
5.23087,50,354.387947,0,"(np.int64(10384), np.int64(901), np.int64(26409), np.int64(30810), np.int64(23345), np.int64(26710), np.int64(21118), np.int64(33862), np.int64(44810), np.int64(28380), np.int64(37494), np.int64(36036), np.int64(30329), np.int64(48077), np.int64(43197), np.int64(4356), np.int64(20802), np.int64(1208), np.int64(9127), np.int64(2201), np.int64(24383), np.int64(12244), np.int64(8875), np.int64(10453), np.int64(43792), np.int64(22193), np.int64(17254), np.int64(1709), np.int64(41671), np.int64(15670), np.int64(8904), np.int64(44947), np.int64(10559), np.int64(11992), np.int64(37788), np.int64(12363), np.int64(24651), np.int64(180), np.int64(42083), np.int64(43580), np.int64(49689), np.int64(39605), np.int64(29692), np.int64(9427), np.int64(26122), np.int64(7747), np.int64(24038), np.int64(43413), np.int64(11051), np.int64(34473))","(0, 0, 0, 0, 1, 0, 0, 1, 0, 0, 0, 0, 0, 0, 0, 0, 0, 1, 0, 0, 0, 0, 0, 1, 0, 1, 0, 0, 0, 0, 0, 0, 0, 1, 1, 0, 0, 0, 0, 0, 0, 0, 0, 0, 0, 0, 0, 0, 0, 0)"
3.064478,50,354.878241,0,"(np.int64(10039), np.int64(39241), np.int64(10715), np.int64(1197), np.int64(41367), np.int64(14528), np.int64(43039), np.int64(47511), np.int64(23813), np.int64(8299), np.int64(20789), np.int64(20985), np.int64(25018), np.int64(9419), np.int64(10478), np.int64(1680), np.int64(26577), np.int64(1429), np.int64(38156), np.int64(43325), np.int64(27362), np.int64(31106), np.int64(17466), np.int64(4724), np.int64(46512), np.int64(23522), np.int64(13420), np.int64(28781), np.int64(37742), np.int64(30215), np.int64(30839), np.int64(14024), np.int64(47703), np.int64(17216), np.int64(34895), np.int64(32609), np.int64(13751), np.int64(1261), np.int64(34906), np.int64(8707), np.int64(43056), np.int64(1611), np.int64(21531), np.int64(31789), np.int64(38751), np.int64(25644), np.int64(12135), np.int64(46223), np.int64(10011), np.int64(41765))","(0, 0, 1, 0, 0, 1, 0, 0, 0, 0, 0, 0, 0, 0, 0, 0, 0, 0, 0, 0, 0, 0, 0, 1, 0, 0, 0, 0, 0, 0, 0, 0, 0, 0, 0, 0, 0, 0, 0, 0, 0, 0, 0, 0, 0, 0, 0, 1, 0, 0)"
2.89421,50,355.346387,0,"(np.int64(38018), np.int64(44938), np.int64(15774), np.int64(22395), np.int64(35895), np.int64(12182), np.int64(42528), np.int64(8890), np.int64(14688), np.int64(33667), np.int64(22817), np.int64(20826), np.int64(23811), np.int64(45168), np.int64(7939), np.int64(2541), np.int64(45109), np.int64(789), np.int64(36648), np.int64(19278), np.int64(20970), np.int64(49933), np.int64(2488), np.int64(41349), np.int64(46258), np.int64(33052), np.int64(24342), np.int64(23908), np.int64(41276), np.int64(23339), np.int64(26045), np.int64(6314), np.int64(23070), np.int64(19592), np.int64(13097), np.int64(41283), np.int64(13441), np.int64(15559), np.int64(42888), np.int64(34148), np.int64(23833), np.int64(40100), np.int64(36620), np.int64(30913), np.int64(6837), np.int64(21230), np.int64(39730), np.int64(36248), np.int64(25056), np.int64(21622))","(0, 0, 0, 0, 0, 0, 0, 0, 0, 0, 0, 0, 0, 0, 1, 0, 0, 0, 0, 0, 0, 0, 0, 0, 0, 0, 0, 0, 0, 1, 0, 0, 0, 0, 1, 0, 0, 0, 0, 0, 0, 0, 0, 0, 0, 0, 0, 0, 1, 0)"
4.559994,50,355.832704,0,"(np.int64(12418), np.int64(37019), np.int64(47800), np.int64(34986), np.int64(41422), np.int64(20837), np.int64(42224), np.int64(48040), np.int64(19503), np.int64(6036), np.int64(18221), np.int64(46952), np.int64(11927), np.int64(2390), np.int64(11682), np.int64(13671), np.int64(11695), np.int64(32667), np.int64(13351), np.int64(33830), np.int64(14716), np.int64(30386), np.int64(16021), np.int64(2123), np.int64(25808), np.int64(8232), np.int64(18905), np.int64(2805), np.int64(33268), np.int64(12076), np.int64(22009), np.int64(21827), np.int64(10925), np.int64(30880), np.int64(16467), np.int64(15086), np.int64(25445), np.int64(18069), np.int64(43206), np.int64(35951), np.int64(25653), np.int64(13736), np.int64(12393), np.int64(2855), np.int64(46329), np.int64(41824), np.int64(7409), np.int64(34244), np.int64(20976), np.int64(25229))","(0, 0, 0, 0, 0, 0, 0, 0, 0, 1, 1, 0, 0, 1, 0, 0, 0, 0, 0, 0, 0, 0, 0, 0, 0, 0, 1, 0, 0, 0, 0, 0, 0, 0, 0, 1, 0, 0, 0, 0, 0, 0, 0, 0, 0, 0, 0, 0, 0, 1)"
0.0,50,356.304938,0,"(np.int64(40352), np.int64(27158), np.int64(20928), np.int64(23297), np.int64(12138), np.int64(3920), np.int64(5700), np.int64(16253), np.int64(36832), np.int64(6958), np.int64(37865), np.int64(42123), np.int64(9186), np.int64(11580), np.int64(28079), np.int64(12957), np.int64(39542), np.int64(22044), np.int64(40632), np.int64(1744), np.int64(13366), np.int64(41656), np.int64(15634), np.int64(9048), np.int64(44707), np.int64(38175), np.int64(30605), np.int64(7116), np.int64(18269), np.int64(35714), np.int64(44634), np.int64(39572), np.int64(14334), np.int64(47034), np.int64(30348), np.int64(19649), np.int64(41355), np.int64(23066), np.int64(43730), np.int64(15195), np.int64(3672), np.int64(11473), np.int64(8948), np.int64(13672), np.int64(32783), np.int64(38723), np.int64(8553), np.int64(25393), np.int64(39799), np.int64(47409))","(0, 0, 0, 0, 0, 0, 0, 0, 0, 0, 0, 0, 0, 0, 0, 0, 0, 0, 0, 0, 0, 0, 0, 0, 0, 0, 0, 0, 0, 0, 0, 0, 0, 0, 0, 0, 0, 0, 0, 0, 0, 0, 0, 0, 0, 0, 0, 0, 0, 0)"
3.812127,50,356.770186,0,"(np.int64(20368), np.int64(32948), np.int64(32841), np.int64(33433), np.int64(19397), np.int64(28261), np.int64(9441), np.int64(30181), np.int64(5106), np.int64(3396), np.int64(11228), np.int64(7269), np.int64(43257), np.int64(15103), np.int64(12893), np.int64(21140), np.int64(22681), np.int64(7315), np.int64(25693), np.int64(23869), np.int64(44813), np.int64(42484), np.int64(47749), np.int64(20107), np.int64(13146), np.int64(6522), np.int64(36419), np.int64(20668), np.int64(5660), np.int64(11143), np.int64(19504), np.int64(46557), np.int64(30616), np.int64(28621), np.int64(16204), np.int64(41391), np.int64(33592), np.int64(19512), np.int64(24958), np.int64(23727), np.int64(35100), np.int64(46416), np.int64(39000), np.int64(40111), np.int64(19388), np.int64(46031), np.int64(31219), np.int64(30207), np.int64(30621), np.int64(9003))","(0, 0, 0, 0, 0, 0, 0, 0, 0, 0, 0, 1, 0, 0, 0, 0, 0, 0, 0, 0, 0, 0, 0, 1, 0, 0, 1, 0, 0, 0, 0, 0, 0, 1, 0, 0, 1, 0, 0, 0, 0, 0, 0, 0, 0, 0, 0, 0, 0, 0)"
4.346498,50,357.238095,0,"(np.int64(41797), np.int64(38130), np.int64(34810), np.int64(35004), np.int64(7964), np.int64(25129), np.int64(21065), np.int64(2460), np.int64(505), np.int64(26052), np.int64(4519), np.int64(43442), np.int64(24810), np.int64(34124), np.int64(6272), np.int64(4036), np.int64(44102), np.int64(4241), np.int64(18605), np.int64(30876), np.int64(19421), np.int64(12008), np.int64(34917), np.int64(34271), np.int64(25123), np.int64(35701), np.int64(48971), np.int64(7974), np.int64(36020), np.int64(23484), np.int64(1503), np.int64(42893), np.int64(32656), np.int64(19491), np.int64(29114), np.int64(7971), np.int64(26598), np.int64(46639), np.int64(43606), np.int64(12426), np.int64(23745), np.int64(11563), np.int64(4577), np.int64(13665), np.int64(16955), np.int64(28534), np.int64(892), np.int64(17201), np.int64(19615), np.int64(32036))","(0, 0, 0, 0, 0, 0, 1, 0, 0, 0, 0, 0, 1, 0, 0, 0, 0, 1, 0, 0, 0, 0, 0, 0, 0, 0, 1, 0, 0, 0, 0, 0, 0, 0, 0, 0, 0, 0, 0, 0, 0, 1, 0, 0, 0, 1, 0, 0, 0, 0)"
4.626418,50,357.708624,0,"(np.int64(43869), np.int64(22530), np.int64(19356), np.int64(21294), np.int64(23765), np.int64(14770), np.int64(39912), np.int64(27262), np.int64(45956), np.int64(48340), np.int64(4229), np.int64(4143), np.int64(38810), np.int64(30616), np.int64(1362), np.int64(18477), np.int64(5814), np.int64(610), np.int64(42183), np.int64(49178), np.int64(34503), np.int64(26147), np.int64(22021), np.int64(24664), np.int64(40327), np.int64(31453), np.int64(16367), np.int64(10810), np.int64(40949), np.int64(29330), np.int64(41772), np.int64(27264), np.int64(45568), np.int64(11414), np.int64(46984), np.int64(40109), np.int64(16682), np.int64(26580), np.int64(15934), np.int64(32966), np.int64(30173), np.int64(6453), np.int64(14357), np.int64(12601), np.int64(49616), np.int64(28919), np.int64(49988), np.int64(20271), np.int64(16218), np.int64(21476))","(0, 0, 0, 0, 0, 1, 0, 0, 0, 0, 1, 0, 0, 0, 0, 1, 0, 0, 0, 0, 0, 0, 1, 0, 0, 0, 0, 0, 0, 1, 0, 0, 0, 0, 0, 0, 0, 0, 0, 0, 0, 1, 0, 0, 0, 0, 0, 0, 0, 0)"
7.229471,50,358.170918,0,"(np.int64(15893), np.int64(36103), np.int64(45869), np.int64(29603), np.int64(24796), np.int64(26111), np.int64(30905), np.int64(29274), np.int64(27663), np.int64(38646), np.int64(47945), np.int64(8651), np.int64(28895), np.int64(41609), np.int64(49519), np.int64(28225), np.int64(14463), np.int64(4630), np.int64(28824), np.int64(35240), np.int64(32628), np.int64(22342), np.int64(16239), np.int64(7072), np.int64(14017), np.int64(34973), np.int64(12994), np.int64(20058), np.int64(18685), np.int64(19212), np.int64(34713), np.int64(38753), np.int64(3581), np.int64(10514), np.int64(23261), np.int64(8106), np.int64(14089), np.int64(43811), np.int64(939), np.int64(2278), np.int64(16045), np.int64(31295), np.int64(23150), np.int64(27256), np.int64(153), np.int64(10422), np.int64(30244), np.int64(2855), np.int64(39962), np.int64(36534))","(0, 0, 1, 1, 0, 1, 0, 1, 0, 1, 0, 0, 1, 0, 0, 0, 0, 0, 0, 0, 0, 0, 0, 0, 0, 0, 1, 0, 0, 0, 0, 1, 0, 0, 0, 0, 0, 0, 0, 0, 0, 1, 0, 0, 0, 0, 0, 0, 0, 1)"
6.054391,50,358.624994,0,"(np.int64(39015), np.int64(15306), np.int64(13932), np.int64(11649), np.int64(29162), np.int64(28168), np.int64(25905), np.int64(49040), np.int64(1602), np.int64(16165), np.int64(19579), np.int64(44995), np.int64(44738), np.int64(9153), np.int64(7468), np.int64(23919), np.int64(44275), np.int64(47210), np.int64(36164), np.int64(39568), np.int64(16565), np.int64(23365), np.int64(48056), np.int64(2670), np.int64(32579), np.int64(19151), np.int64(9447), np.int64(4701), np.int64(45912), np.int64(36183), np.int64(4844), np.int64(26992), np.int64(12646), np.int64(41179), np.int64(39053), np.int64(32600), np.int64(43762), np.int64(10311), np.int64(28756), np.int64(21546), np.int64(21249), np.int64(8145), np.int64(37561), np.int64(42794), np.int64(39302), np.int64(23573), np.int64(6932), np.int64(1432), np.int64(47419), np.int64(33444))","(0, 1, 0, 0, 0, 0, 0, 0, 0, 0, 1, 0, 1, 0, 1, 1, 0, 0, 0, 0, 0, 1, 0, 0, 0, 1, 1, 0, 0, 0, 0, 0, 0, 0, 0, 0, 0, 0, 0, 0, 0, 0, 0, 0, 0, 0, 0, 0, 0, 0)"
4.702054,50,359.088516,0,"(np.int64(40943), np.int64(17093), np.int64(35753), np.int64(6187), np.int64(26501), np.int64(8823), np.int64(3298), np.int64(25465), np.int64(12120), np.int64(12792), np.int64(30569), np.int64(42926), np.int64(19072), np.int64(32362), np.int64(39325), np.int64(17696), np.int64(3527), np.int64(13407), np.int64(36369), np.int64(30690), np.int64(21115), np.int64(33129), np.int64(26320), np.int64(6844), np.int64(629), np.int64(16793), np.int64(28554), np.int64(48775), np.int64(7395), np.int64(693), np.int64(12418), np.int64(6574), np.int64(8286), np.int64(24376), np.int64(46019), np.int64(28813), np.int64(8771), np.int64(13574), np.int64(46983), np.int64(31472), np.int64(35604), np.int64(36968), np.int64(4007), np.int64(14664), np.int64(47429), np.int64(16224), np.int64(42388), np.int64(31052), np.int64(37176), np.int64(10102))","(0, 0, 0, 0, 0, 0, 0, 0, 1, 1, 0, 0, 0, 0, 1, 0, 0, 0, 0, 0, 1, 0, 0, 0, 0, 0, 0, 0, 1, 0, 0, 0, 0, 0, 0, 0, 0, 0, 0, 0, 0, 0, 1, 0, 0, 0, 0, 0, 0, 0)"
3.884668,50,359.566999,0,"(np.int64(41763), np.int64(31489), np.int64(11203), np.int64(34047), np.int64(5080), np.int64(27321), np.int64(19477), np.int64(48246), np.int64(13062), np.int64(4636), np.int64(23551), np.int64(35384), np.int64(8150), np.int64(26190), np.int64(26273), np.int64(43080), np.int64(2147), np.int64(19347), np.int64(31043), np.int64(10230), np.int64(16111), np.int64(27602), np.int64(32088), np.int64(10755), np.int64(44981), np.int64(34800), np.int64(20415), np.int64(25701), np.int64(11889), np.int64(47582), np.int64(35796), np.int64(24859), np.int64(49743), np.int64(37230), np.int64(10446), np.int64(26434), np.int64(26536), np.int64(27855), np.int64(4390), np.int64(14208), np.int64(37488), np.int64(10543), np.int64(3644), np.int64(41940), np.int64(44910), np.int64(37292), np.int64(24775), np.int64(48744), np.int64(31941), np.int64(19520))","(0, 0, 0, 0, 0, 0, 0, 0, 0, 0, 0, 0, 0, 1, 0, 0, 0, 1, 0, 0, 0, 0, 0, 0, 0, 0, 0, 0, 0, 0, 0, 0, 0, 0, 0, 0, 1, 0, 0, 0, 0, 0, 1, 0, 0, 0, 0, 0, 0, 1)"
3.639262,50,360.039208,0,"(np.int64(11520), np.int64(36874), np.int64(26002), np.int64(37259), np.int64(22899), np.int64(44086), np.int64(31327), np.int64(39988), np.int64(11379), np.int64(3128), np.int64(18591), np.int64(28367), np.int64(36750), np.int64(9583), np.int64(36990), np.int64(23844), np.int64(3788), np.int64(35790), np.int64(6118), np.int64(46417), np.int64(7009), np.int64(32050), np.int64(47741), np.int64(3408), np.int64(24640), np.int64(10256), np.int64(12931), np.int64(25605), np.int64(38852), np.int64(41035), np.int64(46281), np.int64(33489), np.int64(10679), np.int64(36980), np.int64(22707), np.int64(45242), np.int64(38503), np.int64(32746), np.int64(48766), np.int64(6925), np.int64(19603), np.int64(3732), np.int64(12906), np.int64(4202), np.int64(7063), np.int64(39538), np.int64(41871), np.int64(5342), np.int64(4059), np.int64(21777))","(1, 0, 0, 0, 0, 0, 0, 0, 0, 0, 0, 0, 0, 0, 0, 1, 0, 1, 1, 0, 0, 0, 0, 0, 0, 0, 0, 0, 0, 0, 0, 0, 0, 0, 0, 0, 0, 0, 0, 0, 0, 0, 0, 0, 0, 1, 0, 0, 0, 0)"
3.577915,50,360.526036,0,"(np.int64(25055), np.int64(10177), np.int64(1291), np.int64(25930), np.int64(8727), np.int64(43305), np.int64(37443), np.int64(29245), np.int64(12580), np.int64(40399), np.int64(28252), np.int64(9106), np.int64(45723), np.int64(12524), np.int64(42170), np.int64(21769), np.int64(4360), np.int64(13035), np.int64(21350), np.int64(22490), np.int64(43482), np.int64(25554), np.int64(24345), np.int64(30196), np.int64(5174), np.int64(8720), np.int64(30455), np.int64(29042), np.int64(45454), np.int64(32418), np.int64(27078), np.int64(6841), np.int64(28030), np.int64(4811), np.int64(34566), np.int64(2761), np.int64(31652), np.int64(8801), np.int64(29434), np.int64(31357), np.int64(1151), np.int64(17475), np.int64(41406), np.int64(40798), np.int64(43439), np.int64(32513), np.int64(15226), np.int64(44220), np.int64(28947), np.int64(2075))","(0, 0, 0, 0, 0, 0, 0, 1, 0, 0, 0, 0, 1, 0, 0, 0, 0, 0, 0, 0, 0, 0, 1, 0, 0, 0, 0, 0, 0, 0, 0, 0, 0, 0, 0, 1, 0, 0, 0, 0, 1, 0, 0, 0, 0, 0, 0, 0, 0, 0)"
3.164444,50,360.983756,0,"(np.int64(9733), np.int64(37438), np.int64(37174), np.int64(38231), np.int64(13349), np.int64(49817), np.int64(25511), np.int64(5470), np.int64(31186), np.int64(14780), np.int64(5389), np.int64(3691), np.int64(18988), np.int64(26826), np.int64(503), np.int64(35273), np.int64(2143), np.int64(29976), np.int64(5605), np.int64(26192), np.int64(15684), np.int64(26837), np.int64(17552), np.int64(33081), np.int64(27839), np.int64(42970), np.int64(33839), np.int64(30324), np.int64(49338), np.int64(48878), np.int64(26752), np.int64(589), np.int64(8936), np.int64(43076), np.int64(15146), np.int64(9142), np.int64(10416), np.int64(12279), np.int64(27551), np.int64(39886), np.int64(49951), np.int64(32015), np.int64(1942), np.int64(43948), np.int64(13291), np.int64(24265), np.int64(26491), np.int64(15911), np.int64(13006), np.int64(32129))","(0, 0, 0, 0, 0, 0, 0, 0, 0, 0, 1, 0, 0, 0, 0, 0, 0, 0, 0, 0, 0, 0, 0, 0, 0, 0, 0, 0, 0, 0, 0, 0, 1, 0, 0, 1, 0, 0, 0, 0, 0, 0, 0, 0, 1, 0, 0, 0, 0, 0)"
