#{"t_start": 1745384291.4852328, "env_id": "None"}
r,l,t,user_id,item_interact,item_clicks
104.64882,200,3.122203,0,"(25512, 5467, 38501, 28739, 15958, 3925, 2970, 23150, 23647, 48144, 11369, 41070, 18510, 6408, 14948, 3562, 807, 20153, 8102, 36707, 15341, 26157, 46798, 23397, 25016, 4813, 35558, 28422, 27128, 24149, 27467, 11648, 2879, 14341, 48872, 30594, 23773, 19066, 17555, 5768, 17467, 20078, 617, 22430, 29963, 5220, 37169, 48656, 11015, 9978, 48863, 27759, 23683, 20501, 13212, 10175, 26841, 48755, 42561, 21400, 21516, 22800, 21763, 39055, 9540, 15337, 7327, 39011, 17303, 9264, 3413, 4946, 30406, 10699, 48995, 17689, 32839, 26323, 42890, 22862, 40133, 12441, 2589, 18293, 32248, 11139, 22928, 31258, 37452, 13912, 8387, 50002, 31562, 238, 8531, 42465, 27933, 26867, 48682, 43, 8574, 17786, 12781, 39364, 39266, 46434, 29070, 13238, 31421, 33063, 32144, 7267, 12231, 4923, 15582, 19802, 7472, 44172, 15070, 29750, 23878, 4791, 31997, 4252, 31937, 24006, 48731, 36176, 37139, 36975, 5345, 40988, 14920, 15135, 5200, 24515, 35225, 32275, 32856, 17153, 31278, 49177, 5776, 21886, 20098, 3637, 9329, 21288, 32163, 12916, 12557, 2391, 6343, 40632, 34092, 22761, 39569, 14363, 22306, 32212, 40647, 32297, 34766, 40798, 29632, 21990, 9296, 42588, 46913, 7429, 19629, 32350, 15309, 41980, 6414, 11827, 3911, 15847, 36877, 9444, 9808, 30280, 15377, 45623, 28650, 27566, 3266, 39902, 27413, 10726, 41823, 6193, 34487, 1705, 8566, 29207, 18294, 30756, 28655, 31886)","(1, 1, 0, 1, 1, 1, 1, 0, 1, 0, 0, 0, 1, 0, 1, 1, 1, 0, 1, 0, 1, 0, 0, 0, 1, 1, 1, 0, 0, 0, 0, 1, 1, 1, 0, 0, 1, 1, 0, 1, 0, 1, 1, 0, 0, 1, 1, 0, 0, 1, 0, 0, 1, 0, 1, 1, 1, 1, 1, 0, 1, 0, 0, 0, 1, 1, 1, 1, 0, 1, 1, 1, 0, 1, 0, 1, 0, 0, 0, 0, 0, 1, 1, 1, 0, 1, 0, 1, 1, 0, 1, 0, 1, 1, 1, 0, 1, 1, 0, 1, 1, 0, 1, 0, 1, 1, 1, 1, 1, 0, 0, 1, 1, 1, 1, 1, 1, 0, 1, 0, 0, 1, 1, 1, 1, 1, 0, 1, 0, 0, 0, 1, 0, 1, 1, 0, 0, 0, 0, 0, 1, 0, 1, 1, 1, 1, 1, 0, 1, 1, 1, 1, 0, 0, 0, 0, 0, 1, 0, 1, 0, 1, 0, 1, 0, 1, 0, 0, 1, 1, 1, 0, 1, 0, 1, 1, 1, 1, 0, 1, 0, 0, 1, 0, 0, 0, 1, 0, 0, 1, 0, 1, 0, 1, 1, 1, 1, 0, 1, 1)"
49.284361,200,6.147611,7,"(4684, 42655, 718, 7027, 994, 33220, 37853, 12947, 49870, 30610, 38545, 20890, 40101, 39153, 10644, 4902, 47369, 26311, 1247, 23195, 38014, 15539, 48983, 23706, 38291, 25229, 1172, 15865, 32314, 25884, 11938, 17684, 13148, 28651, 14552, 2587, 22352, 46048, 41063, 7678, 11520, 5850, 32700, 39322, 34145, 17616, 28365, 46825, 42840, 11853, 29385, 26485, 21993, 6904, 26055, 29150, 34056, 6687, 35977, 16582, 48050, 39175, 42508, 40889, 8724, 47146, 28404, 17803, 43402, 18434, 48499, 44397, 33662, 31947, 4902, 35860, 5992, 39973, 32691, 48599, 39271, 39657, 30188, 20291, 41186, 37599, 39140, 7018, 27718, 23964, 17952, 13692, 26747, 35284, 23261, 4542, 48608, 41386, 30394, 43354, 35550, 16951, 8630, 5554, 17388, 47477, 682, 19743, 18457, 26347, 4388, 49596, 17596, 48220, 21564, 47520, 1299, 4941, 4882, 38035, 6030, 13841, 16289, 43869, 21244, 14982, 45282, 18195, 19744, 42973, 7131, 39362, 12995, 45295, 15587, 16070, 1618, 30346, 2350, 1425, 24947, 36890, 5630, 13125, 12285, 32674, 36570, 38889, 46075, 11758, 35969, 20367, 13336, 31524, 28445, 24596, 46704, 34442, 19936, 44996, 33579, 46426, 38568, 981, 1911, 13979, 22442, 9583, 15622, 18643, 47218, 45473, 32346, 18214, 41389, 10868, 15558, 8407, 3236, 32910, 265, 34591, 27678, 41575, 10902, 6260, 28431, 43031, 3691, 4755, 48965, 16848, 25390, 585, 44255, 34943, 31311, 14068, 6112, 5156)","(1, 0, 1, 1, 1, 0, 0, 1, 0, 0, 0, 1, 0, 0, 1, 1, 0, 0, 1, 0, 0, 0, 0, 1, 0, 1, 1, 1, 0, 1, 1, 1, 1, 0, 1, 1, 0, 0, 0, 1, 1, 1, 0, 0, 0, 0, 0, 0, 0, 1, 0, 1, 1, 1, 1, 0, 0, 1, 0, 0, 0, 0, 0, 0, 0, 0, 0, 1, 0, 1, 0, 0, 0, 0, 0, 0, 1, 0, 0, 0, 0, 0, 0, 1, 0, 0, 0, 0, 1, 1, 0, 0, 0, 0, 0, 1, 0, 0, 0, 0, 0, 1, 1, 1, 0, 0, 1, 0, 1, 1, 1, 0, 0, 0, 1, 0, 1, 1, 1, 1, 1, 1, 1, 0, 1, 1, 0, 1, 0, 0, 1, 0, 0, 0, 0, 1, 1, 0, 1, 1, 1, 1, 1, 1, 0, 0, 1, 0, 0, 1, 0, 1, 1, 0, 0, 1, 0, 0, 1, 0, 0, 0, 0, 1, 1, 0, 0, 1, 1, 1, 0, 0, 0, 1, 0, 1, 1, 1, 0, 0, 1, 0, 0, 0, 1, 0, 0, 0, 1, 1, 1, 1, 1, 1, 0, 0, 1, 1, 1, 1)"
35.318383,200,9.138142,8,"(10396, 18916, 43203, 34588, 48593, 39878, 11549, 27207, 19779, 21678, 40910, 4322, 16334, 23261, 44964, 19955, 4863, 25446, 32297, 13265, 40529, 20956, 19017, 10950, 13716, 8848, 24626, 43690, 21658, 47466, 23266, 37208, 37308, 11330, 4553, 40286, 24175, 44375, 32559, 2838, 28985, 39095, 36950, 46215, 16157, 32589, 19610, 46715, 4380, 17492, 44035, 42102, 37423, 943, 42000, 46225, 36927, 3714, 16998, 30598, 30641, 31403, 26571, 29657, 36210, 23192, 36347, 39414, 1005, 34199, 42306, 5233, 30183, 4539, 11071, 40231, 5164, 29540, 14537, 31495, 19058, 28658, 19519, 7714, 5545, 38332, 1728, 25713, 39, 20425, 38733, 30007, 22778, 38877, 33704, 33811, 16373, 23332, 39385, 38371, 14415, 41071, 28896, 34202, 15517, 19274, 20021, 8211, 49511, 5714, 17991, 6218, 14009, 34352, 521, 23464, 24955, 25061, 14905, 34147, 5059, 25543, 32700, 10714, 28147, 40767, 46879, 46557, 9562, 945, 18646, 22384, 6115, 21796, 14388, 48335, 43740, 32213, 21379, 33131, 17994, 23669, 43107, 39368, 81, 25242, 42040, 10881, 11274, 6657, 46300, 13603, 2469, 47470, 4601, 34098, 1915, 22723, 39297, 8860, 27797, 28242, 37006, 7295, 13867, 26224, 5795, 3266, 23880, 13027, 37661, 8531, 4199, 27964, 28889, 24477, 7576, 18632, 44724, 36960, 7579, 47258, 11676, 43299, 37631, 37225, 27087, 25514, 47116, 41632, 6125, 30127, 49659, 49854, 23647, 28975, 2715, 48338, 36753, 20760)","(0, 0, 0, 0, 0, 0, 1, 0, 1, 1, 0, 1, 1, 0, 0, 1, 0, 1, 0, 1, 0, 1, 1, 1, 0, 0, 1, 0, 1, 0, 0, 0, 0, 1, 1, 0, 1, 0, 0, 1, 1, 0, 0, 0, 1, 0, 1, 0, 1, 0, 0, 0, 0, 1, 0, 0, 0, 1, 1, 0, 0, 0, 0, 0, 0, 0, 0, 0, 1, 0, 0, 1, 0, 1, 1, 0, 1, 0, 1, 0, 1, 1, 1, 1, 0, 0, 1, 0, 1, 1, 0, 0, 0, 0, 0, 0, 0, 0, 0, 0, 0, 0, 1, 0, 1, 1, 1, 1, 0, 1, 0, 1, 1, 0, 1, 1, 0, 0, 0, 0, 1, 1, 0, 1, 0, 0, 0, 0, 1, 1, 0, 0, 1, 0, 1, 0, 0, 0, 0, 0, 0, 1, 0, 0, 1, 1, 0, 1, 0, 1, 0, 1, 0, 0, 1, 0, 1, 0, 0, 1, 0, 0, 0, 0, 1, 1, 1, 1, 1, 0, 0, 1, 1, 1, 1, 1, 0, 0, 0, 0, 1, 0, 1, 0, 0, 0, 0, 1, 0, 0, 1, 0, 0, 0, 1, 1, 1, 0, 0, 1)"
116.079573,200,11.845303,0,"(44041, 20606, 27348, 41458, 961, 29726, 47250, 44078, 16064, 44914, 15314, 44032, 20309, 41216, 4257, 12801, 19846, 8295, 5793, 22716, 7197, 9314, 29844, 44451, 43811, 21371, 31425, 15817, 45648, 16497, 4772, 31331, 5273, 18385, 45273, 11606, 38244, 28034, 43263, 26425, 8255, 31406, 41924, 39933, 45410, 46983, 42960, 33631, 41117, 35567, 6408, 13498, 25968, 18559, 7047, 44496, 27874, 26184, 28708, 12664, 16605, 41113, 30483, 14635, 41613, 35232, 27661, 7383, 18835, 8077, 36115, 5777, 1700, 38403, 41027, 10252, 24476, 1949, 37920, 2364, 12741, 24426, 12150, 24067, 29529, 37224, 4831, 42954, 44630, 6103, 27248, 46563, 40069, 18575, 49473, 3199, 10813, 19206, 22774, 40652, 2005, 13250, 23052, 5396, 21301, 23170, 11296, 29768, 6769, 27023, 5403, 48938, 49574, 37542, 23568, 18592, 11829, 18065, 29029, 23531, 3293, 9736, 40316, 1342, 4960, 32993, 22950, 11930, 15046, 44669, 33564, 6063, 5534, 14925, 5647, 42179, 42788, 20314, 26829, 21197, 4958, 12251, 42821, 12633, 2123, 24750, 7690, 2758, 15123, 4678, 21690, 46639, 9481, 6983, 7787, 30930, 40743, 20727, 15970, 39496, 3975, 27723, 475, 10162, 31490, 13462, 35049, 16454, 49436, 27535, 13612, 33502, 40341, 14458, 33356, 13985, 33829, 40075, 33027, 8668, 18375, 15800, 13216, 46271, 40434, 2763, 12784, 10317, 2880, 1689, 33156, 16089, 17752, 9766, 46402, 44950, 32062, 4609, 26562, 20960)","(0, 1, 0, 0, 1, 1, 0, 0, 1, 0, 1, 0, 1, 0, 1, 1, 1, 1, 1, 0, 1, 1, 0, 0, 0, 1, 1, 0, 1, 0, 1, 1, 1, 1, 1, 1, 0, 0, 0, 1, 1, 0, 1, 0, 1, 0, 0, 0, 0, 0, 0, 1, 0, 1, 1, 0, 0, 0, 0, 1, 1, 1, 0, 0, 0, 0, 0, 1, 1, 1, 0, 1, 1, 1, 0, 1, 1, 1, 0, 1, 1, 1, 1, 1, 0, 1, 1, 0, 0, 1, 0, 0, 1, 0, 0, 1, 1, 1, 0, 0, 1, 1, 0, 1, 1, 0, 1, 1, 1, 0, 1, 0, 1, 0, 1, 0, 1, 0, 0, 1, 1, 1, 0, 1, 1, 1, 0, 1, 1, 0, 1, 1, 1, 1, 1, 1, 0, 0, 0, 1, 1, 1, 1, 1, 0, 0, 1, 1, 1, 1, 1, 1, 1, 1, 0, 0, 0, 0, 0, 1, 1, 0, 1, 1, 1, 1, 0, 1, 0, 0, 1, 0, 0, 1, 0, 1, 1, 0, 1, 1, 1, 1, 1, 1, 0, 1, 1, 1, 1, 1, 0, 1, 1, 1, 0, 1, 0, 0, 1, 1)"
133.981123,200,14.484751,2,"(34451, 1665, 28351, 10718, 36216, 23814, 45137, 13781, 38144, 9892, 22748, 7882, 27872, 25145, 44266, 26444, 11423, 7499, 7627, 11631, 22886, 18420, 49043, 39691, 1490, 30231, 43996, 41163, 14417, 34124, 9759, 15780, 27827, 29674, 7183, 48752, 6463, 14127, 15203, 17735, 3316, 28062, 15203, 23950, 48194, 17771, 26429, 44466, 7743, 23870, 31296, 16357, 49588, 19181, 41416, 34655, 13165, 5033, 34280, 37799, 16074, 2774, 26738, 32861, 33712, 12877, 48910, 10226, 47633, 48472, 12201, 41924, 5820, 19170, 49199, 12420, 20288, 8063, 35910, 24500, 26203, 47416, 41667, 5620, 24879, 8083, 23970, 28814, 21195, 47606, 20217, 31283, 6338, 42155, 12495, 29418, 19039, 45176, 49936, 20667, 26339, 22362, 20647, 2888, 44940, 12956, 26659, 17323, 4035, 47373, 1015, 32651, 34443, 6915, 34431, 35652, 23201, 42483, 2554, 10027, 22802, 35525, 42286, 15016, 16345, 4166, 21609, 14151, 28314, 28181, 32224, 46091, 2091, 44550, 47997, 7535, 38424, 29024, 46507, 37595, 13104, 30934, 12119, 37535, 1356, 19329, 30179, 26129, 9645, 20377, 48090, 33060, 27556, 19369, 32158, 49472, 41514, 14949, 16980, 47897, 39254, 42983, 12051, 22381, 24658, 31285, 11428, 23509, 44409, 49775, 38952, 11257, 7410, 23225, 46849, 4323, 16789, 48877, 3628, 26604, 15317, 46093, 46953, 2661, 34805, 19590, 25929, 24130, 19276, 39354, 42603, 38183, 38137, 42654, 28401, 10572, 13234, 28794, 22151, 5064)","(0, 1, 0, 0, 1, 1, 0, 0, 1, 1, 0, 1, 1, 1, 0, 1, 1, 1, 1, 1, 0, 1, 1, 1, 1, 0, 0, 1, 1, 1, 1, 1, 1, 1, 1, 1, 1, 1, 1, 1, 1, 1, 0, 0, 0, 1, 1, 0, 1, 1, 1, 1, 0, 1, 1, 1, 1, 1, 0, 1, 1, 1, 0, 0, 0, 0, 0, 1, 0, 0, 1, 1, 1, 1, 0, 1, 1, 0, 1, 1, 1, 0, 1, 1, 1, 1, 1, 1, 1, 1, 1, 1, 1, 0, 1, 0, 1, 1, 0, 1, 1, 0, 1, 1, 0, 1, 1, 0, 1, 0, 1, 0, 1, 1, 1, 1, 0, 0, 1, 1, 0, 1, 0, 1, 1, 1, 0, 1, 0, 0, 1, 0, 1, 0, 0, 1, 1, 1, 1, 1, 1, 0, 1, 0, 1, 1, 0, 1, 1, 0, 0, 1, 0, 1, 0, 0, 1, 1, 1, 0, 0, 1, 1, 0, 1, 1, 1, 1, 0, 1, 1, 0, 1, 0, 0, 1, 0, 1, 1, 1, 1, 0, 0, 1, 0, 1, 0, 1, 1, 0, 0, 1, 1, 0, 0, 1, 1, 1, 1, 1)"
98.29753,200,17.072576,6,"(24077, 38982, 33003, 43349, 28427, 12004, 45229, 9366, 26399, 35593, 2760, 27981, 26762, 2809, 42852, 49771, 16204, 4938, 28683, 16458, 36713, 45190, 16036, 21352, 30642, 22641, 23455, 11900, 1852, 35250, 5154, 48949, 22196, 8269, 4363, 16296, 38520, 38784, 27435, 27149, 19509, 12699, 15752, 44447, 31857, 5795, 48223, 40806, 41291, 34279, 25936, 39810, 48376, 27305, 31072, 47503, 11438, 13425, 6913, 1353, 30254, 19626, 40622, 37901, 15891, 36831, 3727, 11241, 40735, 9132, 19942, 8181, 9262, 20963, 47155, 34373, 38178, 24858, 30943, 3541, 1261, 776, 33698, 29293, 638, 26737, 688, 24651, 3974, 47936, 12520, 37257, 9440, 29018, 6357, 38381, 48373, 43430, 32428, 42021, 18744, 26746, 13732, 47728, 49043, 42497, 31486, 7731, 49486, 42530, 43354, 40987, 13974, 10226, 24367, 33267, 31414, 45667, 47978, 8616, 831, 13098, 48913, 47068, 13346, 45126, 28558, 31249, 1537, 2946, 49440, 38892, 15607, 28006, 28147, 49937, 31880, 40882, 21629, 30457, 49302, 48571, 26460, 32749, 14314, 16998, 46399, 36485, 1698, 1549, 17471, 39331, 3855, 16306, 48420, 47995, 12391, 43855, 45054, 43760, 32030, 31472, 40436, 35869, 11742, 6771, 47359, 9879, 34940, 47037, 49425, 10409, 11586, 11229, 25261, 8925, 45363, 42958, 10988, 41697, 1239, 35549, 5911, 39197, 12825, 15354, 49816, 37076, 32765, 46978, 8029, 15572, 34662, 31041, 40337, 24696, 28053, 11260, 17089, 41322)","(1, 1, 1, 0, 1, 1, 0, 1, 1, 1, 0, 1, 1, 1, 0, 1, 1, 1, 1, 0, 0, 0, 1, 1, 0, 0, 1, 1, 1, 0, 1, 1, 0, 1, 1, 1, 0, 0, 0, 1, 1, 1, 1, 0, 1, 1, 0, 0, 0, 0, 0, 1, 1, 1, 1, 0, 1, 1, 1, 1, 0, 1, 1, 1, 1, 1, 1, 1, 0, 1, 1, 1, 1, 0, 0, 0, 0, 1, 0, 1, 1, 1, 0, 1, 1, 0, 1, 1, 1, 1, 1, 1, 1, 1, 1, 1, 1, 0, 0, 0, 0, 0, 0, 0, 1, 1, 0, 1, 0, 1, 0, 0, 0, 1, 1, 1, 1, 0, 0, 1, 1, 0, 0, 0, 1, 0, 1, 1, 1, 1, 0, 0, 0, 1, 0, 0, 1, 0, 1, 0, 1, 0, 1, 0, 1, 1, 0, 1, 0, 0, 0, 0, 1, 1, 0, 1, 1, 0, 0, 0, 1, 0, 0, 0, 1, 1, 1, 1, 0, 0, 0, 1, 1, 1, 0, 1, 0, 0, 1, 1, 1, 1, 1, 1, 1, 1, 0, 1, 0, 0, 1, 1, 0, 1, 0, 1, 0, 0, 0, 1)"
75.667333,200,19.972114,0,"(29056, 18871, 5982, 22364, 18591, 30135, 9378, 48514, 14803, 41759, 9222, 38915, 15274, 15096, 45617, 38004, 22134, 38135, 7054, 1087, 40071, 40724, 18116, 31961, 14140, 44425, 36570, 47906, 7408, 413, 39412, 22453, 2443, 29781, 28401, 2461, 39915, 26353, 46631, 4110, 3199, 48963, 10772, 31870, 40348, 22527, 34885, 25356, 41896, 9993, 4957, 44946, 42233, 30928, 42590, 41173, 23207, 47103, 28427, 1983, 2570, 45908, 45419, 9081, 26512, 17690, 19753, 20181, 29577, 4014, 2774, 25408, 9564, 5385, 37309, 38120, 11462, 46166, 128, 23063, 30489, 46029, 26499, 30130, 15916, 3575, 10149, 42245, 36893, 26552, 16280, 14825, 5594, 38958, 22864, 22685, 33651, 4524, 18570, 35983, 40366, 20768, 827, 44124, 17264, 41247, 3204, 16648, 18231, 6042, 19891, 9595, 22220, 20762, 11469, 43298, 28483, 9338, 35976, 8272, 45093, 13449, 2155, 5406, 5901, 14812, 28076, 42137, 36546, 16716, 24961, 5515, 33189, 10182, 42805, 1563, 36970, 24610, 1753, 3418, 19639, 18752, 12366, 42039, 23756, 32477, 34487, 8095, 13197, 47688, 15149, 39404, 47461, 47715, 38866, 48535, 3274, 42135, 30753, 22030, 3107, 20499, 13766, 38425, 39037, 33407, 47984, 34940, 6164, 12883, 49009, 25017, 23429, 14149, 22195, 49709, 28436, 6042, 47381, 24434, 435, 14521, 24939, 40793, 25471, 36804, 39715, 19225, 47889, 24933, 22388, 47800, 34376, 6590, 41312, 20031, 12611, 1074, 25435, 36911)","(1, 0, 1, 0, 1, 0, 1, 0, 1, 0, 1, 0, 1, 1, 0, 0, 1, 0, 1, 1, 0, 0, 0, 0, 1, 0, 0, 0, 1, 1, 0, 0, 0, 0, 0, 1, 0, 0, 0, 1, 1, 1, 1, 0, 0, 0, 0, 1, 0, 1, 1, 0, 0, 0, 0, 0, 0, 0, 1, 1, 1, 0, 1, 0, 1, 1, 1, 0, 0, 0, 1, 1, 1, 1, 0, 1, 1, 0, 0, 0, 0, 0, 1, 0, 0, 1, 1, 0, 0, 0, 1, 1, 1, 1, 0, 0, 0, 1, 0, 0, 0, 1, 0, 0, 0, 0, 1, 1, 1, 1, 1, 1, 1, 1, 1, 0, 1, 1, 0, 1, 0, 1, 1, 1, 1, 1, 0, 0, 0, 1, 1, 1, 1, 1, 0, 1, 0, 0, 1, 1, 0, 0, 1, 1, 1, 1, 0, 1, 1, 0, 1, 0, 0, 0, 1, 0, 0, 1, 0, 1, 1, 1, 0, 1, 0, 0, 0, 0, 1, 0, 1, 1, 1, 1, 0, 0, 1, 0, 0, 0, 1, 1, 1, 0, 1, 0, 0, 1, 0, 1, 0, 0, 0, 1, 1, 0, 0, 1, 1, 0)"
122.242598,200,22.754702,1,"(14644, 2436, 17440, 15118, 18315, 13154, 43507, 47520, 45746, 16488, 34104, 10207, 44238, 2918, 7281, 31418, 16537, 2864, 47896, 23685, 25193, 12938, 1880, 4732, 40168, 8783, 48083, 5712, 44285, 42601, 7168, 8189, 26732, 33476, 20458, 38326, 14590, 42309, 37487, 33288, 40820, 25756, 11906, 28144, 28207, 21591, 7912, 39980, 29617, 36198, 13467, 36411, 9743, 5150, 7523, 35130, 2284, 38285, 23000, 41832, 16779, 42434, 23313, 29438, 23709, 23745, 44042, 38647, 35698, 13404, 47652, 9286, 17254, 772, 2033, 21114, 1522, 12377, 13281, 46752, 4656, 27052, 47758, 30325, 44573, 16384, 7565, 38990, 39237, 5407, 20344, 18271, 40164, 34102, 5245, 25681, 27999, 33076, 11115, 45887, 2928, 36023, 41723, 17779, 1826, 44012, 8083, 11758, 22857, 29604, 20166, 5691, 28549, 31432, 27884, 32833, 22363, 21276, 14432, 5908, 8607, 23537, 41719, 46276, 6926, 46657, 38544, 47033, 45462, 25578, 19605, 48759, 9638, 37874, 18455, 49592, 26098, 12397, 7067, 26338, 38444, 5150, 46044, 14379, 38332, 28237, 33976, 8835, 15767, 5082, 20226, 21480, 34856, 9751, 37199, 23250, 1754, 2912, 37566, 16359, 39516, 10453, 11151, 43241, 19005, 40961, 13764, 11040, 5943, 3947, 31202, 8033, 15824, 397, 6893, 26732, 26811, 4923, 21990, 905, 48389, 6534, 17377, 19604, 25603, 27327, 22763, 7823, 29784, 32820, 28452, 12761, 21610, 18732, 37529, 13454, 22030, 21011, 14445, 41271)","(1, 1, 1, 1, 1, 1, 0, 0, 1, 0, 0, 1, 0, 1, 1, 1, 1, 1, 0, 0, 1, 1, 1, 1, 1, 1, 0, 1, 0, 0, 1, 1, 0, 0, 1, 0, 1, 0, 0, 1, 1, 0, 1, 1, 0, 0, 0, 0, 0, 0, 1, 0, 1, 1, 1, 0, 1, 1, 0, 1, 1, 0, 0, 0, 0, 1, 0, 0, 1, 1, 1, 1, 1, 1, 1, 1, 1, 1, 1, 0, 1, 1, 0, 0, 0, 0, 1, 1, 1, 1, 1, 0, 0, 0, 1, 1, 1, 1, 1, 0, 1, 0, 0, 0, 1, 0, 1, 1, 0, 1, 1, 1, 1, 0, 1, 0, 0, 1, 1, 1, 1, 0, 1, 1, 1, 0, 1, 1, 1, 0, 1, 1, 1, 1, 0, 0, 1, 1, 0, 0, 0, 0, 0, 1, 1, 0, 1, 1, 1, 1, 1, 1, 0, 1, 1, 0, 1, 1, 0, 0, 0, 1, 1, 0, 1, 0, 0, 1, 1, 1, 0, 0, 1, 1, 1, 0, 1, 1, 1, 1, 1, 1, 1, 1, 1, 1, 0, 0, 0, 0, 1, 0, 1, 1, 1, 1, 1, 1, 1, 0)"
123.726972,200,25.225461,2,"(1484, 11332, 41079, 9409, 18376, 27562, 29911, 24120, 1235, 37678, 4802, 45785, 21412, 38768, 12973, 11448, 37255, 38020, 4680, 31394, 28385, 9999, 26889, 30680, 46481, 20893, 22046, 42769, 33307, 615, 7525, 17633, 1161, 30585, 8264, 18786, 36383, 38799, 42020, 10613, 22727, 23604, 2322, 42303, 18014, 17233, 1203, 2270, 34566, 33927, 45294, 24755, 16721, 17688, 4155, 23299, 47720, 24548, 43784, 9089, 38101, 33785, 10037, 22997, 23581, 33446, 46201, 24359, 2342, 31361, 19886, 5219, 42499, 16095, 17253, 22972, 28317, 12527, 15216, 4849, 27130, 30178, 40838, 33239, 44382, 22974, 34338, 18767, 43899, 42998, 38358, 31578, 15000, 39452, 42676, 46488, 6261, 28908, 18804, 4612, 4861, 1650, 47141, 30750, 21021, 32680, 9319, 14923, 27690, 19599, 33455, 40639, 46611, 43473, 14013, 44038, 39173, 44950, 3766, 10459, 31576, 27830, 6501, 7542, 28227, 13411, 14459, 39032, 25949, 42211, 34092, 15049, 4407, 40363, 19671, 5409, 45500, 34754, 10342, 34309, 31366, 41812, 6693, 17876, 23789, 40574, 33920, 36942, 35037, 30390, 7503, 18221, 14397, 8154, 33209, 21398, 39563, 25586, 32927, 38924, 22419, 41997, 39175, 2545, 5720, 28140, 4879, 21124, 24367, 2719, 35122, 27109, 7444, 7878, 31084, 26273, 39124, 10977, 8797, 43594, 48535, 34395, 32569, 25870, 30195, 42379, 10545, 34686, 27738, 19689, 17567, 5247, 41939, 6061, 40314, 31394, 12110, 49748, 33136, 2209)","(1, 1, 0, 1, 1, 0, 0, 0, 1, 0, 1, 1, 1, 1, 1, 1, 1, 1, 1, 1, 0, 0, 1, 0, 0, 1, 1, 0, 0, 1, 1, 1, 0, 0, 1, 1, 1, 0, 1, 1, 0, 1, 1, 0, 1, 1, 1, 1, 0, 0, 1, 1, 1, 1, 1, 0, 0, 0, 0, 1, 0, 0, 1, 0, 1, 1, 1, 1, 0, 1, 0, 1, 0, 1, 1, 0, 0, 1, 1, 1, 1, 0, 0, 0, 0, 0, 1, 1, 0, 1, 1, 1, 1, 1, 0, 1, 1, 1, 1, 1, 1, 1, 0, 0, 1, 0, 1, 1, 0, 1, 1, 0, 0, 0, 1, 1, 1, 1, 1, 0, 0, 1, 1, 1, 0, 1, 1, 1, 1, 0, 0, 1, 1, 0, 0, 1, 1, 0, 1, 1, 1, 0, 1, 1, 1, 0, 0, 1, 0, 0, 1, 1, 1, 1, 0, 1, 0, 1, 0, 1, 0, 0, 1, 1, 1, 1, 1, 1, 1, 1, 0, 0, 1, 1, 1, 1, 1, 1, 0, 0, 0, 1, 0, 1, 0, 0, 1, 1, 1, 1, 1, 1, 1, 1, 0, 0, 1, 0, 1, 1)"
114.748926,200,27.748223,5,"(33798, 38265, 26098, 8900, 46688, 40566, 26647, 8020, 28349, 13521, 17390, 3042, 16115, 679, 4650, 12959, 412, 15020, 11570, 29368, 23342, 48669, 30534, 43767, 42000, 19980, 4777, 21360, 7879, 20775, 38591, 13884, 7250, 42842, 12146, 9434, 2584, 22052, 13429, 8261, 20999, 19639, 36455, 23169, 49472, 29936, 29315, 42195, 27916, 29336, 13327, 44359, 18063, 49960, 33796, 35540, 46917, 30826, 43008, 26051, 13532, 1085, 19651, 3040, 10627, 29932, 38546, 16331, 19098, 33656, 25488, 46063, 8278, 33388, 8230, 39617, 33672, 21682, 24273, 31510, 4755, 46554, 28157, 41661, 28981, 24647, 40209, 37039, 18014, 35122, 482, 951, 31901, 9718, 37703, 17021, 19426, 45049, 20132, 4693, 23014, 46288, 45336, 33667, 15204, 2028, 19242, 12995, 11472, 17857, 10731, 11269, 12177, 28507, 35631, 32854, 35250, 49568, 34994, 23659, 20841, 46930, 434, 13297, 6796, 41028, 12431, 15687, 37051, 24394, 15074, 1404, 46538, 42632, 29517, 49243, 5500, 7445, 10855, 19864, 10144, 45444, 39339, 23323, 33481, 35147, 20963, 13153, 41848, 35010, 13803, 30914, 19400, 36756, 23984, 4581, 23723, 12104, 23530, 12600, 44003, 34698, 6428, 14491, 34129, 32585, 38251, 7529, 26764, 35916, 13261, 48507, 7861, 47798, 26027, 45716, 26982, 43606, 25290, 41054, 30757, 17043, 18669, 28959, 3566, 21174, 25988, 3827, 40519, 25590, 4272, 4985, 13784, 18855, 48140, 1102, 46899, 40329, 14274, 39016)","(0, 0, 0, 1, 0, 0, 0, 1, 0, 0, 0, 1, 0, 1, 1, 1, 1, 1, 1, 1, 0, 0, 0, 0, 0, 1, 1, 1, 1, 1, 0, 1, 1, 0, 1, 1, 1, 0, 1, 1, 0, 0, 0, 0, 0, 0, 1, 0, 1, 0, 1, 0, 1, 0, 1, 1, 0, 0, 1, 0, 1, 1, 0, 1, 1, 0, 1, 1, 1, 0, 0, 0, 1, 1, 1, 0, 0, 1, 1, 0, 1, 0, 0, 0, 1, 1, 0, 1, 1, 0, 1, 1, 1, 1, 1, 1, 1, 0, 1, 1, 0, 0, 1, 0, 1, 1, 1, 0, 1, 0, 1, 0, 1, 1, 0, 1, 0, 0, 1, 1, 0, 1, 1, 1, 1, 0, 1, 1, 1, 1, 1, 0, 1, 1, 1, 0, 1, 1, 1, 1, 1, 0, 1, 1, 1, 0, 0, 1, 1, 0, 0, 0, 0, 0, 1, 1, 1, 1, 0, 1, 0, 1, 1, 1, 0, 0, 1, 1, 1, 0, 1, 1, 1, 0, 1, 0, 0, 0, 1, 1, 0, 1, 1, 1, 1, 1, 1, 1, 0, 1, 1, 1, 0, 1, 0, 1, 0, 1, 1, 1)"
97.092348,200,41.319319,6,"(1827, 1619, 33995, 23261, 6317, 26484, 33290, 21645, 1345, 26178, 37788, 39673, 37342, 2549, 12020, 17875, 7745, 46087, 41699, 19705, 25824, 836, 38962, 29848, 10324, 7511, 46987, 40259, 42941, 31085, 5206, 21255, 40247, 49650, 18725, 16348, 8648, 41278, 42056, 10163, 40570, 42305, 36272, 38586, 9280, 26076, 11216, 18756, 45847, 42882, 14, 18375, 10623, 43718, 25039, 15833, 7010, 7490, 2086, 45953, 12409, 14526, 45574, 17847, 13829, 8240, 30376, 4933, 14778, 40095, 30760, 19277, 38153, 1567, 41911, 15476, 5631, 33260, 44534, 23603, 20069, 8174, 22649, 21049, 26747, 13796, 26368, 32001, 27178, 41458, 1972, 48549, 29973, 14043, 20100, 34133, 45563, 22051, 35750, 12859, 43411, 187, 34133, 7593, 38168, 19216, 43379, 37045, 47094, 28617, 42319, 33151, 125, 36319, 46260, 1194, 40365, 50011, 41560, 32442, 18262, 39435, 7088, 5034, 23829, 9085, 10866, 35723, 36648, 46416, 11100, 10608, 49315, 8402, 3198, 40351, 5780, 6883, 34345, 42329, 18371, 28089, 2394, 7813, 39761, 24910, 37276, 17099, 14769, 25710, 19084, 22, 16241, 4886, 33278, 41838, 23042, 4590, 10746, 24075, 20128, 31163, 3892, 9287, 32238, 48979, 49605, 30093, 44266, 47406, 48869, 7012, 33620, 37893, 188, 12502, 28153, 46180, 32141, 9344, 48659, 4376, 17035, 18385, 32317, 34429, 49813, 32086, 3196, 4361, 47136, 37668, 13189, 12033, 33126, 34894, 26784, 23145, 38736, 22535)","(1, 1, 0, 0, 1, 1, 0, 1, 1, 1, 0, 0, 0, 1, 1, 1, 1, 0, 0, 1, 0, 1, 1, 0, 1, 1, 0, 0, 0, 1, 1, 1, 0, 0, 1, 1, 1, 0, 0, 0, 0, 0, 0, 0, 1, 1, 1, 1, 0, 0, 1, 1, 1, 0, 1, 0, 1, 1, 1, 0, 1, 0, 1, 0, 1, 1, 0, 1, 1, 0, 0, 1, 0, 1, 0, 1, 1, 1, 0, 1, 0, 1, 0, 1, 0, 0, 1, 1, 1, 0, 1, 0, 0, 1, 1, 0, 0, 1, 1, 1, 0, 1, 0, 1, 0, 1, 0, 1, 0, 1, 0, 0, 0, 1, 0, 1, 0, 1, 0, 1, 0, 0, 1, 1, 1, 1, 1, 1, 0, 1, 1, 1, 0, 1, 1, 0, 1, 0, 1, 0, 1, 0, 1, 1, 0, 0, 1, 1, 1, 0, 1, 1, 1, 1, 0, 0, 0, 1, 0, 1, 1, 1, 1, 1, 1, 1, 0, 0, 0, 0, 0, 1, 1, 0, 1, 1, 1, 0, 1, 1, 1, 1, 1, 1, 1, 0, 0, 1, 1, 1, 1, 0, 1, 1, 0, 0, 1, 0, 0, 0)"
31.371864,200,44.346702,8,"(28752, 19826, 17248, 6661, 21231, 22237, 153, 19269, 40086, 37875, 41967, 8277, 25655, 23548, 7062, 9912, 18516, 38158, 43304, 17885, 12599, 32819, 14232, 28794, 39038, 8390, 183, 7126, 43166, 12569, 20183, 30436, 36162, 23381, 42602, 22004, 26947, 30342, 19648, 12833, 3604, 45529, 30319, 33801, 2708, 16481, 24319, 21483, 13831, 46564, 42249, 7181, 32910, 24274, 15340, 3276, 47073, 44658, 42142, 19747, 22160, 15932, 4133, 9387, 37569, 38336, 32019, 39295, 17171, 39947, 13201, 3364, 24258, 22221, 41119, 16927, 43348, 20981, 37242, 37208, 38192, 3979, 45251, 8484, 15521, 27303, 3503, 37412, 21510, 18469, 39125, 12535, 9146, 23861, 13512, 41946, 17784, 43106, 43833, 45761, 39014, 29274, 24953, 9939, 25051, 40924, 14727, 21910, 12706, 7926, 2510, 17335, 46603, 44136, 27518, 29482, 28699, 17562, 27807, 35920, 38457, 35182, 36284, 21365, 14880, 30315, 13096, 14359, 7907, 19950, 33955, 38952, 3087, 24192, 33384, 42528, 34661, 4067, 24803, 8875, 4948, 40946, 4355, 2735, 461, 6677, 48283, 35555, 44639, 4919, 46005, 27341, 42339, 3589, 49188, 19033, 11051, 44557, 8227, 25598, 2409, 47721, 21180, 8341, 20384, 20502, 46273, 26875, 49309, 22593, 45686, 1384, 36772, 10228, 45663, 23199, 37714, 44184, 10276, 43005, 3847, 12808, 32567, 34916, 1406, 29262, 33740, 27419, 7098, 14780, 7638, 29912, 33665, 17531, 16074, 43341, 32824, 15720, 27048, 35178)","(1, 1, 0, 1, 1, 0, 1, 1, 0, 0, 0, 1, 0, 1, 1, 0, 0, 0, 0, 0, 1, 0, 1, 1, 0, 0, 1, 0, 0, 1, 1, 0, 0, 0, 0, 1, 0, 0, 1, 1, 1, 0, 0, 0, 1, 1, 0, 1, 1, 0, 0, 0, 0, 0, 1, 1, 0, 0, 0, 0, 1, 1, 1, 1, 0, 0, 0, 0, 0, 0, 1, 1, 1, 0, 0, 1, 0, 0, 0, 0, 0, 1, 0, 1, 1, 0, 1, 0, 1, 0, 0, 1, 1, 1, 1, 0, 0, 0, 0, 0, 0, 1, 0, 1, 0, 0, 1, 1, 1, 0, 0, 0, 0, 0, 0, 0, 1, 0, 0, 0, 0, 0, 0, 1, 1, 0, 1, 1, 1, 0, 0, 0, 1, 1, 0, 0, 0, 1, 1, 1, 1, 0, 1, 1, 1, 1, 0, 0, 0, 1, 0, 1, 0, 1, 0, 1, 0, 0, 1, 0, 0, 0, 1, 1, 0, 0, 0, 0, 0, 0, 0, 1, 0, 1, 0, 0, 0, 0, 1, 0, 1, 1, 0, 0, 0, 0, 0, 0, 1, 1, 1, 0, 0, 0, 1, 0, 0, 0, 0, 0)"
71.683952,200,46.91935,7,"(21537, 13774, 23361, 36388, 49496, 49165, 10009, 42, 48927, 45822, 30709, 36930, 33168, 30688, 26796, 38815, 34124, 44235, 20125, 4016, 10863, 16901, 49803, 15126, 29774, 30326, 32280, 25694, 17493, 31950, 21090, 27450, 24289, 7790, 34834, 49154, 1488, 38163, 44209, 22149, 46472, 39386, 6987, 1899, 8601, 970, 15428, 30017, 5843, 38136, 4970, 38114, 2934, 4472, 4419, 7628, 5538, 15453, 25274, 3118, 3124, 22434, 5984, 28661, 37944, 20229, 41517, 40234, 28558, 33072, 37502, 22943, 32992, 43311, 25994, 29932, 56, 2914, 14813, 1100, 23186, 36981, 2492, 23235, 10821, 43151, 31195, 45656, 21940, 49254, 15890, 13278, 43018, 29862, 31995, 3925, 7082, 46035, 30839, 29647, 16689, 46813, 42888, 33615, 37374, 21339, 30191, 24451, 3993, 24867, 33045, 43363, 18974, 18388, 28944, 14387, 17335, 37051, 31920, 41243, 44018, 39343, 15973, 37391, 14569, 5755, 32922, 7630, 32585, 20121, 43839, 32359, 11908, 27001, 14129, 9843, 32576, 9077, 33027, 31355, 6878, 22260, 23766, 17478, 1536, 26983, 47155, 38799, 12817, 29728, 37477, 34324, 10125, 22823, 35439, 31745, 33895, 34268, 2719, 14227, 3423, 22019, 18120, 18577, 21839, 3815, 3387, 26355, 48457, 44825, 2917, 11490, 41021, 13334, 23427, 14190, 6148, 12040, 1168, 45693, 21778, 34777, 13309, 3858, 4427, 27874, 37796, 13566, 21757, 23786, 26685, 7745, 23917, 33562, 5606, 24669, 1497, 16089, 42460, 47092)","(1, 0, 1, 0, 1, 0, 1, 1, 0, 0, 0, 0, 0, 0, 1, 0, 0, 0, 1, 1, 1, 0, 0, 1, 0, 0, 0, 0, 1, 0, 1, 0, 1, 1, 0, 0, 1, 0, 0, 1, 0, 0, 1, 1, 1, 1, 1, 0, 1, 0, 1, 0, 1, 1, 1, 1, 1, 1, 0, 1, 1, 0, 1, 1, 1, 1, 0, 0, 1, 0, 1, 0, 0, 0, 0, 0, 1, 0, 0, 1, 0, 0, 0, 0, 1, 0, 0, 0, 1, 1, 1, 1, 0, 0, 0, 1, 1, 0, 0, 0, 1, 0, 0, 0, 0, 0, 0, 1, 1, 0, 0, 0, 1, 0, 1, 1, 0, 1, 0, 0, 0, 0, 0, 1, 0, 1, 0, 1, 0, 1, 0, 0, 1, 1, 1, 1, 0, 1, 0, 1, 1, 0, 1, 1, 1, 0, 0, 0, 1, 0, 0, 0, 1, 0, 0, 0, 0, 0, 1, 1, 1, 1, 0, 0, 1, 1, 1, 1, 0, 0, 1, 1, 0, 1, 1, 1, 1, 1, 1, 0, 1, 0, 1, 1, 1, 1, 1, 1, 1, 1, 1, 1, 1, 0, 1, 1, 1, 1, 0, 0)"
113.24468,200,50.034583,1,"(17109, 27039, 33694, 34460, 12244, 39236, 48380, 36049, 46775, 40001, 15111, 17274, 43996, 48335, 24057, 28443, 39093, 8546, 46415, 46193, 39465, 6968, 25602, 24162, 35023, 29323, 23729, 39110, 24985, 29628, 2035, 36988, 11093, 35428, 3061, 35555, 18379, 5432, 49507, 16287, 37430, 5687, 1259, 21194, 49718, 46389, 45711, 41670, 10393, 39905, 26817, 48240, 39120, 11776, 26678, 19341, 19353, 28760, 33207, 49185, 33327, 32531, 15117, 31052, 136, 20738, 25235, 32757, 38922, 26954, 8728, 20224, 38484, 43074, 15588, 6675, 41266, 40545, 25826, 31012, 14734, 39590, 25467, 2983, 41308, 19713, 19282, 9739, 41567, 22434, 17882, 14232, 30471, 19844, 27242, 49638, 23736, 11020, 44533, 45153, 49598, 16574, 34611, 1733, 6425, 21196, 6333, 49669, 15722, 29399, 16910, 27734, 16389, 7246, 21595, 37979, 38408, 33577, 5415, 23130, 14591, 20324, 49226, 15236, 33605, 34457, 48039, 3685, 20530, 19960, 24420, 45806, 21124, 49538, 2384, 14330, 23189, 46941, 26271, 29532, 5140, 11346, 8933, 12720, 46790, 3309, 4238, 48211, 27298, 28220, 3377, 14131, 25231, 6757, 6600, 47448, 40816, 13440, 46132, 31687, 2582, 27972, 9774, 19897, 38717, 22395, 30438, 12715, 29951, 17674, 35315, 47599, 8460, 33876, 48460, 34904, 43161, 32008, 24679, 25121, 10995, 48647, 15337, 24210, 44301, 18084, 44393, 203, 20752, 6767, 42963, 20717, 26494, 21683, 40020, 45435, 8861, 6046, 30036, 10040)","(1, 1, 1, 0, 1, 0, 0, 0, 0, 1, 1, 0, 0, 0, 1, 0, 0, 1, 0, 1, 0, 1, 1, 0, 1, 1, 1, 0, 1, 1, 1, 0, 1, 0, 1, 0, 0, 1, 1, 1, 0, 1, 1, 1, 0, 0, 1, 1, 1, 1, 1, 0, 1, 1, 1, 1, 1, 0, 1, 1, 0, 0, 1, 0, 1, 1, 0, 0, 0, 0, 0, 1, 0, 1, 1, 1, 0, 0, 0, 0, 1, 0, 0, 1, 1, 1, 1, 1, 0, 0, 1, 1, 0, 1, 1, 0, 1, 1, 0, 0, 0, 1, 1, 1, 0, 1, 1, 0, 1, 1, 1, 1, 1, 0, 1, 0, 1, 1, 1, 0, 1, 1, 0, 1, 0, 1, 0, 1, 0, 1, 1, 0, 1, 1, 0, 1, 0, 1, 1, 1, 1, 0, 1, 1, 0, 1, 1, 1, 0, 0, 1, 1, 1, 1, 1, 1, 1, 1, 0, 0, 1, 0, 1, 0, 0, 0, 0, 1, 0, 0, 1, 0, 1, 0, 1, 1, 1, 0, 0, 0, 0, 1, 1, 1, 0, 0, 0, 1, 1, 1, 0, 1, 1, 1, 1, 0, 1, 1, 0, 1)"
143.450306,200,53.248592,2,"(37190, 26098, 23288, 39142, 3640, 48542, 27319, 47783, 17785, 34197, 34878, 49424, 10736, 40547, 42749, 42012, 26614, 7997, 32115, 9971, 24545, 48301, 4070, 23963, 27327, 43329, 13637, 31212, 39243, 39418, 6130, 1296, 36333, 34033, 47917, 29712, 39990, 27257, 21712, 26986, 24849, 29414, 18129, 24325, 26973, 5214, 48912, 46008, 42350, 20590, 35459, 26878, 7697, 749, 40898, 37684, 9736, 40862, 42461, 133, 43818, 39052, 1608, 28319, 43978, 4274, 10720, 20345, 36977, 40471, 29085, 43930, 31710, 13469, 8385, 9837, 22765, 19371, 17731, 28736, 32415, 3809, 37524, 44758, 21058, 49346, 28055, 36361, 24811, 8796, 10519, 19837, 15357, 41276, 6071, 25071, 34644, 39125, 33123, 23727, 32676, 17084, 9682, 20431, 21512, 39172, 45524, 41229, 37579, 26482, 660, 5237, 24336, 22784, 44616, 9176, 38561, 5545, 5143, 29815, 20055, 39294, 33234, 4697, 22493, 27120, 16874, 40663, 34786, 12571, 29884, 47832, 1768, 22101, 43836, 18887, 37902, 38361, 3324, 9347, 974, 9839, 2440, 5157, 25465, 614, 5015, 4592, 41205, 33774, 18762, 16101, 11357, 45022, 6168, 19848, 8843, 23293, 42887, 24243, 17923, 9424, 31252, 26807, 41844, 35550, 7382, 36250, 19180, 26179, 34304, 40989, 9991, 46197, 9024, 23687, 46545, 8413, 38080, 7958, 22654, 2187, 49876, 17616, 15435, 18995, 36868, 39263, 4969, 35959, 35145, 49867, 16546, 15039, 30518, 21310, 22634, 47062, 18065, 7192)","(1, 1, 0, 0, 1, 1, 1, 0, 1, 0, 1, 1, 1, 0, 0, 0, 1, 1, 0, 1, 1, 1, 1, 1, 1, 0, 1, 1, 1, 0, 0, 1, 1, 0, 0, 0, 1, 0, 1, 1, 1, 0, 0, 1, 0, 1, 0, 0, 0, 0, 1, 1, 1, 1, 1, 0, 1, 1, 1, 1, 1, 0, 1, 0, 0, 1, 1, 1, 1, 0, 1, 0, 0, 1, 1, 1, 0, 1, 0, 1, 1, 1, 1, 0, 1, 1, 1, 1, 1, 1, 1, 1, 1, 1, 1, 0, 0, 0, 1, 1, 1, 1, 1, 1, 0, 0, 1, 0, 1, 1, 1, 1, 1, 0, 0, 1, 0, 0, 1, 0, 1, 0, 1, 1, 0, 1, 1, 0, 0, 1, 0, 0, 1, 1, 0, 1, 1, 1, 1, 1, 1, 1, 1, 1, 1, 1, 1, 1, 0, 1, 1, 1, 0, 0, 1, 1, 1, 1, 1, 1, 1, 1, 1, 1, 1, 1, 1, 0, 1, 1, 1, 1, 1, 0, 1, 1, 0, 1, 1, 1, 0, 1, 1, 0, 1, 1, 1, 1, 1, 1, 0, 0, 1, 1, 0, 1, 0, 0, 1, 1)"
110.320121,200,56.304797,5,"(34744, 35704, 41882, 39553, 8238, 32505, 24439, 42115, 871, 15014, 17741, 43750, 39290, 5493, 34655, 12771, 14988, 15194, 36097, 18406, 38858, 1384, 41684, 143, 31281, 37967, 46481, 2654, 3358, 36147, 496, 21336, 30397, 42712, 16361, 7140, 41223, 38901, 42959, 29125, 32960, 2936, 41237, 1931, 34586, 13742, 46933, 28247, 10350, 49344, 14245, 5221, 30332, 16248, 30976, 26527, 15511, 34469, 26411, 21797, 1236, 35467, 9387, 31998, 43579, 41709, 35394, 48119, 26654, 5818, 43890, 40233, 2511, 32889, 22924, 39597, 22291, 20796, 40037, 19409, 25725, 36058, 11872, 30357, 2952, 24252, 39148, 11799, 24816, 42752, 34623, 13035, 42067, 27819, 31805, 35868, 11466, 2171, 2205, 32341, 31911, 44460, 11157, 7390, 19327, 40361, 29377, 5663, 15563, 807, 29289, 7053, 36650, 9633, 23663, 10536, 3473, 13894, 43040, 24451, 46982, 15926, 8958, 20999, 5659, 34918, 12581, 49024, 21351, 6733, 45270, 47136, 7912, 17323, 17970, 41417, 15983, 31744, 48984, 5617, 20687, 31500, 48519, 36756, 42740, 19371, 43090, 39255, 21370, 33170, 1968, 26414, 48688, 10649, 24976, 41631, 40786, 17298, 20515, 4904, 10868, 427, 26002, 27674, 12668, 11183, 5802, 42093, 2263, 13231, 41718, 25990, 28560, 19584, 9534, 18220, 39228, 24255, 37535, 19663, 43690, 5152, 10137, 1702, 26992, 795, 41203, 33119, 33025, 22069, 45427, 27603, 49845, 3161, 17662, 499, 35540, 27152, 34714, 45728)","(0, 0, 0, 0, 1, 1, 1, 1, 1, 1, 1, 0, 1, 1, 1, 1, 1, 1, 1, 1, 0, 1, 1, 1, 1, 0, 0, 1, 1, 0, 1, 0, 0, 1, 1, 1, 1, 1, 1, 1, 0, 1, 1, 1, 0, 0, 1, 0, 1, 1, 1, 0, 0, 1, 0, 1, 1, 0, 0, 1, 1, 0, 1, 0, 1, 1, 0, 1, 1, 0, 0, 1, 0, 1, 0, 0, 0, 1, 0, 1, 1, 1, 1, 0, 1, 0, 0, 0, 1, 0, 0, 1, 0, 0, 0, 0, 1, 1, 1, 0, 1, 0, 1, 1, 1, 0, 0, 1, 1, 1, 1, 1, 0, 1, 1, 1, 1, 1, 0, 1, 0, 1, 1, 0, 1, 1, 1, 1, 1, 1, 0, 1, 0, 0, 0, 0, 1, 0, 1, 1, 1, 0, 0, 0, 0, 1, 1, 1, 1, 0, 1, 1, 0, 1, 1, 0, 0, 0, 0, 1, 1, 1, 1, 0, 1, 1, 1, 0, 1, 1, 0, 1, 0, 1, 1, 1, 1, 0, 0, 1, 0, 1, 1, 1, 1, 1, 0, 1, 0, 1, 0, 0, 0, 0, 0, 1, 1, 0, 0, 1)"
29.131158,200,59.17559,8,"(8639, 49117, 49151, 14560, 48034, 35036, 5152, 42607, 10640, 49067, 26533, 5638, 36744, 48336, 38532, 8981, 13535, 1012, 42813, 42462, 32402, 34492, 29317, 17635, 18312, 39851, 43232, 42034, 35897, 7058, 10303, 35548, 20496, 20800, 37951, 3091, 45105, 22583, 18256, 9720, 26049, 29610, 20999, 14955, 32632, 24611, 21335, 10947, 36726, 20683, 25049, 18187, 12112, 24836, 35963, 33292, 19462, 22138, 13049, 21376, 5752, 18515, 9609, 33946, 96, 25721, 35434, 7707, 22551, 908, 21053, 18002, 36017, 33845, 48670, 31103, 28478, 14649, 25157, 6731, 7401, 14745, 48381, 22819, 7664, 22199, 19470, 41443, 32652, 19416, 43912, 45968, 48004, 6953, 32218, 35538, 34731, 29949, 21239, 34593, 16281, 46261, 2284, 32456, 17154, 27994, 5178, 40647, 20883, 22921, 32477, 8194, 44081, 437, 11530, 27140, 46835, 2003, 20764, 16048, 49418, 22830, 28860, 37349, 8898, 10855, 32408, 49097, 24389, 15683, 43384, 47589, 48598, 14077, 9967, 35566, 22248, 37696, 3733, 39070, 19659, 11614, 48696, 8554, 45945, 46025, 28776, 25444, 29410, 49700, 30945, 33203, 30747, 11473, 48505, 15569, 6021, 17203, 47806, 37578, 163, 32710, 20069, 28760, 13812, 893, 34087, 34941, 13185, 13774, 46825, 42180, 46415, 14816, 27338, 37744, 26415, 27710, 27386, 19408, 20943, 33690, 18114, 44081, 41011, 41604, 6742, 37663, 29032, 32501, 44408, 5493, 3588, 19688, 5196, 35646, 19538, 47201, 3906, 17903)","(1, 0, 0, 1, 0, 0, 1, 0, 1, 0, 0, 1, 0, 0, 0, 1, 1, 1, 0, 0, 0, 0, 1, 0, 0, 0, 0, 0, 0, 1, 1, 0, 0, 1, 0, 1, 0, 0, 0, 1, 0, 0, 0, 0, 0, 1, 1, 0, 0, 1, 1, 0, 1, 0, 0, 0, 1, 0, 1, 1, 1, 0, 1, 0, 1, 1, 0, 1, 0, 1, 1, 0, 0, 0, 0, 0, 0, 1, 1, 1, 1, 0, 0, 0, 1, 0, 1, 0, 0, 1, 0, 0, 0, 0, 0, 0, 0, 0, 1, 0, 1, 0, 0, 0, 0, 1, 1, 0, 1, 0, 0, 1, 0, 1, 1, 1, 0, 1, 1, 0, 0, 0, 1, 0, 1, 1, 0, 0, 0, 1, 0, 0, 0, 1, 1, 0, 0, 0, 1, 0, 1, 1, 0, 1, 0, 0, 1, 1, 0, 0, 0, 0, 0, 1, 0, 1, 1, 0, 0, 0, 1, 0, 0, 0, 0, 1, 0, 0, 1, 0, 0, 0, 0, 1, 0, 0, 1, 0, 1, 1, 1, 0, 0, 0, 0, 0, 1, 0, 0, 0, 0, 1, 1, 1, 1, 0, 1, 0, 1, 0)"
111.290984,200,62.011957,1,"(24650, 34264, 36269, 14187, 11002, 33346, 29360, 27188, 18788, 7930, 18805, 40703, 33981, 3935, 30919, 45772, 42709, 18684, 31780, 22719, 1640, 40783, 33311, 910, 8621, 35937, 1921, 42642, 17131, 44093, 832, 8643, 30838, 12660, 8627, 40683, 13056, 43150, 44423, 126, 8181, 48134, 1222, 42025, 36014, 46603, 19012, 44828, 30384, 42511, 36804, 37591, 29750, 48571, 47249, 8526, 28411, 6826, 42111, 21713, 2887, 46562, 4185, 28228, 32150, 19138, 8300, 318, 31328, 10156, 37001, 32153, 11606, 2886, 17676, 18223, 11328, 5723, 48983, 23269, 23755, 45102, 7281, 1445, 10582, 41863, 29267, 28027, 16701, 4682, 20025, 16878, 5917, 33904, 23597, 14968, 21389, 42687, 32945, 14318, 49067, 19842, 35692, 12421, 20417, 273, 32715, 29819, 12760, 21146, 13459, 24093, 32751, 5172, 21037, 24956, 20090, 42880, 16526, 44041, 33633, 9746, 45370, 24630, 11015, 33158, 47181, 20723, 48450, 14821, 2207, 35521, 12260, 1217, 38710, 5691, 39990, 39210, 4656, 39166, 10580, 33285, 33928, 37391, 44942, 6009, 8518, 22313, 10415, 1188, 25273, 10055, 34321, 29179, 43834, 40881, 44405, 4026, 49857, 23443, 35187, 22181, 31002, 18115, 34732, 47271, 42004, 48269, 14196, 11061, 36395, 19738, 34614, 23074, 15797, 39261, 29, 11461, 43379, 2697, 22708, 14027, 16138, 12085, 31766, 42787, 31118, 37060, 13896, 43982, 32644, 18224, 25906, 13980, 10021, 26911, 10426, 37875, 26503, 23585)","(0, 1, 1, 1, 1, 0, 1, 1, 1, 1, 0, 0, 1, 0, 0, 0, 0, 0, 1, 0, 1, 0, 1, 1, 1, 1, 1, 0, 1, 0, 1, 1, 0, 1, 1, 0, 0, 1, 0, 1, 1, 0, 1, 0, 1, 1, 0, 0, 0, 0, 1, 1, 0, 0, 1, 1, 0, 1, 0, 1, 1, 1, 1, 0, 0, 1, 1, 1, 0, 1, 0, 1, 1, 1, 1, 1, 1, 1, 1, 0, 0, 0, 1, 1, 1, 1, 1, 0, 1, 1, 1, 1, 1, 1, 1, 0, 0, 0, 0, 1, 0, 1, 0, 1, 1, 1, 1, 0, 1, 1, 1, 1, 1, 1, 1, 1, 1, 1, 0, 0, 1, 1, 0, 0, 0, 0, 0, 0, 0, 1, 1, 1, 1, 1, 0, 1, 1, 1, 1, 1, 1, 0, 0, 1, 0, 1, 1, 0, 1, 1, 0, 1, 1, 1, 0, 0, 0, 1, 0, 1, 0, 0, 0, 1, 1, 1, 0, 1, 1, 1, 1, 1, 0, 0, 1, 0, 0, 1, 0, 1, 0, 1, 0, 1, 1, 0, 0, 1, 1, 0, 0, 0, 0, 0, 1, 1, 1, 0, 1, 1)"
93.540663,200,64.660084,3,"(10315, 44083, 41746, 39128, 27346, 39106, 6596, 1490, 5150, 811, 13601, 27887, 34975, 20341, 46827, 37821, 13027, 9583, 23670, 23145, 16066, 41160, 22741, 27497, 20348, 13164, 5304, 10668, 3908, 5348, 16747, 41501, 11274, 14641, 48012, 7021, 17296, 11469, 7586, 11566, 2183, 41412, 8736, 37653, 45629, 31361, 22265, 19548, 44942, 19513, 20899, 22291, 420, 16293, 41005, 34763, 46325, 27309, 49516, 21517, 19034, 13061, 30551, 12273, 38403, 10973, 24515, 28306, 15630, 40788, 17275, 5393, 4106, 5081, 15217, 11562, 24188, 10775, 30408, 46845, 16062, 34005, 45878, 34741, 14150, 32039, 8447, 6899, 11371, 21338, 10369, 14535, 32289, 14098, 34548, 46226, 34403, 5416, 10156, 44497, 9661, 20897, 19887, 23394, 48231, 21928, 41983, 8117, 25337, 20206, 25376, 28874, 27421, 12025, 22481, 33208, 13175, 36718, 23183, 38703, 45933, 46800, 25013, 993, 42608, 30337, 27129, 16959, 6426, 4193, 3538, 3378, 34498, 14000, 31993, 9105, 10660, 14414, 2924, 38185, 39514, 26393, 48991, 29208, 24391, 12006, 23565, 3128, 38327, 8206, 1816, 6468, 48781, 45836, 49665, 45702, 18419, 2623, 36781, 19461, 21255, 46812, 46003, 8502, 10332, 19113, 41366, 40858, 17068, 14078, 11286, 39925, 17202, 45472, 24672, 6395, 15686, 35579, 3410, 11356, 47270, 47228, 20109, 11346, 34749, 42880, 39648, 18227, 24845, 49537, 46964, 41954, 34767, 27097, 38418, 25927, 32919, 6749, 16332, 4522)","(1, 0, 0, 1, 0, 0, 1, 1, 1, 1, 1, 1, 0, 1, 1, 0, 1, 1, 1, 0, 1, 0, 0, 0, 0, 1, 1, 1, 1, 0, 1, 1, 0, 1, 0, 0, 0, 1, 1, 1, 1, 0, 1, 0, 0, 1, 0, 1, 0, 1, 1, 0, 1, 1, 0, 1, 1, 1, 0, 0, 1, 1, 0, 1, 1, 1, 0, 0, 1, 0, 0, 1, 1, 1, 1, 1, 1, 1, 0, 0, 1, 0, 0, 0, 1, 0, 1, 1, 0, 1, 1, 1, 1, 1, 0, 0, 0, 1, 1, 0, 1, 1, 0, 1, 0, 1, 1, 0, 1, 1, 1, 1, 1, 1, 0, 1, 1, 0, 0, 1, 0, 0, 1, 1, 0, 0, 1, 1, 0, 1, 1, 1, 1, 1, 0, 1, 1, 1, 1, 0, 1, 0, 1, 1, 1, 1, 1, 1, 1, 1, 1, 1, 1, 0, 0, 0, 0, 1, 0, 1, 1, 0, 0, 1, 1, 1, 0, 0, 1, 1, 0, 0, 1, 0, 0, 0, 1, 1, 1, 0, 0, 0, 1, 0, 0, 1, 0, 0, 1, 1, 0, 0, 0, 0, 1, 0, 0, 1, 1, 1)"
53.233534,200,67.299011,7,"(5461, 38955, 35331, 21989, 30979, 19047, 9434, 17612, 32104, 39691, 37434, 32247, 9433, 34912, 31626, 32655, 15808, 2640, 40757, 41888, 36494, 16076, 2131, 2170, 25996, 24426, 35784, 37407, 3284, 31057, 31388, 27327, 6351, 32767, 45457, 40543, 5858, 19660, 7960, 7661, 1886, 10827, 22095, 14240, 41345, 2982, 47038, 27440, 5101, 3943, 25686, 32495, 8926, 21951, 18517, 9257, 16309, 15374, 35994, 25850, 49067, 34570, 27911, 12892, 9168, 34375, 45145, 3177, 41501, 2071, 13103, 2809, 48143, 1793, 35378, 29147, 40194, 42745, 5404, 26286, 38550, 41018, 15772, 18653, 14883, 21364, 28298, 32634, 34908, 21896, 28996, 41913, 46149, 29537, 9087, 8076, 43266, 2729, 21009, 26262, 500, 9043, 45628, 1870, 15621, 49926, 30516, 21402, 24903, 48147, 36899, 35362, 32983, 17106, 7719, 37133, 44982, 49672, 21683, 8473, 10315, 31996, 7600, 7857, 46947, 35616, 26226, 23977, 29467, 15529, 24056, 4846, 34539, 42250, 33911, 17782, 17062, 49869, 40940, 24355, 7062, 21942, 16907, 45972, 35489, 28065, 31443, 45423, 18594, 20266, 28321, 12214, 8010, 37426, 19960, 45264, 39541, 34230, 19925, 30245, 24753, 25015, 37732, 43656, 43858, 29976, 38302, 28670, 49928, 21421, 40494, 32967, 47828, 47385, 45220, 14304, 13263, 27080, 3264, 34954, 2593, 37610, 2378, 34240, 12761, 38136, 6476, 43413, 46878, 26400, 31264, 32115, 48569, 3802, 25686, 41694, 15484, 26801, 47987, 10166)","(1, 0, 0, 1, 0, 1, 1, 0, 0, 0, 1, 0, 0, 0, 0, 0, 1, 0, 0, 0, 1, 0, 1, 1, 1, 1, 0, 0, 0, 1, 1, 1, 1, 0, 0, 0, 1, 1, 1, 1, 1, 1, 0, 1, 0, 1, 0, 1, 1, 1, 1, 0, 0, 1, 1, 1, 1, 1, 0, 0, 0, 0, 0, 1, 0, 0, 0, 1, 0, 1, 0, 1, 0, 1, 0, 1, 0, 0, 1, 1, 0, 0, 1, 1, 1, 1, 0, 0, 0, 0, 1, 0, 0, 0, 1, 1, 0, 1, 1, 1, 1, 1, 0, 1, 1, 0, 0, 1, 1, 0, 1, 0, 0, 1, 1, 1, 0, 0, 1, 1, 1, 0, 1, 1, 0, 0, 1, 1, 0, 1, 1, 1, 0, 0, 0, 1, 0, 1, 0, 0, 1, 1, 1, 0, 1, 0, 0, 0, 0, 0, 0, 1, 1, 0, 1, 0, 0, 0, 1, 0, 1, 1, 0, 0, 0, 0, 0, 1, 0, 0, 0, 0, 0, 0, 0, 0, 0, 0, 1, 0, 1, 0, 1, 0, 0, 0, 1, 0, 0, 1, 1, 0, 0, 1, 0, 0, 1, 0, 0, 1)"
82.901409,200,80.417001,6,"(41764, 15150, 26310, 31577, 37510, 19442, 28087, 7910, 22187, 36679, 43384, 18018, 41558, 12664, 35233, 36728, 25523, 45300, 45747, 26106, 2832, 26346, 18354, 2792, 21660, 5278, 5542, 32882, 23654, 44452, 3847, 9413, 49482, 25067, 27850, 47459, 16843, 2183, 14600, 13456, 30408, 6111, 12033, 22313, 6841, 6761, 27921, 37099, 24375, 48048, 15129, 40884, 14476, 15946, 2039, 27132, 21990, 5062, 3833, 16137, 6286, 44897, 7716, 33357, 24953, 2945, 42897, 7935, 13676, 33876, 35089, 25675, 6641, 34529, 34022, 37302, 29814, 22983, 31527, 26820, 9372, 25173, 19946, 45791, 45071, 9905, 7952, 17332, 38203, 8145, 29532, 12514, 24902, 18191, 10121, 31488, 12794, 11876, 1479, 26847, 1663, 49364, 24468, 43441, 43199, 25988, 38201, 4899, 1065, 28201, 43416, 44099, 26840, 17500, 47523, 40016, 2303, 3102, 35089, 9174, 21350, 39571, 44593, 24961, 17165, 28717, 31719, 19353, 33385, 12832, 14614, 4446, 2026, 13266, 14262, 49202, 49997, 44678, 35990, 43624, 14783, 16753, 49714, 2056, 259, 15580, 10239, 28315, 40080, 13320, 24376, 44036, 8077, 37180, 14443, 4279, 1490, 24414, 28251, 43094, 5447, 19761, 25525, 49500, 7417, 21714, 45573, 39627, 23869, 25316, 4839, 1236, 16078, 39959, 24212, 43665, 852, 3114, 18699, 23009, 7698, 13419, 1615, 18321, 41883, 36698, 2817, 45685, 39045, 19695, 46354, 27952, 40411, 20508, 13553, 12174, 13521, 16867, 33731, 31787)","(0, 1, 0, 0, 1, 1, 0, 0, 1, 0, 0, 0, 0, 1, 0, 0, 0, 0, 0, 1, 1, 0, 1, 1, 1, 1, 1, 0, 0, 0, 1, 1, 0, 1, 0, 0, 1, 1, 1, 1, 0, 1, 1, 0, 1, 1, 0, 0, 0, 0, 1, 1, 1, 1, 1, 0, 1, 1, 1, 1, 1, 0, 1, 0, 0, 1, 0, 1, 1, 0, 0, 0, 1, 0, 0, 1, 0, 0, 0, 0, 1, 1, 1, 0, 0, 1, 1, 1, 0, 1, 0, 0, 0, 0, 1, 1, 1, 1, 0, 0, 1, 0, 0, 1, 0, 1, 0, 1, 1, 0, 0, 0, 0, 1, 1, 0, 1, 1, 0, 1, 1, 0, 0, 1, 0, 1, 0, 1, 1, 1, 0, 1, 1, 1, 0, 0, 0, 0, 1, 0, 1, 1, 0, 1, 1, 0, 1, 0, 0, 1, 0, 0, 1, 0, 1, 1, 1, 1, 0, 0, 1, 1, 1, 1, 1, 1, 0, 0, 1, 1, 1, 1, 1, 0, 0, 1, 1, 1, 0, 0, 1, 1, 1, 1, 0, 0, 1, 0, 0, 1, 1, 1, 0, 1, 1, 0, 0, 1, 0, 1)"
107.431652,200,83.499234,4,"(32695, 10398, 11021, 8196, 42152, 42384, 47278, 42866, 19686, 44952, 44605, 34316, 44434, 13318, 29974, 29342, 42583, 47670, 42240, 19617, 1699, 17951, 20002, 29615, 28557, 18926, 23565, 30208, 18279, 35411, 10915, 9881, 29226, 48731, 39625, 3748, 15819, 6926, 29816, 18185, 32804, 32392, 48627, 26722, 9360, 36497, 46571, 22170, 36774, 35005, 20644, 34228, 1743, 5798, 9179, 7320, 33649, 34889, 35096, 27307, 974, 10337, 29272, 10234, 9346, 43421, 44621, 21087, 4269, 14127, 18962, 13003, 20912, 43655, 10889, 33828, 41334, 44652, 1226, 5147, 9508, 22215, 38092, 41425, 40242, 34935, 48529, 14609, 28168, 14298, 46249, 6167, 37168, 24726, 46570, 40644, 2719, 35153, 12885, 31326, 8612, 33007, 23448, 26272, 1121, 18990, 41368, 33009, 8297, 2852, 17665, 32747, 40533, 7791, 14619, 23296, 35555, 47604, 25542, 25205, 25906, 23880, 41693, 17155, 48528, 3514, 68, 20456, 45573, 41350, 17369, 16177, 30482, 49927, 46818, 45773, 14846, 35996, 11033, 19401, 26001, 32621, 41602, 36360, 47101, 29592, 47108, 19612, 36513, 11485, 49184, 40974, 9263, 5995, 34109, 47100, 21938, 42086, 5350, 28490, 35955, 40756, 24952, 656, 5814, 40451, 36143, 18203, 43649, 12018, 23015, 12315, 13239, 37666, 40061, 10947, 17955, 15851, 768, 36523, 48297, 47247, 25673, 12119, 43150, 43886, 30790, 44459, 10620, 14346, 28818, 14518, 27223, 15951, 9024, 13033, 32010, 30743, 29028, 47097)","(0, 1, 1, 1, 1, 0, 1, 1, 1, 0, 0, 1, 0, 1, 0, 1, 0, 0, 1, 1, 1, 0, 1, 1, 0, 1, 1, 0, 0, 1, 1, 1, 1, 0, 1, 1, 1, 1, 0, 1, 0, 0, 1, 1, 1, 1, 0, 1, 0, 0, 1, 1, 1, 1, 1, 1, 0, 0, 0, 1, 1, 1, 1, 1, 1, 0, 0, 1, 1, 1, 1, 0, 1, 0, 1, 0, 0, 1, 1, 1, 0, 1, 0, 1, 0, 0, 1, 1, 0, 1, 0, 1, 1, 1, 1, 1, 1, 0, 0, 1, 1, 1, 1, 1, 1, 1, 1, 1, 0, 1, 1, 0, 0, 1, 1, 0, 0, 0, 1, 0, 0, 1, 0, 0, 0, 1, 1, 1, 0, 1, 0, 1, 0, 0, 0, 0, 1, 1, 1, 1, 1, 0, 1, 0, 0, 0, 0, 1, 0, 1, 0, 1, 1, 1, 1, 1, 0, 0, 1, 1, 1, 0, 1, 1, 1, 0, 0, 1, 0, 1, 0, 1, 1, 1, 0, 0, 0, 1, 1, 1, 0, 0, 1, 1, 1, 0, 0, 0, 1, 0, 1, 1, 0, 1, 1, 1, 1, 0, 1, 1)"
117.463736,200,86.44488,2,"(18099, 32243, 42790, 46385, 34244, 18067, 15465, 26006, 1073, 26372, 3220, 46418, 49799, 25822, 5459, 8475, 1458, 27044, 38514, 41397, 33245, 17286, 21466, 43515, 26259, 24985, 17384, 20709, 33045, 43059, 28540, 28417, 33516, 34713, 24187, 22486, 39627, 43676, 16811, 35229, 8700, 1414, 25086, 29904, 28692, 19839, 20558, 10222, 44, 11734, 28846, 42943, 46604, 38803, 39739, 34594, 31023, 19566, 1561, 45371, 9158, 32233, 49921, 18870, 39157, 10485, 25537, 8300, 31238, 25360, 18735, 39292, 32763, 25787, 40166, 18915, 32148, 41080, 15587, 24557, 39409, 42479, 13490, 6764, 49981, 14793, 8021, 16098, 22467, 32169, 2532, 19247, 6853, 25042, 18448, 10463, 9501, 30656, 11625, 1011, 19003, 36773, 6380, 30419, 36258, 44537, 48712, 9281, 22268, 395, 17208, 45113, 11639, 5213, 9549, 18770, 48658, 41627, 8713, 48158, 31849, 32455, 41966, 10046, 30762, 8697, 26835, 18791, 31813, 35245, 22273, 23975, 15770, 7184, 43590, 20436, 25205, 7220, 29252, 14481, 15568, 2527, 13770, 44097, 29054, 7985, 17653, 6229, 35012, 20205, 39023, 13522, 4209, 46262, 112, 16767, 7140, 30402, 22828, 32027, 16536, 7325, 17897, 23186, 1731, 15480, 37770, 2123, 48405, 809, 49392, 19460, 7757, 19367, 22436, 40097, 21809, 25942, 4502, 48521, 13030, 7132, 30668, 37810, 40639, 19123, 3650, 36949, 5744, 32943, 19580, 37419, 27196, 31447, 29574, 45059, 42451, 33531, 38181, 960)","(0, 1, 0, 1, 0, 0, 1, 0, 1, 1, 1, 0, 0, 0, 1, 1, 1, 1, 0, 1, 0, 1, 1, 0, 1, 1, 1, 1, 1, 1, 1, 0, 0, 1, 1, 0, 0, 1, 1, 0, 0, 1, 1, 0, 0, 1, 1, 1, 1, 1, 1, 0, 0, 0, 0, 0, 1, 1, 1, 0, 1, 0, 0, 1, 1, 1, 0, 1, 1, 1, 0, 0, 0, 0, 0, 0, 0, 0, 1, 1, 0, 0, 1, 1, 1, 1, 1, 1, 0, 1, 1, 1, 1, 1, 1, 0, 1, 0, 1, 1, 1, 0, 1, 0, 0, 0, 1, 1, 0, 1, 1, 0, 1, 1, 1, 0, 1, 0, 0, 1, 1, 1, 0, 1, 0, 1, 1, 0, 1, 0, 0, 1, 1, 1, 0, 0, 0, 1, 1, 1, 1, 1, 0, 0, 1, 0, 1, 1, 0, 1, 1, 1, 1, 0, 1, 1, 1, 0, 0, 1, 1, 1, 1, 0, 1, 1, 1, 0, 1, 1, 0, 1, 1, 1, 0, 0, 1, 0, 1, 1, 1, 1, 0, 1, 0, 1, 1, 1, 1, 1, 0, 1, 1, 1, 1, 0, 0, 0, 1, 1)"
77.497732,200,89.093635,7,"(23769, 9426, 26758, 27021, 29368, 11410, 22617, 28925, 11335, 38317, 36166, 20368, 18291, 9521, 5230, 8801, 1969, 14795, 46584, 35359, 12263, 33186, 3659, 2876, 1295, 1387, 48491, 34828, 25413, 33684, 19114, 48284, 29391, 45488, 37151, 33853, 10407, 14999, 164, 23960, 7234, 13186, 14871, 5519, 30963, 33612, 45731, 10938, 17735, 16092, 43259, 37859, 7262, 21434, 27636, 11998, 43567, 3530, 1753, 9495, 30698, 6971, 1910, 44284, 16655, 45264, 15873, 12448, 814, 12242, 24069, 44734, 24316, 41801, 14823, 18625, 15069, 23319, 29049, 43357, 1384, 3786, 19050, 43043, 32700, 45818, 42187, 30999, 893, 36859, 48846, 19964, 14620, 40209, 46781, 47314, 9402, 49040, 39507, 12474, 27010, 14015, 31461, 33251, 37474, 15980, 41912, 16057, 1942, 47723, 18493, 41022, 44750, 27774, 28813, 32224, 36825, 10868, 25224, 21739, 42319, 22246, 45205, 12607, 24597, 79, 24541, 33341, 9866, 14413, 29202, 18963, 6406, 33759, 25412, 26858, 12782, 49665, 42920, 31883, 45430, 24205, 43620, 48844, 36325, 2265, 46832, 17277, 19739, 32272, 33836, 1066, 38112, 5497, 30361, 43152, 49646, 18012, 40785, 32314, 7020, 28615, 11481, 44685, 30121, 46981, 23158, 10495, 44258, 33163, 21015, 41934, 5566, 33037, 20413, 29809, 33286, 29203, 38243, 34286, 11847, 9181, 9384, 8574, 18184, 15547, 22178, 30940, 46338, 20794, 10442, 45372, 37703, 19878, 49189, 13705, 11430, 6806, 43040, 13316)","(1, 1, 1, 1, 1, 1, 0, 0, 1, 0, 0, 1, 0, 1, 1, 0, 1, 1, 0, 0, 1, 0, 1, 1, 1, 1, 0, 0, 1, 0, 1, 0, 1, 0, 1, 0, 0, 1, 1, 1, 1, 1, 1, 1, 0, 0, 0, 1, 1, 1, 0, 0, 1, 1, 0, 1, 0, 1, 1, 1, 0, 1, 1, 0, 1, 0, 0, 1, 1, 1, 1, 0, 1, 0, 1, 1, 1, 0, 1, 0, 1, 1, 1, 0, 0, 0, 0, 1, 1, 1, 1, 1, 1, 0, 0, 0, 1, 1, 0, 1, 1, 1, 0, 0, 1, 1, 0, 1, 1, 0, 1, 0, 0, 1, 1, 0, 0, 1, 1, 1, 0, 0, 0, 1, 1, 1, 0, 0, 1, 1, 0, 1, 1, 0, 1, 0, 1, 0, 0, 0, 0, 1, 0, 0, 0, 1, 0, 1, 1, 0, 0, 1, 0, 1, 0, 0, 0, 1, 0, 0, 0, 1, 1, 0, 0, 0, 0, 1, 0, 0, 0, 0, 1, 0, 0, 0, 0, 1, 0, 0, 1, 1, 1, 1, 1, 1, 1, 0, 0, 1, 1, 0, 1, 0, 0, 0, 1, 1, 0, 1)"
90.341551,200,91.788291,4,"(23971, 21384, 47515, 43864, 3712, 33328, 15594, 26834, 39057, 45008, 32175, 13900, 27052, 158, 7746, 20251, 920, 46625, 25591, 28319, 39039, 16322, 19590, 4729, 41854, 10892, 4538, 4691, 23681, 15845, 29131, 40240, 16901, 36330, 21637, 35421, 31226, 49991, 5513, 38209, 21472, 3418, 47353, 43636, 7902, 39114, 29983, 31107, 1044, 17524, 20406, 20075, 31637, 22993, 25541, 26277, 733, 42620, 36545, 44082, 45560, 20002, 4979, 15446, 5706, 10742, 49445, 38940, 32238, 46861, 12822, 23568, 33525, 9959, 6517, 24538, 18588, 34740, 16493, 14160, 31168, 42087, 40217, 15089, 49908, 41646, 23491, 16269, 47297, 33183, 21093, 34226, 3369, 7870, 21090, 44063, 27731, 4539, 19664, 43162, 25209, 22781, 49882, 3799, 36805, 20136, 9152, 24341, 4662, 20870, 13996, 48055, 3810, 888, 19490, 20786, 6779, 47078, 533, 43029, 8612, 7321, 22690, 34823, 46555, 41360, 44156, 34550, 29757, 10416, 21967, 14507, 39083, 34640, 33671, 28766, 39833, 22194, 46943, 47453, 1623, 12618, 47523, 18601, 47195, 7123, 33048, 46631, 24687, 16487, 44, 15110, 31975, 24966, 42177, 18391, 28774, 29779, 44128, 14577, 15474, 3891, 13237, 22443, 18130, 40693, 44141, 47824, 44321, 40308, 24468, 3570, 43528, 36135, 24210, 4867, 41298, 31487, 44693, 19004, 27495, 5477, 19122, 15495, 32532, 18294, 1613, 30687, 13180, 19028, 25930, 23206, 38037, 24767, 32852, 35223, 44853, 3622, 17789, 3350)","(1, 0, 0, 0, 1, 1, 1, 0, 0, 0, 0, 1, 1, 1, 1, 1, 1, 0, 0, 0, 0, 1, 1, 1, 1, 1, 1, 0, 1, 1, 1, 0, 0, 1, 1, 1, 1, 1, 0, 0, 0, 1, 1, 0, 1, 0, 0, 1, 1, 1, 1, 1, 1, 0, 0, 1, 1, 0, 0, 0, 0, 1, 1, 1, 1, 1, 0, 1, 1, 0, 1, 1, 0, 1, 1, 1, 0, 1, 1, 0, 1, 0, 0, 0, 0, 1, 1, 1, 1, 1, 1, 0, 1, 1, 1, 0, 1, 1, 0, 1, 0, 0, 0, 1, 1, 1, 1, 1, 1, 1, 1, 0, 1, 1, 1, 1, 1, 0, 0, 0, 1, 1, 0, 0, 1, 1, 0, 0, 0, 1, 0, 0, 1, 1, 1, 1, 0, 0, 1, 0, 1, 1, 1, 1, 1, 1, 1, 0, 0, 0, 1, 1, 0, 1, 0, 1, 1, 0, 0, 0, 0, 1, 0, 0, 0, 0, 0, 0, 0, 0, 0, 1, 0, 1, 1, 1, 0, 1, 0, 1, 0, 1, 1, 1, 0, 1, 1, 0, 1, 1, 0, 0, 0, 0, 1, 0, 0, 1, 0, 1)"
78.680308,200,94.742628,6,"(29606, 14727, 30610, 24093, 26262, 32229, 43646, 37245, 42838, 2395, 31909, 31111, 4130, 13123, 31026, 32611, 27598, 26882, 32082, 13487, 13397, 5119, 36495, 35242, 25247, 36859, 38005, 43083, 15151, 12442, 17513, 26764, 34111, 2796, 38192, 18524, 2523, 40918, 22607, 28168, 8384, 14004, 23980, 20378, 31492, 5498, 29120, 14435, 33555, 49518, 16611, 862, 39703, 39658, 6002, 39004, 19717, 17821, 10221, 20156, 7566, 37635, 34394, 43694, 1133, 44272, 26989, 36132, 23949, 38049, 4766, 37695, 42719, 18146, 4360, 32916, 29171, 24753, 43489, 42450, 5033, 40004, 10185, 19424, 32984, 5995, 2244, 34114, 37720, 48416, 24804, 36578, 39547, 15918, 31027, 8956, 34560, 5463, 22429, 26841, 15780, 1439, 21991, 33756, 48472, 48957, 49030, 9345, 29051, 41440, 38509, 21792, 47921, 46980, 44533, 13893, 10931, 37250, 31558, 41652, 41057, 42059, 14147, 16556, 24217, 42591, 3010, 35427, 28349, 38474, 32030, 1029, 448, 23958, 6727, 605, 43969, 33536, 23392, 1869, 49885, 47912, 11470, 19076, 34278, 46631, 41460, 4887, 37520, 5389, 5780, 21313, 26338, 36850, 29275, 19974, 39372, 49046, 18313, 13303, 29621, 45970, 5001, 14929, 33873, 37802, 1655, 40375, 38631, 30262, 34665, 19519, 12719, 42330, 23671, 29210, 10335, 43990, 38792, 8578, 32691, 46088, 18484, 48791, 5378, 42176, 38517, 5204, 7148, 32239, 37221, 14673, 13447, 39538, 31981, 38224, 22423, 4895, 8865, 29839)","(1, 1, 0, 1, 1, 0, 0, 0, 0, 0, 0, 1, 1, 1, 1, 1, 0, 1, 1, 1, 1, 1, 0, 0, 1, 1, 0, 0, 1, 0, 0, 1, 0, 1, 0, 0, 0, 0, 0, 0, 1, 0, 1, 0, 0, 1, 0, 1, 1, 1, 1, 1, 0, 0, 1, 1, 1, 1, 1, 1, 1, 0, 0, 0, 1, 0, 1, 0, 0, 1, 1, 0, 0, 0, 1, 0, 1, 1, 0, 0, 1, 1, 1, 1, 0, 1, 1, 0, 0, 0, 1, 0, 0, 1, 1, 1, 0, 1, 0, 1, 1, 1, 1, 0, 0, 1, 0, 1, 1, 0, 0, 1, 0, 0, 0, 0, 1, 0, 1, 1, 1, 0, 1, 1, 1, 0, 1, 1, 0, 0, 1, 1, 1, 1, 1, 1, 0, 0, 1, 1, 0, 0, 1, 1, 0, 0, 1, 1, 1, 1, 1, 1, 0, 1, 1, 1, 0, 1, 0, 1, 0, 0, 1, 1, 0, 0, 1, 0, 1, 0, 0, 1, 1, 0, 1, 1, 1, 0, 0, 1, 0, 0, 1, 0, 1, 0, 1, 1, 0, 1, 0, 0, 1, 0, 0, 1, 0, 1, 0, 0)"
62.270477,200,97.811971,3,"(38727, 42282, 34908, 10614, 12845, 2401, 21121, 33023, 22470, 13991, 19556, 19445, 1087, 8665, 37512, 39135, 34811, 23217, 44139, 40754, 1796, 18306, 41963, 45551, 28899, 23736, 30831, 34069, 45455, 39073, 25541, 49733, 22526, 1635, 35909, 35629, 41761, 37129, 43683, 12519, 49069, 44082, 22646, 32142, 20097, 24079, 8417, 17594, 44950, 47472, 25556, 10097, 42253, 26403, 48896, 50017, 17886, 23294, 6701, 48359, 25258, 11751, 38702, 29156, 8233, 36702, 39783, 48616, 3036, 33537, 47384, 34115, 49742, 9042, 32895, 42888, 1111, 39239, 46633, 36497, 39712, 340, 15525, 36110, 34512, 14039, 20212, 38997, 2356, 1129, 32592, 27520, 24633, 16281, 10708, 3711, 5280, 23387, 15260, 1408, 22289, 20732, 48783, 26122, 49712, 7325, 16256, 3656, 33665, 27034, 22491, 36995, 49926, 8805, 49355, 35270, 26663, 17175, 42176, 39390, 48600, 24116, 13000, 22558, 15888, 41182, 8584, 48829, 34966, 35760, 6329, 41405, 23608, 41833, 15778, 15815, 3311, 24974, 38267, 10825, 14375, 21045, 18618, 47639, 43204, 44646, 19992, 44949, 21046, 11321, 31806, 10821, 39758, 40339, 17091, 49935, 32377, 13533, 37144, 13104, 39729, 13669, 1171, 29441, 29351, 16262, 868, 29901, 12175, 21238, 28901, 38267, 11558, 40497, 26716, 24346, 47973, 21444, 4483, 30681, 29688, 46474, 31087, 17509, 18611, 34853, 29430, 19534, 9452, 8771, 49207, 10610, 49562, 12137, 14233, 46533, 7442, 25668, 21344, 45172)","(1, 0, 0, 1, 1, 0, 1, 0, 0, 1, 1, 1, 1, 1, 1, 0, 0, 0, 0, 0, 1, 1, 0, 1, 0, 1, 0, 0, 0, 0, 0, 0, 0, 1, 0, 1, 0, 0, 0, 1, 1, 0, 0, 0, 1, 1, 0, 0, 0, 0, 0, 1, 0, 1, 0, 0, 1, 1, 1, 0, 0, 1, 0, 0, 1, 0, 0, 1, 1, 0, 0, 0, 0, 1, 0, 0, 0, 1, 0, 1, 0, 1, 0, 0, 0, 1, 1, 0, 1, 1, 0, 0, 1, 1, 1, 1, 1, 0, 1, 1, 0, 1, 1, 1, 1, 1, 1, 1, 0, 1, 0, 1, 0, 1, 0, 0, 1, 1, 0, 0, 0, 1, 0, 0, 1, 0, 1, 0, 0, 0, 1, 0, 1, 0, 1, 0, 1, 1, 1, 1, 1, 1, 1, 1, 0, 0, 1, 0, 0, 1, 0, 1, 0, 0, 1, 0, 0, 1, 1, 1, 0, 1, 1, 0, 1, 1, 1, 0, 1, 1, 1, 0, 1, 0, 0, 1, 0, 1, 1, 0, 1, 0, 0, 0, 0, 0, 0, 1, 1, 1, 0, 0, 0, 1, 1, 1, 1, 0, 1, 1)"
103.170434,200,101.418906,4,"(19653, 27064, 19496, 45983, 18100, 31088, 6147, 45111, 48279, 28262, 7620, 14203, 3918, 19635, 35728, 44401, 12419, 46892, 48849, 29828, 16142, 17478, 7701, 26980, 15729, 20240, 24396, 41965, 21389, 42439, 28396, 183, 39723, 49807, 37248, 49092, 42936, 48787, 8645, 41551, 4936, 31521, 21200, 21603, 38416, 37428, 24597, 16545, 13657, 1934, 33841, 40673, 46796, 40196, 11597, 13504, 44246, 25648, 16574, 24815, 36258, 23136, 4038, 18919, 13461, 23169, 3941, 35920, 27114, 15324, 18040, 290, 39065, 41714, 43907, 7204, 19294, 12880, 11883, 8154, 4291, 8083, 39925, 34182, 4198, 47702, 43429, 3443, 15088, 36498, 26847, 48043, 47471, 47265, 34678, 20447, 23409, 7910, 20305, 43273, 4315, 3293, 2428, 421, 34699, 17790, 42084, 41262, 6440, 9434, 31338, 33258, 19247, 43249, 32049, 37502, 48808, 46922, 1148, 26453, 14415, 38581, 9047, 6947, 44986, 27682, 24587, 23844, 43177, 17298, 30001, 10882, 10572, 2359, 40775, 39460, 23998, 16366, 29954, 23620, 38933, 13294, 15045, 44772, 21284, 349, 8106, 43559, 1528, 5763, 112, 47427, 16180, 39437, 16200, 25569, 49302, 26995, 13392, 40991, 947, 32851, 36203, 15031, 5324, 47160, 42906, 16676, 48896, 47921, 17105, 3890, 20697, 10416, 22311, 16104, 7817, 12612, 16906, 2332, 10610, 15357, 29268, 40792, 14680, 14637, 22991, 18404, 25333, 20842, 43271, 21946, 44, 18292, 1019, 41658, 30979, 8115, 35384, 42097)","(0, 1, 1, 1, 0, 0, 1, 1, 0, 0, 1, 1, 1, 1, 0, 0, 1, 1, 1, 0, 1, 1, 1, 0, 1, 1, 0, 1, 0, 0, 0, 1, 0, 0, 0, 0, 1, 0, 1, 0, 1, 1, 1, 1, 0, 0, 1, 1, 1, 1, 0, 0, 0, 0, 1, 1, 0, 1, 1, 1, 0, 0, 1, 1, 1, 0, 1, 1, 1, 1, 1, 1, 0, 0, 0, 1, 1, 1, 1, 1, 1, 1, 0, 0, 1, 0, 0, 1, 1, 1, 0, 1, 0, 0, 1, 0, 0, 0, 1, 0, 1, 1, 1, 1, 0, 0, 0, 0, 1, 1, 1, 0, 1, 0, 1, 1, 0, 0, 1, 1, 0, 1, 0, 1, 1, 0, 1, 1, 0, 0, 0, 1, 1, 0, 0, 1, 0, 1, 0, 1, 1, 1, 1, 0, 1, 1, 1, 0, 1, 1, 1, 0, 1, 1, 1, 1, 1, 0, 1, 1, 1, 0, 1, 1, 1, 0, 1, 1, 1, 0, 1, 1, 1, 1, 0, 1, 1, 1, 1, 0, 0, 1, 1, 0, 0, 1, 0, 1, 1, 1, 0, 1, 1, 1, 1, 0, 0, 1, 0, 0)"
51.879906,200,104.525088,8,"(2742, 49187, 6730, 42879, 43667, 19664, 35520, 47359, 18255, 27351, 44670, 4128, 27937, 42139, 45109, 45067, 13191, 23377, 40823, 7140, 23622, 40641, 32218, 40799, 31713, 41105, 48678, 10997, 17474, 37090, 45351, 41490, 32288, 23031, 15242, 10389, 13050, 41756, 36630, 26335, 24369, 47011, 39159, 48436, 24620, 8692, 15295, 17569, 42449, 37366, 20298, 10007, 23978, 42991, 18005, 40122, 2906, 25553, 11635, 6639, 10094, 12794, 10771, 47318, 9818, 16904, 47787, 40920, 20572, 15584, 29977, 31504, 9701, 13160, 22094, 34853, 15324, 41972, 47188, 24625, 21759, 37231, 1036, 3240, 32772, 45926, 39454, 30958, 10341, 15271, 23520, 5262, 12509, 4182, 13846, 2043, 42988, 35619, 3872, 38196, 2751, 2031, 43329, 38924, 35778, 23495, 47939, 3682, 25340, 23116, 48878, 34074, 43589, 30120, 6584, 26565, 1769, 48759, 5733, 18913, 43048, 2464, 9382, 8221, 31518, 45663, 6215, 9085, 10820, 7565, 24979, 3226, 17882, 13964, 46761, 25608, 8793, 17329, 15405, 23869, 38800, 37186, 19951, 35615, 49142, 26027, 43347, 23687, 31168, 35433, 25595, 28239, 28932, 43368, 8073, 14523, 34966, 28373, 10235, 21846, 11132, 10142, 20367, 37248, 35839, 47865, 2455, 38391, 13198, 17570, 49256, 40915, 18918, 41339, 19367, 17637, 25455, 7761, 46672, 47750, 28648, 40107, 28693, 44806, 9007, 6334, 20168, 5626, 24073, 2730, 22333, 11224, 3868, 93, 15919, 49788, 34768, 19042, 14255, 40788)","(1, 0, 1, 0, 0, 0, 0, 0, 0, 1, 0, 1, 0, 0, 0, 0, 1, 0, 0, 1, 1, 0, 0, 0, 0, 0, 0, 1, 0, 0, 0, 0, 0, 0, 1, 1, 1, 0, 0, 1, 1, 0, 0, 0, 1, 1, 1, 0, 0, 0, 1, 1, 1, 0, 0, 0, 1, 1, 1, 1, 1, 1, 1, 0, 0, 1, 0, 0, 1, 1, 0, 0, 1, 0, 1, 0, 1, 0, 0, 1, 1, 0, 1, 1, 0, 0, 0, 0, 1, 1, 1, 1, 1, 0, 1, 1, 0, 0, 1, 0, 1, 1, 0, 0, 0, 1, 0, 1, 1, 0, 0, 0, 0, 0, 1, 1, 1, 0, 0, 1, 0, 0, 1, 1, 0, 0, 1, 1, 1, 1, 1, 1, 0, 1, 0, 1, 1, 0, 0, 1, 0, 0, 1, 0, 0, 0, 0, 1, 0, 0, 1, 0, 1, 0, 1, 1, 0, 0, 1, 1, 1, 1, 1, 0, 0, 0, 0, 0, 1, 0, 0, 0, 0, 0, 1, 0, 0, 1, 0, 0, 1, 0, 1, 0, 1, 1, 1, 1, 1, 1, 0, 1, 1, 1, 1, 0, 0, 1, 0, 0)"
88.277838,200,107.512019,0,"(28943, 44852, 3867, 22744, 7948, 40968, 31728, 26732, 49877, 1473, 26864, 28726, 37084, 5019, 851, 7060, 34419, 35561, 33501, 16423, 7791, 47634, 6234, 17129, 46103, 18153, 47403, 19279, 11438, 20843, 31388, 42892, 486, 8259, 10590, 33206, 1666, 10927, 28232, 26914, 46545, 19834, 12209, 4216, 27627, 7911, 19598, 3970, 41280, 45242, 45638, 22458, 41869, 14170, 25824, 28211, 8461, 2713, 18351, 49855, 17476, 41722, 24770, 31901, 11987, 3337, 10651, 25187, 49694, 12955, 39360, 46658, 48456, 5645, 34497, 13893, 37023, 2773, 3237, 953, 13376, 40662, 8192, 21273, 47211, 11649, 11762, 34859, 39335, 21263, 19468, 23544, 8521, 29188, 26709, 11105, 20408, 20752, 34180, 40385, 20911, 28372, 1851, 27367, 12500, 14689, 32725, 43694, 41457, 43794, 5363, 43152, 10205, 28443, 6624, 37798, 23405, 37318, 35485, 46282, 8951, 6181, 3820, 43723, 13443, 20627, 5422, 22363, 48840, 12403, 1328, 17201, 4713, 23643, 3262, 34353, 39703, 6667, 39819, 3539, 19032, 32261, 4164, 29379, 32527, 4064, 47614, 2845, 34717, 34848, 8131, 7242, 7829, 32714, 36002, 8678, 35323, 14344, 19771, 19721, 4294, 45629, 42722, 25960, 49066, 13603, 12449, 47286, 34759, 6598, 14343, 45787, 6666, 19730, 11082, 36485, 39713, 48581, 21436, 34438, 34070, 42442, 42085, 44461, 15503, 30712, 1538, 28901, 35326, 9402, 38890, 9119, 38060, 29804, 16802, 24076, 22234, 48367, 304, 21199)","(1, 0, 1, 0, 1, 1, 1, 0, 0, 1, 1, 1, 0, 1, 1, 1, 0, 1, 0, 0, 1, 0, 1, 0, 0, 1, 0, 1, 1, 1, 1, 0, 1, 1, 1, 0, 1, 1, 0, 1, 0, 1, 0, 1, 1, 0, 1, 1, 0, 1, 0, 0, 0, 1, 0, 0, 0, 0, 0, 0, 1, 0, 0, 0, 1, 0, 1, 0, 0, 1, 0, 1, 0, 0, 0, 0, 0, 0, 1, 1, 1, 0, 0, 1, 1, 0, 1, 0, 0, 1, 0, 0, 1, 0, 0, 0, 1, 1, 0, 0, 1, 0, 1, 1, 0, 1, 0, 0, 0, 0, 1, 1, 1, 0, 1, 1, 1, 0, 1, 1, 1, 0, 1, 0, 1, 0, 1, 0, 1, 1, 1, 0, 1, 1, 1, 0, 0, 1, 0, 1, 1, 0, 1, 1, 0, 1, 0, 1, 0, 0, 1, 1, 1, 0, 1, 1, 0, 1, 0, 1, 1, 0, 0, 1, 0, 1, 1, 1, 1, 0, 0, 0, 1, 1, 1, 1, 0, 0, 1, 0, 0, 0, 1, 0, 1, 0, 1, 1, 0, 1, 1, 0, 0, 0, 1, 1, 0, 0, 1, 0)"
90.507813,200,121.390444,6,"(29010, 7573, 5047, 45461, 44701, 10300, 38774, 25147, 26887, 31643, 16457, 29605, 26434, 20216, 39947, 44967, 9239, 11744, 26729, 39998, 10326, 45279, 38942, 4373, 38560, 35374, 3336, 13904, 20585, 1715, 2115, 44238, 14605, 20250, 5670, 37529, 20868, 11043, 28894, 4800, 47931, 31009, 39837, 18451, 31994, 31381, 19500, 29969, 26296, 35926, 47353, 13368, 8193, 39424, 46281, 23068, 24736, 31478, 14854, 25977, 36943, 16844, 10354, 46917, 27747, 6641, 2383, 8277, 8881, 41018, 21335, 47881, 20918, 47952, 24626, 692, 34803, 24608, 15553, 1862, 40410, 3487, 49507, 2935, 33749, 30994, 11328, 20158, 28065, 39028, 29699, 6579, 42789, 32229, 12554, 47379, 47444, 39011, 35419, 1109, 26076, 36453, 7455, 12262, 20156, 22509, 37449, 41324, 23999, 4740, 35973, 27109, 19146, 11564, 16344, 405, 24866, 41564, 35435, 10206, 21802, 43993, 17609, 27643, 10052, 4062, 46006, 20136, 17213, 18257, 5145, 44443, 11424, 36472, 22643, 31890, 29799, 7816, 10031, 10531, 13070, 18764, 45242, 27347, 6539, 9167, 28092, 22682, 5581, 44571, 17892, 43596, 20731, 19535, 5272, 30285, 36128, 45707, 26026, 38621, 32101, 36216, 13137, 1143, 37597, 44269, 2286, 34817, 45658, 9868, 41224, 41638, 21201, 42376, 40721, 2029, 1569, 12711, 3577, 42548, 40313, 41245, 3239, 36772, 37366, 9781, 3130, 43549, 1746, 25264, 24118, 18713, 30770, 33060, 21256, 1746, 14126, 40296, 18344, 4348)","(1, 1, 1, 0, 0, 1, 1, 1, 0, 1, 1, 1, 0, 1, 0, 0, 0, 1, 0, 1, 1, 0, 0, 1, 0, 0, 1, 1, 0, 1, 1, 0, 0, 1, 1, 1, 1, 1, 1, 1, 0, 1, 0, 0, 0, 1, 1, 0, 0, 1, 1, 0, 1, 0, 1, 0, 0, 0, 1, 1, 1, 1, 1, 0, 0, 1, 1, 1, 1, 1, 1, 0, 0, 0, 1, 1, 1, 1, 1, 1, 0, 1, 1, 1, 0, 0, 1, 1, 0, 1, 0, 1, 0, 0, 1, 0, 0, 1, 0, 1, 1, 0, 1, 1, 1, 0, 1, 1, 0, 0, 0, 0, 1, 1, 1, 1, 1, 0, 0, 1, 1, 0, 1, 1, 1, 1, 0, 1, 0, 1, 1, 0, 1, 0, 0, 0, 1, 1, 1, 0, 1, 0, 1, 0, 1, 1, 0, 0, 1, 0, 1, 0, 1, 1, 1, 0, 0, 0, 1, 1, 0, 1, 1, 1, 0, 0, 1, 1, 0, 1, 0, 0, 1, 1, 0, 1, 1, 1, 1, 1, 0, 0, 1, 0, 0, 1, 0, 0, 1, 1, 0, 1, 0, 1, 0, 0, 1, 0, 1, 1)"
153.215893,200,124.163006,2,"(6081, 26525, 41194, 8066, 3104, 9666, 15908, 12156, 268, 30196, 20376, 12403, 3617, 19573, 8479, 27265, 19275, 35087, 41602, 30288, 21097, 7234, 27424, 9271, 36614, 20288, 27140, 7819, 31734, 29961, 47408, 27896, 5037, 49550, 48772, 37242, 7558, 31279, 49505, 32279, 7038, 1610, 29014, 26674, 42478, 38830, 2347, 38851, 10118, 5353, 16473, 28188, 14415, 4623, 9895, 8140, 37455, 44103, 3062, 22012, 45250, 20279, 16570, 14593, 33065, 19232, 12624, 27386, 29573, 16756, 33262, 11418, 47584, 17856, 49143, 3277, 22913, 18265, 19461, 25095, 45733, 22527, 39074, 12326, 38919, 14224, 26817, 623, 40845, 44136, 46963, 10434, 41288, 17460, 9701, 21807, 33140, 40977, 13510, 15788, 10750, 13327, 4235, 11448, 26286, 24960, 3443, 21815, 3642, 21682, 15118, 26140, 40743, 23457, 32615, 39363, 48567, 26537, 19679, 47831, 30695, 44380, 14000, 9130, 32065, 29020, 10491, 42278, 1761, 46502, 3991, 43737, 3025, 15323, 23343, 33295, 47104, 1739, 35674, 2641, 8188, 2930, 22490, 39166, 35992, 35249, 9607, 34346, 4342, 19732, 6604, 18490, 338, 31020, 4657, 12583, 25135, 22716, 4365, 6192, 44115, 36206, 36533, 32922, 32796, 3085, 28312, 39671, 35813, 12816, 49356, 11508, 17172, 2182, 9607, 7462, 34842, 15950, 1344, 16938, 33996, 12167, 42997, 28970, 5039, 42852, 22349, 45606, 23319, 19759, 46562, 27793, 7221, 41629, 14971, 46040, 23923, 723, 45390, 34311)","(1, 1, 1, 1, 1, 1, 0, 1, 1, 0, 0, 1, 1, 1, 1, 1, 1, 0, 1, 0, 1, 1, 1, 1, 1, 1, 1, 1, 0, 0, 1, 1, 1, 1, 1, 0, 1, 1, 0, 1, 1, 1, 1, 1, 0, 1, 0, 0, 1, 1, 1, 0, 0, 1, 1, 1, 1, 0, 1, 1, 0, 1, 1, 1, 1, 1, 1, 1, 1, 1, 0, 1, 1, 0, 1, 0, 0, 1, 1, 1, 0, 0, 0, 1, 0, 1, 1, 1, 0, 0, 1, 1, 1, 1, 1, 1, 0, 0, 1, 1, 1, 1, 1, 1, 1, 1, 1, 0, 1, 1, 1, 1, 0, 1, 1, 1, 0, 0, 1, 0, 0, 0, 1, 1, 0, 1, 1, 0, 1, 1, 1, 0, 1, 1, 0, 1, 0, 1, 1, 1, 1, 1, 0, 1, 1, 1, 1, 1, 1, 0, 1, 1, 1, 1, 1, 1, 1, 0, 1, 1, 0, 1, 1, 1, 1, 1, 0, 0, 0, 1, 0, 1, 1, 1, 0, 1, 0, 1, 1, 1, 1, 1, 0, 1, 1, 0, 0, 0, 0, 1, 1, 1, 0, 1, 1, 0, 1, 1, 0, 1)"
100.789233,200,126.878164,0,"(19882, 17406, 41204, 33735, 47301, 23446, 18416, 25633, 29081, 46091, 24147, 698, 5971, 17102, 30109, 40849, 45174, 3624, 11163, 43174, 10136, 27976, 45932, 1849, 12033, 41588, 38134, 4944, 48078, 48801, 3855, 25557, 16292, 12691, 13549, 24838, 25853, 4549, 5299, 21491, 25052, 36253, 38220, 14134, 10091, 36875, 11347, 23834, 47138, 1002, 34170, 13250, 9046, 15728, 33021, 2434, 9606, 10635, 19560, 45235, 34928, 48136, 42706, 7418, 40097, 20683, 11378, 2373, 11214, 34525, 17165, 23405, 17040, 48899, 12230, 44293, 49066, 39072, 14514, 46953, 33295, 16624, 15280, 22927, 28312, 8165, 47421, 5982, 19171, 31359, 42770, 9392, 11813, 25339, 11411, 18263, 26977, 48624, 4942, 34506, 6052, 33184, 34327, 7910, 15631, 319, 11901, 3929, 49730, 7389, 26396, 38244, 2357, 12794, 40626, 2879, 14966, 3938, 7543, 17087, 38374, 47081, 45692, 8707, 45111, 7296, 40234, 28833, 41060, 30040, 7864, 4340, 7342, 40119, 10097, 24694, 18817, 26281, 41183, 47349, 13330, 11741, 46232, 15296, 46912, 12382, 3623, 42873, 47398, 5371, 37978, 8719, 15209, 3549, 3981, 9497, 32131, 42297, 13068, 14661, 26953, 12707, 17137, 17568, 32186, 35544, 7544, 31897, 25537, 8551, 45853, 20534, 10444, 49783, 43775, 5628, 10902, 45785, 1527, 28299, 26803, 44807, 19717, 48051, 34948, 8278, 43189, 18670, 2766, 25394, 49495, 8847, 34100, 36685, 41995, 49989, 6705, 18208, 28077, 19307)","(0, 1, 0, 1, 1, 1, 1, 0, 1, 0, 0, 1, 1, 1, 0, 1, 1, 1, 1, 1, 1, 1, 0, 1, 1, 1, 0, 1, 0, 1, 1, 0, 1, 1, 1, 0, 1, 1, 1, 1, 1, 0, 0, 1, 1, 1, 1, 1, 0, 0, 1, 1, 1, 1, 0, 0, 0, 1, 0, 0, 0, 0, 1, 1, 0, 1, 0, 1, 1, 0, 0, 1, 1, 1, 1, 0, 0, 0, 1, 0, 0, 0, 0, 0, 0, 1, 0, 1, 1, 1, 0, 1, 1, 1, 1, 0, 0, 0, 1, 0, 1, 0, 1, 0, 1, 1, 1, 1, 0, 1, 1, 0, 0, 1, 0, 1, 1, 0, 1, 1, 0, 0, 0, 0, 1, 0, 0, 0, 1, 0, 1, 1, 1, 0, 1, 1, 1, 0, 1, 0, 1, 1, 0, 1, 0, 1, 1, 1, 1, 1, 0, 0, 1, 1, 1, 1, 1, 0, 0, 1, 1, 1, 0, 0, 0, 0, 1, 1, 0, 1, 1, 0, 1, 0, 0, 1, 0, 0, 1, 0, 0, 0, 1, 0, 0, 1, 0, 0, 1, 1, 0, 1, 1, 0, 1, 0, 1, 1, 0, 1)"
128.156742,200,129.700365,5,"(40427, 15478, 28644, 19646, 43082, 2401, 32994, 35718, 4814, 6530, 25617, 18685, 45725, 42500, 406, 44760, 12332, 15275, 40063, 30039, 5470, 22336, 27786, 1204, 34710, 1487, 20965, 46468, 29532, 35856, 10369, 1444, 16144, 3980, 11977, 31403, 33452, 5687, 33585, 15260, 8274, 38805, 38224, 29488, 29042, 3892, 26640, 9844, 28879, 2225, 14113, 13479, 44105, 9630, 49469, 24600, 45004, 29535, 30761, 6275, 30739, 31813, 30500, 18614, 19476, 10928, 41465, 5197, 7900, 4065, 9377, 3309, 28584, 30576, 23429, 16599, 38171, 44738, 1012, 188, 3219, 44187, 42798, 49561, 49042, 25673, 4627, 6290, 13470, 5474, 17999, 41792, 22951, 33521, 18830, 11332, 25189, 1956, 11487, 44195, 49219, 3897, 23805, 40478, 40316, 32976, 8535, 206, 31725, 36836, 44472, 35978, 17140, 41840, 7391, 19560, 8150, 38776, 18915, 23094, 35059, 35540, 1677, 31625, 21050, 49094, 14747, 46618, 45242, 36932, 13433, 14773, 37933, 21666, 12017, 17741, 48747, 958, 40834, 43831, 45919, 27213, 11861, 38795, 3374, 3357, 49442, 36995, 12809, 28194, 21327, 36488, 25498, 49928, 28813, 19290, 12863, 9958, 49391, 29783, 27000, 27695, 42760, 25228, 30838, 20608, 31746, 41824, 39730, 24475, 39483, 24059, 20446, 21514, 9141, 48805, 27193, 1746, 4562, 10610, 34688, 13799, 38583, 39229, 33281, 7773, 4661, 4120, 2345, 29051, 5526, 12568, 19311, 4474, 47445, 42125, 18404, 17577, 13544, 14726)","(0, 1, 1, 1, 0, 0, 0, 0, 1, 1, 1, 1, 0, 0, 0, 0, 1, 1, 0, 0, 1, 0, 1, 1, 1, 1, 1, 0, 1, 0, 1, 1, 1, 1, 1, 0, 0, 1, 1, 1, 1, 0, 1, 1, 1, 1, 0, 1, 1, 1, 0, 1, 0, 1, 0, 1, 0, 1, 0, 1, 0, 1, 0, 1, 0, 1, 0, 1, 1, 1, 1, 1, 1, 0, 1, 1, 0, 1, 1, 1, 1, 0, 1, 1, 0, 1, 1, 1, 1, 1, 0, 1, 0, 0, 1, 1, 0, 1, 1, 0, 0, 0, 1, 0, 0, 1, 1, 1, 1, 0, 0, 1, 1, 0, 1, 1, 1, 1, 0, 0, 0, 1, 1, 0, 1, 0, 1, 0, 1, 1, 0, 1, 0, 0, 1, 1, 1, 1, 1, 0, 0, 1, 1, 0, 1, 1, 1, 1, 0, 0, 1, 1, 0, 0, 1, 1, 1, 1, 1, 1, 1, 1, 0, 1, 0, 0, 1, 1, 0, 1, 1, 1, 1, 1, 0, 1, 1, 1, 1, 0, 1, 0, 0, 0, 0, 1, 1, 1, 1, 1, 1, 1, 1, 1, 1, 1, 1, 0, 1, 1)"
133.524062,200,132.313945,1,"(21690, 34410, 9492, 26551, 30118, 46605, 3438, 31724, 44683, 18865, 37284, 9348, 44990, 31841, 48256, 10844, 26256, 3283, 36558, 43082, 10404, 44553, 9365, 10414, 34783, 10337, 5291, 38133, 16668, 44204, 10260, 16457, 5101, 1877, 28842, 42078, 24221, 32422, 1098, 33218, 13128, 43557, 12047, 20566, 33853, 16710, 30566, 22324, 35185, 36560, 31347, 12454, 3366, 36368, 35458, 29741, 11587, 34153, 29017, 12593, 14824, 19553, 39254, 33915, 5061, 46326, 14549, 40478, 25627, 33205, 37056, 17907, 17658, 7183, 40991, 33991, 156, 34115, 45831, 17324, 14530, 5083, 21269, 10393, 25639, 5724, 23601, 49841, 30073, 202, 31681, 12420, 5767, 35506, 49118, 49590, 43919, 37821, 23974, 33451, 14614, 1978, 32670, 32791, 48365, 8663, 25987, 16883, 44761, 18892, 23407, 40760, 41917, 20008, 3436, 30134, 9950, 19570, 10038, 48938, 9382, 26796, 33242, 6024, 16480, 36370, 34218, 6029, 28401, 15286, 21639, 6445, 20490, 14327, 22448, 44951, 13726, 3407, 36608, 41101, 12406, 39930, 2545, 21763, 36944, 6969, 23992, 22609, 2170, 46358, 2587, 17895, 19786, 33629, 13575, 13215, 23311, 24093, 21881, 19172, 46833, 37797, 26981, 43601, 37484, 10136, 29468, 2879, 6775, 4592, 11187, 42466, 20229, 43522, 34524, 1433, 2992, 48210, 30093, 16651, 14306, 16733, 9208, 46207, 89, 40776, 8748, 46771, 43576, 5905, 6630, 12608, 9211, 47126, 15241, 17481, 33526, 10244, 23638, 25902)","(1, 0, 1, 0, 1, 0, 1, 1, 1, 1, 1, 1, 0, 1, 1, 1, 1, 1, 1, 0, 1, 0, 1, 1, 0, 1, 1, 1, 1, 0, 1, 1, 1, 1, 1, 0, 0, 0, 1, 0, 1, 0, 1, 1, 1, 1, 0, 0, 1, 0, 1, 1, 1, 1, 1, 1, 1, 0, 1, 0, 1, 1, 0, 0, 1, 0, 1, 0, 1, 1, 1, 1, 0, 1, 1, 0, 1, 0, 0, 1, 1, 1, 1, 1, 1, 1, 1, 1, 0, 1, 1, 1, 1, 1, 0, 0, 0, 0, 1, 0, 0, 1, 1, 0, 1, 0, 0, 1, 0, 0, 0, 0, 1, 1, 1, 1, 1, 1, 1, 0, 1, 1, 0, 1, 1, 1, 0, 1, 0, 1, 1, 0, 0, 1, 0, 0, 0, 1, 0, 0, 1, 0, 1, 0, 0, 1, 1, 0, 1, 0, 1, 1, 1, 0, 1, 1, 1, 1, 1, 0, 1, 1, 1, 0, 0, 1, 1, 1, 1, 1, 1, 0, 1, 0, 0, 1, 1, 1, 0, 1, 1, 1, 1, 1, 1, 0, 1, 1, 0, 1, 1, 1, 1, 0, 1, 1, 0, 1, 1, 1)"
108.336121,200,135.065634,1,"(15560, 46359, 16228, 35505, 48366, 754, 23899, 32565, 29071, 8139, 34217, 37727, 45630, 29607, 49929, 31681, 27102, 37139, 48733, 25558, 6111, 34612, 5904, 21074, 31749, 38265, 5207, 30511, 44413, 43700, 1037, 23294, 6009, 33283, 21244, 21067, 15172, 30923, 49110, 47730, 28781, 34848, 25473, 8534, 49951, 45856, 14606, 23455, 39174, 25580, 32698, 33462, 4989, 1339, 13137, 24779, 15871, 5004, 791, 32144, 8739, 37017, 26847, 49075, 39284, 17912, 14257, 45157, 1336, 7330, 394, 43388, 3318, 18112, 22982, 3970, 32912, 20304, 49453, 34878, 447, 35973, 24016, 45381, 32660, 13666, 44835, 15409, 30401, 40271, 7129, 43549, 15612, 19068, 34659, 10169, 29038, 26321, 26702, 103, 29887, 26481, 15808, 45282, 18745, 20718, 27915, 30636, 41112, 24336, 18940, 34697, 19564, 14431, 37931, 19618, 29245, 44047, 26867, 5604, 42180, 33901, 28220, 18898, 47450, 11524, 5595, 34245, 15475, 14960, 21231, 23107, 15126, 11034, 11307, 16879, 32502, 1978, 23737, 45765, 19797, 17793, 25011, 23068, 8156, 16345, 7017, 29591, 37748, 26088, 46821, 34360, 48011, 32642, 30609, 17603, 44966, 2707, 36230, 15259, 21433, 12979, 16347, 9697, 40102, 25368, 26185, 23717, 1527, 12403, 15282, 9874, 16861, 43410, 38740, 42077, 23126, 20945, 36529, 44655, 8759, 1432, 22741, 46765, 13300, 2449, 29350, 44221, 26395, 35112, 6347, 18244, 27453, 10788, 46527, 12098, 9101, 32245, 20488, 3880)","(0, 0, 1, 1, 0, 1, 1, 0, 1, 1, 0, 1, 0, 0, 0, 1, 1, 1, 0, 0, 1, 0, 0, 0, 0, 0, 1, 0, 0, 0, 1, 1, 1, 0, 1, 1, 1, 0, 0, 0, 0, 1, 1, 1, 0, 0, 1, 1, 0, 1, 0, 1, 1, 1, 1, 1, 1, 1, 1, 0, 1, 1, 0, 0, 0, 1, 0, 0, 0, 1, 1, 0, 1, 1, 0, 1, 0, 1, 1, 1, 1, 0, 1, 0, 1, 1, 0, 1, 0, 0, 1, 0, 1, 1, 0, 1, 1, 1, 1, 1, 0, 1, 1, 0, 0, 1, 1, 0, 1, 1, 1, 1, 1, 1, 0, 0, 1, 0, 1, 1, 1, 0, 0, 1, 0, 1, 1, 0, 1, 1, 1, 0, 1, 1, 1, 1, 0, 1, 0, 0, 1, 0, 0, 0, 1, 1, 0, 0, 1, 1, 0, 0, 0, 1, 0, 1, 0, 1, 1, 1, 1, 1, 1, 1, 0, 1, 0, 1, 1, 1, 1, 1, 1, 0, 1, 0, 0, 1, 1, 0, 1, 1, 0, 1, 1, 1, 1, 0, 1, 0, 0, 0, 0, 1, 0, 1, 1, 1, 1, 1)"
106.369674,200,137.66619,4,"(15793, 48422, 11691, 7922, 5255, 15853, 5151, 38376, 10098, 26597, 29751, 32606, 29288, 47124, 13210, 22666, 21204, 14885, 2693, 46276, 33531, 38419, 38019, 25587, 44691, 6469, 37973, 5294, 21218, 10185, 33027, 33284, 33311, 30257, 33016, 5063, 5252, 14199, 40057, 29991, 11990, 20526, 19056, 23610, 32844, 16635, 33293, 35085, 42333, 41894, 49878, 26112, 12538, 6341, 25284, 30560, 26706, 16847, 46595, 40484, 3234, 8339, 41655, 21725, 48978, 17852, 42789, 19660, 1932, 40441, 16187, 21894, 48365, 45638, 26237, 41594, 28425, 40420, 549, 23456, 15701, 36426, 16092, 13236, 45582, 19226, 38692, 25811, 42590, 26862, 27036, 7201, 42192, 22289, 24133, 1892, 8996, 40094, 22296, 34452, 35929, 31012, 14002, 7416, 48547, 30480, 36726, 12196, 5717, 6791, 43219, 49100, 10751, 19305, 4840, 47275, 31400, 24280, 15281, 34737, 40402, 15857, 11549, 14875, 18860, 13753, 34936, 8314, 3773, 38965, 14791, 41721, 42202, 48949, 4673, 3278, 25872, 1287, 24541, 15424, 39823, 39584, 22879, 2267, 15239, 44345, 25539, 15822, 34554, 41558, 24448, 16556, 35594, 38928, 30834, 38875, 47130, 44152, 10806, 35814, 29745, 18219, 21413, 13042, 1751, 30926, 45577, 41522, 5399, 41353, 44080, 42442, 10328, 10804, 16966, 34803, 4292, 35421, 15858, 19456, 15211, 14429, 8510, 48123, 18779, 17975, 27259, 33727, 38559, 37323, 27011, 5196, 48606, 21871, 47510, 3246, 47154, 27213, 18682, 29584)","(0, 0, 0, 0, 1, 1, 1, 1, 1, 1, 0, 0, 1, 0, 1, 0, 1, 1, 1, 1, 0, 0, 0, 1, 0, 1, 0, 1, 1, 1, 1, 0, 1, 0, 0, 1, 1, 1, 0, 0, 1, 1, 1, 1, 0, 1, 1, 1, 0, 0, 0, 1, 1, 1, 1, 0, 0, 1, 1, 1, 1, 1, 0, 1, 0, 1, 0, 1, 1, 0, 1, 1, 1, 0, 1, 1, 0, 0, 1, 1, 0, 1, 1, 1, 0, 1, 1, 0, 0, 1, 1, 1, 1, 0, 0, 1, 1, 0, 0, 1, 0, 0, 0, 1, 0, 0, 0, 1, 1, 0, 0, 1, 1, 1, 1, 1, 1, 1, 1, 1, 1, 1, 1, 1, 0, 0, 0, 1, 1, 1, 0, 1, 1, 1, 1, 1, 1, 1, 0, 0, 0, 1, 0, 0, 1, 0, 1, 1, 0, 0, 1, 1, 0, 0, 0, 1, 0, 0, 0, 1, 0, 1, 1, 0, 1, 0, 0, 1, 1, 0, 1, 0, 1, 1, 1, 1, 1, 1, 1, 1, 1, 1, 1, 0, 0, 1, 1, 0, 1, 0, 1, 1, 1, 1, 0, 1, 0, 1, 1, 1)"
82.2136,200,140.335735,6,"(8356, 47120, 30244, 48258, 11721, 29064, 36314, 34280, 30049, 49127, 19001, 20035, 34758, 10136, 31125, 28132, 15980, 4304, 2654, 33899, 24686, 9562, 3024, 4385, 46672, 32080, 44424, 44942, 4473, 30729, 7211, 11337, 4589, 33863, 15100, 37506, 39216, 25741, 23878, 44686, 35839, 30366, 7234, 5097, 48762, 1928, 15678, 28346, 36281, 8011, 33402, 43325, 36008, 9094, 245, 14068, 23485, 31057, 32133, 29053, 615, 6289, 22811, 49090, 16578, 31637, 28900, 13537, 46482, 16312, 48347, 10228, 49589, 23103, 25920, 13129, 13399, 19967, 40783, 21264, 3148, 3499, 8293, 40358, 6950, 45576, 4233, 48392, 49966, 39044, 15630, 25242, 44969, 16197, 12293, 31232, 30365, 12599, 29235, 1011, 10683, 30979, 33889, 2088, 30531, 19553, 515, 33848, 43240, 17888, 3668, 34689, 21992, 47389, 43749, 38222, 32442, 32845, 6282, 13809, 39459, 2849, 44973, 25033, 44139, 42744, 45771, 16880, 36497, 13533, 38314, 38555, 17149, 40839, 22191, 16471, 25779, 6556, 22884, 13286, 38595, 48842, 10637, 29734, 28678, 25886, 41968, 9884, 9173, 27884, 44719, 44650, 6392, 32122, 41948, 28168, 43586, 30248, 24534, 16686, 4351, 46673, 738, 27391, 38705, 2592, 13733, 38773, 19611, 34353, 20133, 23860, 39923, 32125, 7790, 2103, 19681, 43234, 48900, 33853, 34353, 3427, 3211, 36925, 36823, 32774, 24764, 31597, 20946, 9579, 2045, 38516, 36373, 40440, 1332, 30305, 39142, 30077, 1441, 47060)","(1, 0, 0, 1, 1, 0, 0, 0, 0, 0, 1, 1, 0, 1, 0, 1, 1, 1, 1, 1, 1, 1, 1, 1, 1, 1, 0, 0, 1, 0, 0, 0, 1, 0, 1, 1, 0, 0, 0, 0, 1, 0, 1, 1, 0, 1, 1, 0, 0, 1, 0, 0, 0, 0, 1, 1, 1, 1, 0, 1, 1, 1, 0, 1, 1, 1, 1, 1, 1, 1, 1, 1, 0, 0, 0, 1, 1, 1, 0, 1, 1, 1, 1, 0, 1, 1, 1, 0, 0, 0, 1, 1, 1, 1, 1, 1, 0, 1, 1, 1, 1, 0, 0, 1, 0, 1, 1, 0, 0, 1, 1, 0, 0, 0, 0, 0, 1, 1, 1, 0, 1, 0, 0, 1, 0, 1, 0, 1, 1, 1, 0, 0, 0, 0, 0, 1, 0, 0, 0, 1, 0, 1, 1, 1, 1, 0, 0, 0, 1, 1, 0, 0, 1, 0, 0, 0, 0, 0, 1, 1, 1, 1, 1, 0, 0, 1, 0, 0, 1, 0, 1, 1, 0, 0, 1, 1, 1, 0, 1, 0, 0, 1, 1, 1, 1, 0, 0, 1, 1, 1, 1, 0, 0, 0, 0, 0, 0, 0, 1, 0)"
67.976146,200,143.124811,7,"(42230, 41213, 39790, 42353, 10012, 37658, 39818, 29820, 20017, 18701, 33939, 3459, 27640, 27692, 44316, 21961, 29495, 19929, 37838, 40591, 19123, 3247, 39025, 248, 643, 37353, 45832, 34371, 44044, 23369, 24597, 39001, 32567, 45403, 2117, 28235, 41091, 10973, 18140, 7940, 22287, 18454, 36048, 27323, 47804, 17769, 33873, 38081, 27018, 9602, 2154, 47058, 29490, 46275, 34431, 23568, 27654, 28450, 40267, 44692, 23965, 18407, 3996, 46301, 7280, 6250, 40126, 32270, 35662, 34391, 37911, 18068, 35758, 9824, 10977, 933, 21356, 37802, 14024, 37721, 32594, 40382, 33924, 18507, 6971, 33235, 49030, 3803, 28565, 9154, 8824, 23609, 36798, 41791, 8245, 5836, 7480, 8242, 24168, 14626, 23323, 41663, 4731, 5960, 32663, 18410, 49235, 27424, 14896, 3078, 8516, 44348, 18013, 29688, 36628, 48053, 18214, 47921, 696, 44941, 36595, 44, 11291, 18222, 17572, 14490, 9951, 5955, 42621, 21197, 10772, 33684, 3452, 4089, 34166, 9562, 38945, 40193, 33817, 5941, 33103, 6503, 19070, 15116, 32802, 27053, 30122, 19523, 46599, 17659, 31353, 31990, 308, 560, 20553, 47479, 21159, 28943, 8065, 5194, 20621, 30762, 40081, 1746, 30068, 36651, 37295, 10180, 32743, 45969, 17609, 2622, 30921, 23827, 10860, 18941, 44410, 33802, 13532, 44036, 11829, 357, 45816, 3686, 25960, 28044, 13575, 3965, 42264, 3747, 48931, 6093, 13548, 15560, 26673, 43323, 24155, 24646, 46149, 10685)","(0, 0, 0, 0, 1, 1, 0, 0, 1, 0, 0, 1, 1, 0, 0, 1, 0, 1, 1, 0, 1, 0, 0, 1, 1, 1, 0, 0, 0, 0, 1, 0, 0, 0, 1, 0, 0, 1, 1, 1, 0, 1, 0, 1, 0, 1, 0, 0, 0, 1, 1, 0, 1, 0, 0, 1, 0, 1, 0, 0, 1, 1, 1, 0, 1, 1, 0, 0, 0, 0, 0, 1, 1, 1, 1, 1, 1, 0, 0, 0, 0, 0, 0, 1, 1, 0, 0, 1, 0, 1, 1, 1, 1, 0, 1, 1, 1, 1, 0, 1, 0, 0, 0, 1, 0, 1, 1, 1, 1, 1, 1, 0, 1, 0, 0, 0, 1, 0, 1, 0, 0, 1, 0, 1, 1, 1, 1, 1, 0, 1, 1, 0, 1, 1, 0, 1, 0, 0, 0, 1, 0, 1, 1, 1, 0, 0, 0, 1, 0, 0, 1, 0, 1, 1, 1, 0, 1, 1, 1, 1, 0, 0, 0, 1, 0, 0, 1, 1, 0, 0, 1, 1, 0, 1, 1, 1, 0, 0, 1, 0, 1, 1, 0, 1, 1, 1, 1, 1, 0, 1, 0, 0, 1, 0, 1, 0, 1, 1, 0, 1)"
104.177159,200,146.231782,5,"(15035, 33476, 33969, 32348, 28105, 787, 19535, 15381, 5939, 21907, 2018, 49239, 1737, 21661, 15058, 10191, 19769, 36623, 720, 48719, 46956, 27465, 20348, 33651, 23390, 20828, 29902, 12453, 41285, 43539, 45562, 4420, 44655, 38392, 49067, 31749, 45625, 43017, 5439, 4781, 15268, 2596, 11021, 39382, 8537, 33889, 44355, 16534, 7238, 17020, 7832, 27791, 6391, 5539, 5652, 14981, 7041, 27656, 29338, 20430, 27515, 24116, 8319, 27370, 41274, 26164, 48347, 44049, 9460, 23403, 10971, 12844, 5324, 44550, 27263, 19440, 47187, 11500, 42325, 10678, 3667, 17015, 5728, 31035, 44863, 26594, 49054, 41020, 38949, 30775, 7861, 14553, 46452, 3070, 4586, 28998, 19057, 36602, 39483, 15946, 25953, 2686, 11433, 41297, 8419, 5096, 9921, 43751, 24537, 32153, 10896, 41800, 39199, 45279, 37076, 46308, 49147, 33947, 38014, 40861, 41051, 11555, 10775, 49031, 18309, 38128, 12506, 2169, 26021, 47715, 11976, 13419, 32351, 27705, 519, 5463, 28095, 19903, 23029, 34411, 5839, 15951, 15038, 26164, 49187, 35745, 26032, 16516, 39674, 4234, 28359, 19369, 9922, 42946, 6206, 49101, 18824, 16190, 44655, 44221, 34787, 27741, 45627, 28253, 2541, 18063, 29381, 17924, 43918, 40680, 47434, 14605, 26983, 19457, 3466, 24324, 26722, 30956, 20730, 42023, 16226, 13029, 46807, 34531, 19624, 34793, 28081, 2574, 36199, 37657, 38711, 4665, 13574, 15845, 7555, 19670, 6880, 46745, 29220, 21122)","(0, 0, 0, 1, 1, 1, 1, 1, 1, 1, 1, 0, 1, 0, 1, 1, 1, 0, 1, 1, 0, 0, 0, 1, 0, 1, 0, 0, 0, 1, 0, 1, 0, 0, 0, 0, 1, 0, 1, 1, 1, 1, 1, 1, 1, 0, 0, 1, 1, 1, 0, 0, 1, 0, 1, 1, 1, 0, 1, 0, 0, 1, 1, 1, 0, 1, 1, 0, 1, 0, 0, 1, 1, 0, 0, 0, 0, 1, 0, 1, 1, 0, 1, 1, 0, 1, 1, 0, 1, 0, 1, 1, 1, 1, 1, 1, 1, 0, 1, 1, 1, 1, 1, 0, 1, 1, 0, 0, 1, 1, 1, 1, 1, 0, 1, 1, 1, 1, 0, 1, 0, 1, 1, 1, 1, 0, 1, 1, 0, 1, 1, 1, 0, 1, 1, 1, 1, 1, 0, 0, 1, 1, 0, 0, 0, 0, 1, 1, 0, 1, 0, 1, 1, 0, 1, 0, 1, 0, 0, 0, 0, 1, 0, 0, 1, 1, 1, 1, 0, 0, 1, 0, 0, 1, 1, 1, 1, 0, 0, 1, 1, 0, 0, 0, 1, 0, 0, 1, 0, 0, 0, 1, 1, 1, 1, 1, 1, 1, 1, 0)"
111.679252,200,159.501135,3,"(16790, 40387, 34069, 37482, 8755, 27106, 6482, 27107, 3057, 21277, 12000, 26336, 49379, 25604, 174, 18811, 30718, 8964, 4771, 18357, 1622, 30854, 16135, 35378, 21189, 2910, 43589, 32257, 32656, 12352, 22259, 48372, 16593, 32773, 38860, 14287, 18877, 12592, 12581, 10296, 46634, 10809, 8133, 4739, 16057, 43226, 37792, 32742, 39876, 1009, 43626, 2431, 26785, 21635, 33773, 11610, 7868, 47117, 3217, 4719, 3049, 3884, 18499, 42638, 49422, 41118, 49218, 38457, 18009, 20579, 36042, 13994, 35414, 11370, 32379, 16252, 10247, 5561, 17944, 32382, 19259, 16143, 48351, 25452, 46404, 974, 46722, 33965, 1982, 9649, 42788, 11154, 46731, 19238, 4471, 23512, 23832, 36833, 7140, 9781, 2106, 4580, 17711, 26463, 21713, 27749, 6375, 28683, 16463, 23683, 25516, 45620, 41639, 28056, 48315, 30012, 45557, 45982, 1517, 49235, 27436, 35292, 42032, 11182, 49862, 9962, 19969, 15166, 27512, 24827, 47698, 19521, 48097, 14445, 16961, 7220, 39683, 39418, 5834, 36803, 45485, 36882, 10166, 12150, 33504, 48419, 45281, 406, 41376, 44827, 4752, 6863, 15850, 3396, 25583, 42411, 14264, 157, 10987, 39993, 11036, 7428, 24788, 40288, 40535, 21836, 40529, 2898, 9547, 42084, 37575, 43523, 44291, 4944, 20297, 11080, 12645, 45374, 42289, 28868, 14678, 17596, 28913, 10492, 43805, 37921, 38483, 15469, 49379, 28016, 12314, 9916, 17070, 24532, 278, 7846, 11500, 10728, 1722, 3204)","(1, 0, 0, 1, 1, 1, 0, 0, 1, 0, 1, 0, 0, 0, 0, 0, 0, 1, 1, 1, 1, 0, 1, 0, 1, 1, 0, 1, 1, 1, 0, 0, 1, 1, 0, 1, 1, 1, 1, 1, 1, 1, 1, 0, 1, 0, 0, 1, 0, 1, 0, 0, 1, 1, 0, 1, 1, 0, 1, 1, 1, 1, 1, 0, 0, 0, 1, 0, 1, 1, 1, 1, 0, 0, 1, 1, 1, 1, 1, 1, 1, 1, 1, 0, 0, 1, 0, 0, 1, 1, 0, 1, 0, 1, 1, 1, 1, 1, 1, 1, 1, 1, 1, 1, 1, 1, 1, 1, 0, 1, 1, 0, 1, 0, 0, 0, 0, 0, 1, 1, 1, 0, 1, 1, 0, 0, 1, 1, 0, 1, 0, 1, 1, 1, 1, 1, 0, 0, 1, 1, 0, 1, 1, 1, 1, 1, 0, 0, 0, 0, 1, 1, 0, 1, 1, 0, 1, 1, 1, 0, 1, 1, 1, 0, 0, 1, 0, 1, 1, 0, 1, 0, 0, 1, 1, 1, 1, 0, 0, 1, 1, 0, 1, 1, 0, 0, 1, 1, 0, 1, 1, 1, 1, 1, 1, 1, 1, 1, 1, 1)"
46.746012,200,162.31002,7,"(18098, 43582, 1569, 33455, 17867, 1752, 37849, 24427, 29601, 3331, 35880, 40578, 30344, 41752, 8264, 1920, 42808, 37749, 44648, 15127, 4654, 24405, 6701, 12322, 5987, 25290, 32060, 25595, 26488, 13339, 24777, 31567, 29528, 12846, 28161, 35387, 20121, 15056, 24137, 17621, 34339, 20500, 47120, 21842, 20153, 23879, 36058, 3200, 29593, 38476, 28472, 21855, 14293, 27847, 14467, 40533, 24466, 44147, 25798, 35213, 11170, 4451, 41311, 18296, 16848, 46456, 12553, 6226, 42691, 10149, 14775, 2293, 47489, 46142, 2672, 4718, 36537, 25023, 25784, 41475, 9594, 3470, 41815, 16627, 43786, 13881, 26923, 16551, 21003, 40506, 33948, 3087, 28131, 25529, 31758, 37898, 9477, 22038, 5130, 5262, 13300, 48895, 436, 33734, 35217, 37595, 22517, 25936, 740, 37767, 18293, 2071, 9920, 888, 37076, 250, 30584, 9897, 6594, 39747, 35197, 9958, 5508, 22235, 46117, 13169, 40178, 13510, 30195, 31677, 32901, 34986, 46294, 38842, 46090, 28270, 19036, 36696, 24750, 32446, 35693, 31071, 41658, 25677, 20014, 9580, 35978, 16435, 29303, 44436, 40988, 24910, 22875, 23570, 45789, 14134, 42664, 32201, 9658, 36969, 35586, 33598, 13701, 44871, 16520, 28296, 8272, 29575, 24807, 33614, 13976, 41687, 16637, 48024, 16663, 28273, 35583, 15187, 32478, 23770, 49800, 38688, 45431, 44953, 13730, 4427, 23639, 33107, 32522, 29376, 7822, 36644, 37424, 36692, 38439, 17944, 28053, 14494, 36693, 18862)","(1, 0, 1, 0, 0, 1, 1, 1, 0, 1, 0, 0, 0, 0, 1, 1, 0, 1, 0, 1, 1, 0, 1, 1, 1, 1, 0, 1, 1, 1, 1, 0, 0, 1, 0, 0, 1, 1, 0, 0, 0, 1, 0, 1, 0, 1, 0, 1, 1, 0, 1, 1, 1, 0, 1, 0, 1, 0, 0, 0, 1, 1, 0, 1, 1, 0, 1, 1, 0, 1, 1, 1, 0, 0, 1, 1, 0, 1, 0, 0, 1, 1, 0, 1, 0, 1, 0, 1, 0, 0, 0, 1, 1, 1, 0, 0, 1, 0, 1, 1, 1, 0, 1, 0, 0, 0, 0, 0, 1, 0, 1, 1, 1, 1, 1, 1, 0, 0, 1, 0, 0, 1, 0, 0, 0, 1, 0, 1, 0, 0, 0, 0, 0, 0, 0, 0, 1, 0, 1, 0, 0, 1, 0, 0, 0, 1, 1, 1, 1, 0, 0, 0, 0, 1, 0, 1, 0, 0, 1, 0, 0, 0, 0, 0, 0, 0, 1, 0, 1, 0, 1, 0, 1, 0, 1, 0, 1, 1, 0, 1, 0, 0, 0, 0, 0, 1, 0, 0, 0, 1, 1, 0, 0, 0, 0, 1, 0, 1, 0, 0)"
116.522425,200,165.163396,1,"(24819, 12853, 6785, 17509, 7788, 11265, 16170, 9082, 15763, 5033, 20672, 37244, 1753, 26252, 1854, 45722, 20531, 20675, 36847, 38981, 5641, 32878, 6156, 44778, 21407, 37834, 44274, 12716, 40742, 46069, 41036, 13483, 13163, 48278, 40846, 11023, 2016, 14984, 33123, 21293, 1576, 9690, 2763, 39950, 14852, 18839, 11501, 24836, 47904, 22228, 47540, 27909, 18780, 471, 9210, 4552, 22570, 24878, 33125, 16188, 28589, 3709, 44396, 39913, 20332, 5156, 32001, 22433, 20332, 30296, 34361, 25541, 22178, 24730, 22643, 34770, 27692, 44176, 1981, 10546, 26689, 6604, 39424, 37429, 25543, 4368, 32165, 32622, 27642, 25759, 43204, 8690, 32495, 40643, 21236, 40703, 29697, 35594, 16108, 9154, 14967, 37992, 10662, 28076, 11363, 29553, 34167, 12255, 45437, 30590, 8688, 22258, 40688, 33512, 42408, 17293, 11050, 22662, 25438, 4662, 18337, 13377, 43090, 20532, 10541, 36664, 40478, 49549, 44313, 38928, 32712, 25499, 10391, 1815, 13642, 26555, 21226, 28799, 3699, 24845, 11341, 33054, 13973, 41331, 38937, 32683, 3689, 35821, 32316, 49079, 18518, 37803, 35093, 43292, 48320, 27833, 5577, 25389, 29222, 2107, 1808, 37648, 6514, 42937, 35351, 29708, 318, 15560, 24952, 1416, 46410, 25860, 40501, 30086, 47258, 20659, 14621, 3506, 25731, 38, 41962, 5416, 31165, 43492, 49324, 14030, 22979, 5535, 37057, 42366, 33479, 6743, 3976, 32908, 46242, 25692, 2104, 7723, 14401, 21172)","(1, 1, 1, 0, 1, 0, 1, 1, 1, 1, 1, 0, 1, 0, 1, 1, 1, 1, 1, 1, 1, 1, 1, 0, 1, 1, 0, 1, 0, 0, 0, 1, 1, 1, 0, 1, 1, 1, 0, 1, 1, 1, 1, 1, 1, 1, 1, 0, 0, 0, 0, 0, 0, 1, 1, 1, 0, 0, 1, 0, 1, 1, 0, 1, 1, 1, 1, 0, 0, 0, 1, 0, 1, 1, 0, 0, 1, 0, 1, 1, 1, 1, 1, 1, 1, 1, 1, 1, 0, 0, 0, 1, 1, 0, 1, 0, 1, 0, 1, 1, 1, 0, 1, 0, 1, 1, 0, 0, 0, 0, 1, 0, 0, 1, 0, 1, 1, 0, 1, 1, 1, 1, 1, 1, 1, 0, 0, 0, 0, 0, 0, 1, 1, 1, 1, 1, 1, 0, 1, 1, 0, 0, 1, 0, 0, 1, 1, 0, 1, 0, 1, 0, 0, 0, 1, 0, 0, 1, 1, 1, 1, 1, 1, 0, 0, 0, 1, 0, 1, 1, 0, 1, 0, 0, 0, 1, 1, 1, 1, 1, 0, 1, 0, 0, 0, 1, 0, 1, 1, 1, 0, 1, 1, 1, 0, 0, 1, 1, 1, 1)"
140.126766,200,168.231801,2,"(3743, 13317, 13525, 32839, 46703, 1306, 1797, 21970, 27363, 10356, 8409, 562, 8724, 22707, 44817, 49133, 44069, 7928, 5794, 13442, 38910, 1205, 18418, 23850, 2545, 18063, 32984, 19887, 35806, 36907, 21615, 12204, 42731, 23225, 35267, 14158, 11020, 24807, 33092, 22006, 42372, 7717, 46290, 40461, 5883, 5073, 26696, 45544, 21554, 48267, 25627, 21982, 43773, 28124, 34388, 28027, 18603, 21551, 7315, 25285, 27362, 4804, 8515, 49365, 7782, 18989, 24426, 20332, 29640, 33224, 21928, 8252, 30006, 25082, 15011, 18415, 12485, 18729, 13633, 15286, 5182, 6054, 3980, 44709, 40846, 10568, 31072, 17301, 31881, 26017, 4029, 44439, 35993, 23951, 29831, 16211, 8506, 10912, 3104, 5991, 20224, 49099, 23411, 41080, 30761, 1135, 38981, 31310, 22252, 43547, 39746, 22885, 22871, 30267, 25766, 19586, 36844, 20241, 13105, 19592, 13311, 18827, 26180, 21731, 15156, 6314, 36020, 35261, 35340, 4873, 16069, 13192, 34723, 30057, 45718, 8545, 45943, 18021, 44496, 19197, 18995, 18893, 22314, 10504, 24363, 17337, 17224, 2729, 24402, 14060, 49264, 45380, 31530, 21056, 20621, 20511, 22763, 44426, 46119, 36155, 30528, 38029, 21636, 33173, 37276, 3319, 13027, 45156, 9490, 12993, 2856, 40555, 3235, 40074, 8887, 33122, 31575, 3930, 16461, 5450, 6459, 8021, 4383, 11836, 2784, 3022, 32235, 8292, 43612, 45397, 39722, 15931, 19243, 13468, 14279, 23080, 23421, 17097, 17401, 32697)","(1, 1, 1, 1, 1, 1, 1, 1, 0, 1, 1, 1, 0, 0, 0, 0, 0, 1, 1, 1, 1, 1, 1, 1, 1, 1, 0, 0, 1, 1, 1, 0, 0, 0, 0, 1, 1, 1, 1, 1, 1, 1, 0, 0, 1, 1, 1, 0, 1, 0, 1, 1, 0, 1, 0, 1, 1, 1, 1, 0, 1, 1, 1, 0, 1, 1, 1, 1, 1, 1, 1, 1, 0, 0, 1, 1, 1, 1, 1, 1, 1, 1, 1, 0, 0, 0, 1, 1, 1, 1, 1, 0, 1, 1, 0, 1, 1, 1, 1, 1, 1, 0, 1, 0, 0, 0, 1, 1, 0, 0, 0, 0, 0, 1, 0, 1, 1, 1, 1, 0, 1, 1, 1, 1, 1, 1, 1, 1, 0, 1, 1, 1, 1, 0, 1, 1, 0, 1, 1, 1, 1, 0, 0, 1, 0, 1, 1, 1, 1, 1, 1, 0, 1, 1, 0, 0, 0, 0, 0, 1, 0, 0, 1, 0, 1, 1, 1, 1, 1, 1, 1, 0, 1, 1, 1, 1, 1, 1, 0, 1, 1, 1, 1, 1, 1, 1, 1, 1, 0, 0, 1, 1, 1, 1, 1, 0, 0, 1, 1, 0)"
61.008364,200,171.761564,3,"(36357, 5549, 38680, 16093, 5978, 7565, 22673, 34048, 26059, 6177, 45413, 43879, 442, 25192, 15325, 40180, 6615, 41848, 4641, 6681, 34718, 34924, 39804, 19315, 14861, 6099, 7708, 31660, 22320, 35808, 19216, 20080, 46979, 11623, 31481, 48353, 29563, 25144, 18533, 26164, 42110, 9363, 22137, 9195, 21727, 20164, 18520, 3606, 48782, 45388, 6359, 3013, 7523, 21801, 7552, 48732, 47093, 21459, 13167, 36192, 18159, 33016, 6464, 13438, 37967, 11956, 46039, 4114, 44623, 40587, 33880, 47010, 7587, 36707, 21841, 39761, 2402, 30971, 13324, 35267, 48415, 39609, 23210, 48912, 13366, 44819, 42030, 25910, 28440, 40249, 23040, 26948, 35034, 34611, 20411, 11699, 10566, 48890, 12088, 29000, 48493, 34141, 25253, 15246, 41749, 43568, 38470, 16262, 7340, 36729, 9034, 42705, 31562, 37346, 27815, 20537, 34760, 41655, 8324, 4027, 3375, 9019, 2686, 45374, 49919, 41880, 21001, 17993, 45973, 6216, 7330, 6870, 42220, 6043, 31257, 23942, 43183, 43298, 10844, 11546, 42156, 49729, 26675, 42019, 23264, 49435, 10862, 48033, 33660, 17554, 2062, 42970, 39837, 35338, 1677, 4119, 2242, 21091, 15262, 41406, 15675, 43032, 211, 44627, 34688, 41321, 5795, 41322, 22332, 144, 7058, 42082, 24519, 7980, 38982, 46019, 26678, 17176, 2362, 14903, 39872, 26143, 31504, 20214, 37769, 21778, 2862, 1065, 43737, 25849, 28095, 38459, 24577, 10464, 20581, 20512, 7522, 37789, 11558, 41174)","(0, 1, 0, 1, 1, 1, 0, 0, 0, 1, 0, 0, 1, 1, 1, 0, 1, 0, 1, 0, 0, 0, 1, 0, 1, 1, 1, 0, 0, 1, 1, 1, 0, 1, 0, 0, 0, 0, 0, 1, 0, 1, 0, 0, 1, 1, 1, 1, 0, 0, 1, 1, 1, 1, 1, 1, 0, 1, 1, 1, 0, 0, 1, 1, 0, 1, 0, 1, 0, 1, 0, 0, 0, 0, 1, 0, 0, 0, 0, 0, 1, 0, 0, 0, 1, 0, 0, 1, 0, 0, 0, 1, 0, 0, 1, 1, 1, 0, 1, 0, 0, 1, 1, 1, 1, 0, 0, 1, 1, 0, 1, 0, 1, 1, 1, 1, 0, 0, 1, 1, 1, 1, 1, 0, 0, 0, 1, 1, 0, 1, 1, 1, 0, 1, 1, 1, 0, 0, 1, 1, 0, 0, 1, 0, 0, 1, 1, 0, 0, 1, 1, 0, 0, 0, 1, 1, 1, 0, 1, 0, 1, 0, 1, 0, 0, 0, 1, 1, 0, 1, 1, 0, 0, 1, 0, 0, 1, 0, 0, 1, 0, 1, 0, 1, 0, 1, 1, 1, 0, 0, 0, 0, 1, 1, 0, 0, 1, 0, 1, 0)"
133.120688,200,174.72531,1,"(17005, 17634, 11922, 44756, 14706, 32019, 36428, 43127, 38075, 580, 10204, 3700, 30571, 11473, 49159, 1453, 48687, 46887, 29879, 17274, 31188, 32718, 27019, 13069, 18865, 9403, 37019, 22509, 20267, 3708, 9588, 3380, 17527, 1179, 20300, 9386, 38003, 28072, 6253, 45228, 42091, 10090, 9921, 47224, 1482, 5887, 554, 39118, 16864, 25900, 10797, 11001, 18667, 49334, 41342, 28008, 19003, 28320, 7827, 12430, 20204, 7258, 39516, 8369, 45674, 48325, 48396, 32974, 25470, 44002, 20018, 38056, 23217, 16145, 27942, 14703, 36180, 15133, 23363, 5241, 8689, 14726, 15125, 48591, 47162, 35034, 8025, 42346, 1610, 30718, 14276, 4086, 31562, 9124, 23003, 18024, 24006, 43566, 23636, 48380, 34255, 18112, 14616, 33889, 45190, 37379, 9769, 36421, 35404, 7841, 22816, 25329, 47019, 21743, 34935, 48030, 40138, 49690, 13618, 41776, 38810, 8996, 40618, 13494, 37046, 6245, 30470, 6726, 12373, 38084, 17821, 49675, 17162, 34921, 18301, 19615, 45183, 17771, 10723, 21492, 7622, 11820, 24685, 316, 23847, 49545, 25736, 1050, 11664, 8121, 26695, 46595, 8641, 33164, 15335, 20373, 38215, 46227, 33018, 36021, 20486, 21468, 41887, 30618, 2454, 6983, 4476, 2092, 19339, 14181, 5306, 38709, 7487, 37187, 24495, 44432, 44565, 36022, 7427, 9184, 6352, 1723, 30757, 31567, 6136, 27441, 22237, 47974, 19523, 10496, 6551, 409, 9248, 39236, 18380, 2114, 36698, 33092, 34184, 12302)","(1, 0, 0, 0, 1, 0, 1, 0, 0, 1, 1, 1, 0, 1, 0, 0, 0, 1, 0, 0, 1, 0, 1, 0, 1, 1, 0, 1, 1, 1, 1, 1, 1, 1, 1, 1, 0, 0, 1, 0, 0, 1, 0, 0, 1, 1, 1, 1, 0, 1, 1, 1, 1, 1, 1, 1, 1, 0, 1, 1, 1, 1, 0, 1, 0, 1, 1, 1, 1, 0, 1, 1, 0, 1, 1, 1, 0, 1, 1, 1, 1, 1, 1, 0, 1, 1, 1, 0, 1, 0, 1, 1, 1, 1, 0, 1, 1, 0, 1, 0, 1, 1, 1, 0, 0, 1, 1, 1, 1, 1, 0, 1, 1, 1, 0, 1, 0, 0, 1, 1, 1, 1, 0, 0, 0, 1, 0, 1, 1, 0, 1, 0, 1, 1, 1, 1, 0, 1, 1, 1, 1, 0, 1, 1, 0, 1, 0, 1, 0, 1, 1, 1, 1, 1, 1, 0, 0, 0, 1, 1, 1, 1, 0, 0, 0, 1, 1, 1, 1, 1, 1, 0, 1, 1, 1, 0, 0, 0, 1, 1, 1, 1, 0, 1, 1, 0, 0, 0, 1, 1, 1, 1, 1, 0, 1, 1, 0, 1, 0, 1)"
106.167174,200,177.869077,5,"(645, 46032, 13073, 42950, 1054, 23860, 48865, 17921, 32915, 3136, 18323, 10366, 35981, 48751, 30498, 9700, 8453, 46794, 4307, 13123, 27805, 31266, 11475, 49951, 36982, 16547, 32728, 3837, 47524, 40482, 6371, 48833, 5950, 42785, 13325, 25532, 2877, 25280, 2229, 12924, 13376, 5534, 21686, 30950, 17218, 30811, 44471, 45467, 3219, 11525, 31511, 40983, 44213, 26701, 23104, 45166, 32290, 23030, 33497, 37245, 45882, 25955, 28572, 34996, 27730, 48986, 5041, 17351, 8891, 13363, 19259, 25897, 41845, 49081, 23536, 49241, 28796, 15507, 13651, 31349, 41536, 7707, 40982, 17344, 33128, 1173, 6327, 3879, 9296, 10880, 27971, 20234, 39966, 12327, 29468, 29954, 44961, 26404, 33457, 49203, 31813, 43673, 24914, 5284, 30840, 13432, 33185, 27166, 18978, 1181, 15744, 14924, 20884, 33750, 38914, 9533, 12617, 26322, 27408, 37651, 2343, 25224, 46209, 6369, 45326, 19295, 38421, 19339, 4234, 11554, 13497, 49390, 16299, 32307, 40287, 27271, 19241, 11481, 42411, 38529, 13062, 7570, 48921, 10199, 14537, 9134, 42022, 20603, 26155, 29827, 43928, 42532, 31531, 25113, 37424, 36051, 14681, 23332, 20124, 14785, 1965, 40103, 35208, 34752, 22361, 25932, 7063, 48138, 34032, 27896, 11679, 25583, 17085, 42839, 39033, 17070, 37120, 14882, 33569, 43443, 40937, 33076, 37147, 48421, 32341, 13845, 37581, 4188, 15931, 12437, 32809, 48402, 43828, 38825, 29978, 3848, 32659, 38475, 21000, 14664)","(1, 0, 1, 1, 1, 1, 0, 1, 0, 0, 0, 1, 0, 1, 0, 1, 1, 0, 1, 1, 0, 1, 1, 0, 0, 0, 1, 1, 1, 0, 1, 0, 1, 0, 1, 1, 1, 1, 1, 1, 1, 1, 1, 0, 1, 0, 0, 0, 1, 1, 0, 0, 0, 1, 0, 0, 1, 0, 0, 0, 1, 0, 1, 0, 1, 1, 1, 1, 0, 0, 1, 1, 0, 1, 1, 0, 0, 1, 1, 1, 1, 1, 0, 1, 1, 1, 1, 1, 0, 1, 1, 1, 0, 1, 1, 0, 0, 1, 0, 0, 1, 0, 0, 1, 0, 0, 0, 1, 1, 1, 1, 1, 1, 0, 1, 1, 1, 1, 0, 0, 1, 1, 0, 1, 0, 1, 0, 1, 1, 1, 1, 0, 1, 0, 0, 1, 1, 1, 0, 1, 0, 1, 1, 1, 1, 1, 1, 1, 1, 0, 0, 0, 0, 1, 0, 1, 1, 1, 1, 0, 1, 1, 0, 1, 0, 0, 1, 0, 0, 0, 1, 1, 1, 0, 0, 1, 1, 1, 0, 0, 1, 1, 1, 0, 0, 1, 1, 1, 1, 1, 1, 0, 0, 0, 0, 1, 0, 0, 1, 1)"
90.427501,200,180.506674,0,"(20230, 32514, 39751, 32593, 14319, 41547, 36058, 10791, 7537, 7485, 16330, 21276, 23653, 12567, 30613, 3576, 17567, 44860, 47082, 47046, 24962, 34956, 36538, 10989, 3145, 41722, 46984, 3600, 22573, 27428, 11833, 585, 17431, 33241, 33592, 7549, 3738, 17715, 43840, 33945, 10243, 33706, 23917, 45605, 9898, 25869, 29711, 10893, 38584, 27820, 90, 29962, 43408, 36985, 24708, 16057, 42059, 34914, 5335, 27286, 45249, 2168, 27558, 13373, 34493, 15100, 33396, 7744, 7006, 22612, 31039, 16059, 36020, 11322, 25613, 30120, 12970, 21335, 3551, 39707, 32090, 24910, 26673, 22697, 46061, 4044, 28895, 45179, 45889, 39458, 6460, 45846, 37796, 26965, 27839, 8921, 8405, 7409, 2463, 33108, 2380, 44481, 21443, 36835, 38403, 37001, 32810, 45778, 39557, 39084, 5447, 22532, 17201, 4540, 19089, 45131, 7120, 6737, 28735, 48037, 8638, 5986, 27205, 10042, 22686, 13160, 9886, 44124, 16008, 929, 33126, 45915, 27593, 43627, 13920, 8197, 23503, 1562, 30253, 5435, 41701, 39679, 12172, 7971, 47452, 32766, 49287, 46239, 35261, 9821, 43208, 28119, 25777, 18185, 31155, 24090, 26908, 47112, 18170, 27224, 6146, 4163, 44341, 3405, 30285, 12108, 20420, 6432, 13626, 34803, 39349, 37634, 19161, 8608, 17820, 18750, 58, 17475, 30049, 8952, 43217, 39075, 10584, 15439, 6257, 46140, 9273, 17813, 35342, 20847, 14168, 15340, 12087, 49191, 43417, 2168, 42697, 46432, 35677, 12414)","(1, 1, 0, 1, 1, 0, 0, 1, 1, 1, 1, 0, 1, 1, 0, 1, 0, 0, 0, 0, 1, 0, 1, 0, 0, 0, 0, 1, 0, 0, 1, 1, 1, 1, 1, 1, 1, 1, 0, 1, 1, 0, 1, 0, 1, 1, 0, 1, 0, 0, 1, 0, 0, 1, 0, 1, 0, 0, 1, 1, 0, 1, 0, 1, 1, 1, 0, 1, 1, 0, 1, 0, 0, 1, 1, 1, 0, 1, 1, 0, 1, 0, 1, 0, 0, 1, 1, 1, 1, 1, 1, 1, 1, 1, 0, 0, 1, 1, 1, 0, 1, 0, 0, 0, 1, 0, 0, 1, 1, 0, 1, 0, 0, 1, 0, 0, 1, 1, 1, 0, 1, 1, 0, 1, 0, 1, 1, 0, 1, 1, 0, 0, 1, 0, 1, 1, 1, 1, 0, 1, 0, 0, 1, 1, 0, 1, 0, 0, 0, 1, 0, 0, 0, 1, 0, 1, 0, 0, 0, 1, 1, 0, 0, 1, 0, 1, 1, 1, 1, 1, 0, 0, 1, 1, 0, 0, 0, 0, 0, 1, 0, 0, 1, 0, 1, 0, 1, 0, 0, 1, 1, 1, 1, 0, 0, 0, 0, 0, 1, 0)"
54.491503,200,183.341452,7,"(44216, 19998, 24709, 32842, 19874, 38032, 11873, 1122, 8709, 2324, 43013, 6351, 40996, 37778, 23357, 25621, 6263, 5416, 12069, 37026, 32237, 26464, 4375, 40619, 46273, 24365, 12981, 14736, 48395, 46975, 26700, 285, 15663, 19282, 12494, 23214, 41526, 15099, 44836, 29556, 12387, 35203, 23829, 42801, 38776, 40207, 2688, 48326, 14180, 31641, 33847, 34803, 47384, 8332, 7104, 30222, 44466, 24227, 20535, 23985, 29390, 2044, 22157, 3742, 1698, 15069, 26584, 49808, 2038, 26919, 22118, 26090, 25407, 44039, 42123, 30069, 14906, 28679, 1642, 11132, 34758, 7049, 8203, 29778, 32789, 15814, 26330, 41923, 49287, 14132, 29462, 13702, 26181, 6369, 25438, 31104, 10076, 32206, 39329, 15241, 45490, 25028, 1747, 8191, 10457, 26906, 13353, 12058, 8597, 30875, 42027, 36867, 39119, 35206, 1639, 7364, 36619, 30275, 9084, 18554, 9619, 32479, 42946, 27226, 20131, 47934, 27134, 6351, 25613, 48185, 44269, 32059, 11781, 49764, 26228, 33583, 49689, 31809, 37892, 9667, 8501, 3356, 24411, 29540, 7636, 48710, 30112, 20196, 19726, 26467, 47164, 49920, 46801, 1130, 11720, 7619, 28561, 20062, 49100, 18048, 36986, 26483, 35769, 43048, 42094, 30484, 4654, 12266, 9356, 26828, 28579, 12667, 45229, 11986, 3269, 17781, 31740, 27820, 49943, 9705, 711, 14926, 12394, 48330, 49884, 25583, 20323, 43329, 33577, 38931, 22267, 48908, 35865, 25416, 43593, 2948, 4488, 15389, 30007, 21837)","(0, 1, 1, 0, 0, 1, 1, 1, 0, 1, 0, 1, 0, 0, 0, 1, 0, 1, 0, 1, 0, 1, 1, 0, 0, 0, 1, 1, 0, 0, 1, 1, 1, 1, 1, 0, 0, 1, 0, 1, 1, 0, 1, 0, 0, 0, 1, 0, 1, 0, 0, 0, 0, 1, 1, 0, 0, 0, 0, 1, 1, 0, 1, 0, 0, 1, 0, 0, 1, 0, 1, 1, 1, 0, 0, 0, 1, 1, 1, 1, 0, 1, 1, 1, 0, 1, 0, 0, 0, 1, 1, 0, 1, 1, 1, 0, 1, 0, 0, 1, 0, 1, 1, 1, 1, 1, 1, 0, 0, 0, 0, 0, 0, 0, 1, 1, 0, 0, 1, 1, 1, 0, 0, 1, 1, 0, 1, 0, 1, 0, 0, 0, 1, 0, 1, 0, 0, 0, 0, 1, 1, 1, 0, 0, 1, 0, 0, 1, 1, 1, 0, 0, 0, 1, 0, 1, 0, 1, 0, 1, 1, 1, 0, 0, 0, 0, 1, 1, 1, 1, 1, 0, 0, 1, 1, 0, 0, 0, 0, 1, 0, 1, 1, 0, 0, 1, 0, 0, 0, 0, 0, 0, 0, 1, 0, 1, 1, 1, 0, 0)"
111.760184,200,186.254831,0,"(6304, 11551, 47921, 23620, 13371, 9730, 29575, 24362, 40777, 49489, 10058, 18457, 49703, 32745, 29295, 8143, 9585, 1102, 5558, 22930, 2013, 43108, 44039, 36212, 36195, 48108, 41149, 5282, 22067, 30652, 20538, 36446, 13936, 33484, 19350, 35197, 31929, 9387, 14358, 37176, 17207, 30597, 32833, 11902, 26848, 2186, 36658, 1560, 9962, 4886, 29554, 12002, 16790, 16892, 45917, 28472, 42487, 4344, 46911, 2170, 35439, 21215, 31576, 6197, 46113, 15860, 45354, 3971, 48646, 39010, 33684, 48504, 17133, 29486, 46913, 3538, 25960, 18275, 34521, 19530, 33562, 28659, 10368, 44702, 12440, 978, 42368, 5848, 28648, 1225, 35206, 12560, 5474, 38788, 35919, 22306, 1067, 39465, 26934, 6192, 11687, 18285, 11525, 35392, 32613, 32175, 13120, 46803, 156, 26318, 1783, 13008, 36267, 24541, 4291, 4878, 6894, 48737, 19955, 35355, 35700, 20542, 46165, 14502, 11838, 21494, 25740, 26992, 14476, 26817, 6453, 36182, 13339, 10237, 28879, 23011, 43713, 26526, 46176, 14898, 16447, 47757, 10727, 36934, 1777, 46657, 28122, 3818, 8456, 11905, 45866, 33350, 43421, 41936, 40223, 18335, 13299, 39765, 5087, 36649, 47816, 15196, 27637, 32768, 47252, 13404, 36287, 1241, 6439, 21059, 26879, 1208, 10711, 23758, 41602, 33326, 33449, 40999, 45082, 11474, 16633, 5995, 29800, 38296, 39888, 12503, 27733, 16920, 36734, 32549, 39001, 12387, 19942, 44631, 853, 43759, 8688, 49832, 3152, 49340)","(0, 1, 0, 1, 1, 1, 0, 1, 0, 0, 1, 1, 0, 1, 1, 1, 1, 1, 1, 0, 1, 1, 0, 1, 1, 0, 0, 0, 0, 0, 0, 0, 1, 0, 1, 0, 1, 1, 1, 0, 1, 0, 0, 1, 0, 1, 0, 1, 0, 1, 0, 1, 1, 1, 0, 1, 0, 1, 0, 1, 0, 0, 0, 1, 1, 1, 0, 1, 0, 1, 0, 1, 0, 0, 1, 1, 1, 1, 0, 1, 1, 1, 1, 0, 1, 0, 0, 1, 1, 1, 0, 1, 1, 0, 0, 0, 1, 0, 0, 1, 1, 1, 1, 0, 0, 0, 1, 0, 0, 0, 1, 1, 0, 0, 1, 1, 1, 0, 1, 1, 1, 1, 1, 1, 1, 0, 0, 1, 1, 0, 1, 1, 1, 1, 1, 0, 0, 1, 0, 1, 1, 0, 1, 0, 1, 0, 1, 1, 1, 1, 1, 0, 0, 1, 0, 1, 1, 1, 1, 0, 0, 1, 1, 0, 0, 1, 0, 1, 1, 1, 1, 1, 1, 1, 1, 0, 0, 1, 0, 1, 1, 1, 1, 1, 1, 1, 0, 1, 0, 0, 0, 1, 1, 0, 1, 0, 1, 0, 1, 1)"
65.55149,200,189.182875,8,"(37268, 3038, 19492, 3010, 42895, 41482, 26534, 12312, 3390, 25435, 22530, 45043, 20574, 16851, 11233, 18731, 40376, 17779, 37494, 34691, 9133, 42336, 23378, 28973, 22887, 14351, 4016, 26695, 43967, 15623, 21446, 6139, 6071, 37966, 2828, 47058, 41110, 20416, 28174, 250, 35908, 1931, 8242, 25720, 36530, 30997, 3028, 3803, 41862, 48357, 25807, 46299, 40301, 38942, 13595, 299, 23268, 9784, 42276, 2383, 10175, 19518, 6964, 18552, 9842, 23819, 48066, 21602, 2266, 16505, 17664, 9135, 24512, 37069, 33588, 13076, 17457, 31206, 30790, 20203, 48260, 36916, 32733, 11199, 10022, 3521, 16336, 37501, 13170, 383, 47416, 14619, 33246, 7719, 39377, 39005, 4696, 713, 5879, 1306, 22347, 49780, 2829, 42231, 45309, 12777, 2170, 48532, 13913, 48847, 2641, 21925, 36689, 2949, 177, 25401, 3324, 1796, 29269, 31370, 35582, 19080, 13413, 44093, 37865, 10153, 18021, 30191, 33386, 27215, 19353, 13922, 21120, 38129, 37552, 48319, 35513, 4704, 27834, 7253, 8842, 30092, 14170, 268, 13649, 37135, 13468, 24744, 3398, 47790, 2807, 13487, 10159, 12666, 5512, 688, 28704, 46722, 10074, 25422, 27538, 2098, 29999, 3089, 23363, 10669, 16949, 28203, 24878, 41925, 16316, 44341, 26629, 40434, 26399, 603, 28860, 344, 23899, 35035, 31353, 8522, 38410, 27861, 29742, 14317, 19050, 3472, 45950, 11728, 1330, 11720, 5285, 14345, 2843, 26378, 6575, 847, 28109, 33761)","(0, 1, 1, 1, 0, 0, 0, 1, 0, 1, 0, 0, 1, 1, 1, 0, 0, 0, 0, 0, 0, 0, 0, 1, 0, 1, 1, 0, 0, 1, 1, 1, 1, 0, 1, 0, 0, 1, 0, 1, 0, 1, 1, 1, 0, 0, 1, 1, 0, 0, 0, 0, 0, 0, 0, 1, 0, 0, 0, 0, 1, 1, 1, 0, 1, 1, 0, 1, 0, 0, 0, 1, 1, 0, 0, 1, 0, 0, 0, 1, 0, 0, 0, 1, 1, 1, 1, 0, 1, 1, 0, 1, 0, 1, 0, 0, 1, 1, 1, 1, 0, 0, 1, 0, 0, 1, 1, 0, 1, 0, 1, 1, 0, 1, 1, 1, 1, 1, 0, 0, 0, 1, 1, 0, 0, 1, 0, 0, 0, 0, 1, 1, 0, 0, 0, 0, 0, 1, 0, 1, 1, 0, 1, 1, 1, 0, 1, 0, 1, 0, 1, 1, 1, 1, 1, 1, 1, 0, 0, 1, 0, 1, 0, 1, 0, 1, 1, 0, 0, 0, 1, 0, 0, 0, 1, 0, 1, 1, 1, 0, 1, 1, 0, 1, 0, 1, 1, 1, 0, 1, 1, 0, 1, 0, 1, 0, 1, 1, 0, 0)"
61.277179,200,201.416905,7,"(25858, 2300, 48829, 26457, 4070, 36169, 41890, 21232, 33831, 30020, 11738, 20271, 9796, 3642, 4594, 4917, 6138, 40867, 37524, 10297, 24311, 33076, 32141, 43273, 16387, 46182, 30506, 46892, 6245, 2561, 7717, 12352, 28988, 38234, 47822, 6314, 15821, 40228, 8074, 42173, 261, 37296, 38792, 17482, 8664, 37270, 44958, 43696, 45990, 16461, 44845, 30227, 17459, 12136, 49911, 16014, 44034, 43212, 11122, 35774, 26660, 45216, 1852, 19358, 12137, 17896, 1242, 22201, 49458, 33177, 4867, 40705, 31672, 1061, 42421, 1233, 22152, 5375, 6422, 30289, 10387, 12217, 27192, 17177, 49697, 10418, 13006, 4449, 26021, 1285, 48938, 44364, 3824, 11275, 42866, 3366, 12490, 5679, 22760, 20475, 15614, 3767, 29504, 6506, 49722, 49530, 7981, 7961, 41351, 47420, 32193, 31513, 3724, 33353, 25535, 5521, 33852, 14424, 43625, 19681, 34458, 23188, 44439, 3436, 45700, 21424, 13629, 35777, 44123, 18199, 6519, 26589, 4249, 45273, 5739, 45018, 7407, 26906, 38001, 20588, 7587, 4416, 1387, 26951, 1682, 9156, 18611, 37899, 39201, 37837, 33113, 34488, 46494, 14881, 26800, 9707, 43421, 33320, 13359, 38944, 35049, 6571, 34454, 12554, 43535, 42081, 19658, 1610, 7832, 30892, 16459, 6768, 10229, 5089, 24792, 17479, 26746, 48266, 16173, 32950, 2220, 16015, 30007, 25180, 1797, 28671, 49479, 19948, 14035, 28505, 30097, 43718, 41562, 38121, 43467, 35406, 29559, 49704, 32050, 25813)","(1, 1, 0, 0, 1, 0, 0, 1, 0, 0, 1, 1, 1, 1, 1, 1, 1, 0, 0, 1, 0, 0, 0, 0, 1, 0, 0, 0, 1, 1, 1, 1, 1, 0, 0, 1, 1, 0, 1, 0, 1, 1, 0, 0, 1, 0, 0, 0, 0, 0, 0, 0, 1, 1, 0, 1, 0, 0, 1, 1, 1, 0, 1, 1, 1, 1, 1, 1, 0, 0, 1, 0, 0, 1, 0, 1, 1, 1, 1, 0, 1, 1, 1, 0, 0, 1, 1, 1, 0, 1, 0, 0, 1, 0, 0, 1, 1, 1, 0, 1, 1, 1, 0, 0, 0, 1, 1, 1, 0, 0, 0, 0, 1, 0, 0, 1, 0, 0, 0, 1, 0, 0, 0, 1, 0, 0, 0, 1, 0, 1, 1, 1, 1, 0, 1, 0, 1, 1, 0, 1, 0, 1, 1, 1, 1, 1, 0, 1, 0, 1, 0, 0, 0, 1, 1, 1, 0, 0, 1, 0, 0, 1, 0, 1, 0, 0, 1, 1, 0, 0, 0, 1, 1, 1, 1, 0, 0, 0, 1, 0, 0, 1, 0, 1, 1, 0, 0, 1, 1, 0, 0, 0, 0, 1, 0, 0, 0, 0, 0, 0)"
83.573568,200,204.300516,3,"(36058, 46183, 32473, 30222, 45943, 46361, 9293, 28756, 41259, 26149, 28736, 5233, 48062, 33350, 17577, 11214, 20004, 47245, 39590, 7946, 4143, 28345, 1340, 28150, 38484, 48427, 22682, 6427, 34651, 32726, 25993, 41513, 42583, 47141, 1411, 17944, 17283, 36320, 43567, 35646, 47756, 20171, 42550, 4899, 13643, 9075, 24286, 43392, 2675, 33951, 5859, 31916, 6262, 17768, 30046, 47091, 13576, 42408, 19929, 16827, 19526, 10706, 32844, 34445, 42969, 40087, 5557, 30639, 10115, 40040, 16779, 19716, 12438, 18742, 40310, 13178, 27325, 9667, 48064, 8647, 9483, 17203, 10280, 638, 11328, 38562, 6926, 20065, 32891, 3759, 29576, 21806, 35060, 2158, 30312, 22294, 2822, 21857, 11174, 33155, 36109, 51, 45964, 36553, 30048, 44731, 16002, 3393, 40026, 39289, 16259, 7203, 14803, 28573, 6838, 1599, 23303, 31958, 48302, 614, 16814, 11710, 6079, 5118, 16334, 27551, 18190, 41163, 19781, 18865, 37711, 5950, 21485, 16651, 16487, 5016, 23131, 20023, 32821, 30865, 20767, 3846, 6075, 14526, 46985, 1951, 6437, 5294, 8153, 43727, 28855, 32004, 14640, 29240, 25383, 15009, 18149, 43628, 23313, 26219, 47225, 47407, 5683, 29943, 39173, 25997, 24021, 10621, 42305, 45507, 36806, 16822, 36531, 31557, 21463, 44778, 36485, 26182, 48788, 40987, 33074, 48288, 42272, 35695, 6233, 31794, 30922, 47927, 36782, 11484, 26784, 4754, 1557, 41433, 35256, 26287, 1528, 17059, 15061, 7972)","(1, 1, 0, 0, 0, 0, 1, 0, 0, 1, 1, 1, 0, 0, 0, 1, 1, 0, 0, 1, 1, 0, 0, 1, 0, 0, 0, 1, 0, 1, 1, 0, 0, 0, 1, 1, 1, 0, 0, 1, 0, 0, 0, 1, 0, 1, 1, 0, 0, 1, 1, 1, 1, 1, 0, 0, 1, 0, 1, 0, 1, 1, 0, 0, 0, 1, 1, 0, 0, 1, 1, 1, 0, 1, 0, 1, 1, 1, 0, 1, 1, 1, 1, 1, 1, 0, 1, 1, 1, 1, 1, 0, 0, 1, 0, 0, 1, 1, 1, 0, 0, 1, 1, 0, 0, 0, 1, 1, 0, 0, 1, 1, 1, 1, 1, 1, 1, 1, 0, 1, 1, 1, 1, 1, 1, 0, 1, 0, 1, 1, 1, 1, 1, 1, 0, 1, 0, 1, 0, 0, 1, 1, 1, 0, 1, 1, 1, 1, 1, 0, 1, 0, 1, 0, 1, 1, 0, 0, 0, 1, 0, 0, 0, 0, 0, 0, 1, 1, 0, 1, 0, 1, 1, 0, 1, 0, 1, 1, 0, 0, 0, 0, 0, 1, 1, 0, 0, 0, 0, 1, 1, 1, 1, 0, 1, 0, 1, 1, 1, 1)"
109.052051,200,206.892527,4,"(15312, 22747, 47764, 34483, 6208, 9701, 41833, 688, 5174, 4408, 1742, 37346, 22019, 26331, 27287, 29783, 21423, 29087, 11488, 39454, 40207, 44819, 14270, 26491, 19020, 42127, 10644, 13791, 22441, 17993, 48289, 43484, 36865, 11210, 3293, 13030, 26451, 24075, 41061, 45724, 16264, 23727, 19496, 29719, 31476, 12919, 48925, 38842, 8419, 1050, 36228, 44171, 29600, 24903, 45780, 38275, 17534, 46210, 40589, 35126, 32515, 33579, 24893, 41414, 16158, 19207, 41153, 3280, 45123, 29678, 29561, 12728, 9383, 47038, 24737, 15672, 3987, 7763, 27557, 40902, 34394, 17806, 22176, 6326, 17789, 10868, 4522, 13186, 17735, 7510, 20701, 15877, 43716, 22700, 26598, 3207, 48983, 16080, 6306, 5116, 38150, 11577, 34153, 10043, 8375, 45149, 5323, 19410, 48103, 47580, 42355, 44889, 14877, 4050, 46281, 47663, 23090, 4248, 24029, 15690, 34679, 20380, 21427, 16873, 31930, 36404, 42887, 7101, 671, 4595, 43590, 37566, 14199, 19355, 19938, 48398, 17130, 2889, 26198, 21272, 43942, 11436, 4998, 37998, 3710, 40491, 35671, 6540, 23366, 40526, 45708, 17597, 48973, 41765, 17235, 16248, 46563, 13958, 12463, 49152, 8889, 15571, 33366, 24002, 34349, 43438, 34736, 10385, 665, 38905, 17262, 10919, 36991, 21381, 7183, 24975, 43497, 45152, 11278, 1217, 43064, 28139, 27021, 17625, 9243, 20825, 18927, 20885, 31160, 1523, 18857, 7965, 7816, 20221, 30447, 34813, 27003, 33155, 2934, 23454)","(1, 0, 0, 0, 1, 1, 0, 1, 1, 1, 1, 1, 1, 0, 1, 1, 1, 1, 1, 0, 0, 0, 1, 1, 0, 0, 1, 0, 0, 1, 0, 1, 1, 1, 1, 1, 1, 1, 0, 0, 1, 1, 1, 1, 1, 0, 1, 0, 1, 1, 0, 0, 0, 1, 0, 0, 0, 1, 0, 1, 1, 1, 0, 1, 1, 1, 0, 1, 0, 0, 0, 1, 1, 1, 0, 1, 1, 1, 0, 1, 0, 1, 1, 1, 0, 1, 1, 1, 1, 1, 1, 1, 0, 0, 1, 1, 1, 1, 0, 1, 0, 1, 0, 1, 1, 0, 1, 1, 1, 0, 0, 0, 1, 1, 1, 0, 0, 1, 1, 1, 0, 0, 0, 0, 1, 1, 1, 1, 1, 1, 0, 0, 1, 1, 1, 1, 0, 1, 1, 1, 0, 1, 1, 0, 1, 0, 0, 1, 1, 0, 0, 1, 0, 0, 1, 1, 0, 1, 1, 0, 1, 1, 1, 1, 0, 0, 0, 1, 1, 1, 0, 1, 0, 1, 1, 1, 0, 0, 0, 1, 0, 1, 1, 1, 1, 1, 1, 1, 0, 1, 1, 1, 1, 1, 0, 0, 0, 0, 1, 1)"
100.736767,200,209.347204,6,"(46310, 17683, 22078, 11419, 41844, 43680, 24716, 21547, 37718, 10730, 33221, 11557, 18614, 24614, 36919, 41453, 27659, 34748, 21227, 22551, 18610, 26993, 9876, 21987, 16946, 49205, 28320, 19683, 35988, 6853, 5801, 37240, 14827, 48950, 6106, 37084, 36081, 8737, 46319, 14723, 5762, 42644, 45529, 42794, 4955, 35776, 32255, 3966, 45797, 22345, 30625, 41608, 25000, 34434, 40616, 23303, 15709, 30725, 34407, 49737, 1855, 12055, 6925, 10591, 16551, 46374, 19843, 45378, 25009, 26065, 21863, 9743, 3810, 42717, 44015, 9635, 18474, 7263, 42249, 1675, 49284, 35721, 27220, 9933, 22896, 16040, 42008, 44472, 10333, 41213, 26131, 3766, 19861, 4631, 49756, 2148, 23391, 31017, 2294, 38986, 19544, 1370, 23470, 47775, 24284, 46521, 10844, 26152, 20246, 16072, 38251, 35719, 34774, 31897, 2789, 47996, 9888, 11427, 35374, 43304, 11307, 14671, 36294, 30567, 4897, 19146, 47088, 19240, 42902, 9090, 17645, 21772, 5850, 35081, 8537, 33834, 47506, 12015, 28203, 21697, 33633, 370, 36081, 41992, 11972, 7269, 7759, 16653, 19720, 47729, 35858, 32687, 38977, 31669, 44942, 38475, 42398, 41829, 46029, 5454, 36274, 47797, 28316, 43692, 8256, 46497, 47705, 23838, 4195, 20113, 40668, 8079, 22876, 49107, 25554, 41427, 34245, 417, 21495, 46563, 3988, 6532, 8138, 28371, 18826, 33929, 39245, 16790, 29641, 39805, 24537, 9257, 14406, 12170, 21385, 11855, 22698, 23438, 8073, 43196)","(0, 1, 0, 1, 1, 0, 1, 1, 1, 1, 0, 1, 1, 1, 1, 0, 1, 0, 1, 0, 1, 1, 1, 1, 1, 0, 0, 1, 0, 1, 1, 1, 1, 1, 1, 1, 0, 1, 0, 1, 1, 0, 1, 1, 1, 1, 0, 1, 0, 0, 0, 0, 0, 0, 0, 1, 1, 0, 0, 0, 1, 1, 1, 1, 1, 0, 0, 0, 1, 1, 1, 1, 1, 0, 0, 1, 1, 1, 0, 1, 1, 0, 0, 1, 0, 1, 1, 0, 0, 0, 0, 1, 0, 1, 0, 1, 1, 1, 0, 1, 1, 1, 1, 0, 1, 0, 1, 1, 1, 1, 1, 1, 0, 1, 1, 0, 1, 1, 0, 0, 1, 0, 1, 0, 1, 1, 0, 1, 0, 1, 1, 0, 1, 0, 1, 0, 1, 1, 0, 1, 0, 1, 0, 0, 1, 1, 1, 1, 1, 0, 1, 1, 1, 1, 0, 0, 0, 0, 0, 1, 0, 1, 0, 0, 1, 1, 0, 1, 1, 1, 0, 1, 0, 0, 0, 0, 0, 1, 1, 0, 1, 1, 1, 0, 1, 0, 0, 1, 1, 1, 1, 1, 1, 1, 0, 1, 0, 1, 1, 0)"
121.075931,200,211.826751,5,"(34345, 21797, 40057, 35857, 33021, 28740, 35334, 12596, 24468, 26530, 45568, 27388, 4940, 39630, 446, 46459, 13803, 28921, 26314, 1026, 6550, 1751, 24768, 28125, 44161, 27379, 33379, 5231, 8742, 11209, 26412, 22104, 28262, 20243, 20178, 35800, 7334, 38793, 42575, 37490, 28623, 12786, 27824, 38257, 13885, 17760, 16729, 32820, 22577, 18741, 14159, 40637, 5491, 1163, 34293, 27120, 29305, 36943, 20708, 11943, 1072, 47770, 13288, 43900, 32224, 4760, 33704, 20911, 39570, 11422, 19944, 30846, 11907, 6006, 9391, 1866, 43273, 16799, 40848, 38313, 23997, 20797, 23532, 862, 34441, 33404, 15346, 41880, 36434, 4049, 26244, 45903, 22438, 22010, 25486, 21058, 36855, 48823, 23659, 21668, 27925, 31147, 3307, 28081, 44516, 3384, 31253, 13900, 21885, 762, 41254, 20886, 37873, 22882, 38568, 15306, 11556, 29429, 11708, 12848, 3449, 31648, 592, 7161, 39806, 37608, 8798, 4293, 31980, 29537, 20827, 478, 7955, 16265, 22879, 3459, 23928, 28197, 45245, 43970, 29998, 29178, 34040, 46591, 34584, 11239, 10768, 38172, 44605, 38692, 36847, 2748, 40953, 7379, 10914, 43106, 49308, 15437, 21290, 10284, 5426, 13893, 30969, 14213, 14119, 6370, 47388, 9600, 19879, 33812, 12202, 11502, 40779, 15721, 31022, 36150, 46942, 40444, 38519, 18198, 1779, 48421, 40904, 5020, 23440, 1322, 43283, 1989, 25224, 23431, 20221, 41183, 23714, 17399, 44784, 39943, 39506, 43188, 24394, 27151)","(1, 1, 0, 1, 1, 1, 0, 1, 0, 0, 1, 0, 1, 0, 1, 0, 0, 1, 1, 1, 1, 1, 0, 1, 0, 0, 1, 1, 1, 1, 1, 0, 0, 1, 1, 0, 1, 0, 0, 1, 1, 1, 1, 1, 0, 1, 1, 0, 0, 1, 1, 0, 1, 1, 1, 1, 1, 1, 1, 1, 1, 1, 1, 0, 1, 1, 1, 1, 1, 1, 1, 0, 1, 1, 1, 1, 0, 1, 1, 0, 1, 0, 1, 1, 0, 0, 1, 0, 1, 1, 1, 1, 0, 1, 1, 1, 1, 0, 1, 1, 1, 0, 0, 0, 0, 1, 1, 1, 0, 1, 0, 1, 1, 0, 1, 1, 1, 0, 1, 1, 1, 1, 1, 1, 1, 0, 1, 0, 1, 0, 1, 1, 1, 1, 0, 1, 1, 0, 0, 0, 0, 0, 1, 0, 0, 1, 0, 0, 0, 1, 1, 1, 1, 1, 1, 1, 0, 1, 1, 1, 1, 0, 0, 1, 1, 1, 0, 1, 0, 0, 1, 1, 0, 1, 1, 0, 1, 0, 0, 1, 1, 0, 0, 0, 1, 1, 0, 1, 1, 1, 1, 1, 0, 0, 0, 0, 0, 0, 1, 1)"
61.175749,200,214.282955,0,"(8267, 2454, 37105, 2689, 49505, 32686, 35132, 23289, 47741, 34045, 1163, 19110, 33488, 38774, 45770, 49309, 32919, 32043, 2003, 33578, 14464, 46508, 11786, 28771, 264, 1524, 4570, 10735, 28447, 6009, 13658, 7478, 31948, 46633, 46166, 1459, 1990, 45358, 43995, 30679, 47472, 19312, 29887, 6846, 30754, 17698, 40146, 40473, 8672, 47035, 36046, 31950, 32431, 6926, 46241, 32757, 37187, 6716, 36311, 22464, 24619, 24090, 13066, 2752, 44899, 17513, 36053, 2031, 49283, 23514, 35750, 47133, 23480, 33201, 49554, 11630, 33358, 32932, 22246, 38164, 28402, 2685, 25742, 34081, 15031, 13956, 27913, 14304, 20411, 41559, 46072, 8966, 16633, 38827, 7462, 12299, 14417, 1040, 25055, 5819, 44669, 1509, 49636, 11265, 32622, 17835, 27207, 7150, 11169, 25545, 13019, 35647, 48432, 2886, 2462, 28839, 31611, 13659, 41725, 604, 40382, 2297, 24024, 32149, 37019, 41900, 33104, 18449, 34609, 39538, 33440, 18410, 35704, 37695, 25326, 29753, 34234, 13452, 4960, 15867, 22564, 16672, 23523, 45645, 7652, 23509, 44923, 44231, 18851, 33075, 7886, 27366, 6277, 10245, 8979, 45474, 14812, 38822, 17417, 43059, 33617, 31167, 17250, 43922, 23914, 20860, 5683, 46346, 32143, 34746, 36127, 8517, 7421, 37197, 49996, 24867, 9885, 13047, 39465, 41341, 32131, 8969, 2768, 17721, 1610, 25372, 6162, 49789, 40778, 15394, 20460, 2870, 7618, 31645, 11636, 34788, 25819, 12574, 7175, 18521)","(1, 0, 1, 1, 0, 0, 0, 1, 0, 0, 1, 0, 1, 1, 0, 0, 0, 0, 1, 0, 1, 0, 1, 0, 1, 1, 1, 0, 1, 1, 1, 1, 0, 0, 0, 1, 1, 0, 0, 0, 0, 0, 0, 1, 0, 1, 0, 0, 0, 1, 1, 0, 0, 1, 0, 0, 0, 1, 0, 0, 1, 1, 1, 1, 0, 0, 1, 1, 0, 1, 1, 0, 1, 0, 1, 1, 0, 0, 0, 0, 0, 1, 0, 0, 1, 1, 1, 0, 1, 0, 0, 1, 1, 1, 0, 0, 1, 1, 1, 1, 0, 1, 0, 0, 1, 0, 0, 0, 1, 1, 0, 1, 0, 1, 1, 0, 1, 0, 0, 1, 0, 1, 0, 0, 0, 1, 1, 1, 0, 1, 0, 0, 0, 0, 0, 0, 1, 1, 1, 0, 0, 1, 0, 1, 1, 1, 0, 0, 0, 0, 1, 1, 1, 0, 1, 0, 1, 1, 0, 1, 0, 1, 0, 0, 0, 1, 0, 0, 0, 0, 1, 1, 1, 0, 0, 0, 1, 1, 0, 0, 1, 0, 1, 1, 1, 0, 1, 0, 0, 1, 0, 1, 0, 0, 1, 0, 0, 1, 0, 1)"
84.483247,200,216.676904,6,"(43243, 30635, 44554, 8010, 28027, 30451, 30877, 13033, 45191, 11478, 26697, 33596, 43043, 36081, 40125, 24577, 20597, 15639, 22589, 37676, 20332, 45403, 35672, 27859, 31124, 37288, 25252, 43682, 41976, 32108, 15453, 4750, 26374, 12424, 13001, 3245, 1142, 27348, 3772, 23275, 2695, 15853, 48239, 36742, 6561, 41077, 4255, 45456, 24722, 41551, 38997, 10606, 64, 29043, 36575, 3475, 23041, 7961, 24670, 38434, 21262, 42676, 14387, 6702, 15802, 31360, 39309, 28928, 45299, 40612, 6232, 10991, 1101, 41549, 30655, 26537, 44083, 9308, 37626, 45447, 7930, 43940, 38351, 36304, 2437, 40040, 18251, 14864, 15377, 30460, 34332, 18388, 25140, 16198, 36034, 9212, 26724, 22578, 45821, 26801, 1825, 2641, 40566, 7573, 21871, 5250, 37088, 31818, 40388, 20716, 7141, 49901, 28252, 34608, 42754, 7694, 28607, 27538, 3128, 21774, 37483, 43002, 41799, 16268, 31840, 1240, 8253, 44780, 7375, 29571, 2358, 23491, 1227, 49284, 36843, 33944, 10853, 14576, 48996, 40727, 40141, 20119, 32276, 20545, 37153, 8195, 6053, 26154, 6388, 2386, 42291, 43776, 10139, 3509, 48887, 7187, 30712, 38594, 5421, 21524, 8604, 48262, 1719, 48523, 27057, 10867, 30366, 43695, 9082, 29497, 22783, 41570, 13286, 4380, 8427, 20724, 3974, 26162, 8137, 47770, 36053, 17983, 22611, 40229, 38300, 18595, 19274, 49457, 16367, 30772, 29484, 43573, 12169, 42218, 6529, 14687, 11329, 34924, 39902, 37032)","(0, 0, 0, 1, 0, 0, 0, 1, 0, 0, 0, 1, 0, 0, 1, 1, 1, 1, 0, 1, 1, 0, 1, 1, 0, 0, 1, 0, 0, 1, 1, 1, 1, 1, 0, 1, 1, 0, 1, 0, 1, 1, 0, 0, 1, 0, 0, 0, 1, 0, 0, 1, 1, 1, 0, 1, 0, 1, 0, 1, 0, 0, 1, 1, 1, 1, 0, 1, 0, 0, 1, 1, 1, 0, 0, 0, 0, 1, 1, 0, 1, 0, 0, 0, 1, 1, 1, 0, 1, 0, 1, 0, 1, 1, 1, 1, 0, 0, 0, 0, 1, 1, 0, 1, 1, 1, 0, 1, 0, 1, 1, 0, 0, 0, 1, 1, 1, 0, 1, 0, 0, 0, 0, 1, 0, 1, 1, 0, 0, 0, 1, 1, 1, 1, 0, 1, 1, 1, 1, 0, 0, 0, 1, 1, 1, 0, 1, 1, 1, 0, 0, 0, 1, 1, 1, 1, 0, 0, 1, 1, 1, 1, 1, 1, 1, 1, 0, 0, 1, 0, 0, 1, 1, 1, 1, 1, 1, 1, 1, 1, 1, 1, 0, 0, 0, 1, 1, 0, 1, 0, 1, 1, 1, 0, 1, 1, 1, 0, 1, 0)"
73.935355,200,219.051175,3,"(38119, 44610, 24297, 16481, 19759, 7322, 1944, 21079, 12220, 15887, 42672, 37323, 17123, 10095, 17514, 48617, 35818, 26410, 25105, 37500, 28859, 26653, 27436, 28650, 12511, 16302, 23707, 20623, 46585, 38683, 2852, 9968, 1204, 46790, 31597, 13365, 48676, 9222, 41707, 34262, 44047, 19094, 49852, 41373, 13205, 3414, 37859, 49102, 46227, 32097, 44433, 16536, 33053, 18022, 19301, 39905, 11950, 28845, 40659, 43522, 29670, 31995, 48796, 6538, 19635, 35965, 21025, 35728, 18530, 8580, 41509, 33275, 47848, 42227, 49137, 42272, 47623, 19632, 12588, 28257, 43293, 16285, 31792, 6148, 19791, 46356, 41866, 40626, 13755, 18020, 33114, 1871, 14141, 2997, 15197, 29333, 21714, 13364, 15132, 9139, 8284, 31704, 7672, 24250, 26651, 2692, 32060, 27412, 41435, 49799, 29734, 33295, 42031, 6847, 29209, 47600, 44274, 5217, 41288, 40536, 27712, 44176, 13843, 19569, 21719, 11754, 31826, 31598, 36496, 29568, 39506, 19172, 46138, 20732, 21036, 20879, 28669, 1012, 10998, 18133, 13512, 1476, 8219, 1752, 36867, 10495, 13059, 36058, 16517, 9354, 17590, 13311, 38629, 49757, 30393, 36991, 15292, 34089, 16745, 8384, 33451, 4123, 44118, 21983, 480, 43550, 32639, 23167, 38973, 38987, 37811, 46616, 36569, 3358, 8131, 45679, 22354, 20629, 17425, 37419, 29082, 41672, 24442, 6631, 9309, 43800, 21458, 17258, 40797, 46586, 24646, 45082, 7772, 39787, 19717, 6097, 20498, 5456, 41310, 30325)","(0, 0, 1, 1, 1, 1, 1, 1, 1, 1, 0, 0, 1, 1, 0, 0, 1, 1, 1, 1, 1, 1, 1, 0, 1, 1, 1, 1, 1, 0, 1, 1, 1, 0, 1, 1, 0, 1, 0, 0, 0, 1, 0, 0, 1, 1, 0, 0, 0, 0, 0, 1, 0, 1, 1, 0, 1, 0, 0, 0, 1, 0, 0, 1, 1, 0, 0, 0, 1, 1, 0, 0, 0, 0, 0, 0, 0, 1, 1, 0, 0, 1, 1, 1, 0, 0, 0, 0, 0, 1, 0, 1, 1, 1, 1, 1, 1, 1, 0, 1, 0, 0, 1, 0, 0, 1, 1, 0, 1, 0, 1, 1, 0, 1, 1, 0, 0, 1, 0, 0, 1, 0, 1, 0, 1, 1, 1, 0, 1, 1, 0, 0, 0, 1, 1, 1, 1, 1, 1, 1, 1, 1, 1, 1, 0, 1, 0, 1, 1, 1, 1, 1, 0, 0, 0, 0, 1, 0, 0, 1, 0, 1, 0, 1, 0, 0, 1, 0, 1, 0, 1, 1, 0, 1, 1, 0, 0, 1, 0, 1, 0, 0, 1, 1, 1, 0, 1, 0, 0, 1, 1, 0, 1, 0, 1, 1, 1, 0, 0, 0)"
79.150031,200,221.560553,3,"(31900, 180, 19632, 29802, 3812, 5265, 41682, 13299, 2253, 46915, 8715, 13840, 7318, 39241, 2367, 48917, 25948, 22371, 22723, 25967, 29965, 3207, 25461, 12694, 32210, 24190, 13299, 21108, 3331, 29308, 42450, 1348, 39816, 786, 42837, 46187, 44932, 25289, 24777, 22594, 33971, 48124, 36039, 6015, 24020, 14029, 37344, 20152, 17104, 16804, 47778, 151, 23777, 39753, 23491, 48115, 27269, 400, 29455, 40819, 36394, 45053, 42687, 3400, 12937, 260, 22267, 1895, 43174, 20981, 40870, 6456, 18495, 41762, 33454, 1182, 1326, 46304, 12851, 14646, 24742, 22192, 6906, 25937, 4778, 20172, 14154, 1461, 6100, 46298, 22323, 37193, 14136, 13934, 27218, 2251, 3001, 41476, 18387, 3806, 28329, 15942, 26226, 10464, 44550, 49144, 37068, 48158, 9856, 10696, 43114, 10463, 2308, 33636, 32164, 19109, 28908, 30177, 19191, 35398, 40349, 48936, 3638, 18641, 10098, 9492, 40865, 46940, 4866, 42043, 6509, 33279, 98, 27362, 18348, 35709, 18737, 18000, 5330, 1973, 16137, 19022, 49588, 146, 3408, 50025, 35461, 22950, 19995, 33688, 10105, 14671, 5489, 31327, 18801, 18704, 43113, 41390, 44818, 4565, 4633, 42279, 39583, 21822, 37280, 21896, 48639, 9905, 5764, 30515, 17715, 27215, 1861, 4505, 29919, 15886, 33158, 284, 35933, 2729, 46268, 22360, 48532, 17033, 16586, 10215, 45230, 30212, 33008, 10494, 4162, 23218, 4418, 12456, 12673, 12880, 6027, 12155, 4929, 42110)","(0, 1, 1, 0, 1, 1, 0, 1, 1, 0, 0, 1, 0, 1, 1, 0, 1, 0, 0, 0, 0, 1, 1, 1, 0, 1, 0, 0, 1, 1, 0, 1, 0, 1, 0, 0, 0, 1, 1, 0, 0, 0, 1, 1, 1, 1, 1, 1, 0, 1, 0, 1, 0, 0, 1, 0, 1, 1, 1, 0, 0, 0, 0, 0, 1, 1, 0, 1, 1, 0, 0, 1, 1, 0, 0, 1, 1, 1, 1, 0, 1, 1, 1, 0, 1, 0, 1, 1, 1, 0, 0, 1, 1, 1, 1, 1, 1, 0, 1, 1, 0, 1, 1, 1, 0, 0, 0, 0, 1, 1, 0, 0, 1, 0, 0, 1, 1, 0, 1, 0, 0, 0, 1, 0, 1, 1, 0, 0, 1, 1, 1, 0, 1, 1, 1, 1, 1, 1, 1, 1, 1, 0, 0, 1, 1, 0, 0, 0, 1, 0, 1, 0, 0, 1, 0, 1, 0, 0, 0, 1, 1, 0, 0, 1, 0, 0, 0, 1, 1, 0, 1, 0, 1, 1, 0, 1, 0, 1, 1, 1, 0, 0, 0, 1, 1, 1, 0, 0, 0, 1, 1, 0, 1, 1, 1, 1, 1, 1, 1, 0)"
131.502165,200,223.973817,2,"(2497, 33523, 17661, 3838, 35139, 5470, 32483, 41490, 35632, 42566, 34170, 44654, 34833, 23211, 32374, 48121, 47529, 12554, 25386, 9845, 26564, 42111, 24329, 22628, 13561, 25601, 24689, 26062, 47049, 35968, 11188, 25984, 2797, 2364, 22482, 35688, 15020, 47671, 39703, 40020, 22380, 36261, 34580, 6379, 4502, 23862, 28983, 10314, 27332, 3557, 20473, 25711, 48146, 34918, 44840, 22665, 23724, 32924, 3121, 44099, 36392, 38544, 15479, 22268, 18681, 13359, 35859, 32165, 18353, 43436, 18761, 6979, 9509, 32714, 40132, 38729, 9535, 18259, 36682, 21560, 8299, 21416, 3612, 18984, 14377, 49257, 25840, 41417, 46116, 28752, 3499, 33075, 4885, 22885, 4265, 45806, 19613, 40649, 35339, 3279, 8081, 32436, 460, 36438, 6336, 29403, 16459, 46151, 18508, 2991, 2711, 22022, 32073, 46106, 2341, 44859, 658, 19629, 26703, 43248, 44153, 41607, 36532, 1027, 7609, 41755, 44362, 11846, 31845, 18846, 13647, 6234, 32094, 8783, 44333, 40929, 31981, 1915, 22603, 9130, 10698, 17330, 19188, 744, 36994, 23709, 942, 11057, 40331, 48080, 19059, 12243, 6374, 21809, 32513, 38694, 9482, 43070, 31520, 17761, 33633, 25524, 13776, 43158, 12523, 43670, 39452, 22277, 20886, 3056, 48320, 22876, 39001, 45074, 23760, 47485, 40630, 44565, 6724, 10973, 5498, 44316, 14537, 10887, 34221, 42088, 13943, 39267, 21205, 4604, 34072, 11138, 37109, 29285, 18014, 34103, 45643, 30583, 37346, 6729)","(0, 0, 1, 1, 1, 1, 0, 0, 1, 0, 1, 0, 1, 0, 0, 1, 1, 1, 1, 1, 1, 0, 1, 0, 1, 1, 1, 1, 1, 0, 1, 0, 1, 1, 0, 1, 1, 0, 0, 1, 0, 1, 1, 1, 1, 1, 0, 1, 1, 1, 1, 1, 0, 1, 0, 0, 0, 1, 1, 0, 1, 1, 1, 0, 1, 1, 0, 1, 0, 0, 1, 1, 1, 1, 1, 1, 1, 0, 1, 1, 1, 1, 1, 1, 1, 1, 0, 0, 1, 1, 1, 0, 1, 0, 1, 0, 1, 0, 1, 1, 1, 0, 1, 1, 1, 1, 0, 1, 1, 1, 1, 1, 1, 1, 1, 1, 1, 1, 1, 0, 0, 0, 1, 1, 1, 0, 0, 1, 1, 1, 1, 1, 0, 1, 1, 0, 0, 1, 0, 1, 1, 0, 1, 1, 1, 0, 1, 1, 1, 1, 1, 0, 1, 1, 1, 0, 1, 1, 0, 1, 1, 1, 0, 0, 1, 0, 1, 0, 1, 1, 1, 0, 0, 0, 1, 0, 0, 0, 1, 1, 1, 0, 1, 1, 0, 0, 1, 1, 1, 1, 1, 1, 1, 1, 1, 0, 0, 0, 1, 1)"
79.424782,200,234.793387,3,"(5456, 46409, 18101, 5850, 44147, 6774, 38978, 1616, 32729, 4473, 24878, 23266, 14244, 23821, 15162, 29133, 23391, 36161, 6853, 17150, 1282, 31646, 21065, 27919, 5375, 26231, 2089, 41607, 7005, 48915, 49212, 39206, 35112, 25225, 31958, 8695, 31146, 36807, 9471, 40676, 1329, 34215, 44097, 25066, 14593, 45524, 39521, 22057, 15814, 40505, 1386, 25932, 6268, 40109, 33514, 21027, 88, 1356, 4538, 36730, 5184, 11564, 3133, 4702, 13883, 48767, 47856, 25725, 18657, 24191, 15612, 9129, 6323, 39937, 35895, 36246, 1280, 3938, 14559, 45305, 6443, 19616, 235, 15144, 46540, 17259, 12710, 9418, 41105, 30543, 23000, 659, 6299, 16549, 27870, 37151, 2822, 44494, 34547, 20622, 29202, 20585, 25512, 33325, 16551, 28894, 46643, 6047, 21360, 444, 43818, 27784, 34570, 46743, 14900, 37740, 16198, 44953, 18976, 43128, 27879, 26496, 11457, 40756, 12676, 15861, 33847, 14536, 12243, 4058, 33280, 20600, 32230, 38970, 14210, 41821, 12531, 45750, 5983, 25392, 6022, 31200, 34066, 13929, 36249, 47866, 32808, 42060, 23765, 28484, 3877, 20676, 15554, 39610, 41429, 44516, 29622, 49270, 38259, 15975, 31516, 341, 23251, 26916, 8822, 32671, 23894, 18981, 2862, 31994, 45946, 17777, 30756, 31203, 5032, 48632, 43950, 34587, 48131, 46985, 19548, 42325, 20375, 41794, 14142, 31636, 45430, 1578, 22170, 685, 33618, 34887, 13296, 11039, 10936, 45225, 8015, 40800, 28843, 31017)","(0, 0, 0, 1, 0, 1, 0, 1, 1, 1, 0, 0, 1, 0, 1, 0, 1, 1, 1, 0, 1, 0, 1, 0, 1, 1, 1, 0, 1, 1, 0, 0, 0, 1, 1, 1, 0, 1, 1, 0, 1, 0, 0, 1, 1, 1, 0, 1, 1, 0, 1, 0, 1, 0, 0, 0, 1, 1, 1, 0, 1, 1, 1, 1, 1, 1, 0, 1, 1, 1, 1, 1, 1, 0, 1, 0, 1, 0, 1, 0, 1, 1, 1, 1, 1, 1, 1, 1, 0, 0, 0, 1, 1, 1, 1, 1, 1, 0, 0, 1, 0, 0, 1, 0, 1, 1, 1, 1, 1, 1, 0, 0, 0, 0, 1, 0, 1, 0, 1, 0, 1, 1, 1, 0, 1, 1, 0, 1, 0, 0, 0, 1, 1, 0, 1, 0, 0, 0, 0, 1, 1, 0, 0, 1, 1, 0, 0, 0, 1, 1, 0, 1, 1, 0, 1, 0, 0, 0, 0, 1, 0, 1, 0, 1, 1, 1, 1, 1, 1, 0, 1, 1, 0, 0, 0, 1, 0, 0, 0, 1, 1, 0, 0, 0, 1, 1, 0, 1, 1, 1, 1, 0, 1, 1, 0, 0, 1, 0, 0, 1)"
71.175095,200,237.304611,3,"(13666, 6342, 20865, 29484, 14286, 40025, 4612, 11091, 3238, 43314, 19026, 45856, 25873, 15244, 43127, 41492, 8862, 44539, 23377, 10918, 1360, 9083, 45292, 4780, 27480, 995, 30237, 20449, 32277, 18643, 25675, 18996, 26795, 11641, 49920, 6580, 47755, 6698, 39200, 2233, 48695, 6211, 34937, 30564, 26093, 38852, 13042, 34935, 13174, 41547, 7624, 10215, 1865, 42635, 38067, 18439, 7061, 43174, 2994, 3875, 26157, 48958, 21408, 44202, 10307, 23436, 33345, 45116, 30896, 48706, 13920, 46916, 26783, 39460, 4393, 15657, 40690, 34025, 16910, 28547, 23862, 41733, 25632, 6833, 39203, 25271, 21157, 22567, 17097, 34535, 25034, 34027, 43066, 6753, 42726, 46739, 11254, 41397, 17322, 2783, 4698, 34254, 1224, 44163, 49563, 6032, 38381, 39635, 18649, 11856, 43393, 47262, 49681, 119, 15831, 26338, 34403, 36578, 20264, 17392, 35358, 13680, 16407, 15448, 20702, 25015, 20067, 11734, 40191, 10793, 34089, 8808, 9602, 23659, 26635, 45822, 34741, 13033, 13300, 38485, 24205, 491, 32375, 47768, 48872, 20874, 43204, 30869, 36456, 21697, 40891, 4286, 42738, 11837, 17518, 43425, 45388, 43090, 3967, 6392, 44749, 22474, 7327, 17581, 15429, 49807, 1541, 35390, 33586, 22501, 29488, 45446, 4784, 21048, 30160, 21914, 20750, 38998, 48690, 22195, 32206, 11749, 5092, 43008, 34948, 37339, 40090, 26381, 1068, 12600, 14623, 46477, 38258, 30184, 44260, 23077, 45729, 19933, 1272, 14009)","(1, 0, 1, 1, 1, 0, 1, 1, 1, 0, 1, 0, 1, 1, 0, 1, 0, 0, 1, 1, 1, 1, 0, 1, 0, 1, 0, 0, 0, 1, 0, 1, 1, 1, 0, 1, 1, 1, 0, 1, 1, 1, 0, 0, 1, 1, 0, 0, 1, 0, 1, 1, 1, 0, 0, 1, 1, 1, 1, 1, 0, 1, 1, 0, 1, 1, 0, 0, 0, 1, 1, 0, 1, 0, 1, 1, 0, 0, 1, 0, 0, 0, 0, 1, 1, 1, 1, 0, 1, 0, 1, 0, 0, 1, 0, 1, 1, 1, 1, 1, 1, 0, 1, 0, 0, 1, 1, 0, 1, 1, 0, 0, 0, 1, 1, 0, 0, 0, 1, 0, 0, 0, 0, 1, 1, 1, 0, 1, 0, 1, 0, 0, 1, 1, 0, 0, 0, 1, 1, 0, 1, 1, 1, 0, 0, 1, 0, 0, 1, 1, 0, 1, 0, 1, 0, 0, 0, 0, 1, 1, 0, 0, 1, 1, 1, 0, 1, 0, 0, 0, 1, 0, 1, 1, 0, 0, 1, 0, 1, 0, 0, 1, 1, 0, 0, 1, 0, 1, 1, 1, 1, 0, 0, 0, 0, 0, 0, 1, 1, 1)"
125.509508,200,240.143334,2,"(47157, 36032, 3690, 41046, 34945, 33749, 30995, 11075, 27390, 47765, 32382, 18655, 41414, 31033, 39251, 31258, 26135, 25082, 38048, 15868, 8256, 18048, 32940, 6615, 35147, 37835, 24686, 27666, 2624, 7019, 39432, 25469, 12988, 38780, 39559, 30191, 22187, 13092, 37806, 48263, 20503, 684, 5253, 43823, 41150, 203, 10213, 22965, 4832, 49949, 44649, 18945, 12645, 35737, 9680, 28240, 6439, 13932, 34727, 13003, 19061, 39214, 17593, 5206, 6532, 49993, 14285, 12309, 16348, 21225, 46709, 25786, 5874, 31962, 25128, 45173, 27269, 17399, 4518, 1352, 41786, 18769, 47944, 26909, 6812, 26509, 46879, 14949, 24199, 15752, 7750, 43855, 5109, 33383, 30043, 27362, 16050, 13719, 29457, 21303, 18258, 33213, 6350, 18535, 31520, 18293, 38787, 3483, 2483, 35501, 17399, 33782, 40531, 18835, 2632, 42796, 25635, 16458, 24890, 46914, 13911, 43513, 19484, 47041, 16917, 26603, 30546, 25991, 33691, 14715, 19753, 44805, 44610, 40682, 42577, 12146, 9811, 28513, 19003, 7803, 20952, 47342, 33946, 49087, 29380, 18640, 36459, 39066, 8072, 44399, 49627, 2051, 36397, 32476, 44230, 22475, 6339, 2193, 34316, 14063, 15058, 44130, 15168, 24724, 47308, 47379, 24092, 32390, 9765, 19368, 12923, 38204, 33721, 10800, 36286, 42994, 33272, 17290, 11273, 19349, 4218, 7419, 47765, 24816, 6634, 2449, 47500, 32578, 2457, 15323, 11009, 4566, 22511, 41984, 22558, 17896, 30135, 29622, 32182, 29051)","(1, 1, 1, 0, 0, 0, 1, 1, 0, 0, 1, 1, 1, 1, 1, 1, 1, 0, 1, 1, 1, 1, 1, 1, 1, 0, 1, 1, 1, 0, 1, 1, 1, 1, 1, 0, 1, 1, 1, 1, 1, 1, 1, 0, 0, 1, 1, 0, 1, 0, 0, 0, 1, 1, 1, 0, 1, 0, 0, 1, 0, 0, 1, 1, 1, 1, 1, 1, 1, 1, 0, 0, 1, 1, 1, 1, 1, 0, 1, 0, 0, 0, 0, 0, 1, 1, 1, 1, 1, 1, 1, 0, 1, 0, 0, 1, 1, 0, 1, 1, 1, 1, 0, 1, 0, 1, 1, 1, 0, 1, 0, 0, 0, 1, 1, 1, 1, 0, 0, 0, 1, 0, 1, 1, 1, 1, 0, 1, 0, 1, 1, 0, 0, 0, 1, 1, 1, 1, 1, 1, 1, 0, 1, 0, 1, 0, 0, 0, 1, 0, 0, 1, 1, 1, 0, 0, 1, 1, 1, 1, 1, 0, 1, 1, 0, 0, 1, 1, 1, 1, 1, 1, 1, 1, 1, 0, 1, 1, 0, 1, 1, 1, 0, 1, 1, 1, 0, 1, 1, 1, 1, 1, 0, 0, 0, 1, 0, 0, 1, 1)"
127.005495,200,242.871874,2,"(19101, 7530, 49669, 4991, 37504, 11508, 36150, 2103, 7356, 19483, 44451, 18408, 20784, 3710, 36487, 43502, 28979, 25974, 27276, 15743, 47813, 37636, 33707, 48813, 19985, 47745, 43846, 7678, 48082, 41563, 6656, 2244, 6052, 25925, 27045, 7674, 33659, 44891, 11028, 14356, 17072, 31595, 45850, 4140, 44109, 10476, 39346, 20515, 22411, 26827, 45763, 25629, 27084, 49391, 9836, 21714, 10062, 18685, 33882, 49486, 17524, 10920, 29846, 38032, 17444, 27035, 25992, 13076, 24543, 42548, 20115, 42058, 32806, 21, 14110, 43132, 27292, 45125, 9889, 34305, 45102, 25294, 31570, 8919, 17814, 46328, 46482, 12728, 17887, 44014, 19057, 44074, 46286, 48649, 13754, 439, 39235, 4296, 22699, 23084, 20252, 33080, 5699, 10822, 18243, 5820, 29136, 21084, 8148, 19002, 21946, 46098, 17598, 49493, 31709, 47215, 22928, 9847, 25287, 28575, 984, 25910, 434, 23080, 8857, 19325, 22222, 5202, 38520, 10458, 2410, 26442, 39178, 30538, 37218, 37076, 45367, 24040, 29012, 5408, 15070, 42674, 44588, 47872, 10903, 40465, 34966, 1945, 7356, 4076, 9057, 41631, 46896, 5164, 49859, 7407, 31830, 49164, 48636, 19050, 35305, 18657, 4984, 13403, 45551, 15694, 17824, 3511, 21761, 8096, 8055, 6609, 15520, 3317, 38323, 2782, 43115, 29604, 4914, 25285, 17846, 41189, 34355, 48523, 31005, 5054, 44063, 40784, 35316, 21251, 14710, 47262, 44051, 12414, 30704, 34242, 18063, 24232, 33752, 42567)","(1, 1, 0, 1, 1, 1, 1, 1, 1, 1, 0, 1, 1, 1, 1, 0, 1, 1, 1, 1, 0, 1, 0, 1, 0, 1, 0, 1, 1, 0, 0, 1, 1, 1, 1, 1, 1, 0, 1, 1, 1, 1, 0, 1, 0, 1, 0, 0, 0, 0, 0, 1, 1, 1, 1, 1, 1, 1, 0, 0, 1, 1, 0, 1, 1, 0, 0, 1, 1, 1, 1, 0, 1, 1, 1, 0, 1, 0, 0, 1, 0, 1, 0, 1, 0, 0, 1, 1, 1, 0, 1, 0, 1, 1, 0, 1, 0, 1, 0, 0, 1, 1, 1, 1, 1, 1, 1, 1, 1, 1, 1, 0, 0, 1, 1, 0, 0, 0, 1, 0, 1, 1, 1, 0, 1, 1, 1, 1, 1, 0, 1, 1, 1, 0, 1, 1, 0, 1, 1, 1, 1, 0, 0, 0, 1, 1, 0, 1, 0, 1, 1, 0, 1, 1, 0, 1, 1, 0, 1, 1, 0, 1, 1, 0, 1, 1, 0, 1, 1, 1, 1, 1, 1, 1, 0, 1, 0, 1, 1, 0, 0, 1, 0, 1, 0, 1, 0, 0, 1, 1, 1, 1, 0, 1, 0, 1, 1, 0, 0, 0)"
105.578334,200,245.427825,6,"(12237, 40088, 9710, 9969, 1901, 47889, 40963, 3099, 6259, 11527, 32629, 19068, 10200, 18921, 1561, 7680, 28425, 39405, 28545, 45600, 44437, 10134, 21191, 31430, 15539, 30109, 12596, 45850, 6820, 32699, 43572, 23822, 25058, 43694, 3302, 48105, 16621, 29182, 16721, 5807, 5748, 17081, 17845, 12519, 6716, 47240, 9162, 31435, 20247, 46015, 36494, 24247, 18800, 13435, 22796, 35195, 18620, 1570, 34971, 28859, 11150, 13079, 13452, 22217, 4337, 15773, 11244, 44363, 28250, 24154, 39181, 36136, 34081, 37, 19677, 3823, 23963, 21161, 3136, 34018, 26807, 38463, 2845, 28743, 36840, 2002, 13766, 6551, 9752, 4942, 7227, 3444, 33619, 18416, 34406, 30121, 11680, 17680, 12123, 13157, 39005, 18432, 45251, 32220, 23317, 35053, 19392, 32493, 9263, 42082, 45022, 17523, 50021, 11866, 1702, 40828, 2801, 28865, 14298, 19174, 213, 32914, 15661, 38447, 44599, 38622, 37801, 14157, 47833, 32326, 32293, 25494, 40358, 1706, 14141, 5356, 7512, 8724, 35060, 7065, 47320, 19694, 29099, 41640, 48821, 1223, 47724, 48142, 25249, 18015, 24779, 17821, 17571, 43080, 11986, 36902, 36263, 41471, 3383, 25270, 1871, 41026, 6701, 37970, 20203, 21331, 31634, 30031, 21597, 28319, 1843, 43098, 21487, 40180, 13440, 18498, 19265, 32676, 22118, 46558, 40557, 3028, 4811, 33291, 8128, 10028, 35978, 26814, 19783, 22916, 2986, 39057, 33893, 25945, 45104, 448, 5985, 11010, 11725, 12198)","(1, 1, 1, 1, 1, 0, 0, 1, 0, 1, 1, 1, 1, 1, 1, 1, 0, 1, 0, 0, 0, 1, 0, 0, 0, 0, 1, 0, 1, 1, 0, 0, 1, 0, 0, 1, 1, 1, 1, 1, 1, 0, 1, 1, 1, 0, 1, 0, 0, 0, 1, 1, 1, 1, 0, 0, 0, 1, 0, 1, 1, 0, 1, 0, 1, 1, 1, 0, 0, 1, 0, 0, 0, 1, 1, 1, 1, 1, 0, 0, 1, 0, 1, 1, 1, 1, 0, 1, 1, 1, 1, 1, 1, 1, 0, 0, 1, 1, 1, 0, 0, 0, 0, 1, 1, 0, 1, 0, 1, 0, 0, 0, 0, 1, 1, 0, 1, 1, 1, 1, 1, 1, 1, 0, 0, 0, 0, 1, 0, 1, 1, 1, 0, 1, 1, 1, 1, 0, 0, 1, 0, 1, 1, 0, 1, 0, 1, 1, 1, 1, 1, 1, 1, 1, 1, 0, 1, 0, 1, 1, 1, 0, 1, 0, 1, 1, 0, 0, 0, 0, 1, 1, 1, 0, 1, 0, 1, 1, 1, 1, 0, 1, 1, 1, 1, 1, 1, 1, 0, 0, 1, 0, 0, 1, 0, 1, 1, 1, 0, 1)"
154.020137,200,247.972521,2,"(25275, 41603, 7082, 2222, 565, 32942, 29791, 41836, 42245, 45440, 20115, 24768, 18632, 5443, 3940, 12365, 22887, 42822, 36225, 12678, 7987, 17177, 3595, 32126, 39323, 24952, 31695, 4962, 48193, 48267, 10298, 43431, 33309, 5946, 30685, 12943, 20209, 31489, 48372, 28148, 39528, 12718, 19583, 27160, 41142, 47505, 7757, 37426, 31634, 46437, 34476, 14030, 15483, 12261, 21826, 23342, 23935, 39664, 6457, 28865, 9370, 46437, 36253, 47681, 44996, 35079, 39958, 27610, 49426, 1683, 19224, 35935, 17310, 13849, 24823, 17493, 4508, 37490, 14166, 41513, 12839, 27856, 14476, 20896, 40110, 12637, 701, 882, 39751, 14557, 20932, 42559, 28837, 14244, 20786, 17980, 30872, 6796, 39939, 49964, 10186, 9272, 26065, 29358, 32819, 7464, 9801, 19144, 49448, 16911, 7960, 19483, 23684, 21332, 39301, 27863, 27001, 17593, 41532, 42415, 43858, 19526, 19304, 8657, 41724, 25055, 25867, 15204, 23755, 45651, 7925, 4656, 20219, 30610, 44570, 7306, 39122, 43821, 15794, 969, 32656, 28877, 15409, 32422, 2509, 39207, 5850, 42165, 21991, 2291, 23187, 8590, 43012, 16766, 5863, 1075, 926, 8029, 27255, 11582, 37973, 21266, 24059, 49913, 35577, 41353, 5578, 46154, 32475, 41249, 83, 13060, 19827, 13033, 28632, 5340, 9079, 15186, 26103, 22056, 15369, 20240, 39818, 48679, 32044, 21330, 42911, 9741, 22560, 17798, 49648, 21727, 21834, 25101, 39662, 46159, 36097, 36959, 42285, 8737)","(1, 0, 1, 1, 1, 1, 0, 1, 0, 0, 1, 0, 1, 1, 0, 0, 0, 0, 1, 1, 1, 1, 1, 1, 1, 1, 1, 1, 1, 0, 0, 0, 1, 1, 0, 1, 1, 1, 1, 1, 1, 1, 1, 0, 1, 0, 1, 1, 0, 1, 0, 1, 1, 1, 1, 0, 1, 0, 1, 1, 1, 0, 1, 0, 0, 1, 0, 1, 1, 1, 1, 1, 1, 1, 1, 1, 1, 1, 1, 0, 1, 1, 1, 1, 1, 1, 1, 1, 0, 1, 1, 1, 1, 1, 1, 1, 0, 1, 0, 0, 1, 1, 1, 1, 1, 1, 1, 1, 1, 1, 1, 1, 1, 1, 0, 0, 1, 1, 0, 0, 0, 1, 1, 0, 1, 1, 0, 1, 0, 0, 0, 1, 1, 0, 0, 1, 0, 0, 1, 1, 1, 1, 1, 1, 1, 0, 1, 1, 1, 1, 0, 1, 1, 1, 1, 1, 1, 1, 1, 1, 1, 1, 1, 0, 1, 0, 1, 0, 0, 1, 1, 1, 1, 1, 0, 1, 1, 1, 1, 1, 1, 1, 0, 1, 1, 1, 0, 1, 0, 1, 0, 1, 1, 1, 1, 1, 1, 1, 0, 1)"
29.583394,200,250.773891,8,"(3753, 19998, 4893, 25679, 47282, 32403, 22245, 31871, 21026, 16698, 1337, 11839, 13564, 15058, 17794, 24804, 25397, 12759, 8905, 26917, 28092, 5495, 17408, 34932, 45040, 37091, 36348, 7922, 15312, 48925, 2731, 45178, 21419, 10156, 7502, 16122, 43961, 9604, 36871, 39143, 5091, 12314, 31599, 14797, 6635, 39381, 18334, 48060, 3035, 32629, 22811, 7418, 23796, 38430, 35547, 13933, 24989, 47965, 19611, 25303, 35333, 10394, 906, 39958, 8992, 25498, 5416, 38367, 35095, 27249, 33084, 29435, 2753, 39901, 18264, 4643, 32140, 24685, 11682, 45535, 35884, 37961, 17232, 23907, 35269, 39671, 6106, 47917, 18504, 3952, 44560, 20242, 45596, 7058, 42915, 34517, 43109, 20204, 45984, 39751, 16616, 43242, 13901, 30532, 15836, 44883, 37840, 29030, 12657, 40378, 40924, 42925, 30502, 31730, 32391, 25119, 32186, 49808, 38232, 31349, 15834, 27758, 22746, 9645, 16448, 42876, 27495, 11702, 20871, 12000, 26936, 27937, 45776, 44864, 20057, 24440, 37188, 14658, 47469, 39303, 22655, 26508, 48534, 14956, 341, 45700, 47962, 20440, 45689, 20810, 19386, 1382, 37260, 45121, 43012, 31023, 11986, 47310, 46301, 17049, 26262, 49610, 46450, 27098, 16060, 18202, 44550, 19063, 25663, 34716, 5094, 29455, 28314, 39410, 28631, 3415, 39948, 23597, 16346, 24213, 9966, 28301, 16527, 3634, 19679, 1903, 29132, 23832, 18615, 18095, 35020, 17154, 8321, 46652, 33874, 19070, 39696, 23391, 17895, 14162)","(1, 1, 1, 0, 0, 0, 0, 0, 1, 1, 1, 1, 1, 1, 0, 0, 1, 1, 1, 0, 0, 1, 0, 0, 0, 0, 0, 0, 1, 0, 1, 0, 1, 1, 1, 1, 0, 1, 0, 0, 1, 1, 0, 0, 1, 0, 0, 0, 1, 0, 0, 1, 1, 0, 0, 1, 1, 0, 1, 1, 0, 1, 1, 0, 1, 0, 1, 0, 0, 0, 0, 0, 1, 0, 0, 1, 0, 1, 1, 0, 0, 0, 0, 1, 0, 0, 1, 0, 0, 1, 0, 1, 0, 1, 0, 0, 0, 1, 0, 0, 1, 0, 0, 0, 0, 0, 0, 1, 1, 0, 0, 0, 0, 0, 0, 1, 0, 0, 0, 1, 1, 0, 0, 1, 1, 0, 0, 1, 1, 1, 0, 0, 0, 0, 1, 1, 0, 1, 0, 0, 0, 1, 0, 1, 1, 0, 0, 1, 0, 0, 1, 1, 0, 0, 0, 0, 1, 0, 0, 0, 1, 0, 0, 0, 1, 0, 0, 1, 1, 0, 1, 0, 0, 0, 0, 1, 0, 0, 1, 0, 1, 0, 1, 1, 1, 1, 0, 1, 0, 0, 0, 0, 1, 0, 0, 0, 0, 0, 0, 0)"
121.420019,200,253.583107,2,"(39807, 46475, 36410, 21730, 29770, 38559, 12014, 14256, 46259, 39535, 25575, 8057, 6339, 20564, 15188, 6314, 13169, 35279, 42662, 22201, 16532, 10260, 1203, 41564, 21081, 1140, 9356, 20954, 43650, 44082, 2338, 18453, 9440, 8195, 42566, 28124, 6300, 35838, 18554, 22319, 21040, 5507, 14119, 19226, 11763, 39245, 27069, 47107, 11571, 30463, 2187, 17431, 26569, 38643, 25978, 30040, 36027, 41453, 15910, 11077, 22339, 24123, 47257, 7713, 16433, 2432, 40038, 36691, 3407, 26184, 23456, 10049, 34960, 16562, 48332, 9955, 13589, 17440, 33433, 34128, 36637, 19957, 29887, 33214, 27137, 7044, 37468, 44891, 34658, 17683, 32606, 28481, 28843, 44152, 25454, 44333, 39211, 40456, 45955, 31777, 30846, 36821, 45501, 29008, 46827, 49155, 35227, 33196, 11021, 3027, 4625, 49588, 17504, 7939, 12341, 21667, 18143, 22760, 5979, 32744, 12200, 44305, 20660, 40603, 20667, 46197, 30792, 19046, 44518, 15108, 17418, 43018, 19227, 35908, 19093, 20119, 42348, 27224, 34931, 48154, 42307, 7235, 30446, 48486, 48757, 42711, 32003, 37161, 6311, 49185, 8199, 37215, 15724, 18155, 16237, 39248, 33218, 44704, 40427, 30688, 45235, 46680, 29488, 25536, 25174, 28274, 1881, 31025, 32999, 48908, 9629, 3816, 34920, 4582, 30088, 25216, 29837, 26058, 38101, 18284, 49098, 49373, 6795, 8423, 27653, 18233, 41652, 42240, 42627, 28596, 31224, 4228, 30861, 30652, 48765, 32348, 36330, 48746, 32194, 25602)","(0, 0, 0, 1, 0, 1, 1, 1, 0, 0, 1, 0, 1, 1, 1, 1, 1, 0, 1, 1, 1, 1, 1, 1, 1, 1, 1, 0, 0, 0, 1, 1, 1, 0, 0, 1, 1, 1, 1, 0, 1, 1, 1, 1, 1, 0, 0, 0, 1, 0, 1, 1, 1, 0, 0, 0, 1, 0, 1, 1, 0, 0, 0, 1, 1, 1, 1, 0, 1, 1, 1, 1, 0, 1, 0, 1, 1, 1, 1, 0, 1, 1, 0, 0, 1, 1, 1, 0, 0, 1, 1, 1, 0, 0, 1, 1, 0, 0, 0, 1, 0, 1, 0, 1, 1, 1, 0, 1, 1, 1, 1, 0, 1, 1, 1, 1, 1, 0, 1, 0, 1, 0, 1, 0, 1, 0, 0, 1, 0, 1, 1, 1, 1, 1, 1, 0, 1, 1, 1, 1, 1, 1, 0, 0, 1, 0, 1, 1, 1, 1, 1, 0, 0, 1, 1, 1, 0, 0, 0, 0, 1, 1, 1, 1, 1, 0, 1, 1, 1, 1, 1, 1, 0, 1, 0, 1, 0, 1, 0, 0, 1, 0, 1, 1, 1, 1, 1, 1, 1, 1, 1, 1, 0, 0, 1, 1, 1, 0, 1, 1)"
139.769207,200,256.177537,1,"(29685, 16324, 23627, 5382, 29191, 17838, 4307, 16295, 15295, 18403, 16689, 28198, 40728, 18985, 31898, 16266, 34257, 16283, 16815, 38464, 32202, 6913, 16793, 37398, 23563, 4047, 27503, 27240, 16192, 9063, 4433, 27572, 31364, 7373, 8445, 4909, 23220, 1004, 13303, 13975, 34343, 4176, 14937, 3293, 291, 41181, 15076, 34975, 32830, 20959, 22420, 36698, 9643, 14712, 38826, 11972, 3769, 10684, 6018, 26601, 24798, 17303, 44105, 24970, 32318, 13772, 15737, 1736, 8258, 17680, 46912, 40293, 24643, 26912, 39649, 34580, 58, 46803, 31226, 39043, 38674, 48319, 1280, 36984, 25909, 45719, 28614, 35853, 7755, 40443, 43850, 17571, 30194, 39344, 15034, 29147, 1927, 18877, 46643, 24726, 21687, 34598, 2157, 35744, 37058, 13844, 33240, 48121, 3837, 15592, 30029, 13528, 12424, 36050, 6618, 40159, 47440, 26142, 32628, 46479, 16666, 29172, 37337, 20115, 420, 11475, 2708, 49481, 13648, 4990, 48473, 35325, 5362, 40316, 34983, 2234, 30873, 35612, 32698, 9649, 11992, 10570, 26525, 44887, 17621, 18668, 22051, 45876, 21773, 48910, 43989, 27653, 41246, 14158, 19233, 19582, 33602, 43381, 9061, 12821, 5383, 36559, 17146, 4396, 11566, 37449, 43993, 13862, 3916, 46895, 41772, 19187, 5942, 4198, 19609, 35014, 48321, 14746, 23900, 18318, 33826, 4695, 28928, 31742, 1798, 22753, 36511, 25137, 19573, 35178, 25510, 43999, 8603, 7543, 24410, 48009, 29768, 47630, 30313, 1444)","(0, 1, 1, 1, 1, 0, 1, 1, 1, 1, 1, 0, 0, 1, 1, 1, 0, 1, 1, 1, 0, 1, 0, 0, 1, 1, 0, 0, 1, 1, 1, 0, 1, 1, 1, 1, 0, 1, 1, 1, 1, 1, 0, 1, 1, 1, 1, 0, 1, 1, 0, 0, 1, 1, 1, 1, 1, 1, 1, 1, 1, 0, 0, 1, 0, 0, 0, 1, 1, 1, 0, 0, 0, 0, 1, 1, 1, 0, 1, 0, 1, 0, 1, 0, 1, 0, 1, 0, 1, 0, 0, 1, 0, 1, 1, 1, 1, 1, 1, 1, 1, 1, 0, 1, 0, 1, 1, 0, 1, 1, 0, 0, 1, 0, 1, 1, 1, 1, 0, 1, 1, 1, 1, 1, 1, 1, 1, 0, 0, 1, 1, 0, 1, 0, 0, 1, 0, 1, 0, 1, 1, 1, 1, 0, 0, 1, 1, 1, 1, 0, 0, 1, 1, 1, 1, 1, 0, 0, 1, 1, 1, 0, 0, 1, 1, 1, 0, 1, 1, 0, 1, 1, 1, 1, 1, 0, 0, 1, 1, 1, 0, 1, 1, 1, 1, 0, 0, 1, 1, 1, 0, 0, 1, 1, 1, 0, 1, 1, 0, 1)"
107.963205,200,258.777557,6,"(11525, 9580, 39333, 17852, 34867, 32618, 9039, 41694, 5936, 9729, 49278, 2855, 14631, 21579, 1000, 7902, 47870, 1874, 3431, 47011, 5667, 28108, 6387, 17842, 11506, 38254, 7474, 36403, 5813, 24762, 31582, 35196, 6170, 41856, 16576, 47202, 48495, 32689, 40317, 41867, 17102, 48023, 3188, 42636, 8669, 46171, 40761, 28030, 26943, 1533, 2193, 4638, 11577, 14825, 37655, 23850, 25874, 6763, 42264, 22238, 11695, 17118, 3166, 9265, 44064, 4191, 7522, 34933, 37951, 13392, 41942, 7954, 38151, 29725, 33110, 14264, 9810, 49306, 15846, 8933, 32035, 41541, 37565, 45109, 32610, 10342, 48060, 24647, 6644, 23793, 42886, 10662, 29121, 550, 13454, 14341, 37848, 40284, 20161, 29060, 8101, 28722, 39795, 20897, 37834, 1900, 13802, 7310, 10822, 44429, 41913, 30700, 40709, 13532, 34680, 47187, 36559, 4026, 20871, 49716, 13459, 38669, 13769, 36561, 7680, 6831, 5883, 8479, 45108, 16490, 34288, 45450, 20990, 33939, 27984, 15817, 15088, 26734, 39098, 10865, 29527, 17120, 26285, 35710, 27346, 22002, 9204, 43877, 15000, 49570, 11639, 27811, 32362, 9158, 13705, 21024, 14676, 910, 43981, 5246, 30334, 39200, 40552, 45383, 3635, 20908, 15054, 30928, 24455, 16993, 41468, 49895, 20619, 13166, 38759, 27412, 1578, 49797, 10228, 3702, 27091, 5303, 22962, 7621, 42850, 34652, 29797, 41224, 8171, 7902, 8238, 27628, 34773, 48774, 7283, 6664, 48567, 20612, 48638, 4527)","(1, 1, 0, 1, 0, 0, 1, 0, 1, 1, 1, 1, 1, 1, 1, 1, 0, 1, 1, 0, 0, 0, 1, 1, 1, 1, 1, 0, 1, 0, 1, 1, 1, 0, 0, 1, 0, 0, 1, 0, 1, 1, 1, 0, 1, 1, 0, 1, 1, 1, 1, 1, 1, 1, 1, 1, 0, 1, 0, 0, 1, 1, 0, 1, 0, 1, 1, 0, 0, 1, 0, 1, 0, 0, 0, 1, 1, 1, 1, 1, 1, 0, 0, 0, 0, 1, 0, 1, 1, 1, 1, 1, 1, 1, 1, 1, 0, 0, 1, 0, 1, 1, 1, 1, 1, 1, 0, 1, 1, 1, 0, 0, 0, 1, 0, 0, 0, 1, 1, 0, 1, 0, 0, 1, 1, 1, 1, 1, 0, 0, 1, 0, 1, 0, 1, 0, 1, 1, 0, 1, 0, 1, 1, 0, 0, 0, 1, 0, 1, 1, 1, 1, 1, 1, 0, 1, 1, 1, 0, 1, 0, 0, 1, 0, 1, 1, 1, 0, 0, 1, 0, 0, 1, 1, 0, 0, 1, 0, 1, 1, 1, 1, 0, 1, 0, 1, 1, 0, 1, 0, 1, 1, 1, 1, 1, 1, 0, 1, 0, 1)"
75.76962,200,268.57279,6,"(22947, 47311, 19129, 37179, 23976, 15490, 10256, 28166, 34806, 32124, 40820, 19670, 35727, 38291, 33804, 40409, 7632, 37937, 8497, 14795, 11907, 13152, 5564, 20421, 37138, 25924, 38269, 11416, 40694, 29469, 3802, 14884, 41109, 23841, 27925, 22619, 11482, 29532, 46138, 30993, 14697, 5035, 43437, 15667, 17001, 42682, 26865, 25348, 30051, 44965, 47178, 28804, 2720, 18300, 5529, 21674, 48996, 33202, 16124, 16427, 10274, 6448, 25566, 8831, 18344, 35730, 40873, 14365, 43302, 11550, 40963, 32590, 16658, 47871, 39979, 15166, 32138, 13305, 42924, 32145, 18858, 6349, 15494, 45688, 38419, 28291, 47321, 49152, 45457, 28974, 28008, 26364, 14443, 42680, 28845, 22557, 44969, 46448, 41951, 36182, 9518, 34603, 32986, 20496, 38419, 45541, 44276, 21844, 30162, 48201, 45133, 2452, 31898, 799, 6743, 21067, 42777, 26567, 38960, 30113, 5004, 13194, 29392, 47788, 36913, 45463, 8003, 20092, 40935, 17795, 15286, 7728, 29827, 12392, 36615, 36115, 37968, 36374, 15357, 11735, 15639, 12985, 27633, 31348, 30525, 41688, 35422, 25216, 11742, 18222, 22821, 16815, 36785, 34591, 23646, 28282, 355, 19851, 45189, 21317, 3829, 43028, 25211, 17652, 11933, 4753, 19510, 28125, 824, 32283, 38385, 18563, 36992, 28400, 19094, 16520, 23726, 22245, 38411, 3240, 45181, 10582, 1474, 8347, 6085, 36311, 32657, 36154, 4537, 31868, 15401, 25339, 47757, 27771, 34560, 9727, 23513, 29391, 8452, 30474)","(0, 1, 1, 0, 1, 1, 1, 0, 0, 0, 1, 1, 1, 0, 0, 0, 0, 0, 1, 1, 1, 1, 1, 0, 1, 1, 1, 1, 0, 1, 1, 0, 0, 1, 1, 0, 1, 0, 0, 0, 1, 1, 0, 1, 0, 1, 0, 1, 0, 0, 0, 0, 1, 1, 1, 1, 1, 0, 1, 1, 0, 1, 0, 1, 1, 1, 0, 1, 0, 1, 0, 0, 0, 0, 1, 1, 0, 1, 0, 1, 0, 1, 1, 0, 0, 0, 1, 0, 0, 1, 1, 0, 1, 0, 0, 0, 1, 0, 0, 1, 1, 0, 0, 0, 0, 0, 0, 1, 0, 0, 0, 0, 1, 1, 1, 1, 0, 1, 0, 0, 1, 1, 1, 0, 0, 0, 1, 1, 1, 1, 1, 1, 0, 1, 0, 1, 0, 0, 1, 1, 1, 1, 1, 1, 0, 0, 1, 1, 1, 1, 0, 1, 0, 0, 1, 0, 1, 1, 0, 1, 1, 0, 1, 1, 1, 1, 1, 1, 1, 1, 0, 0, 0, 0, 1, 0, 1, 0, 0, 1, 0, 1, 1, 1, 1, 0, 0, 0, 1, 0, 1, 1, 0, 1, 0, 1, 1, 1, 1, 0)"
93.610447,200,270.97423,4,"(47282, 36516, 26762, 46662, 2303, 10655, 12968, 36919, 37695, 27631, 38957, 4, 29159, 46996, 32770, 17662, 37272, 14571, 18125, 41103, 16986, 21016, 38246, 35054, 9178, 3560, 37545, 17106, 31656, 38193, 21389, 7963, 10829, 21668, 29324, 44908, 30776, 45164, 24730, 19377, 18182, 11676, 5462, 29049, 9582, 12612, 16388, 37851, 9367, 8817, 48762, 6885, 23610, 12500, 38433, 7671, 8019, 36946, 49595, 49692, 12613, 44628, 43277, 7948, 16079, 31139, 49161, 11371, 4893, 17344, 20167, 46601, 29202, 44404, 9082, 33166, 5096, 23647, 20401, 48391, 36265, 15373, 9881, 37871, 23432, 10436, 27722, 41494, 2815, 15602, 44220, 23488, 2726, 28558, 3158, 47900, 47751, 21144, 22918, 11738, 13013, 8742, 44388, 39591, 23565, 19843, 38994, 32884, 16739, 31949, 47680, 30904, 12981, 751, 1765, 300, 39173, 28311, 20119, 18268, 25850, 15090, 21016, 35417, 45200, 31959, 32280, 31111, 40142, 6126, 20467, 10701, 45697, 9586, 5777, 2414, 2192, 978, 25149, 34163, 27796, 27453, 19530, 47413, 15344, 12301, 9876, 14358, 17542, 35466, 36693, 8217, 26872, 20205, 28520, 4493, 11727, 6298, 26436, 34304, 22139, 14736, 35385, 44203, 25929, 30195, 34861, 41499, 39705, 4669, 14085, 45400, 11644, 42505, 8234, 42051, 29160, 17769, 13912, 42912, 29891, 18358, 22332, 17933, 8547, 25885, 15713, 29640, 34498, 22953, 37821, 18551, 24877, 43654, 4548, 29413, 21115, 18265, 27760, 39531)","(1, 1, 1, 0, 1, 1, 1, 1, 0, 1, 0, 1, 1, 0, 0, 0, 1, 1, 1, 0, 0, 1, 0, 1, 1, 1, 0, 1, 1, 0, 0, 1, 1, 1, 1, 0, 0, 1, 1, 0, 0, 1, 1, 1, 1, 1, 0, 1, 1, 1, 0, 1, 1, 1, 0, 1, 1, 0, 0, 0, 1, 0, 0, 1, 0, 0, 1, 0, 1, 1, 1, 1, 0, 0, 1, 0, 1, 1, 0, 0, 1, 1, 1, 0, 1, 1, 0, 0, 1, 1, 0, 1, 1, 1, 0, 0, 1, 1, 0, 1, 1, 1, 0, 0, 1, 0, 1, 1, 1, 1, 0, 0, 1, 0, 1, 1, 1, 0, 0, 0, 0, 1, 0, 0, 1, 1, 0, 1, 0, 1, 1, 1, 1, 1, 1, 1, 1, 1, 1, 1, 1, 0, 1, 0, 1, 1, 1, 1, 1, 1, 0, 0, 0, 1, 0, 1, 1, 1, 1, 1, 1, 1, 1, 0, 0, 0, 1, 0, 0, 1, 1, 0, 1, 0, 1, 0, 0, 1, 0, 0, 0, 0, 0, 1, 1, 1, 0, 0, 1, 0, 0, 1, 0, 0, 1, 0, 1, 1, 0, 0)"
62.474687,200,273.457533,3,"(38048, 44244, 41524, 37649, 21011, 49063, 11174, 45181, 2162, 25375, 28069, 30045, 5743, 16895, 17940, 5279, 24107, 40651, 28787, 37838, 37119, 40941, 25028, 8036, 15487, 45173, 15536, 43220, 49602, 12832, 45787, 12779, 27228, 46605, 17450, 42749, 4031, 8165, 45521, 48915, 3613, 9188, 26926, 6601, 26089, 47041, 43638, 35256, 20530, 33774, 32517, 48229, 27629, 28170, 2857, 33169, 4493, 8286, 15479, 8386, 42124, 44248, 19397, 36615, 48032, 2046, 28212, 86, 30627, 2536, 349, 36537, 25144, 48426, 33240, 25466, 24992, 2013, 47992, 18161, 7316, 44509, 19586, 15493, 17050, 32692, 35132, 46922, 19821, 43392, 23192, 2002, 5002, 33715, 32130, 14136, 18251, 34024, 38745, 48637, 32560, 40878, 38869, 42213, 14027, 10860, 44380, 42638, 14013, 29086, 18705, 14320, 9690, 6194, 1024, 42959, 18130, 30419, 27388, 49711, 40530, 8881, 12545, 47953, 10593, 43932, 26840, 16665, 7752, 15017, 42622, 14499, 47234, 35137, 16585, 11454, 21396, 38674, 2268, 46238, 17651, 1624, 9242, 13295, 41396, 7992, 31739, 14328, 21470, 10426, 43762, 42726, 43626, 1665, 41423, 28409, 13441, 8182, 3615, 3451, 42648, 46569, 19237, 21888, 18311, 33577, 23854, 41885, 22706, 19085, 1804, 17270, 41617, 11100, 18661, 13542, 39779, 47929, 6179, 30870, 42278, 334, 45599, 30261, 6426, 48250, 10342, 17368, 31745, 12482, 49764, 2800, 21841, 35255, 12262, 48613, 41703, 38987, 49133, 26507)","(1, 0, 0, 1, 1, 0, 1, 0, 1, 1, 0, 0, 1, 1, 1, 1, 1, 0, 1, 1, 1, 0, 1, 1, 0, 0, 1, 0, 0, 1, 0, 0, 1, 0, 1, 0, 1, 1, 0, 1, 1, 1, 0, 1, 1, 0, 0, 1, 0, 0, 0, 0, 1, 0, 1, 1, 1, 1, 1, 1, 0, 0, 1, 0, 0, 1, 0, 1, 0, 1, 1, 0, 0, 0, 0, 0, 1, 1, 0, 1, 1, 0, 1, 1, 0, 1, 0, 0, 1, 0, 0, 1, 1, 0, 0, 1, 1, 0, 1, 1, 0, 0, 1, 0, 1, 1, 0, 0, 1, 1, 0, 1, 1, 1, 1, 0, 0, 0, 0, 1, 0, 1, 1, 0, 1, 0, 0, 1, 1, 1, 0, 1, 0, 1, 1, 1, 0, 1, 1, 0, 0, 1, 1, 1, 0, 0, 1, 1, 1, 1, 0, 0, 0, 1, 0, 0, 1, 1, 1, 1, 0, 0, 0, 1, 1, 1, 0, 0, 0, 1, 1, 0, 0, 1, 1, 1, 0, 0, 1, 0, 0, 1, 0, 0, 0, 0, 1, 0, 0, 1, 0, 1, 1, 0, 1, 1, 0, 0, 0, 1)"
60.858425,200,275.891385,3,"(9130, 22423, 40647, 31094, 3876, 44163, 2618, 3091, 24606, 9540, 8187, 32831, 33720, 17220, 18306, 24965, 48495, 17748, 43428, 4728, 37109, 32840, 38723, 27457, 5181, 8253, 19122, 33119, 47065, 47920, 26415, 49417, 49308, 45426, 7455, 11341, 30760, 220, 26902, 8412, 22797, 13042, 48071, 34248, 14372, 3319, 7780, 31346, 33746, 14825, 24256, 49751, 42341, 24863, 6573, 37514, 34900, 17553, 1619, 11488, 38645, 12666, 40683, 29533, 34188, 10781, 44015, 6439, 41314, 38876, 36997, 38161, 42970, 41727, 45797, 46439, 30342, 29445, 2548, 12388, 20383, 6460, 37340, 40820, 34418, 3625, 1817, 43524, 48775, 4946, 4199, 427, 24790, 46105, 41913, 14699, 25612, 38758, 29976, 33241, 11257, 29906, 38082, 46771, 3438, 19241, 38565, 7434, 18685, 25842, 46060, 10603, 35869, 49883, 13642, 16190, 37127, 29881, 1810, 26922, 35734, 35410, 41317, 47897, 5747, 41796, 10951, 2858, 41899, 35653, 27468, 30228, 18285, 7312, 41752, 3940, 21538, 13742, 45654, 17235, 45727, 2261, 19742, 16280, 3878, 39633, 17966, 1349, 42703, 18730, 30235, 11334, 3533, 22923, 42874, 11065, 16560, 45290, 37555, 43923, 48593, 19400, 26532, 34809, 42337, 30971, 22301, 44717, 38519, 28435, 33768, 34248, 2346, 32004, 4261, 22286, 18156, 38339, 10141, 9708, 7196, 13576, 7043, 16740, 190, 21969, 395, 18738, 43891, 34865, 13413, 32307, 43061, 21839, 40532, 9089, 8322, 26016, 34545, 28670)","(1, 0, 0, 1, 1, 0, 1, 1, 1, 1, 1, 0, 0, 1, 1, 1, 0, 1, 0, 1, 1, 0, 0, 0, 1, 1, 1, 1, 0, 1, 1, 0, 0, 0, 1, 0, 0, 1, 1, 1, 0, 0, 1, 1, 1, 1, 1, 1, 0, 1, 0, 0, 0, 1, 1, 1, 0, 1, 1, 1, 0, 1, 0, 0, 0, 1, 0, 1, 1, 0, 0, 0, 0, 0, 0, 1, 0, 0, 1, 1, 0, 1, 0, 1, 0, 1, 1, 0, 0, 1, 1, 1, 0, 0, 0, 1, 1, 0, 0, 1, 0, 0, 0, 1, 1, 1, 1, 1, 1, 0, 0, 1, 0, 0, 1, 0, 0, 0, 1, 0, 1, 0, 1, 0, 1, 0, 1, 1, 1, 0, 0, 0, 1, 1, 0, 0, 1, 0, 0, 1, 0, 1, 1, 1, 1, 0, 1, 1, 0, 0, 0, 0, 1, 0, 0, 1, 1, 0, 0, 0, 0, 0, 1, 0, 0, 0, 0, 0, 0, 1, 0, 0, 1, 0, 0, 0, 0, 1, 1, 1, 1, 1, 1, 1, 0, 1, 1, 1, 0, 0, 1, 0, 1, 1, 0, 1, 1, 1, 0, 1)"
107.430094,200,278.408851,1,"(48471, 4737, 5270, 28409, 32175, 11902, 10200, 13603, 1716, 34665, 37531, 46603, 32166, 29445, 15476, 28333, 32551, 22230, 47504, 15682, 3197, 31278, 13082, 37700, 27451, 31042, 32343, 37334, 4435, 17348, 35955, 13374, 12948, 3418, 8591, 29473, 10941, 36292, 42575, 34103, 19111, 48660, 19185, 19547, 11294, 23062, 18294, 2122, 43143, 42657, 26812, 10857, 39575, 27824, 45935, 12398, 34197, 11657, 28592, 14650, 44901, 7755, 13736, 44887, 7312, 32848, 25218, 17003, 484, 44970, 13636, 28702, 45720, 1314, 1452, 23526, 14421, 18304, 37030, 14212, 31922, 23864, 37888, 43507, 36071, 29605, 33058, 42038, 48579, 1169, 48558, 586, 2795, 40169, 25994, 3245, 47828, 20412, 10964, 21324, 46739, 21935, 2984, 13717, 46595, 41853, 38191, 24311, 16933, 35613, 39816, 1572, 20130, 28070, 26424, 11267, 45735, 27557, 49166, 26349, 12319, 31176, 4756, 33079, 41535, 16519, 30588, 48812, 49302, 18626, 17719, 48313, 9093, 9673, 5849, 6927, 29000, 47592, 11538, 9310, 5190, 43556, 22200, 6408, 45071, 11659, 993, 9371, 21468, 1323, 23046, 31544, 47899, 1323, 41835, 3212, 31962, 46263, 41803, 692, 22860, 26869, 43364, 38191, 10613, 32456, 19355, 46930, 4213, 39524, 30321, 10061, 31327, 17788, 4577, 35378, 45817, 47278, 12396, 18977, 6970, 29810, 33370, 40605, 28986, 36821, 15358, 17321, 5040, 29811, 3350, 27769, 43107, 46125, 7788, 38802, 8724, 43362, 33770, 25801)","(0, 1, 1, 0, 0, 1, 1, 1, 1, 0, 0, 1, 0, 0, 1, 0, 0, 0, 1, 1, 1, 1, 1, 1, 0, 1, 1, 1, 1, 0, 1, 1, 1, 1, 1, 1, 1, 0, 0, 0, 1, 1, 1, 1, 0, 0, 1, 1, 1, 1, 0, 1, 1, 1, 1, 1, 0, 1, 0, 1, 0, 1, 0, 0, 1, 1, 1, 1, 1, 0, 1, 0, 0, 1, 1, 1, 1, 1, 1, 1, 1, 1, 0, 0, 1, 1, 0, 0, 1, 1, 0, 1, 1, 0, 1, 1, 0, 1, 1, 1, 1, 0, 1, 0, 1, 0, 0, 0, 1, 1, 0, 1, 1, 0, 1, 0, 0, 0, 0, 1, 1, 1, 0, 0, 1, 1, 0, 0, 1, 1, 0, 0, 1, 1, 1, 1, 0, 0, 1, 1, 1, 0, 0, 1, 1, 1, 1, 1, 1, 1, 0, 0, 0, 0, 1, 1, 1, 0, 1, 1, 0, 1, 0, 0, 1, 0, 1, 1, 0, 0, 0, 1, 1, 0, 1, 1, 0, 1, 1, 1, 1, 0, 0, 0, 1, 1, 1, 0, 1, 0, 1, 1, 0, 0, 1, 1, 0, 1, 1, 0)"
83.401495,200,280.816315,6,"(2373, 21167, 37679, 32714, 33787, 723, 48439, 5898, 43309, 33001, 27123, 14183, 28216, 16979, 19440, 22952, 34290, 29490, 30386, 24113, 1790, 5330, 3767, 37815, 26318, 30622, 9411, 40306, 40533, 49521, 15593, 21079, 48754, 4458, 32562, 29860, 19985, 3699, 16434, 34757, 44622, 1778, 19911, 12661, 14206, 17246, 38588, 45396, 35886, 35678, 21344, 522, 4422, 2077, 38002, 33366, 43080, 39792, 4367, 15044, 45413, 35775, 2753, 27002, 20552, 30715, 5455, 11325, 43212, 31079, 1224, 26567, 32913, 17475, 35344, 8208, 15160, 26808, 18227, 31012, 29141, 11389, 15912, 3089, 20788, 33104, 16328, 22814, 677, 4541, 24611, 19781, 25307, 15419, 16531, 31929, 19386, 8137, 23568, 44673, 25020, 35448, 27807, 33110, 5381, 2551, 13724, 46625, 27057, 1412, 46111, 17650, 42796, 28577, 16369, 34565, 23365, 35629, 34058, 29933, 41085, 2736, 37229, 49434, 38810, 6451, 8108, 6184, 19740, 40113, 2621, 3002, 35121, 17019, 32357, 20800, 39747, 10100, 29334, 30274, 5936, 20867, 2415, 33423, 37224, 19116, 3965, 19220, 22784, 3128, 5432, 30688, 2517, 9669, 20429, 30360, 19437, 16500, 11921, 39325, 39047, 18713, 5428, 23052, 47669, 14499, 40652, 140, 36650, 20290, 7043, 20002, 7932, 32599, 40192, 775, 28572, 8885, 14491, 37960, 48800, 13302, 2059, 24444, 44379, 49575, 47872, 29375, 41185, 11743, 7686, 46974, 25764, 26445, 40166, 44538, 35503, 31561, 10683, 34115)","(1, 1, 1, 1, 0, 1, 0, 1, 0, 0, 1, 1, 0, 1, 0, 0, 1, 1, 0, 1, 1, 1, 1, 0, 0, 0, 1, 0, 0, 0, 1, 1, 1, 1, 0, 0, 0, 1, 1, 0, 0, 1, 1, 1, 1, 1, 0, 0, 0, 1, 1, 0, 0, 0, 0, 1, 1, 1, 1, 0, 0, 1, 1, 0, 1, 0, 1, 1, 0, 1, 1, 1, 1, 0, 1, 1, 1, 0, 0, 0, 1, 1, 1, 1, 0, 1, 1, 0, 1, 1, 1, 1, 1, 1, 0, 1, 1, 1, 1, 0, 1, 0, 0, 0, 1, 1, 0, 0, 1, 1, 0, 0, 0, 0, 1, 0, 1, 1, 0, 0, 0, 1, 0, 0, 0, 1, 1, 1, 1, 0, 1, 1, 0, 1, 0, 1, 0, 1, 1, 0, 1, 1, 1, 1, 1, 1, 1, 0, 0, 1, 1, 0, 1, 1, 0, 0, 1, 1, 1, 1, 0, 1, 1, 0, 0, 1, 0, 1, 0, 1, 1, 1, 1, 0, 0, 1, 1, 1, 1, 0, 1, 1, 1, 1, 0, 0, 0, 0, 0, 1, 1, 0, 0, 0, 0, 1, 0, 0, 1, 0)"
102.314987,200,283.264373,4,"(6806, 18351, 14380, 6984, 12703, 23837, 36849, 47207, 15231, 9328, 49710, 978, 2704, 23289, 37440, 18730, 21759, 21876, 29325, 26290, 48211, 39756, 16858, 48585, 14085, 4666, 35771, 24365, 19828, 7495, 5863, 33823, 47618, 20044, 48908, 42677, 6711, 27997, 34669, 23870, 34125, 3519, 12392, 45059, 34925, 30160, 26477, 40012, 15099, 357, 6644, 41711, 28509, 27579, 27813, 23511, 573, 6574, 44868, 44785, 16783, 17265, 45885, 14989, 47925, 8375, 14637, 11333, 6378, 16917, 4686, 21302, 24926, 28423, 47076, 27593, 4104, 11606, 41507, 32024, 29931, 30209, 11681, 26867, 43480, 14154, 25939, 16056, 19313, 7492, 46137, 46219, 3420, 6713, 15851, 45142, 42959, 40901, 15956, 12889, 35315, 32500, 8226, 9436, 21967, 10269, 2065, 243, 21507, 47291, 22229, 35180, 15639, 24456, 39829, 7597, 29902, 450, 18782, 8055, 31904, 19870, 33134, 27623, 16876, 3627, 7727, 840, 25640, 48970, 44280, 23110, 43106, 10747, 49237, 43278, 16777, 7187, 28902, 3604, 14124, 31561, 21111, 47727, 2233, 17763, 27162, 17286, 3541, 11307, 44482, 48641, 22393, 27207, 39514, 41692, 217, 19563, 44879, 26994, 41449, 35836, 11991, 26761, 17865, 1434, 21553, 13846, 25215, 13216, 1451, 6051, 26632, 23890, 8561, 19446, 21133, 661, 42798, 4687, 10598, 49775, 22356, 1880, 36889, 44574, 24528, 22660, 48010, 13364, 44978, 25472, 34510, 1478, 12452, 45995, 28471, 40927, 15378, 7153)","(1, 0, 1, 1, 1, 1, 1, 1, 1, 0, 1, 1, 1, 1, 0, 0, 1, 1, 1, 1, 1, 0, 0, 0, 1, 1, 1, 0, 1, 1, 1, 0, 0, 1, 0, 0, 1, 0, 1, 1, 0, 1, 1, 0, 0, 0, 1, 1, 1, 1, 1, 0, 0, 1, 0, 0, 1, 1, 0, 0, 1, 0, 0, 1, 0, 1, 1, 1, 1, 1, 1, 0, 0, 1, 1, 1, 1, 1, 0, 0, 0, 0, 1, 1, 0, 1, 0, 1, 1, 1, 0, 0, 1, 1, 1, 0, 0, 1, 1, 0, 1, 1, 1, 0, 0, 1, 1, 1, 1, 1, 0, 1, 1, 1, 0, 1, 0, 1, 0, 1, 1, 0, 0, 1, 1, 1, 1, 1, 0, 0, 0, 0, 1, 1, 0, 0, 1, 1, 1, 1, 1, 0, 1, 0, 1, 0, 1, 1, 1, 1, 0, 0, 0, 0, 1, 1, 1, 1, 0, 0, 0, 1, 0, 0, 1, 0, 1, 1, 0, 1, 1, 1, 1, 1, 1, 1, 1, 1, 1, 1, 1, 1, 0, 1, 0, 0, 1, 0, 0, 1, 0, 0, 1, 0, 1, 1, 1, 0, 1, 1)"
118.701282,200,285.631657,2,"(35355, 5214, 32366, 3622, 13027, 41501, 45716, 2862, 15914, 1937, 3006, 2425, 22259, 46640, 37256, 45765, 12631, 13585, 27963, 10892, 37590, 14829, 19143, 42845, 39814, 13114, 17552, 9974, 33504, 13292, 35808, 24407, 37043, 3451, 21911, 26224, 3171, 6508, 41393, 42132, 48591, 38107, 10128, 16118, 33935, 34944, 28584, 42101, 10907, 12014, 38772, 38534, 5164, 22467, 29170, 26516, 46141, 40404, 19735, 27114, 19322, 38109, 40196, 14902, 10937, 35274, 18124, 20565, 18196, 31691, 39374, 45537, 44772, 31549, 25979, 42627, 26397, 42638, 29837, 36473, 8263, 27476, 7238, 37287, 22083, 12369, 417, 17931, 36884, 45726, 46404, 14502, 42630, 2221, 13726, 13155, 27679, 36557, 17988, 10616, 24458, 48899, 24095, 49633, 49164, 49980, 13128, 8163, 24475, 6690, 9812, 5832, 14992, 43123, 46591, 30220, 14521, 24107, 26691, 32478, 41891, 13154, 40616, 1879, 15748, 24635, 37352, 21383, 7373, 15866, 27792, 40897, 43274, 15479, 11191, 30025, 40540, 1920, 16146, 5449, 17950, 41803, 47215, 40884, 21099, 49742, 26051, 4281, 23096, 41942, 21292, 31210, 4187, 43876, 28556, 8388, 30108, 30038, 11020, 18406, 35117, 3, 47006, 42111, 47409, 35598, 34629, 36107, 30716, 18035, 5360, 27726, 1417, 19990, 12476, 35154, 7073, 26178, 19439, 43699, 20773, 32886, 38623, 3681, 34048, 33127, 8551, 14988, 19230, 28332, 45994, 17021, 12207, 23219, 30403, 44518, 28952, 41814, 34371, 2356)","(1, 1, 1, 1, 1, 1, 0, 1, 0, 1, 1, 1, 0, 1, 1, 0, 1, 1, 1, 1, 1, 1, 1, 0, 0, 1, 0, 1, 1, 1, 1, 1, 1, 1, 1, 1, 1, 1, 1, 0, 0, 1, 1, 1, 1, 0, 1, 0, 1, 1, 0, 0, 1, 0, 0, 1, 1, 0, 1, 1, 1, 0, 0, 1, 1, 0, 1, 1, 0, 1, 1, 1, 0, 0, 1, 1, 1, 0, 0, 1, 1, 0, 1, 1, 1, 1, 1, 1, 1, 0, 0, 1, 0, 1, 0, 1, 0, 0, 0, 1, 1, 1, 1, 0, 0, 0, 1, 1, 1, 1, 1, 1, 1, 0, 1, 0, 1, 1, 0, 1, 0, 1, 0, 1, 1, 1, 1, 1, 1, 1, 1, 0, 1, 1, 1, 0, 1, 1, 1, 1, 1, 1, 0, 1, 0, 0, 0, 0, 0, 1, 1, 1, 1, 0, 1, 1, 0, 0, 1, 1, 0, 1, 0, 0, 1, 1, 0, 1, 0, 1, 1, 0, 1, 0, 1, 0, 0, 1, 1, 0, 1, 1, 1, 1, 0, 1, 1, 1, 1, 0, 0, 1, 1, 0, 0, 0, 1, 0, 0, 1)"
35.961227,200,288.047602,8,"(48111, 45162, 33631, 23795, 18542, 39319, 3597, 25082, 21464, 21666, 27383, 26527, 38463, 13501, 32139, 45327, 11077, 10623, 44353, 4454, 33960, 43351, 18017, 4286, 19021, 2763, 24951, 27156, 6198, 49047, 8584, 13221, 29413, 22101, 40826, 38722, 46572, 22263, 4744, 46153, 32489, 39710, 28272, 5130, 22187, 14576, 3835, 49482, 28743, 32971, 44365, 39148, 16703, 42282, 3069, 43284, 23193, 14026, 279, 7081, 38583, 33331, 2445, 33857, 13988, 29714, 29445, 22508, 28066, 3876, 38318, 31238, 20705, 6856, 14252, 41668, 33517, 28825, 6069, 12907, 1815, 20033, 9809, 30363, 4922, 29832, 6105, 263, 42117, 19415, 5549, 33265, 7907, 4857, 7020, 18317, 30037, 45993, 2030, 16449, 35506, 12667, 4471, 23612, 22442, 40890, 19047, 40347, 25624, 15502, 39680, 20970, 36753, 3487, 44913, 12289, 11494, 30530, 37035, 43624, 33937, 28340, 14260, 5633, 100, 9833, 35180, 13385, 29544, 28956, 12421, 47423, 28359, 11358, 9735, 44199, 8352, 8758, 14726, 19527, 3070, 42040, 43364, 33111, 47176, 45992, 26948, 39075, 30571, 17362, 38675, 33843, 4711, 49498, 7174, 44033, 11479, 40193, 24471, 7874, 32388, 24813, 33986, 3313, 8885, 49885, 7305, 9100, 34402, 8641, 20328, 39561, 43030, 27689, 24025, 8162, 15268, 33285, 41534, 25835, 46710, 15724, 38282, 36317, 6346, 4970, 12621, 18, 31898, 4236, 13285, 1665, 22460, 27004, 37874, 15208, 17970, 14785, 17317, 37718)","(0, 0, 0, 0, 0, 0, 1, 0, 1, 0, 0, 1, 0, 1, 0, 0, 1, 1, 0, 1, 0, 0, 0, 1, 0, 1, 1, 1, 1, 0, 1, 1, 0, 1, 0, 0, 0, 0, 1, 0, 0, 0, 0, 1, 1, 0, 1, 0, 1, 0, 0, 0, 1, 0, 1, 0, 0, 1, 1, 1, 0, 0, 0, 0, 0, 0, 0, 0, 0, 1, 0, 1, 0, 1, 1, 0, 0, 1, 1, 0, 1, 1, 1, 0, 1, 0, 1, 1, 0, 0, 1, 0, 1, 1, 0, 0, 0, 0, 1, 1, 0, 0, 1, 0, 0, 0, 1, 0, 1, 1, 0, 0, 0, 1, 0, 1, 1, 0, 0, 0, 0, 0, 1, 1, 1, 1, 0, 1, 0, 1, 1, 0, 0, 1, 0, 0, 1, 1, 1, 1, 1, 0, 0, 0, 0, 0, 0, 0, 0, 0, 0, 0, 1, 0, 0, 0, 1, 0, 1, 1, 0, 0, 0, 1, 1, 0, 1, 1, 0, 1, 1, 0, 0, 0, 1, 1, 1, 0, 0, 0, 0, 0, 0, 0, 0, 1, 1, 1, 0, 1, 1, 1, 0, 0, 0, 1, 0, 0, 0, 0)"
96.053654,200,290.441725,4,"(36401, 36417, 9159, 11972, 27765, 45829, 11001, 49710, 14763, 32664, 47421, 19419, 4318, 8065, 49082, 23966, 5109, 38433, 40053, 35991, 38345, 46520, 28580, 5127, 21950, 40596, 110, 43929, 24301, 29054, 22866, 19589, 24203, 37029, 38635, 44809, 5388, 3314, 11627, 1590, 43180, 35066, 12520, 14572, 2571, 10652, 33053, 10512, 34244, 44368, 3116, 7778, 19117, 39797, 33733, 32159, 30254, 1163, 26402, 19064, 38799, 20264, 46281, 26220, 18495, 9729, 13099, 14516, 43373, 5604, 24779, 37712, 866, 19728, 26693, 37853, 26502, 22722, 33821, 807, 39549, 39543, 7421, 48151, 20938, 24204, 7921, 41782, 45511, 35902, 40289, 26948, 24221, 46190, 5467, 34154, 27333, 19398, 2420, 46684, 22700, 25030, 16633, 28336, 46627, 4857, 36675, 49122, 6259, 13021, 8589, 5747, 3858, 46777, 32967, 19305, 11895, 19314, 5944, 43412, 13080, 17804, 33505, 21115, 174, 26796, 31436, 17564, 3947, 31223, 13749, 3952, 9058, 44622, 33884, 49328, 10191, 20820, 31465, 15733, 42548, 4461, 47685, 2031, 2833, 49718, 24445, 29844, 33950, 18762, 37979, 13921, 28215, 16069, 23129, 41353, 28500, 20591, 1901, 30171, 44300, 16891, 34200, 4763, 26214, 3808, 18801, 33238, 36035, 15826, 19453, 2965, 10811, 13869, 42164, 30349, 302, 34482, 34340, 13665, 21649, 2995, 5696, 19744, 45192, 44794, 15684, 38208, 33700, 21389, 42663, 18181, 10862, 16433, 4404, 920, 37128, 6796, 9420, 27066)","(0, 0, 1, 1, 1, 0, 1, 1, 1, 0, 0, 1, 1, 1, 0, 1, 1, 0, 0, 1, 1, 1, 1, 1, 1, 0, 0, 0, 0, 1, 0, 1, 1, 1, 1, 0, 1, 0, 1, 1, 0, 0, 1, 0, 1, 1, 0, 1, 0, 0, 1, 1, 1, 1, 0, 0, 0, 1, 0, 1, 0, 1, 1, 1, 1, 1, 1, 1, 0, 1, 1, 0, 1, 1, 0, 0, 1, 0, 0, 1, 0, 1, 1, 0, 1, 0, 0, 1, 0, 1, 0, 1, 0, 1, 1, 0, 1, 1, 1, 0, 0, 1, 1, 0, 0, 1, 1, 0, 0, 1, 1, 1, 1, 1, 1, 1, 1, 1, 1, 0, 1, 0, 0, 1, 0, 1, 0, 1, 1, 1, 0, 1, 1, 0, 0, 0, 1, 0, 1, 1, 1, 1, 0, 1, 1, 0, 1, 0, 1, 1, 0, 1, 0, 1, 0, 0, 1, 1, 1, 0, 0, 1, 0, 1, 1, 1, 0, 0, 0, 1, 1, 1, 1, 1, 1, 0, 1, 0, 0, 1, 0, 1, 1, 0, 0, 0, 0, 0, 1, 0, 0, 1, 1, 1, 1, 1, 1, 1, 1, 1)"
127.776543,200,302.277645,2,"(6684, 14932, 26268, 19948, 30047, 38953, 9900, 19481, 28571, 39054, 22394, 43203, 33219, 6659, 14496, 31550, 23744, 25965, 49857, 813, 14461, 22628, 37017, 49652, 34290, 42098, 19196, 27129, 4202, 9091, 23053, 35071, 3943, 8996, 17557, 19643, 41598, 19775, 43636, 1039, 19925, 32733, 10575, 436, 22175, 32438, 48301, 821, 3437, 15363, 43650, 45385, 15488, 15211, 31752, 46193, 31778, 7573, 596, 25073, 4906, 3951, 43210, 17295, 44880, 47232, 18825, 6358, 2440, 40299, 36843, 26345, 20848, 45445, 16914, 8620, 28676, 14745, 2983, 17336, 1387, 8420, 24075, 2069, 33458, 26069, 35057, 3883, 23826, 16423, 33814, 9250, 36115, 5435, 13076, 9249, 41857, 2169, 41285, 30744, 45094, 24667, 41624, 19852, 16367, 38683, 3710, 1451, 4106, 490, 49572, 48164, 35746, 38537, 37113, 21178, 31831, 37350, 31249, 5608, 17761, 36668, 24900, 1625, 29861, 38535, 49857, 7370, 5828, 42463, 31539, 3375, 48063, 12054, 22650, 29305, 43807, 38615, 8855, 9623, 25476, 31348, 17583, 823, 20953, 44768, 43418, 16447, 44875, 12267, 19061, 40334, 21290, 5752, 44702, 10085, 6694, 30679, 19889, 2916, 24947, 13076, 6810, 24414, 3429, 5371, 19349, 16104, 14436, 13286, 33804, 14039, 49382, 39105, 8555, 35263, 18793, 23069, 33473, 18931, 23769, 42070, 15457, 16205, 35380, 25263, 44898, 4871, 5986, 13729, 30659, 12765, 8281, 18535, 39611, 5567, 4925, 5809, 24476, 30359)","(1, 1, 0, 1, 0, 1, 1, 1, 0, 0, 0, 1, 1, 1, 1, 1, 1, 0, 0, 1, 1, 0, 1, 0, 1, 0, 1, 1, 1, 1, 0, 0, 1, 1, 1, 1, 0, 1, 0, 1, 1, 0, 1, 1, 1, 1, 1, 1, 1, 1, 0, 0, 1, 1, 1, 1, 1, 1, 1, 0, 1, 1, 0, 1, 0, 0, 1, 1, 1, 0, 1, 1, 1, 0, 1, 1, 1, 1, 1, 1, 1, 1, 1, 1, 0, 1, 0, 1, 0, 0, 1, 1, 1, 1, 1, 1, 1, 1, 0, 0, 0, 1, 0, 0, 1, 0, 1, 1, 1, 1, 1, 1, 1, 0, 1, 1, 0, 1, 1, 1, 1, 0, 0, 1, 0, 0, 0, 1, 1, 1, 0, 1, 1, 1, 0, 1, 0, 1, 1, 1, 1, 1, 1, 0, 1, 1, 0, 1, 0, 0, 0, 0, 1, 1, 0, 1, 1, 0, 0, 1, 1, 0, 1, 1, 0, 1, 1, 1, 1, 1, 0, 1, 0, 0, 1, 0, 0, 0, 1, 1, 1, 1, 1, 1, 1, 1, 0, 1, 1, 0, 0, 1, 1, 1, 0, 1, 1, 1, 1, 0)"
121.208566,200,305.197777,2,"(35170, 43295, 39816, 44025, 10394, 46492, 13065, 43789, 31462, 22026, 46810, 49396, 11, 7704, 14220, 42514, 9540, 6743, 15658, 6501, 21933, 44069, 32744, 35334, 1669, 1839, 45300, 6799, 41873, 23158, 20229, 41559, 36240, 25676, 18736, 35229, 14423, 1399, 14770, 39717, 47982, 5309, 17478, 30347, 46511, 5440, 26387, 5515, 16923, 40175, 5261, 17976, 49092, 38952, 2846, 41712, 18005, 11255, 22885, 2930, 32094, 31475, 7729, 12858, 13946, 21257, 43608, 48918, 16697, 44212, 21938, 23111, 637, 34663, 15369, 33658, 20303, 44412, 43833, 13252, 11877, 9073, 42746, 30275, 2699, 48471, 32473, 23634, 13733, 26397, 3444, 22641, 4047, 11720, 299, 21543, 19256, 34390, 28375, 37553, 40068, 6592, 20647, 48752, 26712, 38519, 41794, 49454, 29847, 31251, 30725, 16581, 10132, 13432, 45295, 3750, 1701, 41366, 46004, 41152, 2339, 33498, 17510, 13540, 35176, 9803, 45, 45604, 38084, 47023, 10120, 30266, 24056, 31450, 48940, 33395, 5879, 46077, 29098, 1739, 46991, 26047, 37682, 17430, 3248, 32570, 27766, 38400, 31217, 5760, 46352, 16477, 46849, 380, 45321, 33745, 33410, 2743, 19024, 5633, 15783, 49312, 35790, 7180, 4195, 45404, 30269, 40950, 19560, 25050, 13434, 12512, 44990, 14023, 20049, 19375, 1528, 10227, 10789, 42210, 8477, 33689, 6468, 23448, 7519, 34681, 45187, 20649, 10126, 11040, 35078, 20515, 6292, 13292, 32654, 37933, 34187, 24872, 4903, 34339)","(0, 0, 0, 0, 1, 0, 1, 0, 0, 1, 0, 1, 1, 1, 1, 0, 1, 1, 1, 1, 1, 0, 0, 1, 1, 1, 0, 1, 1, 0, 1, 0, 0, 1, 1, 0, 1, 1, 1, 0, 1, 1, 1, 0, 1, 1, 1, 1, 1, 0, 1, 1, 1, 1, 1, 1, 1, 1, 0, 1, 0, 1, 1, 1, 1, 1, 0, 1, 1, 0, 1, 0, 1, 0, 1, 0, 1, 0, 0, 1, 1, 1, 0, 0, 1, 0, 1, 1, 0, 1, 1, 0, 1, 1, 1, 1, 1, 0, 0, 1, 1, 1, 1, 1, 0, 0, 0, 1, 0, 1, 0, 1, 1, 1, 1, 1, 0, 1, 0, 0, 1, 0, 1, 1, 0, 1, 1, 0, 0, 0, 1, 0, 1, 0, 1, 0, 1, 0, 1, 1, 1, 1, 1, 1, 1, 1, 1, 0, 1, 1, 0, 1, 0, 1, 1, 0, 1, 1, 1, 1, 1, 1, 1, 1, 1, 0, 0, 0, 1, 1, 1, 1, 0, 1, 0, 1, 1, 1, 0, 1, 1, 1, 1, 1, 1, 1, 0, 1, 1, 1, 0, 0, 1, 1, 1, 0, 1, 1, 1, 1)"
107.144405,200,307.946142,1,"(21488, 22750, 16030, 49664, 6651, 33724, 40835, 31155, 6684, 1697, 47318, 6319, 20222, 3868, 48166, 5109, 19308, 45737, 3, 6024, 8466, 31433, 3567, 7839, 9305, 26724, 16475, 6818, 14338, 42415, 49329, 44587, 8405, 4108, 38349, 34878, 29187, 4592, 12696, 10891, 48546, 7283, 24814, 39010, 15174, 4958, 34330, 4743, 19211, 26455, 18557, 44489, 33347, 27808, 14225, 37810, 34091, 45087, 12753, 42205, 37340, 29201, 39850, 47158, 39370, 32567, 40780, 26311, 28008, 5623, 28435, 38414, 303, 28415, 189, 9399, 30126, 27955, 14266, 14170, 15525, 36884, 20876, 44177, 9169, 40874, 16188, 41739, 11006, 46956, 21757, 27920, 7632, 13555, 24943, 19291, 4779, 6640, 32544, 9664, 5406, 35193, 15752, 24933, 28777, 37044, 46207, 42674, 26557, 41281, 26989, 44545, 14271, 1587, 33189, 44154, 17789, 717, 28225, 23444, 14207, 16751, 18491, 44330, 4383, 3612, 21834, 30765, 45593, 21216, 14183, 40207, 24585, 16755, 18712, 25667, 4999, 49688, 22068, 39382, 42976, 19813, 27943, 50013, 20905, 15539, 20339, 13604, 30740, 22185, 16533, 49320, 10771, 10028, 8810, 2547, 41891, 35637, 3982, 47186, 39221, 44595, 4790, 15763, 9079, 49875, 25837, 14210, 22488, 44852, 23270, 14203, 48549, 13853, 31511, 8171, 31054, 3808, 8239, 7209, 15857, 46270, 4338, 41674, 48933, 3929, 49642, 38793, 46933, 32370, 43020, 21759, 5899, 41518, 31467, 44971, 10952, 12112, 33062, 25641)","(1, 0, 1, 0, 1, 0, 0, 1, 1, 1, 1, 1, 1, 1, 0, 1, 1, 0, 1, 1, 1, 1, 1, 0, 1, 0, 1, 1, 1, 0, 0, 0, 1, 1, 1, 1, 1, 1, 1, 1, 0, 1, 0, 1, 1, 1, 0, 1, 1, 0, 0, 0, 0, 1, 1, 1, 0, 0, 1, 0, 0, 1, 1, 0, 0, 0, 0, 0, 1, 1, 1, 1, 0, 0, 1, 1, 1, 1, 1, 1, 0, 0, 1, 0, 0, 0, 0, 0, 1, 0, 1, 0, 0, 1, 1, 1, 1, 1, 0, 1, 1, 0, 1, 1, 1, 0, 1, 0, 1, 1, 1, 0, 1, 1, 1, 0, 0, 1, 0, 1, 1, 1, 1, 0, 1, 1, 1, 0, 0, 1, 1, 0, 1, 1, 0, 1, 1, 0, 1, 1, 0, 1, 1, 1, 1, 0, 0, 0, 0, 1, 1, 1, 1, 1, 1, 1, 0, 0, 1, 0, 1, 0, 1, 1, 1, 0, 0, 1, 0, 0, 0, 1, 0, 1, 0, 1, 1, 1, 1, 1, 1, 0, 1, 0, 0, 1, 0, 0, 1, 0, 0, 1, 1, 0, 1, 0, 1, 1, 0, 0)"
34.982579,200,310.541561,7,"(12818, 21236, 14349, 42762, 10193, 19820, 6332, 22547, 23415, 3897, 40080, 37106, 5306, 40696, 41439, 9938, 29871, 2258, 19356, 30220, 42443, 23037, 43778, 6059, 33923, 25992, 29409, 27189, 43863, 48201, 15563, 28616, 41205, 16686, 3744, 562, 8259, 26161, 43367, 25798, 22497, 35996, 13950, 259, 47327, 49690, 16250, 3318, 41805, 12350, 294, 18333, 13929, 28045, 36409, 6063, 28940, 42400, 30222, 14834, 31490, 47727, 28754, 33392, 30416, 11287, 27718, 1995, 33016, 48210, 26132, 22909, 5193, 35659, 22559, 42411, 1552, 9441, 19636, 48154, 34730, 45091, 37126, 19909, 49329, 36074, 7508, 5891, 8837, 42958, 46777, 6747, 35680, 21640, 47003, 48686, 45686, 29945, 23190, 43266, 19415, 3081, 37100, 49170, 20018, 12168, 13374, 11999, 41837, 9908, 29979, 35333, 29055, 37517, 42984, 47817, 36624, 21044, 9354, 47169, 3996, 15106, 37666, 6967, 24615, 31173, 33067, 43231, 36310, 40420, 24251, 31143, 24868, 43056, 34219, 32186, 41970, 5165, 18109, 18811, 49997, 49412, 49778, 26491, 1022, 40401, 4556, 39, 12254, 3668, 31556, 15305, 18253, 32204, 16425, 36705, 28416, 28413, 3823, 34625, 39443, 44920, 27377, 30449, 37810, 30196, 30783, 44882, 44770, 16712, 14532, 1582, 23672, 17432, 33878, 31984, 46613, 6316, 28433, 27678, 36805, 24537, 6497, 45548, 32171, 27678, 38694, 30629, 18500, 5949, 39997, 29841, 22221, 8368, 46282, 39516, 10486, 45309, 32899, 13594)","(0, 1, 1, 0, 0, 1, 1, 0, 1, 0, 0, 1, 1, 0, 0, 1, 0, 0, 1, 0, 0, 0, 0, 1, 0, 0, 0, 1, 0, 0, 1, 1, 0, 1, 1, 1, 1, 1, 0, 0, 0, 1, 1, 1, 0, 0, 1, 1, 0, 1, 1, 1, 1, 0, 1, 1, 1, 0, 0, 0, 1, 0, 0, 0, 0, 0, 1, 1, 0, 0, 1, 0, 1, 0, 0, 0, 1, 1, 1, 0, 0, 0, 1, 1, 0, 0, 1, 1, 0, 0, 0, 1, 1, 1, 0, 0, 0, 0, 0, 0, 0, 1, 0, 0, 1, 1, 1, 1, 0, 1, 0, 0, 0, 1, 0, 0, 0, 1, 1, 0, 1, 1, 0, 1, 1, 0, 0, 0, 0, 0, 1, 0, 1, 0, 0, 0, 0, 1, 0, 0, 0, 1, 0, 1, 1, 0, 1, 1, 1, 1, 0, 1, 0, 0, 1, 0, 0, 0, 1, 0, 0, 0, 1, 0, 0, 0, 0, 0, 0, 1, 0, 0, 1, 1, 0, 0, 0, 1, 0, 0, 1, 1, 1, 0, 0, 0, 0, 0, 1, 1, 0, 0, 0, 1, 0, 0, 1, 0, 0, 0)"
130.008764,200,313.027052,2,"(24628, 25120, 38892, 14300, 39382, 34610, 49274, 42715, 33471, 14243, 46773, 25461, 48636, 49510, 21628, 38321, 40866, 14980, 45634, 16320, 40141, 10856, 5620, 21290, 19161, 11849, 34428, 10544, 6039, 47754, 3730, 26856, 42718, 36616, 30363, 36125, 15458, 46093, 31776, 20301, 3926, 23812, 10905, 12260, 4018, 4868, 43060, 22931, 11502, 34603, 32762, 7898, 49349, 44430, 43110, 43930, 4566, 32980, 19913, 36785, 44328, 10444, 6380, 7212, 2552, 30368, 987, 46079, 18567, 17660, 25856, 11072, 15824, 18777, 45411, 34973, 3335, 46101, 10381, 22074, 14015, 48445, 9194, 44305, 7229, 10998, 47154, 31741, 7262, 1923, 13802, 16755, 48001, 25117, 20752, 24233, 6406, 46414, 156, 11019, 29778, 32507, 18915, 48411, 27032, 34144, 8389, 49466, 32997, 30958, 12400, 5978, 22348, 30961, 19221, 10489, 17609, 33883, 49064, 36905, 18566, 1155, 44753, 13382, 12901, 35129, 5711, 33960, 41911, 47085, 24053, 23563, 14686, 33293, 12467, 29639, 42660, 20437, 47439, 38023, 45915, 41005, 31105, 20444, 43749, 6222, 11047, 13656, 41271, 42701, 28420, 23771, 24250, 41116, 25971, 11911, 27657, 38973, 4387, 36236, 49904, 28240, 7602, 2866, 11366, 23981, 45345, 39134, 39859, 41897, 40590, 23337, 13679, 27244, 32291, 6390, 462, 485, 18470, 31393, 40954, 12855, 35970, 15618, 47119, 2323, 34686, 5957, 23553, 40404, 8239, 3290, 30492, 24070, 39958, 42061, 26772, 9945, 47567, 6685)","(1, 1, 0, 1, 1, 1, 1, 0, 1, 1, 0, 1, 1, 1, 1, 0, 1, 1, 0, 1, 0, 1, 1, 1, 1, 1, 1, 0, 1, 0, 1, 1, 0, 1, 0, 1, 1, 0, 1, 1, 1, 1, 1, 1, 1, 1, 1, 0, 1, 0, 0, 1, 0, 0, 1, 0, 1, 1, 1, 0, 0, 1, 1, 0, 1, 0, 1, 0, 1, 0, 1, 1, 1, 0, 0, 1, 1, 0, 1, 1, 1, 1, 1, 0, 1, 1, 1, 0, 1, 1, 0, 1, 0, 1, 1, 1, 1, 1, 1, 1, 1, 0, 0, 0, 0, 0, 1, 1, 1, 0, 1, 1, 0, 0, 1, 1, 1, 0, 1, 1, 1, 1, 0, 1, 1, 1, 1, 1, 0, 1, 1, 1, 1, 1, 1, 0, 1, 1, 1, 1, 0, 0, 1, 1, 0, 1, 0, 1, 0, 0, 0, 1, 1, 0, 1, 1, 0, 1, 1, 1, 1, 0, 1, 1, 1, 1, 1, 0, 0, 1, 0, 1, 0, 0, 1, 1, 1, 1, 1, 1, 1, 1, 0, 1, 1, 1, 1, 1, 1, 0, 1, 1, 0, 1, 0, 0, 1, 1, 0, 1)"
96.340326,200,315.52394,1,"(22668, 43972, 19713, 43688, 47594, 49682, 7319, 33209, 39593, 33826, 38672, 46063, 12220, 48277, 35071, 27077, 9143, 7558, 18748, 41953, 9602, 44962, 31472, 41204, 28284, 14033, 33588, 48344, 45647, 35511, 8193, 13166, 38604, 22198, 4537, 29958, 20208, 22472, 49089, 9254, 47859, 46308, 46401, 28774, 25260, 33437, 24301, 27006, 29733, 23612, 39672, 21079, 37305, 45828, 9264, 44499, 13383, 9617, 11063, 45542, 49619, 33848, 628, 11205, 15049, 32793, 44226, 7825, 25933, 3065, 0, 13085, 32846, 35950, 23728, 35365, 6789, 33057, 3660, 1789, 45330, 4417, 40730, 3166, 8188, 1018, 49716, 27745, 19510, 36442, 9560, 195, 10569, 2016, 38700, 28454, 1408, 19825, 32178, 5475, 9736, 12732, 4980, 44635, 23506, 34388, 9699, 24804, 28777, 16168, 10940, 1618, 38984, 26356, 31315, 5510, 14806, 22131, 7375, 14309, 12339, 29442, 46595, 26159, 18186, 4166, 23920, 13398, 15862, 30441, 15683, 41064, 17851, 39296, 48295, 338, 45312, 20883, 576, 5852, 706, 24476, 30431, 9661, 2888, 7182, 34117, 41332, 38016, 48113, 1180, 16541, 22544, 42137, 40538, 30522, 9464, 21374, 26417, 19025, 34507, 21218, 9531, 29032, 10556, 40148, 2298, 31254, 27550, 16228, 10027, 33182, 41912, 46722, 2549, 14352, 23047, 38036, 4299, 45796, 34797, 38956, 27072, 15459, 15080, 11711, 41979, 20753, 24834, 40235, 33682, 21885, 37939, 721, 45830, 3966, 31761, 21377, 29464, 23905)","(0, 0, 1, 0, 0, 0, 1, 0, 0, 0, 0, 0, 1, 0, 0, 1, 1, 1, 0, 1, 1, 0, 0, 0, 0, 1, 0, 0, 0, 0, 1, 1, 1, 1, 1, 0, 1, 0, 1, 0, 0, 1, 0, 1, 1, 1, 0, 1, 0, 0, 1, 1, 0, 0, 1, 1, 1, 1, 1, 0, 0, 0, 1, 1, 1, 1, 0, 0, 1, 0, 1, 1, 0, 1, 1, 1, 1, 0, 1, 1, 0, 1, 0, 0, 1, 1, 0, 0, 1, 1, 1, 1, 1, 1, 0, 0, 1, 1, 1, 1, 1, 1, 1, 1, 1, 0, 1, 1, 1, 0, 1, 1, 0, 1, 1, 0, 1, 0, 0, 1, 1, 0, 1, 1, 0, 0, 1, 1, 1, 0, 1, 1, 1, 0, 0, 1, 0, 1, 1, 1, 1, 1, 0, 1, 1, 1, 0, 0, 0, 1, 1, 1, 0, 0, 0, 0, 1, 0, 0, 0, 1, 1, 1, 0, 1, 0, 1, 1, 0, 1, 1, 1, 1, 1, 1, 1, 0, 0, 1, 0, 0, 1, 1, 1, 1, 0, 0, 0, 0, 0, 1, 0, 0, 1, 0, 1, 0, 1, 1, 1)"
86.834784,200,318.003132,0,"(44281, 27833, 49632, 33030, 14632, 35249, 28799, 3600, 3532, 31304, 16507, 15273, 26240, 9393, 40991, 44235, 17012, 9519, 45440, 14562, 3792, 5229, 32686, 14794, 47187, 3963, 39304, 15871, 27083, 20252, 26274, 17105, 11865, 17427, 44775, 13161, 34268, 17707, 5180, 15965, 43766, 4883, 673, 24546, 47949, 33876, 45552, 11399, 34086, 7339, 41211, 43116, 11888, 11334, 48825, 4259, 46688, 38279, 24851, 34352, 37804, 47163, 16277, 28571, 40087, 486, 45743, 25242, 45172, 14014, 42218, 5897, 11511, 48434, 29939, 14264, 35030, 25141, 46452, 30652, 37475, 8631, 41441, 2436, 40517, 37487, 11683, 631, 3768, 12953, 38564, 15318, 33957, 35138, 48632, 41143, 18952, 39799, 16414, 23813, 4574, 39458, 38053, 23250, 24487, 17176, 46645, 3262, 4981, 201, 17124, 23069, 31467, 23411, 41183, 316, 38070, 22654, 17723, 29014, 41106, 42293, 8641, 17059, 46156, 18998, 31946, 5323, 49302, 25979, 18293, 5919, 49586, 24153, 15375, 36019, 19717, 45401, 43798, 693, 30320, 38329, 40857, 2868, 30634, 48375, 21882, 6007, 36242, 22900, 15089, 26985, 22533, 31602, 6412, 19836, 22197, 20908, 48120, 19636, 43386, 43527, 9995, 11016, 34500, 41817, 28341, 18602, 43388, 7378, 23761, 12405, 20817, 16234, 7589, 13962, 16142, 2942, 27184, 10387, 38614, 8408, 10111, 30388, 19938, 27301, 46714, 16810, 32058, 46259, 636, 7511, 49786, 32111, 8667, 40436, 48170, 40501, 42041, 7840)","(0, 0, 0, 1, 1, 0, 0, 1, 1, 1, 0, 1, 1, 1, 1, 0, 1, 0, 0, 0, 1, 1, 0, 1, 0, 1, 0, 1, 1, 1, 1, 1, 1, 1, 0, 1, 0, 1, 1, 1, 0, 1, 1, 0, 0, 0, 0, 0, 0, 1, 1, 1, 1, 0, 0, 0, 0, 0, 1, 0, 1, 0, 1, 0, 1, 1, 0, 1, 1, 1, 0, 1, 1, 1, 0, 1, 0, 0, 1, 0, 0, 1, 1, 1, 0, 0, 0, 1, 1, 1, 0, 0, 1, 0, 1, 0, 0, 1, 0, 0, 1, 1, 0, 0, 1, 0, 1, 1, 1, 1, 1, 0, 1, 1, 1, 1, 1, 0, 0, 1, 0, 0, 1, 1, 0, 1, 0, 1, 0, 1, 1, 1, 0, 1, 1, 0, 1, 0, 0, 1, 0, 0, 1, 1, 0, 0, 1, 1, 0, 0, 0, 0, 0, 0, 1, 1, 0, 1, 1, 0, 0, 0, 1, 0, 1, 0, 0, 0, 0, 1, 1, 1, 1, 1, 1, 1, 1, 1, 1, 1, 1, 1, 1, 0, 1, 1, 1, 1, 1, 0, 1, 1, 0, 0, 1, 0, 1, 0, 0, 0)"
104.138733,200,320.405805,1,"(11228, 19158, 49389, 41690, 18696, 14811, 34836, 45961, 42405, 45041, 2890, 38035, 40727, 2303, 13894, 18691, 4898, 7280, 24488, 19541, 36499, 26897, 49030, 1677, 38387, 14146, 7842, 17470, 44859, 36621, 21602, 15198, 2217, 27583, 39757, 20754, 31609, 28152, 37453, 41933, 46617, 31913, 27510, 3833, 42695, 16717, 21031, 23611, 44406, 35170, 49574, 30282, 11172, 3770, 16737, 28210, 8473, 35152, 8105, 44364, 41276, 4858, 30693, 3920, 5859, 44263, 20378, 42163, 17812, 47018, 1539, 14438, 1885, 12578, 45354, 47104, 5568, 15782, 13645, 34538, 26545, 30148, 2346, 35587, 47194, 19955, 49359, 14731, 34179, 30940, 14317, 3899, 18093, 14223, 15915, 49119, 46267, 29826, 12158, 6261, 18910, 16058, 49781, 8802, 23211, 1180, 1778, 2364, 43728, 46784, 14548, 22963, 19955, 14033, 3997, 20271, 17749, 33996, 32280, 21415, 38342, 5116, 35021, 13173, 17165, 45573, 15787, 24847, 41076, 46833, 30292, 1158, 15564, 18338, 105, 34575, 30441, 31228, 18106, 27214, 9623, 24096, 23128, 21388, 33359, 33903, 45488, 18347, 35800, 18596, 46075, 1012, 42590, 8575, 29525, 2448, 36376, 48254, 32858, 6627, 12309, 37636, 5125, 29839, 42866, 25796, 9360, 20828, 34901, 32678, 3977, 10080, 17391, 42868, 38535, 31972, 41612, 14640, 42238, 468, 44640, 11190, 1974, 30853, 43955, 3430, 41393, 119, 34416, 351, 38787, 44382, 29541, 35035, 12295, 44322, 46388, 24170, 10720, 4950)","(1, 1, 1, 1, 0, 1, 0, 0, 0, 0, 1, 1, 0, 1, 1, 1, 1, 1, 0, 1, 0, 0, 0, 1, 1, 1, 1, 0, 0, 0, 1, 1, 1, 0, 0, 1, 1, 0, 1, 0, 1, 0, 0, 1, 0, 1, 1, 1, 0, 0, 1, 0, 1, 1, 1, 0, 1, 0, 1, 0, 1, 1, 0, 1, 1, 0, 0, 0, 1, 0, 1, 1, 1, 1, 0, 0, 1, 1, 1, 0, 1, 0, 1, 0, 0, 1, 1, 1, 0, 0, 1, 0, 0, 1, 0, 1, 0, 0, 1, 1, 1, 1, 0, 0, 0, 1, 1, 1, 1, 1, 1, 0, 0, 1, 1, 1, 1, 1, 0, 1, 0, 1, 0, 1, 0, 0, 1, 1, 0, 1, 0, 0, 0, 0, 1, 1, 0, 1, 1, 1, 1, 1, 0, 1, 0, 0, 0, 0, 0, 1, 0, 1, 0, 1, 0, 0, 1, 0, 1, 1, 1, 1, 1, 0, 1, 0, 1, 1, 0, 1, 1, 1, 0, 1, 0, 1, 0, 1, 1, 1, 0, 1, 1, 0, 0, 1, 1, 1, 0, 1, 1, 0, 1, 1, 1, 0, 0, 1, 1, 1)"
120.433785,200,322.815564,5,"(29236, 42707, 26545, 24677, 14402, 32841, 19461, 22228, 27067, 23828, 331, 18135, 40036, 12200, 23538, 34162, 6497, 26943, 18873, 8455, 19028, 36810, 46733, 37229, 8238, 17222, 11223, 14109, 48277, 25992, 15306, 13126, 15246, 21058, 49737, 6356, 8808, 11847, 44812, 41310, 22344, 33059, 1809, 3369, 8947, 39758, 36026, 30955, 2217, 20503, 24964, 16944, 23635, 9537, 5167, 40474, 5742, 39512, 31813, 34530, 27142, 5458, 31715, 25478, 11422, 48718, 42273, 37289, 26951, 17603, 19651, 35007, 42831, 37083, 26807, 30502, 39055, 8707, 33261, 32817, 37393, 43279, 12711, 38839, 15472, 45866, 45692, 37916, 46328, 5270, 38485, 24413, 11154, 1852, 20920, 13314, 891, 8499, 43945, 17016, 24802, 43047, 13331, 28914, 3685, 16557, 36942, 14382, 17045, 42976, 23729, 21083, 42913, 19162, 28990, 46793, 902, 36831, 17163, 26659, 24897, 2890, 10702, 27558, 22861, 49350, 9306, 721, 27226, 43382, 12620, 10063, 7895, 31534, 49653, 14945, 7295, 5956, 2432, 27709, 42042, 4566, 3155, 38333, 27895, 8598, 32293, 16007, 46423, 43712, 21617, 34711, 19367, 1373, 27097, 32914, 39984, 32798, 35628, 34723, 47335, 21676, 7506, 12779, 906, 15017, 38251, 4935, 15269, 47406, 48542, 14829, 21516, 22301, 40305, 39071, 8970, 7360, 2091, 49206, 17591, 29775, 19272, 24741, 373, 35685, 11230, 26927, 46111, 381, 19144, 45102, 22461, 43544, 48917, 16440, 41786, 38729, 32953, 11984)","(0, 0, 1, 1, 1, 1, 1, 0, 1, 0, 1, 1, 1, 0, 1, 0, 1, 1, 0, 1, 1, 0, 1, 0, 1, 0, 1, 1, 0, 0, 1, 1, 1, 1, 0, 1, 0, 1, 0, 1, 0, 1, 1, 1, 1, 1, 1, 0, 1, 1, 0, 1, 1, 1, 1, 0, 1, 0, 1, 1, 1, 0, 0, 0, 1, 1, 0, 1, 1, 1, 0, 0, 0, 1, 1, 0, 0, 0, 0, 0, 1, 0, 1, 1, 1, 1, 0, 0, 0, 1, 0, 1, 1, 1, 1, 1, 1, 1, 0, 1, 0, 0, 1, 1, 1, 1, 1, 1, 1, 0, 1, 0, 1, 1, 1, 0, 1, 1, 1, 1, 0, 1, 1, 0, 0, 0, 1, 1, 1, 0, 1, 1, 1, 0, 0, 1, 0, 1, 1, 1, 0, 1, 1, 1, 1, 1, 1, 1, 1, 0, 1, 0, 1, 1, 0, 1, 1, 0, 1, 1, 1, 1, 1, 0, 1, 1, 1, 1, 1, 0, 0, 1, 1, 0, 0, 0, 1, 1, 1, 0, 1, 0, 1, 1, 1, 1, 1, 0, 0, 1, 1, 0, 0, 0, 0, 1, 1, 1, 1, 1)"
86.865095,200,325.188313,0,"(19206, 20254, 39990, 40626, 26882, 47294, 26680, 47976, 8676, 28304, 17368, 28332, 31746, 26901, 48652, 4072, 35915, 8267, 33236, 27163, 41298, 44683, 20664, 15161, 20421, 16312, 9575, 7337, 47296, 22239, 45106, 18971, 49061, 12163, 19885, 32434, 13193, 4824, 12294, 454, 41673, 49577, 32340, 20599, 5803, 21920, 24718, 26365, 6476, 20866, 10728, 23991, 15780, 32240, 40218, 8991, 30435, 17648, 48362, 7652, 2155, 38728, 43585, 23456, 24504, 36142, 34745, 22899, 23677, 39279, 35816, 17499, 27404, 12409, 19329, 40010, 21024, 48125, 42241, 27610, 23988, 11249, 31726, 5551, 25671, 32933, 41775, 19120, 39456, 28965, 31955, 33923, 33008, 25646, 41697, 42896, 19180, 17674, 26906, 21934, 4029, 21344, 4545, 47402, 41708, 44643, 15973, 12518, 17896, 44093, 40931, 19235, 38189, 25833, 21355, 38134, 5282, 49330, 5212, 41241, 46698, 12054, 42547, 5769, 7955, 1323, 24076, 22584, 49795, 9136, 33203, 24597, 25883, 9714, 11743, 23074, 16124, 27053, 36184, 22656, 5419, 20312, 42205, 543, 12409, 21455, 6888, 24640, 42289, 2545, 46761, 45091, 15107, 44712, 12737, 39863, 6632, 43898, 44563, 20308, 48164, 45776, 38331, 32559, 13337, 4034, 49595, 42085, 34334, 22557, 48488, 2761, 1493, 18099, 6852, 26138, 28754, 34880, 22386, 16380, 24606, 5442, 1338, 44268, 6175, 34969, 41327, 13053, 765, 39804, 24321, 3813, 14906, 37818, 24283, 7601, 46291, 39930, 12232, 41983)","(1, 1, 0, 0, 1, 1, 1, 0, 1, 0, 0, 0, 1, 0, 1, 1, 0, 1, 0, 0, 0, 1, 1, 1, 0, 1, 0, 1, 0, 0, 0, 1, 0, 1, 0, 0, 1, 0, 1, 1, 0, 0, 0, 1, 1, 1, 0, 1, 1, 1, 1, 1, 1, 0, 1, 1, 0, 0, 1, 1, 1, 0, 0, 1, 1, 0, 1, 0, 1, 0, 0, 1, 0, 0, 1, 0, 1, 0, 1, 1, 1, 1, 1, 1, 1, 1, 0, 1, 0, 1, 0, 0, 0, 1, 1, 0, 1, 0, 1, 0, 1, 1, 1, 0, 1, 1, 0, 1, 1, 0, 1, 1, 0, 0, 1, 0, 0, 0, 1, 1, 0, 1, 0, 0, 1, 1, 1, 0, 0, 1, 0, 1, 0, 1, 1, 0, 0, 0, 0, 0, 1, 1, 0, 1, 0, 1, 1, 0, 0, 1, 0, 0, 1, 0, 1, 0, 1, 0, 0, 1, 0, 0, 0, 1, 1, 1, 0, 1, 1, 0, 0, 1, 1, 0, 1, 1, 0, 0, 0, 1, 0, 1, 1, 0, 1, 0, 1, 1, 1, 1, 1, 1, 1, 0, 1, 1, 1, 0, 1, 1)"
116.346327,200,327.564659,5,"(17840, 19321, 33913, 34296, 390, 25683, 14794, 15370, 39485, 7577, 3456, 11459, 43640, 9362, 6833, 20691, 3966, 9862, 15361, 28997, 957, 11059, 16058, 2086, 32004, 8677, 18379, 38903, 23767, 22928, 43191, 11201, 25234, 4420, 32864, 15224, 10110, 17905, 14728, 45769, 23719, 32117, 9412, 716, 3996, 8292, 17802, 49598, 14958, 17798, 36800, 32831, 48167, 24864, 38827, 32422, 2267, 1263, 14115, 47717, 6459, 46302, 39382, 23807, 36492, 24609, 18590, 6667, 7922, 21335, 33000, 24119, 10444, 35659, 33917, 6571, 11157, 7083, 8117, 44819, 8800, 48577, 48547, 46845, 41879, 10690, 22920, 7709, 42467, 19640, 20484, 6994, 6126, 14604, 2168, 13137, 18032, 14383, 27876, 8962, 19923, 36262, 1450, 48762, 5653, 10926, 33026, 3100, 14850, 5396, 27301, 18246, 1156, 19906, 30829, 45929, 43316, 33196, 36099, 19552, 40212, 645, 35912, 22658, 4578, 558, 1266, 1747, 26062, 23169, 10424, 47887, 28591, 27439, 18651, 19849, 33972, 20525, 38555, 37720, 42110, 26165, 32587, 14378, 46578, 30301, 21969, 25152, 42034, 21928, 47451, 45706, 17201, 5646, 17153, 11095, 16981, 42253, 11191, 23414, 26728, 41890, 15261, 39570, 13489, 43834, 27934, 45518, 11270, 9085, 41596, 24677, 33790, 9155, 13171, 34901, 10255, 23998, 10408, 24200, 36172, 17019, 26050, 19207, 18070, 46222, 10528, 13535, 44740, 6074, 17035, 2296, 5259, 1837, 11556, 27913, 25796, 48694, 23895, 28321)","(1, 1, 0, 1, 1, 1, 1, 1, 0, 1, 1, 1, 0, 1, 1, 1, 1, 1, 1, 1, 1, 0, 1, 1, 0, 1, 0, 1, 1, 0, 0, 1, 1, 1, 0, 1, 1, 1, 1, 0, 0, 0, 1, 1, 1, 0, 1, 0, 1, 1, 1, 0, 0, 0, 1, 0, 0, 1, 1, 0, 1, 1, 1, 0, 1, 1, 0, 1, 0, 1, 0, 0, 1, 0, 0, 1, 1, 1, 0, 1, 1, 1, 0, 0, 1, 1, 0, 1, 0, 1, 1, 1, 1, 1, 1, 1, 1, 1, 1, 1, 0, 1, 1, 0, 1, 1, 0, 1, 0, 1, 1, 1, 1, 1, 0, 1, 0, 1, 0, 0, 0, 1, 1, 0, 1, 1, 1, 1, 1, 0, 1, 0, 0, 1, 1, 1, 0, 1, 0, 0, 0, 1, 1, 1, 0, 0, 1, 0, 0, 1, 0, 0, 0, 1, 0, 1, 1, 0, 1, 1, 0, 0, 1, 1, 1, 0, 1, 1, 0, 1, 1, 1, 0, 1, 1, 0, 1, 0, 1, 1, 1, 1, 0, 1, 1, 1, 0, 1, 0, 1, 1, 0, 0, 1, 1, 0, 0, 0, 1, 0)"
113.657482,200,337.301772,2,"(43898, 28390, 27404, 41550, 40955, 1655, 46692, 3612, 8513, 41484, 7573, 39249, 38449, 46741, 460, 15955, 27175, 11676, 1808, 24896, 30398, 40814, 5267, 43754, 1990, 8506, 44961, 49782, 6297, 8494, 33070, 43900, 49526, 18347, 37948, 17209, 18435, 34341, 47288, 34622, 21482, 12937, 5941, 7735, 26116, 43740, 26007, 40412, 37947, 26123, 3501, 17826, 6796, 28884, 22729, 15071, 19546, 30542, 39598, 42705, 22823, 49029, 2757, 15118, 13813, 13621, 42700, 476, 41750, 40453, 37669, 45755, 21730, 30277, 8159, 712, 48525, 1271, 30835, 25347, 26668, 49276, 1192, 876, 27153, 46343, 1085, 34276, 21066, 32404, 48829, 49912, 37800, 30469, 25616, 41447, 6749, 38128, 44958, 34567, 26729, 33574, 29028, 1918, 3030, 21343, 7679, 47481, 37298, 41177, 7232, 32572, 45185, 34558, 39339, 13038, 26462, 10992, 47913, 7700, 3101, 39661, 6699, 47771, 36581, 14459, 38144, 15683, 14166, 17725, 40141, 30690, 28290, 14547, 38408, 34730, 5564, 28929, 7624, 28266, 28102, 27067, 21369, 46374, 10312, 7087, 4081, 18463, 20608, 48602, 1410, 38787, 44537, 14303, 38466, 27773, 15498, 5391, 31626, 24131, 48558, 29677, 40145, 12769, 1193, 43162, 43298, 32557, 7332, 23697, 39174, 47642, 25531, 29551, 6078, 23362, 9221, 28259, 41594, 2115, 42943, 11996, 24092, 20420, 35012, 1672, 38337, 18021, 6825, 46618, 34451, 37812, 27952, 47959, 9378, 18396, 3064, 6719, 18022, 25060)","(0, 0, 1, 0, 1, 1, 1, 1, 0, 1, 1, 0, 0, 1, 1, 1, 0, 1, 1, 0, 0, 1, 1, 0, 1, 1, 0, 0, 1, 1, 1, 0, 0, 0, 1, 1, 1, 1, 1, 0, 1, 1, 1, 1, 1, 0, 0, 0, 1, 1, 1, 0, 1, 1, 0, 1, 1, 0, 0, 0, 0, 1, 1, 1, 1, 1, 0, 1, 1, 1, 1, 0, 1, 0, 1, 1, 0, 1, 0, 1, 0, 0, 1, 1, 1, 0, 1, 0, 1, 1, 1, 0, 1, 0, 1, 0, 1, 1, 0, 0, 0, 1, 1, 1, 1, 1, 1, 0, 1, 1, 1, 0, 0, 1, 1, 1, 1, 1, 0, 1, 1, 1, 1, 1, 1, 1, 1, 1, 1, 1, 0, 0, 0, 1, 1, 1, 1, 1, 1, 0, 1, 1, 1, 1, 1, 1, 1, 0, 1, 0, 1, 1, 0, 1, 0, 0, 1, 1, 1, 0, 0, 1, 1, 1, 1, 1, 0, 0, 1, 0, 0, 0, 1, 1, 1, 1, 1, 0, 1, 1, 0, 1, 1, 1, 0, 1, 1, 1, 1, 0, 0, 1, 1, 0, 1, 0, 1, 1, 1, 1)"
55.646204,200,339.73007,3,"(43723, 46738, 44002, 27536, 36016, 40676, 34445, 5952, 13914, 22307, 21289, 11945, 25780, 48013, 38497, 46326, 47087, 6495, 674, 1749, 43209, 3859, 7011, 24384, 30681, 43487, 27155, 25161, 4851, 32925, 21606, 47273, 45138, 33775, 9467, 38670, 22920, 40121, 30145, 49689, 18155, 39218, 17950, 35420, 33007, 49200, 15697, 44989, 39161, 34187, 13053, 32174, 45484, 38492, 33226, 34435, 25438, 37396, 9686, 34937, 38132, 49339, 36278, 6471, 39285, 46562, 23419, 4084, 4396, 17422, 18478, 40487, 7014, 22207, 812, 17224, 15681, 36069, 27924, 21077, 24226, 42653, 36060, 33116, 20407, 18163, 17280, 16977, 43817, 14839, 14266, 30622, 36359, 29903, 44519, 9337, 15832, 34824, 46433, 12608, 39357, 11028, 22526, 10498, 45695, 21878, 4002, 4445, 44376, 4858, 5878, 36616, 41737, 12412, 3404, 38648, 38771, 4471, 23663, 7667, 14797, 9413, 1259, 37017, 44752, 48831, 15964, 13424, 38862, 2580, 18076, 45913, 10950, 25905, 10596, 37421, 11671, 38838, 5676, 29098, 48613, 19190, 48968, 27520, 31254, 1594, 25016, 44854, 34727, 11838, 42836, 50001, 22388, 16460, 9169, 48892, 2231, 30979, 35668, 43583, 37902, 42402, 47146, 25089, 33576, 31514, 26609, 33242, 44296, 29357, 43141, 1778, 31645, 33252, 21925, 20229, 15549, 31488, 49882, 41919, 42458, 8411, 3409, 35492, 37591, 46981, 48783, 711, 8941, 30819, 30570, 32175, 12983, 9423, 14340, 25946, 3534, 39950, 14905, 31946)","(0, 0, 0, 0, 1, 0, 0, 1, 1, 0, 1, 1, 0, 0, 0, 0, 0, 1, 1, 1, 0, 1, 1, 1, 0, 0, 1, 0, 1, 1, 1, 0, 0, 0, 1, 0, 0, 1, 0, 0, 1, 0, 1, 0, 1, 0, 1, 0, 0, 0, 1, 0, 0, 0, 0, 0, 1, 1, 1, 0, 0, 0, 1, 1, 0, 1, 1, 1, 1, 1, 1, 0, 1, 0, 1, 1, 1, 1, 1, 1, 0, 0, 0, 0, 1, 1, 0, 1, 0, 1, 1, 0, 0, 0, 0, 1, 1, 0, 0, 1, 0, 1, 0, 1, 0, 0, 1, 1, 0, 1, 1, 1, 0, 1, 1, 0, 0, 1, 1, 1, 0, 1, 1, 0, 0, 1, 1, 1, 1, 1, 1, 0, 1, 0, 1, 0, 1, 0, 1, 1, 1, 1, 1, 0, 1, 1, 1, 0, 0, 1, 0, 0, 0, 1, 0, 1, 0, 0, 1, 0, 1, 0, 0, 1, 0, 1, 0, 0, 0, 1, 0, 1, 0, 0, 1, 1, 0, 1, 0, 0, 0, 1, 1, 0, 1, 0, 1, 0, 1, 0, 0, 0, 1, 1, 0, 0, 1, 0, 0, 0)"
93.663013,200,342.155038,6,"(18032, 8684, 10673, 18609, 21383, 26868, 42908, 46946, 37840, 27641, 48267, 45594, 41053, 20744, 10472, 37449, 6712, 21833, 37661, 37022, 22514, 44015, 44212, 978, 12067, 37198, 2225, 39526, 15803, 16577, 1821, 46854, 21090, 10483, 11445, 48007, 26529, 38433, 6798, 42268, 6783, 31792, 2423, 15608, 4105, 21383, 36699, 38321, 1965, 46809, 9237, 11833, 41637, 976, 46359, 22996, 18925, 5213, 2832, 25531, 19349, 41425, 38634, 28991, 31010, 22097, 17556, 2009, 9881, 18337, 4449, 3569, 17536, 22637, 27996, 33138, 24659, 3058, 3803, 6090, 22027, 34009, 17815, 45997, 27187, 35008, 19214, 22782, 9836, 49626, 33510, 31160, 27859, 29317, 7766, 44930, 34512, 475, 16200, 43918, 43079, 6669, 40100, 18957, 32500, 33104, 10432, 19979, 30286, 4516, 48290, 15828, 16047, 43322, 31990, 9748, 31035, 9081, 8900, 30276, 15888, 41960, 22213, 48389, 20852, 47053, 13515, 4107, 47122, 16357, 1755, 12347, 46176, 23951, 39463, 38254, 3333, 49454, 35709, 44600, 36125, 15880, 49299, 38075, 24775, 31417, 10724, 43921, 6508, 8877, 48510, 13335, 1675, 34046, 35885, 13094, 41918, 43663, 27911, 15817, 1897, 43988, 287, 9208, 27018, 25879, 11689, 20866, 33981, 21313, 3731, 35944, 18523, 5932, 45588, 16676, 33142, 27017, 14588, 49053, 7273, 44800, 35130, 12913, 2573, 5108, 23316, 13158, 6608, 3408, 35968, 2941, 37324, 7173, 40870, 48226, 4523, 37705, 28360, 10097)","(1, 1, 0, 0, 1, 1, 0, 0, 1, 1, 0, 0, 0, 1, 1, 1, 1, 0, 1, 1, 0, 0, 0, 1, 1, 1, 1, 1, 1, 1, 1, 0, 1, 1, 0, 0, 0, 0, 1, 0, 1, 1, 0, 1, 1, 0, 0, 0, 1, 1, 1, 1, 0, 1, 0, 0, 0, 1, 1, 1, 1, 1, 1, 0, 0, 1, 1, 1, 1, 1, 1, 1, 0, 0, 1, 1, 1, 1, 1, 1, 0, 0, 1, 0, 1, 0, 1, 0, 1, 0, 1, 0, 1, 1, 1, 0, 0, 1, 1, 0, 1, 1, 0, 1, 1, 1, 1, 1, 0, 1, 0, 1, 0, 0, 0, 1, 1, 0, 1, 0, 1, 0, 0, 1, 1, 0, 1, 1, 0, 1, 1, 1, 0, 1, 0, 1, 1, 1, 1, 0, 1, 1, 0, 0, 0, 0, 1, 0, 1, 1, 0, 1, 1, 0, 1, 1, 0, 0, 0, 0, 1, 0, 1, 1, 0, 0, 0, 1, 1, 1, 1, 1, 0, 1, 0, 1, 0, 1, 0, 1, 1, 0, 0, 1, 1, 1, 1, 1, 1, 1, 0, 1, 0, 1, 0, 0, 1, 1, 0, 1)"
118.228656,200,344.676696,2,"(25547, 31458, 1456, 46036, 13179, 18918, 16628, 11276, 8311, 37433, 45787, 9075, 19809, 37773, 35920, 47016, 9250, 12619, 46867, 13496, 23648, 39055, 32161, 20321, 29672, 30118, 49979, 13245, 13305, 44635, 28477, 19697, 42665, 39052, 22618, 46453, 25007, 27433, 41302, 21614, 19182, 39863, 12101, 44881, 43451, 21114, 23139, 20196, 37557, 48719, 32417, 41060, 17478, 29770, 29706, 3555, 15535, 42502, 11527, 7843, 20059, 2751, 20289, 29697, 27551, 23694, 49657, 725, 7209, 45503, 14713, 17584, 18891, 6160, 14221, 14218, 62, 5914, 48922, 33831, 27829, 15424, 25733, 29048, 1126, 18853, 1128, 32723, 37381, 10158, 24052, 15044, 4799, 22901, 37606, 30353, 38280, 29783, 6920, 2332, 1664, 380, 11349, 16114, 4601, 27012, 33360, 30506, 13772, 2046, 42644, 16809, 36637, 15261, 14494, 11496, 49227, 11313, 21275, 14611, 44380, 42193, 5932, 29904, 40084, 38351, 32061, 24487, 22445, 9214, 10145, 17673, 20154, 37740, 29667, 19451, 31625, 4168, 47716, 32233, 30807, 22327, 17815, 26887, 1623, 7526, 32351, 13674, 49997, 19252, 25837, 27339, 3736, 20934, 35513, 27997, 1924, 49501, 32321, 48217, 23608, 13398, 38887, 39038, 16133, 35043, 37546, 46075, 18004, 25909, 8758, 41866, 41167, 42668, 7195, 40772, 46747, 14978, 32276, 37828, 36185, 90, 35313, 14788, 30652, 3837, 28292, 38188, 48553, 45237, 49293, 21420, 48344, 31765, 45880, 19448, 28188, 15594, 33397, 43035)","(1, 1, 1, 0, 1, 0, 1, 0, 1, 1, 0, 1, 1, 0, 1, 0, 1, 1, 0, 1, 1, 0, 0, 0, 1, 1, 0, 1, 1, 1, 1, 1, 0, 0, 0, 1, 1, 1, 0, 1, 0, 0, 1, 0, 0, 1, 0, 1, 1, 1, 1, 1, 1, 0, 1, 1, 1, 0, 1, 1, 1, 1, 1, 1, 0, 1, 0, 1, 1, 0, 1, 0, 1, 1, 1, 1, 1, 1, 0, 1, 1, 0, 1, 1, 1, 0, 1, 0, 1, 1, 1, 1, 1, 0, 1, 0, 1, 1, 1, 0, 1, 1, 1, 0, 1, 1, 1, 0, 0, 1, 0, 1, 1, 1, 1, 1, 0, 1, 0, 1, 0, 0, 1, 0, 0, 0, 1, 1, 0, 1, 1, 1, 1, 1, 1, 1, 0, 1, 1, 0, 0, 0, 1, 0, 1, 1, 0, 1, 0, 1, 0, 1, 1, 1, 1, 0, 1, 1, 0, 0, 1, 1, 0, 0, 1, 1, 0, 0, 1, 1, 1, 0, 0, 1, 1, 0, 1, 1, 1, 0, 1, 1, 0, 1, 0, 1, 0, 1, 0, 1, 1, 1, 0, 1, 1, 0, 0, 1, 1, 0)"
69.758613,200,347.122989,3,"(24966, 33011, 6713, 21109, 3109, 29798, 40475, 32189, 36024, 27044, 39336, 16480, 18421, 47076, 48647, 48716, 16651, 43052, 694, 35379, 3662, 30206, 7947, 835, 35424, 48422, 46019, 32982, 12702, 31488, 33279, 12006, 11156, 14059, 43614, 4330, 9195, 4329, 31656, 15361, 25591, 12583, 15235, 31842, 34589, 32507, 32978, 4941, 47184, 13645, 26839, 15205, 19153, 34848, 20416, 17013, 32530, 26666, 34897, 48342, 3766, 45922, 28456, 20135, 45659, 28039, 45979, 8582, 27955, 40928, 44117, 12077, 29964, 44895, 679, 17451, 16202, 13099, 47016, 30363, 13699, 16391, 40229, 4468, 28988, 40783, 41003, 11318, 25919, 16746, 389, 21178, 46209, 25348, 30226, 5062, 46300, 14867, 36199, 7812, 4544, 41083, 24257, 37858, 5954, 13814, 11899, 48115, 742, 24337, 25178, 19930, 15670, 11819, 1194, 8247, 14196, 16152, 24787, 12773, 42172, 37432, 24512, 34148, 2513, 49662, 39884, 44696, 9050, 43605, 22272, 6223, 953, 2917, 25100, 30162, 11187, 17822, 35299, 38637, 29750, 33394, 31603, 40822, 14972, 20072, 18218, 20590, 23195, 35104, 32820, 20299, 1763, 26173, 4778, 36546, 47070, 37669, 26667, 26292, 26161, 25326, 21102, 1033, 33524, 22932, 40052, 34678, 17500, 30312, 21122, 34080, 38209, 29904, 2073, 7783, 8300, 32425, 37565, 9469, 621, 17483, 14385, 28858, 47917, 31191, 6588, 5529, 16692, 19532, 4363, 25189, 43731, 43751, 25316, 22712, 16895, 48971, 2986, 35616)","(1, 0, 1, 1, 1, 0, 0, 1, 0, 1, 0, 1, 1, 1, 1, 0, 1, 0, 1, 0, 1, 0, 1, 0, 1, 0, 0, 0, 1, 1, 0, 1, 0, 1, 0, 1, 0, 1, 0, 1, 0, 1, 1, 0, 0, 0, 0, 1, 1, 1, 0, 1, 0, 0, 1, 1, 0, 1, 0, 0, 1, 0, 0, 1, 0, 1, 0, 1, 0, 0, 0, 1, 0, 0, 1, 0, 1, 1, 0, 0, 0, 1, 0, 0, 1, 0, 0, 1, 1, 1, 1, 1, 0, 1, 0, 1, 0, 0, 0, 1, 1, 0, 1, 1, 1, 1, 1, 0, 1, 0, 0, 0, 1, 1, 1, 1, 1, 0, 1, 1, 0, 0, 1, 0, 1, 0, 0, 0, 1, 0, 0, 1, 1, 1, 1, 0, 1, 1, 0, 0, 0, 0, 1, 0, 1, 1, 1, 0, 0, 0, 0, 1, 1, 1, 1, 0, 1, 1, 1, 1, 1, 0, 1, 0, 1, 0, 0, 1, 1, 0, 0, 1, 0, 0, 1, 1, 1, 1, 0, 1, 1, 1, 1, 1, 0, 0, 1, 1, 1, 1, 1, 0, 0, 0, 1, 0, 1, 1, 1, 1)"
103.995481,200,349.850682,1,"(16279, 16876, 46151, 33703, 30806, 19517, 5207, 28313, 42245, 19632, 27364, 25988, 35432, 35860, 17317, 26704, 38653, 40724, 43650, 26622, 45136, 32140, 26784, 49040, 35328, 33130, 12591, 3267, 34249, 34943, 26206, 1157, 43520, 13855, 38003, 28808, 9404, 14626, 7976, 44197, 2947, 6673, 48710, 2624, 17979, 41468, 31132, 4387, 16952, 13456, 5193, 20731, 24623, 30937, 32322, 1317, 34782, 26676, 32431, 27563, 47422, 7202, 32037, 23187, 8899, 33137, 41123, 19435, 35491, 34071, 43792, 45074, 37573, 4461, 30347, 14980, 23128, 40618, 36247, 4939, 47893, 19349, 49618, 39708, 40450, 28392, 25593, 9820, 24949, 28808, 519, 25267, 20689, 26619, 2452, 17896, 29997, 2410, 49147, 2064, 44424, 25034, 18093, 44048, 25806, 28289, 34195, 32688, 29049, 24752, 12795, 30054, 14921, 33609, 42238, 44705, 41872, 31364, 15961, 1254, 41875, 3315, 29491, 48692, 36329, 39166, 43209, 27362, 24213, 16317, 7530, 31853, 43105, 27811, 6638, 31681, 4646, 41789, 48308, 11172, 22615, 17701, 1910, 23053, 21948, 43645, 18386, 26499, 7241, 9567, 37762, 28749, 45976, 21200, 21362, 39812, 48356, 47828, 4299, 41466, 38859, 9593, 41703, 4812, 4387, 2494, 6868, 32011, 32869, 6994, 14350, 47014, 35653, 31705, 36356, 39972, 28637, 46232, 12258, 43883, 14382, 34068, 11071, 18323, 40249, 24547, 27506, 39575, 40307, 32085, 13453, 19038, 36252, 33514, 48025, 8893, 24809, 785, 28742, 1331)","(1, 1, 1, 1, 0, 1, 1, 0, 0, 1, 1, 1, 1, 0, 1, 1, 1, 0, 0, 1, 0, 0, 1, 1, 0, 1, 1, 1, 1, 0, 0, 1, 0, 1, 0, 0, 1, 1, 1, 0, 1, 1, 0, 1, 0, 1, 0, 1, 1, 1, 1, 1, 1, 0, 1, 1, 0, 0, 1, 0, 1, 1, 0, 0, 1, 0, 0, 1, 1, 1, 0, 0, 0, 1, 0, 1, 0, 0, 0, 1, 0, 1, 0, 0, 0, 0, 1, 1, 1, 0, 1, 1, 1, 1, 0, 1, 0, 1, 1, 1, 0, 1, 0, 0, 0, 0, 0, 0, 1, 1, 1, 0, 1, 1, 1, 0, 1, 1, 1, 1, 0, 1, 0, 1, 0, 1, 1, 1, 1, 1, 1, 0, 1, 1, 1, 1, 1, 0, 0, 1, 0, 0, 1, 0, 1, 0, 0, 1, 1, 1, 1, 1, 1, 1, 1, 1, 1, 0, 1, 1, 0, 1, 1, 1, 0, 1, 1, 0, 0, 1, 1, 0, 0, 1, 1, 0, 1, 0, 1, 0, 1, 0, 1, 0, 1, 1, 0, 1, 0, 1, 1, 1, 1, 0, 1, 1, 1, 1, 1, 1)"
137.11082,200,352.745535,2,"(44462, 49321, 38748, 20539, 13771, 11141, 38654, 11897, 18117, 44988, 40256, 21746, 31399, 20281, 25862, 9239, 38444, 5048, 33408, 41798, 148, 11597, 15311, 43566, 8768, 17573, 25877, 7414, 34199, 40959, 34319, 44343, 26810, 3412, 39796, 4369, 39432, 15203, 19567, 3576, 16638, 476, 35697, 23799, 13351, 34125, 2208, 11333, 16798, 48983, 46411, 26930, 666, 35031, 32228, 38839, 26128, 18839, 7510, 22754, 43876, 4809, 24993, 35212, 232, 21887, 25355, 10454, 36042, 44570, 12625, 34974, 29223, 31176, 23170, 39039, 521, 40795, 6836, 46563, 32613, 42233, 13268, 1376, 33518, 33257, 45035, 10168, 18067, 19929, 49504, 18911, 26437, 10103, 44878, 15913, 25226, 27173, 6508, 13047, 32064, 48927, 32335, 44519, 2232, 24586, 34001, 24510, 29461, 18400, 33886, 40319, 29207, 34633, 16547, 18105, 4332, 16244, 13618, 20706, 38804, 37549, 19491, 3770, 38831, 40573, 20681, 446, 30372, 18514, 33782, 31145, 25445, 3396, 12567, 21808, 14409, 33947, 24721, 35549, 30982, 26309, 47652, 23840, 49556, 5238, 41337, 1408, 16494, 22866, 24451, 31745, 10694, 18669, 45653, 50014, 12810, 29533, 17071, 22678, 11816, 22106, 30275, 46049, 15231, 16464, 8889, 31315, 18003, 7476, 9661, 27223, 46033, 2117, 31457, 30423, 11274, 22100, 33699, 47131, 22936, 47238, 31271, 49230, 16442, 24461, 10072, 9771, 33137, 8232, 48931, 42013, 15481, 9957, 18107, 35227, 10874, 24182, 35645, 10650)","(1, 1, 1, 1, 0, 1, 1, 1, 1, 0, 0, 1, 1, 1, 1, 0, 0, 1, 1, 1, 1, 1, 1, 0, 1, 1, 1, 1, 0, 1, 1, 0, 1, 1, 1, 1, 1, 1, 0, 1, 1, 1, 1, 1, 1, 0, 1, 1, 1, 1, 1, 1, 1, 1, 1, 1, 1, 1, 1, 0, 0, 1, 1, 0, 1, 1, 1, 1, 1, 0, 1, 1, 1, 1, 0, 0, 1, 0, 1, 0, 1, 0, 1, 1, 0, 0, 0, 1, 0, 1, 1, 1, 1, 1, 0, 1, 1, 1, 1, 1, 1, 1, 0, 0, 1, 1, 0, 1, 0, 0, 1, 1, 1, 0, 0, 0, 1, 1, 1, 1, 0, 1, 1, 1, 0, 0, 1, 1, 0, 1, 0, 0, 0, 1, 1, 1, 1, 1, 1, 1, 1, 1, 1, 1, 1, 1, 0, 1, 0, 0, 1, 1, 1, 1, 0, 0, 1, 0, 1, 0, 1, 1, 0, 0, 1, 0, 1, 1, 1, 1, 1, 0, 1, 1, 0, 0, 0, 1, 0, 0, 0, 1, 1, 0, 1, 1, 0, 1, 0, 1, 1, 0, 1, 1, 1, 0, 1, 1, 0, 1)"
83.569714,200,355.364086,6,"(33260, 17448, 26473, 45280, 20154, 1473, 17177, 3054, 15034, 13736, 42273, 30323, 6686, 15127, 17337, 20623, 41115, 42098, 27493, 13113, 27886, 39567, 21973, 12942, 9911, 36790, 25415, 38025, 27657, 1458, 5396, 30807, 30779, 28380, 1419, 26297, 41308, 5656, 34387, 5044, 33130, 23932, 40853, 14684, 22905, 22669, 49975, 29171, 6802, 5663, 37704, 11306, 8388, 13392, 23976, 22493, 34953, 27766, 42469, 38020, 18153, 33152, 10804, 11027, 19904, 14283, 1042, 35319, 24195, 18614, 36405, 6013, 31792, 23643, 32193, 35358, 7359, 2015, 44140, 37632, 19346, 5044, 4892, 2692, 33445, 26394, 39136, 45280, 45803, 27124, 45593, 36717, 670, 27587, 19435, 28851, 9398, 40351, 7090, 23388, 14161, 46043, 13355, 2823, 23529, 561, 49739, 32389, 3171, 48308, 29341, 19161, 14637, 9920, 43933, 8317, 39231, 49006, 35566, 41933, 30005, 47876, 49181, 43637, 19491, 25215, 23164, 47799, 5918, 41538, 736, 14814, 8721, 36148, 47036, 10487, 15583, 23266, 29944, 18713, 38927, 16346, 3376, 21571, 26125, 16902, 3407, 6611, 159, 21093, 1253, 43274, 21934, 26074, 18831, 14837, 44286, 47444, 18495, 35703, 41267, 227, 20775, 17064, 33783, 48463, 40961, 15774, 2028, 36872, 13469, 16007, 28202, 27219, 47015, 8865, 8183, 16289, 4904, 7288, 11467, 6310, 9947, 38708, 26059, 43428, 16881, 30020, 16361, 3736, 5409, 25575, 22004, 1768, 3261, 41931, 29383, 48791, 11122, 36549)","(1, 1, 1, 0, 1, 1, 0, 1, 1, 0, 0, 0, 1, 1, 0, 1, 0, 0, 0, 1, 0, 0, 1, 1, 1, 0, 1, 0, 0, 1, 1, 0, 0, 0, 0, 0, 1, 1, 1, 0, 1, 1, 0, 1, 0, 0, 0, 1, 0, 1, 1, 1, 1, 1, 1, 0, 0, 1, 1, 0, 1, 0, 1, 1, 1, 1, 1, 0, 1, 1, 0, 1, 1, 1, 0, 0, 1, 1, 0, 1, 1, 0, 1, 1, 0, 1, 0, 0, 0, 0, 0, 1, 1, 0, 1, 1, 1, 0, 1, 1, 1, 0, 1, 1, 0, 1, 0, 1, 1, 0, 1, 1, 1, 1, 0, 1, 0, 1, 0, 0, 0, 0, 0, 0, 1, 0, 0, 0, 1, 0, 1, 1, 0, 0, 0, 1, 1, 0, 0, 1, 0, 1, 1, 1, 1, 1, 1, 1, 1, 1, 1, 0, 0, 0, 0, 1, 0, 0, 1, 1, 0, 1, 1, 1, 0, 0, 0, 1, 1, 1, 1, 1, 0, 1, 1, 0, 1, 1, 1, 1, 1, 1, 1, 0, 1, 0, 1, 0, 1, 1, 1, 1, 1, 1, 0, 1, 0, 0, 1, 0)"
22.081635,200,358.035111,8,"(34024, 30740, 21770, 18770, 41162, 47098, 14206, 42908, 36816, 2687, 33965, 4180, 1023, 12674, 40145, 39421, 26390, 8278, 35085, 50011, 28176, 48143, 42951, 14564, 9049, 42724, 8398, 47416, 49330, 20993, 12254, 46440, 3612, 16275, 10275, 46611, 20121, 41435, 36381, 5790, 49600, 5054, 45902, 1135, 32770, 1908, 17208, 46812, 40236, 6336, 31086, 46404, 38080, 38254, 47734, 34946, 37042, 12114, 42760, 6146, 41682, 7037, 41230, 26301, 33207, 41183, 33355, 27195, 49230, 33207, 16908, 24452, 659, 8314, 27758, 6399, 42270, 38073, 17422, 13376, 18877, 20831, 14568, 10303, 36189, 11568, 3267, 25003, 14879, 19273, 4860, 20820, 23363, 13169, 14256, 39157, 8199, 23771, 11363, 22895, 20796, 6922, 28189, 27305, 10297, 33420, 11857, 6565, 27955, 3493, 11829, 460, 45884, 43666, 48249, 15286, 34879, 40521, 30268, 42469, 19701, 11921, 33515, 7116, 15527, 36992, 36158, 33781, 16769, 49628, 38603, 12613, 7523, 11134, 36096, 4912, 27236, 39917, 1241, 14634, 6037, 37275, 37225, 18777, 13251, 13838, 44850, 49940, 26871, 24379, 32435, 48379, 31403, 5353, 30402, 13320, 15388, 38601, 6673, 39132, 44151, 21321, 21116, 32617, 47623, 44379, 1732, 49306, 47384, 28615, 26817, 37318, 15092, 27817, 45587, 21748, 29852, 29377, 13463, 46645, 13294, 17131, 2035, 48343, 33552, 49415, 8823, 35385, 27312, 36445, 38827, 2636, 42196, 48068, 31047, 26118, 17298, 644, 9252, 29006)","(0, 0, 0, 0, 0, 0, 1, 0, 0, 1, 0, 1, 1, 0, 0, 0, 1, 1, 0, 0, 0, 0, 0, 0, 1, 0, 0, 0, 0, 1, 1, 0, 1, 1, 1, 0, 1, 0, 0, 1, 0, 1, 0, 0, 0, 1, 0, 0, 0, 1, 0, 0, 0, 0, 0, 0, 0, 0, 0, 1, 0, 1, 0, 0, 0, 0, 0, 0, 0, 0, 1, 1, 1, 1, 0, 1, 0, 0, 0, 1, 1, 1, 0, 1, 0, 1, 1, 1, 0, 0, 1, 0, 0, 1, 1, 0, 1, 1, 1, 0, 1, 1, 0, 1, 1, 0, 1, 1, 0, 1, 1, 1, 0, 0, 0, 1, 0, 0, 0, 0, 1, 1, 0, 0, 1, 0, 0, 0, 1, 0, 0, 1, 1, 1, 0, 1, 0, 0, 1, 0, 1, 0, 0, 0, 1, 1, 0, 0, 0, 0, 0, 0, 0, 0, 0, 1, 1, 0, 1, 0, 0, 1, 0, 0, 0, 0, 1, 0, 0, 1, 0, 0, 0, 0, 0, 1, 0, 0, 1, 0, 1, 0, 1, 0, 0, 0, 1, 0, 1, 0, 0, 1, 0, 0, 0, 1, 0, 1, 0, 1)"
78.624591,200,360.671391,4,"(25773, 42037, 47261, 48039, 40462, 21828, 1493, 17130, 23015, 11423, 46342, 32815, 40199, 47613, 36563, 48314, 42064, 23396, 22435, 22380, 15631, 49124, 35941, 48082, 44639, 23747, 9185, 10436, 5864, 49364, 41996, 11050, 40358, 44078, 6000, 30371, 38264, 28682, 27852, 24124, 46915, 1329, 33133, 44107, 28879, 46061, 481, 2233, 14685, 12263, 16098, 48675, 17451, 42952, 39711, 8293, 38140, 438, 45218, 2180, 30914, 11419, 10875, 29089, 32067, 5589, 21966, 9989, 12110, 29921, 30385, 39672, 44002, 45982, 10689, 7986, 12546, 33299, 47567, 32787, 22689, 1896, 29429, 5680, 37397, 21060, 12604, 48678, 44442, 10391, 15026, 45474, 33496, 32419, 39596, 15832, 42773, 30172, 7301, 32348, 25399, 34105, 27695, 21791, 28865, 26737, 17102, 24195, 26365, 18965, 30542, 7131, 38221, 23096, 24919, 1490, 5241, 35359, 22390, 49272, 24966, 42419, 34048, 5887, 17608, 1143, 43359, 11299, 39194, 28349, 40412, 47335, 38703, 7016, 20498, 14871, 41575, 28555, 22658, 42178, 20710, 16359, 47274, 44547, 10276, 22724, 14235, 26567, 41374, 21668, 34073, 14478, 6966, 23026, 12934, 14880, 43160, 37115, 27558, 1630, 26387, 32310, 30092, 17462, 45332, 5339, 13329, 21754, 16009, 8752, 19547, 638, 8397, 42819, 38790, 15399, 34237, 23742, 2772, 45965, 38361, 38968, 45675, 1905, 11255, 25334, 24861, 27363, 8551, 49024, 44003, 23740, 48777, 39470, 9757, 26678, 26306, 13490, 41878, 33791)","(0, 0, 0, 0, 0, 0, 1, 0, 0, 1, 0, 0, 0, 0, 1, 0, 0, 0, 0, 0, 1, 0, 0, 1, 0, 1, 1, 1, 1, 0, 0, 1, 0, 0, 1, 0, 0, 1, 1, 0, 0, 1, 0, 0, 1, 0, 1, 1, 1, 1, 1, 0, 0, 1, 0, 1, 0, 1, 0, 1, 0, 1, 1, 1, 0, 1, 1, 1, 1, 0, 0, 1, 0, 0, 1, 1, 1, 0, 0, 0, 0, 1, 0, 1, 1, 1, 1, 1, 0, 1, 1, 0, 0, 1, 0, 1, 0, 0, 1, 1, 1, 0, 1, 1, 1, 0, 1, 1, 1, 1, 0, 1, 1, 0, 1, 1, 1, 0, 0, 0, 1, 1, 0, 1, 1, 1, 0, 0, 0, 0, 0, 1, 1, 0, 1, 1, 0, 0, 0, 0, 1, 0, 1, 0, 1, 0, 0, 1, 1, 1, 0, 1, 1, 0, 1, 1, 1, 1, 0, 1, 1, 0, 0, 1, 0, 1, 1, 1, 1, 1, 1, 1, 1, 0, 1, 1, 0, 1, 1, 0, 1, 1, 1, 1, 1, 0, 1, 0, 1, 1, 0, 0, 0, 0, 1, 1, 1, 1, 1, 0)"
98.198256,200,370.727564,2,"(20397, 34174, 45794, 39114, 19492, 29188, 5635, 12378, 33592, 18758, 47217, 16859, 4352, 42322, 38666, 48750, 17181, 22765, 37599, 2144, 25216, 6030, 3510, 26484, 47468, 24553, 22783, 1496, 23405, 15946, 9417, 25352, 24822, 35448, 36133, 48587, 38940, 6255, 10334, 23331, 15841, 25116, 49396, 48677, 28288, 25423, 1545, 35857, 33848, 17178, 30574, 19933, 29354, 27929, 13670, 2913, 28732, 19417, 21480, 21203, 49178, 17444, 41328, 23806, 47034, 14407, 34616, 31128, 7296, 29999, 33509, 39419, 33804, 1687, 49602, 47378, 25823, 17112, 37057, 42257, 15805, 6913, 36829, 2948, 13065, 4722, 27468, 6285, 45153, 46677, 36693, 32567, 11527, 643, 7147, 7238, 12671, 37467, 23529, 26905, 35394, 26996, 41050, 14775, 31726, 17710, 39812, 40826, 30742, 5331, 27129, 25377, 19962, 46973, 47821, 8066, 29155, 32410, 27715, 21028, 42908, 19072, 21275, 28333, 23393, 13899, 35173, 25917, 34131, 39211, 16371, 35082, 23564, 1962, 27835, 5301, 11582, 42889, 20132, 116, 9081, 30728, 26708, 48426, 19314, 7687, 6231, 16393, 30911, 37504, 48169, 31496, 41910, 46666, 32635, 46911, 16474, 49858, 30747, 5298, 34392, 29688, 41783, 46891, 39784, 11339, 6996, 33591, 33939, 16784, 7417, 17037, 26395, 867, 18259, 3444, 24415, 29836, 30458, 14290, 1706, 15896, 26387, 29767, 36856, 37047, 45342, 4619, 38785, 32644, 47681, 12066, 31755, 21315, 39763, 9676, 30838, 22900, 25795, 48588)","(1, 0, 0, 0, 1, 0, 1, 0, 1, 1, 0, 1, 0, 0, 0, 1, 1, 0, 1, 0, 1, 1, 1, 1, 1, 1, 0, 1, 1, 1, 1, 1, 0, 1, 1, 0, 1, 1, 1, 1, 1, 1, 1, 0, 0, 1, 1, 1, 0, 1, 0, 1, 1, 1, 1, 1, 1, 0, 1, 1, 1, 1, 1, 1, 1, 1, 0, 0, 1, 0, 0, 1, 0, 1, 0, 0, 0, 1, 1, 0, 1, 1, 1, 1, 1, 1, 0, 1, 0, 0, 0, 1, 1, 1, 1, 1, 1, 0, 1, 0, 0, 1, 1, 1, 1, 1, 1, 1, 0, 1, 1, 1, 0, 0, 0, 1, 1, 1, 1, 1, 0, 0, 0, 0, 0, 1, 0, 1, 0, 0, 1, 0, 1, 1, 0, 0, 1, 1, 1, 1, 0, 0, 0, 0, 1, 1, 1, 1, 0, 1, 1, 1, 0, 0, 0, 1, 1, 0, 0, 1, 1, 1, 0, 0, 0, 1, 1, 1, 0, 1, 1, 1, 1, 1, 0, 1, 1, 0, 0, 1, 1, 1, 1, 0, 1, 0, 0, 1, 1, 0, 0, 0, 1, 1, 0, 1, 0, 0, 0, 1)"
62.358342,200,373.280177,0,"(48648, 46805, 17103, 48323, 13078, 40994, 33473, 40769, 11575, 46992, 40989, 40539, 16387, 13708, 14964, 31892, 42509, 10259, 14792, 41254, 28982, 10869, 10308, 7825, 3004, 44222, 22561, 16294, 2893, 6347, 12699, 36433, 40152, 28187, 19200, 26772, 4572, 34445, 41229, 30897, 28433, 47254, 18737, 36637, 26295, 34627, 12383, 7846, 20430, 13114, 31100, 20573, 13977, 40492, 40962, 6128, 3255, 3499, 22639, 20349, 27190, 41547, 11192, 49540, 36897, 21687, 24202, 2059, 20091, 23330, 22997, 46818, 30372, 34652, 38604, 41448, 25469, 6909, 13692, 49097, 13734, 33512, 25557, 47694, 15258, 45257, 30641, 42536, 17835, 11268, 36693, 28761, 20473, 3925, 30330, 27362, 48394, 15355, 48415, 38183, 36044, 40612, 39898, 49601, 32952, 18031, 16496, 33209, 46862, 49821, 6913, 43800, 10359, 2520, 24223, 10045, 42031, 42041, 37009, 37721, 1603, 35118, 10206, 19138, 20608, 38646, 26065, 25619, 6486, 4424, 5714, 41860, 19790, 28419, 38789, 27368, 40906, 7102, 12906, 1497, 15179, 18182, 11431, 27859, 12150, 39009, 41548, 35246, 46026, 49586, 49207, 1336, 11057, 38801, 37125, 10008, 27904, 48519, 46070, 38578, 880, 4918, 26044, 3978, 33626, 12106, 11194, 47980, 40178, 21252, 44331, 36440, 21665, 35774, 18644, 23031, 30846, 5666, 48495, 45130, 34085, 28654, 21447, 20901, 7707, 32798, 22776, 2208, 19405, 26048, 4900, 7107, 4480, 22256, 48948, 11880, 34838, 45431, 41953, 44198)","(1, 0, 1, 0, 1, 0, 0, 1, 1, 0, 0, 0, 1, 0, 1, 0, 0, 1, 1, 0, 1, 1, 1, 0, 0, 0, 0, 0, 1, 0, 1, 0, 0, 0, 1, 0, 1, 0, 0, 0, 0, 0, 1, 0, 0, 0, 0, 0, 0, 1, 0, 1, 1, 0, 0, 1, 1, 1, 0, 1, 1, 0, 1, 1, 0, 1, 0, 1, 1, 1, 0, 0, 0, 0, 1, 1, 0, 1, 0, 0, 0, 1, 0, 0, 0, 0, 0, 0, 0, 0, 0, 1, 1, 1, 0, 0, 1, 1, 1, 1, 1, 0, 0, 0, 0, 0, 0, 0, 0, 0, 1, 0, 1, 1, 0, 1, 0, 0, 0, 0, 1, 0, 1, 1, 0, 1, 1, 1, 1, 1, 1, 1, 1, 0, 1, 1, 0, 0, 0, 1, 1, 0, 1, 0, 1, 1, 1, 0, 1, 0, 0, 0, 0, 0, 1, 1, 0, 0, 0, 0, 1, 1, 1, 1, 1, 1, 1, 1, 1, 1, 0, 1, 0, 1, 1, 0, 0, 1, 0, 0, 0, 0, 0, 1, 1, 0, 0, 0, 1, 1, 1, 0, 1, 0, 1, 1, 0, 1, 1, 0)"
67.595109,200,375.909706,4,"(44986, 44823, 33788, 40774, 15704, 23802, 38368, 17478, 13408, 10979, 23228, 19769, 47081, 42719, 46842, 14662, 21369, 36401, 1862, 14717, 27560, 771, 1867, 2365, 29798, 14542, 9592, 41337, 26835, 46296, 17316, 23884, 35931, 38959, 29834, 22919, 11508, 28185, 29535, 7961, 45332, 35944, 32833, 25165, 34961, 35522, 24238, 3273, 36625, 25302, 25975, 17710, 37959, 38376, 24042, 13555, 2301, 20111, 49376, 12490, 16365, 43444, 6446, 42326, 42595, 38508, 27465, 30803, 14094, 7319, 47966, 24904, 24579, 18553, 12235, 46434, 21459, 10333, 10197, 26868, 48109, 45488, 33820, 8572, 29741, 41057, 42086, 46094, 39412, 22314, 43982, 16426, 778, 31523, 34001, 39820, 12864, 33148, 44107, 4084, 17454, 15146, 4700, 35299, 31683, 41098, 9711, 9762, 27865, 7870, 23920, 4657, 34547, 41385, 24182, 1364, 22620, 38032, 46561, 22424, 39960, 18989, 21892, 6454, 3086, 30440, 35444, 37482, 32096, 1086, 33912, 43078, 24337, 546, 20406, 25209, 19342, 22965, 43066, 9746, 7227, 7130, 24626, 21819, 36740, 13079, 48722, 6781, 15351, 34249, 7083, 22721, 36845, 13556, 42326, 28490, 17491, 18929, 19698, 1048, 29226, 12869, 16343, 27559, 3140, 12068, 5261, 40514, 48692, 39604, 27805, 7529, 10827, 22711, 41157, 45632, 25982, 24768, 35249, 30259, 98, 12242, 31607, 26360, 33164, 5645, 2878, 45138, 17768, 23449, 20702, 47523, 44691, 4934, 38481, 22526, 43839, 37123, 25401, 34103)","(1, 0, 0, 0, 0, 1, 0, 1, 1, 1, 0, 1, 0, 1, 0, 1, 1, 0, 1, 1, 0, 1, 1, 0, 0, 1, 1, 0, 1, 1, 0, 1, 0, 0, 0, 0, 1, 0, 1, 1, 0, 1, 0, 1, 0, 1, 1, 1, 0, 1, 0, 1, 0, 1, 1, 1, 0, 1, 0, 1, 0, 0, 1, 0, 0, 0, 0, 0, 1, 1, 1, 1, 1, 1, 0, 1, 1, 0, 1, 1, 0, 0, 0, 1, 1, 1, 0, 0, 0, 0, 0, 0, 1, 0, 0, 0, 1, 1, 0, 1, 1, 1, 1, 0, 0, 0, 1, 0, 1, 1, 1, 1, 0, 0, 1, 1, 0, 1, 0, 0, 0, 0, 1, 1, 1, 0, 0, 1, 0, 1, 0, 1, 0, 1, 1, 0, 1, 0, 1, 1, 1, 0, 1, 1, 0, 0, 0, 0, 1, 1, 1, 0, 0, 1, 0, 1, 1, 1, 1, 1, 1, 1, 1, 0, 1, 1, 1, 0, 1, 0, 0, 1, 1, 0, 0, 0, 1, 0, 1, 0, 1, 1, 1, 0, 0, 0, 1, 0, 1, 1, 1, 1, 0, 1, 1, 0, 0, 0, 1, 0)"
77.946814,200,378.370998,4,"(7061, 41271, 35435, 46769, 25863, 32641, 26162, 41218, 29391, 41981, 4158, 28831, 24884, 19781, 48033, 5871, 45795, 10962, 16511, 26536, 2798, 37254, 22870, 35504, 16363, 43652, 48394, 47760, 30438, 40697, 22139, 19617, 38999, 14632, 26113, 5404, 35771, 43302, 6622, 18667, 31602, 31566, 28374, 16745, 9020, 20941, 34360, 40312, 7123, 4512, 14375, 30293, 21287, 23151, 34561, 8220, 39983, 42742, 7195, 5393, 30075, 15026, 6144, 28661, 9342, 32538, 5131, 21990, 15677, 25252, 9485, 15590, 43328, 35672, 19056, 46416, 46243, 42151, 46800, 15829, 26546, 49825, 23486, 20452, 24404, 32669, 23838, 9122, 30259, 28195, 17722, 34102, 47523, 26839, 629, 28826, 3590, 8116, 29747, 42791, 41719, 37697, 33672, 41636, 8746, 39538, 27406, 38642, 1736, 27197, 26008, 27023, 19615, 1990, 14729, 22104, 36274, 6925, 16507, 38714, 17350, 37776, 41269, 15215, 14762, 25287, 8063, 37300, 21228, 36396, 21233, 13468, 32372, 12718, 47544, 26958, 34489, 46544, 30904, 49799, 32733, 14790, 42127, 10309, 49329, 29592, 28251, 41932, 22608, 49048, 9062, 48140, 2007, 6755, 36438, 34274, 888, 14857, 32672, 1776, 24685, 30083, 30751, 22945, 22879, 17265, 35809, 25570, 24514, 3296, 7935, 47355, 26467, 35767, 10556, 28268, 17838, 36437, 5155, 13952, 15798, 7354, 13020, 129, 38450, 16714, 15263, 29986, 12327, 177, 7461, 42093, 31747, 37457, 2957, 37780, 38691, 20709, 42715, 15176)","(1, 0, 0, 0, 0, 1, 1, 0, 1, 1, 1, 1, 1, 1, 0, 1, 1, 1, 0, 1, 1, 1, 0, 0, 1, 0, 1, 1, 0, 0, 1, 1, 0, 1, 1, 1, 1, 0, 1, 1, 0, 0, 0, 0, 1, 1, 0, 0, 1, 1, 1, 0, 0, 0, 1, 1, 1, 0, 1, 1, 0, 1, 1, 1, 1, 0, 1, 1, 1, 1, 1, 1, 0, 1, 1, 1, 0, 1, 0, 1, 0, 0, 1, 1, 0, 1, 1, 1, 0, 0, 1, 0, 1, 0, 1, 1, 1, 1, 0, 0, 1, 0, 0, 0, 1, 0, 0, 0, 1, 1, 1, 0, 1, 1, 1, 0, 0, 1, 1, 0, 1, 1, 0, 1, 1, 1, 0, 0, 1, 0, 1, 1, 0, 1, 1, 0, 0, 1, 0, 0, 0, 1, 0, 0, 0, 0, 0, 1, 0, 0, 1, 0, 1, 0, 1, 0, 1, 1, 1, 1, 1, 0, 0, 0, 0, 0, 0, 0, 1, 1, 1, 1, 1, 0, 1, 0, 0, 1, 1, 0, 0, 1, 1, 1, 0, 1, 1, 0, 1, 1, 1, 0, 0, 1, 1, 0, 1, 0, 0, 1)"
81.223083,200,380.939737,0,"(32169, 43351, 23224, 6146, 16128, 6566, 25699, 43458, 32770, 47377, 7881, 33540, 35280, 2017, 33829, 23228, 37491, 20380, 6025, 47378, 28574, 18403, 37195, 21754, 36749, 9037, 17698, 2023, 11484, 5567, 30613, 46313, 13795, 239, 40902, 17049, 22664, 22152, 29750, 24619, 20912, 8954, 9577, 16120, 34135, 10094, 34491, 32552, 11033, 23107, 27493, 13209, 38114, 28972, 43584, 27112, 28389, 21786, 7572, 5041, 7474, 69, 21648, 33199, 44974, 24958, 955, 15585, 13968, 48578, 16707, 20111, 9414, 1446, 43632, 16983, 33617, 28320, 5646, 11216, 667, 35892, 3414, 37919, 47876, 4443, 6042, 4704, 38372, 4351, 5156, 47190, 24112, 37767, 10406, 1691, 16502, 40384, 408, 42099, 35512, 9567, 40012, 40827, 18310, 8850, 46147, 20722, 496, 4155, 34940, 4889, 30120, 38857, 23339, 49889, 49004, 34144, 19397, 15431, 20301, 8689, 10376, 8143, 400, 14132, 36796, 47738, 469, 22891, 13335, 17497, 12876, 33841, 19749, 16853, 43342, 39579, 14156, 47248, 21829, 4083, 48164, 9009, 20983, 486, 48473, 35700, 4655, 13759, 14753, 28646, 36025, 41745, 14794, 39717, 4562, 47685, 24335, 10150, 28917, 5494, 37197, 13397, 14350, 37065, 38534, 16901, 37053, 9466, 18125, 25922, 27380, 6076, 21826, 7208, 5856, 20213, 42405, 6780, 35858, 3181, 31380, 5761, 44718, 38766, 38770, 8442, 16764, 14190, 37899, 23502, 38527, 48385, 33088, 23638, 29290, 46404, 6382, 38544)","(0, 0, 0, 1, 1, 1, 0, 0, 0, 0, 1, 0, 0, 1, 1, 0, 0, 0, 1, 0, 1, 1, 0, 1, 0, 1, 1, 1, 1, 0, 0, 0, 0, 1, 0, 0, 0, 1, 0, 1, 1, 1, 1, 0, 1, 1, 0, 0, 1, 0, 0, 1, 0, 1, 0, 1, 0, 1, 1, 1, 1, 1, 1, 1, 0, 1, 0, 1, 1, 0, 1, 1, 1, 1, 0, 1, 0, 0, 1, 1, 1, 0, 1, 0, 0, 1, 1, 1, 0, 1, 1, 0, 0, 0, 1, 1, 1, 0, 1, 0, 0, 1, 1, 1, 0, 1, 0, 1, 1, 1, 0, 1, 1, 0, 1, 0, 1, 0, 1, 0, 1, 1, 1, 1, 1, 1, 0, 0, 1, 0, 1, 0, 1, 0, 0, 1, 0, 0, 0, 0, 0, 1, 0, 1, 0, 1, 1, 1, 1, 1, 1, 1, 0, 0, 1, 0, 1, 0, 0, 1, 1, 1, 0, 1, 0, 0, 0, 0, 0, 1, 0, 1, 0, 1, 1, 1, 1, 0, 0, 1, 0, 1, 0, 1, 0, 0, 0, 1, 1, 1, 0, 1, 0, 1, 0, 1, 1, 0, 1, 1)"
131.930097,200,383.59053,2,"(844, 25898, 21983, 44615, 5440, 27884, 4314, 38691, 553, 6831, 2886, 43050, 19567, 810, 10282, 3867, 4842, 21152, 24088, 8862, 26549, 7332, 26623, 5887, 25666, 2321, 49966, 41326, 28589, 15339, 28945, 2107, 43415, 10783, 40855, 17464, 24530, 7852, 17445, 16716, 11449, 44191, 3146, 2569, 1194, 31413, 36378, 23716, 19316, 25943, 41276, 20514, 34407, 25299, 29894, 32725, 2207, 49833, 9109, 45776, 29565, 37616, 44548, 33027, 6201, 23426, 42304, 23228, 17189, 24260, 25980, 20676, 45709, 44895, 47641, 43207, 4777, 24187, 48888, 37096, 24420, 44684, 48336, 30831, 451, 36212, 10864, 29708, 14439, 4679, 3762, 38748, 28283, 14594, 45727, 47517, 43804, 7887, 40620, 12318, 47614, 34346, 45849, 9620, 37495, 11797, 5988, 45993, 43694, 37229, 43316, 17473, 49020, 30941, 23742, 18809, 42268, 34983, 34919, 11778, 5086, 2279, 8155, 15624, 9622, 12142, 27371, 11829, 34173, 11477, 8293, 42346, 10074, 47773, 43680, 4397, 3901, 35275, 3974, 24090, 26088, 8280, 7759, 31266, 48156, 39013, 43520, 24718, 41569, 30872, 9405, 27056, 8976, 5249, 3129, 5111, 28476, 15439, 47617, 22078, 12858, 26115, 44675, 24670, 2503, 35144, 28984, 11206, 43919, 25870, 32595, 15257, 34821, 7793, 3496, 39582, 14499, 46135, 49198, 43699, 25666, 9992, 4313, 45651, 14678, 12872, 1310, 33832, 41570, 36, 6603, 19529, 3317, 44499, 12347, 42950, 42655, 14094, 22255, 44287)","(1, 1, 1, 0, 1, 1, 1, 1, 1, 1, 1, 0, 0, 1, 0, 1, 1, 1, 1, 1, 1, 1, 1, 1, 1, 1, 0, 1, 1, 0, 1, 1, 0, 1, 1, 1, 1, 1, 0, 1, 1, 0, 1, 1, 1, 1, 0, 1, 1, 1, 1, 1, 0, 1, 0, 0, 1, 0, 1, 0, 1, 1, 0, 1, 1, 1, 0, 0, 1, 0, 0, 1, 1, 0, 0, 0, 1, 1, 1, 1, 1, 1, 1, 0, 1, 1, 1, 0, 1, 1, 1, 1, 0, 1, 0, 0, 0, 1, 0, 0, 1, 1, 0, 1, 1, 1, 1, 0, 1, 0, 0, 1, 0, 0, 1, 1, 1, 0, 0, 1, 1, 1, 0, 1, 1, 1, 1, 1, 0, 1, 1, 0, 1, 1, 0, 1, 1, 1, 1, 1, 1, 1, 1, 1, 0, 1, 0, 0, 1, 0, 1, 0, 1, 1, 0, 1, 1, 1, 1, 0, 1, 1, 0, 1, 1, 1, 1, 1, 0, 1, 1, 1, 0, 1, 1, 0, 1, 0, 1, 0, 0, 1, 1, 0, 1, 1, 1, 0, 1, 1, 1, 1, 1, 1, 1, 1, 0, 1, 0, 0)"
110.292596,200,386.177728,1,"(30218, 20656, 3598, 37796, 49313, 5956, 4062, 33263, 14658, 47392, 21034, 35586, 24387, 12133, 32653, 29035, 15684, 23969, 22636, 42027, 9892, 12109, 27903, 37869, 1096, 20984, 4992, 20798, 1177, 15037, 21218, 27092, 49524, 40200, 6738, 25229, 47996, 3332, 12625, 49564, 19765, 46819, 26953, 3168, 44604, 38057, 6793, 9918, 4309, 30, 25576, 4547, 46364, 32177, 34008, 9691, 35049, 44877, 9942, 10655, 23783, 47369, 49515, 21713, 13811, 28634, 9878, 31479, 33807, 26942, 36569, 28284, 14175, 19025, 46700, 8936, 41474, 25511, 11843, 35127, 36805, 960, 105, 36963, 39178, 41165, 6932, 30166, 38549, 38767, 43286, 49761, 10917, 29425, 37980, 29591, 14700, 18060, 162, 47678, 25468, 23839, 37380, 11156, 4031, 48278, 7861, 48589, 14345, 35473, 631, 7291, 23412, 31354, 32704, 20305, 48419, 45793, 22189, 40962, 37882, 14853, 21981, 31723, 46795, 13926, 4172, 36975, 42233, 43866, 8148, 14291, 27496, 19727, 46990, 13135, 9878, 42659, 39862, 49286, 7606, 15308, 13331, 1115, 26342, 42229, 46264, 30636, 15584, 45794, 15100, 19749, 40627, 16586, 22438, 49640, 21978, 31902, 12892, 34496, 4693, 42167, 7454, 15117, 40707, 25495, 23677, 35008, 21226, 14601, 31037, 35100, 10801, 15071, 11005, 15912, 10690, 12238, 42579, 7014, 43389, 48131, 7610, 31852, 24410, 10680, 37224, 34393, 13017, 48576, 18515, 38187, 16961, 13546, 5328, 930, 24300, 47049, 5365, 37454)","(0, 1, 1, 1, 0, 1, 1, 0, 1, 1, 1, 0, 1, 1, 1, 1, 0, 1, 0, 0, 1, 1, 1, 1, 1, 1, 1, 1, 1, 0, 1, 1, 0, 0, 0, 1, 0, 1, 1, 0, 1, 0, 1, 0, 0, 0, 1, 1, 1, 1, 0, 1, 0, 0, 0, 1, 0, 0, 1, 1, 1, 1, 0, 1, 0, 0, 1, 1, 0, 1, 0, 0, 1, 0, 0, 1, 1, 1, 1, 0, 1, 1, 1, 0, 1, 0, 1, 0, 1, 0, 0, 1, 1, 0, 0, 0, 1, 0, 1, 0, 1, 1, 1, 0, 1, 1, 1, 1, 0, 1, 1, 0, 1, 1, 1, 1, 1, 0, 1, 0, 0, 1, 1, 0, 0, 1, 1, 1, 0, 0, 1, 1, 0, 1, 0, 1, 0, 0, 0, 0, 1, 0, 1, 1, 1, 1, 1, 0, 1, 0, 1, 0, 0, 1, 0, 0, 1, 1, 1, 0, 1, 1, 1, 1, 0, 1, 1, 0, 1, 1, 1, 0, 1, 1, 1, 1, 1, 0, 0, 1, 0, 0, 1, 0, 1, 1, 1, 0, 1, 0, 1, 1, 1, 1, 1, 1, 0, 1, 1, 1)"
76.686462,200,388.930184,3,"(32528, 9637, 4490, 18817, 45065, 21158, 47950, 47486, 12415, 7004, 3349, 48471, 23392, 4386, 42367, 14643, 7479, 2757, 9051, 40253, 33667, 25145, 18095, 49565, 12309, 23968, 5873, 5013, 1510, 22404, 34926, 44426, 25695, 6234, 30909, 32325, 14450, 47504, 34344, 33404, 537, 26360, 40441, 13448, 12982, 42087, 5114, 43135, 49812, 31631, 4397, 18162, 16070, 44638, 31457, 49774, 46324, 10279, 15754, 1907, 45680, 42537, 30151, 18610, 29632, 19167, 2444, 1966, 15267, 7193, 41910, 27029, 8286, 6734, 5412, 1830, 17456, 3791, 48454, 10292, 3944, 24152, 43393, 5735, 45896, 24931, 31864, 23053, 40142, 6747, 729, 3805, 37089, 20280, 17257, 39589, 17907, 24791, 34430, 23164, 15502, 49541, 41082, 12039, 46716, 17130, 41780, 22886, 9106, 15485, 33774, 29199, 30435, 27385, 17594, 43009, 33396, 36025, 48293, 43493, 19018, 15508, 13442, 35750, 38056, 27971, 38898, 29482, 6613, 4532, 44765, 24834, 33201, 3654, 12651, 21826, 46408, 22217, 24113, 47549, 19165, 27397, 35850, 32485, 31940, 29556, 17406, 14602, 1721, 49166, 24388, 30259, 14768, 49210, 4260, 42155, 36364, 42303, 40965, 35264, 2976, 10896, 46833, 20340, 9427, 15401, 46737, 42092, 47666, 10253, 31360, 32726, 37563, 45560, 3952, 27618, 16933, 29748, 988, 47375, 20795, 47056, 46051, 44836, 14409, 43648, 21575, 18797, 19482, 1455, 17002, 4592, 5726, 32843, 6197, 39141, 30812, 6440, 43789, 40375)","(1, 1, 0, 1, 0, 1, 0, 0, 1, 1, 1, 0, 1, 1, 0, 1, 1, 1, 1, 0, 0, 1, 1, 1, 1, 1, 1, 0, 1, 0, 0, 0, 0, 1, 0, 0, 1, 0, 0, 0, 1, 0, 0, 1, 1, 0, 1, 1, 0, 0, 1, 1, 1, 0, 0, 0, 0, 1, 0, 1, 0, 0, 1, 1, 1, 1, 1, 1, 1, 1, 0, 1, 1, 1, 1, 1, 1, 1, 0, 1, 1, 1, 0, 1, 0, 0, 1, 0, 0, 1, 1, 1, 0, 1, 1, 0, 1, 0, 0, 0, 1, 0, 0, 0, 0, 0, 1, 0, 1, 1, 0, 1, 0, 1, 0, 0, 0, 0, 0, 0, 1, 1, 1, 1, 0, 1, 1, 1, 1, 1, 0, 0, 0, 1, 1, 1, 0, 0, 1, 0, 1, 0, 0, 0, 0, 1, 1, 1, 0, 0, 1, 0, 1, 1, 1, 0, 1, 0, 0, 1, 1, 1, 0, 1, 1, 1, 0, 0, 0, 1, 1, 1, 1, 0, 1, 1, 1, 0, 1, 1, 1, 0, 0, 0, 1, 0, 0, 0, 1, 1, 1, 1, 1, 0, 1, 0, 0, 1, 0, 0)"
106.67969,200,392.036518,0,"(38131, 3800, 22006, 12728, 19577, 9965, 23741, 47357, 37444, 2154, 45364, 4644, 33261, 12016, 39929, 30715, 48979, 49021, 6367, 44460, 29720, 40060, 16176, 4582, 1816, 15693, 26095, 4812, 47463, 28478, 28894, 4346, 48624, 26365, 35927, 18999, 38123, 38935, 12767, 25653, 26058, 45670, 7096, 12037, 35171, 44079, 11456, 13218, 44998, 23028, 19649, 3175, 19282, 16406, 41356, 15511, 47174, 29045, 22208, 8971, 12294, 30080, 13184, 11935, 3253, 22119, 20498, 2846, 13960, 30472, 21969, 11988, 12259, 45728, 674, 13145, 37654, 3014, 37472, 13174, 18736, 46611, 8006, 36055, 40465, 7505, 11979, 24023, 3470, 21037, 31410, 38726, 26349, 32767, 46861, 18690, 23629, 22806, 39816, 24829, 29238, 18594, 16233, 9860, 48797, 38503, 8458, 17201, 41737, 36686, 5057, 38775, 4435, 35572, 22252, 18274, 14773, 31001, 1951, 35532, 23670, 46147, 47203, 18638, 42804, 26795, 36337, 32003, 49839, 34012, 13849, 7446, 3550, 48072, 41530, 42994, 25954, 18040, 45053, 13643, 37859, 11877, 24473, 47755, 14446, 33960, 16184, 31246, 48684, 8603, 9377, 3227, 2178, 15839, 33656, 32839, 12138, 36858, 1567, 35207, 3539, 35951, 9910, 12296, 4268, 15917, 2830, 24235, 689, 12661, 4430, 39231, 11105, 7723, 32052, 32744, 1719, 6930, 41366, 40701, 22193, 23095, 30082, 25383, 49657, 33085, 10104, 18614, 36968, 18964, 26030, 27061, 22682, 21699, 24329, 21996, 34628, 1285, 9741, 24665)","(0, 1, 1, 1, 0, 1, 1, 0, 0, 1, 0, 1, 0, 1, 0, 0, 0, 1, 1, 0, 0, 0, 1, 1, 1, 1, 1, 1, 1, 1, 1, 1, 0, 1, 0, 1, 0, 1, 1, 0, 1, 0, 1, 1, 0, 0, 1, 0, 0, 0, 1, 1, 1, 0, 1, 1, 1, 0, 0, 1, 1, 0, 1, 1, 1, 0, 1, 1, 1, 0, 1, 1, 1, 1, 1, 0, 0, 1, 1, 1, 1, 0, 1, 0, 0, 1, 0, 1, 1, 0, 0, 0, 1, 0, 0, 1, 0, 0, 0, 1, 1, 0, 1, 1, 1, 0, 1, 0, 0, 0, 1, 0, 1, 0, 0, 1, 1, 1, 1, 0, 1, 0, 0, 0, 0, 1, 0, 1, 0, 0, 1, 1, 1, 1, 1, 0, 1, 1, 0, 0, 0, 1, 1, 1, 1, 1, 1, 1, 0, 1, 1, 0, 1, 1, 0, 0, 1, 0, 1, 0, 1, 0, 1, 1, 0, 1, 1, 1, 1, 1, 1, 0, 0, 0, 0, 0, 1, 1, 0, 0, 1, 0, 0, 1, 0, 1, 1, 1, 1, 1, 0, 1, 0, 1, 1, 1, 0, 1, 1, 1)"
127.703259,200,394.508554,1,"(13988, 8435, 23269, 44403, 13667, 7586, 17487, 49351, 6190, 22274, 20306, 27020, 44847, 2812, 5581, 17912, 10962, 18658, 42997, 19471, 29936, 22910, 28190, 25607, 39499, 19387, 33951, 28813, 37094, 7748, 20532, 46560, 26871, 26715, 1904, 20589, 32441, 30379, 1828, 43538, 42304, 5016, 44052, 39937, 33125, 630, 17445, 9590, 12839, 16502, 5388, 10206, 25461, 17705, 2544, 49623, 38652, 44892, 17830, 19961, 48065, 16119, 46411, 299, 32462, 19006, 44078, 29432, 16403, 25974, 17057, 45340, 21984, 41773, 33805, 38886, 22298, 3207, 21687, 22836, 1473, 20256, 40110, 10390, 7069, 23544, 883, 37871, 4319, 5159, 33814, 36737, 16470, 18402, 11792, 9689, 18926, 119, 3532, 15943, 5123, 2377, 5879, 46168, 26990, 16311, 10041, 31244, 7762, 5666, 42902, 29946, 37483, 8023, 43987, 4947, 13045, 4890, 4416, 23652, 41604, 13341, 21955, 42567, 43866, 11212, 19321, 30001, 21550, 15606, 24848, 21593, 36419, 35724, 16836, 28424, 47686, 16728, 42335, 14218, 16210, 3462, 42267, 36278, 16619, 25448, 29216, 13752, 28373, 17750, 27224, 27761, 14864, 26387, 38439, 30367, 18004, 15792, 33991, 31018, 48734, 48242, 18196, 24486, 1947, 12777, 2229, 34034, 37829, 47203, 42095, 17681, 30830, 34581, 36625, 2076, 34243, 25659, 30404, 8142, 33104, 30293, 876, 2337, 42712, 13888, 20583, 49906, 48771, 15514, 26117, 11933, 47413, 21119, 46937, 43845, 49533, 31309, 4225, 2823)","(0, 1, 0, 0, 1, 1, 1, 0, 1, 0, 1, 0, 0, 1, 1, 1, 1, 1, 0, 1, 0, 0, 0, 1, 0, 1, 1, 1, 1, 1, 1, 1, 1, 0, 1, 1, 1, 0, 1, 0, 0, 1, 0, 0, 1, 1, 0, 1, 1, 1, 1, 1, 1, 1, 1, 0, 1, 0, 0, 0, 0, 1, 1, 1, 1, 1, 0, 0, 0, 1, 1, 1, 1, 0, 0, 0, 0, 1, 1, 0, 1, 0, 1, 1, 0, 1, 1, 0, 1, 1, 1, 0, 1, 1, 1, 1, 1, 1, 1, 1, 1, 1, 1, 1, 1, 1, 1, 1, 1, 1, 0, 0, 1, 1, 0, 1, 1, 1, 1, 1, 0, 1, 1, 0, 0, 1, 1, 0, 1, 1, 0, 1, 1, 1, 1, 1, 0, 1, 0, 1, 1, 1, 1, 1, 1, 0, 1, 0, 0, 1, 1, 1, 0, 1, 0, 0, 1, 1, 0, 1, 0, 1, 0, 1, 1, 1, 1, 0, 1, 0, 0, 1, 0, 1, 0, 1, 0, 0, 0, 1, 1, 0, 1, 1, 1, 1, 0, 0, 1, 1, 1, 1, 0, 0, 0, 0, 1, 1, 1, 1)"
73.487714,200,405.299476,4,"(40014, 28426, 37751, 45214, 18465, 31437, 30408, 39693, 37826, 28945, 3400, 5437, 31135, 18189, 10025, 16354, 48938, 28958, 18239, 43323, 13374, 28624, 40660, 44532, 47514, 19480, 31252, 30171, 44103, 28462, 46927, 44421, 37287, 4165, 18024, 5764, 3648, 24259, 36438, 33063, 20438, 34382, 48703, 42954, 26188, 1641, 31354, 30256, 4780, 11955, 1256, 39404, 29761, 8573, 2904, 14476, 31604, 34249, 37645, 45400, 48789, 19410, 13523, 21216, 25861, 4211, 28425, 8309, 23747, 45988, 42048, 11528, 9508, 13474, 31836, 23022, 48326, 17335, 5137, 26558, 36396, 924, 26630, 17896, 35041, 24086, 21994, 16542, 3809, 33361, 43002, 15059, 7850, 16779, 41508, 23230, 28708, 20691, 7094, 39183, 25334, 31090, 29479, 28506, 48910, 21002, 29373, 11678, 44940, 20297, 12511, 22184, 10256, 29911, 1761, 17186, 41880, 21595, 25113, 10951, 46480, 5733, 12975, 48069, 28224, 47750, 49785, 49370, 43680, 25531, 26796, 2157, 22606, 47184, 47732, 40430, 47398, 38702, 3073, 6234, 34047, 5474, 28596, 27176, 21659, 24906, 7224, 13047, 9255, 16068, 20250, 30596, 27435, 9906, 41060, 645, 9106, 7340, 204, 40474, 40815, 8597, 43102, 14827, 23831, 35119, 19226, 39321, 41381, 39417, 20430, 16571, 13907, 35877, 46928, 591, 3921, 35521, 9393, 4785, 29733, 19012, 23545, 306, 17641, 37939, 5624, 17872, 27975, 34147, 15663, 25117, 20833, 1296, 27710, 105, 45488, 46916, 39254, 15492)","(0, 0, 0, 0, 0, 0, 0, 0, 0, 1, 0, 1, 0, 0, 1, 1, 0, 1, 0, 0, 1, 1, 0, 0, 0, 1, 1, 0, 0, 0, 1, 0, 1, 1, 1, 1, 1, 1, 1, 0, 1, 1, 0, 0, 1, 1, 1, 0, 1, 0, 1, 0, 1, 0, 1, 1, 0, 1, 1, 0, 1, 1, 1, 1, 1, 1, 0, 1, 1, 0, 0, 1, 0, 1, 0, 0, 1, 0, 1, 0, 0, 1, 0, 1, 0, 1, 1, 1, 1, 0, 0, 1, 1, 1, 1, 0, 1, 1, 1, 0, 0, 0, 1, 0, 0, 1, 1, 1, 0, 1, 1, 0, 1, 0, 1, 1, 0, 1, 1, 1, 0, 0, 1, 0, 0, 1, 0, 0, 0, 1, 1, 0, 0, 1, 0, 0, 1, 0, 1, 1, 0, 1, 0, 1, 1, 0, 1, 1, 1, 1, 1, 0, 0, 1, 1, 1, 1, 1, 0, 0, 0, 0, 1, 1, 1, 0, 1, 0, 0, 0, 0, 1, 0, 1, 0, 1, 1, 1, 1, 1, 0, 0, 1, 0, 1, 0, 0, 1, 1, 1, 1, 0, 1, 1, 1, 1, 0, 0, 0, 1)"
37.008292,200,407.754156,8,"(12247, 35075, 25556, 11838, 13092, 5976, 47397, 44585, 4915, 31825, 12831, 26232, 41227, 26693, 27292, 32363, 18879, 35939, 24687, 6046, 45059, 48720, 41020, 16682, 47072, 5050, 49251, 42501, 39887, 6199, 25279, 36458, 23647, 41583, 13129, 13679, 24547, 46605, 29758, 14899, 13726, 21886, 15034, 9016, 47429, 27541, 5890, 45677, 21335, 12374, 24515, 17561, 49321, 28196, 8473, 25540, 3927, 43978, 44822, 26093, 46181, 36562, 3117, 41279, 45960, 10279, 39693, 26017, 7953, 47919, 47690, 45551, 36905, 9634, 31364, 23348, 36912, 48439, 8274, 5141, 10370, 44239, 26022, 34024, 17067, 8783, 29040, 31834, 11323, 10766, 46049, 7712, 7487, 33849, 10659, 14811, 8839, 41385, 16605, 16413, 20727, 17382, 9112, 15315, 6498, 35649, 42461, 37962, 39791, 33965, 3912, 15078, 26360, 15537, 4306, 46858, 16859, 21872, 18077, 9992, 13432, 18680, 49959, 33573, 28463, 32162, 36471, 30938, 11418, 44166, 9966, 11302, 21263, 21295, 47356, 11582, 8077, 36548, 30883, 19544, 41654, 19039, 46544, 46513, 40530, 707, 21877, 18243, 41549, 24254, 36397, 38408, 40791, 34976, 23646, 42361, 4848, 22675, 5008, 40837, 29730, 40894, 1198, 10006, 32511, 37038, 40541, 19174, 23958, 3398, 21185, 20998, 46967, 35091, 37551, 5815, 20567, 1790, 821, 4776, 27701, 35460, 4295, 44904, 7037, 17097, 18127, 44448, 19469, 18334, 35693, 43212, 45316, 23842, 19599, 4373, 3348, 41697, 9846, 30260)","(0, 0, 0, 1, 1, 1, 0, 0, 1, 0, 1, 1, 0, 0, 1, 0, 0, 0, 0, 1, 0, 0, 0, 1, 0, 1, 0, 0, 0, 1, 0, 0, 1, 0, 1, 0, 1, 0, 0, 0, 0, 1, 1, 1, 0, 0, 1, 0, 1, 1, 0, 0, 0, 0, 1, 0, 1, 0, 0, 1, 0, 0, 1, 0, 0, 1, 0, 0, 1, 0, 0, 0, 0, 1, 1, 1, 0, 0, 1, 1, 1, 0, 0, 0, 1, 1, 1, 0, 1, 1, 0, 1, 1, 0, 1, 1, 1, 0, 1, 0, 0, 0, 1, 1, 1, 0, 0, 0, 0, 0, 1, 1, 0, 1, 1, 0, 1, 1, 0, 1, 0, 0, 0, 0, 0, 0, 0, 0, 1, 0, 1, 1, 1, 1, 0, 1, 1, 0, 0, 1, 0, 1, 0, 0, 0, 1, 1, 0, 0, 0, 0, 0, 0, 0, 1, 0, 1, 0, 1, 0, 0, 0, 1, 1, 0, 0, 0, 1, 1, 1, 1, 1, 0, 0, 0, 1, 1, 1, 1, 1, 0, 0, 1, 0, 1, 1, 0, 0, 1, 0, 0, 0, 0, 1, 1, 1, 1, 0, 1, 0)"
71.615247,200,410.379466,3,"(27163, 12036, 20484, 19065, 39828, 9019, 39267, 9036, 28467, 1916, 19790, 25724, 22981, 4476, 174, 46708, 26637, 61, 16864, 31462, 28717, 40318, 21418, 48740, 32215, 9927, 7083, 5060, 15773, 13439, 47227, 29623, 49904, 26013, 36059, 18027, 35906, 20200, 17578, 21462, 32010, 1160, 2316, 49063, 9862, 24178, 36712, 25287, 23062, 25116, 24742, 4690, 35610, 16963, 15468, 24453, 42905, 39271, 5771, 973, 26894, 13813, 13174, 31703, 13445, 25465, 28513, 41421, 27081, 22081, 27309, 32479, 28367, 43033, 38894, 31114, 37, 7710, 12835, 16816, 14700, 14107, 39957, 23432, 4532, 43474, 34165, 14126, 22405, 6263, 43897, 39649, 25249, 19829, 3816, 18037, 36851, 32478, 11687, 47549, 49829, 47360, 18695, 31056, 43541, 21840, 27779, 31516, 40450, 41433, 5414, 4172, 34069, 40278, 45636, 44757, 47797, 49212, 22504, 32968, 45888, 2158, 29461, 40978, 2894, 19486, 34581, 12339, 8409, 40883, 30396, 32777, 10824, 26142, 46256, 47963, 48424, 27875, 25379, 13390, 21834, 47222, 23753, 41772, 48102, 19432, 9369, 15597, 5386, 4122, 23695, 44607, 25049, 24386, 45999, 19251, 16322, 25723, 44648, 13524, 5064, 5106, 4735, 35362, 43072, 10068, 13223, 46854, 45784, 45536, 10532, 24986, 48486, 1839, 23809, 36895, 1401, 45715, 35965, 36735, 45276, 30410, 49098, 44103, 30017, 26337, 23328, 13023, 36412, 4884, 35332, 48954, 22560, 5408, 49016, 38238, 3508, 20939, 31746, 515)","(0, 1, 0, 1, 0, 1, 0, 1, 0, 1, 1, 0, 0, 1, 0, 0, 1, 1, 0, 0, 1, 0, 1, 1, 0, 1, 1, 1, 1, 1, 0, 1, 1, 1, 1, 0, 1, 1, 0, 1, 0, 0, 1, 0, 1, 1, 0, 1, 0, 1, 1, 1, 0, 1, 1, 1, 0, 1, 1, 1, 1, 1, 1, 1, 1, 1, 1, 1, 0, 1, 1, 0, 0, 0, 0, 1, 1, 1, 1, 1, 1, 1, 0, 1, 1, 0, 0, 1, 0, 0, 0, 1, 1, 1, 1, 0, 0, 0, 1, 0, 1, 0, 1, 1, 0, 1, 1, 0, 0, 0, 1, 1, 0, 0, 0, 0, 1, 0, 0, 0, 0, 1, 0, 0, 1, 1, 1, 1, 1, 1, 0, 0, 0, 1, 0, 0, 0, 1, 1, 1, 1, 0, 1, 1, 0, 0, 1, 0, 1, 1, 0, 0, 1, 1, 0, 1, 1, 1, 0, 1, 1, 1, 1, 0, 0, 1, 1, 0, 0, 0, 0, 1, 0, 1, 1, 1, 1, 0, 0, 1, 0, 0, 1, 0, 0, 1, 1, 0, 0, 1, 0, 0, 0, 1, 0, 0, 1, 1, 1, 1)"
65.233609,200,413.602898,7,"(836, 33894, 16832, 6030, 4542, 36435, 18142, 3930, 27663, 21713, 32117, 28241, 4035, 19314, 33169, 16133, 47553, 17, 40541, 39901, 44880, 32327, 131, 12931, 29374, 42949, 37626, 31124, 38032, 3863, 14115, 35392, 17038, 47226, 5923, 19579, 41109, 25949, 40453, 46172, 22789, 41483, 20963, 26417, 3950, 33123, 41822, 24139, 16470, 6157, 18684, 27338, 17210, 8304, 13722, 38666, 44297, 34450, 33698, 9611, 48358, 4792, 10996, 17189, 20090, 2749, 38317, 49627, 20317, 11482, 1378, 16280, 27802, 30850, 7617, 48988, 36240, 48438, 37527, 47193, 22034, 15739, 23660, 27489, 46661, 21884, 30847, 18477, 27457, 5574, 23077, 22872, 9604, 21340, 8177, 27838, 18178, 25150, 14989, 24286, 39007, 20845, 45080, 17207, 15725, 38130, 8241, 29476, 29819, 21444, 47275, 24213, 11808, 15161, 47571, 26723, 48169, 26373, 47529, 11775, 13110, 36139, 7568, 36158, 37556, 18066, 3807, 4447, 21810, 35623, 3770, 25742, 12917, 2624, 27367, 294, 41010, 41525, 13565, 15837, 26874, 16344, 30322, 28683, 37631, 11691, 29006, 25205, 3898, 43098, 12085, 29618, 28430, 13005, 29713, 885, 20560, 28007, 2329, 37029, 37455, 17408, 5895, 4933, 31870, 23727, 2245, 24676, 44352, 35392, 40817, 42335, 29259, 45158, 44215, 8345, 9892, 17271, 2284, 13643, 22938, 17014, 9993, 32465, 33968, 37768, 25923, 49037, 14395, 16575, 44990, 36714, 5464, 15081, 17321, 10017, 22493, 10954, 5160, 6879)","(1, 0, 1, 1, 1, 0, 0, 1, 0, 1, 0, 0, 1, 1, 0, 1, 0, 1, 0, 0, 0, 0, 1, 1, 0, 0, 0, 0, 1, 1, 1, 0, 1, 0, 1, 1, 0, 1, 0, 0, 0, 0, 0, 0, 1, 0, 0, 0, 1, 1, 0, 0, 1, 1, 0, 0, 0, 0, 0, 1, 0, 1, 1, 1, 1, 1, 0, 0, 1, 1, 1, 1, 0, 0, 1, 0, 0, 0, 1, 0, 1, 1, 1, 0, 0, 0, 0, 1, 0, 1, 0, 0, 1, 1, 1, 1, 0, 1, 1, 1, 0, 1, 0, 1, 0, 0, 1, 0, 0, 1, 0, 1, 1, 1, 0, 0, 0, 0, 0, 1, 1, 0, 1, 0, 1, 1, 1, 1, 1, 1, 1, 0, 1, 1, 1, 1, 0, 0, 1, 1, 1, 1, 0, 1, 0, 0, 1, 0, 0, 0, 1, 0, 0, 1, 1, 1, 1, 1, 1, 1, 0, 1, 1, 1, 0, 1, 1, 1, 0, 0, 0, 0, 0, 0, 0, 1, 1, 0, 1, 0, 0, 1, 1, 0, 0, 0, 1, 1, 1, 1, 0, 0, 1, 1, 0, 1, 0, 1, 0, 1)"
117.15494,200,416.157154,2,"(23537, 42844, 2687, 38931, 32678, 1907, 15347, 29522, 48701, 16375, 35087, 18371, 956, 32575, 38666, 9802, 13340, 46795, 11178, 13462, 15627, 5124, 23378, 34971, 39017, 22961, 21795, 15415, 45267, 5891, 10970, 8798, 5130, 45245, 36990, 35831, 32833, 34117, 46653, 32119, 34781, 42473, 16520, 41628, 4624, 46367, 41350, 14013, 4647, 36453, 21612, 3479, 38092, 48661, 13376, 8548, 28606, 10356, 41499, 21955, 45351, 33952, 21922, 14227, 38756, 32437, 38475, 29260, 34994, 25633, 44490, 12995, 34519, 4472, 28682, 16640, 27971, 25477, 46553, 6767, 1129, 49141, 12133, 11131, 2460, 40866, 44274, 3411, 20890, 22479, 15203, 41253, 61, 24159, 11633, 41612, 8027, 47173, 37943, 32669, 191, 11335, 1155, 15767, 15090, 49528, 41772, 26625, 29871, 48079, 27314, 40258, 43847, 44489, 9597, 36368, 49661, 38123, 26006, 29893, 11296, 15908, 34055, 43774, 24522, 31672, 3047, 12792, 41318, 38601, 44413, 16888, 31584, 10485, 329, 1849, 35345, 19047, 19570, 19887, 28587, 317, 44213, 43431, 23827, 24883, 28038, 29186, 12936, 9649, 30163, 2502, 43213, 42382, 21573, 44097, 7604, 24609, 40057, 9033, 5813, 34960, 34860, 26767, 31850, 46380, 28814, 17777, 35746, 20151, 39192, 9519, 26020, 26376, 43396, 31107, 23864, 24033, 10166, 39413, 21633, 49186, 35270, 19542, 49723, 37869, 2915, 43092, 22204, 44126, 20190, 37651, 17409, 17552, 27136, 9442, 6025, 45085, 10002, 26608)","(0, 0, 1, 1, 1, 1, 1, 0, 0, 1, 0, 1, 1, 1, 0, 1, 1, 0, 1, 1, 1, 1, 0, 0, 1, 0, 1, 0, 1, 1, 1, 1, 1, 0, 1, 1, 0, 0, 1, 1, 0, 0, 0, 1, 1, 0, 1, 1, 1, 1, 1, 1, 0, 1, 1, 1, 1, 1, 0, 1, 0, 1, 1, 1, 1, 0, 0, 1, 1, 1, 0, 0, 0, 1, 1, 1, 1, 1, 1, 1, 1, 0, 1, 1, 0, 1, 0, 1, 1, 0, 1, 0, 1, 1, 1, 0, 1, 0, 1, 1, 1, 1, 1, 1, 1, 1, 1, 1, 0, 0, 1, 0, 0, 0, 1, 1, 0, 0, 0, 0, 1, 0, 1, 0, 1, 0, 1, 1, 0, 0, 0, 1, 0, 1, 1, 1, 1, 1, 1, 0, 0, 1, 0, 0, 1, 1, 1, 1, 1, 1, 0, 1, 0, 0, 1, 0, 1, 1, 0, 1, 1, 0, 1, 0, 1, 1, 1, 1, 1, 1, 1, 1, 1, 0, 0, 1, 1, 1, 1, 0, 1, 1, 1, 1, 0, 1, 1, 0, 1, 0, 1, 1, 1, 0, 0, 1, 1, 0, 1, 1)"
82.935236,200,418.659129,4,"(44624, 13422, 15803, 23717, 27242, 835, 3972, 46271, 12147, 42141, 6394, 7136, 23986, 24483, 2615, 13760, 37652, 48104, 44825, 47971, 18312, 48037, 44388, 5979, 38333, 27261, 22163, 34918, 24939, 17909, 41763, 8701, 3554, 3025, 49361, 45350, 21389, 29780, 47553, 46395, 20538, 30136, 7504, 5358, 32531, 46479, 43880, 3717, 41652, 43942, 452, 22390, 19039, 38272, 13596, 19665, 26690, 3205, 28417, 17992, 41755, 11597, 9853, 18153, 42891, 23123, 10196, 25922, 5817, 19636, 38664, 19040, 19869, 49735, 47200, 39188, 32598, 38906, 6183, 18552, 25529, 4804, 9062, 28367, 16565, 46280, 27665, 47770, 47444, 9576, 41656, 47748, 40370, 11971, 3022, 41742, 8119, 27137, 27876, 40363, 2, 18631, 21581, 37842, 22563, 35944, 8502, 3375, 40073, 3818, 4017, 28647, 30999, 30940, 22247, 17286, 41549, 29648, 25863, 49111, 32980, 14530, 4709, 16174, 46895, 3855, 30807, 17184, 4871, 27960, 10208, 33742, 2482, 16328, 25019, 38098, 43545, 3876, 18780, 20747, 27081, 6632, 32008, 32634, 6638, 46700, 23392, 44537, 46685, 44385, 34800, 4883, 24599, 17948, 48525, 15914, 48723, 22281, 16834, 4311, 18617, 47324, 49512, 42473, 15955, 23631, 42582, 1901, 2906, 6451, 36368, 22106, 11130, 18875, 40119, 3803, 45665, 16203, 37519, 17969, 36860, 13989, 35414, 14961, 12224, 15128, 8332, 35222, 6738, 36040, 16417, 894, 25621, 25018, 43499, 41227, 21857, 16072, 20144, 6269)","(0, 1, 1, 1, 0, 0, 1, 1, 1, 0, 1, 1, 1, 1, 1, 0, 0, 0, 0, 0, 1, 1, 0, 1, 1, 1, 1, 1, 1, 1, 0, 0, 1, 1, 0, 0, 0, 0, 1, 0, 0, 1, 1, 1, 0, 1, 0, 1, 1, 0, 1, 0, 1, 0, 0, 1, 1, 1, 0, 0, 0, 1, 1, 1, 0, 0, 1, 1, 1, 1, 1, 1, 0, 1, 0, 0, 0, 0, 1, 0, 1, 1, 1, 0, 0, 0, 0, 1, 0, 1, 1, 0, 1, 1, 0, 1, 1, 1, 1, 0, 1, 0, 0, 1, 0, 1, 1, 1, 0, 1, 1, 1, 1, 0, 0, 1, 0, 1, 0, 1, 0, 1, 0, 0, 0, 1, 0, 1, 1, 1, 1, 0, 1, 1, 1, 0, 0, 1, 0, 1, 0, 1, 0, 0, 1, 0, 1, 0, 0, 0, 0, 1, 1, 1, 0, 0, 0, 0, 0, 1, 1, 0, 1, 0, 1, 0, 0, 1, 1, 1, 1, 1, 0, 1, 0, 1, 0, 1, 1, 1, 1, 1, 0, 0, 1, 1, 1, 1, 0, 1, 0, 0, 1, 1, 0, 0, 1, 1, 1, 1)"
89.382386,200,421.287797,1,"(2649, 1404, 6002, 25799, 38550, 13749, 41719, 49774, 36066, 4781, 29157, 15627, 42520, 40654, 25570, 7127, 42938, 46300, 30768, 47956, 40842, 38191, 43446, 46218, 41371, 15932, 42781, 11526, 43763, 16994, 41928, 37216, 15775, 11446, 23984, 45064, 37588, 6761, 48171, 42518, 35193, 32372, 31687, 5389, 35627, 44987, 39323, 40097, 20918, 26993, 2306, 44984, 20151, 24856, 47494, 24137, 1818, 29476, 11606, 17758, 33136, 3784, 37929, 43706, 1078, 11485, 32846, 41175, 37886, 28389, 7772, 38821, 3660, 12903, 32944, 44613, 32219, 44752, 21823, 10819, 7977, 12909, 15369, 4737, 28507, 42489, 22873, 29363, 23068, 10716, 38256, 25307, 43232, 32523, 34090, 16068, 22752, 29672, 5255, 9675, 18101, 34420, 25676, 47906, 33262, 19403, 42860, 43221, 9559, 42953, 14299, 13715, 40275, 13886, 38257, 22418, 6870, 33133, 48453, 26355, 15997, 25008, 6689, 5479, 38694, 40594, 40786, 17684, 8000, 17643, 18591, 16287, 41729, 29609, 28791, 13012, 4196, 43236, 49424, 41184, 8092, 46359, 13209, 7848, 22413, 28982, 12136, 22141, 17774, 24045, 31143, 33255, 36487, 20587, 5948, 22582, 25991, 38734, 48152, 24144, 21307, 16044, 46253, 16547, 35426, 42318, 36163, 12070, 18301, 29410, 40032, 21397, 28197, 12189, 21615, 37711, 28781, 43577, 30066, 3419, 17355, 11856, 24234, 22808, 28311, 13547, 37962, 17024, 30135, 46443, 37587, 4302, 6139, 12138, 17495, 28832, 44399, 27181, 18125, 4000)","(1, 0, 1, 0, 0, 0, 1, 0, 1, 1, 1, 1, 0, 0, 0, 1, 0, 0, 0, 0, 0, 0, 0, 0, 0, 1, 0, 1, 0, 1, 1, 0, 1, 1, 1, 0, 1, 1, 0, 0, 0, 0, 0, 1, 0, 0, 1, 0, 0, 1, 1, 0, 1, 1, 0, 0, 1, 0, 1, 0, 1, 1, 0, 0, 1, 1, 0, 0, 1, 0, 1, 0, 1, 1, 0, 0, 1, 0, 0, 1, 0, 1, 1, 1, 1, 0, 0, 1, 0, 1, 1, 1, 0, 1, 1, 1, 0, 1, 1, 0, 0, 0, 1, 1, 0, 1, 1, 0, 1, 0, 1, 0, 1, 1, 1, 0, 1, 0, 0, 1, 1, 1, 1, 1, 0, 0, 1, 1, 1, 1, 1, 1, 1, 1, 1, 1, 1, 0, 1, 0, 1, 0, 1, 1, 0, 1, 1, 0, 1, 0, 1, 1, 1, 0, 1, 0, 1, 0, 0, 0, 1, 1, 1, 0, 1, 1, 1, 0, 1, 0, 1, 1, 0, 1, 1, 1, 0, 0, 0, 1, 1, 1, 1, 0, 0, 1, 0, 1, 0, 0, 1, 1, 1, 1, 1, 1, 0, 1, 1, 1)"
109.333217,200,423.699134,1,"(10374, 11303, 25096, 14505, 45026, 15975, 5057, 44455, 39666, 1553, 1983, 36063, 30184, 31566, 10401, 41788, 34068, 21910, 42888, 32659, 10940, 9291, 13764, 6, 20816, 28617, 40763, 24513, 1654, 12152, 21173, 13383, 22987, 13721, 36967, 24405, 16990, 198, 19548, 31177, 869, 36480, 40419, 25814, 12051, 17096, 19960, 39301, 25336, 34534, 30835, 16963, 38476, 14629, 30583, 13193, 42304, 33888, 18849, 23167, 14790, 23533, 2499, 24336, 40540, 44916, 34085, 37286, 32384, 8174, 3787, 33920, 1548, 32784, 1744, 1524, 2845, 46531, 25446, 1689, 28943, 44643, 27658, 28283, 25320, 12822, 41704, 45593, 11366, 14574, 30598, 19967, 43252, 21605, 45124, 7611, 9287, 16690, 22281, 3127, 9529, 1413, 23053, 4599, 25435, 24988, 1012, 9908, 14083, 24994, 40341, 4090, 23264, 29173, 7425, 30590, 14680, 16176, 32885, 11894, 44144, 35271, 30787, 27433, 2257, 23469, 38122, 9803, 29292, 10731, 25487, 32570, 3872, 3405, 822, 43011, 25802, 33754, 2213, 44714, 1545, 48504, 3986, 22706, 30126, 11667, 4674, 46511, 30566, 41918, 44056, 12944, 8734, 33493, 13992, 34475, 35657, 24202, 43942, 37491, 4012, 6365, 13878, 14095, 31320, 11327, 12748, 36840, 32404, 17669, 3167, 44360, 49143, 30093, 15011, 22636, 4446, 3304, 13678, 8771, 14732, 38977, 15223, 39297, 42400, 41095, 10534, 32, 13870, 26459, 4942, 37021, 38958, 44179, 35219, 19541, 8126, 15861, 37581, 22919)","(1, 1, 0, 1, 0, 1, 1, 0, 0, 1, 1, 0, 0, 0, 1, 1, 0, 1, 0, 0, 1, 1, 0, 1, 0, 1, 0, 1, 0, 1, 1, 1, 0, 0, 1, 0, 1, 1, 1, 1, 1, 1, 1, 0, 1, 1, 1, 0, 1, 0, 0, 1, 0, 1, 0, 1, 0, 1, 1, 0, 1, 1, 1, 1, 1, 0, 0, 0, 0, 1, 1, 0, 0, 0, 1, 1, 1, 1, 1, 1, 1, 1, 1, 0, 1, 1, 0, 0, 1, 0, 0, 1, 0, 1, 0, 1, 1, 1, 0, 1, 1, 0, 0, 1, 1, 1, 1, 1, 1, 1, 0, 1, 0, 0, 1, 0, 0, 1, 0, 1, 0, 1, 0, 1, 1, 1, 0, 1, 1, 1, 1, 1, 1, 1, 0, 0, 0, 0, 1, 0, 1, 1, 1, 0, 1, 1, 1, 1, 0, 1, 0, 1, 1, 0, 1, 1, 1, 0, 0, 1, 1, 0, 1, 1, 1, 1, 1, 1, 0, 1, 1, 0, 0, 0, 1, 0, 1, 1, 1, 1, 1, 1, 1, 0, 0, 1, 1, 1, 0, 0, 1, 1, 1, 0, 0, 1, 1, 1, 1, 0)"
79.420799,200,426.113523,6,"(48409, 27757, 10374, 44573, 44317, 30604, 47738, 35038, 20029, 22495, 31720, 19216, 42067, 47132, 35967, 4730, 21756, 29263, 44667, 45227, 23733, 4669, 39253, 22013, 12770, 39855, 16586, 11388, 23008, 26197, 7935, 47087, 19998, 37707, 4384, 5280, 17565, 48535, 31829, 19173, 3121, 1561, 25160, 28240, 43864, 46872, 42668, 12231, 13670, 42532, 30731, 21169, 23138, 1156, 22038, 25347, 35337, 42998, 20564, 16518, 18507, 31563, 39398, 9108, 18019, 33090, 36834, 42756, 20012, 19436, 20079, 39101, 5671, 29824, 31340, 2268, 27280, 13225, 16592, 46452, 33828, 40177, 49954, 18263, 26894, 35965, 28145, 46062, 40551, 767, 5386, 48405, 21496, 8286, 41220, 3251, 19822, 25107, 37797, 20187, 31970, 26926, 10116, 26321, 10530, 28564, 21351, 2921, 29784, 34438, 19301, 2603, 5177, 18, 19855, 14942, 42289, 107, 6454, 33370, 42886, 2900, 2415, 40938, 13878, 28502, 20399, 21019, 41785, 11451, 1387, 10301, 29974, 8505, 36360, 42002, 7257, 49492, 9017, 30319, 15168, 5827, 26832, 30888, 47932, 47907, 26667, 12421, 1821, 37205, 13521, 15586, 2882, 1473, 44250, 43548, 6975, 22191, 49081, 25564, 253, 25820, 32389, 11461, 32907, 35424, 11481, 38275, 19113, 22107, 47051, 43855, 39590, 26171, 23761, 41782, 26863, 30792, 41844, 9462, 17327, 37143, 26025, 21764, 38753, 44825, 41757, 3817, 1842, 9819, 26090, 25163, 3287, 30641, 18556, 13269, 5143, 33882, 4966, 46281)","(1, 0, 1, 0, 0, 0, 0, 0, 1, 0, 1, 1, 0, 0, 1, 0, 1, 1, 0, 0, 1, 1, 0, 1, 1, 0, 1, 1, 0, 1, 1, 0, 1, 0, 1, 1, 0, 0, 1, 1, 1, 1, 0, 0, 0, 0, 0, 1, 1, 0, 0, 1, 0, 1, 0, 1, 1, 0, 1, 1, 1, 0, 1, 1, 1, 0, 0, 0, 1, 1, 1, 0, 1, 0, 1, 1, 1, 0, 1, 1, 0, 0, 0, 0, 1, 0, 0, 0, 1, 1, 1, 1, 0, 1, 1, 1, 1, 1, 1, 1, 1, 0, 1, 1, 0, 1, 1, 1, 0, 0, 1, 1, 1, 1, 1, 0, 0, 1, 1, 0, 1, 1, 1, 1, 1, 0, 0, 0, 0, 1, 1, 1, 0, 1, 0, 1, 1, 1, 1, 0, 1, 1, 0, 0, 0, 0, 1, 1, 1, 0, 0, 1, 1, 1, 0, 0, 1, 0, 1, 1, 1, 0, 1, 1, 0, 1, 1, 0, 1, 0, 0, 0, 0, 0, 1, 0, 1, 0, 1, 1, 1, 0, 0, 1, 1, 0, 1, 1, 1, 1, 1, 0, 1, 0, 0, 1, 1, 0, 1, 1)"
89.294212,200,428.607482,4,"(31856, 34758, 7566, 22033, 33571, 13769, 19682, 1048, 32612, 15588, 14617, 29288, 42158, 47784, 49266, 29697, 8220, 1715, 2378, 42804, 28488, 45543, 38598, 29922, 44440, 32698, 13194, 11201, 28781, 20482, 2624, 12728, 26695, 30572, 19308, 36828, 2107, 14872, 20067, 40195, 41728, 38066, 7130, 17090, 40037, 2465, 18802, 6661, 16264, 12752, 29582, 9300, 12663, 47745, 29579, 23051, 42033, 10684, 3099, 14188, 15146, 1200, 1616, 25901, 24640, 42154, 44588, 7196, 10080, 19713, 17417, 19414, 12384, 20333, 11052, 34962, 46185, 43705, 40120, 41690, 32831, 27123, 35723, 931, 36594, 24944, 43245, 28111, 41789, 37107, 40138, 8667, 23551, 4625, 42785, 21426, 32665, 43, 5912, 34484, 10769, 36710, 30504, 41338, 9131, 49385, 31099, 31268, 1432, 34536, 8449, 4709, 44225, 43960, 5541, 26806, 41122, 3798, 3116, 27799, 6847, 31323, 37817, 10243, 30119, 20344, 47334, 43765, 1416, 26601, 42799, 36802, 22303, 40066, 14500, 13451, 803, 45153, 15935, 30848, 40720, 45070, 36477, 8274, 17115, 49494, 25272, 36175, 1615, 17410, 11903, 46259, 33368, 17776, 8074, 29441, 32725, 11194, 21069, 37516, 8027, 11005, 2499, 26635, 21664, 30842, 3245, 35307, 43932, 11405, 20740, 15561, 6128, 42420, 4519, 7157, 45572, 47995, 22241, 23034, 36588, 48618, 1128, 16551, 1251, 44174, 21792, 27247, 6682, 14773, 33872, 14705, 36043, 5371, 986, 46583, 38636, 19842, 47844, 34669)","(0, 0, 1, 0, 1, 0, 1, 1, 0, 1, 1, 1, 0, 0, 0, 1, 1, 1, 1, 0, 1, 0, 0, 0, 0, 0, 1, 1, 0, 0, 1, 1, 1, 0, 1, 0, 1, 0, 0, 0, 1, 0, 0, 1, 0, 1, 1, 1, 1, 1, 1, 1, 0, 1, 0, 0, 1, 1, 1, 1, 1, 1, 1, 1, 1, 0, 0, 1, 1, 1, 0, 1, 1, 1, 1, 0, 0, 0, 0, 1, 0, 1, 1, 1, 0, 1, 0, 1, 0, 1, 0, 1, 0, 1, 0, 0, 0, 1, 1, 1, 1, 0, 0, 0, 1, 0, 0, 1, 1, 0, 1, 0, 0, 0, 1, 0, 0, 1, 1, 1, 1, 0, 0, 1, 1, 1, 1, 0, 1, 1, 1, 1, 0, 1, 0, 1, 1, 0, 1, 0, 0, 0, 1, 1, 0, 1, 1, 1, 1, 0, 1, 0, 0, 1, 1, 0, 0, 1, 1, 1, 1, 1, 1, 0, 0, 0, 1, 0, 0, 1, 1, 1, 1, 0, 1, 1, 0, 1, 0, 0, 0, 1, 1, 1, 1, 0, 1, 1, 1, 1, 0, 1, 1, 1, 1, 0, 1, 1, 1, 1)"
92.648537,200,442.034663,6,"(3689, 38138, 12691, 12058, 18466, 33497, 48682, 20082, 35617, 91, 35042, 44906, 21439, 36038, 48983, 12104, 13097, 41836, 37058, 14063, 29243, 11795, 31063, 43178, 30120, 21744, 39728, 2233, 49629, 2414, 11157, 287, 43386, 17974, 34000, 41199, 15185, 26600, 23841, 11044, 40290, 4144, 46253, 33394, 35602, 17614, 28808, 25044, 14307, 7515, 13032, 26591, 11182, 3970, 39207, 41460, 36785, 10795, 39190, 44303, 46706, 3292, 14252, 39921, 28322, 45271, 30286, 17606, 35334, 984, 6388, 9953, 46727, 27177, 27490, 10099, 16579, 10311, 40945, 11714, 31901, 6280, 12368, 18289, 22861, 827, 16221, 20272, 7015, 25124, 3594, 6329, 40710, 38010, 13877, 28401, 22902, 24758, 16104, 20176, 43021, 17639, 13830, 46682, 14515, 9258, 42644, 31167, 32851, 14184, 14130, 12299, 48808, 25813, 36958, 20503, 13907, 3354, 30421, 44409, 48322, 33357, 36212, 6643, 29854, 2565, 8043, 8734, 42488, 33635, 11664, 17507, 49711, 34721, 28367, 25705, 29403, 31052, 13374, 41026, 15332, 3331, 21827, 11299, 15726, 23731, 10851, 27024, 14606, 38530, 37779, 14616, 20857, 45032, 44635, 16941, 39887, 25085, 34063, 43555, 27370, 6192, 39171, 25774, 45265, 23960, 26996, 30155, 26878, 17571, 4681, 25099, 45699, 21193, 40513, 48581, 44971, 45601, 29165, 6646, 10076, 4811, 21096, 45823, 28548, 2912, 45632, 21434, 22235, 8750, 21858, 11247, 27304, 3214, 16713, 200, 26148, 33014, 24609, 40131)","(1, 0, 1, 0, 1, 0, 0, 1, 0, 1, 1, 0, 1, 1, 1, 1, 1, 1, 0, 1, 1, 1, 0, 0, 1, 1, 0, 1, 0, 1, 1, 1, 0, 1, 0, 0, 1, 1, 1, 1, 0, 1, 1, 0, 1, 1, 0, 1, 1, 1, 1, 1, 1, 1, 0, 1, 0, 1, 0, 0, 1, 1, 1, 1, 0, 0, 0, 1, 0, 1, 1, 1, 0, 1, 0, 1, 0, 1, 1, 1, 0, 1, 0, 1, 0, 0, 1, 1, 1, 1, 1, 1, 0, 0, 1, 0, 0, 0, 1, 1, 0, 1, 1, 0, 1, 1, 0, 1, 0, 1, 1, 0, 0, 0, 1, 0, 0, 1, 0, 0, 0, 0, 1, 1, 0, 1, 1, 1, 0, 1, 0, 0, 1, 0, 0, 1, 1, 0, 1, 0, 1, 1, 1, 0, 1, 1, 1, 1, 1, 0, 1, 1, 1, 0, 0, 1, 0, 1, 0, 0, 1, 1, 0, 0, 0, 1, 1, 0, 1, 1, 1, 1, 0, 1, 0, 0, 0, 0, 1, 1, 1, 1, 0, 0, 0, 1, 0, 1, 0, 1, 1, 1, 1, 1, 1, 1, 1, 0, 1, 0)"
113.66876,200,444.574546,5,"(915, 25135, 8950, 561, 25460, 39414, 43434, 4500, 33862, 30478, 7765, 16359, 30540, 26972, 37981, 28961, 19490, 27985, 29053, 24003, 33354, 36508, 23961, 3716, 46984, 29987, 7786, 16403, 19645, 3280, 18472, 40619, 7138, 11829, 36878, 25953, 40571, 3704, 8289, 33906, 213, 674, 4492, 14186, 48666, 3731, 32154, 41703, 12278, 40223, 14374, 41009, 25871, 42115, 5983, 3247, 20954, 24556, 8759, 41080, 21356, 850, 44605, 38272, 16301, 25925, 5844, 5894, 35424, 38711, 5293, 12043, 3878, 24320, 44394, 43304, 38762, 16476, 9395, 14503, 34790, 40983, 41402, 6612, 5133, 10023, 18283, 34412, 34587, 39792, 45735, 37115, 40897, 44872, 35991, 17327, 17683, 2219, 33177, 48811, 22982, 49145, 46808, 2612, 6112, 31650, 43932, 1852, 31493, 34148, 5857, 46355, 41175, 28967, 26968, 12274, 18949, 37961, 7786, 27157, 42963, 29951, 11582, 11114, 37175, 37855, 15094, 33135, 37175, 38432, 17369, 29399, 18578, 163, 32213, 36430, 38771, 27209, 7795, 36234, 890, 26132, 18278, 37971, 34120, 37104, 25470, 45179, 26003, 8107, 2598, 34292, 8925, 5616, 15922, 7894, 43453, 5008, 49371, 28162, 35329, 10640, 27637, 7104, 34545, 48358, 32320, 30571, 29020, 16999, 36281, 17681, 37117, 7729, 19627, 21222, 10010, 3089, 2706, 12072, 43339, 17815, 42261, 32296, 25698, 13247, 22061, 43597, 49544, 19714, 27356, 10463, 14668, 2976, 48438, 5655, 6527, 19088, 19413, 24474)","(1, 1, 0, 1, 1, 0, 0, 1, 1, 0, 1, 0, 0, 1, 0, 1, 1, 1, 1, 1, 0, 1, 1, 1, 0, 0, 1, 0, 1, 1, 1, 0, 1, 1, 1, 1, 0, 1, 1, 0, 1, 1, 1, 1, 1, 1, 1, 1, 1, 0, 1, 0, 1, 1, 0, 0, 0, 1, 1, 0, 1, 0, 0, 0, 1, 0, 1, 1, 1, 0, 1, 1, 1, 1, 0, 0, 1, 0, 1, 0, 0, 0, 1, 1, 1, 1, 1, 0, 0, 1, 0, 1, 0, 0, 1, 1, 1, 0, 0, 1, 0, 0, 1, 1, 1, 1, 0, 1, 0, 0, 1, 1, 0, 1, 1, 0, 1, 0, 0, 1, 0, 0, 1, 0, 0, 1, 1, 1, 0, 0, 0, 1, 1, 1, 1, 0, 0, 0, 1, 0, 1, 1, 1, 1, 1, 1, 1, 1, 0, 1, 1, 1, 1, 1, 1, 1, 0, 1, 1, 1, 0, 1, 1, 1, 0, 0, 0, 0, 1, 1, 0, 1, 1, 1, 1, 1, 1, 1, 1, 1, 0, 1, 0, 0, 0, 1, 1, 0, 0, 1, 0, 0, 0, 1, 0, 1, 1, 1, 0, 1)"
87.708845,200,447.119804,4,"(40362, 12788, 14103, 1389, 20063, 20688, 13789, 34963, 36837, 33588, 5061, 22310, 49619, 40088, 26505, 36160, 13754, 37971, 28667, 45526, 33117, 29920, 10929, 35890, 37957, 38229, 40790, 3509, 48440, 22613, 17272, 11604, 42399, 37376, 11546, 44846, 246, 29579, 17109, 19022, 16043, 4625, 24112, 3553, 44964, 3855, 33689, 38447, 4170, 32914, 5327, 11697, 1123, 11840, 45776, 33930, 32851, 33530, 33474, 43402, 22307, 28648, 10590, 36157, 49442, 21935, 44400, 19394, 10929, 1397, 38382, 6951, 24310, 35517, 151, 34604, 4783, 21936, 40056, 13956, 24782, 18175, 13525, 46948, 46702, 47715, 39187, 49846, 13828, 295, 28422, 27370, 23259, 24580, 33667, 5599, 44512, 37442, 21358, 9641, 8900, 1585, 45295, 41620, 48529, 12589, 1560, 33825, 27588, 4832, 20571, 40403, 46968, 11648, 20249, 31633, 13134, 8940, 425, 13952, 38999, 23334, 43585, 35790, 38117, 5488, 46737, 21021, 11657, 39951, 31392, 31031, 8667, 35178, 43232, 37719, 36137, 37283, 22435, 12416, 7629, 8100, 48833, 20405, 6107, 45071, 38672, 3657, 48520, 914, 19857, 25744, 49525, 24842, 44702, 31275, 42588, 40136, 17702, 44096, 38745, 43229, 24796, 19694, 16394, 1286, 19176, 29283, 39904, 29658, 22872, 18440, 8640, 36690, 22014, 31039, 8097, 18021, 35148, 36931, 26254, 23065, 1927, 12599, 27970, 39613, 21687, 6057, 13085, 27403, 17831, 11218, 12241, 14761, 34478, 5913, 39606, 26047, 16864, 26254)","(0, 1, 1, 1, 1, 1, 0, 1, 1, 0, 1, 0, 0, 1, 1, 0, 0, 1, 1, 0, 0, 0, 1, 1, 0, 0, 0, 1, 1, 0, 1, 1, 0, 1, 1, 0, 1, 0, 1, 0, 1, 1, 0, 1, 0, 1, 1, 1, 0, 1, 1, 1, 1, 1, 0, 1, 0, 0, 0, 0, 0, 1, 1, 1, 1, 0, 0, 0, 0, 0, 0, 1, 1, 1, 1, 0, 1, 0, 0, 1, 1, 0, 1, 0, 1, 1, 1, 0, 0, 1, 1, 1, 0, 1, 0, 1, 0, 0, 1, 1, 1, 1, 1, 0, 1, 1, 1, 0, 1, 1, 1, 0, 1, 1, 1, 0, 0, 1, 1, 0, 0, 0, 0, 1, 0, 0, 0, 1, 1, 0, 1, 1, 1, 0, 0, 1, 1, 1, 0, 1, 1, 1, 0, 0, 1, 0, 0, 1, 1, 1, 0, 1, 0, 1, 0, 0, 0, 0, 1, 0, 1, 0, 1, 1, 1, 0, 1, 1, 1, 1, 0, 0, 1, 0, 1, 1, 1, 1, 0, 1, 0, 0, 1, 1, 1, 0, 1, 1, 1, 1, 0, 1, 1, 1, 1, 1, 0, 1, 0, 0)"
37.556256,200,449.642276,8,"(31233, 45374, 37026, 17956, 11921, 32867, 21806, 11275, 21182, 25495, 25839, 28943, 2058, 12066, 44413, 31313, 36478, 8453, 4041, 49055, 12003, 2234, 719, 14381, 5474, 34058, 18491, 30008, 44803, 28396, 19755, 33079, 22642, 7868, 23643, 24473, 8618, 45680, 10250, 39890, 45704, 46765, 20974, 27505, 40439, 2009, 35127, 14338, 43357, 25627, 39627, 46749, 42011, 17869, 41608, 10479, 46315, 44699, 5983, 28234, 5477, 36572, 20436, 42291, 49608, 17329, 14448, 40526, 6543, 20206, 2654, 23697, 47764, 44314, 27170, 10823, 10851, 34018, 47030, 7618, 31822, 26465, 13944, 23142, 28423, 20491, 6497, 13545, 7870, 29492, 43175, 29098, 27353, 40160, 14762, 14840, 12987, 49999, 35141, 3882, 34935, 36303, 31772, 12374, 8481, 28965, 49181, 18011, 35717, 17770, 24657, 7299, 24031, 3950, 16984, 40745, 40976, 39801, 45728, 25291, 7405, 10900, 16180, 19763, 47305, 2382, 46828, 7082, 10504, 19103, 22338, 20146, 2672, 6998, 4366, 38927, 2437, 14180, 44135, 11326, 25268, 33510, 6225, 18724, 21992, 21604, 46351, 47203, 1057, 1188, 33395, 6899, 8299, 29233, 28063, 30361, 22523, 15423, 40168, 9729, 41180, 28038, 13151, 11938, 20634, 3755, 28089, 9896, 40806, 15432, 48149, 4737, 25940, 44964, 19143, 38567, 46477, 40830, 41390, 25412, 26934, 9670, 45013, 15130, 28430, 29193, 22163, 24459, 29318, 49898, 22217, 38954, 19624, 41403, 4727, 31614, 1994, 30793, 10006, 10191)","(1, 0, 0, 0, 1, 0, 0, 0, 1, 1, 0, 1, 1, 0, 0, 1, 0, 1, 1, 0, 1, 0, 1, 1, 1, 0, 0, 0, 0, 0, 0, 0, 0, 1, 0, 1, 1, 0, 1, 0, 0, 0, 1, 0, 0, 1, 0, 1, 0, 1, 0, 0, 0, 0, 0, 1, 0, 0, 0, 0, 1, 0, 0, 0, 0, 0, 1, 0, 0, 1, 1, 0, 0, 0, 0, 1, 1, 0, 0, 1, 0, 0, 1, 0, 0, 0, 1, 1, 1, 0, 0, 1, 0, 0, 1, 0, 1, 0, 0, 1, 0, 0, 0, 1, 0, 1, 0, 0, 0, 0, 1, 1, 0, 1, 1, 0, 0, 0, 0, 1, 1, 0, 1, 1, 0, 0, 0, 1, 1, 1, 0, 1, 1, 0, 1, 0, 0, 1, 0, 1, 1, 1, 1, 0, 0, 1, 0, 0, 1, 1, 0, 1, 1, 1, 1, 0, 0, 1, 0, 1, 0, 0, 1, 1, 1, 1, 0, 1, 0, 1, 0, 0, 0, 0, 1, 0, 0, 0, 0, 1, 0, 1, 0, 1, 0, 1, 1, 0, 1, 0, 0, 0, 1, 0, 1, 0, 1, 0, 1, 1)"
57.994753,200,452.335458,7,"(1969, 4045, 9468, 44077, 23881, 9341, 31435, 13299, 14242, 25291, 31571, 4827, 9794, 40660, 3603, 30544, 21306, 20496, 3710, 19106, 22821, 38104, 40270, 31142, 17037, 31845, 27898, 16320, 21686, 47013, 8000, 2321, 25790, 9494, 7287, 48458, 19018, 3876, 23598, 1650, 7347, 11392, 31993, 11264, 18265, 41673, 40023, 39435, 36923, 36814, 39938, 40089, 28142, 18241, 30272, 47685, 48345, 3709, 4298, 40900, 36576, 30913, 4141, 48653, 6359, 30132, 16537, 44180, 20642, 39054, 31904, 23234, 26905, 37452, 19496, 36658, 103, 27324, 29666, 35094, 24602, 3320, 47874, 3106, 48859, 7235, 37081, 11592, 169, 9060, 37819, 9668, 5809, 41332, 27700, 46379, 11964, 33936, 5682, 31244, 5746, 43873, 48993, 2709, 11267, 7066, 17803, 35758, 3050, 6561, 49441, 24945, 6837, 45062, 4773, 836, 40535, 44361, 1963, 35246, 4406, 5894, 2909, 17868, 39224, 49911, 39280, 5892, 29025, 49081, 29955, 34009, 7048, 30606, 12939, 31362, 41793, 15800, 29824, 25561, 23117, 26397, 21598, 42943, 44069, 8686, 45555, 24429, 12516, 11717, 22708, 31080, 2025, 42061, 44764, 44989, 43006, 32405, 20579, 29178, 29884, 23738, 5740, 41418, 15364, 39562, 18865, 19340, 29567, 5748, 2407, 17129, 20603, 27646, 47526, 5990, 8734, 19781, 34999, 47751, 42309, 22338, 26001, 37942, 40543, 15713, 27339, 9615, 43125, 781, 14086, 41934, 35818, 30314, 13228, 12454, 26704, 39127, 48226, 5266)","(1, 1, 1, 0, 1, 1, 0, 1, 1, 1, 0, 0, 1, 0, 0, 0, 1, 0, 1, 1, 0, 0, 0, 1, 1, 0, 1, 1, 1, 0, 1, 1, 0, 1, 1, 0, 1, 1, 0, 1, 1, 1, 0, 0, 1, 0, 0, 0, 0, 0, 0, 0, 1, 1, 0, 0, 0, 1, 1, 0, 1, 0, 1, 0, 1, 0, 1, 0, 1, 0, 0, 0, 0, 1, 1, 0, 1, 1, 1, 0, 1, 1, 0, 1, 0, 1, 0, 1, 1, 1, 0, 1, 1, 0, 0, 0, 1, 0, 0, 1, 1, 0, 0, 1, 0, 0, 1, 1, 1, 1, 0, 1, 1, 0, 1, 1, 0, 0, 1, 0, 1, 1, 0, 1, 0, 0, 0, 1, 1, 0, 0, 0, 1, 0, 1, 1, 0, 1, 0, 0, 0, 1, 1, 0, 0, 1, 0, 1, 1, 1, 0, 0, 1, 0, 0, 0, 0, 0, 1, 0, 0, 1, 1, 0, 1, 0, 1, 1, 0, 1, 1, 0, 1, 0, 0, 1, 1, 1, 0, 0, 0, 0, 1, 0, 0, 0, 0, 1, 0, 0, 1, 0, 0, 0, 1, 1, 1, 0, 0, 1)"
136.024125,200,455.129762,2,"(19093, 12305, 21582, 37527, 991, 6267, 43765, 36858, 43787, 43519, 36607, 8031, 11487, 2207, 15984, 998, 25950, 25087, 26573, 44202, 37169, 1093, 13297, 45063, 29428, 13652, 2083, 16915, 40861, 36703, 11997, 40939, 3897, 11259, 3248, 12402, 42820, 30316, 4525, 7370, 10128, 9485, 23446, 27548, 35334, 33627, 31947, 12099, 21427, 12898, 1852, 21827, 37093, 21785, 27604, 6971, 24222, 19801, 40877, 6729, 32298, 12092, 8333, 48985, 19433, 29418, 8890, 7119, 31355, 6838, 24329, 18501, 37607, 44419, 13701, 5566, 12907, 11085, 22836, 16696, 3756, 8556, 24376, 8775, 36144, 3498, 4449, 87, 12997, 43836, 774, 43503, 21516, 15530, 9972, 21763, 2646, 39994, 6222, 36567, 49640, 1967, 1745, 27002, 17577, 47402, 39762, 47130, 22436, 48544, 44181, 12988, 38514, 13647, 37306, 3439, 12869, 35831, 16449, 21298, 10717, 11194, 24505, 26067, 10650, 31884, 10765, 14999, 39692, 10011, 221, 42966, 33124, 44457, 16889, 38354, 12481, 26671, 3207, 20516, 47283, 41943, 17415, 23698, 7334, 41747, 4340, 31095, 46514, 11470, 39060, 1642, 6404, 47848, 8861, 39846, 8053, 16533, 3829, 16485, 14740, 33338, 26616, 30461, 27418, 49846, 29236, 9986, 4502, 47315, 49350, 35422, 14638, 2219, 49420, 48224, 43955, 40576, 32533, 41290, 5909, 28200, 40604, 16242, 38347, 21761, 41822, 37629, 39030, 2813, 43220, 32418, 22457, 17043, 3728, 13852, 47431, 18516, 45521, 28174)","(1, 1, 1, 1, 1, 1, 0, 1, 1, 1, 0, 1, 1, 1, 1, 1, 1, 1, 1, 1, 1, 1, 1, 0, 0, 1, 1, 0, 1, 0, 1, 1, 0, 0, 1, 1, 0, 0, 1, 1, 1, 1, 1, 0, 1, 1, 1, 1, 1, 1, 1, 1, 1, 1, 1, 1, 0, 1, 0, 1, 1, 1, 1, 1, 1, 0, 1, 1, 1, 1, 1, 1, 1, 0, 0, 1, 0, 1, 0, 1, 1, 1, 0, 1, 1, 1, 1, 1, 1, 0, 1, 0, 1, 1, 1, 0, 1, 1, 1, 1, 0, 1, 0, 0, 1, 0, 0, 0, 0, 0, 0, 1, 0, 1, 1, 1, 1, 1, 1, 1, 1, 1, 1, 1, 1, 1, 1, 1, 0, 1, 1, 0, 0, 0, 1, 1, 1, 1, 1, 1, 1, 1, 0, 1, 1, 0, 1, 1, 1, 1, 1, 1, 1, 1, 1, 0, 1, 1, 1, 1, 1, 0, 1, 0, 1, 1, 1, 1, 1, 0, 1, 1, 1, 1, 1, 0, 0, 0, 1, 0, 1, 0, 0, 1, 0, 1, 1, 1, 1, 1, 0, 1, 0, 1, 1, 1, 1, 1, 0, 0)"
38.454376,200,457.706306,7,"(8124, 20284, 27012, 43151, 39359, 40528, 451, 24728, 47858, 42195, 5447, 42455, 29792, 37504, 37382, 37147, 7779, 30783, 3525, 4034, 991, 41974, 299, 35770, 46871, 5915, 17055, 36312, 9559, 50012, 8009, 38069, 29711, 6413, 33481, 13651, 43585, 36242, 34998, 47667, 29748, 603, 12786, 48984, 21920, 18433, 5234, 26436, 37683, 26886, 33562, 31798, 48750, 5566, 32752, 40853, 42385, 10136, 28797, 29790, 42965, 32944, 47455, 38972, 42393, 16547, 12434, 47052, 11939, 3772, 8753, 2140, 6711, 39859, 47521, 41715, 27435, 6594, 30909, 44555, 25588, 7918, 28686, 40136, 25202, 17570, 16808, 24921, 36182, 43312, 22595, 26632, 48402, 25029, 10542, 13218, 13536, 28941, 15509, 46015, 14066, 34312, 43960, 21614, 25732, 28981, 20162, 3748, 34062, 39490, 42332, 14817, 5834, 5427, 23744, 21156, 49433, 34354, 45074, 6071, 39062, 23256, 37395, 17904, 19857, 35878, 32119, 40128, 32029, 43542, 10758, 1470, 31247, 25358, 27001, 44949, 11333, 32384, 27368, 49984, 39670, 15090, 7788, 33, 3057, 42577, 36937, 40945, 14236, 38359, 22392, 6584, 11966, 25595, 29204, 8419, 28590, 545, 44460, 27764, 22298, 41226, 30476, 47767, 43274, 1549, 21466, 42531, 23115, 8344, 41016, 29925, 25600, 17110, 38719, 26626, 28189, 21640, 28143, 12776, 3031, 39728, 23063, 10038, 41286, 25240, 22895, 47387, 41376, 1973, 31918, 7968, 46794, 47234, 35251, 34644, 21004, 42247, 13689, 27205)","(1, 1, 1, 0, 0, 0, 1, 0, 0, 0, 1, 0, 0, 1, 1, 1, 0, 0, 1, 1, 1, 0, 1, 0, 0, 1, 0, 0, 1, 0, 1, 0, 0, 1, 0, 1, 0, 0, 0, 0, 0, 0, 1, 1, 1, 1, 1, 1, 0, 0, 0, 0, 0, 1, 0, 0, 0, 1, 1, 0, 0, 0, 0, 0, 0, 0, 1, 1, 1, 1, 0, 0, 1, 0, 0, 0, 0, 1, 0, 0, 1, 0, 1, 0, 1, 1, 1, 1, 1, 0, 0, 1, 0, 1, 1, 0, 1, 1, 1, 0, 1, 0, 0, 1, 0, 1, 1, 1, 0, 0, 0, 1, 1, 1, 1, 1, 0, 0, 0, 1, 0, 0, 1, 0, 0, 0, 0, 0, 0, 0, 1, 1, 1, 1, 1, 0, 1, 0, 1, 0, 0, 1, 1, 1, 1, 0, 0, 0, 1, 1, 0, 1, 1, 1, 1, 1, 0, 1, 0, 1, 0, 0, 0, 0, 0, 0, 0, 0, 0, 1, 0, 0, 1, 0, 0, 1, 0, 1, 1, 1, 1, 0, 0, 1, 0, 1, 0, 0, 0, 1, 0, 1, 0, 0, 0, 0, 0, 0, 0, 0)"
140.816342,200,460.310052,5,"(14985, 25826, 39802, 45069, 24493, 3254, 18964, 21106, 31868, 25280, 26805, 10489, 6761, 14726, 40104, 24689, 11860, 11162, 48032, 38262, 13388, 44473, 38634, 14177, 10215, 28618, 42662, 48835, 23640, 360, 20209, 21700, 22037, 24843, 37906, 2859, 19574, 9100, 18657, 18193, 28853, 16015, 47117, 21047, 11411, 5580, 20200, 30352, 17493, 27270, 5623, 36054, 510, 33141, 4538, 48683, 3729, 10137, 6145, 11966, 31284, 19316, 46672, 345, 15729, 37430, 7217, 12723, 37704, 11434, 26671, 25933, 17007, 18883, 31828, 22770, 39633, 38113, 13333, 1425, 37834, 13950, 5998, 23118, 39518, 32347, 9613, 45325, 18866, 41411, 27223, 46882, 25726, 15368, 14623, 39989, 10491, 5384, 24943, 13362, 18911, 20397, 30039, 34198, 1235, 33887, 7529, 42258, 25377, 40866, 31555, 43100, 21725, 7928, 22683, 42772, 16249, 31539, 31824, 20271, 11407, 21444, 7933, 27749, 5851, 1172, 26303, 3329, 12673, 37340, 41015, 16165, 33989, 41879, 38178, 2231, 17613, 42019, 21570, 2548, 40392, 5385, 638, 49752, 11710, 16186, 1871, 6402, 26945, 43928, 46265, 29813, 26723, 8122, 8081, 23225, 16021, 5753, 30175, 41404, 36225, 20411, 44969, 18727, 6821, 17745, 30285, 26725, 14606, 19723, 33429, 49477, 23118, 10662, 19956, 43092, 7132, 1135, 505, 12139, 464, 46727, 15880, 10478, 15069, 28005, 33880, 7819, 14676, 21112, 23113, 10797, 1539, 38207, 37401, 13712, 5459, 7209, 38501, 24197)","(1, 0, 1, 1, 1, 1, 1, 1, 0, 1, 1, 1, 1, 1, 1, 1, 1, 1, 0, 0, 1, 0, 1, 1, 1, 0, 1, 0, 1, 1, 1, 1, 1, 1, 0, 1, 0, 1, 1, 1, 1, 1, 0, 1, 1, 1, 1, 0, 1, 1, 1, 0, 1, 0, 1, 1, 1, 1, 1, 1, 1, 1, 1, 1, 1, 0, 1, 1, 1, 0, 1, 1, 1, 1, 0, 0, 0, 0, 1, 1, 1, 1, 1, 0, 1, 0, 1, 1, 0, 0, 0, 0, 0, 1, 1, 1, 1, 1, 1, 1, 1, 1, 0, 1, 1, 1, 1, 0, 1, 1, 0, 1, 1, 1, 0, 1, 0, 0, 1, 1, 1, 1, 1, 1, 1, 1, 1, 1, 1, 0, 0, 1, 1, 1, 0, 0, 0, 0, 1, 1, 0, 1, 1, 0, 1, 1, 1, 1, 0, 0, 1, 0, 0, 1, 1, 0, 0, 1, 0, 1, 1, 1, 1, 1, 1, 1, 0, 1, 1, 1, 0, 0, 0, 1, 1, 0, 1, 0, 1, 1, 1, 0, 1, 1, 1, 1, 0, 1, 1, 1, 0, 1, 1, 0, 0, 0, 1, 1, 1, 1)"
89.935669,200,462.729504,4,"(23116, 8357, 37607, 523, 34088, 42945, 15649, 8202, 18725, 8753, 31212, 38268, 3354, 20267, 13154, 1319, 26950, 17035, 2131, 33904, 43936, 2362, 20217, 36758, 24484, 28927, 12454, 37250, 17949, 42596, 47524, 30857, 26865, 15896, 22379, 4293, 35666, 13188, 44819, 37022, 15698, 43636, 29606, 6079, 14844, 602, 22081, 4547, 32067, 13384, 2280, 7805, 48752, 34502, 5797, 27367, 18414, 10439, 4010, 47937, 25469, 31330, 37973, 40587, 39445, 17164, 10750, 24363, 37126, 14654, 36027, 48045, 8165, 41577, 13741, 25929, 45658, 36245, 16358, 43094, 22678, 15722, 47521, 29675, 3889, 16278, 35866, 13266, 44091, 29480, 46287, 17469, 13522, 10206, 27119, 42749, 34475, 43654, 14997, 21576, 40449, 22658, 41733, 27068, 18925, 18291, 38190, 20744, 27827, 121, 9706, 5452, 17010, 25452, 8756, 36220, 25931, 16483, 38705, 7658, 24007, 19311, 19433, 26182, 4804, 36049, 34159, 871, 37203, 41739, 11403, 47555, 1408, 29428, 40659, 29481, 30306, 42244, 23696, 9876, 44078, 5904, 35057, 46385, 22221, 17489, 42483, 5311, 49441, 40583, 3909, 17961, 22606, 16164, 3556, 23180, 14683, 37885, 1384, 19970, 45574, 34058, 2636, 31603, 18976, 10646, 1760, 9106, 5125, 21392, 7264, 5960, 46560, 29344, 14854, 38114, 45692, 1377, 4289, 17507, 29555, 4277, 18097, 39738, 28872, 36132, 39504, 45773, 24196, 32493, 49795, 16251, 8691, 15105, 20922, 17756, 12826, 38838, 49262, 31601)","(0, 1, 1, 1, 1, 0, 1, 1, 1, 0, 1, 0, 1, 1, 1, 1, 1, 1, 1, 1, 0, 0, 1, 0, 1, 1, 1, 0, 1, 0, 0, 0, 0, 1, 0, 0, 1, 1, 0, 1, 0, 0, 1, 1, 1, 1, 1, 1, 0, 1, 1, 1, 1, 0, 1, 1, 1, 1, 1, 1, 0, 1, 0, 1, 0, 0, 1, 0, 1, 1, 1, 0, 1, 1, 0, 0, 0, 0, 1, 1, 0, 1, 1, 0, 0, 0, 0, 1, 0, 0, 0, 0, 1, 1, 0, 0, 1, 0, 1, 1, 0, 0, 0, 1, 0, 0, 0, 1, 1, 1, 1, 1, 1, 0, 1, 1, 1, 1, 0, 1, 1, 1, 1, 1, 1, 0, 1, 1, 1, 0, 1, 0, 1, 0, 0, 0, 0, 0, 1, 1, 0, 0, 0, 1, 0, 1, 0, 1, 0, 0, 1, 0, 0, 1, 1, 0, 1, 0, 1, 1, 1, 0, 1, 1, 1, 1, 1, 1, 1, 1, 1, 1, 1, 1, 1, 0, 0, 1, 1, 0, 0, 1, 0, 0, 1, 0, 0, 0, 1, 0, 0, 1, 1, 1, 0, 0, 1, 0, 0, 1)"
120.171426,200,465.103469,2,"(35152, 43329, 26763, 14891, 33891, 48473, 48746, 4702, 2640, 35084, 22266, 28814, 3445, 6903, 7278, 3356, 12584, 4674, 45139, 21376, 27989, 49891, 29785, 42656, 45282, 43003, 11360, 40429, 37327, 37636, 36834, 32082, 28356, 49335, 45165, 9569, 28446, 31587, 6285, 34889, 41631, 38538, 39965, 44666, 39989, 28314, 31712, 33730, 48212, 35327, 14515, 7890, 41571, 15921, 45197, 11471, 1433, 11624, 30817, 12188, 23689, 6108, 423, 9393, 10349, 30239, 44815, 4986, 11085, 10888, 46369, 14150, 35531, 8883, 12730, 30166, 27217, 39993, 21859, 23026, 12591, 10321, 43580, 47488, 35061, 28663, 38482, 14090, 17597, 21423, 6580, 48279, 45137, 21717, 47950, 30419, 48037, 30680, 17626, 40991, 12353, 3860, 15969, 27105, 5975, 46377, 48392, 22262, 13115, 36404, 18307, 45032, 7400, 25321, 5826, 32240, 24302, 21331, 37291, 16416, 12092, 44576, 6728, 42849, 5782, 31150, 29764, 20731, 27705, 29374, 24694, 198, 20898, 9330, 38431, 39861, 21002, 48394, 4996, 44992, 37859, 11923, 26450, 43631, 1959, 46053, 44540, 30247, 6913, 6778, 45160, 24899, 10969, 13823, 5782, 45953, 16773, 31265, 27979, 785, 20031, 25480, 12576, 45249, 3663, 37003, 40409, 18229, 49794, 13487, 42311, 5861, 26948, 44266, 47858, 7077, 33915, 17903, 27858, 40344, 40731, 36577, 1360, 36521, 9398, 19584, 14683, 36463, 18523, 32724, 11023, 48667, 18030, 22127, 27971, 36319, 9538, 47335, 6328, 49761)","(1, 0, 1, 1, 0, 1, 0, 1, 1, 1, 0, 1, 1, 1, 1, 1, 1, 1, 0, 1, 1, 0, 1, 0, 0, 0, 1, 0, 1, 1, 1, 1, 0, 1, 0, 1, 1, 1, 1, 0, 0, 0, 0, 0, 1, 0, 1, 1, 0, 1, 1, 1, 1, 1, 1, 0, 1, 1, 0, 1, 1, 1, 1, 1, 1, 0, 0, 1, 1, 1, 0, 1, 1, 1, 1, 0, 1, 0, 1, 0, 1, 1, 0, 1, 1, 1, 1, 0, 1, 1, 1, 1, 0, 1, 0, 0, 1, 0, 1, 1, 1, 1, 1, 0, 1, 0, 0, 0, 1, 1, 1, 0, 1, 0, 1, 0, 1, 1, 1, 0, 1, 0, 1, 0, 1, 1, 0, 1, 1, 0, 1, 1, 0, 1, 0, 0, 1, 1, 1, 0, 0, 1, 1, 0, 1, 0, 1, 0, 1, 1, 1, 1, 1, 1, 0, 0, 1, 1, 1, 1, 1, 1, 1, 0, 1, 0, 0, 1, 0, 1, 0, 1, 1, 0, 1, 1, 0, 1, 0, 0, 0, 1, 1, 1, 1, 1, 1, 0, 0, 1, 1, 0, 1, 1, 1, 1, 1, 1, 1, 1)"
83.970006,200,467.496123,6,"(16343, 15315, 42480, 45024, 15710, 11012, 17431, 40500, 5807, 8868, 10369, 28602, 35639, 13589, 38006, 21695, 26838, 2969, 37093, 43520, 43387, 41047, 34094, 45201, 1178, 26952, 41133, 48587, 29914, 5644, 15559, 49614, 6279, 48575, 7192, 9338, 9728, 44850, 21085, 42103, 32390, 6656, 31600, 14766, 38339, 26404, 7011, 30414, 5214, 37840, 35590, 47680, 39370, 28552, 34906, 6337, 36133, 9309, 18804, 24338, 3014, 29726, 3058, 6358, 32008, 17605, 25842, 20740, 39596, 18174, 1187, 31458, 15982, 38408, 14623, 12130, 17724, 37882, 24595, 47336, 12860, 5010, 40148, 17127, 4736, 40280, 30075, 31534, 34094, 35847, 13759, 22266, 15532, 47445, 38252, 39934, 32067, 17998, 1868, 23008, 42725, 17231, 4035, 25993, 34752, 20757, 40129, 45194, 42813, 36120, 19327, 37099, 923, 10835, 19613, 10168, 38115, 34993, 28834, 677, 5994, 28241, 43269, 9689, 35584, 13864, 32369, 18463, 41168, 46683, 9954, 29807, 14218, 20900, 31458, 26375, 21383, 23897, 44213, 35550, 33030, 43722, 10474, 20515, 24674, 41417, 10769, 16449, 32830, 17072, 24671, 32648, 10768, 27162, 27305, 28447, 49761, 5127, 49698, 14671, 30053, 29751, 17524, 22556, 43369, 8869, 3187, 24699, 40088, 34795, 48942, 17489, 44473, 16396, 17629, 42354, 49100, 23426, 18198, 28768, 2962, 10878, 20061, 6546, 35925, 34543, 30576, 9136, 29238, 10638, 23178, 5442, 24716, 48112, 21468, 13658, 15060, 26367, 37779, 39339)","(1, 1, 0, 0, 0, 1, 1, 0, 1, 0, 1, 1, 1, 1, 0, 1, 1, 1, 1, 0, 0, 0, 0, 0, 1, 1, 0, 0, 0, 1, 1, 0, 1, 0, 1, 1, 1, 0, 1, 0, 1, 0, 0, 1, 1, 1, 1, 0, 1, 1, 1, 0, 0, 1, 0, 1, 0, 1, 1, 1, 1, 1, 1, 1, 0, 1, 0, 1, 0, 0, 1, 0, 1, 1, 1, 1, 1, 0, 1, 1, 1, 1, 0, 0, 0, 0, 0, 0, 0, 1, 0, 0, 1, 0, 0, 0, 0, 1, 1, 0, 0, 1, 1, 1, 1, 1, 0, 1, 0, 0, 1, 0, 1, 1, 1, 1, 1, 0, 1, 1, 1, 0, 0, 1, 0, 1, 0, 0, 0, 1, 1, 0, 1, 1, 0, 0, 1, 1, 0, 0, 1, 0, 1, 0, 1, 0, 1, 1, 1, 1, 1, 1, 0, 1, 1, 1, 1, 1, 0, 0, 0, 0, 1, 0, 0, 0, 1, 1, 1, 0, 0, 1, 0, 0, 1, 0, 1, 1, 1, 1, 1, 1, 1, 1, 0, 0, 0, 1, 1, 1, 0, 1, 1, 1, 1, 1, 0, 1, 1, 1)"
82.584365,200,477.661944,4,"(33825, 14664, 34310, 22438, 18017, 45656, 38942, 854, 49538, 8392, 9405, 20717, 11846, 44234, 37973, 22083, 26909, 20247, 17222, 15658, 21878, 30500, 10096, 2220, 22498, 886, 48337, 49388, 26062, 43274, 38451, 39568, 22135, 49126, 44073, 12667, 39936, 15647, 41090, 48866, 36540, 30156, 43789, 37934, 16309, 23032, 5524, 7140, 4082, 43259, 22319, 13530, 21991, 10380, 44814, 33473, 27835, 40392, 9774, 20616, 34406, 18010, 26412, 19364, 24304, 14666, 46357, 41613, 15963, 12472, 29453, 42008, 36912, 19650, 22505, 37105, 29374, 23168, 41508, 41042, 33274, 1056, 20719, 47820, 20913, 38461, 29844, 29711, 24586, 18186, 13683, 4647, 470, 33012, 45176, 41919, 11974, 31256, 19398, 9825, 32289, 15708, 4274, 25936, 32726, 16850, 47668, 24973, 46393, 14458, 28491, 9309, 27519, 10470, 14030, 279, 37772, 47135, 30902, 9342, 11106, 12246, 27723, 41637, 31166, 17746, 47585, 37119, 47474, 3073, 30978, 37556, 5598, 26399, 26952, 7510, 1958, 33562, 49793, 21571, 15499, 44844, 32666, 24009, 48228, 11290, 20267, 7872, 29750, 4843, 16154, 41049, 37168, 27585, 33161, 475, 39228, 33204, 21986, 18504, 1285, 41939, 42114, 7621, 31215, 30059, 1315, 26244, 23134, 15648, 23045, 28171, 29301, 16902, 34457, 45635, 2419, 9908, 2555, 29127, 39515, 23676, 32652, 26490, 20156, 12047, 47269, 38298, 45662, 29434, 3447, 30525, 47947, 18418, 642, 48213, 11752, 14894, 18693, 49535)","(0, 1, 0, 0, 1, 0, 0, 1, 1, 1, 1, 1, 1, 0, 0, 1, 0, 0, 0, 1, 0, 0, 1, 0, 0, 1, 0, 0, 1, 1, 0, 0, 1, 0, 0, 0, 0, 1, 0, 0, 1, 1, 0, 0, 1, 0, 1, 1, 1, 0, 0, 1, 1, 1, 0, 0, 0, 0, 1, 1, 0, 1, 1, 1, 1, 1, 0, 0, 1, 1, 1, 1, 0, 0, 0, 1, 0, 0, 1, 0, 0, 1, 1, 0, 1, 0, 0, 0, 1, 0, 0, 1, 1, 1, 1, 0, 0, 0, 1, 1, 1, 0, 1, 0, 1, 1, 0, 1, 0, 1, 1, 1, 0, 1, 1, 1, 0, 0, 0, 1, 0, 1, 0, 0, 1, 1, 0, 1, 0, 1, 0, 1, 1, 1, 1, 1, 1, 1, 1, 1, 1, 0, 1, 0, 0, 0, 1, 1, 0, 1, 1, 1, 1, 0, 1, 1, 1, 0, 1, 1, 1, 1, 0, 1, 1, 0, 1, 1, 0, 1, 0, 0, 1, 1, 1, 0, 0, 1, 1, 1, 0, 1, 1, 1, 1, 1, 1, 1, 1, 0, 1, 0, 0, 1, 1, 1, 1, 1, 0, 0)"
112.012239,200,480.104865,1,"(1646, 3879, 49691, 7216, 49996, 23623, 14554, 38764, 14958, 31034, 15267, 4702, 16329, 45842, 49575, 31274, 10260, 38382, 27595, 11009, 1949, 19576, 25320, 29767, 38237, 38103, 18267, 15894, 37453, 40246, 49592, 37268, 49433, 3450, 23155, 15159, 8633, 21658, 29569, 22835, 25888, 13409, 47407, 22036, 39552, 42484, 14340, 38235, 46204, 34241, 27981, 4909, 1591, 41068, 43814, 2901, 49978, 27873, 11413, 33775, 19670, 19969, 38598, 25456, 21743, 36419, 20357, 23653, 16391, 32392, 10310, 17324, 25011, 5943, 44220, 33832, 25197, 6058, 47034, 8704, 12549, 20031, 33654, 4301, 40022, 5202, 25627, 43609, 2517, 10363, 28407, 25399, 44756, 10720, 36443, 48287, 19075, 4858, 43152, 41594, 7494, 46103, 7658, 43823, 49358, 23623, 27996, 32605, 33001, 594, 28572, 18480, 22175, 44414, 47372, 18470, 39280, 15696, 44512, 10771, 213, 21706, 40965, 664, 5622, 47490, 26492, 39247, 15208, 19595, 44661, 45282, 1970, 42135, 16117, 28814, 36638, 79, 13906, 12755, 47408, 25706, 9560, 25743, 41394, 19681, 42808, 16919, 28403, 20949, 13268, 14216, 45916, 26957, 32793, 34272, 23289, 15589, 22343, 9463, 1446, 10226, 45655, 12141, 28322, 5134, 42477, 23001, 1289, 3645, 41211, 4303, 8125, 17991, 30417, 18854, 8928, 29441, 1569, 203, 17032, 9863, 16739, 38816, 26302, 20657, 12356, 31815, 13921, 496, 21893, 4981, 48688, 1629, 27824, 17543, 38610, 2559, 41250, 9626)","(1, 1, 0, 1, 0, 1, 1, 1, 1, 1, 1, 1, 1, 0, 0, 1, 1, 0, 1, 1, 1, 1, 1, 0, 1, 0, 0, 0, 1, 0, 0, 1, 0, 1, 0, 1, 1, 1, 1, 0, 0, 1, 1, 1, 0, 0, 0, 0, 1, 1, 1, 1, 1, 0, 0, 1, 0, 1, 0, 0, 1, 1, 0, 1, 1, 1, 1, 1, 1, 0, 1, 1, 0, 1, 0, 0, 1, 1, 1, 0, 1, 1, 1, 1, 0, 1, 1, 0, 1, 1, 0, 1, 0, 1, 0, 1, 1, 1, 1, 1, 1, 0, 1, 0, 0, 0, 1, 1, 0, 1, 1, 1, 1, 0, 0, 0, 0, 1, 0, 1, 1, 1, 1, 1, 1, 1, 1, 1, 1, 1, 0, 0, 1, 1, 1, 1, 0, 1, 1, 1, 0, 1, 1, 1, 1, 1, 0, 1, 0, 1, 1, 1, 1, 0, 1, 0, 1, 0, 0, 1, 1, 1, 0, 1, 0, 1, 1, 0, 0, 1, 1, 1, 1, 1, 0, 1, 1, 0, 1, 1, 1, 1, 1, 1, 1, 0, 1, 1, 1, 1, 1, 1, 0, 1, 1, 1, 0, 1, 1, 0)"
51.991524,200,482.50582,7,"(21132, 49174, 17450, 24720, 29275, 3520, 113, 48888, 48409, 12628, 22652, 44201, 21338, 16589, 31232, 41135, 17542, 24597, 49408, 43998, 2341, 48242, 20718, 23994, 48147, 34891, 18428, 27254, 18760, 49193, 25280, 36268, 46581, 45940, 25671, 13020, 46419, 27985, 48784, 855, 31079, 37528, 17058, 6977, 25850, 42921, 45810, 7064, 2432, 4909, 7388, 3506, 43418, 34081, 23670, 36342, 32052, 14564, 33093, 851, 10675, 23930, 22857, 5123, 29166, 30512, 43466, 2786, 22538, 46816, 40004, 109, 8925, 7952, 35028, 18150, 17289, 40220, 44200, 2560, 19640, 13956, 11214, 17478, 32308, 21106, 25543, 3024, 37727, 15127, 25913, 36722, 7026, 14062, 35410, 42319, 9778, 41737, 26274, 7301, 37759, 30576, 845, 33557, 45393, 48881, 13175, 15190, 25065, 34271, 14849, 45937, 48326, 1670, 7677, 48433, 26916, 43137, 36283, 40405, 4867, 21773, 42828, 49948, 2767, 14502, 37995, 17838, 40747, 30605, 25223, 39495, 17888, 27108, 31344, 38308, 20399, 11139, 1929, 34598, 22050, 14238, 8936, 31094, 27570, 15776, 19453, 22787, 15033, 15947, 34303, 25460, 12826, 40849, 10928, 19228, 26622, 42008, 3684, 15143, 8024, 32066, 7736, 12157, 29986, 25074, 42907, 25774, 16496, 31552, 45616, 19287, 18239, 35882, 3594, 30403, 37478, 17756, 24122, 28324, 4501, 28181, 14052, 19409, 28558, 28379, 13121, 14693, 23041, 4909, 43836, 19819, 15777, 46484, 38780, 11614, 45311, 21780, 49830, 2291)","(0, 0, 1, 1, 1, 1, 1, 1, 0, 1, 0, 0, 1, 1, 1, 0, 1, 1, 0, 0, 1, 0, 1, 1, 0, 0, 0, 1, 1, 0, 1, 1, 0, 0, 1, 1, 0, 1, 0, 1, 0, 1, 0, 1, 0, 0, 0, 0, 1, 1, 1, 1, 0, 0, 1, 0, 0, 0, 0, 1, 1, 1, 0, 1, 0, 0, 0, 1, 0, 0, 0, 0, 1, 1, 0, 0, 0, 0, 0, 1, 1, 1, 1, 1, 0, 1, 1, 1, 0, 1, 1, 0, 1, 0, 0, 0, 0, 0, 1, 1, 1, 0, 1, 0, 0, 0, 1, 1, 1, 0, 1, 0, 0, 0, 1, 0, 1, 0, 0, 0, 1, 1, 0, 0, 1, 1, 0, 0, 0, 0, 0, 0, 1, 1, 1, 1, 0, 1, 1, 0, 1, 1, 1, 1, 0, 0, 1, 0, 1, 1, 0, 1, 1, 0, 1, 1, 1, 0, 1, 1, 0, 0, 1, 1, 0, 1, 0, 0, 0, 0, 0, 1, 0, 0, 1, 0, 1, 0, 0, 0, 1, 0, 1, 1, 1, 0, 1, 1, 0, 0, 0, 1, 0, 0, 0, 1, 0, 0, 0, 1)"
118.040631,200,484.911858,4,"(30536, 24532, 37912, 45046, 47242, 5561, 24707, 6452, 13778, 1930, 31488, 34163, 31735, 1533, 42904, 27537, 29473, 30680, 2204, 48665, 34320, 32756, 32400, 40441, 3871, 20640, 17241, 24717, 18970, 21185, 476, 5410, 18536, 41820, 16496, 48277, 44780, 35016, 10885, 41314, 11563, 29298, 45849, 38393, 8946, 28753, 26306, 16095, 28404, 6551, 6761, 47341, 27960, 42701, 33829, 13497, 7696, 25163, 16491, 39956, 34575, 22558, 45698, 19458, 6035, 33211, 2155, 40267, 16615, 14178, 18035, 43848, 15016, 4029, 25478, 9924, 5275, 28602, 3507, 31781, 8557, 30020, 20055, 11732, 5670, 38602, 19830, 44110, 6187, 597, 14436, 3327, 8062, 49508, 7780, 30181, 11158, 30792, 25468, 32386, 6870, 3096, 48626, 47451, 32182, 21294, 19067, 31060, 11150, 5843, 47717, 25842, 26679, 2165, 37451, 21861, 5451, 16095, 24164, 37438, 47746, 24450, 17727, 40122, 14809, 44669, 19583, 39600, 35292, 42674, 19521, 1357, 12016, 16160, 13183, 14081, 30705, 7182, 1853, 14487, 39150, 32769, 25725, 13348, 20325, 27059, 4825, 38138, 28761, 8395, 35418, 21051, 47671, 705, 3104, 17709, 4012, 11128, 42702, 48618, 43414, 1213, 15146, 48442, 47320, 26943, 22955, 24188, 20617, 27364, 35931, 37829, 16067, 16995, 24964, 37629, 6191, 433, 3235, 42903, 49382, 40164, 40340, 38935, 21479, 39355, 26192, 17181, 3396, 23670, 26911, 6408, 9217, 41995, 46599, 34576, 2405, 18836, 25924, 2990)","(0, 1, 1, 0, 0, 1, 1, 1, 0, 1, 1, 1, 0, 1, 0, 0, 1, 0, 1, 1, 1, 0, 1, 0, 1, 1, 0, 1, 1, 1, 1, 1, 1, 1, 0, 0, 0, 0, 1, 1, 1, 1, 0, 0, 1, 1, 1, 1, 0, 1, 1, 0, 1, 0, 1, 1, 1, 0, 1, 0, 1, 0, 1, 1, 1, 1, 1, 1, 0, 1, 1, 0, 1, 1, 0, 1, 1, 1, 1, 1, 0, 0, 1, 1, 1, 1, 1, 0, 1, 1, 1, 1, 1, 1, 1, 0, 1, 0, 1, 1, 1, 1, 1, 0, 1, 1, 1, 0, 1, 1, 0, 0, 1, 0, 1, 1, 1, 0, 0, 0, 1, 1, 1, 0, 1, 0, 0, 0, 1, 0, 1, 1, 1, 1, 1, 1, 0, 1, 1, 0, 1, 1, 1, 1, 1, 1, 1, 0, 1, 1, 1, 0, 0, 1, 1, 1, 1, 1, 0, 1, 0, 1, 1, 0, 0, 1, 0, 1, 0, 1, 0, 1, 1, 1, 0, 1, 1, 1, 1, 0, 0, 0, 0, 1, 1, 0, 0, 1, 1, 1, 1, 1, 1, 0, 0, 0, 0, 1, 1, 1)"
116.492563,200,487.297075,1,"(27622, 20129, 15822, 49483, 31584, 29484, 28958, 37910, 35561, 16373, 46054, 34025, 30098, 13185, 43686, 44723, 29358, 11926, 3024, 1638, 34650, 23445, 14475, 36476, 47611, 38046, 322, 15063, 36042, 22837, 36617, 27944, 28660, 27378, 17488, 29207, 8740, 22282, 49125, 37131, 35918, 2539, 29225, 26493, 14730, 28636, 6255, 14106, 26682, 33671, 32971, 5562, 45875, 279, 35693, 43380, 22629, 40638, 34690, 36798, 19644, 47188, 16605, 16308, 25453, 11972, 24378, 5133, 22566, 21893, 6226, 19834, 26327, 30231, 48821, 11295, 34845, 12522, 44361, 36597, 47103, 13719, 16615, 36830, 33944, 29993, 8312, 17820, 41416, 48110, 35724, 3606, 29302, 40620, 28584, 22036, 46433, 33960, 46010, 12105, 46191, 28249, 45067, 33046, 23504, 22877, 9766, 48532, 8148, 33998, 7607, 37647, 15611, 31534, 49189, 45316, 49770, 13415, 16006, 12291, 18839, 15561, 13983, 45499, 45983, 5151, 20884, 1016, 10100, 6737, 7115, 26304, 33434, 32628, 15136, 37021, 22128, 6482, 47720, 47185, 30027, 697, 46431, 2209, 5742, 5195, 29716, 41281, 10920, 423, 42267, 29432, 42772, 36596, 30310, 7741, 6023, 12542, 24149, 9377, 17312, 44267, 5879, 15788, 24448, 32522, 41976, 653, 22695, 8008, 4105, 19925, 47110, 19481, 17461, 21924, 31557, 44950, 31893, 9734, 6661, 2089, 29899, 47187, 35729, 48409, 11180, 3876, 14083, 44702, 1820, 13178, 7151, 36957, 36355, 12638, 36395, 38974, 7350, 10931)","(1, 1, 1, 0, 0, 1, 1, 0, 1, 0, 0, 0, 0, 1, 0, 1, 1, 1, 1, 1, 1, 1, 1, 0, 1, 1, 0, 1, 1, 0, 1, 0, 1, 1, 1, 1, 1, 0, 0, 0, 1, 1, 1, 0, 1, 1, 1, 1, 1, 1, 1, 0, 0, 1, 1, 0, 0, 0, 0, 1, 1, 1, 1, 1, 0, 1, 1, 1, 0, 1, 1, 1, 1, 0, 1, 0, 0, 0, 0, 0, 0, 0, 0, 0, 1, 0, 0, 1, 1, 1, 1, 1, 1, 0, 1, 1, 0, 1, 1, 1, 1, 0, 0, 1, 1, 0, 1, 0, 1, 0, 1, 0, 1, 0, 0, 1, 0, 1, 1, 1, 1, 1, 1, 0, 1, 1, 1, 1, 1, 1, 1, 1, 0, 0, 1, 1, 1, 0, 0, 0, 0, 1, 1, 1, 1, 1, 0, 1, 1, 1, 1, 0, 1, 0, 0, 1, 1, 1, 0, 1, 1, 0, 1, 1, 1, 0, 0, 1, 0, 1, 1, 1, 1, 1, 1, 1, 0, 1, 0, 1, 1, 1, 0, 0, 1, 1, 1, 1, 1, 0, 1, 1, 1, 0, 1, 1, 1, 1, 1, 1)"
120.706107,200,489.68175,1,"(16800, 1070, 21222, 8135, 45986, 3436, 16929, 44637, 28708, 27102, 9451, 19491, 19655, 45191, 36284, 21917, 7562, 35662, 31598, 26423, 3441, 43356, 16412, 24840, 26808, 26949, 23769, 29923, 4810, 35782, 13153, 30047, 7601, 35638, 20459, 2443, 39743, 41730, 26865, 2816, 18365, 19530, 39553, 10025, 11887, 8486, 27268, 3915, 47460, 15551, 34321, 17257, 7523, 14099, 9541, 16630, 3240, 33074, 11241, 3900, 25147, 48770, 41263, 8798, 16090, 37168, 43757, 4086, 46995, 15710, 35609, 9122, 19730, 14530, 6069, 20, 36188, 13559, 44072, 29938, 45769, 25652, 5784, 29930, 9886, 12419, 44061, 36755, 20552, 41677, 9511, 18091, 49000, 20394, 8382, 44119, 47402, 42443, 29167, 15040, 12521, 6294, 24754, 31260, 23823, 45329, 37052, 32027, 19813, 38094, 22790, 22874, 17461, 41832, 14985, 43225, 43249, 9791, 11741, 18653, 14364, 17742, 41915, 25135, 17544, 18124, 29189, 4158, 39932, 42900, 26904, 30716, 26982, 31737, 24849, 2922, 20982, 27708, 4508, 21462, 15222, 17244, 20079, 43711, 47241, 30551, 29235, 28386, 49566, 27260, 19602, 29833, 47268, 7870, 27635, 10160, 3798, 200, 26849, 35366, 7351, 18077, 11225, 3775, 32668, 10079, 35173, 7826, 48968, 15348, 47397, 38479, 32959, 2437, 6126, 43063, 40887, 13155, 17108, 21158, 24553, 48382, 26641, 22614, 19931, 36389, 47351, 32889, 20345, 12375, 14169, 17057, 30050, 38316, 14948, 10269, 12597, 36617, 24336, 42445)","(1, 1, 1, 1, 0, 1, 1, 0, 1, 1, 1, 1, 1, 0, 1, 1, 1, 0, 1, 0, 1, 0, 0, 1, 0, 1, 1, 0, 1, 1, 1, 0, 1, 1, 1, 0, 0, 1, 0, 1, 0, 1, 0, 1, 1, 1, 0, 0, 0, 1, 1, 1, 1, 1, 1, 1, 1, 0, 1, 1, 1, 1, 1, 1, 1, 1, 0, 1, 0, 0, 1, 1, 1, 1, 1, 1, 0, 1, 0, 0, 0, 0, 1, 0, 1, 1, 0, 0, 1, 1, 1, 1, 0, 0, 1, 0, 0, 0, 1, 0, 1, 1, 1, 0, 0, 0, 1, 1, 1, 0, 0, 0, 1, 1, 1, 1, 0, 1, 1, 1, 1, 1, 0, 1, 1, 1, 1, 1, 0, 0, 1, 0, 0, 1, 1, 1, 1, 1, 1, 1, 1, 1, 1, 0, 0, 0, 1, 0, 1, 0, 1, 0, 0, 1, 0, 1, 1, 1, 1, 0, 1, 1, 1, 1, 1, 1, 0, 0, 1, 1, 1, 0, 1, 1, 1, 1, 0, 1, 1, 1, 1, 0, 0, 0, 1, 1, 1, 1, 1, 1, 1, 1, 0, 0, 1, 1, 1, 1, 1, 0)"
74.015976,200,492.068626,3,"(9827, 37375, 23947, 49255, 10513, 25301, 14839, 10585, 8195, 22206, 40176, 5652, 19954, 45218, 16224, 48717, 21976, 48683, 1048, 26313, 3046, 17237, 2112, 31274, 30626, 39578, 34168, 44994, 19672, 33828, 32804, 11634, 45057, 32439, 45575, 15925, 45451, 13972, 34847, 20924, 38601, 4957, 7998, 19503, 13647, 740, 3965, 24466, 4791, 19259, 7706, 47896, 31731, 11533, 30313, 46770, 23504, 35837, 697, 28266, 13502, 14470, 9334, 11784, 2669, 43264, 16570, 14952, 27093, 12356, 21922, 5101, 45194, 48547, 24633, 18324, 47254, 36589, 20165, 9559, 34227, 14179, 3327, 30467, 26092, 19152, 35060, 16766, 38389, 13790, 915, 44699, 16765, 44824, 10585, 35184, 30073, 39757, 15030, 22874, 2984, 46697, 42465, 44155, 44553, 9819, 39089, 1068, 31174, 49012, 37000, 19104, 19101, 41994, 8185, 43646, 12511, 28446, 26662, 42921, 43736, 32096, 12153, 8325, 15132, 7, 41123, 7520, 36613, 7324, 23175, 9730, 27140, 49881, 2579, 38699, 41684, 34712, 31636, 9986, 39206, 10521, 15716, 28315, 8427, 5735, 593, 10969, 7907, 405, 2396, 4728, 806, 34378, 10963, 17777, 46357, 13448, 11888, 26871, 13786, 46020, 45911, 47401, 47099, 27009, 4205, 22659, 28663, 7936, 23397, 9041, 37049, 37445, 3453, 2445, 35940, 9646, 36465, 26721, 13734, 31903, 38465, 41358, 43235, 19864, 4879, 9026, 2829, 18010, 7147, 40517, 2256, 38175, 49334, 11141, 9972, 4618, 34508, 20370)","(1, 1, 1, 0, 1, 1, 1, 1, 0, 0, 0, 1, 1, 0, 1, 0, 0, 1, 1, 1, 1, 0, 1, 1, 0, 0, 0, 0, 1, 0, 0, 1, 0, 1, 0, 1, 0, 1, 0, 1, 0, 1, 1, 1, 1, 1, 1, 1, 1, 1, 1, 0, 0, 1, 0, 1, 1, 0, 1, 0, 1, 1, 1, 1, 1, 0, 0, 1, 1, 1, 1, 1, 0, 0, 1, 1, 1, 0, 1, 1, 0, 0, 1, 0, 1, 1, 0, 1, 0, 0, 1, 0, 1, 0, 0, 0, 0, 0, 1, 0, 1, 0, 0, 0, 0, 1, 0, 1, 0, 1, 1, 1, 1, 0, 1, 0, 1, 1, 1, 0, 0, 0, 1, 1, 0, 1, 0, 1, 0, 1, 0, 1, 1, 0, 1, 1, 0, 0, 1, 1, 0, 1, 1, 0, 1, 1, 1, 1, 1, 1, 0, 1, 1, 1, 1, 1, 0, 1, 1, 1, 0, 0, 0, 0, 1, 1, 1, 0, 1, 1, 0, 0, 1, 1, 1, 1, 0, 1, 0, 0, 0, 0, 0, 0, 0, 1, 1, 0, 1, 1, 1, 0, 1, 0, 0, 1, 1, 1, 1, 0)"
77.422686,200,494.583159,0,"(43868, 22915, 30422, 27877, 5948, 20297, 23971, 39576, 38748, 23026, 1631, 27001, 5192, 33895, 34524, 18946, 31450, 39183, 1923, 48625, 49172, 26009, 25860, 33247, 27548, 36820, 19141, 33605, 24550, 7687, 26288, 46292, 23609, 40196, 11362, 39656, 34093, 3845, 3175, 6651, 6378, 25272, 21907, 40207, 5508, 8456, 12620, 47513, 21050, 22101, 31322, 7038, 44169, 44801, 35341, 30807, 18385, 12263, 654, 24400, 3989, 30024, 25064, 2853, 32426, 17602, 27699, 42132, 26894, 37210, 30299, 42662, 36611, 15983, 15240, 45354, 30835, 1183, 9454, 232, 11262, 19454, 43002, 11620, 28120, 45268, 44814, 10956, 21712, 27973, 39759, 12964, 27680, 38592, 13562, 39219, 36426, 85, 10504, 14987, 4547, 3257, 45827, 24892, 42572, 48567, 5008, 4662, 30065, 43208, 3167, 1321, 42199, 30120, 4202, 5618, 29852, 5024, 23065, 19566, 46440, 2360, 6076, 14227, 48570, 26420, 46103, 46914, 39576, 13060, 47446, 34910, 46760, 25855, 6909, 15579, 35536, 44187, 21352, 20371, 2210, 22961, 3681, 5718, 16576, 37796, 15822, 5829, 16145, 12869, 15916, 37233, 30429, 33525, 42441, 16140, 31094, 13236, 22540, 1717, 15445, 31491, 43326, 28008, 46810, 46683, 10481, 8551, 7471, 15541, 9225, 44732, 1929, 38946, 7086, 36041, 34050, 37479, 20268, 4126, 43740, 33704, 26365, 47168, 19907, 41381, 27219, 20005, 25395, 46848, 17156, 46570, 45622, 44617, 45781, 24735, 37645, 7469, 2207, 26060)","(0, 0, 0, 1, 1, 1, 1, 0, 1, 0, 1, 1, 1, 0, 0, 0, 0, 0, 1, 1, 0, 0, 1, 1, 0, 1, 1, 0, 1, 1, 1, 1, 1, 0, 1, 0, 0, 1, 1, 1, 1, 1, 1, 0, 0, 1, 1, 0, 1, 1, 0, 1, 0, 0, 0, 0, 1, 1, 1, 0, 1, 0, 0, 1, 0, 0, 1, 0, 1, 0, 0, 1, 1, 1, 1, 0, 0, 1, 1, 1, 0, 0, 0, 1, 1, 0, 0, 1, 0, 1, 0, 1, 1, 1, 1, 0, 0, 1, 1, 1, 1, 1, 0, 1, 1, 0, 1, 1, 0, 0, 0, 1, 0, 1, 1, 1, 0, 1, 0, 0, 0, 0, 1, 1, 0, 1, 0, 0, 0, 1, 0, 0, 0, 0, 1, 1, 0, 0, 1, 0, 1, 0, 1, 1, 0, 1, 1, 1, 1, 1, 0, 0, 0, 0, 0, 1, 1, 1, 0, 1, 1, 1, 0, 1, 0, 1, 1, 1, 1, 1, 1, 0, 1, 0, 1, 0, 0, 0, 1, 1, 0, 1, 1, 0, 0, 0, 1, 0, 0, 0, 1, 0, 0, 0, 1, 0, 1, 1, 1, 0)"
99.516339,200,497.01231,4,"(15042, 1651, 27184, 12665, 24855, 23997, 29918, 17382, 4495, 8557, 21952, 11480, 11805, 25150, 12793, 40418, 4351, 46160, 4943, 35544, 20589, 7206, 40630, 16549, 33270, 19024, 29980, 33745, 17875, 40157, 35078, 9291, 15953, 25913, 28732, 2973, 49076, 17402, 18378, 35863, 9425, 8203, 48319, 43778, 10718, 9352, 46488, 40347, 49018, 2230, 4890, 30465, 23610, 4012, 27310, 40162, 4231, 44493, 20607, 28729, 37543, 39743, 11241, 34214, 41052, 17102, 9044, 9698, 19644, 9742, 28435, 39252, 19660, 1975, 38313, 36324, 25923, 17809, 19367, 30675, 27019, 6123, 24664, 38926, 5131, 132, 11887, 39607, 45903, 22516, 10470, 48562, 39223, 11152, 41125, 12335, 32549, 46810, 36006, 26883, 48105, 40679, 25634, 13413, 37626, 28606, 28585, 47080, 2755, 40454, 16264, 43562, 24068, 40154, 13991, 3002, 35267, 28225, 41959, 26657, 47162, 35726, 45802, 26793, 12694, 30968, 26481, 32571, 35493, 30616, 48091, 27212, 43523, 19270, 39322, 45292, 40491, 2616, 31679, 4491, 34525, 43166, 33294, 48970, 6071, 3552, 43391, 22842, 4995, 19067, 2992, 26911, 10957, 24499, 18135, 20811, 11733, 7449, 31638, 49395, 44717, 1557, 22296, 44141, 36315, 26136, 36729, 30658, 2041, 728, 17432, 5347, 24331, 21284, 8423, 1869, 29806, 1156, 30356, 46937, 41552, 10395, 29232, 11775, 44672, 42748, 48674, 40571, 38655, 48008, 24574, 35575, 42376, 15969, 31862, 23601, 229, 4235, 3710, 8810)","(1, 1, 1, 1, 0, 1, 0, 1, 1, 0, 1, 1, 1, 1, 1, 0, 1, 1, 1, 1, 1, 1, 0, 1, 0, 1, 0, 0, 1, 0, 0, 1, 1, 1, 0, 1, 1, 1, 1, 1, 1, 1, 0, 0, 0, 1, 1, 0, 0, 1, 1, 0, 1, 1, 1, 0, 1, 0, 1, 1, 1, 0, 1, 0, 0, 1, 1, 1, 1, 1, 1, 1, 1, 1, 0, 1, 1, 1, 1, 0, 1, 1, 1, 0, 1, 1, 1, 0, 1, 0, 1, 0, 0, 1, 0, 1, 1, 0, 1, 1, 1, 0, 1, 1, 1, 1, 1, 0, 1, 0, 1, 0, 1, 0, 1, 1, 0, 0, 0, 1, 1, 0, 0, 0, 1, 0, 1, 0, 1, 0, 1, 0, 0, 1, 1, 0, 0, 1, 0, 1, 0, 0, 0, 0, 1, 1, 1, 0, 1, 1, 1, 1, 1, 1, 1, 1, 1, 1, 0, 0, 0, 1, 0, 0, 1, 1, 0, 0, 1, 1, 1, 1, 1, 1, 1, 1, 0, 1, 0, 0, 0, 1, 0, 1, 0, 0, 1, 0, 0, 0, 1, 1, 1, 1, 1, 1, 1, 1, 1, 1)"
137.621693,200,499.455474,2,"(19282, 36076, 17803, 32211, 5081, 27827, 44191, 12390, 12768, 13246, 33453, 46453, 34016, 49054, 42184, 10751, 8157, 37730, 24581, 14043, 5759, 35790, 9610, 7456, 23, 3961, 24038, 40637, 49416, 5598, 5747, 3425, 8770, 35768, 44662, 47509, 2540, 6076, 11530, 26820, 20315, 49686, 13434, 17694, 43577, 5085, 39478, 48787, 39637, 26807, 32914, 48331, 21797, 6608, 45495, 14237, 39801, 46946, 25755, 20269, 4336, 1548, 22783, 47369, 35468, 42547, 49456, 8382, 6826, 27756, 2852, 2346, 25104, 38021, 13799, 3759, 22113, 12270, 34660, 45787, 12116, 41878, 36407, 25145, 48622, 844, 28939, 33877, 12560, 10187, 2314, 6348, 46900, 16773, 48413, 11054, 9749, 33709, 19319, 3901, 46426, 34098, 16427, 9995, 13709, 36957, 15908, 11225, 32680, 22957, 32599, 978, 40730, 24972, 11472, 5316, 45090, 32010, 40901, 17365, 26888, 2947, 34724, 7594, 19565, 2892, 29402, 28258, 19712, 36874, 47425, 3879, 3243, 19771, 31475, 40945, 6078, 32949, 17976, 8952, 20309, 8340, 31247, 21830, 42305, 43191, 13593, 24597, 6005, 12513, 3840, 19949, 32356, 11148, 26290, 46777, 42782, 14594, 31227, 29996, 37539, 28986, 17906, 34433, 7950, 11229, 16006, 23309, 27727, 6632, 41902, 5869, 2387, 12638, 2539, 14703, 9325, 31694, 29720, 47151, 34638, 6694, 44365, 36168, 28828, 49597, 13444, 38762, 9331, 31568, 23510, 48722, 37833, 16514, 21160, 20246, 21046, 7085, 7895, 6650)","(1, 1, 1, 1, 1, 1, 0, 1, 1, 1, 0, 1, 0, 1, 0, 1, 1, 0, 1, 1, 1, 1, 1, 1, 1, 1, 1, 0, 1, 1, 1, 1, 1, 1, 0, 0, 1, 1, 1, 0, 0, 0, 1, 1, 0, 1, 1, 0, 1, 1, 1, 1, 1, 1, 1, 1, 1, 1, 0, 0, 1, 0, 0, 1, 0, 0, 1, 1, 1, 0, 1, 1, 1, 0, 0, 1, 1, 1, 0, 0, 1, 1, 1, 1, 0, 1, 1, 0, 1, 1, 1, 0, 1, 1, 1, 1, 1, 1, 1, 1, 1, 0, 1, 1, 0, 0, 0, 1, 0, 0, 0, 1, 0, 1, 1, 1, 0, 1, 1, 1, 0, 1, 0, 0, 0, 1, 1, 0, 1, 1, 0, 1, 1, 1, 1, 1, 1, 1, 1, 1, 1, 1, 1, 1, 0, 0, 1, 1, 1, 1, 1, 1, 0, 1, 1, 1, 0, 1, 1, 0, 1, 1, 1, 0, 1, 1, 1, 1, 1, 1, 0, 1, 1, 1, 1, 1, 1, 1, 1, 0, 1, 1, 0, 1, 1, 0, 1, 1, 1, 0, 1, 0, 1, 1, 1, 1, 1, 1, 1, 1)"
87.080541,200,509.593753,4,"(25160, 15784, 46192, 19824, 25952, 8190, 10268, 31505, 43647, 42007, 36625, 9833, 22962, 44884, 2178, 4888, 44870, 47906, 37940, 33946, 33255, 23249, 36058, 44981, 35254, 41388, 21521, 46570, 48731, 12219, 3568, 2548, 15750, 34954, 19323, 27497, 18508, 14920, 5245, 15803, 29909, 7011, 40056, 25328, 12614, 24135, 7378, 48425, 18640, 40008, 15379, 11773, 18907, 35537, 18729, 46368, 17351, 12744, 36451, 6858, 11304, 44872, 16049, 39032, 8547, 25058, 19167, 21028, 35304, 46924, 17073, 17128, 38395, 33448, 39036, 45544, 3182, 15440, 38252, 23036, 47966, 40320, 9925, 7506, 43265, 28930, 891, 12855, 24908, 6894, 45605, 36306, 34880, 28776, 24191, 6532, 15332, 19673, 44008, 35797, 48391, 13845, 16955, 39468, 38975, 48828, 1194, 1800, 6121, 29189, 37564, 13481, 23405, 34427, 4664, 39220, 47025, 49335, 43781, 49095, 18664, 26644, 12676, 48895, 44636, 17145, 44172, 9197, 43204, 1987, 19116, 28057, 4625, 23432, 5018, 47014, 27113, 16345, 34910, 30226, 42929, 39484, 33828, 794, 43459, 47136, 10555, 40031, 1141, 32120, 33273, 12795, 24301, 15837, 4753, 5634, 1953, 49147, 45758, 43195, 19915, 35511, 10843, 36716, 36606, 22523, 4207, 40553, 12273, 19962, 46022, 47314, 11259, 11981, 6100, 42483, 35239, 39339, 25613, 44215, 6626, 16613, 14432, 24930, 9374, 47612, 48651, 9927, 9943, 19821, 40889, 11215, 13823, 18029, 27534, 31418, 8007, 16827, 45820, 12852)","(0, 1, 1, 1, 0, 1, 1, 1, 0, 1, 0, 1, 0, 0, 1, 1, 0, 1, 0, 1, 1, 0, 1, 0, 1, 1, 1, 1, 0, 1, 1, 1, 1, 0, 1, 0, 1, 0, 1, 1, 0, 1, 0, 1, 1, 0, 1, 0, 0, 0, 0, 1, 1, 0, 1, 1, 1, 1, 1, 1, 1, 0, 1, 0, 1, 1, 1, 1, 1, 0, 1, 0, 0, 0, 0, 0, 1, 0, 0, 0, 1, 0, 1, 1, 0, 1, 1, 1, 0, 1, 0, 0, 0, 1, 1, 1, 1, 0, 0, 0, 0, 1, 1, 0, 0, 1, 1, 1, 1, 1, 1, 1, 1, 0, 1, 1, 1, 0, 0, 1, 1, 0, 1, 1, 0, 0, 0, 1, 0, 1, 1, 0, 1, 1, 1, 0, 0, 1, 1, 0, 0, 0, 0, 1, 0, 1, 1, 1, 1, 1, 1, 1, 0, 1, 1, 1, 1, 1, 0, 0, 1, 0, 1, 0, 0, 0, 1, 0, 1, 0, 0, 0, 0, 0, 1, 0, 0, 1, 1, 0, 1, 0, 1, 1, 1, 1, 1, 1, 1, 1, 0, 1, 1, 1, 0, 1, 0, 0, 0, 1)"
68.91923,200,512.142615,6,"(45281, 3884, 45446, 21782, 29999, 43115, 2362, 47431, 45998, 19628, 20025, 12407, 35071, 25991, 6852, 35388, 1926, 18811, 4055, 17901, 2372, 30930, 18820, 17157, 47413, 18085, 31662, 12747, 11228, 37576, 2526, 12971, 7859, 41927, 299, 49530, 42081, 18770, 19191, 4615, 48469, 403, 35384, 14005, 32043, 18994, 13536, 43979, 18018, 24154, 20335, 35715, 30216, 43748, 17908, 4967, 12329, 36843, 40335, 30444, 30679, 15559, 29877, 2103, 17230, 12021, 10295, 40710, 25364, 18441, 38962, 25226, 32945, 44519, 8634, 34858, 46491, 1528, 49388, 17651, 40564, 39333, 17476, 37189, 41155, 30708, 28807, 11484, 27547, 17443, 27557, 29206, 36481, 31045, 12066, 10146, 2186, 2766, 22385, 46320, 10998, 10573, 29612, 2228, 42397, 8375, 37899, 18939, 32497, 20427, 21617, 42440, 35306, 10734, 46353, 8642, 2489, 48, 1185, 44385, 49698, 36616, 31587, 20150, 35052, 18268, 18089, 28651, 15658, 30590, 41839, 36059, 17788, 358, 45298, 44278, 1281, 48028, 44305, 4965, 38083, 6095, 10677, 9419, 26018, 34462, 45371, 8932, 9889, 43833, 8484, 14303, 3129, 49803, 10371, 43608, 28323, 32137, 37741, 10530, 49448, 22192, 2802, 21739, 13872, 8430, 49119, 1769, 27682, 46511, 47847, 18376, 28736, 21750, 21878, 49913, 41068, 32108, 31585, 37660, 19293, 48516, 27877, 14601, 42922, 49628, 32027, 46825, 17269, 16140, 46154, 29822, 40316, 46525, 30009, 31326, 39655, 3506, 31043, 45739)","(0, 1, 0, 1, 0, 0, 0, 1, 0, 1, 1, 1, 0, 1, 1, 0, 1, 0, 1, 1, 0, 0, 1, 1, 0, 1, 0, 1, 1, 1, 1, 1, 1, 0, 1, 1, 0, 0, 1, 1, 1, 1, 0, 1, 0, 1, 1, 0, 0, 1, 1, 0, 0, 1, 1, 0, 1, 0, 1, 0, 0, 1, 0, 1, 0, 1, 1, 0, 0, 0, 1, 1, 0, 0, 1, 0, 0, 1, 0, 0, 0, 0, 1, 0, 0, 0, 0, 1, 0, 1, 0, 1, 0, 1, 0, 1, 1, 1, 0, 0, 1, 0, 1, 0, 0, 1, 1, 1, 0, 0, 1, 1, 0, 1, 1, 1, 0, 1, 1, 0, 0, 1, 0, 1, 0, 0, 1, 0, 1, 0, 0, 1, 0, 1, 0, 0, 1, 0, 0, 1, 0, 1, 1, 1, 1, 0, 0, 1, 0, 0, 1, 1, 0, 0, 1, 0, 0, 1, 1, 0, 0, 1, 1, 1, 1, 1, 1, 1, 0, 1, 0, 1, 1, 1, 0, 0, 0, 1, 1, 1, 1, 0, 1, 1, 0, 1, 1, 0, 0, 1, 0, 0, 0, 0, 0, 1, 1, 1, 1, 0)"
91.574892,200,514.600575,6,"(1087, 17427, 1709, 45250, 3419, 26845, 47697, 45583, 25391, 42649, 27765, 3421, 32631, 32955, 26566, 10616, 44729, 10276, 37106, 42696, 7323, 31631, 48729, 33271, 47452, 37873, 13376, 49967, 28563, 21643, 34297, 47490, 38638, 32221, 24245, 46130, 24045, 17370, 42491, 1087, 19885, 197, 11397, 12018, 3284, 2512, 40853, 42641, 32544, 5229, 9733, 21672, 9539, 3293, 31764, 25081, 3988, 35561, 35745, 29203, 49824, 2803, 7535, 44543, 44776, 41262, 27717, 303, 4869, 34333, 37786, 34720, 40636, 44547, 3440, 29622, 5027, 6836, 35717, 13015, 8191, 48090, 40144, 30299, 30782, 16015, 9250, 16317, 5358, 25461, 33166, 24467, 25686, 4622, 26418, 14138, 27764, 10041, 16272, 41279, 9238, 34421, 13428, 1445, 8712, 7783, 42551, 39151, 2823, 7398, 25542, 19616, 35663, 43013, 19345, 11285, 26977, 33737, 43336, 12948, 217, 162, 431, 9373, 44169, 38089, 759, 7674, 19976, 46123, 17209, 773, 18185, 10977, 17726, 24942, 18436, 39877, 16403, 44110, 34989, 25342, 46403, 24738, 1826, 23838, 8860, 39487, 38609, 24787, 7203, 34783, 9948, 41923, 43786, 23804, 36939, 27662, 28319, 47465, 25871, 25522, 31220, 47454, 29121, 15308, 41391, 27047, 25901, 5593, 30405, 35137, 29080, 6219, 32996, 4094, 1469, 44226, 33385, 48489, 45664, 40822, 22198, 38693, 48528, 12185, 44601, 19589, 46550, 46605, 21409, 4317, 19805, 41302, 46842, 26495, 6754, 34343, 7004, 12414)","(1, 1, 1, 0, 1, 0, 0, 0, 1, 0, 1, 1, 0, 1, 0, 1, 0, 1, 1, 0, 1, 0, 1, 0, 0, 1, 1, 1, 0, 1, 1, 0, 0, 1, 1, 0, 0, 1, 0, 0, 0, 1, 1, 1, 0, 0, 0, 1, 0, 1, 1, 1, 1, 1, 1, 0, 1, 1, 0, 1, 0, 1, 1, 0, 0, 0, 0, 0, 1, 1, 1, 0, 0, 0, 1, 0, 1, 1, 1, 1, 1, 0, 0, 0, 0, 1, 1, 1, 1, 1, 0, 1, 1, 1, 1, 1, 1, 1, 1, 1, 1, 0, 1, 1, 0, 1, 1, 0, 1, 1, 1, 1, 0, 0, 1, 0, 0, 0, 0, 1, 1, 1, 1, 1, 0, 0, 1, 1, 1, 0, 0, 1, 1, 1, 1, 1, 1, 0, 0, 0, 0, 1, 0, 1, 1, 1, 1, 1, 0, 1, 1, 0, 0, 1, 0, 1, 0, 1, 0, 0, 1, 0, 1, 1, 1, 0, 1, 1, 1, 1, 0, 1, 0, 1, 0, 1, 1, 0, 1, 0, 0, 0, 1, 0, 0, 1, 0, 1, 0, 0, 1, 1, 1, 0, 0, 1, 1, 1, 1, 1)"
27.251564,200,516.989757,8,"(46929, 41888, 25672, 24303, 10923, 39881, 23413, 18008, 27533, 17789, 37902, 7018, 41179, 44465, 2901, 29188, 26906, 37251, 6586, 1845, 14985, 35312, 17808, 34682, 14424, 20270, 17992, 25661, 16573, 44376, 1093, 48911, 42662, 15445, 21588, 31327, 9581, 14302, 2846, 7598, 408, 47574, 1265, 43783, 23633, 26920, 49997, 49538, 27004, 41195, 13733, 16495, 38383, 36220, 17845, 42599, 17225, 2339, 40742, 24098, 49450, 13962, 2994, 44539, 5197, 19529, 41602, 22712, 44666, 13761, 48983, 32248, 14835, 23990, 46282, 22788, 42519, 43934, 30152, 38131, 9072, 36849, 35976, 49080, 3024, 33672, 28808, 15937, 19341, 21568, 12943, 16894, 3348, 9441, 8697, 48827, 21926, 15508, 172, 36158, 16308, 30870, 3329, 4705, 11552, 14549, 4645, 7150, 28444, 29944, 17308, 4940, 18776, 46091, 24989, 6353, 11876, 41137, 19845, 12437, 25685, 30596, 36734, 31292, 42303, 25840, 15411, 31706, 17566, 32593, 48904, 40408, 4189, 32328, 32630, 27761, 31260, 1085, 33200, 42505, 37734, 33021, 41851, 1136, 14637, 30000, 10350, 37771, 883, 23314, 17791, 15814, 19089, 46182, 42639, 46450, 21230, 23890, 37568, 10696, 32507, 13003, 48433, 18514, 27492, 1319, 586, 32770, 7197, 38054, 2158, 39174, 42180, 39, 7386, 7675, 36715, 34785, 47423, 47865, 42737, 42423, 6577, 32861, 20357, 7889, 24336, 47624, 36985, 19197, 34330, 27187, 10896, 23536, 23493, 46900, 34989, 38784, 47368, 10230)","(0, 0, 1, 1, 1, 0, 1, 0, 0, 0, 0, 0, 0, 0, 1, 0, 0, 0, 1, 1, 1, 0, 0, 0, 0, 1, 0, 1, 0, 0, 1, 0, 0, 1, 0, 1, 1, 0, 1, 1, 1, 0, 1, 0, 1, 0, 0, 0, 0, 0, 0, 0, 0, 0, 0, 0, 0, 0, 0, 1, 0, 1, 1, 0, 1, 1, 0, 0, 0, 0, 0, 0, 0, 1, 0, 0, 0, 0, 0, 0, 1, 0, 0, 0, 1, 0, 0, 1, 1, 1, 1, 1, 1, 1, 1, 0, 1, 1, 1, 0, 1, 0, 1, 1, 1, 1, 1, 0, 0, 0, 0, 1, 0, 0, 1, 1, 1, 0, 1, 1, 1, 0, 0, 1, 0, 0, 1, 0, 0, 0, 0, 0, 1, 0, 0, 0, 0, 1, 0, 0, 0, 0, 0, 1, 1, 0, 1, 0, 1, 1, 0, 1, 0, 0, 0, 0, 1, 1, 0, 1, 0, 0, 0, 0, 0, 1, 1, 0, 1, 0, 1, 0, 0, 1, 1, 1, 0, 0, 0, 0, 0, 0, 1, 0, 1, 1, 0, 0, 0, 1, 0, 1, 1, 1, 1, 0, 0, 0, 0, 1)"
75.321658,200,519.364991,4,"(49669, 3122, 24279, 25451, 3376, 42434, 23348, 46304, 13921, 14607, 33629, 5374, 38104, 26506, 47966, 352, 41132, 32096, 2280, 36628, 27228, 37748, 27889, 29968, 47395, 31838, 39242, 33921, 42057, 41558, 15225, 18730, 26568, 43746, 29278, 45223, 37765, 873, 32120, 42171, 48380, 25236, 37274, 22641, 9035, 2319, 27956, 42500, 41880, 20575, 29167, 7002, 30023, 47624, 2497, 47228, 26413, 19904, 14150, 2502, 48281, 32293, 11474, 14778, 953, 46104, 2754, 28576, 36691, 14161, 21103, 36667, 3526, 3024, 25282, 7067, 11245, 13194, 49840, 6383, 4029, 45524, 17976, 28207, 38236, 17660, 17649, 24968, 37749, 48411, 45115, 20491, 46047, 3937, 20636, 34790, 11194, 40845, 35261, 35097, 5130, 26944, 35168, 30001, 2736, 40780, 22933, 263, 16278, 10962, 8366, 13403, 37893, 26181, 44387, 1398, 2988, 36495, 42606, 32900, 0, 22463, 20956, 49416, 30818, 1641, 38536, 10868, 9604, 25707, 33626, 48947, 17701, 25090, 23547, 5936, 12223, 5790, 25267, 18106, 27274, 5569, 37020, 26459, 42514, 1194, 42429, 14855, 13397, 16292, 46154, 44890, 30284, 27937, 11470, 20149, 8605, 3435, 6095, 45152, 32470, 30526, 30360, 9258, 26744, 33419, 5244, 33947, 16657, 17377, 21398, 6727, 18025, 30937, 36967, 44193, 22097, 30956, 18203, 41271, 47258, 34477, 37864, 6859, 39464, 49544, 22343, 14272, 31663, 32594, 25305, 23732, 865, 26880, 16980, 38178, 45200, 37453, 4638, 12163)","(0, 1, 1, 0, 1, 0, 1, 1, 1, 1, 0, 1, 1, 0, 1, 1, 0, 0, 1, 0, 1, 1, 1, 0, 0, 1, 1, 0, 0, 0, 1, 0, 1, 0, 1, 1, 1, 1, 1, 0, 0, 1, 1, 0, 1, 0, 1, 0, 0, 1, 1, 1, 0, 0, 0, 0, 1, 1, 1, 1, 0, 1, 1, 1, 1, 0, 1, 1, 0, 1, 1, 0, 1, 1, 1, 0, 0, 1, 0, 1, 1, 1, 1, 0, 0, 0, 0, 1, 1, 0, 0, 1, 0, 0, 1, 0, 1, 0, 0, 0, 1, 0, 1, 0, 1, 0, 0, 1, 0, 1, 1, 0, 0, 1, 0, 1, 1, 0, 0, 0, 1, 0, 1, 1, 0, 1, 0, 1, 1, 0, 1, 0, 0, 1, 1, 1, 1, 1, 1, 1, 1, 1, 1, 0, 0, 1, 1, 1, 1, 1, 0, 0, 0, 0, 1, 1, 1, 1, 1, 0, 1, 0, 0, 1, 0, 0, 1, 1, 1, 1, 1, 1, 0, 0, 1, 0, 1, 0, 1, 0, 0, 1, 0, 1, 0, 0, 0, 1, 1, 0, 1, 1, 1, 1, 1, 0, 1, 1, 1, 1)"
92.896282,200,521.729433,1,"(28182, 33517, 16879, 16875, 40086, 42768, 21630, 42981, 31140, 38917, 13886, 31988, 27891, 31403, 40732, 25234, 33171, 40366, 49047, 42100, 21052, 29520, 15460, 13798, 47837, 36023, 44912, 29702, 28339, 15830, 7458, 4428, 22339, 14033, 18548, 49659, 9806, 34887, 28932, 9822, 12701, 27846, 16079, 18870, 40601, 36352, 49522, 964, 15971, 35341, 31723, 46541, 20306, 2125, 23755, 14267, 25751, 17689, 31310, 24632, 674, 47331, 43740, 47410, 9292, 27508, 18544, 41035, 8990, 35895, 36389, 13622, 9581, 4516, 20614, 7362, 15833, 1378, 44473, 17308, 47044, 44488, 38001, 48811, 35374, 10283, 49791, 32225, 5241, 31410, 5616, 30033, 17007, 16190, 40698, 46331, 11072, 31908, 5000, 20387, 19932, 46512, 20626, 12678, 7334, 28446, 22758, 15199, 10089, 21265, 47384, 43057, 27436, 29227, 4964, 26568, 25710, 19015, 49644, 45833, 9943, 25461, 45813, 14079, 5426, 36725, 12378, 48290, 18543, 42038, 6845, 6029, 46625, 20473, 20203, 40157, 40341, 40742, 9196, 4710, 15934, 49626, 36561, 457, 27224, 27642, 33970, 4871, 34730, 31666, 1861, 49390, 26325, 31268, 24591, 13443, 47561, 2380, 44432, 20901, 40272, 17700, 3028, 39437, 47666, 23814, 40944, 44059, 37887, 9892, 6543, 26699, 3269, 45378, 23339, 36846, 27623, 48635, 11235, 22079, 44408, 49410, 20161, 48340, 24985, 48326, 24439, 3088, 10602, 47364, 40154, 3061, 31604, 1841, 40703, 27005, 7340, 674, 26174, 40708)","(0, 0, 1, 0, 1, 0, 1, 1, 0, 1, 1, 0, 1, 0, 0, 1, 0, 0, 1, 1, 1, 0, 1, 0, 0, 0, 0, 1, 0, 0, 0, 1, 0, 1, 1, 0, 0, 0, 1, 1, 1, 0, 0, 1, 0, 0, 1, 1, 1, 0, 0, 0, 1, 1, 0, 1, 0, 1, 1, 1, 1, 1, 0, 1, 1, 0, 0, 0, 1, 1, 1, 1, 1, 1, 1, 1, 0, 1, 0, 0, 0, 0, 0, 1, 0, 1, 0, 1, 1, 1, 1, 0, 1, 0, 1, 0, 1, 1, 1, 1, 1, 0, 1, 1, 1, 1, 0, 1, 1, 1, 0, 1, 1, 1, 1, 1, 0, 1, 0, 1, 1, 1, 0, 1, 1, 0, 0, 0, 1, 0, 1, 1, 0, 1, 1, 0, 0, 0, 1, 1, 1, 0, 1, 1, 1, 0, 0, 1, 1, 1, 1, 0, 1, 1, 1, 1, 0, 1, 0, 1, 0, 1, 1, 1, 1, 1, 1, 0, 0, 1, 0, 0, 1, 0, 1, 1, 1, 1, 1, 1, 0, 0, 1, 0, 1, 1, 1, 1, 1, 1, 0, 1, 0, 1, 0, 0, 1, 0, 1, 1)"
66.903124,200,524.230232,6,"(16937, 39177, 10711, 30657, 3507, 14592, 42853, 35703, 16808, 40433, 27752, 30574, 12046, 45318, 5684, 3481, 29803, 44805, 9900, 43097, 33199, 22908, 28788, 5298, 6754, 21457, 766, 8103, 2432, 48705, 48398, 12809, 31597, 11675, 45351, 45204, 2563, 4142, 11270, 48550, 17109, 6313, 45167, 2532, 15087, 44369, 22477, 13189, 22358, 29005, 21303, 7582, 10259, 22800, 47439, 16383, 11425, 42303, 6607, 8176, 7730, 47970, 47981, 20366, 36295, 38155, 32166, 27263, 14144, 39899, 1332, 47104, 37013, 13263, 47383, 18093, 36574, 34847, 37668, 2684, 11045, 36479, 45696, 44832, 15706, 35088, 12539, 37996, 11607, 22181, 31701, 31274, 30894, 15724, 2924, 42386, 1569, 38575, 30181, 44679, 33176, 33579, 39966, 5105, 18974, 21737, 7399, 6087, 34485, 28500, 26616, 1515, 10118, 18798, 49866, 8007, 686, 27111, 4745, 33234, 9904, 28913, 1211, 37667, 865, 4842, 9589, 26726, 47658, 37813, 10778, 36644, 16076, 10515, 6895, 14437, 20761, 39201, 5538, 46675, 34123, 33117, 40414, 29805, 48820, 40142, 24199, 25739, 35304, 34106, 3695, 26630, 42798, 28916, 16971, 4910, 23119, 2028, 7692, 26616, 19019, 7121, 30550, 48673, 34715, 43435, 20123, 3790, 4054, 8629, 39818, 31989, 18173, 35175, 42489, 24705, 40274, 37798, 25089, 34579, 21138, 23552, 6785, 17152, 13450, 708, 15561, 1393, 17623, 22834, 27491, 40535, 48097, 12829, 14867, 33072, 15800, 11061, 29691, 33408)","(1, 0, 1, 0, 1, 1, 0, 1, 1, 0, 1, 0, 1, 0, 1, 1, 0, 0, 1, 0, 1, 0, 1, 1, 1, 1, 1, 1, 1, 0, 0, 0, 1, 1, 0, 1, 1, 1, 0, 0, 1, 1, 0, 1, 1, 0, 0, 1, 0, 1, 1, 1, 1, 0, 0, 1, 1, 0, 1, 1, 1, 1, 0, 1, 0, 0, 0, 0, 1, 0, 0, 0, 0, 0, 0, 0, 0, 0, 0, 1, 1, 0, 0, 0, 0, 0, 1, 0, 1, 0, 0, 1, 0, 0, 1, 0, 1, 0, 0, 0, 1, 1, 0, 1, 1, 1, 1, 1, 0, 1, 1, 1, 1, 0, 0, 0, 1, 0, 1, 1, 1, 1, 1, 0, 1, 1, 1, 0, 1, 1, 1, 0, 0, 0, 1, 1, 1, 0, 1, 0, 0, 0, 0, 1, 0, 0, 1, 0, 1, 0, 1, 0, 1, 0, 1, 0, 0, 1, 1, 0, 0, 1, 0, 0, 0, 0, 1, 1, 1, 1, 0, 1, 0, 1, 0, 1, 0, 0, 1, 1, 0, 1, 1, 0, 1, 1, 1, 1, 0, 0, 0, 0, 1, 1, 0, 0, 1, 1, 1, 0)"
99.360836,200,526.704784,5,"(28948, 39907, 33473, 15738, 29563, 37005, 759, 39773, 21063, 40105, 42860, 22270, 44839, 13417, 5275, 17682, 33060, 36568, 30405, 32595, 22861, 32157, 47295, 36636, 41090, 35174, 46662, 33449, 49548, 33529, 16595, 8012, 49980, 24455, 12817, 24435, 38724, 31779, 39286, 26746, 2115, 23760, 34178, 7025, 6604, 22971, 7289, 33352, 21666, 40989, 9201, 28031, 7713, 1485, 14050, 5939, 24838, 36642, 40363, 35123, 31654, 2212, 32066, 9861, 9106, 925, 31553, 19696, 29567, 38995, 2026, 48091, 48635, 17642, 35270, 32664, 46679, 20245, 12280, 16431, 26384, 13240, 38589, 22865, 28460, 26655, 19420, 45953, 13421, 38779, 18994, 43694, 42337, 39171, 8098, 38944, 43499, 3307, 16919, 49275, 35971, 15067, 16477, 25812, 32299, 36392, 21192, 11340, 11765, 21776, 210, 39113, 5341, 26780, 36140, 17644, 44148, 6289, 26779, 4822, 44472, 11852, 44370, 12051, 13700, 17336, 21396, 25351, 43677, 27328, 27157, 3656, 32046, 462, 32675, 6372, 2563, 5611, 33374, 39875, 6926, 18231, 23920, 3498, 41923, 30500, 49076, 30998, 28285, 905, 31919, 17337, 4911, 6650, 2703, 47040, 29200, 38903, 33733, 12678, 45212, 11616, 13737, 14298, 33002, 10576, 7220, 1176, 47049, 16867, 17353, 31262, 5772, 6842, 33941, 33572, 39384, 27795, 36208, 6837, 11590, 38291, 16652, 1916, 39534, 42116, 39578, 43249, 26885, 36486, 6913, 17539, 40947, 45568, 31723, 27317, 48609, 6361, 21534, 31531)","(1, 1, 0, 1, 0, 1, 1, 0, 1, 0, 1, 0, 0, 1, 1, 1, 1, 1, 0, 0, 0, 1, 0, 0, 1, 0, 0, 0, 0, 0, 1, 1, 0, 0, 1, 1, 0, 0, 1, 0, 1, 1, 0, 1, 1, 0, 0, 0, 0, 0, 1, 0, 1, 1, 1, 1, 0, 0, 0, 1, 1, 1, 1, 1, 1, 1, 1, 1, 1, 0, 1, 1, 1, 1, 1, 0, 1, 0, 0, 1, 1, 1, 0, 0, 1, 1, 0, 0, 1, 1, 1, 1, 0, 0, 1, 0, 0, 0, 1, 0, 0, 1, 1, 0, 0, 0, 1, 1, 1, 1, 1, 0, 1, 1, 0, 1, 1, 1, 0, 1, 0, 1, 1, 1, 0, 1, 0, 0, 0, 1, 1, 1, 1, 1, 1, 1, 1, 1, 0, 0, 1, 1, 1, 1, 1, 0, 1, 1, 0, 1, 0, 0, 1, 1, 1, 1, 1, 1, 0, 1, 0, 1, 0, 1, 1, 0, 1, 1, 1, 1, 0, 1, 1, 1, 1, 0, 0, 0, 0, 1, 1, 0, 1, 1, 0, 0, 1, 0, 1, 0, 1, 0, 1, 1, 0, 0, 1, 1, 1, 0)"
87.752715,200,529.072424,1,"(43090, 23970, 35463, 4723, 7850, 15583, 43918, 47133, 276, 27154, 35198, 32248, 213, 10180, 36638, 3440, 19956, 36175, 32170, 14621, 31339, 45579, 20758, 15452, 4177, 32413, 67, 2762, 19153, 10765, 8791, 35258, 32846, 6763, 31570, 561, 38123, 10801, 48375, 31885, 192, 23287, 41017, 844, 32738, 41766, 30469, 17470, 1728, 48910, 25041, 47171, 9404, 13630, 33907, 15915, 22783, 33602, 6962, 6761, 2601, 28154, 41989, 17493, 9565, 22399, 2844, 25822, 39509, 12511, 23025, 42584, 30764, 25853, 8770, 11810, 10264, 20290, 38594, 35127, 32484, 32546, 39806, 9854, 4879, 35901, 8756, 2774, 27984, 37266, 34957, 24768, 29427, 19928, 22552, 28555, 26, 14504, 15038, 3068, 2294, 18221, 6342, 39268, 19515, 34986, 8834, 8394, 3141, 33678, 29050, 3853, 36145, 1371, 29308, 23555, 47583, 22467, 33607, 38172, 44627, 16394, 21579, 1762, 7315, 38295, 11854, 8275, 12933, 577, 1697, 4138, 9558, 36463, 2676, 44924, 24722, 17824, 31749, 29567, 24333, 45719, 2343, 10603, 28234, 192, 13656, 19240, 4608, 17194, 23046, 32415, 46099, 31156, 34937, 38865, 22746, 36538, 29719, 45472, 26964, 33141, 42378, 4241, 35101, 28605, 38002, 30618, 40678, 20216, 17669, 42027, 4123, 12293, 15587, 13877, 21852, 26785, 16133, 47079, 41392, 27745, 37062, 17315, 42424, 23335, 46920, 11089, 25424, 20550, 19776, 14884, 20847, 40335, 26002, 17330, 329, 44954, 30961, 46124)","(1, 1, 0, 1, 1, 1, 0, 0, 1, 1, 0, 0, 1, 1, 0, 1, 1, 1, 0, 1, 1, 0, 0, 1, 1, 0, 1, 1, 0, 1, 1, 1, 0, 1, 0, 1, 0, 1, 1, 1, 1, 1, 0, 1, 0, 1, 0, 0, 1, 0, 1, 1, 1, 1, 0, 0, 0, 0, 1, 1, 1, 0, 0, 1, 1, 0, 1, 0, 0, 1, 0, 1, 0, 1, 1, 1, 1, 1, 0, 0, 0, 1, 1, 1, 1, 1, 1, 1, 1, 0, 1, 0, 0, 1, 0, 0, 1, 0, 0, 1, 0, 1, 0, 0, 1, 0, 1, 1, 1, 1, 0, 1, 1, 1, 1, 1, 1, 0, 1, 0, 0, 1, 1, 1, 1, 0, 1, 1, 1, 1, 1, 1, 1, 0, 1, 0, 1, 0, 0, 1, 1, 0, 1, 1, 0, 0, 1, 1, 0, 1, 0, 1, 0, 0, 0, 1, 0, 1, 1, 0, 0, 0, 0, 1, 0, 1, 0, 0, 0, 1, 1, 0, 1, 1, 0, 1, 0, 1, 1, 1, 0, 0, 1, 0, 0, 1, 0, 0, 1, 0, 1, 0, 1, 1, 1, 0, 1, 0, 0, 0)"
77.703671,200,531.950416,6,"(9376, 35903, 5889, 32795, 22163, 7994, 47037, 14930, 3664, 38486, 12382, 4671, 34005, 15963, 5656, 31198, 47071, 23898, 40940, 37571, 3844, 2570, 47337, 30848, 29115, 35720, 47161, 31752, 40110, 6838, 49619, 27350, 38795, 29637, 44108, 22086, 11370, 6028, 6881, 29217, 34301, 15441, 38223, 45043, 363, 443, 36947, 12265, 46154, 48855, 5118, 22423, 4213, 17771, 30678, 1061, 27435, 25000, 11593, 41798, 2376, 14166, 49856, 5843, 18539, 27858, 25144, 1495, 26767, 31421, 13505, 8952, 37104, 16133, 14672, 14557, 2710, 8999, 2924, 1317, 38585, 2740, 44918, 48308, 34754, 37495, 25331, 10769, 23567, 13276, 36333, 14285, 4001, 2081, 13284, 21408, 38125, 30368, 19431, 13459, 61, 34223, 29085, 23797, 30971, 30914, 42712, 9073, 16870, 24273, 37918, 4776, 27168, 41930, 29838, 31333, 24829, 44076, 35704, 4541, 13665, 14764, 11003, 49378, 688, 43213, 47755, 6702, 12015, 9816, 19955, 11528, 35110, 31378, 42919, 23483, 20642, 45728, 23578, 33597, 44483, 41637, 39426, 23825, 20577, 2561, 1445, 7789, 18462, 35627, 18096, 34272, 27976, 3423, 27970, 36551, 39693, 44814, 30247, 232, 49548, 18417, 13550, 25448, 37071, 36956, 48341, 36153, 20957, 3353, 29853, 3312, 18213, 45460, 8980, 12299, 38531, 25297, 1690, 2402, 8393, 36900, 23497, 45369, 8464, 42549, 34104, 25716, 1956, 39062, 47647, 44131, 19658, 21607, 32596, 48145, 25586, 5219, 23183, 41838)","(1, 0, 1, 1, 1, 1, 0, 1, 1, 0, 1, 1, 0, 1, 1, 1, 0, 1, 1, 1, 1, 1, 0, 0, 1, 0, 0, 1, 0, 1, 0, 0, 0, 0, 0, 1, 0, 1, 1, 1, 1, 1, 0, 0, 1, 1, 0, 1, 0, 0, 1, 0, 0, 1, 0, 1, 0, 0, 1, 1, 0, 1, 0, 1, 0, 0, 0, 1, 0, 1, 0, 1, 1, 1, 1, 1, 1, 1, 1, 1, 1, 1, 0, 0, 0, 1, 0, 1, 1, 1, 0, 1, 0, 1, 1, 1, 0, 0, 1, 1, 1, 0, 1, 1, 0, 0, 0, 1, 0, 1, 0, 1, 1, 0, 0, 1, 1, 0, 0, 1, 1, 1, 1, 0, 1, 0, 1, 1, 1, 0, 1, 1, 0, 1, 0, 1, 1, 0, 1, 1, 0, 0, 0, 1, 1, 1, 1, 1, 1, 0, 0, 0, 1, 1, 1, 0, 0, 0, 0, 1, 0, 1, 1, 0, 0, 1, 0, 1, 1, 1, 0, 1, 1, 0, 1, 0, 1, 1, 1, 0, 1, 0, 1, 0, 1, 0, 0, 0, 1, 0, 1, 0, 1, 0, 1, 0, 1, 1, 0, 0)"
53.456673,200,541.930688,7,"(3540, 1886, 28364, 39696, 48679, 12336, 29713, 49692, 9671, 43361, 41036, 11410, 23287, 40411, 28910, 37703, 5879, 42637, 18029, 40308, 32512, 20880, 44094, 12338, 42937, 4307, 10664, 41992, 2276, 9532, 40972, 12929, 45062, 3575, 1418, 1425, 44528, 22862, 19587, 44573, 9667, 28715, 9990, 40746, 44767, 20736, 30308, 46302, 5132, 23269, 42390, 837, 30849, 18348, 7080, 17396, 38120, 37104, 28282, 23540, 35646, 34156, 28686, 49601, 18360, 42315, 10933, 47023, 34623, 16959, 35936, 36382, 14870, 33522, 3520, 8734, 25356, 36020, 1813, 42398, 8316, 8286, 9398, 20688, 11640, 11423, 36251, 41794, 31365, 36603, 9573, 7763, 684, 24465, 38744, 47630, 26425, 33017, 3437, 48723, 29682, 11278, 46305, 3289, 10850, 30790, 12138, 15190, 36762, 857, 18638, 5505, 29836, 10265, 5087, 27388, 23293, 44621, 26593, 10764, 22994, 11613, 42022, 11808, 6755, 20093, 43348, 40365, 24514, 6602, 29028, 29862, 35167, 21872, 37162, 31422, 42032, 17265, 40279, 35414, 24248, 40057, 34447, 23974, 9570, 38953, 14124, 41342, 49872, 7134, 5563, 47213, 15042, 40243, 40335, 36693, 29946, 44182, 25301, 45846, 28534, 20426, 19307, 10547, 23819, 36426, 43657, 9984, 48177, 1202, 37027, 20345, 41538, 18681, 32593, 29805, 8254, 20538, 10155, 24919, 43847, 10117, 40667, 13090, 14012, 41247, 44792, 18776, 42123, 33750, 47301, 28749, 33552, 39692, 16950, 6388, 48310, 15043, 32148, 3171)","(1, 1, 0, 0, 0, 1, 1, 0, 1, 0, 0, 1, 1, 0, 0, 1, 1, 0, 1, 0, 0, 1, 0, 1, 0, 1, 1, 0, 1, 1, 0, 1, 0, 1, 1, 1, 0, 0, 1, 0, 1, 0, 1, 0, 0, 1, 0, 0, 1, 0, 0, 1, 0, 1, 1, 0, 1, 0, 0, 1, 1, 0, 1, 0, 1, 0, 1, 0, 0, 1, 0, 0, 1, 0, 1, 1, 1, 0, 1, 0, 1, 1, 1, 1, 1, 1, 1, 0, 1, 0, 1, 1, 1, 1, 0, 0, 1, 0, 1, 0, 1, 0, 0, 1, 1, 0, 1, 1, 0, 1, 0, 1, 0, 1, 1, 0, 1, 0, 1, 1, 0, 0, 0, 1, 0, 1, 0, 0, 1, 1, 1, 0, 0, 1, 1, 1, 0, 0, 0, 0, 1, 0, 0, 1, 1, 0, 1, 0, 0, 1, 1, 0, 1, 0, 0, 0, 0, 0, 1, 0, 1, 0, 1, 1, 1, 1, 0, 1, 0, 1, 0, 1, 0, 1, 0, 1, 1, 0, 1, 1, 0, 1, 0, 1, 1, 0, 0, 0, 0, 0, 0, 1, 0, 0, 1, 1, 0, 1, 0, 1)"
48.964915,200,544.347275,7,"(41628, 32233, 24045, 17162, 19193, 2019, 9787, 13453, 9014, 29857, 1044, 22326, 34525, 10308, 15749, 9344, 3084, 11156, 18388, 7362, 40922, 7656, 32366, 19681, 885, 46605, 18728, 2012, 1863, 43032, 32714, 46823, 36132, 11606, 39790, 19628, 7955, 23484, 14288, 16310, 33720, 27717, 3631, 21790, 34594, 3462, 39886, 6199, 35952, 27311, 4585, 45697, 39609, 7571, 5541, 19902, 39525, 10625, 10410, 3973, 41784, 2681, 923, 36608, 30104, 7798, 14821, 49622, 37280, 25988, 13242, 20941, 19616, 33195, 20831, 23177, 8420, 27210, 14162, 49117, 11052, 38532, 13801, 9151, 24369, 30120, 47629, 46128, 13185, 32374, 13937, 9923, 30395, 32904, 31492, 12823, 36647, 47585, 34394, 49127, 36791, 10864, 14630, 30099, 11748, 8270, 20590, 12080, 46907, 33765, 43609, 34920, 48351, 16315, 25916, 43476, 40952, 9225, 5318, 10597, 14513, 48860, 9585, 45620, 31223, 16675, 26839, 38683, 40074, 40331, 37650, 35181, 34357, 31076, 47117, 41143, 34512, 22152, 22329, 16539, 22408, 35815, 39069, 32777, 47313, 6914, 36193, 7070, 8966, 9910, 29882, 24192, 14969, 30655, 16962, 14291, 19379, 21782, 50017, 43277, 26282, 41846, 1612, 4999, 9115, 46573, 46254, 43745, 13871, 12674, 48853, 7627, 30566, 18516, 22231, 26529, 19551, 12125, 19160, 33351, 14438, 698, 26819, 39811, 7701, 46163, 21073, 9922, 35707, 34853, 1530, 47736, 12605, 17388, 8489, 48455, 49020, 19628, 34828, 5483)","(0, 0, 0, 1, 1, 1, 1, 1, 0, 0, 1, 0, 0, 1, 1, 1, 1, 0, 0, 1, 0, 1, 0, 1, 1, 0, 1, 1, 1, 0, 0, 0, 0, 1, 0, 1, 1, 1, 1, 1, 0, 0, 1, 1, 0, 1, 0, 1, 0, 0, 1, 0, 0, 1, 1, 0, 0, 1, 1, 1, 0, 1, 1, 0, 0, 1, 1, 0, 0, 0, 1, 1, 1, 0, 1, 0, 0, 1, 0, 0, 1, 0, 0, 1, 1, 1, 0, 0, 1, 0, 1, 1, 0, 0, 0, 1, 0, 0, 0, 0, 0, 1, 1, 0, 1, 1, 0, 1, 0, 0, 0, 0, 0, 1, 1, 0, 0, 1, 1, 1, 1, 0, 1, 0, 1, 1, 0, 0, 0, 0, 0, 0, 0, 0, 0, 0, 0, 1, 0, 1, 0, 0, 0, 0, 0, 1, 0, 0, 1, 1, 0, 1, 1, 0, 1, 1, 1, 1, 0, 0, 1, 0, 1, 1, 1, 0, 0, 0, 1, 0, 0, 1, 0, 1, 0, 0, 1, 1, 1, 0, 1, 1, 0, 0, 1, 0, 0, 1, 0, 0, 1, 0, 1, 0, 1, 0, 0, 0, 0, 0)"
63.310075,200,546.976261,3,"(33432, 50023, 10371, 45657, 46382, 35532, 12497, 11262, 5280, 36694, 1872, 27958, 34846, 41676, 1351, 10917, 32804, 44356, 8065, 8791, 11388, 43412, 12013, 34894, 5006, 29530, 13357, 28357, 30416, 35540, 31538, 43499, 49453, 34842, 1926, 46339, 36360, 46894, 29047, 38091, 1663, 17342, 31354, 47179, 12726, 22573, 16622, 33464, 41481, 32583, 44688, 41744, 36963, 25523, 32592, 6867, 31484, 20898, 11892, 25459, 47798, 11585, 36495, 5507, 30322, 6644, 14648, 33354, 5634, 28773, 8425, 45407, 8683, 380, 39393, 4350, 4865, 43126, 11630, 21861, 8106, 44298, 21590, 44752, 41562, 22459, 44568, 27184, 11913, 4799, 27698, 9414, 28838, 3099, 10315, 25721, 44937, 31021, 24516, 15876, 48831, 4579, 48159, 6139, 31756, 273, 1521, 45148, 18678, 6087, 16466, 2444, 41304, 16453, 47550, 38147, 49019, 42576, 19883, 19668, 27362, 38185, 33428, 8186, 24114, 23625, 28887, 9983, 46712, 43348, 36207, 17803, 18507, 5332, 34605, 17532, 37537, 26922, 21584, 15870, 49076, 2013, 8559, 75, 11833, 18506, 44720, 10979, 30818, 1195, 28240, 44501, 42659, 31460, 45609, 19811, 45354, 4528, 88, 3086, 15833, 27598, 3238, 33461, 33757, 845, 16959, 38320, 5572, 35740, 12642, 20425, 44723, 15474, 10966, 28530, 21090, 44257, 2311, 3065, 40289, 26199, 42015, 10997, 13064, 31937, 36547, 15844, 32404, 22404, 49601, 37793, 47972, 38523, 15466, 27591, 8702, 33100, 45061, 18946)","(0, 0, 1, 0, 1, 1, 1, 0, 1, 0, 1, 1, 0, 0, 1, 1, 0, 0, 1, 1, 1, 0, 1, 0, 1, 1, 1, 0, 0, 1, 1, 0, 1, 0, 1, 1, 0, 0, 1, 0, 1, 0, 1, 0, 1, 0, 1, 0, 1, 1, 0, 0, 0, 0, 0, 1, 1, 0, 1, 0, 0, 1, 0, 1, 0, 1, 1, 0, 1, 1, 1, 0, 1, 1, 0, 1, 1, 0, 1, 1, 1, 0, 0, 0, 0, 0, 0, 1, 0, 1, 1, 1, 1, 1, 1, 1, 0, 1, 0, 1, 1, 1, 0, 1, 0, 1, 1, 0, 1, 1, 1, 1, 1, 1, 0, 0, 0, 0, 0, 0, 1, 0, 0, 1, 1, 1, 1, 1, 0, 0, 1, 1, 1, 1, 0, 0, 1, 0, 1, 1, 1, 1, 1, 1, 1, 1, 0, 1, 0, 1, 0, 0, 0, 1, 0, 1, 0, 1, 1, 1, 0, 0, 1, 0, 0, 1, 1, 0, 1, 0, 1, 1, 0, 0, 1, 1, 1, 0, 1, 0, 0, 1, 0, 1, 0, 1, 0, 1, 0, 0, 0, 0, 0, 0, 1, 0, 0, 1, 0, 1)"
132.464063,200,549.395228,5,"(8563, 18991, 41810, 29850, 15558, 7578, 27893, 24296, 35574, 41465, 46620, 8369, 19935, 36663, 36773, 49699, 2154, 23383, 14559, 36730, 35796, 46895, 10011, 3267, 35769, 31364, 47882, 7854, 35375, 8968, 46968, 42271, 19437, 14693, 34779, 33854, 18039, 12180, 24946, 11585, 28464, 5745, 36608, 43623, 5415, 7844, 4512, 6940, 4777, 45986, 8552, 23535, 9249, 3377, 26402, 39908, 15366, 34425, 34971, 30828, 42204, 13437, 29837, 24001, 34892, 41726, 44701, 45496, 7650, 7983, 24564, 1314, 36650, 2436, 44144, 32410, 11543, 26723, 37272, 26373, 22220, 2027, 17830, 2480, 1473, 10342, 48299, 6148, 48736, 21603, 6530, 49260, 44494, 47201, 35589, 7749, 34914, 10712, 18809, 43959, 15437, 842, 46144, 30504, 17336, 25725, 11286, 5902, 3193, 4201, 49579, 28883, 44582, 43079, 26929, 49107, 15243, 10482, 19009, 5599, 13607, 13619, 32681, 36355, 5599, 29575, 25370, 6888, 26705, 20881, 13823, 37384, 2882, 14417, 37495, 28099, 565, 100, 22611, 2440, 13764, 21334, 24622, 12110, 45249, 13986, 4999, 47982, 48966, 13011, 208, 29828, 20510, 42175, 13384, 46747, 34441, 1354, 32034, 32995, 4927, 11584, 33085, 24635, 18074, 17275, 3552, 28844, 32423, 2502, 4473, 22049, 34421, 30700, 32470, 34705, 2883, 35350, 44744, 9695, 12501, 5360, 23658, 1240, 2604, 46752, 26563, 8995, 24102, 1109, 32503, 8926, 22141, 25796, 41608, 8232, 27571, 21375, 33270, 30297)","(1, 1, 0, 0, 1, 1, 1, 1, 1, 0, 1, 1, 1, 0, 0, 0, 1, 1, 1, 0, 1, 0, 1, 1, 0, 1, 0, 1, 1, 1, 1, 0, 1, 1, 1, 1, 0, 1, 1, 1, 1, 1, 0, 0, 1, 1, 1, 1, 1, 0, 1, 1, 1, 1, 0, 1, 1, 0, 0, 0, 0, 1, 0, 1, 0, 1, 0, 1, 1, 1, 1, 1, 0, 1, 0, 1, 1, 0, 1, 0, 1, 1, 0, 1, 1, 1, 0, 1, 1, 1, 1, 1, 0, 1, 1, 1, 0, 1, 1, 0, 1, 1, 1, 0, 1, 1, 0, 1, 1, 1, 1, 1, 0, 1, 1, 0, 1, 1, 1, 1, 1, 1, 0, 1, 0, 1, 1, 1, 1, 1, 1, 1, 1, 1, 1, 0, 1, 1, 0, 1, 0, 1, 1, 1, 0, 1, 1, 0, 0, 1, 1, 0, 1, 0, 1, 1, 0, 1, 0, 0, 1, 1, 1, 1, 1, 0, 1, 1, 1, 1, 1, 0, 0, 0, 1, 0, 1, 0, 0, 1, 1, 1, 1, 1, 1, 0, 1, 1, 1, 1, 0, 0, 0, 0, 0, 1, 0, 1, 0, 0)"
106.7237,200,551.79044,1,"(23559, 12646, 17503, 18962, 44611, 48187, 34351, 25440, 22394, 26526, 21155, 26178, 25960, 26104, 29488, 7441, 47358, 9357, 23172, 23350, 48708, 23296, 38043, 5257, 36672, 13303, 18383, 13965, 3068, 49794, 1364, 19323, 31609, 11, 4659, 44612, 19433, 23300, 31684, 164, 34446, 25252, 16125, 25483, 16721, 41060, 12185, 31426, 5769, 22877, 14607, 48360, 20019, 14895, 41631, 40399, 34610, 25955, 32384, 19854, 12367, 46788, 1795, 2425, 40720, 34931, 27732, 35697, 21214, 7405, 8276, 14017, 44656, 42741, 2946, 9584, 40125, 35966, 16112, 25956, 29360, 8824, 13217, 31125, 10159, 24242, 18817, 12053, 39884, 20428, 23242, 39273, 40583, 8454, 22885, 22764, 23211, 5726, 34637, 19202, 26151, 25762, 48815, 36072, 15543, 5297, 23113, 13538, 23070, 45931, 34774, 16967, 35743, 29606, 46367, 36785, 10874, 30562, 8653, 1917, 45014, 33746, 38348, 49386, 48006, 17242, 10405, 6389, 31000, 19527, 27235, 45115, 46239, 20820, 15248, 19801, 37800, 17909, 21103, 32274, 15723, 49324, 44506, 24505, 12624, 21398, 31185, 38199, 39885, 2070, 18833, 41395, 15245, 14593, 6149, 19725, 9333, 23390, 9359, 6379, 13595, 34392, 25408, 28124, 44591, 27116, 42450, 29072, 36668, 16246, 8809, 36620, 27696, 923, 34795, 24981, 6695, 3000, 12211, 39631, 13768, 24453, 38355, 41370, 21802, 6868, 28963, 26077, 41242, 23656, 43638, 43540, 24340, 20655, 6052, 17315, 4158, 3669, 16730, 8566)","(0, 1, 1, 1, 0, 1, 0, 1, 0, 1, 1, 1, 1, 1, 1, 1, 0, 1, 0, 1, 0, 0, 0, 1, 1, 1, 1, 1, 1, 0, 1, 1, 1, 1, 1, 0, 1, 1, 0, 1, 0, 1, 1, 1, 1, 1, 1, 1, 0, 0, 1, 1, 0, 1, 0, 0, 0, 0, 0, 0, 1, 0, 1, 0, 0, 1, 1, 1, 1, 1, 1, 1, 0, 0, 1, 1, 1, 1, 1, 1, 1, 1, 1, 0, 1, 1, 1, 1, 0, 0, 0, 0, 0, 1, 0, 0, 0, 1, 1, 1, 1, 0, 0, 0, 1, 1, 0, 1, 0, 0, 0, 1, 1, 1, 0, 0, 1, 0, 1, 1, 0, 0, 0, 0, 1, 1, 1, 1, 1, 1, 0, 0, 0, 0, 1, 1, 0, 1, 1, 1, 1, 0, 0, 1, 1, 1, 1, 0, 0, 1, 1, 0, 1, 1, 1, 1, 1, 0, 1, 1, 0, 1, 1, 1, 0, 0, 0, 1, 0, 1, 1, 0, 0, 1, 0, 1, 1, 1, 1, 0, 0, 1, 0, 0, 1, 1, 1, 0, 1, 1, 0, 0, 1, 1, 1, 0, 1, 0, 0, 1)"
68.881515,200,554.20636,6,"(18901, 39147, 38604, 47570, 44005, 32700, 46829, 48545, 18508, 39790, 48111, 30192, 19915, 3261, 18055, 43603, 34003, 20178, 24977, 15273, 5421, 25814, 35454, 32858, 38506, 12661, 5314, 13943, 3385, 7462, 43443, 20327, 5143, 46800, 35048, 15317, 35841, 34843, 14112, 45334, 19163, 5975, 35148, 23757, 7529, 45295, 27268, 30187, 11899, 19691, 9714, 16812, 5426, 27367, 38415, 29164, 21626, 16947, 29818, 28858, 11669, 22717, 3667, 32111, 48666, 6329, 4779, 41969, 7413, 42011, 36417, 41175, 8421, 17702, 12050, 36357, 25676, 5111, 10504, 35742, 42098, 398, 13014, 47972, 38673, 5130, 12679, 8137, 20890, 12176, 36888, 46165, 34253, 15025, 23731, 14163, 23717, 20611, 41411, 31854, 11221, 11866, 24050, 7224, 17504, 7004, 30406, 16308, 42772, 7300, 32461, 41477, 43978, 32088, 41262, 34687, 23641, 33409, 27211, 49398, 19275, 37595, 34534, 20500, 5960, 5730, 33930, 36795, 8637, 477, 12570, 777, 7268, 48129, 36883, 26870, 10885, 16779, 28226, 19313, 369, 36050, 25483, 47292, 44744, 41906, 47651, 32479, 1271, 12927, 37595, 30617, 24016, 31520, 14283, 46299, 25813, 22833, 11472, 45426, 5079, 6828, 25041, 320, 43213, 49062, 45162, 6771, 23564, 39034, 45994, 47236, 19895, 47221, 28421, 34198, 43716, 10983, 29812, 48644, 33708, 30293, 10544, 27039, 30888, 7437, 44236, 9495, 42415, 17319, 30460, 38186, 12879, 22905, 24049, 1640, 6576, 47094, 47228, 36708)","(1, 0, 1, 1, 0, 0, 0, 0, 1, 1, 0, 0, 1, 0, 0, 0, 1, 1, 1, 1, 1, 0, 0, 0, 0, 1, 1, 1, 1, 1, 0, 1, 1, 0, 1, 1, 0, 0, 1, 0, 1, 1, 0, 1, 1, 0, 0, 0, 1, 1, 1, 1, 1, 1, 0, 0, 0, 1, 0, 1, 1, 0, 1, 0, 1, 1, 1, 0, 1, 0, 0, 0, 1, 1, 1, 0, 1, 1, 1, 0, 0, 1, 1, 0, 0, 1, 1, 1, 1, 1, 1, 0, 1, 1, 1, 0, 1, 1, 0, 0, 1, 1, 1, 1, 0, 1, 0, 1, 0, 1, 1, 0, 0, 0, 0, 0, 1, 0, 1, 0, 1, 0, 0, 1, 1, 1, 1, 0, 1, 1, 1, 1, 1, 0, 1, 0, 1, 1, 0, 1, 1, 0, 1, 1, 0, 1, 1, 0, 1, 1, 0, 0, 1, 0, 1, 0, 0, 0, 1, 0, 1, 1, 1, 1, 0, 1, 0, 1, 0, 0, 0, 0, 1, 0, 1, 1, 0, 1, 0, 1, 1, 0, 0, 1, 0, 1, 0, 1, 0, 1, 0, 0, 0, 0, 1, 1, 1, 0, 0, 0)"
73.037887,200,556.998627,6,"(48161, 47684, 34702, 47293, 10483, 26537, 30395, 29075, 20476, 4147, 30345, 4443, 8651, 9042, 21532, 21624, 2156, 23135, 3000, 31712, 39114, 14615, 29706, 31695, 23625, 33361, 49734, 22820, 6566, 37405, 25359, 697, 43926, 37889, 6933, 16261, 1493, 31016, 6198, 2038, 36137, 28757, 25814, 1413, 4173, 48181, 6495, 10584, 6946, 17376, 8848, 11828, 4151, 4754, 25943, 8116, 41817, 37664, 10832, 23568, 21365, 28957, 29361, 38205, 40751, 18558, 30391, 6937, 38796, 33415, 39296, 16244, 16929, 26313, 44737, 23840, 4938, 11140, 5898, 48991, 36146, 35778, 45724, 11533, 36844, 35431, 20675, 43380, 16723, 12099, 34052, 8591, 45869, 9560, 11387, 43683, 49561, 35554, 24991, 42280, 33090, 11253, 4607, 45978, 48333, 36891, 38091, 34557, 35982, 33171, 9500, 14392, 31633, 2490, 14182, 18684, 8043, 11018, 37653, 47416, 19268, 46795, 31253, 9041, 37911, 39431, 15548, 8717, 27019, 40414, 15453, 35297, 29296, 21358, 46310, 8116, 37961, 33038, 13070, 36053, 31414, 43926, 810, 35871, 33952, 31573, 39047, 39248, 21806, 42817, 1636, 20024, 3206, 4952, 25608, 31742, 29956, 5139, 32116, 15548, 9545, 35267, 32495, 43624, 28294, 18588, 35407, 16521, 33776, 17974, 50021, 20190, 8956, 11408, 15429, 12395, 1628, 43701, 42113, 39785, 26728, 5613, 35192, 14243, 21486, 25543, 34533, 20203, 21427, 6769, 44902, 1817, 27076, 47574, 21568, 15587, 9594, 1534, 30118, 4707)","(0, 0, 0, 1, 1, 0, 0, 1, 0, 1, 0, 1, 1, 1, 1, 1, 1, 0, 1, 0, 0, 1, 1, 1, 1, 0, 0, 0, 1, 1, 1, 1, 0, 1, 1, 1, 1, 1, 1, 1, 1, 1, 0, 0, 1, 0, 1, 1, 1, 1, 0, 1, 1, 1, 1, 1, 0, 1, 1, 1, 1, 1, 0, 0, 0, 0, 0, 1, 0, 1, 0, 1, 1, 1, 0, 1, 1, 1, 1, 1, 0, 1, 0, 1, 0, 1, 1, 0, 1, 1, 0, 1, 0, 1, 0, 0, 1, 0, 1, 0, 0, 1, 1, 0, 0, 1, 0, 0, 0, 0, 1, 0, 0, 0, 1, 0, 1, 1, 0, 0, 0, 0, 1, 0, 0, 0, 1, 0, 1, 0, 1, 0, 1, 1, 0, 0, 0, 1, 1, 1, 1, 0, 1, 1, 1, 0, 0, 1, 0, 0, 1, 1, 1, 1, 1, 1, 0, 1, 1, 0, 1, 0, 1, 0, 0, 0, 0, 1, 0, 1, 0, 1, 1, 1, 1, 1, 1, 0, 0, 0, 0, 1, 0, 1, 1, 1, 0, 1, 0, 1, 0, 1, 1, 0, 1, 0, 1, 1, 1, 1)"
59.236392,200,559.432096,3,"(26240, 26189, 29774, 20217, 43494, 21703, 5673, 40730, 1163, 20886, 18077, 1828, 20884, 16742, 24917, 7579, 32380, 44114, 17377, 21824, 11310, 6932, 22064, 16736, 32570, 11792, 42871, 13788, 17633, 44634, 7890, 25758, 33356, 28228, 45608, 17093, 1087, 19632, 20406, 45319, 5332, 47034, 6270, 22078, 30486, 37216, 36372, 41279, 13977, 23108, 10041, 4239, 38185, 49580, 14053, 41910, 33193, 35896, 31860, 44256, 9845, 38579, 45412, 32705, 49164, 42739, 25760, 15496, 12987, 10010, 27520, 43515, 35640, 1325, 33710, 8604, 22365, 17675, 2116, 45379, 18346, 45789, 23189, 592, 25769, 13392, 42884, 32967, 44074, 14316, 49696, 7740, 405, 33791, 13525, 44858, 47360, 47461, 24997, 36738, 20762, 32320, 44428, 48272, 29825, 17372, 5163, 10855, 48543, 10277, 5067, 26789, 31, 21254, 17642, 19034, 5824, 35057, 7106, 41432, 21680, 8604, 42756, 44580, 35280, 2186, 1278, 33499, 49303, 15890, 29386, 49180, 39471, 48463, 6111, 16549, 1809, 36599, 16062, 35087, 48627, 2425, 8838, 43649, 43389, 35613, 28491, 46202, 13164, 30601, 25808, 14482, 8722, 44748, 35567, 42791, 38721, 20962, 28520, 48979, 15199, 18990, 27537, 12003, 41906, 27097, 15764, 32844, 30511, 4069, 14397, 27773, 46948, 16182, 49198, 14066, 1991, 27788, 44468, 37426, 39491, 3335, 8714, 31664, 10794, 14101, 18032, 19349, 45994, 484, 19477, 33786, 33260, 16987, 9752, 45613, 44419, 36320, 7346, 11603)","(1, 1, 0, 1, 0, 1, 1, 0, 1, 1, 1, 1, 1, 1, 1, 1, 0, 0, 1, 0, 1, 1, 0, 1, 0, 1, 0, 0, 1, 0, 1, 0, 0, 0, 0, 1, 1, 1, 1, 0, 1, 1, 1, 0, 0, 0, 1, 0, 1, 0, 1, 1, 0, 1, 1, 0, 0, 0, 0, 0, 1, 0, 0, 1, 0, 0, 0, 1, 1, 1, 0, 0, 1, 1, 0, 1, 0, 0, 1, 0, 1, 0, 0, 1, 0, 1, 0, 1, 0, 1, 0, 1, 1, 0, 1, 0, 0, 0, 1, 0, 1, 0, 0, 0, 0, 0, 1, 1, 0, 1, 1, 1, 1, 1, 1, 1, 1, 0, 1, 0, 1, 0, 0, 0, 0, 1, 1, 0, 0, 1, 1, 0, 0, 0, 1, 1, 1, 0, 1, 0, 1, 0, 1, 0, 0, 1, 1, 0, 1, 0, 0, 1, 0, 0, 1, 0, 1, 1, 0, 1, 1, 1, 0, 1, 1, 0, 1, 0, 0, 1, 1, 0, 0, 1, 0, 1, 1, 1, 0, 1, 0, 1, 0, 0, 1, 1, 1, 1, 0, 1, 1, 0, 1, 1, 1, 0, 0, 0, 1, 1)"
60.267285,200,562.044739,4,"(10358, 44714, 34221, 22690, 25340, 15752, 23155, 35247, 15219, 15008, 21532, 45104, 32907, 32461, 24122, 1795, 43364, 39294, 49903, 29619, 38197, 27459, 10368, 46187, 13988, 40842, 30717, 37682, 47559, 48020, 49056, 26062, 47273, 4760, 11144, 23232, 28178, 46963, 16540, 33335, 11039, 44591, 994, 1765, 7599, 21337, 17086, 26754, 24545, 30053, 15490, 48180, 7929, 46159, 33859, 21782, 42800, 879, 48160, 26393, 21444, 47291, 44198, 42835, 7939, 28458, 42255, 39589, 18739, 40713, 21223, 37473, 49129, 1998, 42235, 15534, 23260, 41941, 23245, 43835, 31865, 30064, 9821, 20070, 38142, 44983, 43894, 16049, 1420, 22433, 10645, 40538, 18486, 23679, 16076, 8268, 10818, 24873, 12016, 4084, 14623, 37935, 2750, 9330, 26246, 43535, 42453, 11664, 1663, 49393, 37915, 6914, 25140, 38358, 47552, 46998, 40725, 27307, 32344, 45122, 16099, 12232, 47820, 34471, 8600, 24725, 18857, 36281, 4928, 26475, 28088, 10884, 15907, 7945, 47005, 36306, 32520, 547, 4164, 13537, 23123, 48795, 8371, 48459, 17066, 38242, 27957, 30650, 43535, 17598, 589, 22827, 30395, 29447, 11817, 36194, 2183, 0, 21259, 34264, 10219, 4057, 12578, 29000, 18666, 32223, 40500, 16381, 19588, 29438, 9704, 40288, 2041, 46430, 48336, 20589, 38187, 24225, 12168, 30984, 18377, 23323, 19007, 13910, 46499, 25140, 15345, 27990, 37192, 14206, 47363, 35757, 18207, 1328, 7069, 23113, 24931, 23129, 43077, 47164)","(1, 0, 0, 0, 1, 1, 0, 0, 1, 0, 1, 0, 0, 1, 0, 1, 0, 0, 0, 1, 0, 0, 1, 0, 0, 0, 0, 0, 0, 0, 1, 1, 0, 1, 1, 0, 0, 0, 1, 1, 1, 0, 1, 1, 1, 1, 1, 0, 1, 0, 1, 0, 1, 1, 0, 1, 1, 1, 0, 0, 1, 1, 0, 0, 1, 1, 0, 0, 1, 0, 1, 1, 1, 1, 1, 1, 0, 1, 0, 0, 1, 0, 1, 1, 1, 0, 0, 1, 0, 0, 1, 0, 0, 1, 0, 1, 1, 0, 1, 1, 1, 0, 1, 1, 1, 0, 0, 0, 1, 0, 0, 1, 1, 1, 0, 0, 0, 1, 0, 0, 1, 1, 0, 0, 1, 1, 1, 0, 0, 1, 1, 1, 1, 1, 0, 0, 0, 0, 1, 1, 0, 0, 1, 1, 1, 1, 1, 0, 0, 0, 1, 0, 0, 0, 1, 0, 1, 1, 0, 1, 0, 1, 1, 0, 1, 0, 0, 1, 1, 0, 1, 0, 1, 1, 1, 1, 1, 0, 1, 0, 1, 1, 1, 1, 1, 0, 1, 1, 1, 1, 1, 0, 1, 1, 0, 0, 0, 0, 0, 0)"
69.661058,200,564.530538,0,"(3088, 20894, 42055, 42725, 36202, 32614, 7230, 28755, 10044, 9261, 3429, 4503, 30616, 42768, 12723, 39694, 25153, 34105, 18712, 6492, 7493, 6095, 18362, 3736, 32854, 1451, 18604, 36204, 5443, 39958, 24166, 14809, 8117, 39991, 38042, 22705, 41686, 42105, 45218, 48437, 11245, 14771, 19422, 1385, 10190, 35344, 31779, 28766, 6252, 32676, 31639, 4876, 11073, 34432, 918, 35605, 18373, 27474, 31256, 47043, 27619, 9002, 37099, 10481, 7452, 21363, 15358, 18887, 31295, 23822, 24257, 21322, 41244, 5569, 30379, 10655, 43185, 13960, 16816, 17054, 33155, 19421, 8059, 38090, 45445, 36809, 41351, 27807, 3851, 47877, 29686, 9526, 47301, 49681, 48541, 7805, 11625, 23762, 41446, 9780, 24633, 36524, 8468, 49838, 33991, 19779, 13472, 30423, 32103, 43506, 43205, 16013, 21830, 32322, 14347, 12942, 20878, 23608, 40929, 18382, 5961, 43920, 43531, 31721, 35012, 14283, 44320, 19313, 21279, 26124, 45482, 21549, 23365, 24122, 39924, 22309, 50002, 17642, 28290, 48692, 44470, 44387, 8235, 45943, 34911, 41422, 22552, 30000, 4743, 18242, 5164, 13921, 26816, 6400, 4024, 38751, 10162, 9671, 31698, 21547, 36358, 12409, 4089, 11792, 29171, 32681, 24829, 28453, 46619, 4378, 38775, 7315, 13977, 40735, 25082, 38150, 6425, 7319, 11712, 13842, 2490, 6664, 13381, 6932, 26846, 28893, 30624, 36366, 9981, 32750, 2278, 42271, 19558, 38522, 658, 13674, 17990, 34700, 14749, 37723)","(1, 1, 0, 1, 0, 0, 1, 1, 1, 1, 0, 1, 0, 0, 1, 0, 1, 0, 0, 1, 1, 1, 0, 1, 0, 1, 0, 0, 1, 0, 1, 1, 0, 0, 1, 0, 1, 0, 0, 0, 0, 1, 0, 1, 1, 1, 0, 1, 1, 1, 0, 1, 1, 0, 1, 0, 0, 0, 0, 1, 0, 1, 0, 1, 1, 1, 1, 1, 1, 0, 1, 1, 0, 1, 0, 1, 0, 1, 1, 1, 0, 1, 0, 1, 0, 0, 0, 0, 0, 0, 0, 1, 1, 0, 0, 1, 1, 1, 1, 1, 1, 0, 1, 0, 0, 1, 1, 0, 0, 0, 0, 1, 1, 0, 1, 1, 0, 0, 0, 1, 1, 0, 0, 0, 0, 1, 0, 1, 1, 1, 0, 1, 1, 0, 0, 0, 0, 0, 0, 1, 0, 0, 1, 0, 0, 0, 0, 0, 1, 0, 1, 1, 0, 1, 1, 0, 1, 1, 0, 1, 0, 0, 1, 1, 1, 0, 1, 0, 0, 1, 0, 1, 1, 0, 0, 0, 0, 0, 1, 1, 0, 1, 0, 1, 0, 0, 0, 1, 1, 1, 0, 0, 0, 0, 1, 1, 0, 0, 1, 1)"
106.83667,200,574.690712,1,"(21521, 9984, 49857, 8566, 29277, 20754, 10341, 19626, 33882, 34812, 20799, 41034, 40688, 46106, 40021, 16361, 18003, 6623, 3364, 1576, 425, 8209, 3384, 272, 45453, 28861, 18216, 46625, 3017, 3864, 10054, 37759, 3835, 1080, 26449, 9232, 31410, 19569, 21113, 10255, 25826, 43135, 34337, 42008, 40320, 17099, 6724, 15939, 22563, 43330, 37794, 33220, 17086, 14023, 1299, 48846, 20328, 6183, 38393, 34425, 4953, 49823, 27553, 42215, 45126, 5638, 15696, 43257, 49017, 27591, 7234, 3604, 103, 22035, 19895, 25680, 20989, 27927, 26131, 37057, 7977, 26674, 22978, 49809, 13471, 31702, 40177, 10661, 38838, 45801, 8268, 34715, 45597, 42655, 20049, 16610, 41938, 5944, 57, 28523, 14813, 43818, 36451, 38040, 14617, 9425, 34669, 39051, 33528, 31852, 29729, 34729, 20398, 27809, 26325, 45337, 6363, 19479, 29014, 44399, 19693, 22632, 1619, 1232, 19110, 47190, 43716, 4972, 37849, 6039, 23684, 42721, 44060, 27271, 5268, 19447, 28968, 33569, 35093, 18179, 5833, 1338, 46887, 11196, 1934, 12809, 8459, 32688, 43734, 13647, 40824, 45781, 28222, 24533, 21805, 30648, 13534, 48527, 6889, 49003, 117, 18226, 18477, 674, 14646, 881, 37199, 8620, 49596, 3644, 47884, 10971, 4807, 37709, 8331, 2972, 6778, 34616, 34512, 10565, 9689, 21668, 17504, 24971, 40737, 21367, 2783, 29587, 41874, 12446, 43477, 3165, 31904, 47575, 33749, 31672, 25998, 10255, 8195, 41539)","(1, 1, 0, 1, 1, 1, 1, 1, 0, 0, 0, 1, 0, 1, 0, 1, 1, 1, 1, 1, 1, 1, 1, 1, 1, 1, 0, 0, 1, 1, 1, 1, 1, 1, 0, 1, 1, 0, 1, 1, 0, 1, 1, 1, 0, 1, 1, 1, 0, 0, 1, 0, 1, 1, 1, 1, 1, 1, 0, 0, 1, 1, 0, 1, 0, 1, 1, 0, 0, 0, 1, 1, 1, 1, 1, 0, 0, 1, 0, 1, 0, 1, 0, 0, 1, 1, 0, 1, 0, 1, 1, 0, 0, 0, 0, 1, 1, 1, 1, 1, 0, 1, 1, 0, 1, 1, 1, 0, 0, 0, 1, 1, 1, 0, 1, 1, 1, 1, 1, 0, 1, 0, 1, 1, 0, 0, 0, 1, 1, 1, 1, 1, 0, 1, 1, 0, 1, 0, 0, 0, 1, 1, 1, 1, 1, 0, 1, 0, 0, 1, 0, 1, 0, 1, 1, 0, 1, 1, 1, 1, 1, 1, 1, 1, 0, 1, 1, 1, 0, 1, 0, 0, 1, 1, 1, 1, 1, 0, 0, 1, 1, 1, 0, 0, 0, 1, 1, 1, 1, 0, 0, 0, 1, 1, 0, 0, 1, 0, 0, 1)"
105.826373,200,577.341066,1,"(6204, 41015, 214, 29288, 30442, 41170, 48183, 2628, 30642, 12581, 31060, 13323, 902, 16100, 7854, 16056, 39184, 39153, 17107, 34320, 920, 8919, 12765, 2350, 16175, 7616, 13414, 35688, 46156, 43100, 44273, 6920, 20524, 6688, 46841, 46670, 29556, 12790, 20544, 23310, 7914, 18962, 27574, 48774, 20181, 19634, 35926, 20409, 31784, 15737, 2131, 44923, 9198, 15070, 45090, 47609, 26927, 36685, 15258, 14033, 26997, 35096, 25317, 24580, 48573, 11499, 25787, 31035, 28908, 35683, 30007, 16779, 1988, 47552, 14136, 39897, 31920, 21692, 19125, 5171, 45698, 16101, 23566, 4608, 8354, 43388, 9813, 9438, 42612, 45499, 14607, 47036, 35757, 18865, 28141, 42275, 20357, 18734, 7375, 29860, 7246, 14753, 41938, 39032, 25010, 46369, 12473, 46659, 1728, 46777, 21629, 6116, 31825, 5279, 28356, 48647, 16185, 41624, 42685, 46302, 27706, 26595, 13883, 12077, 24292, 31116, 32728, 4709, 29200, 10003, 8103, 41202, 21662, 38794, 13961, 37629, 148, 16718, 38566, 13312, 37102, 16085, 33917, 25269, 31002, 11531, 38050, 29921, 28057, 15188, 17764, 39622, 47773, 2647, 46224, 21987, 7687, 43229, 29492, 4696, 44641, 39210, 25235, 22485, 4511, 8727, 40600, 21054, 21826, 44560, 20970, 8362, 44008, 13540, 18953, 23978, 7158, 9577, 2388, 3307, 2759, 19293, 11950, 7485, 18681, 10839, 22019, 19243, 43115, 28552, 6216, 27557, 3495, 28696, 35235, 30647, 29430, 22565, 21364, 48108)","(0, 0, 1, 1, 0, 0, 0, 0, 0, 1, 0, 1, 1, 0, 1, 1, 1, 0, 1, 1, 1, 1, 1, 1, 1, 1, 1, 1, 0, 1, 0, 1, 0, 1, 1, 0, 1, 1, 0, 0, 0, 1, 0, 1, 0, 1, 1, 1, 0, 0, 1, 0, 1, 1, 0, 0, 0, 0, 1, 1, 1, 0, 1, 1, 0, 1, 0, 1, 1, 1, 0, 1, 1, 0, 1, 1, 0, 1, 1, 1, 1, 1, 1, 0, 1, 0, 1, 1, 0, 0, 1, 1, 0, 1, 1, 0, 1, 1, 0, 0, 0, 1, 1, 1, 0, 0, 1, 1, 1, 1, 1, 1, 1, 1, 0, 1, 1, 0, 0, 1, 1, 1, 1, 1, 1, 0, 1, 0, 1, 1, 1, 0, 1, 1, 1, 1, 1, 1, 0, 1, 1, 0, 0, 0, 0, 1, 0, 0, 0, 1, 1, 1, 1, 1, 0, 1, 1, 1, 1, 1, 0, 1, 0, 0, 1, 0, 0, 1, 1, 0, 0, 1, 0, 1, 1, 1, 1, 1, 1, 0, 1, 1, 1, 1, 1, 1, 1, 1, 0, 1, 1, 0, 1, 0, 0, 0, 0, 0, 1, 0)"
95.032115,200,582.43974,0,"(4641, 15138, 42810, 8439, 44169, 7004, 48060, 27722, 39495, 29231, 47450, 42463, 44728, 26998, 10917, 31592, 38474, 32638, 27369, 29679, 26900, 46715, 23773, 500, 14543, 4728, 6934, 29327, 13616, 6596, 11200, 24842, 30890, 2528, 33245, 46332, 26074, 13657, 29425, 40934, 36234, 42421, 33599, 6953, 2135, 2513, 5403, 8780, 46901, 20733, 36965, 27574, 46222, 28504, 602, 20863, 28734, 24620, 1293, 17240, 6694, 37854, 16349, 16382, 45539, 30726, 43297, 38334, 33624, 43795, 5304, 2213, 14978, 28983, 29125, 46946, 30726, 36620, 24905, 2281, 6801, 22779, 22623, 33404, 18434, 21948, 13667, 35314, 9193, 1523, 35168, 46444, 48925, 34973, 29129, 18636, 12614, 14645, 49564, 14055, 40745, 29667, 14459, 17222, 49470, 27873, 30299, 9547, 3827, 8887, 27059, 13583, 28572, 21146, 9103, 3222, 17500, 33716, 38211, 26703, 23245, 7363, 44230, 41285, 44337, 14930, 40257, 34203, 5202, 24368, 9333, 5508, 11582, 39589, 8796, 11221, 10701, 48860, 10786, 108, 9774, 30500, 44342, 37748, 35545, 45470, 2738, 33360, 15072, 1162, 1554, 9232, 1931, 27585, 20404, 28759, 25015, 15451, 48497, 2119, 2975, 10026, 33860, 40927, 40907, 23731, 23051, 34204, 25375, 24535, 42942, 14732, 23951, 42894, 41404, 21413, 3356, 42457, 28290, 1471, 41795, 3413, 10414, 35826, 24914, 26988, 37534, 17890, 24247, 33333, 36524, 26066, 32274, 1683, 42676, 35551, 3520, 47293, 22727, 13939)","(1, 1, 0, 1, 0, 1, 0, 0, 1, 1, 0, 1, 0, 0, 1, 0, 0, 1, 1, 1, 0, 0, 1, 1, 1, 1, 0, 0, 1, 1, 1, 1, 0, 0, 0, 1, 0, 1, 0, 1, 0, 0, 0, 1, 1, 0, 1, 1, 0, 1, 0, 0, 1, 0, 1, 1, 1, 1, 1, 0, 1, 0, 1, 0, 1, 0, 0, 1, 1, 0, 1, 1, 1, 0, 1, 1, 0, 0, 1, 0, 1, 0, 0, 0, 1, 1, 1, 0, 1, 1, 1, 0, 1, 0, 1, 0, 1, 1, 0, 1, 0, 1, 1, 0, 1, 1, 0, 1, 1, 1, 1, 0, 1, 1, 1, 1, 1, 1, 0, 0, 0, 1, 0, 0, 0, 0, 1, 0, 1, 0, 1, 0, 1, 0, 0, 1, 1, 0, 0, 1, 1, 0, 0, 1, 0, 0, 1, 0, 1, 1, 1, 1, 1, 0, 1, 1, 1, 0, 0, 0, 1, 1, 0, 0, 0, 1, 0, 0, 1, 1, 1, 1, 1, 0, 0, 1, 1, 0, 0, 1, 1, 1, 1, 0, 0, 1, 0, 0, 1, 1, 0, 1, 0, 1, 0, 0, 1, 1, 0, 1)"
29.185503,200,585.243594,8,"(7424, 17555, 24037, 15254, 12611, 44934, 3150, 19298, 39302, 30785, 7605, 21675, 158, 15281, 46739, 11354, 4766, 25287, 1022, 28407, 17186, 49557, 385, 36305, 31687, 35780, 13665, 32153, 8565, 4202, 27605, 31625, 18145, 16865, 37841, 31796, 38777, 45350, 36602, 45551, 10628, 47198, 5471, 20867, 49496, 2933, 13853, 45801, 16059, 11484, 34898, 4993, 11851, 20085, 39798, 5601, 30263, 44958, 11179, 37737, 6357, 30456, 17076, 41353, 48191, 12645, 33828, 7923, 38700, 23117, 17295, 22866, 37604, 45386, 786, 6873, 38385, 30862, 5636, 47257, 26123, 39422, 19111, 28058, 11409, 30127, 37816, 15173, 6561, 45014, 49096, 16805, 9956, 21723, 18366, 2382, 13488, 43249, 41055, 13415, 1858, 16394, 13132, 48077, 458, 26418, 47807, 35768, 10677, 29981, 1754, 9872, 44198, 21597, 10398, 33668, 4207, 24113, 39044, 40568, 42687, 37004, 49435, 2717, 27000, 16141, 27851, 33849, 32441, 31273, 7799, 46729, 649, 1139, 5205, 14394, 46438, 39907, 13849, 33302, 22156, 33202, 21631, 47733, 48975, 2887, 34353, 38680, 38906, 18948, 39469, 25357, 40585, 25035, 23583, 45193, 33362, 29232, 8999, 49747, 27172, 23344, 47381, 19108, 44498, 24562, 26431, 40036, 38774, 16042, 20925, 18096, 49395, 16543, 44008, 42503, 11441, 33801, 18777, 45014, 42137, 18086, 18173, 30769, 46341, 40981, 836, 21514, 7107, 14048, 27086, 1103, 17318, 48437, 35843, 38839, 22117, 13805, 23986, 14747)","(1, 0, 1, 1, 0, 0, 1, 1, 0, 0, 1, 1, 1, 1, 0, 0, 1, 1, 1, 0, 0, 0, 1, 0, 0, 0, 1, 0, 1, 1, 0, 0, 0, 1, 0, 0, 0, 0, 0, 0, 0, 0, 1, 1, 0, 1, 1, 0, 0, 1, 0, 1, 1, 1, 0, 0, 0, 0, 1, 0, 1, 0, 1, 0, 0, 1, 0, 0, 0, 0, 0, 0, 0, 0, 1, 1, 0, 0, 1, 0, 1, 0, 1, 0, 1, 0, 0, 1, 1, 0, 0, 1, 1, 1, 0, 0, 0, 0, 0, 1, 1, 1, 1, 0, 1, 1, 0, 0, 0, 0, 1, 1, 0, 0, 1, 0, 1, 1, 0, 0, 0, 0, 0, 1, 0, 1, 0, 0, 0, 1, 0, 0, 1, 1, 1, 1, 0, 0, 1, 0, 0, 0, 1, 0, 0, 1, 0, 0, 0, 1, 0, 1, 0, 1, 0, 0, 0, 0, 1, 0, 1, 0, 0, 1, 0, 1, 0, 0, 0, 1, 1, 0, 0, 1, 0, 0, 1, 0, 0, 0, 0, 0, 0, 0, 0, 0, 1, 1, 0, 1, 0, 1, 0, 0, 0, 0, 1, 0, 1, 1)"
79.852406,200,587.905605,0,"(8973, 7293, 38278, 31634, 37238, 31038, 15387, 19918, 47921, 24570, 48506, 44554, 16966, 29486, 16500, 29116, 17525, 3923, 18748, 12028, 36294, 43086, 4759, 2546, 6046, 29005, 42543, 8909, 18941, 27856, 12784, 27799, 47742, 7019, 41076, 39082, 46305, 25787, 6518, 32182, 35674, 17658, 6976, 33924, 47850, 17236, 41229, 26440, 4740, 1531, 46131, 29891, 24849, 3902, 24518, 19497, 43902, 38602, 46504, 38583, 1433, 41554, 38003, 40045, 39202, 4268, 5063, 24612, 2419, 25466, 34104, 8959, 17394, 46951, 30781, 27963, 41926, 47890, 3054, 4635, 12954, 4223, 34076, 33675, 36645, 44054, 11299, 25405, 3365, 47620, 10917, 4328, 17732, 46996, 48078, 4765, 7144, 47509, 29167, 33087, 17142, 44078, 22037, 12821, 25372, 9646, 10054, 22415, 12942, 6, 36159, 11601, 3453, 48867, 33728, 30796, 37213, 44902, 17580, 21793, 13275, 25706, 14667, 14996, 36229, 10287, 24213, 16581, 37587, 42269, 761, 8548, 2151, 24647, 45278, 38994, 31605, 44890, 49996, 3844, 18374, 45172, 19877, 36548, 25288, 4039, 28790, 44691, 3680, 15477, 27433, 32038, 18593, 1039, 44993, 7523, 13056, 5183, 44556, 41813, 32858, 15438, 25116, 5297, 42387, 9197, 42887, 38565, 35667, 10702, 11750, 11735, 33489, 13721, 32882, 2965, 17004, 21634, 31044, 38298, 3460, 686, 4843, 50008, 49644, 928, 38862, 43709, 20776, 8967, 48453, 6094, 8932, 37495, 14103, 30289, 49501, 36415, 1789, 10332)","(1, 1, 1, 0, 0, 0, 1, 1, 0, 0, 0, 0, 1, 0, 1, 1, 0, 1, 0, 1, 1, 0, 1, 0, 1, 1, 0, 1, 1, 1, 1, 1, 0, 0, 0, 0, 0, 0, 1, 0, 0, 0, 1, 0, 0, 0, 0, 1, 0, 1, 0, 0, 1, 1, 1, 1, 0, 0, 1, 0, 1, 1, 0, 0, 0, 0, 1, 1, 0, 1, 0, 0, 1, 0, 0, 1, 0, 0, 1, 1, 0, 0, 0, 0, 0, 0, 0, 0, 1, 0, 1, 0, 0, 0, 0, 1, 1, 0, 1, 1, 0, 0, 1, 1, 0, 1, 1, 0, 1, 1, 0, 1, 1, 0, 0, 0, 1, 0, 1, 1, 1, 1, 0, 1, 1, 1, 1, 0, 1, 0, 1, 1, 1, 1, 1, 0, 1, 0, 0, 1, 0, 1, 0, 0, 1, 1, 1, 0, 1, 1, 0, 0, 1, 1, 0, 1, 0, 1, 0, 1, 0, 1, 1, 1, 0, 1, 1, 1, 0, 1, 1, 1, 0, 0, 0, 1, 1, 1, 1, 1, 1, 1, 1, 0, 0, 1, 1, 0, 1, 1, 0, 1, 1, 1, 0, 0, 0, 0, 1, 1)"
73.824034,200,590.675365,5,"(39712, 20345, 25740, 24818, 49874, 24311, 2949, 31419, 45089, 44250, 31444, 19977, 8774, 24426, 16003, 14934, 36621, 47828, 25828, 47753, 12426, 6404, 10568, 37190, 1705, 14273, 46459, 49505, 17519, 47162, 22562, 5592, 40724, 32061, 30064, 42715, 31414, 31258, 39838, 38478, 36784, 48892, 35416, 30213, 31711, 519, 1499, 9262, 29765, 12268, 25199, 43603, 42580, 3829, 43884, 47968, 17886, 3368, 29870, 44056, 37692, 23212, 5139, 9174, 36569, 38228, 26538, 36439, 34203, 37742, 29789, 31418, 23018, 32373, 35411, 13862, 10914, 42890, 1809, 17357, 43834, 3662, 42350, 22218, 8387, 29434, 2112, 18125, 48992, 34606, 29893, 6924, 9511, 46472, 26200, 42416, 32856, 14605, 12484, 43127, 40945, 30256, 20424, 12960, 19159, 42241, 9711, 9801, 38282, 721, 38708, 31659, 45343, 47563, 6509, 22350, 35721, 41299, 44138, 29235, 15984, 9990, 13435, 19141, 18248, 30436, 9531, 11609, 3307, 29492, 34149, 34547, 9547, 9113, 15229, 16425, 22864, 38956, 32969, 19626, 38199, 39298, 8598, 19778, 16992, 15698, 30442, 31264, 48434, 30569, 46463, 33404, 33962, 4712, 39048, 46518, 49466, 31898, 5424, 13362, 4155, 13593, 28145, 13794, 9879, 39933, 26802, 10355, 4253, 18560, 36703, 14615, 7482, 19546, 40446, 37207, 22687, 23628, 23358, 21125, 18137, 48533, 26305, 26343, 30736, 3061, 44056, 49042, 26492, 15606, 34618, 36574, 39839, 10652, 21050, 41560, 6407, 40899, 685, 23863)","(0, 1, 0, 1, 1, 0, 1, 1, 0, 0, 0, 0, 1, 1, 1, 0, 0, 0, 0, 0, 0, 1, 0, 1, 1, 1, 0, 0, 0, 1, 0, 0, 0, 1, 0, 0, 1, 1, 0, 1, 0, 1, 0, 0, 0, 1, 1, 1, 0, 0, 0, 0, 0, 1, 0, 1, 1, 1, 0, 0, 0, 0, 1, 1, 0, 0, 1, 1, 0, 1, 0, 1, 0, 1, 1, 1, 1, 0, 1, 0, 0, 1, 0, 0, 1, 0, 1, 1, 1, 0, 0, 1, 1, 0, 1, 1, 0, 0, 1, 0, 1, 0, 0, 0, 1, 1, 1, 1, 0, 1, 0, 0, 1, 1, 1, 0, 0, 0, 0, 1, 1, 1, 1, 1, 1, 0, 1, 1, 0, 1, 1, 0, 1, 1, 1, 1, 0, 1, 0, 1, 0, 0, 1, 1, 1, 0, 0, 1, 1, 0, 1, 0, 1, 1, 1, 0, 1, 1, 1, 1, 1, 1, 0, 0, 1, 0, 0, 1, 1, 0, 0, 1, 1, 1, 0, 1, 0, 1, 1, 1, 1, 1, 0, 0, 0, 1, 0, 0, 1, 1, 0, 0, 0, 1, 1, 0, 1, 0, 1, 1)"
65.808407,200,593.829358,7,"(45065, 25247, 2215, 42876, 7926, 46846, 16198, 43086, 22067, 11081, 29764, 11542, 28843, 39050, 3310, 48469, 31053, 23768, 13626, 15919, 37174, 11962, 13490, 16458, 22097, 9752, 7777, 37932, 33885, 37291, 30345, 31434, 15112, 43225, 29501, 13754, 35454, 11574, 6866, 10689, 3494, 34124, 45814, 20670, 46623, 34263, 28179, 9499, 22021, 32951, 37456, 41628, 4486, 30135, 46401, 43962, 12546, 21473, 42445, 36094, 28008, 37780, 8243, 13467, 48041, 35883, 35309, 23994, 36571, 8401, 36468, 22162, 48936, 32249, 37658, 48590, 28149, 49320, 22467, 39850, 30268, 4642, 32966, 21946, 42512, 30262, 47781, 39210, 13143, 44065, 18312, 45344, 37742, 37150, 25758, 48543, 3561, 13252, 24913, 29059, 21938, 32553, 20763, 40352, 38046, 8801, 352, 48361, 23018, 20302, 15786, 32210, 15355, 8134, 45996, 48310, 23839, 23004, 8376, 4037, 5422, 39403, 48466, 28306, 6557, 37391, 42042, 5768, 46548, 24407, 3218, 11600, 1336, 20927, 41552, 699, 26435, 23358, 21089, 25495, 13362, 18056, 12255, 69, 23411, 20204, 5111, 12144, 42849, 19688, 21851, 20773, 43378, 12982, 24889, 24774, 23111, 8995, 45353, 6732, 14129, 22835, 5394, 15727, 44677, 7232, 27044, 31621, 7111, 48951, 32313, 20129, 31126, 9789, 49117, 21984, 27655, 45032, 4733, 20901, 37433, 46872, 37575, 19605, 16427, 49294, 46061, 22336, 15393, 37510, 3635, 21895, 42604, 30163, 10557, 2542, 28228, 11240, 49184, 32929)","(0, 1, 1, 0, 0, 0, 1, 0, 0, 1, 0, 1, 0, 0, 1, 0, 1, 1, 1, 1, 0, 1, 1, 0, 1, 1, 1, 0, 0, 1, 0, 1, 1, 0, 0, 0, 0, 1, 1, 1, 1, 0, 0, 1, 0, 0, 0, 1, 1, 0, 1, 0, 1, 0, 0, 0, 1, 1, 0, 0, 1, 0, 1, 1, 0, 1, 0, 1, 1, 1, 0, 1, 0, 0, 1, 0, 0, 0, 0, 0, 0, 1, 0, 1, 0, 0, 0, 0, 1, 0, 1, 0, 0, 1, 0, 0, 1, 1, 0, 0, 0, 0, 1, 0, 1, 0, 1, 0, 0, 1, 1, 0, 1, 1, 0, 0, 1, 0, 1, 1, 1, 0, 0, 0, 1, 1, 0, 1, 0, 1, 1, 1, 0, 1, 0, 1, 1, 1, 1, 1, 1, 1, 0, 1, 1, 1, 1, 1, 0, 1, 0, 1, 0, 1, 1, 1, 0, 1, 0, 1, 1, 0, 1, 1, 0, 1, 1, 0, 0, 1, 0, 1, 0, 1, 0, 1, 0, 0, 1, 1, 1, 0, 1, 1, 1, 0, 0, 0, 1, 1, 1, 1, 0, 0, 1, 1, 0, 1, 0, 0)"
76.792983,200,596.411206,0,"(25454, 48165, 17941, 47906, 41841, 10869, 24368, 37948, 765, 16093, 49324, 25974, 15828, 30953, 19053, 24396, 25163, 44349, 684, 27788, 25826, 9634, 38855, 14512, 28008, 40014, 131, 27487, 45038, 27191, 44453, 20522, 46568, 30526, 38076, 41401, 49406, 375, 14045, 9388, 10150, 20354, 43100, 46237, 33970, 356, 46628, 30101, 14145, 11321, 46298, 26470, 7237, 16144, 19771, 35478, 24042, 36951, 20127, 20541, 26108, 38353, 1190, 38340, 48807, 48911, 14937, 6725, 28966, 5216, 36410, 22744, 14100, 29786, 5037, 31970, 45452, 10617, 21463, 10397, 43883, 27240, 2816, 17681, 30827, 5537, 2478, 44893, 38212, 742, 49124, 29068, 40029, 32791, 19080, 17877, 123, 5297, 38640, 38680, 17110, 24065, 38643, 6479, 33175, 16848, 9991, 22919, 21495, 49971, 48468, 9129, 29130, 6292, 6950, 40414, 28887, 33934, 19766, 15874, 31580, 15743, 2321, 46972, 41498, 33027, 34542, 41778, 35185, 12196, 26937, 19620, 49239, 13384, 5260, 48317, 33057, 7989, 23620, 13058, 44022, 4229, 18251, 40873, 35982, 19074, 2893, 35901, 28415, 11145, 1361, 3655, 33675, 41370, 23567, 23146, 26887, 12089, 35723, 12661, 22311, 14993, 29662, 40112, 20356, 9654, 18088, 38132, 32595, 16832, 6027, 24664, 13399, 16980, 13706, 38936, 5716, 40172, 34384, 11606, 25370, 36258, 7398, 27814, 45117, 21336, 47400, 6303, 14106, 8636, 19052, 27871, 20432, 37475, 10725, 27200, 10959, 41502, 49018, 13908)","(1, 0, 1, 0, 1, 1, 0, 1, 1, 1, 0, 1, 0, 0, 1, 0, 0, 0, 1, 1, 0, 1, 0, 1, 1, 0, 1, 0, 0, 1, 0, 0, 1, 0, 0, 1, 0, 1, 1, 1, 1, 0, 1, 0, 0, 0, 1, 0, 1, 1, 0, 1, 1, 1, 0, 0, 1, 0, 0, 1, 1, 1, 1, 1, 0, 0, 0, 1, 1, 1, 0, 0, 1, 1, 1, 1, 0, 0, 1, 1, 0, 0, 1, 1, 0, 1, 1, 1, 0, 1, 0, 1, 0, 0, 1, 0, 1, 1, 0, 0, 0, 0, 0, 1, 1, 1, 1, 0, 1, 0, 1, 1, 0, 1, 1, 0, 1, 0, 1, 1, 0, 1, 1, 0, 0, 1, 0, 1, 0, 1, 1, 1, 0, 1, 1, 0, 0, 1, 1, 1, 1, 1, 1, 0, 0, 1, 1, 1, 0, 1, 1, 1, 0, 0, 1, 0, 0, 1, 0, 1, 0, 1, 1, 0, 1, 0, 0, 0, 0, 1, 1, 0, 1, 1, 0, 0, 1, 0, 0, 1, 1, 0, 1, 0, 0, 0, 0, 1, 1, 1, 1, 1, 1, 0, 1, 0, 0, 0, 0, 1)"
109.477844,200,598.903663,5,"(25598, 8819, 35750, 36916, 19428, 8442, 11487, 41779, 32902, 12537, 17030, 40466, 48508, 24658, 2369, 42312, 22342, 1827, 43871, 36604, 9548, 5877, 13239, 21459, 47031, 42889, 36446, 1126, 26521, 18705, 3114, 23752, 3424, 28283, 31462, 16366, 3784, 14086, 37361, 45786, 7848, 3064, 7977, 42950, 40202, 4892, 31243, 2781, 11530, 37462, 29335, 44889, 19740, 47247, 29819, 37685, 45489, 28983, 21189, 44549, 42339, 1205, 29087, 12717, 19169, 22776, 10167, 48552, 16341, 20732, 10702, 22846, 35485, 35261, 16669, 38939, 5285, 25455, 15848, 49752, 49614, 40342, 48023, 29552, 32805, 43272, 28190, 1410, 14229, 16416, 20971, 33888, 10689, 34988, 43173, 12204, 39814, 38290, 40465, 45048, 48407, 18196, 33513, 22191, 42830, 9766, 40660, 46960, 35722, 14221, 38373, 23231, 7297, 33821, 513, 12448, 22040, 37506, 11770, 15957, 30716, 36902, 14330, 32732, 6039, 2653, 13130, 26398, 16670, 28990, 17511, 44691, 40422, 1680, 39239, 34753, 48868, 44945, 44876, 3442, 25252, 39874, 3558, 8230, 31312, 36614, 5447, 21243, 19712, 19343, 37490, 12524, 18560, 15219, 2540, 2935, 37703, 40938, 39306, 3949, 20011, 35884, 9492, 16451, 12358, 46635, 3622, 40267, 12090, 28969, 29340, 20084, 7804, 12898, 15383, 3843, 44802, 7315, 26047, 15816, 21923, 18715, 11980, 15408, 8744, 3827, 28336, 18729, 49814, 15818, 34266, 3288, 27488, 3204, 18231, 9762, 8907, 37308, 25255, 36252)","(0, 1, 1, 1, 1, 1, 1, 0, 0, 1, 1, 0, 0, 1, 1, 0, 0, 1, 0, 0, 1, 1, 1, 1, 0, 0, 0, 1, 1, 0, 1, 0, 1, 0, 0, 1, 1, 1, 1, 0, 1, 1, 0, 1, 0, 1, 1, 1, 1, 1, 1, 0, 1, 0, 0, 1, 0, 0, 1, 1, 0, 1, 1, 1, 1, 0, 1, 0, 1, 1, 1, 0, 1, 0, 1, 1, 1, 0, 0, 0, 0, 1, 1, 1, 1, 0, 0, 0, 1, 0, 0, 1, 1, 0, 1, 0, 0, 0, 1, 1, 0, 0, 1, 0, 0, 1, 0, 0, 0, 1, 0, 0, 1, 0, 1, 1, 1, 1, 1, 0, 0, 0, 1, 1, 1, 1, 1, 1, 1, 1, 0, 0, 1, 1, 1, 0, 0, 0, 0, 1, 1, 0, 1, 1, 1, 0, 1, 1, 1, 1, 1, 1, 0, 1, 1, 1, 1, 1, 0, 1, 1, 0, 1, 1, 1, 0, 1, 1, 1, 1, 0, 1, 1, 1, 1, 1, 0, 1, 1, 1, 1, 1, 0, 1, 1, 1, 0, 1, 1, 1, 0, 1, 0, 1, 1, 0, 1, 1, 0, 1)"
90.66585,200,601.734705,4,"(11350, 41224, 31546, 44342, 9322, 10147, 1290, 37791, 10068, 9989, 6159, 23751, 31016, 35270, 30215, 46829, 7600, 3378, 45506, 4081, 32773, 22212, 37930, 13919, 45676, 25223, 577, 28420, 32862, 19396, 15028, 40233, 21209, 15679, 43077, 38824, 985, 4240, 2352, 14308, 25510, 13702, 20054, 10392, 10166, 27901, 3091, 23109, 40670, 31888, 19295, 481, 34373, 24328, 19833, 20448, 9874, 30126, 48552, 28589, 47560, 6605, 21087, 37236, 25157, 12068, 43036, 16997, 47162, 35588, 24525, 37101, 33681, 16317, 26292, 14016, 24486, 25541, 41129, 28484, 26540, 48505, 38720, 43310, 31305, 6576, 43426, 5655, 19801, 49644, 27664, 5366, 27895, 13355, 2887, 32734, 31014, 48417, 22685, 48854, 27013, 4867, 4050, 48649, 46606, 20802, 35012, 7659, 17828, 46209, 35909, 43080, 48935, 35595, 13937, 12735, 45727, 17020, 15830, 15410, 49363, 572, 13926, 1061, 11835, 18019, 30898, 11832, 21253, 46550, 24218, 43747, 41641, 5526, 6593, 18102, 1855, 49542, 37350, 45842, 1542, 15561, 17738, 35295, 27753, 35334, 30869, 38689, 30084, 15690, 29569, 36067, 31090, 23394, 2020, 17098, 48485, 39479, 4559, 10208, 47842, 35753, 15100, 37254, 20541, 21443, 38632, 41656, 4351, 10260, 29454, 22054, 18520, 37312, 39978, 39360, 31414, 27357, 28133, 20502, 14136, 14389, 49358, 20915, 29264, 14807, 36897, 38537, 29693, 37093, 19727, 22313, 46813, 33018, 34257, 36427, 41553, 19631, 3627, 30162)","(1, 0, 0, 0, 1, 1, 1, 1, 1, 1, 1, 1, 1, 1, 0, 0, 1, 1, 0, 1, 1, 1, 0, 1, 0, 0, 1, 0, 1, 1, 1, 1, 1, 1, 0, 0, 1, 1, 0, 1, 0, 0, 1, 1, 1, 1, 1, 0, 0, 1, 1, 1, 0, 1, 1, 1, 1, 1, 0, 1, 0, 0, 1, 1, 1, 1, 0, 1, 1, 0, 0, 0, 1, 1, 1, 1, 1, 0, 1, 1, 1, 0, 1, 0, 1, 1, 0, 1, 1, 0, 1, 1, 1, 1, 1, 1, 1, 1, 0, 0, 1, 1, 1, 0, 1, 1, 0, 0, 0, 0, 0, 1, 0, 0, 1, 1, 0, 1, 0, 1, 0, 1, 1, 1, 1, 1, 0, 1, 0, 0, 0, 0, 0, 1, 1, 0, 1, 1, 0, 0, 1, 1, 1, 1, 1, 0, 0, 0, 0, 1, 1, 0, 0, 1, 1, 1, 1, 0, 1, 1, 0, 0, 1, 1, 1, 0, 0, 1, 1, 1, 0, 1, 1, 1, 1, 1, 1, 1, 1, 0, 1, 1, 0, 1, 1, 1, 0, 0, 0, 1, 1, 0, 1, 1, 0, 0, 0, 1, 1, 0)"
54.103255,200,604.198102,7,"(9449, 10703, 1255, 38924, 8262, 33796, 15469, 899, 9737, 49541, 30182, 21475, 9605, 4540, 17823, 45304, 1708, 30482, 46101, 6304, 22228, 40805, 42803, 12497, 41050, 28621, 15686, 14741, 1480, 41312, 20792, 17220, 44656, 37473, 1932, 20754, 22510, 47007, 7315, 37479, 27169, 45556, 11677, 48037, 34484, 25920, 48661, 8188, 8978, 22999, 18060, 15895, 40626, 16983, 25215, 2349, 7070, 41824, 16578, 34624, 24370, 45475, 21149, 17988, 41515, 27207, 22453, 835, 2603, 26782, 24128, 29414, 47248, 36774, 36553, 18386, 24694, 15628, 46846, 49821, 23354, 43717, 33258, 21925, 48211, 794, 16814, 17855, 32600, 48193, 32257, 36591, 32720, 8638, 3356, 18739, 41799, 24866, 560, 15653, 17083, 4194, 4892, 21835, 26520, 21482, 6821, 12613, 14807, 36741, 47412, 33616, 20857, 32857, 36853, 31749, 7727, 45649, 12811, 27808, 17527, 7919, 8730, 1413, 39766, 27895, 24341, 10952, 23992, 25552, 42219, 30687, 37912, 40364, 27898, 13473, 40493, 43518, 29081, 23846, 16199, 8336, 33498, 48689, 35869, 19560, 40663, 10431, 37944, 17981, 1642, 42627, 18223, 20289, 8942, 21323, 4002, 10026, 45629, 22227, 12576, 38970, 48920, 37630, 26284, 27133, 8009, 7850, 48097, 33952, 111, 11710, 18675, 15456, 14755, 28973, 2486, 8655, 47541, 2741, 10359, 47032, 11985, 22399, 33308, 30736, 37241, 26709, 47149, 27225, 14842, 42088, 19254, 13500, 2532, 49358, 18867, 1889, 7402, 41311)","(1, 1, 1, 0, 1, 0, 1, 1, 1, 0, 0, 0, 1, 1, 0, 0, 0, 0, 0, 0, 0, 0, 0, 1, 0, 1, 1, 1, 1, 0, 1, 1, 0, 1, 1, 1, 0, 0, 1, 1, 0, 0, 1, 0, 0, 0, 0, 1, 0, 0, 0, 1, 0, 1, 0, 1, 0, 0, 1, 0, 1, 0, 1, 0, 0, 0, 0, 0, 1, 1, 0, 0, 0, 0, 0, 0, 1, 1, 0, 0, 0, 0, 0, 1, 0, 1, 1, 0, 0, 0, 0, 0, 0, 1, 1, 1, 0, 1, 1, 1, 1, 1, 1, 1, 0, 1, 1, 1, 1, 0, 0, 0, 1, 0, 0, 0, 1, 0, 1, 0, 1, 0, 1, 0, 0, 1, 1, 1, 1, 0, 0, 0, 0, 0, 1, 1, 0, 0, 1, 1, 1, 1, 0, 1, 0, 1, 0, 1, 1, 1, 1, 0, 1, 1, 1, 1, 1, 1, 0, 0, 1, 0, 1, 1, 0, 0, 1, 1, 0, 0, 1, 1, 1, 1, 1, 1, 1, 0, 0, 1, 1, 0, 1, 0, 0, 0, 0, 0, 0, 1, 0, 0, 1, 1, 1, 0, 1, 0, 1, 0)"
75.762727,200,613.826298,5,"(40471, 44784, 35261, 3326, 39004, 4986, 22069, 22473, 24618, 13092, 16450, 36881, 34804, 31524, 25634, 24170, 16426, 37814, 6990, 46945, 6740, 582, 42960, 8148, 49397, 21337, 16678, 19677, 2650, 19, 1302, 41807, 9160, 10569, 14892, 13489, 46249, 39486, 6338, 21991, 31519, 35194, 31945, 36733, 23970, 34963, 32336, 20599, 36679, 25879, 2151, 8397, 35508, 17041, 9211, 33190, 30965, 40498, 10489, 29965, 11136, 32748, 7946, 17073, 11785, 36099, 12441, 28293, 19545, 36829, 17482, 9780, 47055, 13725, 15085, 47851, 32994, 34360, 39704, 16566, 38300, 24859, 24466, 38061, 15647, 10291, 44414, 46321, 6971, 4339, 18109, 28809, 10952, 44049, 14077, 44512, 19790, 45449, 977, 33019, 36990, 18852, 49380, 40238, 11209, 42190, 2485, 34320, 31972, 6, 47907, 14497, 40944, 37497, 43660, 7786, 47841, 43297, 31619, 33726, 27022, 33411, 23411, 29033, 17763, 49810, 24037, 48876, 20393, 44922, 5430, 19304, 5005, 29509, 29710, 34692, 32651, 43780, 29428, 27552, 38912, 45051, 19192, 12665, 15444, 10784, 2907, 30611, 15908, 48378, 16938, 33954, 18426, 20008, 13297, 28923, 10841, 41882, 7349, 29476, 42494, 3531, 27111, 25225, 43925, 35044, 42642, 46482, 40561, 37344, 39670, 33653, 7720, 5801, 40720, 41190, 12362, 37334, 32460, 18700, 27316, 20621, 49883, 15709, 20221, 15896, 38659, 13855, 4384, 2396, 13839, 21452, 45649, 888, 25598, 10832, 23081, 32367, 46009, 2799)","(0, 0, 0, 1, 1, 1, 1, 0, 1, 1, 1, 1, 0, 1, 1, 1, 0, 0, 0, 0, 1, 1, 0, 1, 0, 1, 1, 1, 1, 1, 1, 0, 0, 1, 1, 1, 0, 1, 1, 1, 0, 0, 1, 0, 1, 1, 0, 1, 0, 0, 1, 1, 1, 0, 1, 0, 0, 0, 1, 0, 1, 0, 1, 1, 1, 0, 1, 0, 1, 0, 0, 1, 1, 0, 1, 0, 0, 0, 0, 0, 0, 1, 1, 0, 1, 1, 0, 1, 1, 1, 0, 1, 1, 0, 1, 0, 1, 0, 1, 0, 1, 0, 0, 0, 1, 0, 1, 1, 0, 1, 0, 1, 1, 1, 0, 1, 0, 0, 0, 0, 0, 0, 1, 1, 0, 0, 1, 0, 1, 0, 1, 1, 1, 1, 1, 0, 0, 0, 0, 0, 1, 0, 0, 1, 1, 1, 1, 0, 0, 0, 1, 1, 0, 1, 1, 1, 1, 0, 1, 0, 0, 1, 0, 1, 0, 0, 0, 1, 1, 1, 0, 1, 1, 1, 0, 1, 1, 1, 0, 0, 0, 0, 0, 1, 1, 1, 0, 1, 1, 0, 1, 1, 1, 1, 0, 1, 0, 0, 0, 1)"
66.867238,200,616.343114,0,"(11499, 22482, 36685, 20265, 41815, 27405, 35409, 4666, 12949, 20741, 4227, 35436, 49566, 40627, 49240, 11890, 24491, 36962, 49197, 17741, 19296, 2702, 24825, 42390, 23359, 40620, 5264, 41866, 46826, 39771, 25733, 6915, 22711, 7343, 1109, 11304, 18391, 40748, 25678, 26441, 27731, 7029, 21698, 43047, 44901, 41649, 38359, 48668, 39081, 14522, 47212, 24864, 44572, 40926, 42116, 48279, 6724, 40534, 12215, 49368, 17457, 482, 33868, 44763, 9098, 30590, 30532, 23978, 22602, 5733, 28387, 4581, 33340, 26302, 38162, 5664, 5853, 40476, 39751, 30588, 39504, 29970, 3030, 2986, 808, 35182, 6708, 39628, 39438, 14728, 44889, 41014, 14503, 41398, 34731, 29221, 9063, 39595, 19489, 13552, 47880, 518, 30749, 47990, 30210, 32476, 35410, 35350, 14257, 18994, 32913, 37129, 49419, 26337, 42609, 37243, 38273, 7966, 7775, 29143, 8355, 46590, 37602, 27960, 46813, 5198, 31690, 29360, 43067, 42703, 28711, 47498, 34718, 23779, 15964, 28490, 33107, 49373, 10036, 34726, 5755, 32265, 83, 44148, 23777, 48766, 49866, 21371, 40042, 27451, 1366, 37671, 2988, 24530, 5409, 17816, 43929, 20889, 41152, 31318, 43707, 17925, 1175, 15736, 24702, 32389, 11530, 43258, 44120, 49110, 8306, 29657, 24549, 24342, 1350, 6754, 25324, 1756, 6451, 21603, 8623, 36830, 22684, 47897, 13285, 26805, 49574, 37948, 39172, 35311, 13729, 25220, 16711, 8698, 31031, 35184, 28421, 42722, 3462, 10082)","(1, 0, 0, 1, 1, 0, 1, 1, 1, 1, 1, 0, 0, 0, 0, 1, 0, 1, 0, 1, 1, 1, 0, 0, 1, 0, 1, 0, 0, 0, 0, 1, 0, 1, 1, 1, 0, 0, 0, 0, 1, 1, 0, 0, 0, 1, 1, 0, 0, 1, 0, 0, 0, 0, 0, 1, 1, 0, 1, 0, 1, 1, 1, 0, 1, 0, 0, 1, 0, 0, 0, 1, 0, 1, 0, 1, 1, 0, 0, 0, 0, 0, 1, 1, 1, 0, 1, 0, 0, 1, 0, 0, 0, 1, 0, 0, 1, 0, 0, 1, 1, 0, 0, 0, 0, 0, 0, 0, 0, 1, 0, 0, 0, 1, 1, 0, 0, 1, 1, 1, 1, 0, 0, 1, 1, 1, 0, 1, 0, 0, 1, 0, 0, 0, 1, 1, 0, 0, 1, 0, 1, 0, 1, 0, 0, 0, 0, 1, 0, 0, 1, 1, 1, 1, 1, 1, 0, 1, 0, 1, 0, 0, 1, 1, 1, 1, 1, 1, 0, 0, 1, 1, 1, 0, 1, 1, 1, 1, 1, 0, 1, 0, 0, 0, 1, 1, 1, 1, 0, 0, 0, 0, 1, 0, 1, 0, 1, 0, 1, 1)"
88.522045,200,618.770061,6,"(20200, 27248, 33412, 20779, 39499, 5953, 34893, 21486, 38860, 11325, 38022, 39808, 44365, 6607, 1883, 4760, 650, 31252, 38315, 2895, 47059, 6538, 20288, 48646, 32251, 33287, 44642, 3500, 46857, 28772, 23427, 24789, 5404, 43867, 17671, 1534, 21951, 15736, 12527, 34364, 40822, 4948, 23414, 8983, 17734, 23312, 48270, 8307, 15055, 33131, 17371, 5619, 48689, 27183, 14307, 10298, 10116, 15463, 49578, 9614, 34907, 21181, 27730, 30299, 19225, 12635, 29660, 10278, 4222, 17993, 41281, 14650, 1135, 13154, 28474, 27800, 40940, 15826, 44998, 7909, 2983, 32776, 7487, 13671, 25178, 4441, 1161, 35081, 18602, 19751, 9711, 37030, 17427, 21835, 26488, 14012, 36264, 22803, 34144, 26418, 20905, 20739, 32176, 20247, 49866, 6599, 7577, 1560, 31124, 49118, 34874, 49390, 25758, 4078, 7499, 27718, 33371, 14086, 3316, 38500, 3727, 46508, 40116, 48072, 11718, 45200, 12837, 19127, 33808, 11178, 21600, 18467, 17126, 34434, 18361, 21291, 12200, 10266, 37316, 37152, 43881, 24383, 2037, 23201, 17144, 19134, 2713, 47350, 29586, 21147, 34457, 40904, 13392, 40499, 2367, 34102, 10905, 18078, 24327, 35508, 15046, 19929, 39662, 15571, 24877, 44725, 18836, 40410, 37230, 11662, 31475, 47628, 37167, 26550, 20251, 41371, 15222, 2529, 49829, 35086, 33345, 16184, 44223, 700, 9436, 18686, 4389, 27228, 45507, 18392, 47990, 19347, 554, 20738, 33391, 47633, 6978, 43502, 24342, 31268)","(1, 1, 0, 1, 0, 1, 0, 1, 1, 1, 0, 1, 0, 1, 1, 1, 1, 1, 0, 1, 0, 1, 1, 0, 0, 0, 0, 1, 0, 1, 1, 1, 1, 0, 1, 1, 1, 1, 0, 0, 0, 1, 1, 1, 0, 0, 0, 1, 1, 0, 1, 1, 1, 0, 1, 0, 1, 1, 0, 1, 0, 1, 1, 0, 1, 1, 0, 1, 1, 1, 0, 1, 0, 1, 1, 1, 1, 1, 0, 1, 1, 0, 1, 1, 0, 1, 0, 0, 0, 1, 1, 1, 1, 1, 1, 1, 1, 0, 0, 1, 1, 1, 1, 0, 0, 1, 1, 1, 0, 0, 0, 0, 0, 1, 1, 1, 0, 1, 1, 1, 1, 0, 0, 0, 1, 1, 1, 0, 0, 1, 1, 0, 1, 0, 1, 0, 0, 1, 1, 1, 0, 1, 1, 0, 1, 1, 0, 0, 0, 1, 1, 0, 1, 0, 1, 0, 1, 1, 1, 1, 1, 1, 0, 1, 0, 0, 1, 0, 0, 1, 1, 0, 1, 1, 1, 0, 1, 1, 1, 1, 0, 1, 0, 0, 0, 1, 1, 1, 1, 1, 0, 1, 1, 1, 0, 0, 1, 0, 0, 1)"
117.605027,200,621.242579,5,"(46082, 25510, 4675, 8270, 42495, 25446, 24917, 7223, 31374, 38065, 31042, 12121, 37538, 12675, 38860, 26046, 1450, 49211, 4249, 1285, 36532, 36105, 19839, 23456, 3702, 11390, 14047, 38489, 39644, 45252, 38713, 14189, 7774, 5922, 24582, 41106, 6650, 14766, 38992, 38031, 21710, 182, 30807, 1509, 20699, 26200, 45514, 43767, 29244, 9930, 20143, 44788, 25458, 36523, 24741, 40495, 1554, 33540, 19036, 29537, 28817, 33899, 37968, 13376, 32833, 35875, 40880, 23290, 1988, 10020, 37008, 11783, 3082, 7689, 777, 8728, 37088, 19717, 2238, 33241, 36761, 22102, 29261, 36178, 11042, 24952, 40001, 20458, 2058, 33011, 38445, 47132, 8324, 41612, 39428, 18866, 4058, 23935, 13493, 45386, 42215, 4783, 25449, 1745, 27019, 20729, 14612, 37752, 41219, 20172, 28740, 19614, 44375, 39718, 27187, 24114, 48436, 44232, 50010, 41162, 13205, 28971, 33512, 46128, 3486, 42743, 49576, 40184, 23733, 514, 43636, 16951, 522, 30234, 2642, 47444, 37878, 48767, 24781, 1794, 3617, 22701, 28434, 1587, 49687, 4598, 17090, 22384, 21862, 2692, 36545, 5499, 32595, 19060, 49965, 37547, 18477, 3162, 20860, 40878, 41828, 319, 38761, 47180, 36484, 1269, 5059, 11914, 34228, 26177, 10815, 3968, 40835, 24202, 28661, 28553, 49897, 20361, 41595, 26759, 33576, 45759, 21788, 118, 48626, 33834, 27628, 21857, 18401, 35017, 24178, 15224, 11912, 1329, 11827, 21206, 12056, 23538, 27391, 61)","(0, 0, 1, 1, 0, 1, 1, 1, 1, 0, 1, 1, 1, 1, 1, 1, 1, 0, 1, 1, 1, 0, 1, 1, 1, 1, 0, 1, 0, 1, 0, 1, 1, 1, 1, 0, 1, 1, 1, 1, 1, 1, 0, 1, 1, 1, 1, 0, 1, 1, 1, 0, 1, 1, 1, 0, 1, 0, 1, 0, 0, 1, 0, 1, 0, 0, 1, 0, 1, 1, 0, 1, 1, 1, 1, 0, 0, 1, 1, 1, 0, 1, 1, 0, 1, 1, 1, 1, 1, 0, 0, 0, 1, 0, 0, 0, 0, 1, 1, 0, 1, 1, 1, 0, 1, 1, 1, 1, 1, 0, 1, 1, 0, 0, 1, 1, 1, 0, 0, 1, 1, 1, 1, 0, 0, 0, 1, 0, 1, 1, 0, 1, 0, 0, 1, 0, 0, 1, 1, 1, 1, 0, 0, 1, 0, 1, 1, 0, 1, 1, 0, 1, 0, 0, 1, 1, 1, 0, 1, 0, 1, 1, 1, 0, 0, 1, 1, 1, 1, 1, 1, 1, 0, 0, 1, 1, 0, 1, 0, 0, 1, 1, 1, 1, 1, 0, 1, 1, 0, 0, 1, 1, 1, 1, 1, 0, 1, 1, 0, 1)"
58.008216,200,623.769482,7,"(23976, 23410, 25141, 29111, 19505, 44540, 1939, 37288, 42415, 35419, 7642, 43216, 10614, 14598, 2571, 38748, 1461, 7877, 1372, 11151, 46385, 15036, 16500, 33843, 23513, 5917, 23022, 11538, 17773, 18648, 7994, 8710, 40044, 13362, 31053, 44627, 36780, 20507, 2191, 33427, 39420, 27015, 17435, 17856, 48076, 24638, 34493, 5242, 1603, 42816, 39899, 21635, 20344, 42408, 16327, 11096, 30131, 14781, 31106, 30434, 25664, 3786, 84, 16686, 3262, 19046, 36519, 22302, 41212, 7134, 41149, 16621, 18974, 39145, 17181, 394, 38813, 23170, 23610, 24685, 9501, 47995, 21340, 10029, 4733, 5230, 13006, 15527, 1303, 33578, 6761, 17109, 4299, 43654, 23387, 43149, 21220, 7821, 1197, 9435, 24781, 43, 29836, 5047, 45661, 30085, 18812, 35802, 8298, 2327, 18922, 10523, 43543, 882, 41446, 19546, 41443, 4981, 18820, 37936, 39825, 47432, 7545, 3339, 47451, 3451, 35040, 33833, 47774, 3051, 13379, 5921, 20615, 27176, 27036, 3871, 40496, 34616, 39894, 32196, 22700, 24855, 37533, 7562, 35482, 13621, 46529, 16576, 33280, 33947, 49762, 49370, 445, 19923, 19534, 24492, 49434, 49948, 35055, 40229, 15822, 27781, 23407, 23327, 4645, 30641, 30941, 43588, 37104, 29347, 15054, 47629, 33075, 48302, 39100, 2460, 11158, 7530, 17645, 20566, 33214, 33236, 8796, 10432, 21358, 7759, 46286, 33287, 49729, 28571, 41685, 24224, 34806, 25637, 22628, 37636, 17303, 36455, 23239, 34668)","(1, 1, 1, 1, 1, 0, 1, 0, 0, 0, 1, 0, 1, 0, 1, 0, 1, 1, 1, 1, 0, 1, 1, 0, 1, 1, 0, 1, 1, 1, 1, 0, 0, 1, 1, 0, 0, 1, 0, 0, 0, 1, 0, 0, 0, 1, 0, 1, 1, 0, 0, 1, 1, 0, 1, 1, 0, 1, 0, 0, 0, 1, 1, 1, 1, 1, 0, 0, 0, 1, 0, 1, 1, 0, 1, 1, 0, 0, 1, 1, 1, 0, 1, 1, 1, 1, 1, 1, 1, 0, 1, 1, 1, 0, 0, 0, 1, 1, 0, 1, 1, 1, 0, 1, 0, 0, 1, 0, 1, 1, 1, 1, 0, 1, 0, 1, 0, 1, 1, 0, 0, 0, 1, 1, 0, 1, 0, 0, 0, 1, 1, 1, 1, 1, 1, 1, 0, 0, 0, 0, 0, 0, 0, 1, 1, 1, 0, 0, 0, 1, 0, 0, 1, 0, 1, 1, 0, 0, 0, 0, 1, 0, 0, 1, 1, 0, 0, 0, 0, 1, 1, 0, 0, 0, 0, 0, 1, 1, 1, 1, 0, 0, 1, 1, 1, 1, 0, 0, 0, 0, 0, 1, 0, 1, 0, 1, 0, 0, 0, 0)"
37.936188,200,626.455723,7,"(2657, 6133, 39596, 38070, 29960, 23090, 47504, 37516, 42974, 26195, 25127, 643, 21056, 30501, 8358, 6863, 11734, 26585, 23988, 33165, 1349, 21110, 9939, 39647, 22218, 10778, 26569, 36588, 31701, 26133, 7117, 25689, 18148, 34211, 17736, 17077, 31184, 35898, 4345, 16865, 41482, 26666, 8068, 37721, 12392, 14095, 21643, 36494, 29731, 28719, 49310, 41700, 38201, 40346, 42494, 3320, 38235, 29847, 27927, 37727, 11207, 26213, 12456, 28787, 17597, 28027, 45113, 14735, 31030, 17213, 45936, 15165, 6115, 16218, 30695, 12151, 6155, 6067, 46659, 40412, 13461, 30664, 44577, 20982, 34232, 1596, 40080, 45946, 13727, 25555, 41741, 27676, 23302, 29752, 35042, 28913, 46574, 34634, 19672, 17883, 15214, 32138, 42152, 19525, 24847, 47507, 24772, 9063, 21976, 42820, 18549, 16317, 37860, 11672, 13925, 40900, 18297, 2525, 44383, 30474, 20771, 40894, 46865, 11249, 31060, 20483, 28386, 26092, 16610, 27809, 32391, 38195, 34505, 4757, 6133, 15130, 37778, 35934, 29672, 34917, 48357, 30829, 17235, 6058, 20257, 34776, 19245, 22741, 34839, 20891, 45725, 23018, 28821, 8765, 4683, 23500, 40742, 12171, 7595, 9062, 18219, 14156, 19288, 41215, 1596, 25611, 43169, 1964, 1823, 20302, 14621, 16939, 33492, 17091, 7772, 41480, 2241, 2364, 28632, 32754, 45064, 36636, 28228, 37202, 47050, 15176, 26841, 24578, 37556, 25171, 22416, 31514, 15782, 28813, 35594, 30196, 47237, 3059, 19413, 631)","(1, 1, 0, 0, 0, 0, 0, 1, 0, 1, 1, 1, 1, 0, 1, 1, 1, 1, 1, 0, 1, 0, 1, 0, 0, 1, 0, 0, 0, 1, 0, 0, 0, 0, 1, 1, 0, 1, 1, 1, 0, 1, 1, 0, 1, 1, 1, 1, 1, 1, 0, 0, 0, 0, 0, 1, 0, 0, 1, 0, 1, 1, 1, 1, 1, 0, 0, 1, 0, 0, 0, 1, 1, 1, 0, 1, 1, 1, 0, 0, 1, 0, 0, 1, 0, 0, 0, 0, 0, 1, 0, 0, 1, 0, 0, 1, 0, 0, 1, 0, 1, 0, 0, 1, 1, 0, 0, 1, 0, 0, 1, 1, 0, 1, 1, 0, 0, 1, 0, 0, 1, 0, 0, 1, 0, 0, 0, 1, 1, 0, 0, 0, 0, 0, 0, 1, 0, 0, 0, 0, 0, 0, 1, 1, 1, 0, 1, 0, 0, 1, 0, 0, 1, 0, 0, 0, 0, 1, 1, 1, 1, 0, 0, 0, 0, 0, 0, 1, 1, 1, 1, 1, 0, 1, 1, 0, 1, 1, 0, 0, 0, 0, 0, 0, 0, 1, 1, 1, 1, 0, 0, 0, 1, 1, 0, 0, 0, 1, 0, 1)"
108.909981,200,629.285428,5,"(6425, 17164, 18496, 28413, 8339, 7388, 36992, 27808, 4197, 31616, 41827, 32560, 37895, 673, 5483, 22190, 35985, 46940, 48729, 24397, 42664, 47910, 18352, 11288, 8081, 403, 28150, 15271, 35305, 4138, 29361, 37411, 27560, 11802, 19662, 14968, 5012, 33847, 8416, 6278, 21564, 31795, 35811, 28665, 41554, 48909, 37037, 20598, 21572, 404, 29434, 19680, 5525, 40592, 15585, 24882, 47038, 1418, 16704, 28572, 38758, 18112, 31283, 18418, 5180, 26212, 25594, 39097, 45, 24953, 13934, 17754, 3138, 14105, 36465, 36474, 16350, 14136, 48693, 5425, 49563, 8917, 8541, 32825, 16409, 4010, 9368, 15095, 1269, 24450, 860, 21920, 33311, 36217, 11567, 29129, 37179, 32989, 38800, 18412, 20390, 34083, 42783, 3584, 49198, 46431, 49225, 9453, 43428, 43843, 36858, 17727, 14617, 35876, 41315, 29430, 34074, 6906, 23428, 44699, 23201, 20110, 695, 12844, 3158, 19881, 16494, 250, 20929, 38773, 9557, 33529, 40919, 28869, 18487, 4148, 40682, 10874, 9135, 36322, 40227, 48372, 15803, 21613, 8683, 18753, 21678, 27724, 21627, 19218, 30390, 17068, 6947, 48533, 6906, 23143, 41359, 35376, 11343, 8832, 19855, 42774, 42198, 23775, 38482, 17911, 6286, 12583, 28116, 3413, 21776, 38686, 22772, 29548, 28999, 3480, 31421, 25127, 46742, 9529, 30155, 26660, 18482, 14394, 3422, 39149, 29309, 42093, 25597, 5805, 21455, 156, 23793, 30542, 43742, 41817, 34947, 24974, 46570, 43148)","(0, 0, 1, 0, 1, 1, 1, 1, 1, 1, 0, 0, 0, 1, 0, 1, 1, 0, 1, 0, 0, 0, 0, 0, 1, 1, 1, 1, 0, 1, 0, 1, 0, 1, 1, 0, 1, 0, 1, 1, 1, 1, 0, 1, 1, 1, 1, 1, 1, 1, 0, 1, 1, 0, 1, 1, 1, 1, 1, 1, 0, 1, 1, 1, 1, 1, 1, 0, 1, 0, 1, 1, 1, 1, 0, 0, 1, 1, 1, 1, 0, 1, 0, 0, 0, 1, 1, 1, 1, 1, 1, 1, 1, 1, 1, 1, 0, 0, 0, 1, 1, 1, 0, 1, 0, 1, 0, 1, 1, 0, 0, 1, 1, 0, 0, 0, 1, 1, 1, 0, 0, 0, 1, 1, 0, 0, 0, 1, 1, 0, 1, 0, 0, 1, 0, 1, 0, 1, 1, 0, 0, 1, 1, 1, 1, 1, 1, 0, 1, 1, 0, 1, 1, 1, 0, 0, 0, 0, 1, 1, 1, 0, 0, 1, 1, 0, 1, 1, 1, 1, 1, 0, 0, 0, 1, 1, 1, 1, 0, 1, 0, 1, 1, 1, 1, 0, 1, 0, 0, 1, 0, 1, 1, 0, 0, 0, 0, 1, 1, 0)"
60.545472,200,632.333297,0,"(45687, 42786, 20146, 9903, 16967, 41579, 925, 19745, 43556, 25876, 47371, 11132, 18971, 37423, 18282, 6352, 18217, 24992, 17595, 46370, 48840, 21836, 29674, 28399, 34998, 17585, 40925, 42046, 44096, 48803, 34551, 47512, 18969, 27373, 30216, 43097, 49077, 28800, 42302, 1972, 28859, 45312, 44783, 45109, 40126, 10614, 34737, 25303, 44113, 2253, 5366, 39305, 33318, 2863, 27107, 22674, 15259, 23210, 15540, 10590, 3482, 33668, 46697, 36393, 34846, 28659, 23937, 571, 20932, 19065, 993, 32182, 17371, 39154, 36613, 43063, 14636, 21670, 33499, 5468, 18490, 22282, 19269, 18645, 20391, 19321, 30931, 30916, 11765, 35440, 31829, 42983, 43793, 757, 24952, 44503, 38038, 24844, 41731, 22174, 36369, 2982, 18977, 18795, 8528, 9785, 24305, 24017, 7837, 13171, 13384, 18021, 36811, 28656, 47229, 22953, 9158, 30540, 20336, 24813, 32819, 29278, 41261, 46645, 25064, 4167, 26497, 38369, 32833, 42489, 13035, 12625, 46498, 7821, 34828, 31992, 45993, 8472, 13054, 45038, 27198, 35506, 27715, 1353, 47076, 29669, 24407, 34037, 24142, 49761, 8657, 49348, 38736, 22389, 36943, 9641, 38951, 49939, 20986, 47406, 13906, 36413, 37986, 33442, 46595, 30631, 10391, 7362, 4081, 22942, 32622, 16686, 4832, 37101, 3434, 15582, 19059, 49350, 923, 24748, 13384, 23073, 10049, 24247, 22896, 45758, 5070, 45693, 9107, 13021, 18154, 28466, 22713, 47300, 35922, 10998, 23514, 29252, 10498, 18108)","(0, 0, 1, 1, 1, 1, 1, 1, 0, 0, 1, 1, 1, 1, 1, 1, 1, 1, 0, 1, 1, 1, 0, 0, 0, 0, 0, 0, 0, 0, 0, 0, 0, 1, 0, 0, 0, 1, 0, 1, 1, 0, 0, 0, 0, 1, 1, 1, 0, 1, 1, 0, 0, 1, 0, 0, 1, 0, 1, 1, 0, 0, 0, 0, 0, 1, 0, 1, 1, 1, 1, 0, 1, 0, 0, 1, 1, 1, 0, 0, 1, 0, 1, 1, 1, 0, 0, 0, 1, 1, 1, 1, 0, 1, 1, 0, 0, 1, 0, 0, 0, 1, 1, 0, 1, 1, 1, 1, 0, 1, 1, 0, 0, 0, 0, 0, 1, 0, 0, 1, 1, 1, 0, 1, 0, 1, 0, 0, 0, 0, 1, 1, 0, 1, 0, 0, 0, 1, 1, 0, 1, 0, 0, 1, 0, 1, 1, 0, 0, 0, 0, 1, 0, 0, 0, 1, 1, 0, 0, 0, 1, 0, 0, 1, 1, 0, 1, 1, 1, 0, 1, 1, 1, 0, 1, 1, 0, 0, 1, 1, 0, 0, 1, 1, 0, 0, 1, 0, 1, 0, 0, 1, 0, 0, 1, 1, 1, 1, 1, 0)"
79.565242,200,635.81526,0,"(40026, 18591, 109, 49556, 8575, 11265, 256, 3732, 10662, 19079, 8312, 9334, 8584, 33863, 42395, 30414, 14411, 10040, 42219, 5946, 25048, 1329, 3217, 14318, 34530, 25157, 28928, 12229, 19507, 15823, 31754, 6699, 20716, 13032, 46109, 2425, 39917, 23088, 11912, 259, 48330, 42697, 27139, 34476, 26588, 34648, 4283, 16073, 22497, 38560, 9460, 1209, 5663, 4550, 28511, 17283, 16878, 3290, 31313, 39307, 26999, 35745, 33266, 38470, 19392, 36805, 30309, 17550, 18985, 46963, 25696, 19382, 17306, 20916, 27742, 31479, 14466, 17443, 821, 37238, 31849, 15899, 15640, 27763, 7068, 12375, 4669, 17505, 29776, 49471, 6074, 2278, 12375, 6797, 9641, 50016, 34563, 889, 32885, 9578, 39442, 43517, 2471, 20167, 37816, 932, 5569, 19625, 43693, 31502, 41107, 8328, 22718, 27600, 10940, 25456, 27394, 23286, 17704, 21517, 11852, 21013, 48605, 199, 18774, 33459, 15175, 36824, 5746, 8927, 15851, 42674, 29327, 4612, 8472, 33507, 20841, 39497, 14307, 26454, 26683, 13179, 11490, 39180, 33819, 33755, 32469, 2377, 21067, 16397, 6060, 3653, 13599, 45304, 25856, 49373, 44457, 40948, 447, 516, 40282, 29699, 28958, 1889, 21021, 35878, 40637, 15712, 18748, 7871, 31501, 17389, 42201, 41895, 11914, 33667, 31967, 34226, 28031, 43222, 28738, 7724, 40644, 14860, 2042, 28078, 18060, 12120, 39772, 6598, 16219, 575, 39465, 38884, 26033, 17635, 31163, 29916, 4815, 24857)","(1, 1, 0, 0, 1, 0, 1, 0, 1, 1, 0, 1, 1, 0, 0, 0, 1, 1, 0, 1, 1, 1, 1, 1, 1, 1, 1, 1, 1, 0, 1, 1, 1, 1, 0, 0, 0, 0, 1, 1, 0, 0, 1, 0, 0, 0, 1, 0, 0, 0, 1, 1, 1, 0, 0, 1, 1, 1, 0, 0, 0, 0, 0, 0, 1, 0, 0, 0, 1, 1, 0, 1, 0, 1, 0, 1, 1, 1, 1, 0, 1, 1, 1, 1, 0, 1, 1, 1, 0, 0, 1, 0, 0, 1, 1, 1, 0, 0, 0, 0, 0, 0, 0, 1, 1, 1, 1, 1, 0, 0, 1, 1, 0, 0, 1, 1, 0, 0, 0, 0, 1, 1, 1, 1, 0, 1, 1, 1, 1, 1, 1, 0, 0, 1, 1, 0, 0, 0, 1, 0, 1, 1, 1, 0, 0, 0, 1, 1, 1, 0, 1, 1, 1, 0, 1, 0, 0, 1, 1, 1, 0, 0, 1, 0, 1, 0, 0, 0, 0, 1, 0, 0, 0, 0, 1, 0, 0, 0, 0, 0, 1, 1, 0, 1, 1, 0, 0, 1, 0, 0, 1, 1, 0, 1, 1, 0, 1, 0, 1, 1)"
61.943294,200,638.771828,3,"(29289, 6831, 44613, 41326, 44824, 42682, 46087, 12806, 29129, 40388, 14874, 19834, 9544, 32197, 9012, 11240, 25469, 49749, 34290, 36266, 7605, 31895, 16384, 13541, 13819, 23444, 40461, 48031, 28131, 45655, 14264, 18514, 22922, 44598, 9606, 1846, 19143, 20774, 30541, 22569, 9155, 2051, 5342, 8068, 44525, 33524, 20061, 44616, 27647, 2082, 38852, 29798, 8669, 47485, 328, 34974, 24640, 45701, 33661, 9983, 5778, 46962, 37121, 36610, 20740, 16855, 12070, 31821, 47014, 34379, 44354, 34902, 37081, 9791, 46453, 5344, 15320, 20388, 40020, 27333, 27087, 6931, 34986, 41377, 25630, 15141, 39544, 18722, 32440, 21423, 45745, 41538, 47326, 49739, 43391, 18037, 48826, 35379, 30708, 44367, 35359, 27304, 36070, 5773, 34085, 34634, 5831, 27467, 22348, 31684, 13531, 1798, 736, 21873, 47467, 41705, 15260, 17587, 2620, 47225, 47969, 41217, 29514, 21555, 11223, 10276, 23932, 21229, 19203, 2127, 27568, 49864, 34640, 18457, 22572, 3068, 40704, 13212, 38298, 30261, 13913, 12282, 29457, 11997, 27432, 5778, 22256, 37490, 20191, 30111, 43693, 48649, 36159, 41584, 45377, 17483, 27238, 31036, 22130, 36011, 16835, 27098, 42634, 4153, 37586, 32735, 2824, 20620, 18774, 30368, 26304, 22084, 28616, 16310, 45954, 19948, 44115, 48399, 32900, 47375, 21880, 5631, 26372, 28131, 37102, 34611, 19435, 18753, 27891, 30797, 43272, 42514, 5231, 7490, 41011, 4772, 14774, 43354, 35053, 44330)","(1, 1, 0, 0, 0, 0, 0, 1, 1, 0, 0, 1, 1, 0, 1, 1, 0, 0, 1, 0, 1, 1, 0, 1, 1, 1, 0, 0, 1, 0, 1, 1, 0, 0, 0, 1, 1, 1, 0, 0, 1, 1, 1, 1, 0, 1, 1, 0, 1, 1, 1, 0, 1, 0, 1, 0, 1, 0, 0, 1, 1, 1, 0, 0, 1, 1, 0, 0, 0, 1, 0, 1, 1, 1, 1, 1, 1, 1, 0, 1, 1, 1, 0, 1, 1, 1, 0, 0, 0, 1, 0, 0, 1, 0, 0, 0, 1, 0, 0, 0, 0, 1, 1, 1, 0, 1, 1, 0, 0, 0, 0, 1, 1, 0, 0, 0, 1, 1, 1, 0, 0, 1, 1, 1, 1, 1, 1, 0, 1, 1, 0, 0, 0, 1, 0, 1, 0, 1, 1, 0, 1, 0, 1, 1, 1, 0, 0, 1, 0, 1, 0, 0, 1, 0, 0, 1, 1, 1, 0, 0, 1, 1, 0, 1, 1, 1, 1, 0, 0, 0, 1, 0, 1, 1, 0, 1, 0, 0, 0, 1, 1, 1, 1, 0, 1, 0, 1, 1, 1, 0, 0, 0, 1, 1, 0, 1, 1, 0, 0, 0)"
25.225874,200,651.604792,7,"(36365, 35368, 42123, 6637, 42646, 23255, 30612, 6173, 27413, 16340, 37711, 4302, 20446, 39090, 31004, 41184, 34154, 7588, 28631, 42691, 24831, 40004, 29861, 28662, 24152, 46914, 37259, 49126, 13289, 9851, 8081, 38261, 7336, 15278, 28126, 33241, 47398, 45911, 25875, 8729, 39821, 37310, 29575, 37877, 42156, 29012, 34043, 4517, 35659, 39829, 9298, 42997, 37994, 24420, 14689, 3482, 39241, 47864, 35930, 49969, 9746, 26102, 30745, 32726, 34526, 4475, 45146, 3044, 4222, 7919, 17633, 1981, 15757, 40902, 17663, 32699, 15858, 1331, 5379, 36148, 42821, 28463, 28124, 23123, 45869, 31042, 43005, 23100, 11552, 18448, 25251, 28655, 8785, 47073, 6416, 10636, 36993, 47597, 48930, 19078, 15292, 15597, 43400, 34512, 7846, 5553, 4925, 37636, 34624, 2312, 4595, 14052, 48655, 39483, 8793, 30873, 20056, 6446, 22367, 19673, 48273, 8952, 41722, 32187, 48282, 20511, 4117, 42827, 38668, 44384, 35233, 9586, 3768, 8951, 43842, 49391, 38144, 37259, 45607, 3294, 40409, 47191, 2306, 15612, 44730, 28910, 8647, 22291, 17854, 35576, 35513, 44715, 885, 23956, 11109, 7661, 24847, 3387, 27841, 25050, 28589, 27276, 43550, 33600, 25647, 18591, 46404, 10359, 36280, 30023, 41986, 46189, 26553, 33111, 22442, 46915, 15248, 41838, 35366, 37205, 45967, 9908, 16887, 49416, 44423, 188, 5598, 30608, 39911, 47759, 6490, 7835, 35208, 46084, 996, 37419, 13349, 25879, 15103, 42367)","(0, 0, 0, 0, 0, 0, 0, 1, 0, 1, 1, 1, 1, 0, 1, 0, 0, 1, 0, 0, 0, 0, 0, 1, 1, 0, 0, 0, 1, 1, 1, 0, 1, 1, 1, 0, 0, 0, 0, 1, 0, 1, 0, 0, 0, 1, 0, 1, 0, 0, 1, 0, 0, 1, 1, 0, 0, 0, 1, 0, 1, 1, 0, 0, 0, 0, 0, 1, 1, 0, 1, 1, 1, 0, 1, 0, 1, 1, 1, 0, 0, 0, 1, 0, 0, 1, 0, 0, 1, 1, 1, 1, 1, 0, 1, 1, 0, 0, 0, 1, 1, 0, 0, 0, 1, 0, 1, 1, 0, 0, 1, 1, 0, 0, 1, 0, 1, 1, 0, 0, 0, 1, 0, 0, 0, 0, 1, 0, 0, 0, 0, 1, 1, 1, 0, 0, 1, 0, 0, 1, 0, 0, 1, 1, 0, 0, 1, 0, 1, 0, 1, 0, 1, 1, 1, 1, 1, 1, 0, 0, 0, 0, 0, 0, 0, 1, 0, 1, 0, 0, 0, 0, 1, 0, 0, 0, 1, 0, 0, 0, 0, 1, 1, 1, 0, 1, 1, 0, 0, 0, 1, 0, 0, 0, 1, 1, 1, 0, 1, 0)"
106.688616,200,654.428864,5,"(7849, 47379, 46901, 32377, 11222, 14643, 8106, 22784, 38695, 39926, 1407, 2405, 295, 23994, 45320, 35683, 32287, 26070, 44089, 23664, 36979, 28561, 5850, 40822, 47697, 10839, 22884, 25991, 22923, 38339, 48041, 3501, 268, 1575, 21517, 42612, 18662, 10762, 47844, 42325, 44649, 30284, 659, 45583, 26339, 12763, 41740, 18303, 2080, 17165, 37332, 38810, 15956, 44659, 48859, 41839, 38731, 27367, 6147, 32671, 21555, 22185, 6115, 14814, 45396, 35018, 17679, 31599, 47530, 3704, 17505, 28927, 1367, 3056, 48014, 14291, 6718, 1411, 8136, 28780, 42198, 22634, 23481, 24007, 10205, 40423, 37430, 30275, 1678, 30303, 24376, 6998, 21301, 37858, 35769, 41465, 19393, 37025, 20824, 39472, 7483, 40770, 16718, 31716, 36430, 24069, 23702, 15103, 30022, 4185, 41331, 21227, 12401, 31063, 26049, 32648, 45693, 45879, 36697, 12022, 46067, 25637, 19341, 21700, 23608, 33409, 30192, 46538, 24550, 27178, 3632, 5956, 28928, 28173, 9781, 24814, 35781, 135, 4698, 10016, 33457, 10003, 13660, 38485, 19343, 47189, 43224, 44213, 29880, 10187, 38836, 30181, 24384, 1553, 48858, 11926, 8329, 11993, 22314, 41543, 36757, 4313, 42989, 44742, 5392, 21430, 45310, 47911, 2583, 47784, 9131, 28418, 42788, 27306, 20380, 20183, 25149, 11221, 48767, 32845, 7504, 41600, 35335, 43086, 49195, 36289, 27775, 6705, 36344, 28924, 36544, 44189, 36156, 38648, 49478, 16098, 21854, 36677, 48851, 26493)","(1, 0, 0, 0, 1, 1, 1, 0, 0, 0, 1, 0, 1, 1, 1, 1, 1, 1, 0, 0, 0, 0, 1, 0, 0, 1, 0, 1, 0, 1, 1, 1, 1, 1, 0, 0, 1, 1, 1, 0, 0, 0, 1, 0, 1, 1, 0, 1, 1, 0, 1, 1, 1, 0, 0, 0, 1, 1, 1, 1, 1, 1, 1, 1, 0, 0, 1, 1, 1, 1, 1, 1, 1, 1, 0, 1, 1, 1, 1, 0, 0, 0, 1, 1, 1, 0, 0, 0, 1, 0, 0, 0, 1, 1, 0, 0, 1, 0, 1, 0, 1, 0, 1, 1, 0, 1, 1, 1, 0, 1, 0, 1, 1, 0, 1, 1, 0, 1, 0, 1, 0, 1, 1, 1, 1, 0, 0, 1, 1, 1, 1, 1, 1, 1, 1, 0, 0, 1, 1, 1, 0, 1, 1, 0, 1, 1, 0, 0, 0, 1, 1, 0, 1, 1, 1, 1, 1, 1, 0, 1, 0, 1, 1, 0, 1, 0, 0, 0, 1, 0, 1, 0, 1, 1, 0, 1, 1, 1, 1, 1, 1, 0, 1, 1, 0, 1, 1, 1, 1, 1, 1, 0, 1, 1, 0, 1, 0, 0, 1, 0)"
87.174109,200,657.134703,1,"(35643, 26523, 16625, 46274, 22117, 23386, 34827, 18835, 21985, 48276, 49997, 46637, 36362, 9409, 36556, 48964, 37531, 42972, 39154, 3801, 8339, 6386, 23491, 43704, 39972, 13446, 3288, 39472, 8945, 2555, 48909, 6698, 26461, 47752, 12188, 23717, 6360, 44230, 28992, 48704, 4590, 4684, 42672, 21736, 12146, 31000, 15953, 30170, 6249, 14672, 14446, 37060, 47000, 9324, 42963, 41547, 42708, 19081, 34273, 23192, 32286, 16127, 29437, 29232, 9640, 14496, 11594, 5159, 27666, 6517, 41709, 22782, 8890, 35308, 19775, 5087, 8710, 18790, 45157, 33912, 25141, 48448, 40540, 48218, 15276, 1243, 34315, 14119, 22717, 42567, 39792, 34745, 44566, 14014, 22393, 23023, 29786, 47157, 24127, 43884, 44911, 43940, 32905, 9892, 15430, 15653, 21869, 40825, 46284, 8820, 14976, 16369, 10054, 47886, 45702, 13751, 45532, 38080, 39272, 13501, 6925, 35090, 17661, 2302, 25170, 36371, 24111, 9749, 50006, 21743, 32580, 41256, 2748, 40680, 20072, 14287, 13952, 20798, 30906, 45135, 21762, 43066, 48835, 42768, 22347, 5275, 32438, 35468, 4698, 12377, 11469, 42790, 40312, 37900, 30547, 38354, 46033, 214, 2170, 46156, 29530, 42126, 3477, 1531, 25702, 8870, 9434, 30828, 45397, 49424, 39775, 45310, 7538, 15492, 41638, 9382, 4327, 47324, 7078, 25899, 20079, 12736, 45409, 47250, 40109, 30895, 2298, 18313, 46068, 40901, 39863, 13771, 49503, 47459, 1981, 15236, 11253, 45764, 40727, 46948)","(1, 1, 1, 1, 1, 1, 0, 1, 1, 1, 0, 1, 1, 1, 0, 1, 0, 1, 0, 1, 1, 1, 1, 1, 0, 1, 1, 0, 0, 1, 1, 1, 1, 0, 1, 1, 1, 0, 0, 1, 1, 1, 0, 1, 1, 1, 1, 1, 1, 1, 1, 1, 0, 1, 0, 0, 0, 1, 0, 0, 1, 1, 0, 0, 1, 1, 1, 1, 1, 1, 1, 0, 1, 0, 1, 1, 0, 1, 0, 0, 1, 1, 1, 0, 1, 1, 1, 1, 0, 0, 1, 1, 0, 1, 0, 0, 1, 1, 0, 0, 0, 0, 1, 1, 1, 1, 1, 1, 0, 1, 0, 1, 1, 1, 0, 0, 0, 1, 0, 1, 1, 0, 0, 1, 1, 1, 1, 1, 1, 1, 0, 0, 1, 0, 1, 1, 0, 1, 0, 0, 1, 1, 0, 0, 0, 1, 1, 0, 1, 1, 1, 0, 0, 0, 0, 1, 1, 1, 1, 0, 1, 1, 1, 1, 1, 1, 1, 0, 0, 1, 0, 0, 1, 1, 0, 1, 1, 0, 1, 0, 1, 0, 0, 0, 0, 0, 1, 0, 1, 1, 0, 0, 1, 0, 1, 1, 1, 0, 0, 0)"
115.767304,200,659.810036,2,"(9342, 10709, 7297, 37100, 29197, 9952, 47426, 33448, 33868, 27631, 27273, 14831, 27777, 46850, 11538, 37511, 9090, 30889, 24086, 36739, 15056, 36852, 31504, 9768, 20158, 22797, 31592, 47582, 47038, 35289, 10889, 23453, 46881, 5139, 17747, 4568, 47729, 4858, 40700, 41171, 10189, 30185, 23899, 35652, 16996, 20376, 16969, 12837, 18858, 56, 26759, 2079, 20987, 9263, 47556, 8638, 19097, 2954, 27597, 41288, 23915, 40120, 31528, 38823, 46707, 8917, 1600, 1642, 28317, 18602, 37411, 12564, 43217, 2142, 49707, 37010, 12531, 37609, 40275, 29540, 17606, 29131, 46061, 49245, 41501, 34973, 16084, 47826, 30113, 5632, 31904, 21352, 28925, 24930, 2155, 25075, 21146, 9933, 15426, 2548, 15928, 49882, 17859, 38414, 45691, 49843, 9030, 24439, 26674, 12041, 31162, 29917, 3412, 43718, 42724, 15492, 12549, 6025, 40267, 43209, 48431, 34206, 26846, 29787, 39845, 22585, 46285, 45439, 38069, 43230, 14164, 2461, 37861, 15989, 47925, 42785, 44868, 45097, 12270, 49795, 38376, 46950, 39731, 25965, 13385, 27908, 7078, 20036, 39565, 7135, 4286, 28276, 18429, 39092, 7282, 23694, 24341, 10177, 49174, 9594, 36234, 5882, 29999, 10100, 31479, 42425, 15249, 33083, 10860, 22817, 21613, 48206, 4123, 15537, 7114, 27846, 41741, 44, 2365, 46963, 2385, 21441, 40646, 40252, 22028, 17220, 28715, 41468, 37845, 17887, 17694, 29389, 42365, 45052, 46290, 49489, 42572, 7456, 24011, 13893)","(1, 1, 1, 1, 1, 1, 0, 0, 1, 1, 1, 1, 1, 1, 1, 1, 1, 0, 1, 0, 1, 1, 1, 1, 1, 0, 0, 0, 1, 0, 1, 1, 1, 1, 1, 1, 0, 1, 0, 0, 1, 0, 1, 1, 1, 0, 1, 1, 0, 1, 0, 1, 1, 1, 0, 1, 1, 1, 1, 1, 1, 0, 0, 0, 0, 1, 1, 1, 0, 0, 1, 1, 1, 1, 1, 1, 1, 1, 1, 0, 1, 1, 0, 0, 1, 1, 1, 1, 0, 1, 1, 1, 0, 1, 1, 1, 1, 1, 1, 1, 1, 0, 0, 1, 1, 0, 1, 1, 1, 1, 0, 0, 1, 0, 1, 1, 1, 1, 1, 1, 0, 0, 0, 0, 1, 0, 1, 0, 1, 0, 1, 1, 1, 1, 0, 0, 1, 0, 1, 1, 1, 0, 0, 0, 1, 0, 1, 1, 0, 1, 1, 0, 1, 1, 1, 1, 1, 1, 1, 1, 1, 1, 0, 1, 1, 0, 1, 0, 1, 0, 1, 1, 1, 1, 1, 0, 0, 1, 0, 1, 0, 1, 0, 0, 1, 1, 1, 1, 1, 1, 1, 1, 0, 0, 0, 0, 1, 1, 1, 0)"
69.117809,200,662.706526,3,"(31475, 37197, 38649, 3908, 23524, 22325, 16287, 33624, 40190, 39721, 40009, 40699, 10621, 48752, 10053, 26545, 3074, 11896, 38808, 35744, 2208, 20771, 25905, 14238, 48717, 9970, 22486, 13148, 19605, 49559, 36392, 10943, 35658, 4265, 41249, 21932, 34660, 45627, 28171, 43967, 42549, 3124, 26636, 9767, 43211, 43263, 29768, 30536, 36279, 10326, 23729, 4597, 37215, 12573, 7820, 11209, 7414, 790, 25083, 47313, 12136, 4447, 44729, 47395, 17661, 21108, 44442, 15796, 38700, 4835, 34657, 9668, 5902, 48345, 19514, 10961, 13042, 15770, 48483, 24938, 49850, 4953, 12466, 16325, 34097, 21729, 29825, 43163, 16351, 39300, 18609, 6592, 6775, 7599, 4125, 6090, 19339, 13470, 715, 28308, 12728, 10885, 2332, 38127, 49975, 43523, 45955, 28927, 47896, 23002, 21069, 10254, 8067, 9812, 1901, 19018, 43974, 6431, 6311, 21506, 21732, 35937, 33682, 21702, 31659, 35916, 40907, 17551, 10354, 41640, 27640, 35092, 47390, 18687, 16455, 3250, 14920, 35870, 34351, 9884, 10835, 35213, 20405, 42885, 17443, 44490, 11029, 38819, 371, 34788, 33061, 12213, 33192, 924, 49278, 12878, 13071, 28209, 28123, 44728, 2121, 7997, 42674, 6125, 7847, 33030, 11239, 22258, 39565, 6124, 31126, 19859, 22866, 20138, 33594, 45852, 3382, 17983, 18761, 10362, 21791, 31177, 43599, 25749, 5955, 43817, 47961, 16549, 28168, 13147, 4232, 14026, 1539, 44441, 39214, 43816, 16165, 22898, 10965, 49949)","(1, 0, 0, 1, 1, 0, 1, 1, 0, 0, 1, 0, 1, 0, 1, 1, 1, 1, 0, 1, 1, 1, 0, 1, 0, 1, 0, 1, 1, 0, 0, 1, 1, 1, 1, 0, 0, 0, 0, 0, 0, 1, 1, 1, 0, 0, 0, 0, 0, 1, 1, 1, 0, 1, 1, 1, 1, 1, 1, 1, 1, 1, 0, 0, 0, 0, 0, 0, 0, 1, 0, 1, 1, 0, 1, 1, 0, 1, 0, 1, 0, 1, 1, 1, 0, 1, 0, 0, 1, 0, 0, 1, 1, 1, 1, 1, 1, 1, 1, 0, 1, 1, 0, 1, 0, 0, 0, 1, 0, 0, 1, 1, 0, 1, 1, 1, 0, 1, 1, 0, 1, 1, 0, 1, 0, 0, 0, 0, 1, 0, 1, 0, 0, 1, 0, 1, 0, 0, 0, 0, 1, 1, 0, 0, 1, 0, 1, 0, 1, 0, 1, 1, 0, 1, 1, 0, 1, 0, 1, 0, 1, 1, 0, 1, 1, 1, 1, 0, 0, 1, 0, 0, 0, 1, 0, 0, 1, 1, 1, 1, 1, 0, 0, 1, 1, 0, 0, 1, 0, 1, 1, 1, 1, 0, 0, 0, 1, 0, 1, 0)"
105.838182,200,665.367387,1,"(44088, 24356, 23338, 11453, 1107, 8749, 29362, 29461, 3680, 40001, 11757, 20636, 23328, 41216, 24166, 23341, 11953, 47827, 24782, 28349, 5141, 49174, 21221, 28102, 15850, 1024, 5794, 1756, 45087, 23960, 37032, 24337, 916, 25359, 36473, 34626, 7240, 36115, 10200, 7145, 47009, 5504, 13374, 13945, 41314, 35178, 49982, 16839, 33219, 9859, 29497, 43715, 48483, 15247, 3552, 42196, 2376, 25315, 35239, 43926, 14660, 38293, 26073, 1952, 32839, 17661, 43712, 24105, 6496, 48261, 9174, 23693, 26528, 9586, 4099, 25428, 33753, 4839, 12306, 49644, 31634, 11094, 22959, 35504, 17407, 17114, 27764, 8952, 3981, 25895, 13044, 23844, 29863, 37378, 20753, 20955, 27168, 5711, 29328, 39255, 22541, 34552, 47627, 8781, 35086, 7565, 29621, 16938, 9924, 44916, 37517, 33412, 6431, 7533, 21864, 45642, 49760, 8650, 40041, 49239, 21285, 32786, 43104, 14760, 5517, 4293, 13597, 45975, 38364, 38363, 19438, 49888, 37631, 26498, 18071, 15856, 32128, 5445, 65, 20624, 33159, 1623, 31029, 28461, 22791, 4001, 40489, 25956, 38476, 28309, 7245, 531, 821, 32908, 39306, 36106, 43870, 5179, 8659, 6744, 9744, 16119, 10104, 38751, 2726, 38626, 47395, 14313, 34912, 16226, 7751, 33826, 38063, 2084, 48811, 2326, 16579, 45655, 24431, 23067, 20090, 25195, 47748, 26713, 9447, 2507, 38008, 22827, 40968, 20187, 49738, 12810, 12610, 33973, 11717, 18562, 9958, 23428, 12051, 13931)","(0, 0, 1, 1, 1, 1, 1, 0, 1, 1, 1, 1, 1, 0, 1, 0, 1, 0, 1, 0, 1, 0, 1, 1, 0, 1, 1, 1, 0, 1, 0, 0, 1, 1, 0, 0, 1, 1, 1, 1, 1, 1, 1, 1, 1, 1, 0, 1, 1, 0, 0, 0, 0, 1, 1, 1, 0, 0, 0, 0, 1, 1, 0, 1, 1, 0, 0, 0, 1, 1, 1, 1, 1, 1, 1, 1, 0, 1, 1, 0, 0, 1, 0, 0, 1, 1, 1, 1, 1, 1, 1, 1, 0, 1, 0, 1, 1, 1, 1, 1, 0, 0, 1, 1, 1, 1, 0, 1, 1, 0, 1, 0, 1, 0, 1, 1, 0, 1, 1, 0, 0, 0, 1, 1, 1, 0, 1, 0, 0, 1, 0, 0, 1, 1, 1, 1, 1, 1, 1, 0, 0, 1, 1, 1, 0, 0, 0, 1, 0, 0, 1, 1, 1, 1, 0, 0, 0, 1, 0, 1, 1, 1, 1, 0, 1, 1, 1, 1, 0, 1, 1, 0, 0, 1, 1, 1, 0, 0, 1, 0, 1, 1, 0, 1, 1, 0, 0, 0, 1, 1, 0, 1, 0, 1, 1, 1, 1, 1, 1, 0)"
85.231876,200,668.052894,5,"(16170, 13569, 47371, 15933, 47056, 9245, 5106, 5484, 27786, 28504, 42487, 34732, 25470, 33908, 5692, 17700, 24435, 31013, 19128, 33168, 14047, 25441, 30265, 22084, 12919, 44102, 39713, 2016, 30954, 3100, 49464, 5235, 27813, 39121, 29577, 33816, 17995, 32555, 18892, 3091, 30291, 12016, 26491, 40293, 1066, 28368, 18042, 10920, 20231, 39473, 18116, 44186, 38249, 46991, 7167, 20105, 17107, 20542, 23833, 21639, 25263, 11217, 411, 37904, 49289, 32228, 33169, 32848, 25909, 41682, 43748, 27170, 37538, 26558, 38299, 21555, 500, 39337, 38674, 3508, 4290, 37182, 14900, 21350, 18797, 13791, 47646, 15263, 30780, 2750, 41571, 17821, 25814, 30807, 10568, 26732, 9984, 25795, 31814, 48183, 27109, 41681, 23234, 1549, 40583, 12474, 20204, 14974, 20473, 5133, 48445, 10711, 12855, 48950, 47276, 16241, 14825, 40043, 10100, 28867, 24500, 28210, 19828, 35475, 42889, 27557, 24093, 41571, 28467, 10494, 12737, 48759, 35319, 31777, 27741, 7209, 9926, 29, 47600, 16622, 25934, 12078, 10317, 7904, 33691, 1632, 24846, 42308, 22409, 26599, 15257, 43884, 10616, 12083, 44683, 12504, 12213, 26670, 23225, 16418, 22146, 24849, 4292, 29517, 13608, 13399, 38474, 44720, 43008, 31827, 21418, 31550, 453, 15341, 16503, 29395, 22728, 209, 5198, 12187, 49944, 8403, 26527, 49595, 9775, 16833, 36417, 3453, 31688, 28224, 25938, 13235, 7425, 14873, 335, 10582, 25754, 16357, 42088, 19134)","(1, 1, 1, 1, 0, 1, 1, 0, 1, 0, 0, 0, 1, 0, 1, 1, 1, 0, 0, 1, 0, 0, 0, 0, 0, 0, 0, 1, 0, 1, 0, 1, 0, 0, 0, 1, 1, 1, 0, 1, 0, 1, 1, 0, 1, 0, 1, 1, 0, 0, 0, 0, 0, 0, 1, 1, 1, 1, 1, 1, 1, 1, 1, 0, 0, 1, 1, 1, 1, 0, 1, 0, 1, 0, 0, 1, 1, 0, 1, 1, 1, 0, 1, 1, 0, 0, 0, 1, 0, 1, 1, 1, 0, 0, 0, 0, 1, 0, 0, 0, 0, 1, 0, 0, 0, 1, 1, 1, 1, 1, 1, 1, 1, 1, 1, 1, 1, 1, 1, 1, 1, 0, 1, 0, 0, 0, 1, 0, 0, 1, 1, 1, 0, 1, 1, 1, 1, 0, 0, 1, 0, 1, 1, 0, 0, 1, 0, 0, 0, 1, 0, 0, 1, 1, 1, 1, 1, 0, 0, 0, 1, 1, 1, 1, 1, 1, 0, 0, 1, 1, 1, 1, 1, 1, 1, 1, 0, 1, 1, 1, 0, 1, 1, 0, 1, 1, 0, 1, 0, 0, 1, 1, 1, 1, 1, 1, 0, 1, 0, 1)"
121.658197,200,670.744094,2,"(14534, 22917, 7357, 38402, 28894, 2217, 34681, 35215, 39467, 13655, 20401, 14193, 45262, 6155, 35654, 45921, 41509, 31843, 3636, 38944, 15815, 33077, 26984, 24403, 21293, 47686, 13466, 26180, 21970, 22751, 2883, 27914, 27875, 15804, 32791, 26591, 13110, 10926, 26212, 16101, 39464, 49499, 32023, 21503, 31471, 4935, 5011, 43119, 10826, 6226, 3231, 21886, 23492, 35346, 26609, 46262, 33091, 45075, 27982, 35221, 12198, 21512, 1976, 11578, 22241, 3419, 36653, 877, 36266, 35005, 46500, 306, 35468, 24579, 45667, 35034, 4495, 15012, 6128, 11552, 48304, 9726, 27578, 27436, 11681, 12814, 28333, 35363, 21031, 33143, 28653, 31804, 20090, 36914, 42338, 41467, 21033, 18709, 20416, 43937, 32614, 21838, 15984, 22143, 23090, 25684, 3798, 35815, 20464, 33327, 37099, 16686, 11317, 12670, 33203, 11726, 27145, 1226, 19772, 22496, 31502, 32352, 16798, 2864, 35828, 10619, 22836, 19262, 18890, 25777, 29765, 38170, 8824, 28662, 7090, 49761, 46903, 38233, 25645, 29186, 1396, 10490, 39566, 21288, 33214, 8009, 26634, 47539, 20998, 38821, 6922, 13564, 23768, 8163, 34575, 39133, 46262, 49755, 13424, 24240, 34622, 6109, 11897, 48252, 28939, 24413, 34551, 36723, 42049, 13285, 45918, 35349, 38880, 22757, 16408, 39146, 18803, 15198, 49812, 4974, 16044, 46567, 43054, 44848, 27845, 16897, 30778, 27883, 9, 22157, 43684, 17282, 14474, 4551, 30880, 44097, 19528, 13737, 31076, 26393)","(1, 0, 1, 0, 1, 1, 1, 0, 1, 1, 0, 1, 0, 1, 1, 1, 1, 0, 1, 0, 1, 1, 1, 0, 1, 1, 1, 1, 1, 0, 1, 1, 1, 1, 0, 1, 1, 1, 1, 1, 0, 1, 1, 0, 0, 1, 1, 1, 1, 1, 1, 1, 1, 0, 0, 0, 1, 0, 1, 0, 1, 0, 1, 1, 0, 1, 0, 1, 1, 1, 0, 1, 0, 1, 0, 1, 1, 1, 1, 1, 0, 1, 0, 1, 1, 1, 0, 0, 1, 1, 1, 1, 1, 1, 0, 1, 1, 1, 1, 0, 0, 1, 1, 1, 0, 1, 1, 1, 1, 1, 1, 1, 1, 1, 0, 1, 1, 1, 1, 0, 0, 0, 1, 1, 1, 1, 0, 0, 1, 0, 0, 1, 1, 1, 1, 1, 1, 1, 1, 1, 1, 1, 1, 0, 0, 1, 0, 0, 1, 0, 1, 1, 1, 1, 1, 1, 0, 1, 1, 1, 0, 1, 1, 1, 1, 1, 0, 0, 0, 1, 0, 1, 0, 0, 0, 0, 1, 1, 0, 1, 1, 1, 1, 0, 1, 1, 0, 1, 1, 1, 0, 1, 1, 1, 0, 0, 1, 0, 0, 0)"
48.844211,200,673.464986,4,"(38705, 22705, 47586, 7773, 30950, 5348, 21270, 13781, 27457, 42192, 42344, 2454, 29537, 3429, 48032, 31118, 32680, 6329, 45355, 31367, 18829, 9699, 3461, 41899, 40568, 31163, 36369, 34475, 30619, 41620, 33838, 39626, 12133, 25823, 12501, 7796, 13237, 42387, 6158, 36814, 30500, 30164, 37763, 13832, 43623, 29492, 40653, 31893, 23771, 1329, 17957, 44619, 20941, 36686, 39172, 38067, 11971, 33085, 6034, 34947, 44562, 965, 12306, 17559, 35870, 37004, 15049, 46030, 3271, 11428, 32828, 48270, 32804, 31618, 1567, 47357, 18999, 1129, 49004, 12102, 27571, 25919, 39274, 25041, 39700, 42698, 38395, 45112, 45903, 47669, 30830, 22151, 48590, 35394, 42461, 1558, 27685, 29213, 11688, 39914, 25941, 28003, 33779, 6802, 10025, 30871, 8929, 38246, 13173, 35540, 4095, 26349, 35794, 10282, 6540, 43836, 28459, 22775, 45320, 22010, 22982, 34121, 9336, 28081, 46945, 11125, 17550, 23310, 9251, 5412, 29458, 9068, 1650, 13441, 6835, 44132, 5134, 39605, 32718, 20353, 48115, 25158, 4488, 16276, 29394, 1100, 27643, 40635, 27568, 5543, 29041, 46441, 26405, 44207, 7559, 39236, 18775, 26973, 46662, 39495, 29464, 47514, 37299, 24408, 18100, 43200, 40714, 1244, 24987, 32330, 45806, 3584, 41949, 45178, 12874, 37245, 3939, 23085, 23481, 11908, 31888, 25476, 9288, 33083, 8385, 3514, 33038, 17902, 31654, 26274, 37259, 2922, 9139, 15098, 49494, 6247, 6537, 37479, 1342, 26831)","(0, 0, 1, 1, 0, 0, 0, 0, 0, 1, 1, 0, 0, 0, 0, 0, 0, 1, 0, 0, 1, 1, 1, 1, 0, 1, 1, 1, 0, 0, 0, 1, 1, 0, 1, 1, 0, 0, 1, 0, 0, 0, 0, 1, 0, 1, 0, 0, 1, 1, 1, 0, 1, 0, 0, 0, 1, 1, 1, 0, 0, 1, 1, 1, 0, 0, 1, 0, 1, 1, 0, 0, 0, 0, 1, 0, 1, 1, 1, 1, 0, 1, 1, 1, 0, 1, 0, 0, 1, 0, 0, 1, 0, 0, 0, 1, 1, 1, 1, 0, 1, 1, 0, 0, 1, 0, 1, 0, 1, 1, 1, 1, 1, 0, 1, 0, 1, 0, 0, 1, 0, 0, 1, 0, 0, 0, 0, 0, 1, 1, 1, 1, 1, 1, 1, 0, 1, 0, 0, 0, 0, 0, 1, 0, 0, 1, 1, 0, 0, 1, 1, 0, 0, 0, 1, 0, 0, 0, 0, 1, 1, 0, 1, 0, 0, 0, 0, 1, 1, 0, 0, 1, 0, 0, 1, 0, 0, 0, 1, 1, 1, 1, 1, 0, 1, 1, 1, 0, 1, 1, 0, 1, 1, 1, 1, 1, 1, 1, 1, 1)"
41.834938,200,676.078786,8,"(19881, 16058, 30126, 44637, 12329, 31077, 9340, 10377, 49054, 21031, 38755, 32912, 35865, 20188, 34997, 14799, 36607, 36201, 31015, 19590, 29131, 6773, 19361, 47741, 23219, 31056, 25446, 4572, 18219, 21929, 35816, 29592, 27248, 36669, 10057, 22090, 36143, 21166, 15596, 19514, 19600, 19122, 16555, 28656, 11957, 21080, 7459, 36205, 64, 35539, 10525, 30439, 6560, 23676, 30980, 31519, 3359, 40444, 35196, 39244, 26747, 22125, 31769, 10167, 8224, 8046, 31311, 26076, 9493, 10726, 37571, 41620, 28613, 19737, 29427, 12374, 21400, 46653, 34956, 29936, 25218, 33605, 39991, 45723, 28587, 12512, 18825, 22597, 8607, 20368, 2083, 11357, 15373, 28280, 16666, 36280, 956, 5437, 40819, 21347, 15062, 38870, 16099, 510, 16140, 49484, 41122, 40398, 644, 21835, 20428, 32809, 14571, 30339, 2143, 11273, 48666, 29388, 31566, 46788, 27308, 7028, 11828, 29305, 3197, 44719, 38998, 33844, 6536, 14551, 19334, 27071, 17010, 29899, 37347, 17297, 5162, 2204, 2068, 8454, 43752, 43432, 5667, 6263, 24111, 11735, 34078, 47963, 725, 44281, 2332, 31946, 11581, 13332, 3400, 13559, 27592, 41826, 11475, 33872, 44028, 28290, 27634, 4610, 42577, 34799, 1744, 1872, 41923, 36620, 37342, 939, 39129, 20217, 24950, 49618, 3998, 24162, 47177, 20783, 31868, 36221, 26421, 34667, 15727, 21396, 13522, 17607, 12178, 26841, 38720, 29757, 13920, 10236, 37413, 41720, 39543, 43110, 1388, 4461)","(0, 1, 0, 0, 1, 0, 1, 1, 0, 1, 0, 0, 0, 1, 0, 1, 0, 0, 0, 1, 1, 1, 1, 0, 0, 0, 1, 1, 0, 0, 0, 0, 0, 0, 1, 0, 0, 0, 1, 1, 0, 1, 0, 0, 1, 1, 0, 1, 1, 0, 1, 0, 1, 0, 0, 0, 1, 0, 0, 0, 0, 1, 0, 1, 1, 1, 1, 1, 1, 1, 0, 0, 1, 1, 0, 1, 0, 0, 0, 0, 1, 0, 0, 0, 0, 1, 1, 0, 1, 0, 1, 0, 1, 0, 1, 0, 1, 1, 0, 1, 1, 0, 1, 1, 1, 0, 0, 0, 1, 1, 0, 0, 0, 0, 1, 0, 0, 1, 0, 0, 0, 1, 1, 1, 1, 0, 0, 0, 1, 1, 1, 0, 1, 0, 0, 0, 1, 1, 1, 1, 0, 0, 0, 0, 0, 1, 0, 0, 1, 0, 0, 0, 1, 1, 0, 1, 0, 0, 1, 0, 0, 0, 0, 1, 0, 0, 1, 1, 0, 0, 0, 1, 0, 1, 1, 0, 1, 0, 0, 1, 0, 0, 1, 0, 1, 0, 1, 0, 1, 0, 0, 0, 1, 1, 0, 0, 0, 0, 1, 1)"
81.713118,200,688.511359,1,"(26447, 230, 32223, 43494, 44812, 18453, 9989, 46572, 49811, 47209, 25502, 12676, 37550, 24644, 4189, 17551, 501, 11753, 19946, 40660, 44568, 43422, 9921, 29406, 49745, 8691, 41075, 28676, 16870, 42403, 2180, 20715, 24555, 18034, 40512, 2764, 48090, 31720, 32604, 15515, 43284, 16515, 7090, 3937, 32437, 15591, 45205, 42367, 10716, 46802, 9726, 5279, 31548, 5083, 7433, 6219, 21794, 18341, 13366, 41191, 1241, 35237, 10590, 12641, 30071, 25500, 47083, 33717, 32515, 1001, 12061, 45038, 19057, 6711, 41714, 44011, 35088, 4988, 38771, 30421, 12305, 4919, 3910, 774, 11335, 32680, 43129, 29305, 47609, 35938, 18871, 48628, 4177, 28822, 37887, 9330, 20971, 32240, 5042, 45918, 23981, 1897, 20000, 32867, 49954, 18835, 30397, 37434, 31636, 48840, 22543, 42983, 41808, 21230, 49197, 32352, 49420, 28424, 45862, 43664, 24650, 8761, 30288, 25737, 36808, 16508, 12693, 22433, 32168, 15703, 40385, 14715, 10474, 7865, 46329, 5181, 3053, 12289, 38196, 25756, 7129, 45921, 11144, 11384, 41235, 11261, 18400, 8397, 30925, 40763, 44446, 20446, 18677, 28733, 42956, 31202, 36323, 4828, 4231, 24620, 2648, 39491, 25382, 4387, 18509, 36287, 28125, 29508, 638, 9450, 31267, 9841, 5416, 46080, 20296, 37649, 6570, 30395, 47597, 17948, 18800, 20049, 29403, 49147, 36666, 42780, 11897, 49779, 44842, 22955, 2191, 44987, 16404, 18715, 14033, 35825, 32733, 49439, 29163, 16849)","(0, 1, 0, 0, 0, 1, 1, 1, 0, 0, 1, 1, 0, 1, 1, 0, 1, 1, 1, 0, 0, 0, 0, 0, 0, 1, 0, 1, 0, 0, 1, 1, 1, 1, 0, 1, 0, 1, 0, 1, 0, 1, 1, 0, 0, 1, 0, 0, 1, 1, 1, 1, 0, 1, 1, 1, 1, 1, 1, 0, 1, 1, 1, 1, 0, 1, 1, 0, 1, 1, 1, 0, 1, 1, 0, 0, 0, 0, 0, 0, 0, 1, 1, 1, 1, 0, 0, 1, 0, 0, 0, 1, 1, 1, 0, 1, 0, 0, 1, 0, 1, 1, 1, 1, 0, 1, 0, 1, 1, 1, 0, 1, 1, 1, 0, 0, 1, 1, 0, 0, 0, 0, 0, 0, 1, 0, 1, 0, 1, 0, 0, 1, 1, 1, 1, 1, 1, 1, 0, 0, 1, 1, 1, 1, 0, 0, 0, 1, 0, 0, 0, 1, 1, 1, 0, 0, 1, 1, 1, 1, 1, 1, 1, 1, 1, 1, 1, 0, 1, 1, 1, 0, 1, 0, 1, 1, 1, 0, 0, 1, 1, 0, 1, 1, 0, 1, 1, 0, 0, 0, 0, 0, 0, 1, 1, 1, 0, 0, 0, 1)"
73.820488,200,690.959002,3,"(29383, 23771, 41483, 16264, 42430, 4807, 16535, 9672, 35034, 8656, 41959, 47221, 25390, 32409, 37247, 3927, 26772, 38909, 39748, 39171, 38274, 28495, 15577, 7171, 27717, 16824, 35218, 9451, 6725, 6966, 38106, 46345, 15325, 41499, 18274, 20998, 10730, 10099, 24818, 40138, 41906, 12742, 43453, 3369, 8225, 15124, 49278, 16687, 2798, 13945, 47209, 19207, 24634, 18790, 7452, 1971, 48842, 49243, 6377, 26025, 31663, 29352, 24701, 40698, 19233, 26564, 14722, 32126, 16831, 15016, 35113, 11601, 11734, 9272, 44925, 16839, 15785, 26380, 42864, 6311, 6387, 14230, 15318, 41221, 676, 12539, 4980, 37905, 3249, 6532, 40025, 5317, 37506, 46305, 7248, 46508, 24866, 38720, 321, 41254, 35408, 43254, 921, 30, 19422, 7517, 12463, 12610, 10412, 16902, 32257, 30126, 8076, 23645, 5541, 19903, 2087, 12703, 2523, 31998, 14989, 8390, 28735, 27746, 23360, 5125, 21756, 14624, 4968, 14481, 14623, 34024, 41032, 48322, 31895, 28183, 11071, 39526, 14081, 42971, 47402, 8286, 45660, 42722, 43380, 48517, 31763, 16924, 17571, 46117, 13287, 39647, 10655, 39608, 49611, 16445, 49798, 19292, 496, 24948, 19822, 46218, 5596, 48590, 8827, 12476, 1021, 40997, 31813, 26031, 41118, 36914, 30766, 19955, 3278, 29940, 25957, 41187, 17529, 39172, 49566, 36022, 30195, 46861, 3277, 37, 45942, 26794, 27071, 33495, 16729, 908, 34699, 589, 6725, 16755, 47665, 24019, 11034, 48894)","(0, 1, 0, 1, 0, 1, 0, 0, 0, 1, 0, 0, 1, 0, 0, 1, 0, 1, 0, 0, 0, 0, 1, 1, 0, 1, 0, 1, 1, 1, 0, 0, 1, 0, 1, 1, 1, 1, 1, 0, 1, 0, 0, 1, 1, 1, 1, 1, 1, 1, 0, 1, 0, 1, 1, 1, 1, 0, 1, 0, 1, 1, 0, 1, 1, 1, 1, 0, 1, 1, 0, 1, 1, 1, 0, 1, 1, 1, 0, 1, 1, 1, 1, 0, 1, 1, 1, 0, 1, 1, 0, 1, 1, 0, 1, 0, 1, 1, 1, 0, 0, 0, 1, 1, 0, 1, 1, 0, 1, 1, 1, 1, 1, 1, 1, 1, 1, 1, 0, 0, 1, 0, 1, 0, 0, 1, 1, 1, 1, 1, 1, 0, 0, 0, 1, 0, 1, 1, 1, 0, 0, 1, 0, 0, 0, 0, 0, 1, 1, 0, 1, 0, 1, 0, 0, 1, 0, 1, 1, 1, 1, 0, 1, 0, 1, 1, 1, 0, 1, 0, 0, 1, 0, 1, 1, 0, 1, 0, 0, 0, 0, 0, 0, 0, 0, 1, 0, 0, 1, 1, 1, 1, 0, 1, 0, 1, 0, 1, 1, 0)"
87.749806,200,693.469054,6,"(30399, 26184, 16438, 23439, 16584, 18495, 46802, 29604, 25557, 3530, 49123, 7243, 44676, 39702, 44403, 46963, 29591, 33694, 3284, 5000, 15189, 45909, 49834, 35286, 32751, 14907, 3418, 39082, 46619, 12177, 21629, 47055, 11975, 43287, 3951, 15192, 41895, 33778, 48472, 44726, 39922, 30649, 46548, 454, 30460, 4832, 35864, 28461, 21441, 24279, 13109, 21394, 6614, 14322, 33843, 1292, 18473, 7755, 34876, 11256, 42173, 32033, 4811, 29165, 26252, 19006, 14756, 21902, 40110, 32864, 16899, 16424, 16071, 23627, 8756, 16758, 1518, 36808, 20836, 30508, 10010, 23360, 3174, 38824, 27854, 48260, 49618, 7190, 6978, 16718, 29395, 18189, 21817, 24075, 34699, 21422, 5889, 4280, 13348, 42323, 8708, 12415, 10147, 46777, 31428, 21236, 7938, 16125, 42904, 20483, 18762, 48933, 14759, 325, 16976, 13778, 29020, 9432, 26569, 6421, 14824, 11418, 13376, 39120, 41161, 9052, 46473, 22331, 13168, 27126, 35563, 35944, 30051, 26284, 40111, 12444, 14878, 18647, 47721, 24079, 28759, 45715, 16235, 42038, 37538, 9439, 38427, 47365, 2935, 13181, 26305, 33459, 3183, 23516, 37450, 63, 844, 22744, 15166, 20966, 13280, 22349, 33831, 38176, 11080, 35783, 7597, 22703, 43712, 21446, 32788, 6925, 9596, 43037, 45299, 22090, 9818, 32575, 28621, 22147, 14197, 28315, 17037, 38540, 17376, 10238, 8976, 29131, 25466, 15534, 41277, 4100, 21094, 38288, 24086, 29130, 31882, 45830, 20734, 8633)","(0, 1, 1, 1, 1, 1, 0, 1, 0, 1, 0, 1, 0, 0, 0, 0, 0, 1, 0, 1, 1, 0, 0, 0, 1, 1, 1, 0, 0, 1, 1, 1, 1, 0, 1, 1, 0, 0, 0, 0, 0, 0, 0, 1, 0, 1, 0, 1, 1, 1, 1, 0, 1, 1, 0, 1, 1, 1, 0, 0, 0, 1, 1, 1, 0, 1, 1, 1, 0, 0, 1, 1, 1, 1, 1, 1, 1, 1, 1, 0, 1, 0, 1, 0, 1, 1, 0, 1, 1, 1, 1, 0, 1, 1, 0, 0, 1, 1, 1, 0, 0, 1, 1, 1, 1, 1, 1, 1, 0, 1, 1, 0, 1, 1, 1, 0, 1, 1, 0, 1, 1, 1, 1, 1, 0, 1, 1, 0, 1, 0, 0, 1, 0, 0, 0, 0, 1, 1, 0, 1, 1, 0, 1, 0, 1, 1, 0, 0, 1, 1, 0, 1, 1, 1, 1, 1, 1, 0, 1, 1, 1, 0, 0, 1, 1, 1, 1, 0, 0, 1, 0, 1, 0, 0, 0, 0, 0, 0, 1, 1, 1, 0, 1, 1, 1, 1, 1, 1, 0, 1, 0, 1, 1, 1, 1, 0, 1, 0, 1, 1)"
82.485925,200,695.942287,1,"(5288, 6022, 22130, 8867, 22957, 3810, 3822, 22591, 22244, 46160, 34290, 22697, 22334, 19407, 44951, 46891, 28674, 29370, 41773, 3332, 46181, 43554, 20731, 24882, 36359, 31411, 41870, 983, 577, 27059, 2785, 43093, 33136, 14841, 35573, 37875, 37428, 49404, 40609, 13838, 15953, 1200, 38050, 20778, 33932, 38056, 13315, 25522, 26437, 20944, 21621, 908, 36129, 15672, 41904, 20423, 11698, 19961, 12411, 30671, 11734, 32008, 31001, 2753, 31853, 36766, 23138, 49809, 3795, 12394, 37413, 27957, 44470, 42449, 33478, 48290, 21025, 8204, 7816, 40217, 10651, 32552, 109, 1783, 37436, 47772, 8190, 13702, 19417, 27611, 2842, 28532, 31861, 44630, 13005, 45652, 25185, 23284, 26412, 35933, 33940, 6237, 40013, 19740, 44529, 19848, 42881, 19014, 27830, 41197, 7446, 31126, 12300, 124, 5249, 37671, 18232, 22658, 32512, 27540, 35686, 13041, 744, 27560, 31284, 39272, 33549, 44457, 4417, 48759, 40790, 10620, 21884, 35895, 17587, 36077, 42162, 28097, 2767, 43906, 17582, 33325, 35412, 4154, 12286, 41752, 12714, 42357, 18112, 12587, 5748, 2074, 38616, 27610, 355, 8796, 13737, 34240, 25311, 5082, 46969, 10743, 45443, 10442, 47266, 25419, 38018, 568, 16317, 16728, 44839, 40758, 47053, 9248, 12261, 2975, 7056, 3356, 14548, 5306, 38065, 49885, 46173, 40086, 19944, 46713, 35137, 29596, 24283, 7215, 1502, 7201, 43418, 29600, 47537, 27528, 26891, 1329, 28048, 6096)","(1, 1, 0, 1, 0, 1, 1, 0, 0, 1, 1, 0, 0, 1, 0, 0, 1, 1, 0, 1, 1, 0, 1, 1, 0, 1, 0, 0, 1, 1, 1, 0, 1, 1, 1, 0, 0, 0, 0, 1, 1, 1, 0, 1, 1, 1, 1, 0, 1, 1, 0, 1, 1, 1, 1, 1, 1, 0, 1, 0, 1, 0, 1, 1, 0, 0, 0, 0, 1, 1, 0, 1, 0, 0, 0, 0, 0, 1, 1, 0, 1, 0, 0, 1, 0, 0, 1, 0, 0, 0, 1, 0, 1, 0, 1, 1, 0, 0, 1, 1, 1, 1, 1, 1, 0, 1, 1, 0, 1, 1, 1, 1, 1, 1, 1, 1, 0, 0, 0, 0, 0, 1, 1, 0, 1, 0, 0, 0, 1, 1, 0, 1, 0, 1, 1, 1, 0, 0, 1, 0, 1, 0, 1, 1, 1, 1, 1, 0, 1, 1, 1, 1, 0, 1, 1, 1, 0, 0, 1, 1, 0, 1, 0, 1, 1, 1, 0, 1, 1, 1, 0, 0, 1, 1, 1, 1, 1, 1, 1, 1, 0, 0, 0, 1, 1, 1, 1, 1, 1, 1, 1, 1, 0, 0, 0, 0, 1, 1, 0, 1)"
68.95466,200,698.378389,6,"(39798, 11478, 34095, 1497, 46032, 40163, 18544, 1885, 14613, 28455, 18537, 33308, 45748, 31745, 35257, 12815, 24450, 41684, 40233, 17264, 4979, 28944, 49765, 29013, 23694, 15841, 11423, 13098, 30436, 577, 11450, 36664, 10971, 13608, 2518, 7367, 19139, 37023, 16344, 13753, 39660, 45103, 4150, 18830, 46841, 10608, 36170, 4803, 30161, 43040, 39991, 42698, 39293, 8440, 28837, 25179, 32775, 2450, 36427, 24419, 24841, 12260, 6358, 13363, 4466, 32180, 17233, 43552, 6545, 40464, 19629, 24231, 46028, 18402, 15612, 2886, 27659, 49132, 41576, 7531, 20101, 47157, 35598, 42875, 14969, 616, 40615, 46000, 22483, 17580, 46987, 18067, 2889, 17069, 43613, 13918, 5014, 16239, 37179, 46424, 17258, 17316, 38157, 31030, 33072, 5364, 26330, 10892, 41474, 28833, 6064, 25145, 49606, 30438, 27966, 27191, 19613, 20349, 14415, 38887, 48400, 18581, 46187, 46795, 12324, 43741, 18822, 46644, 17369, 241, 43900, 29039, 41284, 35730, 21070, 18109, 7872, 11428, 27190, 8725, 339, 20476, 4201, 18510, 23410, 11745, 13704, 12060, 19265, 37916, 23412, 29826, 24312, 13345, 8950, 22565, 35639, 7967, 47938, 29311, 47447, 41457, 3923, 27748, 1122, 9247, 16677, 18946, 2968, 32642, 15496, 36950, 40133, 15078, 39164, 32624, 17042, 4826, 21201, 26352, 6644, 13087, 37563, 14174, 41208, 6568, 7365, 10889, 45446, 28376, 39098, 46742, 9156, 35640, 21223, 48265, 42810, 17326, 17125, 39782)","(1, 0, 0, 1, 0, 1, 0, 1, 1, 1, 1, 1, 0, 0, 0, 1, 1, 0, 1, 0, 1, 1, 0, 1, 1, 1, 1, 0, 0, 1, 1, 0, 0, 1, 1, 1, 1, 0, 1, 0, 0, 0, 1, 1, 1, 1, 0, 1, 0, 0, 0, 1, 0, 1, 0, 1, 1, 1, 0, 1, 0, 1, 1, 0, 0, 0, 1, 0, 1, 0, 1, 0, 0, 1, 1, 1, 1, 1, 0, 1, 1, 1, 1, 0, 1, 1, 0, 0, 0, 1, 0, 0, 1, 0, 0, 1, 1, 1, 0, 0, 0, 0, 0, 0, 0, 1, 0, 1, 0, 0, 1, 1, 0, 0, 1, 1, 1, 1, 0, 0, 0, 0, 0, 0, 1, 0, 1, 1, 0, 1, 0, 1, 0, 1, 1, 0, 1, 1, 1, 0, 1, 0, 1, 1, 1, 1, 0, 0, 1, 0, 1, 0, 1, 1, 0, 0, 1, 1, 0, 0, 0, 0, 1, 1, 1, 1, 1, 1, 1, 1, 1, 0, 0, 1, 0, 0, 1, 1, 1, 1, 1, 1, 1, 1, 0, 1, 1, 1, 0, 0, 0, 0, 1, 1, 1, 0, 0, 1, 1, 0)"
97.023495,200,700.820368,3,"(4843, 11148, 23562, 1169, 31594, 34954, 11215, 3032, 3784, 11597, 42032, 26959, 14848, 19721, 34589, 19436, 21898, 15633, 17782, 45711, 1311, 33504, 41819, 16815, 18341, 5723, 8968, 23375, 26079, 21622, 28790, 14338, 37383, 19379, 12938, 9915, 42849, 41355, 27771, 29121, 31471, 18309, 44685, 17943, 9780, 19444, 25983, 40355, 3854, 17511, 9996, 25099, 6595, 17289, 34627, 21621, 29684, 21281, 21660, 16504, 31504, 47647, 34738, 5792, 2200, 22929, 9278, 18742, 43597, 27150, 15139, 35404, 12013, 43256, 6992, 11414, 14870, 2303, 1669, 10352, 24513, 4709, 42465, 20386, 34984, 19240, 14818, 23457, 18905, 48104, 5248, 37658, 17381, 10626, 24189, 22120, 33441, 13543, 44057, 29331, 25890, 43202, 16100, 32876, 15447, 43411, 931, 1107, 34610, 9406, 36493, 5440, 3218, 36209, 4561, 13340, 32181, 18417, 29726, 4538, 38321, 48436, 42420, 33288, 19129, 41275, 6432, 24225, 23371, 33173, 44539, 29144, 5931, 47105, 24540, 3736, 12532, 33576, 20477, 33934, 3365, 15540, 18820, 8406, 7890, 20642, 294, 12031, 41012, 12333, 1357, 35377, 13579, 45362, 20373, 10320, 14896, 8697, 28655, 14875, 40989, 12555, 2160, 16179, 18066, 48836, 37563, 19694, 38342, 47080, 9057, 28112, 26643, 42174, 8615, 48865, 34525, 36969, 43617, 6404, 20104, 35736, 28397, 20083, 12677, 13633, 48486, 3753, 32645, 12227, 40187, 25988, 42818, 17761, 17207, 18566, 4599, 3011, 34893, 19169)","(1, 1, 1, 1, 1, 0, 1, 1, 1, 1, 1, 0, 1, 1, 0, 1, 1, 0, 1, 0, 1, 1, 0, 1, 1, 1, 1, 1, 1, 1, 1, 1, 1, 1, 1, 1, 0, 0, 1, 1, 0, 1, 0, 0, 1, 1, 1, 0, 1, 0, 1, 1, 1, 0, 0, 0, 0, 1, 1, 1, 0, 0, 0, 1, 1, 0, 0, 1, 0, 1, 1, 1, 1, 0, 0, 1, 1, 1, 1, 1, 1, 0, 0, 1, 0, 1, 1, 1, 1, 0, 1, 1, 1, 1, 1, 1, 0, 1, 0, 1, 1, 0, 0, 0, 1, 0, 1, 1, 0, 1, 0, 1, 1, 0, 1, 1, 0, 1, 1, 1, 0, 1, 0, 1, 1, 0, 1, 0, 1, 0, 0, 1, 1, 0, 1, 1, 1, 0, 0, 0, 1, 1, 1, 1, 1, 1, 1, 1, 0, 0, 1, 1, 1, 0, 0, 0, 1, 1, 1, 1, 0, 1, 1, 1, 1, 0, 1, 1, 0, 0, 0, 0, 0, 0, 1, 0, 0, 0, 0, 1, 1, 1, 0, 1, 1, 1, 0, 1, 1, 0, 0, 0, 0, 1, 1, 1, 1, 1, 0, 1)"
45.648998,200,703.251803,7,"(49539, 24001, 26611, 35500, 19326, 8765, 7168, 2043, 44962, 32384, 49320, 38607, 17595, 12910, 417, 35996, 15342, 37797, 49627, 14553, 26496, 29060, 1002, 40698, 37652, 42974, 38466, 42865, 11820, 32933, 481, 38205, 5931, 49962, 21512, 45420, 44683, 17803, 7024, 46991, 42444, 45705, 14188, 19999, 10505, 35557, 28135, 16676, 32931, 3464, 29613, 28309, 5294, 2560, 3026, 2867, 2669, 26248, 11376, 49568, 28418, 40117, 24221, 23148, 28800, 42129, 22601, 37464, 48388, 17523, 8902, 43472, 48451, 18728, 39690, 9047, 34798, 845, 44280, 26199, 1727, 40989, 24747, 48182, 14285, 27767, 44186, 6803, 32843, 31592, 26928, 34221, 10289, 8860, 2388, 26588, 26706, 16667, 2751, 19746, 2107, 17846, 48020, 22145, 49049, 12791, 32798, 29898, 16627, 43726, 39422, 14688, 28766, 10670, 667, 17133, 2800, 29485, 32427, 21293, 38431, 38983, 24613, 8422, 49195, 16965, 1104, 44422, 39972, 10262, 14245, 17052, 39975, 39292, 36632, 25033, 12549, 6846, 34485, 21736, 25475, 28429, 28126, 44349, 5395, 32488, 29126, 30421, 2191, 31790, 19195, 31700, 29107, 49268, 40948, 8143, 3799, 6209, 34868, 45834, 10275, 40439, 31925, 6833, 20610, 5180, 40878, 19583, 32113, 36699, 23263, 16659, 21078, 32728, 16016, 15327, 5102, 9231, 20647, 27517, 16117, 32986, 39889, 15033, 41638, 28615, 7515, 331, 9575, 21095, 11700, 39795, 12554, 10218, 16050, 11278, 11092, 15038, 37821, 36484)","(0, 1, 1, 0, 1, 0, 1, 1, 0, 0, 0, 0, 1, 1, 1, 1, 1, 1, 0, 1, 1, 0, 1, 0, 0, 0, 0, 0, 0, 0, 1, 0, 1, 0, 0, 0, 0, 1, 1, 0, 0, 0, 1, 1, 1, 1, 1, 1, 0, 1, 0, 0, 1, 1, 1, 1, 1, 0, 1, 0, 0, 0, 0, 0, 1, 0, 0, 1, 0, 0, 1, 0, 0, 1, 0, 0, 0, 1, 0, 1, 1, 0, 1, 0, 1, 0, 0, 0, 0, 0, 0, 0, 1, 1, 1, 0, 0, 1, 1, 0, 1, 0, 0, 1, 1, 1, 0, 0, 1, 0, 0, 1, 1, 1, 1, 0, 1, 0, 0, 1, 0, 0, 1, 1, 0, 1, 1, 0, 0, 1, 1, 1, 0, 0, 0, 1, 1, 1, 0, 1, 0, 0, 1, 0, 1, 0, 1, 0, 0, 0, 1, 0, 1, 0, 0, 1, 1, 1, 0, 0, 1, 0, 0, 1, 0, 1, 0, 0, 0, 0, 0, 1, 1, 0, 1, 1, 1, 1, 1, 0, 1, 0, 0, 1, 0, 1, 1, 1, 0, 1, 1, 0, 1, 1, 1, 0, 1, 0, 0, 0)"
47.186226,200,705.724324,8,"(12932, 23990, 33400, 3908, 15260, 25934, 19031, 12827, 46729, 17395, 36430, 7800, 21515, 9255, 14779, 6337, 29927, 6261, 41864, 36720, 9520, 48393, 5768, 6487, 42378, 25331, 14578, 13013, 7950, 17692, 23026, 6000, 24565, 45195, 4019, 23186, 299, 46413, 41042, 19553, 30989, 38538, 6465, 35163, 42377, 24727, 32276, 19477, 8540, 544, 40698, 4750, 49518, 41016, 36859, 13192, 38591, 5048, 28343, 8382, 43030, 13912, 44528, 8995, 19143, 49981, 33120, 47517, 35079, 14542, 45889, 13072, 28775, 9757, 8178, 22392, 5167, 23414, 6434, 20961, 34211, 26216, 1739, 13092, 13814, 30732, 6653, 20558, 6810, 22313, 18833, 48433, 11779, 21322, 2027, 28088, 26877, 9950, 13626, 6905, 15670, 15950, 4218, 21060, 29846, 36026, 37312, 22158, 17968, 6210, 13538, 21659, 29794, 18170, 25829, 12979, 36495, 26258, 29185, 27924, 9277, 39620, 2830, 18562, 5146, 31256, 44992, 13905, 26043, 38379, 31277, 3111, 10286, 3827, 9948, 16598, 5736, 16481, 33546, 25029, 8503, 13930, 27458, 44015, 17231, 829, 17636, 35223, 38042, 30649, 31122, 37397, 29531, 11527, 379, 7822, 6038, 39754, 5100, 11172, 48295, 44271, 2770, 2270, 41656, 48186, 29617, 10471, 25900, 26587, 28523, 9950, 24222, 23778, 2717, 29163, 18221, 17566, 30767, 26999, 11234, 49024, 45595, 27641, 49563, 28668, 18017, 32983, 24394, 47894, 21474, 35768, 30725, 1050, 48739, 99, 25446, 5947, 1266, 8840)","(1, 1, 0, 1, 1, 0, 1, 1, 0, 0, 0, 0, 1, 1, 1, 1, 0, 0, 0, 0, 1, 0, 1, 1, 0, 0, 0, 1, 1, 0, 0, 1, 1, 0, 1, 0, 1, 0, 0, 1, 0, 0, 1, 0, 0, 1, 0, 1, 1, 1, 0, 1, 0, 0, 0, 1, 0, 1, 0, 1, 0, 0, 0, 1, 1, 0, 0, 0, 0, 1, 0, 1, 1, 1, 0, 0, 1, 1, 1, 0, 0, 1, 1, 1, 1, 0, 1, 1, 1, 0, 1, 0, 1, 1, 1, 0, 0, 1, 1, 1, 1, 1, 1, 1, 0, 0, 0, 1, 0, 1, 1, 1, 0, 0, 0, 1, 0, 0, 1, 1, 1, 0, 1, 0, 1, 0, 0, 1, 0, 0, 1, 1, 1, 1, 0, 0, 1, 1, 0, 1, 1, 1, 0, 0, 0, 1, 0, 0, 0, 0, 0, 0, 0, 1, 1, 1, 1, 0, 1, 1, 0, 0, 1, 0, 0, 0, 0, 1, 1, 0, 0, 0, 0, 1, 1, 0, 0, 0, 0, 0, 1, 0, 0, 0, 0, 1, 0, 0, 0, 0, 1, 0, 0, 1, 0, 1, 1, 0, 1, 1)"
62.948928,200,708.148494,4,"(4939, 18155, 45765, 45493, 28065, 47475, 49414, 40533, 41196, 37117, 34792, 37728, 36686, 13196, 48240, 43124, 21888, 9504, 19553, 25468, 541, 36668, 40305, 41015, 49573, 10392, 3361, 29161, 30265, 46372, 1535, 41308, 18739, 5941, 1478, 18609, 12793, 41745, 15216, 45680, 15302, 40386, 27115, 24257, 7016, 19961, 42582, 26849, 24123, 6296, 17954, 18278, 29230, 43888, 18774, 14896, 10573, 46577, 32667, 33571, 24802, 10163, 10337, 14034, 15186, 32031, 42547, 30552, 40395, 32977, 27568, 2602, 22161, 30401, 23120, 24936, 5120, 559, 44457, 35571, 41711, 3106, 33919, 21483, 10546, 20545, 14214, 4196, 27852, 26094, 29829, 15770, 10093, 47766, 17978, 17628, 8733, 6372, 1880, 4644, 45452, 6109, 26142, 26927, 33245, 10299, 39643, 34445, 20645, 49116, 17768, 49130, 31322, 36767, 31199, 35678, 44935, 28318, 6622, 1384, 34434, 7245, 47652, 9317, 31226, 45465, 13683, 27973, 7204, 45046, 43166, 16964, 36002, 26341, 6152, 3435, 15512, 1674, 32398, 42583, 37960, 11105, 38487, 18588, 16702, 36699, 7339, 22337, 20900, 29417, 41585, 28416, 28689, 446, 24114, 16632, 10970, 11053, 43320, 35195, 8582, 26540, 41899, 28911, 39514, 9497, 2225, 46621, 39059, 35993, 47754, 46320, 44551, 15690, 42085, 27731, 48316, 13259, 35135, 2386, 8602, 19000, 19656, 25471, 22718, 21629, 3311, 21589, 47316, 27875, 31702, 18029, 4621, 29014, 41010, 30212, 33130, 34592, 32997, 27597)","(1, 1, 0, 0, 0, 0, 0, 0, 0, 1, 0, 0, 0, 1, 0, 0, 1, 1, 1, 1, 1, 0, 0, 0, 1, 1, 1, 0, 0, 0, 1, 1, 1, 1, 0, 0, 1, 0, 1, 0, 1, 0, 0, 1, 0, 0, 0, 1, 0, 1, 1, 1, 1, 1, 0, 1, 0, 1, 1, 1, 0, 0, 1, 1, 0, 1, 0, 0, 0, 1, 0, 1, 1, 0, 0, 1, 1, 1, 0, 0, 0, 1, 1, 1, 1, 1, 1, 1, 1, 1, 0, 1, 1, 0, 1, 1, 1, 1, 1, 1, 0, 1, 1, 0, 0, 1, 0, 0, 1, 0, 1, 0, 1, 0, 1, 1, 0, 0, 1, 1, 0, 1, 1, 1, 1, 0, 0, 1, 1, 0, 0, 1, 1, 1, 1, 1, 1, 1, 1, 0, 0, 0, 0, 0, 1, 0, 1, 0, 1, 0, 1, 0, 0, 1, 1, 1, 1, 1, 0, 0, 1, 1, 1, 1, 1, 1, 1, 1, 0, 1, 0, 0, 0, 1, 1, 1, 0, 1, 0, 0, 1, 1, 1, 1, 0, 1, 1, 0, 1, 1, 1, 1, 1, 1, 0, 0, 1, 0, 1, 1)"
120.024358,200,710.592208,5,"(12527, 35113, 34304, 30924, 31493, 44401, 22649, 28474, 5111, 1858, 10469, 16285, 24831, 6017, 40859, 13830, 13721, 12732, 2513, 28267, 2682, 26858, 16082, 18983, 37779, 48069, 25723, 25787, 4930, 2127, 49766, 34522, 48406, 48015, 21472, 14039, 9536, 15062, 1920, 12951, 2314, 6873, 4325, 38793, 16573, 47107, 35943, 7573, 23276, 3988, 46185, 6843, 9988, 15324, 23930, 46971, 1768, 34373, 47341, 49841, 20585, 5124, 5382, 18030, 18219, 9864, 11835, 15918, 24728, 29915, 48579, 2440, 1067, 36877, 4070, 32788, 11771, 37853, 7351, 8877, 33142, 3122, 29362, 20624, 47308, 10159, 3530, 42967, 20121, 33087, 17020, 9732, 48003, 40398, 40987, 10051, 18545, 32409, 49520, 45789, 48260, 12038, 7831, 16495, 13362, 45886, 26619, 31738, 5996, 2544, 4514, 19985, 3837, 7757, 18406, 5135, 41566, 15430, 8420, 2540, 34438, 26848, 15903, 30607, 7754, 47607, 30066, 40242, 46457, 39714, 4641, 19867, 10091, 2914, 33333, 24520, 16490, 28625, 40657, 12309, 829, 41678, 26526, 15760, 30572, 21899, 46120, 2812, 30916, 33213, 36675, 28893, 39646, 572, 39408, 22219, 36987, 18348, 49833, 2971, 16424, 42193, 41156, 44896, 5880, 42421, 16, 17255, 19967, 24153, 15674, 20007, 13922, 7118, 36558, 17012, 28071, 16223, 23549, 21637, 4601, 3621, 35061, 20898, 10703, 22146, 19655, 9519, 34033, 19553, 12054, 12063, 41850, 6969, 11740, 17983, 4937, 5149, 31007, 18452)","(0, 0, 1, 0, 0, 0, 0, 1, 1, 1, 1, 1, 0, 1, 0, 1, 0, 1, 1, 0, 1, 0, 1, 1, 1, 0, 1, 0, 1, 1, 0, 0, 1, 0, 0, 1, 1, 1, 1, 1, 1, 1, 1, 0, 0, 0, 0, 1, 0, 1, 0, 1, 1, 1, 1, 0, 1, 0, 0, 1, 0, 1, 1, 1, 1, 1, 1, 1, 0, 0, 1, 1, 1, 0, 1, 0, 1, 0, 1, 1, 0, 1, 1, 0, 0, 1, 1, 0, 1, 1, 1, 1, 0, 0, 0, 1, 0, 1, 0, 0, 1, 1, 1, 0, 1, 0, 1, 1, 1, 1, 1, 0, 1, 1, 1, 1, 1, 1, 0, 1, 0, 0, 1, 0, 1, 1, 0, 0, 0, 0, 1, 0, 1, 0, 1, 1, 0, 1, 1, 1, 1, 1, 1, 1, 0, 1, 1, 1, 0, 0, 1, 0, 0, 1, 1, 1, 1, 1, 0, 1, 1, 0, 1, 0, 1, 0, 1, 1, 1, 1, 1, 1, 1, 1, 1, 1, 0, 1, 1, 1, 1, 1, 1, 0, 1, 1, 1, 0, 0, 1, 1, 1, 1, 1, 1, 1, 1, 1, 1, 0)"
97.280008,200,722.174558,1,"(24316, 46268, 19342, 33793, 33921, 26622, 35448, 30069, 38093, 29882, 7049, 30469, 23539, 44047, 2458, 28127, 36541, 42775, 6212, 17736, 1451, 12435, 37906, 29739, 42832, 46862, 35709, 48783, 35738, 42214, 24198, 949, 18662, 35161, 23200, 48527, 46589, 35251, 4005, 16283, 32798, 28719, 44793, 10754, 45759, 12909, 20861, 21672, 47912, 34342, 25227, 849, 34055, 38529, 10689, 15456, 3395, 32942, 12430, 45013, 230, 31833, 16463, 3720, 7877, 18825, 9782, 35382, 42891, 10988, 31326, 45590, 11299, 35336, 5193, 43501, 29308, 10805, 37240, 18726, 42588, 26143, 36616, 26722, 47387, 26368, 28012, 32865, 35859, 40598, 24673, 16590, 43555, 25570, 27334, 15399, 49512, 42566, 10167, 23561, 4379, 34654, 33675, 25065, 22976, 42201, 33377, 6451, 44187, 42514, 17818, 23197, 34819, 45893, 12837, 31203, 12609, 39571, 27992, 12553, 11316, 17158, 18807, 31729, 16290, 25760, 41458, 49584, 43078, 11199, 25253, 26233, 5718, 11695, 23997, 33429, 46551, 41331, 48807, 31085, 441, 6757, 30994, 2166, 13414, 44400, 22843, 5058, 10326, 34067, 36507, 26209, 42953, 20868, 26645, 20029, 47265, 11785, 38988, 36758, 43605, 11797, 31756, 3836, 39977, 41396, 5154, 41608, 785, 1878, 48027, 12474, 41684, 45204, 8439, 19630, 36886, 33520, 33914, 41679, 41729, 47502, 32956, 43449, 38842, 23773, 30370, 8687, 43538, 24651, 1145, 2444, 23779, 12618, 3389, 44009, 45624, 42119, 34747, 47253)","(1, 0, 1, 0, 0, 1, 1, 0, 1, 0, 1, 0, 1, 0, 0, 1, 1, 0, 0, 1, 1, 1, 0, 0, 0, 0, 1, 1, 0, 0, 1, 1, 1, 1, 0, 1, 1, 0, 1, 1, 0, 1, 0, 1, 1, 1, 1, 1, 0, 1, 1, 1, 1, 1, 1, 1, 1, 1, 1, 0, 1, 0, 0, 1, 1, 1, 1, 1, 0, 1, 1, 0, 0, 0, 1, 0, 1, 1, 1, 1, 0, 1, 1, 1, 0, 1, 1, 1, 0, 0, 1, 1, 0, 0, 1, 1, 1, 0, 1, 1, 1, 0, 0, 1, 0, 0, 0, 1, 0, 0, 1, 0, 0, 1, 1, 0, 1, 0, 1, 1, 1, 1, 1, 1, 1, 0, 0, 0, 1, 1, 1, 1, 1, 1, 1, 0, 0, 0, 0, 1, 1, 1, 0, 0, 1, 0, 0, 1, 1, 1, 1, 1, 0, 1, 0, 1, 0, 1, 1, 0, 0, 1, 0, 1, 1, 1, 1, 1, 1, 1, 0, 1, 1, 1, 1, 1, 1, 0, 0, 0, 1, 0, 1, 0, 0, 1, 0, 1, 0, 1, 1, 1, 0, 1, 1, 0, 1, 0, 0, 0)"
77.889497,200,724.609224,0,"(14401, 8686, 11101, 38886, 38474, 12567, 11509, 32213, 34279, 11143, 28943, 38259, 245, 3232, 47728, 21948, 9625, 10705, 826, 48006, 31811, 38783, 11906, 8089, 7046, 15443, 5275, 25426, 19507, 237, 32733, 8894, 8890, 29409, 45438, 26162, 33496, 16082, 2546, 5561, 41090, 17010, 8841, 8748, 10731, 35573, 8259, 19375, 11183, 18151, 11422, 46738, 16073, 8752, 2380, 11589, 40043, 30435, 37854, 317, 39429, 49639, 48676, 39980, 22387, 4307, 43259, 39452, 7785, 28582, 27446, 41775, 26070, 638, 42373, 5889, 455, 48385, 12577, 5221, 1494, 4195, 21829, 232, 17879, 21418, 24042, 9332, 16016, 43347, 22078, 48767, 48446, 25920, 24245, 33229, 41884, 6379, 34413, 15073, 27164, 20506, 17078, 4585, 5095, 49831, 22903, 42245, 32585, 36771, 45033, 23379, 9804, 10419, 2230, 45125, 12223, 15372, 22663, 7176, 8790, 46664, 24323, 37052, 17246, 44325, 38433, 24837, 25756, 48929, 44745, 6012, 6782, 23231, 31291, 42671, 23263, 8204, 11872, 27248, 20068, 44859, 23601, 4852, 5876, 11470, 3788, 24956, 48265, 14614, 7909, 14966, 28113, 18296, 7357, 20482, 16780, 15450, 5689, 3643, 10804, 27621, 39892, 38162, 47121, 48186, 44720, 18681, 1923, 14991, 24085, 22438, 11611, 40452, 7096, 27388, 28444, 39442, 28811, 45078, 21102, 22607, 19852, 12110, 17236, 37476, 14615, 39484, 25190, 799, 37277, 28801, 34866, 10335, 46703, 40352, 13970, 29187, 11844, 18163)","(1, 1, 1, 0, 0, 1, 1, 1, 0, 1, 1, 1, 1, 1, 0, 1, 0, 1, 1, 1, 0, 0, 1, 1, 1, 1, 1, 0, 1, 1, 0, 0, 1, 0, 0, 1, 0, 1, 0, 1, 0, 1, 1, 0, 1, 0, 1, 1, 1, 1, 1, 0, 0, 1, 1, 1, 1, 0, 0, 1, 1, 0, 0, 0, 0, 1, 0, 1, 1, 0, 0, 0, 1, 1, 0, 0, 1, 1, 1, 0, 1, 1, 0, 1, 1, 0, 1, 0, 1, 0, 0, 1, 0, 0, 0, 0, 1, 1, 0, 1, 1, 0, 1, 1, 1, 0, 0, 0, 0, 0, 0, 1, 1, 1, 1, 0, 1, 1, 0, 1, 1, 0, 1, 0, 1, 0, 0, 0, 0, 0, 0, 1, 1, 0, 1, 0, 0, 1, 1, 0, 1, 0, 1, 1, 1, 1, 1, 1, 0, 0, 1, 1, 0, 1, 1, 0, 1, 1, 1, 1, 1, 1, 0, 0, 0, 0, 0, 1, 1, 1, 1, 0, 1, 0, 1, 0, 0, 0, 0, 0, 1, 0, 0, 1, 0, 0, 1, 0, 1, 1, 0, 0, 0, 1, 1, 0, 1, 1, 1, 1)"
112.570374,200,727.301769,2,"(34907, 2762, 49472, 15652, 9281, 11540, 33166, 16790, 2961, 45719, 17470, 36839, 24837, 17415, 24940, 307, 26102, 34755, 19166, 3249, 24855, 41591, 35990, 43409, 15328, 23562, 47680, 5359, 23684, 4017, 28569, 38854, 32151, 19970, 30708, 21031, 35455, 24475, 8106, 26461, 4076, 10790, 19352, 3178, 26728, 24173, 26449, 45650, 12230, 14405, 38761, 46589, 31970, 15807, 42699, 25762, 16965, 23211, 28684, 16653, 20354, 36955, 34388, 23311, 28078, 6940, 40924, 28506, 14079, 24323, 18082, 29597, 41099, 12681, 19431, 36274, 10154, 1753, 13795, 5806, 22695, 36590, 18402, 25640, 7955, 33177, 18383, 20637, 26783, 49794, 48684, 21335, 14416, 48565, 42721, 1078, 32498, 29813, 12843, 9632, 25967, 33802, 31671, 9997, 11147, 35540, 17559, 49921, 41307, 14707, 35254, 38572, 1643, 27002, 37947, 21016, 17460, 39729, 11800, 41910, 47297, 2033, 9409, 27728, 30994, 33451, 17162, 20513, 24883, 16917, 43203, 13196, 25111, 4495, 20796, 49673, 6741, 29677, 24110, 38301, 13435, 21596, 5331, 40026, 2446, 38559, 12728, 6331, 46689, 39028, 25279, 24540, 47010, 29861, 10222, 5977, 20412, 18227, 3732, 38136, 38331, 44519, 20955, 24387, 9600, 36215, 11144, 39710, 40770, 33993, 30257, 10879, 2042, 14289, 10284, 43463, 28961, 42871, 25170, 30631, 34022, 43504, 9596, 15941, 33110, 30601, 42675, 43451, 16298, 43712, 15122, 48940, 6407, 8066, 43652, 3066, 23108, 42707, 5818, 2138)","(1, 1, 0, 1, 1, 1, 0, 1, 1, 0, 0, 0, 0, 0, 1, 1, 1, 1, 1, 1, 0, 0, 1, 0, 1, 1, 1, 1, 1, 1, 0, 1, 1, 1, 0, 1, 1, 1, 1, 1, 1, 1, 1, 1, 0, 0, 0, 0, 1, 1, 1, 1, 1, 1, 0, 0, 1, 0, 1, 1, 1, 1, 0, 1, 0, 1, 1, 0, 1, 1, 0, 1, 1, 1, 1, 1, 1, 1, 0, 1, 0, 0, 1, 0, 1, 0, 1, 1, 1, 0, 1, 1, 1, 0, 1, 1, 0, 0, 1, 1, 0, 0, 1, 1, 1, 1, 1, 0, 1, 1, 1, 1, 1, 0, 1, 1, 1, 0, 1, 0, 1, 1, 1, 0, 0, 1, 1, 0, 1, 1, 1, 1, 1, 1, 1, 0, 1, 1, 1, 0, 1, 1, 1, 1, 1, 1, 1, 1, 1, 1, 0, 1, 0, 0, 1, 1, 1, 1, 1, 0, 1, 0, 1, 1, 1, 1, 1, 1, 0, 1, 0, 1, 1, 1, 1, 1, 1, 1, 1, 0, 1, 0, 1, 1, 0, 0, 0, 0, 1, 0, 1, 1, 1, 1, 0, 1, 0, 0, 0, 1)"
51.022519,200,729.841918,7,"(893, 24123, 2031, 43288, 4056, 46594, 21737, 18510, 37916, 14334, 7202, 17682, 5025, 14879, 15807, 5566, 6481, 37465, 44480, 26546, 49997, 27700, 42801, 47010, 19443, 25818, 31253, 19141, 25812, 29926, 49918, 37643, 30149, 8124, 9804, 29187, 11297, 5727, 4754, 26094, 31451, 20775, 36506, 15154, 48198, 47169, 32243, 39557, 30521, 27978, 39364, 33892, 31107, 10282, 34567, 11390, 35429, 37848, 21299, 48032, 9088, 2797, 8314, 25714, 32195, 28945, 38584, 22539, 49926, 32555, 40293, 36599, 33011, 13327, 36236, 35998, 44603, 9520, 33670, 48077, 27423, 11203, 44725, 45731, 512, 41832, 32462, 18305, 27437, 14662, 45289, 920, 5218, 36963, 5596, 30968, 47834, 24472, 20192, 16213, 5669, 1621, 39851, 17431, 14891, 46071, 45896, 21385, 7842, 7272, 29055, 26860, 14992, 25993, 38767, 25498, 42508, 48839, 6834, 6525, 17241, 13217, 29983, 37736, 14745, 17538, 2897, 20, 5508, 19856, 20250, 30494, 46478, 7381, 42086, 13827, 4096, 17956, 31299, 12342, 15351, 3737, 43892, 9569, 12078, 40091, 37509, 20446, 29075, 23181, 29327, 35890, 8400, 17872, 10973, 7359, 34332, 7418, 6740, 10569, 31199, 7250, 15272, 39660, 889, 36885, 31458, 4696, 26956, 42906, 11900, 13719, 12660, 10540, 30434, 46756, 43435, 24778, 32283, 17574, 20688, 19768, 40702, 12973, 36644, 46201, 22893, 35434, 23333, 1314, 13829, 7367, 4600, 35501, 31222, 23305, 30962, 43382, 2386, 11320)","(1, 0, 1, 0, 1, 0, 1, 1, 0, 1, 1, 1, 1, 0, 1, 1, 1, 0, 0, 0, 0, 0, 0, 0, 1, 0, 1, 1, 0, 0, 0, 0, 0, 1, 1, 0, 0, 1, 1, 1, 1, 1, 0, 1, 0, 0, 0, 0, 0, 1, 0, 0, 0, 0, 0, 1, 0, 0, 1, 0, 1, 1, 1, 1, 0, 1, 0, 0, 0, 0, 0, 0, 0, 1, 0, 1, 0, 1, 0, 0, 0, 1, 0, 0, 1, 0, 0, 1, 0, 1, 0, 1, 1, 0, 1, 0, 0, 0, 1, 1, 0, 1, 0, 1, 1, 0, 0, 0, 1, 1, 0, 1, 1, 1, 0, 0, 0, 0, 1, 1, 0, 1, 0, 1, 0, 1, 1, 1, 0, 1, 1, 0, 0, 1, 0, 0, 1, 0, 1, 1, 1, 1, 0, 1, 1, 0, 1, 1, 1, 0, 1, 1, 1, 1, 1, 1, 0, 1, 1, 1, 0, 1, 1, 0, 0, 1, 0, 1, 0, 0, 1, 0, 1, 1, 0, 0, 0, 0, 0, 1, 1, 1, 0, 1, 0, 0, 0, 0, 0, 1, 1, 1, 1, 0, 1, 1, 0, 0, 0, 1)"
38.428343,200,732.469492,7,"(9277, 38243, 23087, 32175, 24449, 28151, 14265, 11717, 32894, 12801, 9594, 49732, 36575, 38910, 10622, 39051, 26694, 42243, 6002, 12063, 8364, 21127, 43917, 14622, 34292, 41416, 19829, 38562, 41469, 944, 23742, 34534, 5160, 48927, 48671, 49069, 15222, 4719, 6386, 27047, 36753, 3759, 15248, 5919, 46828, 15090, 2465, 27031, 3886, 3072, 29436, 40681, 2164, 38123, 23491, 42088, 43485, 12877, 31247, 4245, 45133, 47514, 10617, 48797, 13398, 38307, 20476, 33213, 43071, 31834, 30401, 30802, 8469, 30917, 48468, 22077, 18057, 38686, 15877, 17043, 32276, 6339, 19751, 5516, 5017, 33806, 13801, 45333, 36910, 15617, 34212, 28685, 6847, 20267, 33985, 12072, 30345, 22676, 11397, 10760, 45359, 11364, 42421, 46043, 30746, 15874, 28773, 12844, 30208, 38940, 13572, 48528, 1365, 48751, 2648, 8707, 47460, 33010, 8089, 18536, 49820, 44189, 32346, 21720, 18566, 4340, 10925, 14566, 26709, 38940, 19930, 33978, 30790, 8043, 24530, 34480, 21717, 14631, 48648, 1324, 40448, 45374, 21868, 41465, 24456, 31521, 9075, 5608, 13064, 20033, 39656, 43871, 831, 37412, 36877, 9516, 17422, 9823, 32649, 3457, 1282, 7290, 7173, 6760, 27322, 41482, 31503, 49050, 6604, 40082, 5536, 45503, 45605, 28281, 23985, 14297, 16918, 44807, 3452, 27939, 3787, 36785, 32533, 16655, 36958, 3347, 18360, 32994, 17138, 7116, 23638, 30174, 27760, 39868, 15722, 21601, 15794, 1166, 18657, 6515)","(1, 0, 0, 0, 1, 0, 1, 1, 0, 1, 1, 0, 0, 0, 0, 0, 0, 0, 1, 0, 1, 0, 0, 1, 0, 0, 1, 0, 0, 1, 1, 0, 0, 0, 0, 1, 1, 1, 1, 1, 0, 1, 1, 1, 0, 1, 1, 1, 1, 1, 0, 0, 0, 0, 1, 0, 0, 0, 1, 1, 0, 0, 0, 1, 1, 0, 0, 0, 0, 0, 0, 0, 1, 0, 0, 0, 1, 0, 1, 1, 0, 1, 1, 0, 1, 0, 0, 0, 0, 1, 0, 1, 1, 1, 0, 1, 0, 0, 1, 0, 0, 1, 0, 0, 0, 1, 1, 1, 0, 0, 1, 0, 1, 1, 1, 0, 0, 0, 1, 1, 0, 0, 0, 1, 1, 1, 1, 0, 0, 0, 0, 0, 0, 1, 1, 0, 1, 1, 0, 1, 0, 0, 1, 0, 1, 0, 1, 1, 0, 1, 0, 0, 1, 1, 0, 1, 1, 1, 0, 0, 1, 1, 1, 1, 0, 0, 0, 0, 1, 0, 1, 0, 0, 0, 1, 1, 1, 0, 1, 0, 1, 0, 0, 1, 1, 1, 1, 0, 0, 0, 1, 0, 0, 0, 1, 0, 1, 1, 1, 1)"
52.969436,200,735.638135,7,"(26104, 2639, 17655, 18357, 45982, 48127, 23618, 17371, 31761, 37395, 46096, 1861, 4169, 48006, 11437, 20616, 35729, 27765, 17107, 7501, 22135, 47649, 48360, 3391, 8087, 44671, 30991, 21978, 25843, 37946, 44994, 7550, 28109, 5827, 17273, 25789, 32232, 15262, 8958, 41976, 46740, 20580, 29726, 39219, 34241, 19327, 34783, 11035, 10792, 28541, 35028, 47504, 28939, 36674, 7575, 42304, 40985, 35858, 43721, 34516, 41600, 4457, 7889, 19642, 42799, 27226, 1765, 32521, 21731, 30465, 47480, 41608, 12774, 25619, 13588, 9238, 49361, 39716, 299, 17762, 28447, 6444, 43713, 2910, 30252, 19757, 28659, 25734, 21717, 44691, 28841, 49202, 15384, 40009, 18593, 25627, 31866, 15288, 46584, 22992, 10423, 40467, 32100, 38735, 45075, 37689, 5086, 1408, 13834, 23183, 40267, 763, 38619, 26797, 34535, 24633, 2418, 44665, 39905, 6421, 15336, 23648, 6943, 25834, 31818, 9554, 31111, 43833, 45982, 9303, 27402, 24261, 15375, 34715, 47829, 12014, 11119, 8084, 35398, 9695, 34041, 30443, 8889, 41475, 29733, 46742, 5586, 3061, 43398, 19913, 11226, 24967, 17707, 11122, 42962, 42518, 39931, 33367, 30186, 40593, 11502, 25960, 9978, 39407, 12352, 32046, 5050, 8545, 17964, 33812, 42592, 36597, 35980, 25409, 10864, 16333, 10855, 34675, 36983, 48701, 3980, 41918, 20202, 25448, 12106, 1348, 21387, 35363, 27596, 8235, 43561, 12200, 40232, 32789, 1333, 12989, 15885, 28424, 912, 25067)","(1, 1, 1, 1, 0, 0, 1, 1, 0, 1, 0, 1, 0, 0, 1, 1, 1, 0, 1, 1, 1, 0, 0, 1, 1, 0, 0, 1, 0, 0, 0, 1, 0, 1, 0, 0, 0, 1, 1, 0, 0, 0, 1, 0, 0, 1, 0, 1, 1, 1, 0, 0, 1, 0, 1, 0, 0, 0, 0, 0, 0, 1, 1, 0, 0, 1, 1, 0, 1, 0, 0, 0, 1, 1, 0, 1, 0, 0, 1, 1, 1, 1, 0, 1, 0, 1, 1, 1, 1, 0, 1, 0, 1, 0, 1, 1, 0, 1, 0, 0, 1, 0, 0, 0, 0, 0, 1, 1, 1, 0, 0, 1, 0, 0, 0, 1, 1, 0, 0, 1, 1, 1, 1, 0, 0, 1, 1, 0, 0, 1, 0, 1, 1, 0, 0, 1, 1, 1, 0, 1, 0, 0, 1, 0, 0, 0, 0, 1, 0, 1, 1, 1, 1, 1, 0, 0, 0, 0, 0, 0, 1, 1, 1, 0, 1, 0, 1, 1, 1, 0, 0, 0, 0, 1, 1, 1, 1, 0, 0, 0, 1, 0, 1, 0, 1, 1, 1, 0, 1, 1, 0, 0, 0, 0, 0, 1, 1, 1, 1, 1)"
52.912916,200,738.334468,8,"(19055, 35181, 35904, 27268, 49482, 35130, 36954, 32489, 38536, 4802, 39548, 8530, 22395, 38893, 15693, 39432, 49494, 12566, 2810, 22496, 443, 15607, 37451, 42659, 35000, 12633, 34083, 1427, 7941, 37728, 39777, 37440, 1142, 41189, 32630, 5482, 16579, 3961, 12053, 4412, 42498, 5109, 37592, 28046, 1302, 4395, 4582, 34926, 6224, 32436, 6149, 32292, 12682, 9238, 35311, 37308, 30048, 1547, 17659, 22020, 8876, 39014, 25805, 12853, 2340, 37957, 16910, 27524, 42657, 8419, 49263, 4523, 3143, 35729, 27799, 35084, 46895, 44708, 31185, 4595, 8684, 41269, 47012, 31859, 40619, 7565, 48217, 25060, 5389, 26781, 18311, 24053, 27459, 45541, 47966, 17294, 9726, 46018, 10751, 27615, 6079, 15314, 11837, 31243, 4073, 13540, 20096, 12282, 21200, 3585, 47047, 47808, 15121, 34966, 36067, 49930, 1693, 5413, 30791, 4249, 7423, 4495, 48430, 3125, 31316, 16759, 27810, 46015, 377, 30709, 11702, 1479, 8002, 23733, 1743, 3467, 8343, 15702, 44753, 12448, 18701, 43750, 48315, 34054, 2457, 10808, 7151, 17423, 12731, 12633, 6355, 29457, 29657, 49124, 13418, 7573, 15571, 15232, 26176, 3337, 16799, 4124, 39216, 21333, 22439, 15222, 4325, 4589, 5547, 17092, 49894, 24868, 14757, 14782, 25581, 6133, 6877, 394, 49304, 37461, 15865, 16518, 1299, 33170, 16505, 20252, 9847, 30157, 30328, 15476, 9918, 7492, 6940, 9381, 39502, 14537, 8705, 34936, 41987, 38361)","(1, 0, 0, 0, 0, 0, 0, 0, 0, 1, 0, 1, 0, 0, 1, 0, 0, 1, 1, 0, 1, 0, 0, 0, 0, 1, 0, 1, 1, 0, 0, 0, 1, 0, 0, 1, 0, 1, 1, 0, 0, 1, 0, 0, 1, 1, 1, 0, 1, 0, 1, 0, 1, 1, 0, 0, 0, 1, 0, 1, 1, 0, 0, 1, 0, 0, 1, 0, 0, 1, 0, 1, 1, 1, 0, 0, 0, 0, 0, 1, 1, 0, 0, 0, 0, 1, 0, 0, 1, 0, 0, 1, 0, 0, 0, 0, 1, 0, 1, 0, 1, 1, 1, 1, 1, 1, 0, 0, 1, 1, 0, 0, 1, 0, 0, 0, 1, 1, 0, 1, 1, 1, 0, 1, 1, 1, 0, 0, 1, 0, 1, 0, 1, 1, 1, 1, 1, 0, 0, 1, 0, 0, 0, 0, 0, 1, 1, 0, 1, 0, 1, 0, 0, 0, 1, 1, 1, 1, 1, 0, 1, 1, 0, 0, 0, 1, 1, 1, 0, 1, 0, 1, 1, 1, 1, 1, 1, 1, 0, 0, 1, 1, 1, 0, 0, 1, 0, 0, 0, 1, 1, 1, 1, 1, 0, 1, 0, 0, 0, 0)"
95.870604,200,741.238595,5,"(17108, 32662, 5520, 7939, 7872, 5184, 6778, 6720, 35242, 15953, 40196, 49217, 47209, 6712, 951, 26036, 27446, 36889, 42994, 39810, 43045, 28298, 22146, 23315, 1446, 6210, 39407, 25797, 27248, 16173, 336, 36372, 20805, 18085, 2931, 38927, 79, 43900, 31240, 39185, 32039, 5081, 30812, 18762, 32155, 36173, 15775, 5950, 1666, 464, 17609, 40861, 4776, 21662, 7480, 14485, 1837, 1333, 38342, 34115, 22059, 5253, 33067, 24282, 3568, 43185, 43500, 49465, 18395, 25656, 36446, 15178, 18030, 2489, 49913, 41155, 14662, 11592, 11481, 34474, 4920, 33373, 22718, 32547, 118, 4848, 20048, 27459, 32685, 32933, 1668, 15938, 25244, 15241, 29001, 23135, 46231, 21902, 31264, 40074, 45781, 37403, 8481, 5433, 3523, 26581, 2819, 15921, 23385, 10795, 3555, 12192, 2688, 11362, 9689, 30785, 11999, 41659, 10205, 5945, 40306, 30497, 34539, 13543, 20067, 44426, 25630, 33779, 29265, 46724, 115, 9041, 24298, 38837, 16038, 47821, 36020, 46578, 2440, 21325, 36404, 22401, 43611, 29639, 32353, 19368, 44562, 22335, 3482, 43939, 38437, 20012, 46278, 4691, 37727, 10318, 13827, 4974, 175, 26540, 31082, 34141, 19572, 6770, 16459, 4295, 14742, 13690, 45287, 18511, 37699, 47369, 11296, 19533, 41450, 26895, 39407, 23059, 25275, 20307, 41768, 42618, 473, 40772, 19602, 45651, 18871, 10512, 7042, 15742, 6351, 9479, 289, 9001, 35659, 26671, 16942, 8266, 42201, 27877)","(1, 1, 1, 1, 1, 1, 1, 1, 0, 1, 0, 0, 0, 1, 1, 1, 0, 0, 0, 1, 0, 0, 1, 1, 1, 1, 0, 0, 1, 1, 1, 1, 1, 1, 1, 0, 1, 0, 1, 0, 0, 1, 0, 1, 0, 1, 1, 1, 1, 1, 1, 1, 1, 1, 1, 1, 1, 0, 0, 0, 0, 1, 0, 1, 1, 0, 0, 1, 0, 0, 0, 1, 1, 0, 0, 0, 1, 1, 1, 0, 1, 1, 0, 0, 1, 1, 0, 0, 1, 1, 1, 0, 1, 1, 1, 0, 0, 1, 1, 1, 1, 1, 0, 1, 1, 1, 1, 1, 1, 1, 1, 0, 1, 1, 1, 0, 1, 0, 1, 1, 0, 0, 0, 1, 0, 0, 1, 0, 1, 1, 1, 0, 1, 0, 1, 0, 0, 0, 1, 1, 1, 0, 0, 0, 1, 1, 0, 0, 0, 0, 0, 1, 0, 0, 1, 1, 0, 1, 1, 1, 1, 1, 1, 1, 0, 1, 1, 0, 0, 1, 1, 1, 1, 1, 0, 1, 0, 0, 1, 1, 1, 0, 0, 0, 1, 0, 0, 1, 1, 1, 1, 1, 1, 1, 0, 1, 1, 1, 0, 1)"
72.020823,200,744.102111,0,"(43069, 44189, 22801, 33588, 48146, 18664, 35192, 25039, 30701, 44148, 18341, 35291, 44056, 45968, 48263, 27145, 33424, 43135, 43004, 32795, 12441, 30209, 16531, 10747, 24478, 9472, 40956, 7041, 18227, 10251, 13878, 23583, 16706, 43462, 14359, 13429, 34351, 5967, 10612, 37087, 32875, 38929, 5063, 24227, 17347, 7471, 3630, 2186, 24053, 2797, 28729, 10289, 37383, 28667, 22359, 43857, 46561, 5406, 37033, 15905, 20708, 8922, 3421, 31654, 5184, 33660, 32228, 46975, 11757, 21910, 6605, 35855, 9397, 11010, 11201, 24570, 19112, 37140, 34288, 4998, 46014, 33700, 40388, 43187, 12499, 7891, 49452, 5171, 15937, 5998, 22001, 21695, 19160, 45114, 26343, 9036, 14148, 34880, 39520, 20905, 26065, 23413, 42259, 10511, 24329, 4438, 2789, 18548, 12284, 22940, 5098, 26560, 27315, 29380, 37153, 21609, 5518, 22152, 8611, 19467, 28107, 5234, 31196, 46475, 11225, 26580, 7790, 22949, 2163, 18984, 14769, 12945, 23935, 38194, 36256, 33962, 21579, 5792, 2736, 5673, 38519, 2220, 40968, 31044, 3569, 40341, 5715, 5101, 6707, 4199, 25091, 44922, 29890, 40195, 44580, 5597, 18832, 17363, 25922, 49239, 47170, 11367, 30969, 10991, 20616, 23108, 17961, 20195, 43954, 5853, 20146, 13773, 24045, 46930, 43651, 22554, 24112, 14109, 20739, 36560, 17341, 22649, 34683, 11654, 26174, 33997, 49022, 1715, 22943, 40555, 33145, 44909, 33075, 16509, 9894, 33651, 13990, 3099, 4561, 21527)","(1, 0, 0, 0, 0, 0, 0, 1, 0, 0, 1, 0, 0, 0, 0, 1, 0, 1, 0, 1, 1, 0, 0, 1, 1, 1, 1, 1, 0, 1, 0, 0, 1, 0, 1, 1, 0, 1, 0, 0, 0, 1, 1, 0, 1, 1, 1, 1, 1, 1, 1, 1, 1, 1, 0, 0, 0, 1, 0, 0, 1, 1, 1, 0, 1, 0, 0, 0, 1, 1, 0, 0, 1, 1, 1, 0, 1, 0, 1, 0, 1, 1, 0, 0, 1, 1, 0, 1, 1, 1, 1, 1, 1, 0, 0, 1, 1, 0, 1, 1, 1, 1, 0, 1, 1, 1, 1, 1, 1, 0, 1, 1, 0, 1, 0, 0, 1, 1, 1, 1, 0, 1, 1, 0, 1, 0, 1, 0, 0, 1, 1, 0, 0, 0, 0, 1, 1, 1, 1, 1, 0, 0, 1, 1, 1, 0, 1, 1, 1, 1, 0, 0, 0, 0, 0, 1, 0, 1, 1, 0, 1, 1, 0, 1, 1, 0, 0, 0, 0, 1, 1, 0, 0, 1, 0, 0, 0, 1, 1, 0, 0, 0, 0, 0, 1, 1, 1, 1, 0, 0, 1, 0, 0, 0, 0, 0, 1, 1, 1, 0)"
38.041847,200,747.453952,6,"(40791, 3099, 49163, 21184, 20989, 16217, 9968, 9042, 5025, 30294, 44596, 30398, 44168, 46975, 40315, 41237, 17398, 3991, 30874, 34785, 22444, 10333, 32796, 22989, 13149, 22548, 31747, 45947, 6650, 45722, 8107, 19900, 29499, 18883, 45054, 14949, 12749, 9412, 21364, 21411, 35283, 30095, 12850, 21487, 44600, 49683, 17304, 34005, 20102, 32355, 17418, 35481, 33562, 20172, 38173, 19774, 36729, 39286, 37506, 32109, 22696, 26509, 33180, 143, 48046, 25937, 3519, 49156, 26984, 41745, 32405, 16250, 30101, 10847, 33971, 21529, 45841, 14218, 24855, 47652, 42872, 12558, 14379, 40885, 48563, 40050, 11876, 34138, 28245, 48454, 10362, 38818, 363, 5263, 23140, 38752, 46167, 36966, 47895, 38241, 41343, 11061, 24465, 35177, 26829, 39815, 24860, 43442, 39805, 23441, 2952, 3643, 22906, 4647, 27356, 44695, 45018, 26275, 6201, 11924, 27735, 33685, 21406, 25010, 495, 12420, 21906, 25457, 29819, 36966, 9263, 49933, 25633, 5936, 31790, 20130, 2342, 21893, 25992, 27115, 17433, 34257, 44013, 7399, 43810, 33026, 39987, 4920, 26053, 16974, 17414, 49279, 28870, 20378, 11921, 33120, 29833, 15101, 9709, 4525, 36503, 13327, 45128, 18890, 19617, 39514, 47146, 45115, 25051, 860, 8254, 46465, 22376, 40412, 22820, 23439, 8404, 32697, 23182, 36023, 305, 36118, 23253, 10271, 42735, 26409, 6355, 37009, 18521, 7489, 35722, 27131, 4461, 38149, 20389, 22563, 27452, 19026, 36128, 31089)","(0, 1, 0, 0, 0, 1, 1, 1, 1, 0, 0, 0, 0, 0, 0, 0, 1, 1, 0, 0, 0, 0, 1, 0, 1, 0, 0, 0, 1, 0, 1, 0, 0, 1, 0, 1, 1, 1, 1, 1, 0, 0, 1, 1, 0, 0, 0, 0, 1, 1, 1, 1, 1, 0, 1, 1, 0, 0, 1, 0, 0, 1, 0, 1, 0, 0, 1, 0, 0, 0, 1, 1, 1, 1, 0, 1, 0, 1, 0, 1, 1, 1, 1, 0, 0, 0, 1, 1, 0, 0, 1, 1, 1, 1, 0, 1, 0, 0, 1, 0, 0, 1, 1, 0, 0, 0, 1, 0, 1, 1, 1, 1, 0, 1, 0, 0, 0, 1, 1, 1, 1, 0, 1, 0, 1, 1, 0, 1, 0, 0, 1, 0, 0, 1, 1, 1, 0, 1, 0, 0, 0, 0, 0, 1, 0, 0, 0, 1, 0, 1, 0, 0, 1, 0, 1, 0, 0, 1, 1, 1, 0, 1, 0, 1, 1, 1, 0, 0, 0, 1, 1, 0, 0, 0, 0, 1, 1, 0, 0, 0, 1, 1, 0, 1, 0, 1, 1, 0, 1, 1, 0, 1, 1, 0, 1, 0, 0, 1, 0, 0)"
118.518573,200,750.469232,2,"(43289, 12179, 10139, 38546, 28684, 48983, 5339, 31330, 2707, 7967, 12108, 849, 27749, 46728, 45155, 34722, 323, 29644, 3803, 28600, 29578, 47967, 44837, 41063, 34833, 47324, 31503, 14387, 15309, 13204, 4525, 1648, 43728, 48487, 1544, 18627, 18158, 29385, 41425, 20688, 4869, 10806, 15403, 13037, 14934, 46433, 27442, 31548, 14041, 23790, 19107, 17669, 39785, 28726, 36079, 13418, 39767, 41431, 29939, 38364, 20194, 6902, 9844, 24746, 19632, 30614, 40701, 49257, 25586, 10178, 16476, 48619, 11639, 40936, 27729, 49262, 42126, 45286, 15431, 31612, 6483, 33459, 871, 39774, 33154, 28894, 34211, 46076, 25185, 12285, 35120, 35729, 9777, 15687, 21006, 22152, 12052, 49532, 30284, 2671, 14426, 48451, 48495, 44603, 23067, 34067, 20787, 28021, 968, 18620, 40629, 27700, 49893, 6413, 26869, 31236, 39035, 31959, 9527, 24815, 42179, 12189, 24612, 27675, 23170, 38266, 9431, 11003, 33306, 27246, 35905, 37371, 33645, 25151, 25926, 30391, 537, 4845, 11082, 27593, 15607, 23290, 6758, 15049, 38029, 37564, 19453, 32221, 11653, 49594, 3283, 26028, 14302, 11048, 37042, 41679, 1899, 17417, 28967, 44905, 2225, 9173, 15395, 26457, 13714, 44985, 23614, 46995, 19586, 33631, 15071, 13602, 4208, 13909, 37824, 34374, 25371, 11665, 44208, 22989, 5100, 42814, 47472, 43530, 25996, 17954, 25720, 35553, 26959, 20628, 12466, 38217, 35561, 7835, 4783, 31545, 14449, 39059, 42734, 49383)","(0, 1, 1, 1, 1, 1, 1, 1, 1, 1, 1, 1, 1, 1, 0, 0, 1, 0, 1, 0, 1, 0, 0, 1, 1, 0, 1, 1, 1, 1, 1, 1, 1, 0, 1, 1, 0, 1, 1, 1, 1, 0, 1, 1, 0, 0, 0, 1, 1, 1, 1, 1, 0, 1, 1, 1, 0, 0, 0, 0, 1, 1, 1, 1, 1, 0, 0, 1, 1, 1, 1, 0, 1, 1, 1, 0, 1, 0, 0, 1, 1, 1, 1, 1, 1, 1, 1, 0, 0, 0, 0, 1, 1, 1, 0, 1, 1, 1, 0, 1, 1, 1, 0, 0, 0, 1, 1, 0, 1, 0, 1, 1, 0, 1, 1, 1, 0, 1, 1, 1, 1, 1, 1, 0, 0, 0, 1, 1, 1, 1, 1, 1, 1, 1, 1, 0, 1, 1, 1, 1, 0, 1, 1, 1, 0, 1, 1, 1, 1, 0, 1, 0, 0, 1, 1, 0, 1, 0, 1, 0, 1, 1, 1, 0, 0, 0, 1, 0, 1, 1, 1, 1, 1, 0, 1, 0, 1, 1, 0, 0, 1, 0, 1, 0, 1, 1, 1, 1, 1, 1, 1, 0, 1, 0, 1, 0, 1, 0, 0, 0)"
126.205093,200,763.132958,2,"(16181, 33407, 40656, 28926, 39990, 26631, 28676, 2346, 48118, 23227, 4518, 16824, 230, 41658, 14542, 31007, 36416, 80, 9039, 2902, 36939, 20556, 35749, 11309, 10102, 28836, 37179, 17177, 9460, 40000, 27804, 46847, 25346, 32683, 22927, 20500, 24756, 42382, 30045, 13426, 19427, 16883, 6486, 2233, 35118, 40347, 34870, 43376, 3878, 18896, 14403, 24595, 45888, 12079, 37463, 585, 35595, 38188, 31845, 23870, 31364, 3522, 2739, 17751, 26737, 32801, 22193, 20349, 107, 1123, 29649, 24789, 4980, 42841, 24456, 11113, 23153, 34025, 1652, 16469, 42879, 26172, 14389, 11915, 2866, 935, 6448, 49934, 49359, 34009, 42920, 39885, 4671, 43647, 22930, 5699, 21859, 46680, 47053, 13498, 31063, 29075, 35691, 49421, 17939, 11095, 22097, 32221, 16416, 38987, 13911, 2734, 45669, 12904, 5892, 28212, 15908, 17215, 25399, 14418, 33350, 19964, 28659, 24859, 25500, 47126, 25965, 23887, 7798, 46555, 41867, 32876, 40182, 5973, 46820, 41083, 32771, 4843, 26184, 9372, 37103, 2402, 24553, 49697, 6283, 10723, 37280, 11906, 28692, 10615, 49475, 38695, 7993, 46373, 25179, 9715, 9140, 38973, 2522, 5432, 39666, 29043, 421, 41706, 3461, 19552, 42541, 49392, 37257, 21959, 19433, 3537, 4288, 447, 36392, 11792, 40768, 10866, 42699, 13667, 9383, 39965, 27942, 1052, 49088, 5964, 46183, 44518, 29314, 34702, 15306, 1631, 34434, 32936, 47401, 3892, 47110, 3667, 10661, 13549)","(1, 0, 0, 1, 1, 1, 1, 1, 1, 0, 1, 1, 1, 0, 1, 1, 1, 1, 1, 1, 0, 1, 1, 1, 1, 1, 1, 1, 1, 1, 1, 0, 1, 1, 0, 1, 1, 0, 0, 1, 0, 1, 1, 1, 0, 0, 0, 0, 1, 1, 1, 1, 1, 1, 0, 1, 0, 1, 1, 1, 1, 1, 1, 1, 0, 0, 1, 1, 1, 1, 0, 1, 1, 0, 1, 1, 0, 1, 1, 1, 1, 1, 1, 1, 1, 1, 1, 0, 1, 0, 1, 0, 1, 0, 0, 1, 1, 1, 1, 1, 0, 1, 1, 1, 1, 1, 1, 1, 0, 0, 1, 1, 0, 1, 1, 0, 0, 1, 1, 1, 0, 1, 1, 1, 1, 1, 0, 0, 1, 1, 1, 0, 0, 1, 0, 1, 1, 1, 1, 1, 1, 0, 1, 0, 1, 1, 0, 1, 0, 1, 1, 0, 1, 0, 1, 1, 1, 1, 1, 1, 0, 1, 1, 0, 1, 1, 1, 0, 1, 1, 1, 1, 1, 1, 1, 1, 0, 1, 0, 1, 1, 0, 1, 1, 1, 1, 1, 0, 1, 0, 1, 1, 1, 0, 0, 1, 1, 1, 1, 1)"
100.007983,200,766.118356,2,"(12074, 26980, 33949, 38666, 37388, 18642, 23248, 48720, 20506, 11962, 39981, 30716, 12231, 19914, 32747, 16554, 14198, 13202, 33553, 16583, 19756, 3479, 11389, 18140, 45804, 47368, 4917, 4535, 30716, 17429, 43889, 22268, 14331, 47354, 34774, 31080, 22945, 13598, 34950, 37956, 36517, 15698, 46340, 9044, 39449, 4049, 27702, 44754, 47295, 33866, 43734, 14833, 29550, 20276, 14713, 37080, 36189, 11585, 18230, 3516, 49875, 18719, 40759, 18407, 28741, 34144, 49418, 46213, 22603, 46036, 42764, 3325, 23558, 22085, 43333, 29456, 32711, 13899, 38528, 43253, 213, 35197, 35664, 40049, 45422, 18349, 27191, 10678, 10848, 28825, 31970, 30107, 3101, 31990, 27500, 7795, 34117, 42138, 24948, 47426, 1546, 36268, 15956, 17674, 36524, 9948, 33943, 10415, 27726, 32339, 46148, 47592, 48071, 39072, 35576, 44956, 15151, 31243, 14562, 19136, 40438, 14526, 13667, 44889, 19748, 17887, 7465, 40357, 20734, 18693, 46385, 22244, 15341, 36193, 1654, 14204, 41426, 6934, 10737, 14806, 32184, 3188, 37263, 48049, 18262, 5358, 47598, 26704, 14055, 5642, 2624, 22819, 753, 12713, 30299, 48546, 38083, 18589, 21642, 47714, 26808, 5134, 27934, 40874, 25923, 19154, 25901, 39545, 38592, 36122, 45139, 43581, 29145, 12035, 41894, 36502, 31268, 10978, 46832, 5089, 49492, 19519, 27784, 15565, 48430, 3673, 2637, 41135, 12020, 5171, 45713, 39981, 49473, 39281, 11667, 45668, 19910, 9900, 3421, 21301)","(1, 0, 0, 0, 1, 0, 0, 1, 0, 1, 1, 0, 1, 1, 1, 1, 0, 1, 1, 1, 1, 1, 1, 1, 1, 1, 1, 1, 0, 1, 1, 0, 1, 1, 0, 0, 0, 1, 0, 1, 0, 0, 0, 1, 1, 1, 0, 0, 0, 0, 0, 1, 0, 1, 1, 1, 1, 1, 1, 1, 0, 1, 0, 1, 1, 0, 1, 1, 0, 0, 0, 1, 0, 1, 0, 1, 1, 1, 0, 0, 1, 0, 1, 0, 0, 1, 1, 1, 1, 1, 1, 0, 1, 0, 0, 1, 0, 0, 1, 0, 1, 1, 1, 0, 1, 0, 1, 1, 0, 0, 0, 0, 1, 0, 1, 0, 1, 1, 0, 1, 1, 1, 1, 0, 1, 1, 1, 1, 1, 0, 1, 0, 1, 1, 0, 1, 0, 1, 1, 1, 1, 1, 1, 1, 0, 1, 1, 1, 1, 1, 1, 0, 1, 1, 0, 0, 0, 1, 1, 0, 0, 1, 1, 0, 1, 1, 1, 1, 1, 1, 0, 0, 1, 1, 1, 0, 1, 1, 0, 1, 1, 1, 0, 1, 0, 1, 1, 0, 1, 1, 0, 0, 1, 0, 1, 1, 1, 1, 1, 1)"
104.154032,200,769.247869,2,"(46041, 27103, 33459, 28915, 45763, 22318, 14330, 34361, 11527, 40427, 33219, 3552, 25804, 14801, 27310, 35615, 14898, 49715, 20317, 1885, 16423, 24514, 37352, 40518, 9569, 43182, 7853, 25649, 17835, 12987, 35526, 32361, 29182, 28563, 19234, 12497, 6312, 45964, 34735, 38038, 5930, 2237, 17963, 45343, 15772, 20406, 39192, 37467, 22819, 16626, 21004, 20943, 35922, 15958, 32205, 36761, 16076, 17789, 47992, 41635, 22987, 42788, 10137, 26937, 10456, 29809, 8182, 25929, 15887, 25815, 12897, 11783, 37615, 44568, 46416, 45709, 27465, 43047, 45422, 21384, 23039, 12576, 26466, 27314, 45970, 12303, 47183, 5375, 21639, 33266, 49285, 18280, 5804, 49331, 32054, 30086, 17824, 46084, 11890, 40523, 15780, 10904, 46486, 949, 48792, 17324, 48267, 25238, 32723, 48892, 43540, 27274, 7487, 29393, 34521, 12332, 28637, 12877, 12580, 3546, 34455, 14548, 41557, 7332, 19222, 32032, 3588, 9567, 24533, 13156, 44622, 27935, 12394, 33821, 7843, 41114, 21586, 31470, 7042, 2989, 9152, 40416, 5149, 10406, 9369, 11200, 29094, 14515, 10962, 10817, 26135, 39998, 47810, 12249, 29185, 7709, 44404, 42685, 10907, 3412, 10328, 7687, 775, 45831, 48327, 21407, 23750, 39196, 14761, 48829, 30028, 28866, 46036, 19564, 980, 14594, 15808, 29207, 10018, 6898, 26774, 19122, 2314, 9967, 44368, 48797, 47813, 17240, 39611, 8580, 40135, 23615, 19928, 16593, 43007, 37616, 19209, 26257, 34775, 48977)","(0, 0, 1, 1, 0, 0, 1, 1, 1, 0, 1, 1, 0, 1, 1, 1, 1, 0, 1, 1, 0, 1, 1, 0, 1, 0, 1, 1, 1, 1, 1, 0, 1, 0, 1, 1, 1, 1, 0, 1, 1, 1, 1, 1, 1, 1, 1, 0, 0, 0, 0, 1, 1, 1, 1, 0, 0, 0, 1, 0, 0, 0, 1, 1, 0, 0, 1, 0, 1, 0, 1, 1, 1, 0, 1, 1, 0, 0, 0, 0, 0, 1, 1, 1, 1, 1, 1, 1, 1, 1, 0, 1, 1, 1, 1, 0, 0, 0, 1, 0, 1, 1, 1, 1, 1, 1, 0, 1, 0, 1, 0, 1, 1, 1, 0, 1, 1, 0, 1, 1, 0, 1, 0, 1, 1, 0, 1, 1, 1, 0, 0, 1, 1, 0, 1, 1, 1, 0, 1, 1, 1, 1, 1, 1, 1, 1, 1, 1, 1, 1, 1, 1, 1, 1, 1, 1, 0, 0, 1, 1, 1, 1, 1, 0, 0, 1, 1, 1, 1, 1, 0, 1, 0, 1, 1, 1, 1, 1, 1, 1, 1, 1, 1, 1, 0, 1, 0, 1, 0, 1, 0, 1, 1, 1, 0, 1, 1, 0, 0, 1)"
85.629937,200,773.054763,4,"(39067, 39498, 47181, 29326, 28249, 44787, 11983, 4907, 40782, 20843, 27126, 5323, 19383, 47357, 27268, 21958, 2421, 218, 20886, 17254, 39447, 43090, 29390, 35585, 8561, 20223, 7586, 29280, 34622, 33853, 12736, 8872, 35641, 3752, 45340, 6781, 43559, 3862, 18464, 20245, 20659, 21467, 5792, 40436, 19883, 762, 47881, 5599, 1943, 21117, 12591, 14563, 45237, 12955, 14055, 37247, 22525, 18876, 14892, 25792, 20458, 11053, 24039, 22095, 35799, 28595, 1646, 49871, 11564, 1685, 6932, 38618, 5329, 34583, 2714, 34064, 8443, 29114, 7352, 14085, 5777, 12342, 8373, 31262, 12590, 31840, 12919, 22261, 34913, 3384, 48701, 2297, 20465, 20664, 26686, 30817, 25224, 46536, 10565, 21352, 21811, 13626, 32989, 35336, 10758, 21653, 18486, 6653, 36996, 15049, 10595, 44431, 41953, 14198, 8046, 29395, 5238, 16023, 31344, 43725, 39677, 45615, 19560, 40883, 19453, 15606, 2166, 10798, 42438, 40450, 24279, 34721, 5605, 33976, 36841, 27847, 17031, 11325, 27242, 5166, 11003, 12113, 22724, 40057, 28659, 45282, 10739, 39040, 21332, 7474, 2615, 14561, 18331, 6950, 38365, 10654, 38098, 15175, 32820, 34156, 29132, 44739, 23694, 2532, 9906, 8536, 48579, 39212, 17530, 49471, 13502, 47836, 41193, 28938, 1972, 28061, 867, 43594, 34527, 33307, 47974, 32243, 39683, 40085, 43705, 18889, 32111, 18913, 7646, 49166, 7000, 8630, 16527, 8616, 38330, 40932, 41807, 45437, 2726, 44170)","(0, 0, 0, 1, 0, 0, 1, 1, 0, 1, 0, 1, 1, 0, 0, 1, 1, 1, 1, 1, 0, 1, 1, 1, 1, 1, 1, 1, 0, 1, 0, 1, 1, 1, 1, 0, 0, 1, 0, 0, 1, 1, 1, 0, 0, 1, 0, 1, 0, 1, 1, 0, 1, 1, 1, 0, 0, 1, 1, 0, 1, 1, 1, 0, 0, 1, 1, 0, 1, 1, 1, 1, 1, 0, 1, 0, 1, 0, 1, 1, 1, 1, 1, 1, 1, 0, 0, 0, 0, 1, 0, 1, 0, 1, 1, 0, 1, 1, 1, 1, 1, 1, 0, 0, 1, 1, 0, 1, 1, 1, 1, 0, 1, 0, 1, 1, 1, 1, 1, 0, 0, 0, 1, 1, 1, 1, 0, 1, 0, 0, 1, 0, 0, 0, 1, 0, 1, 1, 0, 1, 1, 1, 0, 0, 1, 0, 1, 1, 1, 1, 1, 0, 0, 1, 0, 1, 0, 1, 0, 0, 0, 0, 1, 1, 1, 1, 1, 1, 1, 1, 1, 0, 1, 1, 1, 1, 1, 0, 0, 0, 0, 1, 0, 0, 0, 1, 0, 1, 1, 0, 1, 1, 1, 1, 0, 1, 0, 0, 1, 0)"
85.350692,200,777.954015,3,"(17801, 24206, 19109, 10230, 40406, 40282, 29128, 4857, 23285, 7260, 6589, 29847, 40670, 10834, 9971, 33085, 24912, 37917, 26260, 5073, 22328, 24766, 9213, 41579, 14215, 49325, 39352, 16695, 10209, 15101, 16831, 38164, 16874, 37544, 32913, 1481, 19083, 31143, 8099, 29535, 6029, 35027, 48543, 42251, 30381, 37895, 20674, 11941, 16342, 12893, 24004, 15296, 13520, 31125, 30747, 44361, 37541, 47835, 41748, 48682, 14301, 24523, 13811, 44815, 1363, 31994, 3984, 29569, 4897, 25076, 33638, 4274, 6869, 11110, 17718, 9712, 7732, 18496, 19775, 17472, 11207, 9723, 34098, 24323, 10607, 16146, 16916, 49090, 42972, 49505, 30373, 9603, 38067, 42277, 49298, 38395, 8083, 3226, 9413, 6531, 34723, 10993, 24323, 37078, 9919, 23107, 8755, 8106, 8121, 16022, 48079, 624, 25291, 17620, 19758, 24671, 13717, 30674, 30233, 8563, 35060, 18076, 14830, 4277, 35250, 10241, 47616, 19053, 6933, 28319, 17244, 37463, 18083, 15088, 4668, 3651, 32884, 472, 4335, 35126, 3656, 12016, 32368, 18351, 8514, 21042, 27382, 6468, 43465, 28939, 20488, 24980, 31607, 44890, 21960, 12515, 42991, 34572, 38349, 44060, 34624, 10083, 32612, 22125, 48238, 18867, 9739, 48664, 3146, 1171, 39277, 10698, 43564, 9809, 6552, 2734, 37885, 34455, 12731, 36382, 47525, 31450, 24837, 22548, 23209, 13436, 1548, 36985, 31395, 22792, 1820, 4767, 7971, 33384, 31279, 37809, 46699, 33604, 12182, 45647)","(1, 0, 1, 1, 0, 0, 1, 1, 1, 1, 1, 0, 0, 1, 1, 1, 1, 0, 1, 1, 0, 1, 1, 0, 1, 0, 1, 1, 1, 1, 1, 0, 1, 1, 0, 1, 1, 0, 0, 1, 1, 0, 0, 0, 0, 0, 1, 1, 1, 1, 1, 1, 1, 0, 0, 0, 1, 0, 0, 0, 1, 1, 0, 0, 1, 0, 1, 1, 1, 1, 0, 1, 1, 1, 0, 1, 1, 1, 1, 0, 1, 1, 0, 1, 1, 1, 1, 1, 0, 0, 0, 1, 0, 0, 0, 0, 1, 1, 1, 1, 0, 1, 0, 1, 1, 0, 1, 1, 1, 1, 0, 1, 1, 0, 1, 1, 0, 0, 0, 1, 0, 1, 1, 1, 0, 1, 0, 1, 1, 0, 1, 0, 1, 1, 1, 1, 1, 1, 1, 1, 1, 1, 0, 0, 1, 1, 0, 1, 0, 1, 1, 1, 0, 0, 1, 1, 0, 1, 1, 0, 0, 1, 0, 1, 0, 1, 1, 1, 1, 1, 0, 1, 0, 1, 1, 1, 0, 0, 1, 0, 1, 0, 0, 0, 0, 1, 0, 0, 1, 0, 1, 1, 1, 1, 1, 0, 0, 0, 1, 0)"
49.520682,200,781.024568,7,"(17391, 36559, 44800, 20595, 9058, 34553, 4823, 671, 26501, 24927, 16507, 36118, 49592, 34107, 39402, 2438, 17576, 27685, 49336, 28010, 8120, 36618, 35748, 43106, 30718, 27548, 48570, 45123, 49092, 37614, 22828, 22432, 4923, 157, 36434, 43858, 24941, 31748, 508, 27154, 20685, 22228, 1495, 49746, 34813, 49187, 12337, 17486, 9850, 35669, 5602, 28409, 3747, 39945, 27109, 47704, 45111, 44288, 41634, 33895, 13738, 32641, 27960, 33126, 12521, 18910, 6890, 13383, 32413, 43560, 18610, 14188, 34487, 48883, 17542, 28406, 5887, 35000, 8729, 44319, 15611, 12916, 22613, 2659, 18133, 42110, 28872, 48547, 16669, 16296, 12369, 43976, 16760, 45297, 21094, 16267, 19329, 5649, 14977, 19145, 16289, 21150, 16167, 16228, 42329, 21101, 17701, 15516, 23973, 21005, 2733, 38244, 5827, 17175, 3076, 24217, 46269, 34981, 27124, 29677, 1343, 17379, 35093, 18138, 3955, 10402, 13312, 34964, 30625, 14980, 1196, 15250, 21000, 14879, 11244, 31075, 4065, 38256, 46231, 35424, 41997, 43084, 8304, 26152, 25299, 9507, 19962, 9921, 21536, 11213, 23918, 26281, 21551, 46447, 507, 44486, 34016, 1435, 49694, 28702, 21343, 47628, 27786, 8945, 9810, 11818, 19361, 11366, 48775, 934, 14183, 25124, 37344, 36769, 2770, 159, 10399, 48877, 30413, 32192, 8777, 21205, 29380, 43627, 39592, 25945, 39816, 22497, 27106, 19599, 34931, 2037, 18258, 30002, 36132, 21899, 4783, 45368, 12826, 49408)","(0, 0, 0, 1, 1, 0, 1, 1, 0, 1, 1, 0, 0, 0, 0, 0, 1, 1, 0, 1, 1, 0, 0, 0, 0, 0, 0, 0, 0, 0, 0, 0, 1, 1, 0, 0, 1, 0, 1, 1, 0, 0, 1, 0, 0, 0, 1, 1, 1, 0, 1, 0, 1, 0, 0, 0, 0, 0, 0, 0, 0, 0, 1, 0, 1, 0, 1, 1, 0, 0, 1, 1, 0, 1, 1, 0, 1, 0, 1, 0, 1, 1, 0, 1, 1, 0, 1, 0, 1, 1, 1, 0, 1, 0, 1, 1, 1, 1, 1, 1, 1, 1, 0, 1, 0, 0, 0, 1, 1, 0, 1, 0, 1, 1, 1, 1, 0, 0, 0, 1, 1, 1, 0, 1, 1, 0, 1, 0, 0, 1, 1, 1, 1, 0, 1, 1, 1, 0, 0, 0, 0, 1, 1, 1, 1, 1, 0, 0, 0, 1, 1, 0, 0, 0, 1, 0, 0, 1, 0, 0, 0, 0, 1, 0, 1, 1, 1, 1, 0, 1, 1, 1, 1, 0, 1, 1, 0, 0, 0, 0, 0, 0, 1, 0, 0, 1, 0, 0, 1, 1, 0, 1, 1, 0, 0, 1, 1, 0, 1, 0)"
55.41006,200,783.821599,3,"(7322, 27791, 26321, 4707, 19322, 16076, 37728, 29703, 2979, 9008, 5138, 47420, 19358, 39742, 30561, 13941, 37310, 28341, 29635, 21611, 48006, 11382, 28180, 40087, 29456, 24019, 31549, 28026, 44910, 6508, 3193, 23020, 16700, 44463, 47671, 37158, 25579, 20192, 42169, 34072, 41599, 11073, 30867, 35327, 12124, 29649, 20111, 49351, 1231, 17538, 37452, 42380, 2081, 5430, 5993, 37010, 24995, 48142, 6957, 21045, 46157, 12271, 37808, 8343, 6875, 8324, 28242, 9982, 29330, 23020, 18153, 45296, 43296, 45511, 31114, 10452, 22203, 34441, 43956, 35355, 33162, 27361, 19517, 22766, 20061, 31478, 4359, 46053, 48225, 41633, 21846, 7515, 11883, 12079, 36456, 46921, 29145, 34572, 37587, 29987, 45396, 37643, 37940, 3176, 30722, 25294, 6321, 4785, 38202, 1316, 40069, 41684, 2180, 5515, 27814, 34984, 23321, 35152, 42581, 135, 44626, 5965, 34211, 24620, 17159, 879, 11704, 13129, 48264, 42022, 12969, 13915, 24749, 33300, 44762, 21736, 37405, 16335, 33658, 47013, 4823, 2744, 12244, 30372, 7740, 29410, 4164, 28652, 27883, 23516, 34838, 38984, 7970, 45803, 16169, 1331, 22129, 48911, 28420, 25955, 42831, 446, 5786, 7775, 14459, 39582, 8947, 29540, 11835, 2651, 13505, 37042, 1386, 20348, 46375, 37470, 43929, 18323, 31260, 38881, 44276, 25019, 26978, 33418, 26730, 20966, 41501, 4982, 11187, 2972, 39444, 26651, 17077, 6698, 40071, 41336, 25667, 4783, 39447, 31493)","(1, 0, 1, 1, 1, 0, 0, 1, 0, 1, 1, 0, 1, 0, 0, 1, 1, 0, 1, 0, 1, 1, 0, 1, 1, 1, 0, 1, 0, 1, 1, 0, 1, 0, 0, 0, 0, 1, 0, 0, 0, 1, 0, 0, 1, 0, 1, 0, 1, 1, 1, 0, 1, 1, 1, 1, 1, 1, 1, 1, 0, 1, 1, 1, 1, 1, 0, 1, 1, 0, 1, 0, 0, 0, 1, 1, 0, 0, 0, 1, 0, 1, 1, 0, 1, 0, 1, 0, 0, 0, 1, 1, 1, 1, 1, 0, 1, 1, 1, 0, 0, 0, 0, 1, 0, 0, 1, 1, 0, 0, 0, 0, 1, 1, 0, 0, 1, 0, 0, 1, 0, 1, 0, 1, 1, 1, 1, 1, 0, 0, 1, 0, 0, 1, 0, 1, 1, 0, 0, 0, 1, 1, 1, 0, 1, 0, 1, 1, 1, 1, 0, 0, 1, 0, 1, 1, 0, 0, 0, 0, 0, 1, 1, 1, 1, 0, 1, 0, 1, 1, 0, 0, 1, 0, 1, 0, 0, 0, 0, 1, 0, 1, 1, 0, 1, 1, 1, 1, 1, 1, 0, 0, 1, 1, 0, 0, 1, 1, 0, 0)"
44.736318,200,786.85501,3,"(30437, 28727, 11566, 8797, 31449, 12196, 40030, 2481, 19215, 19887, 34187, 29550, 19639, 8809, 40662, 25711, 10703, 8941, 40913, 4028, 31652, 42101, 35242, 20251, 35113, 27555, 48941, 24725, 49287, 7059, 7872, 11464, 47436, 23468, 35374, 47163, 19237, 34704, 8054, 25408, 41, 43627, 2437, 4256, 45100, 17792, 46927, 41963, 5625, 23957, 33701, 18586, 22744, 46498, 5254, 41850, 28078, 1244, 20606, 12828, 21574, 5979, 890, 39380, 46496, 10312, 40952, 25919, 3549, 19436, 36286, 4916, 23259, 13087, 30039, 13376, 21459, 36135, 5998, 44351, 30199, 23944, 12971, 11447, 32271, 9210, 28004, 46630, 21833, 43761, 49568, 20418, 10349, 48491, 258, 2803, 1523, 12147, 4621, 26132, 27393, 10569, 46861, 67, 45944, 43834, 44841, 1665, 46152, 30218, 4231, 4436, 28850, 17227, 25373, 16395, 8465, 23443, 44312, 4138, 20497, 10570, 638, 2636, 19930, 22109, 27766, 5057, 37939, 40171, 127, 35880, 22957, 47394, 42738, 35580, 43050, 14745, 4412, 1298, 33221, 36537, 43345, 16062, 9786, 35023, 18577, 18956, 9637, 18753, 14590, 36991, 33086, 23800, 8774, 16622, 5917, 12834, 33063, 674, 44765, 43370, 35951, 1586, 9803, 1115, 665, 15246, 31396, 39006, 38495, 32180, 7169, 13098, 2925, 40556, 41070, 42766, 32167, 39101, 3168, 33604, 33980, 21464, 17847, 30827, 13457, 43918, 46534, 25332, 8509, 42595, 9163, 18505, 4861, 38449, 22595, 17537, 12922, 46092)","(0, 0, 1, 0, 1, 1, 1, 1, 1, 0, 0, 0, 0, 1, 0, 0, 1, 1, 0, 1, 0, 0, 0, 1, 0, 0, 0, 1, 0, 1, 1, 0, 0, 1, 0, 0, 0, 0, 1, 1, 1, 0, 1, 1, 0, 0, 1, 0, 1, 0, 0, 0, 0, 0, 1, 0, 0, 1, 1, 1, 1, 1, 1, 0, 0, 1, 0, 1, 1, 1, 1, 1, 0, 1, 0, 1, 1, 1, 1, 0, 0, 1, 1, 1, 0, 1, 1, 0, 0, 0, 0, 1, 1, 0, 1, 1, 1, 1, 1, 1, 0, 1, 0, 1, 0, 0, 0, 1, 0, 0, 1, 1, 1, 1, 0, 0, 1, 1, 0, 1, 0, 1, 1, 1, 0, 1, 1, 1, 0, 0, 1, 0, 0, 0, 0, 0, 0, 0, 0, 1, 0, 0, 0, 1, 1, 1, 0, 1, 1, 1, 1, 0, 0, 1, 1, 1, 1, 1, 0, 1, 0, 0, 0, 1, 1, 1, 1, 1, 0, 1, 0, 0, 1, 0, 1, 0, 0, 0, 1, 0, 0, 0, 1, 1, 0, 0, 1, 0, 0, 1, 1, 0, 1, 1, 1, 0, 0, 1, 1, 0)"
107.903225,200,790.196561,1,"(20812, 36650, 2921, 4570, 28594, 42032, 2809, 37590, 47070, 32694, 22861, 28380, 7261, 27739, 6290, 10405, 11458, 24653, 7372, 36773, 31123, 33205, 8353, 21703, 1533, 44605, 16418, 47113, 43475, 2998, 15889, 8565, 33080, 13895, 12121, 10174, 1968, 29077, 14700, 21517, 25166, 37488, 24843, 36134, 2868, 39728, 20179, 14552, 42860, 13182, 14038, 32462, 44311, 6743, 16155, 22410, 16786, 28317, 23914, 27069, 20558, 41829, 13832, 5517, 16071, 26250, 41071, 8920, 27482, 13352, 39137, 24080, 17687, 41050, 44155, 26259, 1381, 37173, 28081, 18357, 14898, 10424, 49407, 26194, 17800, 8768, 29461, 29772, 29979, 40135, 24495, 8130, 26362, 42963, 5650, 22286, 33531, 20673, 33183, 23987, 49415, 3335, 29592, 9311, 503, 43299, 14962, 45459, 10115, 2041, 36330, 44589, 4528, 37345, 35299, 25069, 49890, 41429, 2821, 5350, 31078, 49137, 19620, 30435, 47290, 32254, 47644, 682, 27980, 40052, 1021, 13026, 1990, 35155, 18111, 28943, 36539, 42940, 40365, 16796, 9987, 2958, 19337, 33314, 18693, 25115, 48428, 37297, 39131, 25903, 45409, 28377, 6314, 42484, 3944, 47544, 31470, 20526, 3137, 47206, 12912, 44638, 26921, 4821, 39197, 27333, 27344, 10112, 30019, 43176, 15630, 16287, 20641, 36075, 30714, 12578, 19133, 3734, 13445, 23665, 7022, 36806, 16485, 26733, 29158, 4984, 12080, 8154, 32027, 24323, 49703, 14596, 27679, 44141, 3672, 18128, 26829, 47442, 4956, 4009)","(1, 0, 1, 1, 0, 1, 1, 1, 1, 0, 0, 0, 1, 1, 1, 1, 1, 0, 1, 0, 1, 1, 1, 1, 1, 0, 0, 0, 0, 1, 1, 1, 1, 1, 1, 1, 1, 1, 1, 0, 0, 0, 1, 0, 1, 1, 1, 1, 1, 1, 1, 1, 0, 1, 1, 0, 0, 0, 1, 0, 1, 0, 1, 1, 1, 1, 0, 1, 0, 1, 1, 1, 0, 1, 1, 1, 1, 1, 0, 1, 1, 1, 0, 1, 1, 1, 0, 0, 0, 0, 1, 1, 0, 0, 1, 0, 0, 1, 1, 1, 1, 1, 0, 1, 1, 0, 1, 1, 0, 1, 1, 0, 1, 1, 0, 1, 0, 1, 0, 1, 0, 0, 1, 0, 1, 1, 1, 1, 1, 0, 1, 1, 1, 0, 1, 1, 1, 0, 0, 1, 1, 1, 0, 0, 0, 1, 0, 1, 0, 1, 0, 0, 1, 0, 1, 1, 0, 1, 1, 0, 1, 0, 0, 1, 1, 1, 0, 0, 0, 0, 1, 1, 1, 1, 0, 1, 1, 1, 1, 0, 1, 0, 1, 0, 1, 1, 1, 1, 1, 1, 0, 1, 0, 0, 1, 1, 0, 1, 0, 1)"
134.741803,200,792.599601,2,"(9873, 2151, 14354, 40060, 49519, 21839, 36673, 21334, 34791, 14086, 39119, 28461, 23629, 10720, 11292, 26081, 32327, 5297, 27323, 9647, 9403, 5036, 10084, 8245, 4876, 5876, 5237, 30622, 1974, 47278, 18706, 48119, 43301, 39462, 7580, 24749, 47708, 6279, 26691, 44214, 28272, 31404, 34295, 15974, 3437, 3498, 44367, 8756, 43760, 40098, 26898, 34728, 7849, 41492, 15480, 46262, 30570, 11206, 22068, 46796, 43855, 31134, 3705, 40151, 462, 34386, 18286, 33078, 7269, 45479, 7511, 34409, 46775, 8324, 25599, 7480, 34218, 4226, 35169, 39982, 40525, 30766, 33379, 4028, 38757, 34599, 41840, 16335, 46479, 3173, 7044, 17061, 12356, 23975, 33018, 47276, 41583, 14420, 8503, 20177, 6628, 47351, 38670, 43882, 22015, 31697, 15441, 7458, 33437, 8293, 24804, 14739, 32907, 23590, 12049, 5902, 6014, 49508, 37703, 42900, 6739, 48944, 2732, 41368, 16773, 8267, 32393, 18928, 25325, 363, 25153, 49097, 28311, 19060, 48700, 42088, 15102, 9911, 11958, 6855, 10051, 11647, 41263, 8575, 16462, 9651, 27887, 27230, 21450, 47998, 18123, 31296, 35708, 5614, 1024, 24884, 28739, 45082, 2156, 5409, 28384, 49960, 16002, 2594, 18765, 35769, 16524, 46456, 24777, 6958, 9524, 15256, 13280, 14751, 35544, 30820, 2737, 39013, 23441, 42608, 37653, 3160, 30786, 7260, 9375, 46197, 14397, 40497, 22827, 30848, 44360, 21097, 6600, 49535, 38086, 1947, 15378, 43032, 48456, 22558)","(1, 1, 1, 0, 1, 1, 1, 1, 0, 1, 1, 1, 1, 1, 0, 1, 0, 1, 1, 1, 1, 1, 1, 1, 1, 1, 1, 0, 1, 1, 1, 1, 0, 0, 1, 0, 1, 1, 0, 0, 0, 1, 1, 1, 1, 1, 0, 1, 0, 1, 0, 0, 1, 1, 1, 0, 0, 1, 1, 0, 0, 1, 1, 0, 1, 1, 1, 1, 1, 1, 1, 1, 0, 1, 1, 1, 0, 1, 1, 1, 0, 0, 1, 1, 1, 0, 0, 1, 1, 1, 1, 1, 1, 1, 1, 1, 1, 1, 1, 1, 1, 1, 1, 0, 1, 0, 1, 0, 1, 1, 1, 1, 0, 1, 1, 1, 1, 1, 1, 0, 1, 1, 1, 1, 1, 1, 1, 1, 1, 1, 1, 0, 0, 0, 1, 0, 1, 1, 1, 1, 1, 1, 1, 1, 1, 1, 1, 1, 0, 1, 1, 1, 0, 1, 1, 1, 1, 0, 1, 1, 0, 0, 1, 0, 1, 1, 1, 1, 1, 1, 1, 1, 1, 1, 1, 0, 1, 1, 1, 1, 1, 0, 0, 1, 1, 0, 1, 0, 0, 0, 0, 1, 1, 1, 0, 1, 1, 1, 0, 0)"
80.599715,200,802.288767,6,"(7127, 24325, 23138, 23287, 27892, 49652, 28190, 32228, 47006, 36145, 21646, 36682, 48139, 31480, 12751, 11002, 21726, 14672, 41502, 30139, 46676, 9883, 201, 30420, 47285, 36802, 14339, 16028, 44965, 23025, 22993, 28104, 49599, 38921, 49199, 43431, 5491, 5530, 37427, 35197, 49080, 2303, 49507, 12753, 7436, 6923, 6228, 9732, 4217, 36733, 22183, 44595, 5544, 26029, 30626, 14154, 45345, 10427, 9170, 28225, 7839, 45817, 36976, 43934, 44197, 43529, 36975, 36724, 15833, 26112, 28162, 38965, 11449, 47646, 24020, 43660, 21459, 19364, 10207, 2180, 45927, 35931, 21322, 38880, 19075, 24614, 37562, 21362, 46371, 11180, 49919, 34147, 23770, 4829, 20275, 3048, 39810, 12661, 49539, 39830, 33821, 26887, 40898, 46082, 2366, 1924, 41671, 41106, 20623, 14557, 336, 12892, 23218, 38857, 17405, 43255, 9822, 45472, 15109, 10699, 26923, 34694, 33483, 43808, 39652, 3719, 37786, 7386, 42451, 467, 4668, 35079, 36500, 22608, 42641, 41509, 40658, 12103, 18882, 23910, 41163, 49625, 36045, 31794, 6212, 43310, 14945, 6401, 5580, 38982, 4766, 10421, 14518, 3374, 43271, 49285, 24830, 6049, 24897, 21200, 34452, 22690, 11537, 10983, 19168, 25814, 42926, 17923, 10073, 1602, 32773, 4135, 31446, 3034, 23179, 34818, 31781, 26877, 631, 42162, 18208, 32893, 4014, 1742, 16797, 20454, 36804, 24961, 20417, 9073, 9625, 33636, 25620, 6251, 12805, 38534, 1792, 15870, 2903, 18809)","(1, 1, 0, 1, 1, 0, 0, 1, 0, 1, 0, 0, 0, 1, 1, 1, 1, 1, 0, 0, 1, 1, 1, 0, 1, 1, 1, 1, 0, 0, 0, 1, 0, 0, 0, 0, 1, 1, 1, 0, 0, 1, 1, 1, 1, 1, 1, 1, 1, 0, 0, 0, 1, 0, 0, 1, 0, 1, 1, 0, 0, 0, 0, 0, 0, 0, 1, 0, 0, 1, 1, 1, 1, 0, 1, 0, 1, 1, 1, 1, 0, 0, 1, 0, 1, 1, 1, 1, 1, 1, 0, 1, 1, 1, 1, 1, 1, 1, 1, 0, 0, 0, 0, 0, 1, 1, 1, 0, 1, 1, 1, 1, 0, 0, 0, 0, 1, 0, 1, 1, 0, 0, 0, 0, 1, 1, 1, 1, 0, 1, 1, 0, 1, 0, 1, 1, 0, 1, 1, 1, 0, 0, 1, 0, 0, 0, 1, 1, 1, 1, 1, 1, 1, 1, 0, 0, 1, 1, 0, 1, 1, 0, 1, 1, 1, 0, 0, 1, 1, 1, 1, 1, 0, 1, 0, 0, 1, 1, 1, 0, 1, 0, 0, 1, 0, 1, 1, 1, 1, 1, 1, 0, 1, 1, 1, 0, 1, 1, 1, 1)"
120.540032,200,804.676977,5,"(37464, 12101, 17046, 36940, 44172, 12468, 38160, 19499, 12691, 34337, 17127, 23856, 4745, 33061, 18854, 8919, 16325, 14135, 32146, 22772, 36834, 26835, 14118, 42538, 27116, 12499, 4398, 49344, 46642, 7885, 19392, 1772, 40912, 45418, 22680, 2600, 27449, 33097, 22239, 10712, 7050, 33295, 14638, 31586, 6677, 2833, 11389, 12441, 2419, 8241, 19275, 23274, 5210, 45809, 23256, 47948, 8400, 23579, 14672, 13732, 190, 45744, 16111, 14569, 20058, 11193, 47628, 34464, 11833, 35443, 44595, 44340, 27784, 1485, 42714, 48260, 48615, 30789, 3923, 25527, 16806, 27318, 7407, 17136, 19080, 5587, 29004, 5356, 17806, 37056, 19000, 1859, 23346, 7613, 15314, 16202, 19917, 43521, 48293, 26557, 275, 446, 13081, 37835, 32417, 17953, 49406, 40898, 34615, 914, 112, 16348, 31394, 5500, 7056, 21578, 18682, 18758, 44879, 45102, 46930, 33540, 10455, 42493, 9628, 13733, 11048, 49052, 34870, 19377, 3587, 46827, 5281, 41088, 39196, 15755, 2827, 49892, 15242, 32392, 16191, 31132, 14316, 5897, 16268, 40702, 37633, 38136, 19064, 27897, 36248, 41556, 8762, 1277, 21082, 33043, 43735, 7589, 37521, 42187, 7574, 48794, 4533, 10043, 13695, 11453, 21811, 19090, 39859, 11420, 35835, 5804, 42978, 13208, 48043, 34503, 15744, 32538, 22330, 19041, 24466, 5889, 35209, 15685, 8718, 31158, 29252, 39257, 10912, 34081, 27297, 41785, 16157, 2472, 42527, 34274, 6855, 2457, 37529, 17008)","(1, 1, 1, 1, 0, 1, 1, 1, 1, 1, 0, 1, 1, 1, 1, 1, 1, 1, 0, 0, 0, 1, 0, 0, 0, 1, 1, 1, 0, 1, 1, 1, 0, 1, 0, 1, 0, 0, 0, 1, 1, 1, 1, 0, 1, 1, 1, 1, 0, 1, 1, 0, 1, 1, 0, 0, 1, 1, 1, 0, 0, 1, 1, 0, 1, 1, 0, 0, 1, 1, 0, 0, 0, 1, 0, 1, 1, 0, 1, 0, 1, 1, 1, 0, 1, 1, 1, 1, 1, 1, 1, 1, 0, 0, 1, 1, 1, 0, 0, 1, 1, 1, 1, 0, 1, 1, 1, 1, 0, 1, 1, 1, 1, 1, 1, 1, 1, 1, 0, 0, 1, 0, 1, 0, 1, 0, 1, 0, 0, 0, 1, 1, 1, 1, 1, 1, 1, 0, 1, 0, 1, 0, 1, 1, 1, 0, 0, 0, 1, 1, 0, 1, 1, 1, 1, 0, 0, 1, 1, 0, 1, 1, 1, 1, 0, 1, 1, 1, 0, 1, 0, 1, 0, 1, 1, 0, 1, 0, 0, 1, 1, 1, 0, 1, 0, 1, 1, 1, 1, 0, 1, 0, 1, 1, 1, 0, 1, 0, 1, 1)"
113.989625,200,807.066219,2,"(18603, 47585, 4613, 2799, 17296, 23196, 13308, 40620, 38952, 22246, 24020, 22093, 23360, 6344, 29786, 35693, 46769, 23921, 35627, 21903, 43499, 47769, 2107, 38094, 7345, 11888, 30890, 35396, 2453, 2629, 14045, 3268, 20925, 19526, 31236, 15254, 30255, 17843, 40281, 12342, 31504, 38459, 30172, 4298, 24235, 25298, 23966, 13326, 32768, 9577, 8866, 41022, 48925, 6956, 3220, 4401, 22609, 46117, 606, 10011, 2957, 12873, 34978, 39423, 9535, 8821, 24411, 4135, 24993, 14421, 24064, 25638, 31023, 49310, 41487, 22393, 28511, 7467, 15580, 14080, 17313, 27332, 7690, 48380, 48372, 29241, 41314, 15709, 27789, 31387, 48099, 8961, 32812, 38591, 37005, 42844, 18378, 49530, 9357, 14588, 13591, 32934, 35586, 42521, 7167, 21221, 35831, 28860, 48763, 34333, 32768, 18543, 21895, 33595, 23734, 29548, 31886, 23562, 23535, 22907, 3039, 48490, 37817, 45953, 166, 41473, 36580, 25264, 10037, 43, 81, 41394, 38603, 4697, 8407, 20170, 27679, 17135, 8148, 45885, 33219, 5190, 33401, 29521, 15600, 30789, 29631, 40122, 39039, 43248, 4643, 47340, 23712, 42602, 29863, 20738, 35458, 38572, 40938, 41096, 16138, 26134, 28136, 2665, 37153, 10116, 19132, 35131, 41856, 44830, 33250, 41904, 35465, 10359, 35334, 34171, 21757, 2617, 13945, 34037, 1701, 37270, 33589, 26820, 12608, 9557, 20882, 42652, 21117, 39700, 28310, 2940, 17131, 44754, 26184, 3898, 12396, 7979, 24326, 28925)","(1, 0, 1, 1, 0, 0, 1, 0, 1, 1, 1, 1, 0, 0, 1, 1, 1, 1, 1, 1, 0, 1, 1, 0, 1, 1, 0, 1, 1, 1, 1, 1, 1, 1, 1, 1, 0, 1, 0, 1, 1, 0, 0, 1, 1, 1, 1, 1, 1, 1, 1, 0, 1, 1, 1, 0, 0, 0, 1, 1, 1, 1, 1, 1, 1, 1, 1, 1, 1, 1, 1, 1, 1, 1, 1, 0, 1, 1, 0, 1, 1, 1, 1, 0, 1, 1, 1, 1, 1, 0, 0, 1, 1, 1, 1, 0, 1, 1, 1, 1, 1, 1, 0, 1, 1, 1, 1, 1, 1, 1, 0, 1, 1, 0, 1, 0, 1, 1, 1, 0, 1, 0, 0, 0, 1, 1, 1, 1, 1, 1, 1, 1, 1, 1, 1, 0, 0, 0, 1, 0, 1, 1, 0, 1, 1, 0, 0, 0, 0, 0, 1, 0, 1, 1, 0, 1, 1, 1, 1, 1, 1, 1, 0, 1, 1, 1, 1, 0, 0, 0, 0, 1, 1, 1, 1, 1, 1, 1, 1, 0, 0, 1, 1, 0, 1, 1, 1, 0, 1, 1, 0, 1, 1, 0, 1, 1, 1, 0, 1, 0)"
70.532221,200,809.438083,0,"(40089, 3801, 25703, 21833, 28475, 15662, 3714, 42727, 41337, 40454, 16643, 42874, 18251, 14850, 28076, 18329, 22256, 7398, 8780, 28337, 3403, 41663, 19442, 8179, 34543, 4164, 16144, 15912, 6554, 47977, 14133, 27754, 8903, 16119, 12295, 6700, 38187, 10919, 35526, 14319, 39704, 39854, 4943, 13476, 21095, 27148, 40492, 41487, 16435, 22224, 41224, 40765, 9164, 27123, 9411, 2183, 40265, 31754, 17667, 15871, 14318, 7210, 41289, 21881, 23676, 33335, 46956, 39267, 4525, 46339, 30185, 46603, 35215, 2458, 233, 2580, 825, 31246, 33087, 36942, 17044, 20859, 745, 16040, 26675, 30427, 30696, 12912, 4274, 18058, 5724, 26001, 37589, 46730, 48245, 12201, 37117, 33188, 35199, 4391, 37272, 30602, 37825, 13736, 18407, 45940, 4994, 727, 38520, 39216, 14216, 14190, 25732, 20997, 20409, 33265, 6534, 12248, 27657, 1714, 27530, 25331, 35546, 25115, 8627, 24963, 16216, 37908, 13834, 9083, 72, 17636, 32607, 39961, 695, 1868, 26878, 39811, 17468, 3327, 37998, 7070, 14872, 40556, 15773, 26959, 12752, 41416, 44306, 49035, 767, 6097, 7493, 8906, 42230, 7846, 22658, 46439, 13671, 28677, 7385, 18015, 32690, 11001, 33538, 15224, 6755, 25091, 24558, 13492, 10955, 5568, 17239, 38132, 47827, 44701, 33536, 34659, 39680, 22672, 25941, 14153, 775, 35321, 44376, 49551, 48754, 21450, 38429, 45333, 32477, 32397, 42013, 16912, 21152, 11630, 33459, 49048, 35194, 49736)","(1, 1, 0, 0, 1, 0, 1, 1, 0, 0, 0, 0, 1, 0, 0, 1, 0, 1, 1, 0, 1, 0, 1, 1, 0, 1, 1, 1, 1, 0, 1, 1, 1, 1, 1, 1, 0, 1, 0, 1, 0, 0, 1, 1, 1, 1, 0, 1, 1, 0, 0, 0, 1, 1, 1, 1, 1, 1, 0, 1, 1, 1, 0, 1, 0, 0, 0, 1, 1, 0, 0, 1, 0, 0, 1, 1, 1, 1, 1, 0, 1, 1, 1, 1, 0, 0, 0, 1, 1, 1, 1, 1, 0, 0, 0, 1, 1, 0, 0, 1, 0, 0, 0, 0, 1, 0, 1, 1, 0, 0, 1, 1, 0, 0, 1, 0, 1, 1, 0, 1, 0, 0, 0, 1, 1, 0, 1, 0, 1, 1, 1, 1, 0, 0, 1, 1, 1, 1, 1, 1, 0, 0, 0, 0, 1, 0, 0, 1, 0, 0, 1, 1, 1, 1, 0, 0, 0, 1, 1, 1, 1, 1, 1, 1, 0, 1, 0, 0, 1, 1, 1, 1, 0, 0, 0, 0, 0, 0, 1, 0, 1, 1, 1, 0, 0, 1, 1, 0, 0, 0, 1, 1, 0, 0, 1, 1, 1, 0, 0, 0)"
52.75226,200,811.803886,8,"(5606, 3495, 20710, 30659, 12414, 17173, 37199, 10519, 13761, 34131, 45737, 1288, 11843, 4620, 20801, 7782, 40488, 45419, 11047, 5215, 8695, 32338, 17772, 8577, 48341, 32069, 28179, 28177, 19462, 18810, 20321, 43515, 38202, 683, 13469, 5996, 24478, 35031, 30035, 47108, 49184, 32689, 39777, 7790, 37393, 21436, 17747, 35943, 12521, 10439, 15680, 18322, 37965, 45401, 13825, 29486, 13235, 32701, 12566, 12290, 6674, 8851, 7502, 2504, 23670, 2558, 34337, 11223, 41772, 34105, 4460, 38546, 13376, 22989, 35039, 46054, 23699, 4471, 33586, 44998, 21595, 12664, 1565, 19190, 38045, 14661, 3567, 44689, 7752, 28670, 5114, 16586, 29967, 10203, 31948, 12815, 29992, 11532, 31561, 19960, 31965, 46327, 25333, 13230, 3177, 17567, 40004, 16773, 47656, 13802, 27694, 34985, 46863, 18602, 3296, 36599, 33383, 47536, 12331, 14981, 11587, 34248, 26870, 13971, 32078, 42403, 41678, 9143, 12794, 10780, 41262, 26125, 38022, 15896, 11516, 14400, 26280, 33383, 8668, 5060, 12986, 16237, 39508, 7027, 20115, 34922, 30764, 35055, 17023, 5796, 8061, 14768, 35259, 7912, 15358, 48234, 19693, 39318, 35997, 4318, 107, 36526, 78, 38051, 25179, 22171, 31177, 22609, 3502, 930, 44128, 34219, 696, 21542, 11496, 48227, 20732, 15202, 41945, 42724, 27565, 25175, 13079, 45448, 19535, 20167, 25109, 43926, 7488, 35371, 21045, 8320, 12948, 15370, 8832, 35453, 47764, 22966, 24618, 3784)","(1, 1, 1, 0, 1, 0, 0, 1, 0, 0, 0, 1, 1, 1, 1, 1, 0, 0, 0, 0, 1, 0, 0, 1, 0, 0, 0, 0, 1, 1, 0, 0, 0, 1, 1, 1, 1, 0, 0, 0, 0, 0, 0, 1, 0, 1, 0, 0, 1, 1, 1, 0, 0, 0, 1, 0, 1, 0, 1, 1, 1, 1, 1, 0, 1, 1, 0, 1, 0, 0, 1, 0, 1, 0, 0, 0, 0, 1, 0, 0, 1, 1, 1, 1, 0, 1, 1, 0, 1, 1, 1, 1, 0, 1, 0, 1, 0, 1, 0, 1, 1, 0, 1, 1, 1, 0, 0, 1, 0, 0, 0, 0, 0, 0, 1, 0, 0, 0, 1, 1, 0, 0, 0, 1, 0, 0, 0, 1, 1, 1, 0, 1, 0, 1, 1, 1, 0, 0, 1, 1, 1, 1, 0, 1, 1, 0, 0, 0, 1, 1, 1, 1, 0, 0, 1, 0, 1, 0, 0, 1, 1, 0, 1, 0, 1, 0, 0, 0, 1, 1, 0, 0, 1, 0, 1, 0, 1, 1, 0, 0, 0, 0, 0, 0, 1, 1, 0, 0, 1, 0, 1, 1, 1, 1, 1, 0, 0, 0, 1, 1)"
65.949601,200,814.199565,3,"(37132, 7626, 6342, 43590, 10998, 21441, 23077, 8109, 22745, 33269, 35349, 40119, 29502, 23715, 1394, 29499, 26226, 19659, 25802, 41424, 47976, 27451, 15040, 43760, 13906, 24374, 29350, 40931, 26530, 11527, 27450, 29322, 25252, 1560, 2300, 40895, 3855, 8659, 24150, 2329, 5861, 11482, 39140, 15651, 17484, 13049, 22118, 31003, 34304, 2439, 11543, 32871, 4452, 31910, 41085, 33446, 6913, 17734, 22626, 13504, 49524, 1353, 40162, 3582, 37047, 5683, 46691, 15686, 14908, 22709, 16064, 28246, 47101, 14489, 48650, 29052, 23521, 38300, 25105, 25850, 14856, 26997, 1520, 46388, 13179, 4139, 1751, 4736, 11328, 21467, 44318, 39276, 46973, 28983, 48957, 44458, 4858, 5385, 9117, 41936, 31067, 33810, 8815, 48329, 36941, 32040, 43955, 20604, 8607, 12222, 49413, 35666, 7906, 48479, 28386, 25860, 14509, 13395, 1664, 12384, 32615, 6483, 34205, 43601, 36552, 8953, 37923, 31209, 28283, 36058, 29795, 2465, 31712, 38695, 1765, 30311, 26866, 44155, 9626, 26689, 26009, 7410, 17333, 36691, 24235, 44648, 8305, 36790, 22035, 483, 40985, 32577, 21859, 33648, 49554, 31483, 29975, 20895, 6076, 21973, 11149, 20017, 41745, 37778, 19311, 13943, 19921, 3973, 24468, 3907, 15593, 29010, 33363, 49520, 48097, 31100, 25473, 16156, 47690, 23291, 19632, 25169, 37294, 11679, 199, 4607, 15680, 18363, 22128, 49292, 1626, 188, 38141, 17727, 21234, 26180, 14103, 30276, 33148, 38153)","(1, 1, 0, 0, 1, 1, 0, 1, 0, 0, 0, 0, 0, 1, 1, 0, 1, 1, 0, 1, 1, 0, 0, 0, 1, 0, 1, 0, 0, 1, 0, 0, 1, 1, 1, 0, 1, 0, 0, 1, 1, 1, 0, 1, 1, 1, 1, 0, 1, 0, 1, 1, 1, 0, 0, 0, 1, 0, 0, 1, 0, 1, 0, 0, 0, 0, 0, 1, 0, 0, 1, 0, 0, 1, 1, 0, 1, 0, 1, 0, 1, 1, 1, 0, 1, 1, 1, 0, 1, 1, 0, 1, 0, 0, 1, 0, 1, 1, 1, 1, 0, 1, 1, 0, 1, 1, 0, 1, 1, 1, 0, 1, 1, 0, 0, 1, 0, 1, 1, 1, 1, 1, 0, 0, 0, 1, 0, 0, 0, 1, 1, 1, 0, 0, 1, 0, 0, 0, 0, 1, 1, 0, 1, 0, 1, 0, 1, 0, 1, 1, 0, 0, 1, 0, 1, 1, 0, 1, 1, 1, 1, 1, 0, 0, 1, 1, 1, 1, 0, 1, 1, 1, 0, 0, 1, 0, 1, 1, 0, 1, 1, 0, 1, 1, 1, 1, 1, 0, 1, 0, 1, 1, 0, 1, 0, 1, 1, 0, 1, 0)"
19.876842,200,816.607367,8,"(24074, 9900, 14677, 4965, 20585, 43203, 40477, 47996, 9179, 27564, 35124, 47249, 12887, 29661, 47611, 23287, 35819, 18185, 11147, 13664, 31609, 22760, 10743, 30584, 30667, 35035, 29882, 17396, 3206, 48719, 47248, 13968, 43187, 26645, 25685, 33041, 5047, 30046, 8191, 17579, 28326, 24282, 10498, 49947, 39623, 42306, 42287, 49933, 27143, 31210, 18352, 11235, 38023, 27450, 27567, 30243, 20718, 39096, 39636, 38268, 17464, 35969, 8252, 45247, 34500, 44708, 23816, 584, 31204, 36494, 28497, 31639, 43818, 4686, 22863, 16500, 16105, 40312, 41563, 11202, 9294, 38084, 3186, 15091, 45410, 4997, 22917, 32922, 40215, 33144, 10702, 36503, 33789, 32576, 34960, 20849, 17979, 28874, 40603, 27579, 648, 2907, 12917, 5733, 38344, 15507, 45020, 28800, 9657, 41539, 49533, 9313, 8301, 125, 25402, 17375, 12112, 46023, 34303, 22117, 42393, 42717, 24338, 20992, 39092, 18919, 34490, 8099, 22737, 20816, 37099, 1669, 212, 18803, 41160, 24504, 12189, 49492, 36795, 7370, 21683, 1184, 19995, 4612, 17244, 23010, 46838, 13824, 36554, 13847, 43027, 11809, 23467, 40241, 949, 3477, 14463, 255, 40597, 5375, 3016, 26328, 30595, 20598, 40978, 43031, 14006, 6978, 3910, 8088, 41777, 24486, 29054, 36175, 19295, 28526, 37777, 13662, 21415, 45898, 22967, 24567, 23101, 48401, 30756, 24341, 14582, 5711, 8327, 35752, 24468, 39973, 16808, 43412, 15608, 42380, 35734, 26849, 14350, 44015)","(1, 1, 0, 1, 0, 0, 0, 0, 1, 0, 0, 0, 0, 0, 0, 1, 0, 0, 1, 1, 0, 0, 1, 0, 0, 0, 0, 0, 1, 0, 0, 1, 0, 0, 1, 0, 1, 0, 1, 0, 0, 1, 1, 0, 0, 0, 0, 0, 0, 0, 0, 1, 0, 0, 0, 0, 1, 0, 0, 0, 0, 0, 1, 0, 0, 0, 1, 1, 0, 0, 0, 0, 0, 1, 0, 1, 1, 0, 0, 1, 0, 0, 1, 1, 0, 1, 0, 0, 0, 0, 1, 0, 0, 0, 0, 1, 0, 1, 0, 0, 0, 1, 1, 0, 0, 1, 0, 1, 1, 0, 0, 1, 1, 0, 0, 0, 1, 0, 0, 1, 0, 0, 0, 1, 0, 1, 0, 0, 0, 0, 0, 1, 1, 1, 0, 1, 1, 0, 0, 1, 1, 1, 1, 1, 0, 0, 0, 1, 0, 1, 0, 1, 0, 0, 1, 1, 1, 1, 0, 1, 1, 0, 0, 1, 0, 0, 1, 1, 1, 1, 0, 1, 1, 0, 1, 0, 0, 1, 1, 0, 0, 1, 0, 0, 0, 0, 0, 1, 1, 0, 0, 0, 1, 0, 1, 0, 0, 0, 1, 0)"
58.813016,200,819.342411,8,"(18734, 38062, 37764, 29640, 122, 28454, 46307, 29699, 42445, 18125, 9619, 37048, 36152, 33663, 36788, 2594, 11040, 11906, 13795, 13047, 28356, 6112, 30794, 921, 1258, 14175, 1642, 34905, 14757, 26721, 47089, 15139, 10957, 29881, 22368, 22824, 21981, 35708, 28823, 6493, 40362, 28610, 13799, 34366, 7815, 26757, 2047, 3601, 7345, 25053, 15700, 7091, 32737, 27773, 47081, 37767, 6321, 17090, 9552, 21160, 30644, 39747, 27554, 14030, 12277, 20139, 15802, 6618, 6507, 5321, 31507, 42512, 14361, 975, 13926, 15729, 43409, 2786, 17842, 13415, 18161, 11884, 26557, 6494, 45947, 32876, 47334, 16056, 43290, 13939, 49862, 43330, 34359, 7293, 26279, 2562, 43925, 26437, 47273, 1105, 3128, 125, 49205, 45177, 48158, 13405, 11995, 38350, 27420, 4068, 31646, 42439, 7118, 17829, 12603, 8769, 10929, 41019, 14127, 18923, 23849, 43922, 30417, 39703, 47281, 27989, 36299, 40713, 48666, 23933, 6245, 13904, 2162, 8091, 42958, 3355, 37587, 4890, 48999, 47648, 40318, 29385, 30861, 6605, 43806, 44037, 34178, 11967, 2140, 20845, 6968, 42241, 3159, 23877, 44647, 24404, 26564, 2899, 28543, 7877, 18364, 32296, 48237, 48026, 13121, 41146, 7407, 41800, 4655, 39939, 27297, 4026, 48796, 35041, 35652, 20888, 17027, 22378, 14025, 685, 8996, 11524, 4240, 27742, 6121, 28936, 14902, 20781, 36843, 14979, 4943, 29460, 20175, 2023, 10084, 11662, 15028, 48194, 30398, 2584)","(0, 0, 0, 0, 1, 0, 0, 0, 0, 0, 1, 0, 0, 0, 0, 0, 1, 1, 0, 1, 0, 1, 0, 1, 1, 1, 1, 0, 1, 0, 0, 1, 1, 0, 0, 0, 1, 0, 1, 1, 0, 1, 0, 0, 1, 0, 1, 1, 1, 1, 0, 1, 0, 0, 0, 0, 1, 1, 1, 1, 0, 0, 0, 1, 1, 0, 1, 1, 1, 1, 0, 0, 1, 1, 1, 1, 0, 1, 0, 1, 0, 1, 1, 1, 0, 0, 0, 1, 0, 1, 0, 0, 0, 1, 0, 1, 0, 1, 0, 0, 1, 0, 0, 0, 0, 1, 1, 0, 1, 1, 0, 0, 1, 0, 1, 1, 1, 0, 1, 1, 1, 0, 0, 0, 0, 1, 0, 0, 0, 1, 1, 1, 1, 1, 0, 1, 0, 1, 0, 0, 0, 0, 0, 0, 0, 0, 0, 1, 0, 1, 1, 0, 0, 1, 0, 0, 1, 1, 0, 1, 0, 0, 0, 0, 1, 0, 1, 0, 1, 0, 1, 1, 0, 0, 0, 1, 1, 0, 1, 1, 1, 1, 1, 0, 1, 1, 1, 1, 0, 1, 1, 0, 0, 1, 1, 1, 1, 0, 0, 1)"
77.438585,200,822.195906,4,"(43349, 9296, 5310, 8550, 40288, 43968, 8638, 20602, 7206, 34104, 29824, 20406, 10417, 7408, 34045, 5405, 4150, 49819, 20122, 19952, 19761, 48618, 24421, 9542, 32368, 11554, 6624, 44538, 14806, 20276, 41732, 13700, 23624, 26032, 43376, 18424, 4132, 12485, 9433, 14034, 22035, 12893, 7849, 34749, 49532, 29526, 40832, 28323, 17146, 39624, 44108, 4450, 33913, 45061, 14349, 48731, 28452, 26977, 2949, 32114, 21887, 14435, 21605, 19036, 25593, 3855, 886, 25639, 20180, 30535, 41917, 21763, 13779, 22174, 5350, 26427, 28956, 44681, 3403, 45780, 2685, 46418, 16816, 17840, 7830, 48622, 8294, 46235, 18821, 10595, 43025, 30882, 8988, 10889, 9055, 30660, 39903, 4018, 12430, 7355, 22417, 17205, 5268, 44014, 10198, 40753, 17726, 37491, 49890, 16309, 12005, 22964, 16775, 5191, 5130, 21411, 8415, 27252, 30629, 44106, 28313, 27659, 4073, 31251, 42931, 35631, 31281, 48366, 10878, 28944, 1398, 45589, 47054, 48068, 43045, 37374, 3627, 12251, 3977, 41005, 28983, 37945, 17277, 46225, 30824, 23684, 17214, 29627, 20230, 4512, 27452, 8428, 28404, 23828, 24497, 9999, 45150, 21215, 2341, 1470, 24724, 15829, 27135, 42630, 47509, 45101, 12663, 6948, 40531, 24201, 14656, 36534, 36495, 28104, 2868, 40372, 24964, 12916, 6470, 5041, 18446, 3333, 5394, 34943, 2394, 42372, 10564, 20929, 35920, 32045, 48201, 24855, 28562, 3401, 39038, 1923, 14470, 47429, 41026, 28018)","(0, 0, 1, 1, 0, 0, 1, 1, 1, 0, 0, 1, 1, 1, 1, 1, 1, 0, 1, 0, 1, 1, 1, 1, 0, 1, 1, 1, 1, 1, 0, 0, 1, 1, 0, 1, 1, 1, 0, 1, 1, 1, 1, 0, 1, 0, 1, 0, 0, 0, 0, 1, 0, 0, 1, 0, 1, 0, 1, 0, 0, 1, 1, 1, 1, 1, 1, 1, 1, 0, 1, 0, 0, 0, 1, 1, 1, 0, 1, 0, 1, 0, 1, 1, 1, 0, 1, 0, 1, 1, 0, 0, 1, 1, 1, 0, 0, 1, 1, 1, 0, 1, 1, 0, 1, 0, 1, 1, 0, 1, 1, 0, 1, 1, 1, 1, 1, 0, 0, 0, 0, 1, 1, 1, 0, 0, 1, 0, 1, 1, 1, 1, 1, 1, 0, 1, 1, 1, 1, 0, 0, 0, 1, 1, 0, 1, 0, 0, 1, 1, 0, 1, 0, 0, 0, 0, 0, 1, 1, 1, 0, 1, 1, 0, 0, 0, 0, 1, 0, 1, 1, 0, 0, 1, 1, 0, 0, 1, 1, 1, 0, 1, 1, 0, 1, 1, 1, 1, 1, 1, 0, 0, 1, 1, 0, 1, 1, 1, 0, 1)"
89.89386,200,825.166821,1,"(18273, 34596, 23150, 41995, 5773, 20743, 42161, 39045, 46483, 31371, 24992, 21479, 36952, 25280, 23849, 39521, 7910, 19283, 35999, 17960, 9360, 5174, 27150, 18418, 16641, 41374, 245, 37467, 557, 48833, 2670, 36762, 37942, 39160, 24981, 22487, 31232, 9781, 19353, 5746, 12995, 35808, 25951, 39721, 27313, 11081, 4281, 5415, 14457, 39529, 23429, 28804, 33136, 22298, 5071, 42873, 3380, 47112, 20872, 43026, 32751, 28623, 13896, 49860, 46895, 18124, 27192, 26264, 39659, 5862, 41069, 38454, 15737, 39208, 33427, 13742, 47439, 35932, 22463, 609, 4194, 40055, 27173, 29877, 4862, 23871, 40822, 1538, 5578, 41465, 34680, 33243, 1065, 34885, 39692, 17501, 49124, 21002, 49475, 22823, 41218, 27280, 37481, 41670, 10092, 23567, 18275, 15228, 21976, 11246, 25460, 41840, 13412, 22726, 22672, 32147, 46916, 530, 14021, 9125, 16732, 30254, 13185, 6332, 38040, 37696, 22007, 20056, 2476, 18200, 47757, 23811, 29706, 48922, 22362, 28287, 8832, 27901, 3617, 8102, 23338, 15689, 19753, 5640, 18188, 4354, 19868, 26612, 25424, 41265, 6512, 37352, 45036, 43806, 35509, 42487, 9583, 4413, 47598, 42688, 37876, 41952, 20932, 14348, 16382, 20431, 26787, 41409, 26393, 18869, 42618, 15361, 34466, 49342, 29805, 24157, 45512, 19929, 28061, 40942, 10355, 29027, 46035, 20653, 12214, 22990, 26113, 47881, 7583, 16903, 42063, 18203, 15855, 22849, 316, 33237, 33595, 39907, 9651, 2940)","(0, 1, 0, 1, 1, 1, 0, 0, 1, 1, 1, 1, 1, 1, 1, 0, 0, 0, 0, 1, 1, 1, 1, 1, 1, 1, 1, 0, 1, 0, 1, 0, 0, 1, 1, 0, 1, 1, 1, 1, 0, 1, 0, 1, 1, 1, 0, 1, 1, 0, 1, 0, 1, 0, 1, 1, 1, 0, 0, 1, 1, 1, 1, 0, 0, 1, 1, 1, 0, 1, 0, 0, 0, 1, 1, 0, 0, 0, 0, 1, 1, 1, 1, 0, 1, 0, 0, 1, 1, 0, 0, 0, 1, 0, 0, 1, 0, 1, 1, 0, 0, 1, 0, 1, 1, 1, 1, 1, 0, 1, 1, 0, 1, 0, 0, 0, 0, 1, 0, 1, 1, 0, 1, 1, 0, 1, 1, 1, 1, 1, 0, 1, 1, 0, 0, 0, 1, 1, 1, 1, 1, 1, 1, 1, 1, 1, 0, 1, 1, 1, 1, 0, 0, 0, 1, 0, 1, 0, 1, 0, 0, 0, 1, 0, 0, 1, 1, 1, 0, 1, 0, 1, 0, 0, 1, 1, 1, 1, 1, 1, 1, 0, 0, 1, 1, 0, 1, 0, 0, 1, 0, 1, 1, 0, 1, 0, 0, 1, 1, 1)"
76.056415,200,837.26408,0,"(44308, 48299, 44214, 25258, 9125, 24839, 10214, 2457, 31000, 24598, 30331, 15664, 35037, 41481, 3669, 19855, 33408, 17715, 39292, 6273, 18843, 36297, 15159, 39062, 2181, 25498, 27997, 27435, 38670, 16235, 24751, 11212, 12579, 14949, 1305, 12700, 27534, 39156, 16754, 34177, 40823, 48614, 14744, 31576, 45881, 29136, 111, 33469, 25857, 23272, 18375, 10168, 21950, 43703, 23571, 21178, 49425, 1961, 15381, 2589, 29511, 1593, 7262, 8637, 7103, 21361, 27667, 5991, 43870, 2443, 31590, 20182, 621, 23530, 17463, 23515, 22451, 5230, 16470, 44734, 21213, 13987, 45674, 20996, 31819, 43658, 48278, 3211, 23396, 6517, 29563, 37136, 33045, 5914, 1739, 44288, 27857, 1164, 21194, 31408, 33123, 3229, 13670, 37421, 10516, 27716, 10694, 16641, 1178, 32215, 3368, 17735, 17178, 27248, 4133, 20820, 49854, 15854, 46244, 23774, 24862, 2571, 35105, 20517, 18679, 23210, 35249, 29854, 8049, 4099, 10420, 19680, 12421, 9477, 22567, 45219, 19598, 13943, 42668, 21188, 20681, 12196, 6484, 38529, 29070, 31584, 8945, 46395, 4319, 8213, 40271, 1811, 49702, 2935, 25724, 12664, 5547, 29377, 17896, 31162, 3560, 20794, 44988, 31505, 31767, 8777, 28584, 25393, 22069, 39938, 39942, 42140, 48344, 11582, 24462, 29561, 3843, 42955, 33847, 11420, 26912, 44372, 11381, 9838, 37119, 48011, 33226, 5467, 47198, 19777, 7568, 40043, 33116, 49755, 19729, 14749, 33810, 10535, 3443, 25563)","(1, 0, 0, 0, 1, 0, 0, 0, 1, 0, 0, 1, 0, 1, 0, 1, 0, 1, 0, 1, 1, 1, 1, 0, 1, 0, 0, 0, 0, 1, 1, 1, 1, 1, 1, 1, 0, 0, 1, 1, 0, 1, 1, 0, 0, 1, 1, 0, 1, 0, 1, 1, 1, 0, 1, 1, 0, 1, 1, 1, 0, 1, 1, 1, 0, 1, 1, 0, 0, 0, 0, 1, 1, 1, 0, 1, 0, 1, 1, 0, 1, 1, 0, 1, 1, 0, 1, 1, 0, 1, 0, 0, 0, 1, 1, 0, 1, 1, 1, 1, 0, 1, 1, 0, 1, 1, 1, 1, 1, 0, 1, 1, 1, 0, 1, 0, 0, 0, 0, 0, 0, 1, 0, 0, 1, 0, 0, 0, 0, 1, 1, 1, 1, 1, 0, 0, 1, 1, 1, 0, 0, 1, 1, 1, 1, 0, 0, 0, 1, 1, 0, 1, 0, 1, 0, 1, 0, 0, 1, 0, 1, 1, 0, 1, 1, 0, 1, 1, 1, 0, 0, 0, 0, 1, 0, 0, 1, 0, 0, 0, 0, 0, 1, 1, 1, 0, 0, 1, 0, 1, 1, 1, 0, 0, 0, 1, 1, 1, 1, 0)"
93.975987,200,840.19437,4,"(14470, 32921, 31857, 11524, 17731, 5665, 41131, 21351, 13302, 5671, 11415, 25702, 11563, 15655, 29111, 38295, 4340, 34626, 48587, 43498, 1306, 24232, 9790, 23853, 18894, 32846, 49797, 29194, 3447, 8996, 39329, 14361, 37467, 16677, 39684, 2944, 17039, 23447, 9111, 12454, 15003, 15597, 32873, 49398, 27311, 32042, 24958, 23798, 13078, 18511, 2699, 28522, 10962, 38308, 44415, 38779, 12809, 8591, 38460, 27228, 15798, 17671, 34671, 19844, 37281, 12886, 36302, 26485, 21490, 32097, 20246, 19425, 20219, 49762, 35586, 18318, 2917, 19208, 30020, 13456, 31107, 19184, 45383, 1447, 26095, 9432, 26641, 19698, 8174, 5259, 25128, 9431, 20982, 25522, 40242, 48789, 48035, 21293, 46861, 48386, 35606, 358, 34375, 41362, 31019, 41022, 20138, 30171, 31170, 47880, 22119, 10175, 47068, 39436, 31268, 22364, 17373, 1143, 37770, 4090, 1719, 11101, 37182, 32998, 45404, 47661, 18628, 25769, 49509, 4638, 2358, 33844, 28671, 17313, 14456, 6779, 27171, 5877, 14645, 33197, 36593, 12056, 34882, 22220, 18625, 2703, 43661, 30325, 28786, 3729, 13011, 36786, 43880, 23777, 28115, 22669, 1499, 1461, 32133, 26703, 562, 10187, 8966, 30452, 39030, 40820, 32702, 15570, 8291, 13110, 21189, 41884, 18366, 23285, 42386, 15099, 22743, 31237, 18201, 48851, 37066, 14674, 16666, 25011, 26693, 127, 1752, 787, 3567, 41815, 1101, 8455, 10390, 6479, 17336, 21604, 26494, 6251, 34818, 21313)","(1, 1, 1, 1, 0, 1, 0, 1, 1, 1, 1, 1, 1, 1, 1, 0, 1, 0, 0, 0, 1, 0, 1, 0, 1, 0, 0, 1, 1, 1, 0, 1, 0, 1, 1, 1, 1, 1, 1, 1, 0, 0, 1, 0, 0, 1, 1, 0, 1, 1, 1, 1, 1, 1, 0, 0, 0, 1, 0, 1, 0, 1, 0, 1, 1, 0, 0, 1, 1, 0, 1, 0, 1, 0, 0, 1, 1, 1, 0, 1, 1, 1, 0, 1, 1, 1, 0, 1, 1, 0, 1, 1, 1, 0, 0, 1, 0, 1, 0, 0, 1, 1, 1, 0, 0, 0, 1, 0, 0, 0, 1, 1, 0, 0, 1, 0, 1, 1, 1, 1, 1, 1, 0, 0, 0, 0, 1, 0, 1, 1, 1, 0, 0, 0, 1, 1, 1, 1, 1, 0, 0, 1, 0, 1, 1, 1, 0, 0, 1, 1, 1, 0, 0, 0, 0, 0, 1, 1, 0, 1, 1, 1, 1, 0, 1, 1, 1, 1, 1, 1, 1, 1, 1, 1, 1, 1, 0, 1, 1, 1, 1, 1, 1, 0, 0, 1, 1, 1, 1, 1, 1, 1, 1, 1, 1, 1, 1, 1, 0, 1)"
61.042229,200,842.573017,7,"(5155, 23498, 43577, 22215, 29756, 12665, 13208, 32261, 4217, 1378, 42322, 39367, 31822, 36841, 29992, 27827, 1663, 39691, 11868, 39420, 45203, 19190, 23490, 48299, 6006, 7704, 43174, 2688, 14193, 8828, 26463, 7828, 7774, 20503, 42770, 12917, 10068, 32577, 49030, 19829, 733, 47898, 24658, 29398, 2138, 33285, 9006, 9765, 49415, 30357, 3693, 44325, 17283, 5702, 6200, 34050, 14041, 25759, 6566, 46879, 18431, 13755, 16266, 42786, 39194, 34339, 3384, 32787, 19579, 3579, 21434, 46551, 18855, 25869, 27280, 8439, 32714, 16520, 23729, 6469, 43836, 20316, 47443, 29912, 8098, 23104, 21784, 49559, 23280, 9567, 32476, 10370, 30075, 36595, 41036, 37060, 6702, 27264, 15866, 9075, 35226, 43293, 910, 381, 46249, 47967, 3331, 40523, 29694, 6673, 47574, 48886, 2399, 12635, 12625, 3894, 46706, 37632, 24489, 33829, 23967, 29900, 18734, 29914, 32411, 3196, 32740, 18842, 12102, 16506, 21259, 5323, 17193, 5418, 12863, 906, 40583, 12821, 17912, 23342, 27533, 6483, 4544, 2067, 30152, 28506, 36085, 11546, 39888, 22040, 20043, 13694, 17438, 34226, 16883, 19001, 30629, 8369, 24754, 41513, 12716, 43137, 10090, 30181, 38775, 46440, 660, 36939, 16891, 4410, 49522, 32070, 19049, 17938, 32193, 4858, 13354, 43319, 34843, 7478, 44552, 378, 32995, 9447, 4067, 28058, 47910, 35325, 10115, 8403, 13177, 3879, 48622, 8496, 20748, 39440, 26258, 12781, 48852, 40037)","(1, 1, 0, 1, 0, 1, 1, 0, 1, 1, 0, 0, 0, 1, 0, 0, 1, 0, 1, 0, 0, 1, 1, 0, 1, 1, 0, 1, 1, 1, 1, 1, 1, 0, 0, 1, 1, 0, 0, 1, 1, 0, 1, 0, 1, 0, 1, 0, 1, 0, 1, 0, 1, 1, 1, 0, 1, 0, 1, 0, 1, 0, 1, 0, 0, 0, 1, 0, 1, 1, 1, 0, 1, 1, 1, 1, 0, 0, 1, 1, 0, 1, 0, 0, 1, 0, 1, 0, 1, 1, 0, 1, 0, 0, 0, 1, 1, 1, 1, 1, 0, 0, 1, 1, 0, 0, 1, 0, 1, 1, 0, 0, 0, 1, 1, 1, 0, 0, 0, 0, 1, 0, 1, 0, 0, 1, 0, 1, 1, 1, 0, 1, 0, 1, 1, 1, 0, 1, 1, 0, 0, 1, 1, 1, 0, 0, 0, 1, 0, 1, 1, 0, 0, 0, 1, 1, 0, 1, 1, 0, 0, 0, 1, 0, 0, 0, 1, 0, 1, 1, 1, 0, 1, 1, 0, 1, 0, 0, 0, 1, 0, 1, 0, 1, 1, 0, 0, 0, 0, 1, 1, 1, 0, 1, 0, 0, 0, 1, 1, 0)"
70.815242,200,844.940056,6,"(6824, 47153, 37090, 40950, 38473, 25427, 18943, 7075, 48268, 13157, 44320, 7841, 27787, 3357, 3714, 13597, 35101, 23412, 3392, 40091, 43038, 14939, 10072, 16146, 35989, 44234, 22113, 397, 32204, 12958, 38805, 38712, 21345, 17833, 44859, 6899, 48010, 18478, 13424, 15534, 40409, 33528, 20593, 49869, 47113, 39567, 40, 35259, 38626, 17626, 5735, 41728, 19851, 38027, 28309, 32603, 37948, 29488, 7346, 35739, 15737, 1921, 17122, 32848, 16022, 21213, 32875, 1944, 6136, 29880, 38683, 11581, 28980, 46945, 23337, 49814, 7767, 5530, 23979, 10982, 11779, 31895, 2554, 21904, 3732, 11086, 10061, 24926, 29875, 7733, 38212, 1392, 45797, 5993, 49812, 43754, 48374, 29673, 43995, 36267, 26552, 13702, 24466, 11477, 12770, 31828, 338, 10496, 37916, 18992, 23980, 41415, 1772, 12391, 37429, 31731, 32122, 11446, 36227, 16285, 2606, 22385, 44109, 40995, 29262, 48436, 44414, 28264, 41267, 24573, 29826, 44715, 40637, 11615, 13396, 36639, 42516, 42407, 43685, 36674, 30606, 33248, 39804, 38202, 34736, 39411, 27537, 27606, 39488, 27349, 44273, 2674, 24451, 26280, 26448, 29321, 29593, 18790, 44043, 12214, 44111, 24199, 20801, 233, 47746, 19127, 13006, 28072, 46507, 1203, 18138, 2772, 49477, 28736, 1665, 1058, 47474, 9966, 5975, 30678, 2036, 16593, 33341, 1807, 38602, 26834, 5694, 7329, 27953, 19421, 22477, 45107, 13487, 17582, 8000, 12924, 40395, 41217, 11878, 21239)","(1, 0, 0, 0, 0, 0, 1, 0, 1, 0, 0, 1, 1, 1, 1, 1, 0, 1, 1, 0, 0, 0, 0, 1, 0, 0, 1, 1, 0, 1, 0, 0, 1, 1, 0, 1, 0, 1, 1, 1, 0, 0, 1, 1, 0, 0, 1, 0, 1, 1, 1, 1, 1, 1, 0, 0, 0, 1, 1, 0, 0, 1, 1, 1, 1, 1, 1, 1, 1, 0, 0, 1, 0, 0, 1, 1, 1, 1, 1, 1, 1, 1, 1, 1, 1, 1, 1, 0, 0, 1, 0, 1, 0, 1, 0, 0, 0, 0, 0, 0, 0, 0, 1, 1, 1, 0, 1, 1, 0, 1, 1, 0, 1, 1, 1, 0, 0, 1, 1, 1, 1, 0, 0, 0, 0, 1, 0, 0, 0, 1, 0, 0, 0, 1, 1, 0, 1, 0, 0, 1, 0, 1, 1, 0, 0, 0, 0, 1, 0, 0, 0, 1, 1, 1, 0, 0, 1, 1, 0, 1, 0, 1, 1, 1, 1, 0, 1, 0, 1, 1, 1, 1, 0, 1, 1, 1, 0, 1, 1, 0, 1, 1, 0, 1, 0, 0, 1, 1, 1, 1, 0, 1, 1, 1, 1, 1, 0, 1, 1, 1)"
63.024257,200,847.292533,4,"(48930, 46112, 21391, 6967, 2096, 15722, 40759, 20674, 40728, 23633, 29470, 40012, 41368, 2489, 45270, 44046, 40830, 15645, 44236, 16210, 40231, 49307, 32363, 12932, 4037, 33383, 43456, 41196, 42393, 17388, 26816, 24653, 46260, 35719, 19309, 24856, 28399, 36144, 8940, 16031, 10224, 48098, 17264, 13704, 31983, 44355, 16715, 41707, 34843, 24977, 33637, 46890, 15833, 49824, 17290, 1883, 26065, 18805, 18865, 19516, 44555, 26902, 40143, 42434, 30835, 3385, 21157, 10228, 48320, 26427, 46447, 13033, 26157, 9768, 43821, 27980, 49519, 15235, 4596, 10304, 37855, 48521, 8843, 25379, 10310, 594, 36191, 37734, 17024, 43521, 17197, 34243, 10999, 30209, 34650, 17390, 10489, 48572, 38787, 10627, 36468, 46429, 26542, 45209, 35924, 46731, 12245, 16362, 15754, 21853, 38274, 45442, 19267, 38112, 11248, 38450, 39544, 36658, 41317, 8082, 12333, 2548, 8831, 25606, 14164, 29698, 10363, 23377, 7327, 12942, 22212, 34983, 4464, 40206, 1236, 6938, 35440, 49240, 48895, 19810, 42763, 47391, 30203, 10883, 21691, 13670, 38949, 48742, 38390, 29568, 35190, 45489, 1198, 35183, 38530, 1863, 4178, 651, 28969, 41369, 16623, 25566, 18916, 31232, 50010, 19497, 21597, 13578, 44594, 43033, 8706, 6642, 26527, 29408, 5449, 33030, 41795, 2774, 16610, 48966, 14464, 26949, 7651, 29922, 3748, 26387, 45481, 25707, 20306, 35056, 43756, 42899, 45604, 48895, 44002, 7450, 13461, 27132, 4114, 28275)","(0, 1, 1, 1, 1, 1, 0, 1, 0, 1, 1, 1, 1, 0, 0, 0, 0, 1, 0, 1, 0, 0, 1, 1, 1, 0, 0, 0, 0, 0, 0, 0, 0, 1, 1, 1, 0, 1, 1, 1, 1, 0, 0, 0, 1, 0, 1, 0, 0, 1, 0, 0, 0, 0, 1, 1, 1, 0, 1, 0, 0, 1, 0, 0, 0, 1, 1, 1, 1, 1, 0, 1, 0, 1, 0, 1, 1, 1, 1, 1, 1, 1, 1, 1, 1, 1, 0, 1, 1, 0, 1, 0, 1, 0, 1, 0, 1, 0, 0, 1, 1, 0, 0, 0, 0, 0, 1, 1, 0, 0, 1, 0, 1, 0, 1, 0, 0, 0, 1, 0, 0, 1, 1, 1, 1, 0, 1, 1, 1, 1, 1, 0, 1, 0, 1, 1, 1, 0, 1, 1, 0, 0, 0, 1, 1, 1, 1, 1, 0, 1, 1, 0, 1, 0, 0, 1, 1, 1, 1, 0, 0, 0, 0, 1, 0, 1, 0, 1, 0, 0, 0, 1, 1, 0, 1, 1, 1, 1, 1, 0, 1, 1, 1, 0, 1, 1, 0, 0, 1, 0, 0, 0, 0, 0, 0, 1, 1, 0, 1, 0)"
73.880774,200,849.867237,6,"(27150, 41240, 20486, 10234, 86, 40153, 1668, 23311, 3945, 34866, 1736, 33123, 32705, 38008, 34799, 25825, 16454, 30605, 19868, 24738, 6432, 32526, 18387, 15263, 35343, 11431, 31170, 26397, 25980, 21167, 34555, 1191, 8249, 22969, 13520, 24216, 8701, 3997, 30812, 25467, 22944, 31442, 25750, 15169, 3686, 38206, 45278, 34922, 5046, 15940, 22212, 27319, 4602, 32531, 16491, 12705, 13050, 25881, 7848, 18226, 13040, 12281, 19241, 21960, 35932, 31597, 29603, 35814, 30098, 8854, 30133, 7213, 23176, 16343, 277, 6325, 38036, 46457, 49499, 35726, 33450, 43905, 27377, 4674, 33457, 1392, 31680, 26659, 35722, 25850, 27633, 4607, 444, 10828, 44905, 38290, 37386, 49852, 4581, 43192, 21508, 20825, 32801, 23147, 28028, 6733, 42660, 20098, 26158, 25726, 6966, 29700, 4114, 49693, 32657, 37575, 18213, 6439, 42939, 43948, 8212, 3832, 35400, 11536, 8858, 26917, 14572, 23079, 8319, 40202, 8221, 12179, 42579, 40284, 26675, 32186, 38567, 33746, 14293, 47834, 30710, 41945, 43845, 9647, 37959, 26839, 14910, 26039, 12588, 30885, 7970, 35040, 26957, 17460, 42553, 24353, 25292, 34904, 4653, 13119, 24940, 41056, 33481, 1567, 47106, 9784, 47307, 17509, 45279, 22535, 19314, 49275, 29719, 43921, 24035, 10346, 23071, 16704, 5742, 14863, 31093, 13104, 2927, 50016, 36188, 6322, 12787, 28517, 46037, 14202, 24545, 37240, 43824, 12742, 5920, 24134, 21856, 7635, 42553, 1217)","(1, 0, 1, 1, 1, 0, 1, 1, 1, 0, 1, 0, 1, 0, 1, 0, 1, 0, 0, 1, 1, 0, 1, 1, 1, 1, 0, 1, 0, 1, 1, 1, 1, 0, 1, 1, 0, 1, 0, 0, 0, 0, 1, 1, 1, 0, 1, 0, 1, 1, 1, 0, 1, 0, 1, 1, 1, 1, 1, 1, 1, 1, 1, 1, 0, 1, 0, 1, 0, 1, 0, 1, 0, 1, 1, 1, 0, 0, 1, 0, 0, 0, 1, 1, 0, 1, 0, 1, 0, 0, 1, 1, 1, 1, 0, 0, 1, 0, 1, 0, 0, 1, 0, 0, 0, 1, 0, 1, 1, 0, 1, 0, 1, 0, 0, 1, 1, 1, 0, 0, 1, 1, 1, 1, 1, 0, 0, 0, 1, 0, 1, 1, 0, 0, 1, 0, 1, 0, 1, 0, 0, 0, 0, 1, 0, 0, 1, 1, 1, 0, 1, 0, 0, 1, 0, 1, 0, 1, 1, 1, 1, 0, 1, 1, 0, 0, 0, 0, 0, 0, 1, 0, 0, 0, 1, 1, 0, 1, 1, 1, 1, 1, 1, 1, 0, 1, 1, 0, 0, 1, 1, 1, 0, 0, 1, 0, 1, 1, 0, 1)"
29.536011,200,852.32197,8,"(12940, 49808, 29559, 27563, 18707, 40007, 231, 40954, 46900, 39626, 18472, 31742, 46127, 25692, 7923, 28628, 29730, 44592, 5678, 25954, 14807, 8680, 44107, 929, 44803, 43386, 11200, 22740, 7814, 44598, 5063, 15850, 4080, 790, 35153, 2928, 38702, 49205, 41479, 825, 11, 46750, 47063, 33040, 45727, 12817, 26982, 22896, 5003, 46433, 13306, 19721, 39639, 16608, 13258, 18509, 21201, 20575, 15917, 35347, 2222, 30905, 41887, 36225, 48765, 29282, 11797, 43755, 14544, 20481, 13835, 34700, 35736, 3741, 8548, 6735, 27664, 22561, 46405, 49282, 33840, 38108, 46383, 37257, 30415, 26812, 19847, 26289, 11218, 39755, 12997, 7289, 48644, 34528, 13317, 11933, 34111, 27417, 19758, 48993, 44710, 18709, 33412, 2702, 5559, 38311, 46530, 17954, 3987, 10804, 15983, 6547, 49877, 28149, 41126, 42874, 17368, 42040, 3900, 13106, 43538, 41830, 11718, 2666, 24811, 12026, 48531, 6524, 36357, 26079, 24752, 24504, 43763, 45601, 2947, 11672, 5997, 6287, 4089, 754, 12138, 37105, 26269, 26552, 20538, 46545, 3139, 5584, 21729, 13470, 4659, 24183, 19892, 15614, 24551, 23850, 27061, 49661, 13130, 15558, 39108, 22743, 49576, 44935, 30286, 33309, 19773, 22998, 21234, 43748, 34707, 26982, 37992, 44556, 43626, 11209, 4768, 33929, 10493, 5936, 25028, 16089, 15346, 1201, 8569, 24346, 37883, 21697, 9704, 34953, 23873, 28142, 10999, 39543, 40220, 43816, 30155, 36189, 44921, 47603)","(1, 0, 0, 0, 0, 0, 0, 0, 0, 0, 0, 0, 0, 0, 0, 0, 0, 0, 0, 0, 1, 1, 0, 1, 0, 0, 1, 0, 1, 0, 1, 0, 1, 1, 0, 1, 0, 0, 0, 1, 1, 0, 0, 0, 0, 1, 0, 0, 1, 0, 1, 1, 0, 0, 1, 0, 1, 1, 1, 0, 0, 0, 0, 0, 0, 0, 1, 0, 1, 1, 1, 0, 0, 1, 0, 1, 0, 0, 0, 0, 0, 0, 0, 0, 0, 0, 1, 0, 1, 0, 1, 0, 0, 0, 1, 1, 0, 0, 1, 0, 0, 0, 0, 1, 1, 0, 0, 0, 1, 1, 1, 1, 0, 0, 0, 0, 0, 0, 1, 1, 0, 0, 1, 1, 1, 1, 0, 0, 0, 1, 1, 1, 0, 0, 1, 1, 1, 1, 1, 1, 1, 0, 0, 0, 0, 0, 1, 1, 1, 1, 1, 0, 1, 1, 1, 1, 0, 0, 1, 1, 0, 0, 0, 0, 0, 0, 1, 0, 0, 0, 0, 0, 0, 0, 0, 1, 1, 0, 1, 1, 1, 1, 1, 1, 1, 0, 0, 1, 1, 0, 1, 1, 1, 0, 0, 0, 0, 0, 0, 0)"
96.427837,200,854.821527,1,"(2820, 39518, 32517, 43362, 31095, 19472, 42215, 15028, 5920, 49796, 49886, 25690, 30789, 32956, 45885, 28293, 44536, 16851, 19625, 16820, 18020, 11117, 7271, 5296, 46600, 16341, 25687, 4443, 26821, 438, 19400, 20452, 10781, 43361, 27905, 13879, 44516, 49903, 20536, 38922, 25213, 12662, 29086, 6315, 34403, 14027, 4005, 15777, 14221, 10671, 21951, 17038, 10639, 23618, 19208, 29124, 922, 27859, 26046, 48651, 47033, 16943, 44613, 18320, 37649, 3758, 34214, 45277, 6458, 46952, 26697, 12656, 42214, 785, 31910, 44334, 48087, 12449, 22315, 10472, 18434, 36552, 45885, 1852, 43683, 36673, 31289, 12672, 38919, 11597, 44854, 25018, 47991, 44593, 47743, 3949, 41226, 9899, 1145, 34140, 35032, 4327, 4874, 44908, 43089, 36417, 17272, 2634, 5693, 18847, 8044, 12836, 31822, 26456, 14999, 26772, 44135, 27048, 33101, 14214, 2882, 41484, 12565, 41307, 45339, 11092, 33459, 1601, 42586, 713, 347, 44233, 29530, 13575, 16966, 9222, 24324, 35300, 4503, 26, 41873, 44544, 41425, 45879, 17920, 23788, 15310, 27639, 23480, 23512, 47906, 19287, 23007, 33978, 14319, 39301, 24897, 32420, 6064, 30394, 2066, 47916, 36631, 29409, 7990, 25975, 7252, 41225, 19623, 14944, 31814, 49251, 48636, 4099, 35245, 29585, 35711, 44552, 5365, 48187, 18942, 29003, 14021, 36682, 2465, 42010, 25784, 40106, 1905, 29158, 23290, 10586, 34620, 29491, 41103, 313, 11295, 47368, 1864, 36785)","(1, 1, 0, 1, 1, 0, 1, 1, 1, 0, 0, 1, 0, 1, 0, 0, 0, 1, 1, 1, 1, 1, 0, 1, 0, 1, 0, 1, 1, 1, 1, 1, 1, 0, 0, 1, 0, 0, 1, 0, 1, 1, 1, 1, 0, 1, 1, 1, 1, 1, 1, 1, 0, 1, 1, 1, 1, 1, 1, 1, 1, 1, 0, 1, 1, 1, 0, 1, 1, 0, 0, 1, 0, 1, 0, 0, 0, 1, 0, 1, 1, 0, 0, 1, 0, 0, 1, 1, 0, 1, 0, 1, 0, 0, 0, 1, 1, 0, 1, 0, 0, 1, 1, 0, 1, 0, 1, 1, 1, 0, 1, 1, 1, 1, 1, 0, 1, 0, 1, 1, 1, 1, 1, 1, 1, 1, 1, 1, 1, 1, 1, 0, 1, 1, 1, 1, 1, 1, 1, 1, 1, 0, 1, 1, 1, 0, 1, 0, 1, 1, 1, 1, 0, 0, 1, 0, 0, 1, 1, 0, 1, 0, 0, 0, 1, 1, 0, 0, 1, 1, 0, 0, 1, 1, 0, 0, 1, 0, 1, 1, 1, 1, 0, 0, 1, 0, 0, 0, 1, 1, 1, 1, 0, 0, 1, 1, 0, 1, 1, 0)"
21.593096,200,857.288867,8,"(9310, 23343, 34600, 6689, 15815, 44355, 27691, 7385, 48681, 10283, 6618, 17821, 38153, 35717, 20035, 38957, 16946, 32799, 18830, 40066, 33483, 39998, 45231, 9826, 758, 15031, 20100, 27410, 47600, 40230, 12670, 44363, 25269, 47371, 41477, 44587, 24537, 48992, 36358, 18652, 13163, 3854, 6169, 27871, 8355, 39294, 28894, 29382, 22677, 16258, 7442, 46955, 23661, 44194, 42199, 31578, 41732, 35542, 27453, 26108, 41105, 19630, 10985, 36407, 44652, 16011, 7239, 36287, 44304, 47464, 13253, 16326, 39213, 14945, 31292, 11508, 41238, 13368, 37671, 42313, 27686, 43871, 15639, 22577, 15812, 11034, 21431, 15853, 24309, 46798, 6259, 40226, 45555, 8754, 42901, 44881, 18811, 43413, 49629, 28513, 8155, 30094, 15604, 24102, 31709, 46677, 1078, 30965, 41209, 22808, 2285, 46120, 1758, 15303, 31240, 27600, 21154, 16831, 48752, 46289, 41253, 17795, 34146, 42899, 49226, 6097, 13908, 9009, 38745, 23685, 31351, 16235, 46396, 47111, 18376, 36288, 25878, 18040, 47024, 24996, 39812, 1691, 48695, 30391, 49288, 29076, 13819, 2601, 26258, 48500, 41816, 11157, 11475, 42667, 38579, 16524, 40109, 38020, 20499, 11326, 5691, 6534, 9545, 32694, 1269, 36706, 49925, 31293, 17418, 44286, 37381, 1178, 34253, 22621, 45878, 37998, 32874, 39989, 42986, 9789, 39501, 41071, 1841, 1034, 41573, 36707, 10580, 43821, 48254, 15519, 3779, 39609, 39902, 40614, 7215, 21900, 14384, 19632, 9044, 36008)","(1, 0, 0, 1, 0, 0, 0, 1, 0, 1, 1, 0, 0, 0, 1, 0, 1, 0, 1, 0, 0, 0, 0, 1, 1, 1, 1, 1, 0, 0, 1, 0, 0, 0, 0, 0, 1, 0, 0, 0, 1, 1, 1, 1, 1, 0, 1, 0, 0, 1, 1, 0, 1, 0, 0, 0, 0, 0, 0, 1, 0, 1, 1, 0, 0, 1, 1, 0, 0, 0, 1, 1, 0, 1, 1, 1, 0, 0, 0, 0, 0, 0, 1, 0, 1, 1, 1, 0, 0, 0, 0, 0, 0, 1, 0, 0, 0, 0, 0, 0, 0, 0, 0, 1, 0, 0, 1, 0, 0, 0, 0, 0, 1, 1, 1, 0, 1, 1, 0, 0, 0, 0, 0, 0, 0, 1, 1, 1, 0, 0, 1, 1, 0, 0, 0, 0, 0, 0, 0, 1, 1, 1, 0, 0, 0, 1, 1, 1, 0, 0, 0, 1, 1, 0, 0, 1, 0, 0, 1, 1, 1, 1, 1, 0, 1, 0, 0, 1, 0, 0, 0, 1, 0, 0, 0, 0, 0, 0, 0, 1, 0, 0, 1, 1, 0, 0, 1, 0, 0, 1, 1, 0, 0, 0, 1, 0, 1, 1, 1, 0)"
116.281472,200,859.744684,2,"(34516, 10341, 24971, 20484, 10782, 34655, 38219, 2673, 40234, 8799, 14504, 35145, 32376, 10933, 24529, 17654, 8633, 40119, 4771, 26693, 45258, 2737, 23774, 27167, 25407, 8798, 48491, 35274, 48488, 27784, 33479, 49287, 44482, 4063, 6263, 46073, 16711, 42580, 24582, 48797, 44234, 1080, 35771, 42597, 5288, 16730, 11028, 17911, 16235, 37891, 14099, 3913, 25428, 12047, 2855, 14312, 41752, 44185, 41248, 31578, 34528, 535, 19742, 486, 35690, 17067, 10356, 27901, 40462, 49511, 33778, 34532, 44366, 28819, 48208, 29080, 36642, 25476, 34074, 28220, 45812, 17694, 19935, 11677, 36172, 24789, 30574, 36090, 35429, 16779, 17946, 24015, 33764, 8996, 28385, 41945, 37227, 31300, 42573, 2482, 4884, 6869, 27247, 34907, 36164, 49531, 17755, 30825, 24159, 28868, 48368, 799, 39109, 47437, 10432, 39613, 4942, 18458, 33966, 10345, 415, 34013, 33080, 20178, 7717, 9381, 17948, 47704, 14459, 9229, 29482, 8768, 23857, 38610, 10059, 24049, 45953, 2328, 43534, 6178, 12739, 16825, 29040, 20984, 12401, 12753, 817, 46762, 41583, 23867, 18757, 37194, 44815, 5458, 15720, 27958, 6116, 5875, 6205, 26501, 26166, 30158, 3993, 10463, 20979, 35061, 3554, 47769, 43915, 32652, 33729, 32528, 3858, 9387, 35855, 16391, 24450, 37984, 3501, 9763, 41957, 29267, 35007, 37552, 23388, 25988, 8360, 42623, 39704, 24627, 13006, 40764, 10716, 39589, 42211, 37562, 2718, 12114, 3743, 48798)","(1, 1, 1, 1, 1, 1, 1, 1, 0, 1, 0, 0, 1, 1, 1, 1, 1, 0, 1, 1, 0, 1, 1, 1, 1, 1, 0, 0, 0, 0, 0, 0, 0, 1, 0, 0, 1, 0, 1, 1, 0, 1, 1, 1, 1, 0, 1, 0, 1, 1, 1, 1, 1, 1, 1, 1, 1, 0, 1, 1, 0, 1, 1, 1, 1, 1, 1, 1, 0, 1, 0, 0, 0, 1, 1, 0, 0, 1, 1, 0, 1, 1, 1, 1, 1, 1, 0, 1, 1, 1, 1, 1, 1, 1, 0, 0, 1, 1, 0, 1, 1, 1, 1, 1, 1, 1, 1, 0, 1, 1, 0, 1, 0, 0, 1, 0, 1, 1, 0, 1, 1, 0, 1, 1, 1, 1, 1, 0, 1, 1, 1, 1, 1, 0, 1, 1, 0, 1, 0, 1, 1, 0, 1, 1, 1, 1, 1, 0, 1, 1, 1, 0, 0, 0, 0, 1, 1, 1, 1, 0, 1, 0, 1, 0, 1, 1, 1, 1, 1, 1, 1, 1, 1, 1, 1, 1, 1, 1, 1, 1, 0, 1, 0, 1, 1, 1, 1, 1, 0, 1, 1, 0, 1, 0, 0, 1, 1, 0, 1, 1)"
27.504245,200,869.380191,8,"(2937, 628, 34014, 13635, 17626, 13712, 34657, 16991, 11640, 46738, 36131, 24246, 30342, 31504, 15846, 1852, 46134, 1558, 27834, 31523, 6319, 27510, 47163, 38570, 44981, 38777, 25723, 32586, 28313, 23824, 516, 16449, 30382, 46048, 24278, 41003, 27305, 1988, 38442, 21729, 24083, 10974, 15553, 22866, 17146, 16336, 15062, 22015, 40406, 48273, 698, 41535, 22192, 30488, 21328, 22106, 20893, 36075, 4519, 23961, 36316, 25323, 22820, 15344, 26994, 39806, 35646, 19670, 34934, 42806, 17982, 6867, 32322, 21631, 26504, 10667, 26103, 12941, 16705, 9197, 27636, 3814, 41367, 35825, 37537, 37601, 39563, 44610, 7724, 49415, 863, 7357, 11183, 17313, 32290, 28255, 44273, 1588, 24344, 30592, 34420, 11396, 42987, 12168, 34308, 14565, 16740, 33605, 40979, 27918, 34596, 48473, 36529, 16947, 44090, 15240, 2617, 6205, 42246, 1812, 36922, 21731, 11258, 25098, 20015, 10878, 1010, 6262, 10611, 33587, 41537, 47003, 46514, 47096, 10757, 24500, 26273, 21080, 2105, 35437, 6371, 11976, 40583, 26007, 11638, 34710, 32240, 45085, 17804, 26712, 7852, 37344, 9937, 8857, 28928, 41745, 30844, 39826, 24074, 40647, 37032, 44451, 28395, 31972, 11597, 16351, 32492, 17501, 16275, 49988, 6090, 2520, 22707, 23453, 47877, 32005, 26738, 37428, 25221, 22865, 43490, 21035, 15090, 35223, 34206, 3351, 3114, 30622, 868, 48150, 17587, 45096, 32117, 24181, 32917, 17120, 7595, 24453, 10086, 48182)","(1, 1, 0, 1, 0, 0, 0, 1, 1, 0, 0, 0, 0, 0, 1, 1, 0, 1, 0, 0, 1, 0, 0, 0, 0, 0, 1, 0, 0, 1, 1, 1, 0, 0, 1, 0, 1, 1, 0, 1, 1, 0, 1, 0, 0, 1, 1, 1, 0, 0, 1, 0, 1, 0, 1, 1, 1, 0, 1, 1, 0, 0, 0, 1, 0, 0, 0, 1, 0, 0, 0, 1, 0, 1, 0, 1, 1, 1, 1, 1, 0, 1, 0, 0, 0, 0, 0, 0, 1, 0, 1, 1, 1, 0, 0, 0, 0, 1, 0, 0, 0, 1, 0, 1, 0, 0, 1, 0, 0, 1, 0, 0, 0, 1, 0, 1, 1, 1, 0, 1, 0, 1, 0, 1, 1, 1, 1, 0, 1, 0, 0, 0, 0, 0, 1, 1, 0, 1, 1, 0, 1, 1, 0, 0, 1, 0, 0, 0, 0, 0, 1, 0, 1, 1, 1, 0, 0, 0, 1, 0, 0, 0, 0, 0, 1, 1, 0, 0, 1, 0, 1, 1, 0, 1, 0, 0, 0, 0, 1, 0, 0, 1, 1, 0, 0, 1, 1, 0, 1, 0, 0, 0, 0, 0, 0, 1, 1, 1, 1, 0)"
36.794205,200,871.789319,8,"(12096, 26079, 9878, 34226, 7989, 9600, 13169, 29278, 34438, 24379, 12050, 10765, 1983, 8067, 16464, 42748, 16024, 41298, 11920, 37775, 18998, 31035, 4812, 49866, 6405, 2089, 7720, 26542, 1038, 36711, 26781, 20188, 14344, 49534, 15127, 27535, 15476, 33922, 17735, 16076, 4164, 15328, 39217, 11588, 20267, 31353, 7313, 39692, 28340, 29121, 38643, 44299, 8373, 48367, 27699, 31264, 5456, 12693, 4299, 21518, 44688, 22069, 30204, 14267, 3069, 17352, 4646, 24836, 7162, 11797, 42979, 13534, 27949, 10762, 40822, 16990, 23609, 13896, 20641, 38222, 49483, 31534, 20186, 11318, 2915, 20237, 7901, 25908, 32415, 28829, 47029, 41828, 12157, 7104, 31235, 8442, 13283, 47138, 43052, 34643, 36944, 44273, 35353, 10762, 26867, 32847, 45388, 31558, 16504, 38011, 31359, 20771, 26509, 6080, 35301, 15938, 48089, 30871, 21084, 27068, 48015, 49292, 23259, 12145, 6863, 41483, 20897, 1484, 48845, 28812, 39594, 7678, 538, 13712, 26813, 16152, 15483, 12688, 4453, 49874, 21077, 49519, 41217, 23156, 945, 11940, 48408, 23373, 20648, 38702, 6999, 37028, 35847, 45888, 28148, 24002, 10727, 128, 20547, 43331, 46523, 22276, 38324, 8502, 39851, 26236, 7012, 38540, 24427, 43256, 42317, 262, 7727, 46284, 39314, 27564, 39289, 45074, 5270, 39596, 31334, 27148, 5629, 7416, 15501, 24821, 37338, 36960, 10490, 18499, 25788, 7722, 32519, 41220, 21634, 6751, 9066, 40224, 45779, 29459)","(1, 1, 1, 0, 1, 1, 1, 1, 0, 0, 1, 1, 1, 0, 0, 0, 1, 0, 1, 0, 1, 0, 1, 0, 1, 1, 1, 0, 1, 0, 0, 1, 1, 0, 1, 0, 1, 0, 0, 0, 1, 1, 0, 1, 1, 1, 0, 0, 0, 1, 0, 0, 1, 0, 0, 1, 0, 1, 1, 0, 0, 1, 0, 1, 1, 0, 1, 0, 1, 1, 0, 1, 0, 1, 0, 1, 0, 1, 0, 0, 0, 0, 1, 1, 1, 1, 1, 0, 0, 1, 0, 0, 1, 1, 1, 1, 1, 0, 0, 0, 0, 0, 0, 0, 0, 0, 0, 0, 1, 0, 1, 1, 0, 1, 0, 0, 0, 0, 1, 0, 0, 0, 0, 1, 1, 0, 1, 1, 0, 0, 0, 1, 1, 0, 0, 0, 1, 1, 1, 0, 1, 0, 0, 0, 1, 1, 0, 1, 0, 0, 1, 0, 0, 0, 1, 1, 1, 0, 1, 0, 0, 0, 0, 1, 0, 1, 1, 0, 1, 0, 0, 1, 1, 0, 0, 0, 0, 0, 1, 0, 1, 1, 1, 1, 1, 0, 0, 0, 1, 0, 0, 0, 0, 0, 1, 1, 1, 0, 0, 0)"
35.819687,200,874.206439,3,"(24280, 32417, 32134, 10145, 47068, 46713, 13077, 12837, 28190, 22950, 2854, 38807, 48027, 8293, 17599, 13529, 486, 27612, 49445, 33606, 49940, 5991, 47872, 19806, 42480, 35388, 39320, 26105, 3770, 43434, 10277, 3373, 48332, 8162, 30822, 14053, 47084, 43191, 38867, 10923, 37119, 20171, 9614, 26281, 15293, 10742, 1533, 9802, 37316, 37001, 560, 21955, 45423, 16969, 42142, 5442, 47575, 48233, 22599, 41457, 8977, 17377, 45642, 1697, 24645, 6983, 19269, 29946, 43786, 48065, 3501, 31591, 19348, 47971, 14194, 44745, 24373, 46482, 44826, 49858, 9793, 48661, 46644, 1356, 10474, 17400, 19238, 14420, 7175, 20849, 35326, 28599, 39462, 44475, 38981, 22798, 44508, 9288, 4396, 35947, 47973, 33612, 48466, 12818, 42449, 47856, 17383, 42945, 13600, 23044, 47439, 39661, 36134, 42399, 32994, 33010, 17319, 39217, 25860, 37286, 29165, 11495, 12555, 12521, 9903, 39436, 33721, 43940, 22731, 48356, 23371, 18778, 27448, 4929, 20684, 19936, 16081, 31037, 4420, 5864, 13840, 42379, 28263, 13209, 32382, 35353, 35786, 38419, 24905, 48863, 37994, 44858, 15891, 13812, 24899, 46773, 3984, 48486, 2815, 23116, 342, 25280, 20965, 49192, 25638, 47828, 48490, 40811, 3033, 46774, 16739, 29417, 6515, 31426, 10991, 20362, 47773, 35504, 29297, 26669, 34079, 10158, 47855, 10982, 13371, 33579, 5954, 33185, 42222, 49017, 10595, 43438, 6864, 40227, 36602, 24679, 41027, 25789, 27050, 5581)","(1, 1, 0, 1, 0, 1, 1, 1, 0, 0, 1, 0, 0, 1, 0, 1, 1, 0, 0, 0, 0, 0, 0, 1, 0, 0, 0, 1, 1, 0, 1, 1, 0, 1, 0, 1, 0, 0, 0, 1, 1, 0, 1, 0, 1, 1, 1, 0, 1, 0, 1, 1, 0, 1, 1, 1, 0, 0, 0, 0, 1, 1, 1, 1, 1, 1, 1, 0, 0, 0, 1, 1, 0, 0, 1, 0, 1, 1, 0, 0, 0, 1, 0, 1, 1, 1, 1, 1, 1, 1, 0, 0, 0, 0, 1, 0, 0, 1, 1, 1, 0, 0, 0, 0, 0, 0, 1, 0, 1, 0, 0, 0, 0, 0, 0, 0, 1, 0, 1, 0, 1, 1, 1, 1, 1, 0, 0, 0, 0, 1, 1, 0, 0, 1, 1, 1, 1, 1, 1, 1, 1, 0, 0, 1, 1, 0, 1, 0, 1, 0, 0, 0, 1, 0, 1, 0, 1, 0, 1, 0, 1, 1, 1, 0, 1, 0, 0, 0, 0, 0, 1, 0, 1, 1, 1, 1, 0, 0, 1, 0, 0, 1, 0, 1, 1, 1, 1, 0, 0, 0, 1, 0, 0, 0, 0, 0, 0, 0, 1, 1)"
62.988669,200,876.647487,3,"(49825, 33555, 42187, 28588, 21385, 27058, 43922, 11872, 46882, 38266, 7116, 37585, 40012, 41291, 48806, 10446, 16123, 20509, 4311, 34934, 9919, 1726, 33954, 37061, 40021, 37943, 42191, 49990, 27354, 10284, 17188, 48945, 30149, 10756, 3566, 21658, 22716, 20698, 18546, 49641, 8814, 17850, 38764, 18537, 47714, 18791, 19740, 6072, 25078, 4975, 11560, 47060, 46109, 32167, 4384, 32253, 38490, 46580, 19391, 44814, 41571, 16866, 21079, 12442, 46399, 38041, 2022, 48556, 36205, 3106, 9878, 36536, 31696, 38529, 18601, 3042, 27834, 12338, 1230, 39784, 10011, 4201, 9850, 32299, 8613, 43053, 30864, 38660, 11139, 41177, 4851, 25401, 29492, 1157, 43466, 13173, 15421, 40807, 28966, 15536, 20500, 10556, 19479, 49748, 8297, 24926, 43915, 39948, 8266, 34401, 12125, 11979, 21884, 4403, 23724, 39861, 37667, 30384, 33501, 636, 17761, 1718, 5111, 1829, 45753, 10815, 38286, 26238, 3414, 34922, 49067, 27794, 41544, 451, 13356, 8804, 25636, 26808, 49331, 14043, 22198, 19859, 27209, 32261, 36131, 22535, 1242, 24960, 14264, 20651, 26496, 22252, 19150, 25322, 37266, 5790, 869, 23550, 9305, 9359, 29793, 43282, 23286, 18243, 28323, 43053, 21716, 49859, 32688, 4900, 240, 41714, 29782, 28275, 6586, 28898, 2495, 47259, 30576, 21287, 16391, 14038, 30779, 33342, 42020, 41262, 3756, 10559, 18352, 2799, 3494, 14322, 20770, 20180, 31613, 28036, 26413, 4739, 11022, 8638)","(0, 1, 0, 0, 0, 1, 0, 1, 0, 0, 0, 1, 0, 0, 1, 1, 1, 0, 1, 0, 1, 1, 1, 1, 0, 0, 0, 0, 0, 1, 1, 1, 0, 1, 1, 1, 0, 1, 1, 0, 1, 1, 1, 1, 0, 0, 1, 1, 0, 1, 1, 0, 0, 1, 1, 0, 0, 0, 1, 0, 0, 1, 1, 0, 0, 0, 1, 0, 1, 1, 1, 1, 1, 1, 1, 1, 0, 1, 1, 0, 1, 1, 1, 0, 1, 0, 0, 0, 1, 0, 1, 1, 1, 1, 0, 1, 1, 0, 1, 1, 1, 1, 1, 0, 0, 0, 0, 0, 1, 0, 1, 0, 0, 1, 0, 0, 0, 0, 0, 1, 1, 1, 1, 1, 0, 1, 0, 1, 1, 0, 0, 0, 0, 1, 1, 0, 1, 0, 0, 1, 1, 0, 0, 0, 0, 0, 1, 1, 1, 1, 1, 0, 1, 1, 0, 1, 1, 1, 1, 1, 1, 0, 0, 1, 0, 0, 1, 0, 0, 1, 1, 0, 0, 0, 1, 0, 1, 1, 0, 0, 1, 1, 0, 0, 0, 0, 1, 0, 0, 1, 1, 1, 1, 1, 1, 1, 1, 0, 1, 1)"
72.905682,200,879.099418,6,"(38365, 36135, 1161, 27551, 49629, 33056, 38750, 20701, 32419, 23431, 7415, 763, 36882, 6203, 32689, 32725, 653, 38108, 10889, 7312, 28253, 33790, 49638, 4319, 10248, 19433, 4153, 39651, 23515, 35970, 47174, 44160, 2546, 14930, 7664, 36177, 21214, 21955, 27544, 25217, 15734, 12453, 49313, 45968, 8286, 1528, 29619, 36734, 6032, 29639, 10356, 44276, 34341, 19235, 8334, 8343, 22428, 24792, 16530, 3639, 37864, 40560, 13596, 47860, 12756, 30298, 3448, 47159, 49738, 41417, 20364, 8490, 37141, 43298, 24670, 2478, 3394, 49397, 46359, 14191, 25276, 20076, 44357, 10508, 45572, 2720, 48643, 7238, 16975, 43926, 29075, 22859, 23915, 44413, 40145, 41014, 17557, 32347, 7384, 10903, 41572, 26676, 18439, 24676, 47696, 29115, 22674, 44986, 10398, 8197, 20598, 37351, 10040, 49643, 14672, 40564, 35740, 41898, 2397, 9656, 19132, 8488, 18064, 43486, 34942, 34914, 38389, 25710, 4198, 5228, 40202, 17175, 27365, 29747, 19620, 20777, 35759, 31623, 330, 6519, 49344, 48431, 47831, 4056, 24287, 915, 33013, 49084, 29906, 36491, 19663, 21791, 23674, 25111, 31308, 8572, 47042, 15592, 10276, 9458, 11537, 23396, 14154, 37117, 20617, 97, 35903, 22201, 39391, 45134, 22099, 48416, 32560, 18016, 29161, 34977, 38511, 32364, 39331, 4666, 5452, 46216, 18490, 46568, 21088, 35798, 26089, 40408, 1923, 7234, 46287, 45092, 19534, 46073, 24101, 20469, 9376, 16464, 653, 13104)","(0, 1, 0, 0, 0, 0, 0, 1, 1, 1, 1, 1, 1, 1, 0, 0, 1, 0, 1, 1, 0, 0, 0, 1, 1, 1, 1, 1, 1, 0, 1, 0, 0, 1, 1, 1, 1, 1, 0, 0, 1, 0, 0, 0, 1, 1, 1, 1, 1, 0, 1, 0, 1, 1, 1, 1, 0, 1, 0, 1, 0, 0, 0, 0, 1, 0, 1, 0, 0, 0, 1, 1, 1, 0, 0, 1, 1, 0, 0, 1, 1, 1, 0, 1, 0, 1, 0, 1, 1, 0, 1, 0, 1, 0, 1, 1, 1, 0, 1, 1, 0, 0, 1, 1, 0, 1, 0, 1, 1, 1, 1, 1, 1, 0, 1, 0, 0, 1, 1, 1, 1, 1, 1, 0, 1, 0, 0, 0, 1, 1, 0, 1, 1, 0, 1, 1, 1, 1, 1, 1, 1, 0, 0, 1, 1, 1, 0, 0, 0, 1, 1, 1, 1, 1, 1, 1, 1, 1, 1, 1, 1, 0, 1, 1, 0, 1, 0, 1, 0, 0, 1, 0, 0, 0, 0, 0, 0, 1, 0, 1, 1, 0, 1, 1, 1, 0, 1, 0, 1, 1, 0, 0, 1, 0, 1, 0, 1, 0, 0, 1)"
37.424881,200,881.512664,7,"(14010, 12797, 49905, 45791, 25352, 38426, 37826, 2724, 5592, 39337, 37847, 5753, 34261, 10301, 29044, 11079, 26365, 42142, 36057, 27824, 13729, 16919, 40698, 25168, 9174, 12419, 40713, 107, 44524, 12038, 47168, 18173, 22817, 28338, 7646, 5243, 41918, 36300, 44692, 45280, 35084, 8737, 1387, 3521, 44938, 34323, 42947, 22587, 46336, 31221, 28567, 7108, 29514, 2348, 6856, 39547, 19325, 23343, 10893, 13313, 6415, 27687, 27379, 9400, 24455, 44202, 5145, 38948, 30776, 46969, 17979, 36288, 20965, 13099, 44486, 49796, 27803, 17575, 31945, 13318, 8580, 39467, 22567, 363, 6567, 48102, 36887, 27267, 38052, 1535, 49568, 3857, 41246, 36395, 26065, 28371, 17011, 44229, 40370, 8510, 41297, 48279, 19466, 43942, 13141, 43738, 10160, 46620, 47791, 21835, 30549, 28526, 46545, 20550, 42716, 5623, 36742, 49573, 29323, 18414, 27055, 7131, 7558, 14241, 18157, 16511, 21178, 34501, 6903, 29199, 36392, 625, 15745, 18574, 12592, 49120, 12909, 24231, 48548, 2257, 16007, 43193, 48494, 49389, 40233, 28998, 20738, 4254, 35334, 39098, 39633, 44156, 42478, 43590, 39958, 40266, 430, 1993, 36682, 4670, 8733, 18604, 34025, 11533, 45313, 14237, 22192, 17350, 27128, 13352, 23365, 31820, 1854, 49113, 6822, 668, 49206, 36078, 2253, 48184, 15997, 41309, 13202, 29475, 12899, 41022, 31585, 29052, 18503, 31600, 39825, 46345, 45766, 4834, 7954, 32505, 38390, 14668, 37503, 14621)","(1, 1, 0, 0, 1, 0, 0, 1, 0, 0, 0, 1, 0, 1, 0, 1, 1, 0, 1, 1, 0, 1, 0, 1, 1, 1, 0, 1, 0, 1, 0, 0, 0, 0, 1, 1, 0, 0, 0, 0, 0, 1, 1, 1, 0, 0, 0, 0, 0, 1, 0, 0, 1, 0, 1, 0, 1, 0, 1, 0, 1, 0, 0, 1, 0, 0, 1, 0, 0, 0, 0, 1, 1, 1, 0, 0, 0, 1, 0, 1, 1, 0, 0, 1, 1, 0, 0, 1, 0, 1, 0, 1, 0, 0, 1, 0, 1, 0, 0, 1, 0, 0, 0, 0, 1, 0, 1, 0, 0, 1, 0, 0, 0, 0, 0, 1, 0, 0, 1, 1, 0, 1, 1, 1, 1, 0, 1, 0, 1, 1, 0, 1, 1, 0, 1, 1, 1, 0, 0, 1, 1, 0, 0, 0, 0, 1, 1, 1, 0, 0, 0, 0, 0, 0, 0, 0, 1, 1, 0, 1, 1, 0, 0, 1, 0, 1, 1, 0, 0, 1, 1, 0, 1, 0, 1, 1, 0, 0, 1, 0, 1, 0, 1, 1, 1, 0, 0, 0, 1, 0, 0, 0, 0, 0, 1, 0, 0, 0, 1, 1)"
53.134236,200,884.144758,0,"(21311, 23091, 24454, 29549, 43221, 27541, 47216, 37687, 1846, 43119, 37632, 33906, 13611, 22167, 2796, 37900, 44543, 27200, 47497, 331, 44016, 31784, 26161, 15132, 4702, 24264, 4168, 42521, 19739, 6641, 7444, 18887, 31070, 32275, 24555, 37987, 10726, 15360, 3571, 42765, 45916, 6065, 18736, 13951, 11934, 13434, 32355, 24823, 38416, 26784, 6435, 43742, 5124, 31059, 29271, 1802, 17012, 47643, 23140, 24014, 33657, 172, 17514, 29140, 21425, 11029, 12567, 18216, 39745, 22517, 6147, 11150, 31446, 40304, 47251, 32960, 31127, 20732, 33290, 27019, 39754, 31002, 24047, 6080, 40749, 48321, 38223, 43306, 12746, 29691, 28982, 27204, 32183, 25630, 35223, 37585, 35730, 38723, 4980, 27173, 212, 32556, 25794, 32415, 37907, 28580, 30250, 29521, 30329, 1385, 12084, 39545, 45388, 46916, 29433, 3502, 28442, 12603, 22752, 16197, 36677, 7987, 23029, 12194, 5588, 42339, 23654, 19676, 10901, 45427, 40599, 45782, 3166, 14955, 40185, 15240, 42452, 36663, 1572, 16521, 10089, 18753, 49950, 40189, 29196, 28812, 43954, 4364, 12451, 42709, 737, 23439, 39183, 30975, 1353, 7043, 34441, 15513, 34674, 31751, 25263, 33605, 46096, 21202, 29233, 42660, 32225, 982, 9005, 39801, 19719, 3216, 22387, 44570, 28618, 14580, 30699, 40979, 44495, 49221, 1148, 7723, 43490, 6537, 38092, 29921, 9241, 21296, 7072, 38861, 3228, 10658, 47982, 14071, 19379, 29228, 4852, 42212, 42352, 33731)","(1, 0, 0, 0, 0, 0, 0, 0, 1, 1, 0, 0, 1, 1, 1, 0, 0, 0, 0, 1, 0, 0, 1, 0, 1, 1, 1, 1, 0, 1, 1, 1, 0, 0, 1, 0, 1, 1, 0, 0, 1, 1, 1, 1, 1, 1, 0, 0, 1, 1, 1, 0, 1, 1, 0, 1, 1, 0, 0, 1, 0, 1, 0, 1, 0, 1, 1, 0, 0, 0, 1, 1, 0, 1, 0, 0, 0, 1, 0, 1, 0, 0, 1, 1, 0, 0, 0, 0, 1, 1, 1, 1, 0, 1, 0, 1, 1, 0, 1, 1, 1, 0, 0, 1, 0, 1, 0, 1, 0, 1, 1, 0, 1, 0, 0, 1, 1, 1, 0, 1, 0, 1, 0, 0, 1, 0, 0, 0, 1, 0, 0, 0, 0, 0, 0, 1, 0, 0, 1, 1, 1, 1, 0, 0, 1, 0, 0, 1, 0, 0, 1, 1, 0, 0, 1, 1, 0, 0, 1, 1, 0, 0, 0, 0, 0, 0, 1, 1, 1, 1, 0, 1, 0, 0, 0, 0, 0, 1, 0, 0, 1, 0, 0, 1, 0, 0, 1, 1, 0, 0, 1, 1, 0, 1, 1, 1, 1, 0, 0, 0)"
64.545167,200,886.874663,7,"(24805, 21965, 39132, 25180, 17935, 49659, 31496, 38911, 14478, 7658, 16498, 16125, 48657, 28091, 32713, 11600, 13187, 31519, 29825, 9080, 29324, 10357, 42876, 34149, 16060, 23865, 24379, 11388, 19182, 1407, 14420, 45980, 41735, 44539, 35602, 2440, 39798, 29931, 34275, 12306, 31090, 10200, 48455, 8454, 34721, 10540, 49781, 48235, 12050, 21141, 25587, 1692, 11851, 11297, 6634, 43615, 42933, 2905, 16112, 46202, 16197, 48193, 48755, 10048, 32191, 26309, 5744, 10201, 14280, 39418, 11361, 37189, 26856, 9933, 21080, 23550, 27443, 16884, 40417, 44843, 17469, 44135, 11480, 4283, 19432, 11634, 1488, 46988, 44137, 7087, 22225, 44745, 2466, 37801, 42563, 474, 39556, 21428, 28404, 26044, 14295, 46407, 46962, 1326, 5583, 40674, 48015, 6943, 18713, 8130, 25169, 48245, 823, 32964, 30493, 44540, 124, 5026, 1096, 24790, 18354, 44776, 39880, 22606, 20100, 30019, 30823, 5124, 5282, 2753, 10686, 474, 23810, 21651, 24062, 7798, 12417, 19645, 12668, 9776, 35481, 16870, 26152, 17340, 42313, 32031, 16177, 30483, 9093, 26815, 9005, 1163, 48280, 23419, 28862, 27828, 12672, 38281, 5111, 16704, 4286, 33578, 41235, 44366, 12290, 16593, 46627, 5471, 17644, 828, 7676, 12214, 35247, 23978, 635, 12972, 46087, 11637, 33077, 42498, 27549, 14112, 4364, 38198, 35763, 30014, 31117, 41733, 5107, 39220, 339, 29842, 10280, 39391, 11578, 37443, 6792, 36206, 12339, 6311)","(1, 1, 0, 1, 1, 0, 1, 0, 1, 1, 1, 1, 0, 1, 0, 1, 1, 0, 0, 1, 1, 1, 0, 0, 1, 1, 1, 1, 0, 1, 1, 0, 0, 0, 1, 1, 0, 0, 0, 1, 0, 1, 0, 1, 0, 1, 0, 0, 1, 1, 1, 1, 1, 0, 1, 0, 0, 1, 1, 0, 1, 0, 0, 1, 0, 1, 1, 1, 1, 0, 1, 0, 1, 1, 1, 1, 0, 1, 0, 0, 0, 0, 1, 1, 0, 1, 1, 0, 0, 1, 0, 0, 0, 0, 0, 0, 0, 1, 0, 0, 1, 1, 0, 1, 1, 0, 0, 1, 1, 1, 0, 0, 0, 0, 0, 0, 1, 1, 1, 0, 1, 0, 0, 0, 1, 0, 0, 1, 0, 1, 1, 0, 1, 0, 1, 1, 1, 1, 1, 1, 1, 0, 1, 0, 0, 0, 1, 0, 1, 0, 1, 1, 0, 1, 1, 0, 1, 0, 1, 1, 1, 0, 0, 0, 1, 1, 0, 1, 1, 1, 1, 1, 0, 1, 1, 1, 0, 1, 0, 0, 0, 1, 1, 0, 1, 0, 0, 0, 1, 0, 1, 0, 1, 0, 1, 0, 1, 0, 1, 1)"
65.248094,200,889.310534,3,"(47506, 43562, 26707, 8107, 18859, 16507, 38911, 45233, 38915, 31924, 43479, 22285, 24856, 8645, 47939, 40300, 2933, 29451, 19294, 11562, 7324, 6745, 36040, 13219, 10489, 38228, 17866, 47070, 32774, 37249, 9513, 2384, 24315, 34040, 972, 20380, 33635, 31661, 14720, 19109, 19928, 2694, 9473, 22979, 39432, 3071, 39269, 40866, 23079, 36253, 48622, 17958, 6061, 31548, 40078, 5068, 14521, 3672, 9132, 14988, 23332, 27512, 4508, 9473, 7898, 46045, 2302, 34591, 435, 47140, 395, 1006, 19830, 19252, 37396, 11822, 2864, 37528, 1949, 32878, 12121, 17711, 7413, 34784, 21920, 15970, 31589, 36001, 19995, 45563, 46410, 16063, 19207, 15198, 759, 37743, 12929, 9768, 28494, 4734, 33522, 29122, 3940, 516, 39314, 42222, 1329, 22977, 23603, 9757, 25289, 38558, 14001, 37382, 13190, 5917, 16789, 3237, 49129, 44940, 36096, 25601, 44173, 13482, 32534, 24911, 33290, 31193, 29298, 21447, 28153, 30113, 18791, 14793, 42832, 45504, 46887, 32728, 39467, 37113, 28611, 26410, 31921, 6863, 39114, 21213, 2608, 10884, 22815, 39423, 7206, 33127, 39817, 42900, 17504, 1051, 15272, 30441, 5941, 27638, 23618, 18789, 33296, 43772, 25651, 24824, 17626, 26397, 38731, 11738, 20288, 14000, 34289, 18332, 16120, 7855, 45403, 12524, 44446, 2833, 26221, 14237, 48006, 22730, 25589, 49990, 18840, 19410, 23110, 10642, 49472, 9481, 21339, 22016, 35387, 45818, 42026, 6951, 9563, 6387)","(1, 0, 1, 1, 0, 1, 0, 0, 0, 0, 0, 0, 1, 1, 0, 0, 1, 1, 1, 1, 1, 1, 1, 0, 1, 0, 1, 1, 0, 0, 1, 0, 0, 0, 1, 0, 0, 0, 1, 1, 1, 1, 1, 0, 0, 1, 0, 1, 0, 1, 0, 1, 0, 0, 0, 1, 1, 1, 1, 1, 1, 0, 1, 0, 1, 0, 1, 0, 1, 0, 1, 1, 1, 1, 1, 1, 1, 1, 1, 1, 1, 1, 1, 0, 1, 1, 0, 0, 1, 0, 0, 1, 1, 1, 1, 1, 1, 1, 1, 0, 0, 0, 0, 1, 0, 0, 1, 0, 1, 1, 1, 0, 1, 1, 1, 1, 0, 1, 1, 0, 1, 1, 0, 1, 0, 0, 0, 0, 1, 0, 1, 0, 0, 1, 0, 0, 1, 1, 1, 0, 1, 1, 1, 1, 0, 1, 1, 1, 0, 1, 1, 0, 0, 0, 0, 1, 1, 0, 1, 0, 1, 1, 1, 0, 1, 1, 1, 1, 0, 1, 1, 1, 1, 0, 1, 0, 0, 1, 0, 1, 1, 1, 1, 0, 1, 0, 1, 1, 0, 1, 0, 1, 0, 0, 0, 0, 0, 1, 1, 1)"
99.780418,200,892.083968,5,"(23504, 19515, 1550, 25849, 14487, 23433, 23221, 11660, 12267, 44354, 10414, 34397, 46512, 19303, 13636, 4012, 18774, 11639, 7047, 33626, 26110, 4748, 33321, 15094, 35229, 41936, 31295, 29121, 39716, 48434, 24281, 43032, 28675, 19490, 759, 26022, 45692, 45460, 7728, 49354, 18761, 25127, 8967, 31958, 21683, 9226, 8523, 45553, 45972, 2348, 41037, 24391, 34995, 41728, 35787, 29159, 13832, 9601, 30938, 20194, 28467, 19801, 44898, 4918, 32742, 43335, 40360, 5739, 32890, 11124, 18103, 45645, 14552, 32687, 19356, 14796, 6741, 45483, 42474, 28607, 9751, 36239, 15230, 2547, 31950, 1696, 17453, 21885, 29654, 38433, 1123, 4795, 19495, 3582, 35255, 6636, 40156, 30782, 21789, 30237, 25138, 1493, 37245, 28702, 16727, 20568, 15661, 34397, 3371, 33305, 36217, 38538, 43423, 39237, 37858, 47708, 30401, 10520, 3873, 23723, 3006, 7151, 43194, 41300, 3838, 40954, 42191, 22586, 1239, 37393, 22759, 20570, 16100, 10063, 26977, 9147, 21847, 18885, 35049, 40367, 6108, 38931, 11608, 18744, 10131, 33446, 43685, 20222, 37791, 8106, 4476, 238, 31263, 28067, 41559, 23458, 41498, 49856, 3577, 27777, 43047, 5236, 24079, 8026, 35587, 46216, 37422, 9039, 38522, 1458, 28988, 26982, 42664, 18482, 27043, 39377, 23688, 3532, 42693, 16849, 21485, 2213, 37587, 38110, 7915, 5162, 6243, 19718, 4530, 26456, 2831, 13194, 3958, 37508, 1194, 8148, 16667, 26652, 261, 30909)","(1, 1, 1, 0, 0, 1, 0, 1, 0, 0, 1, 0, 0, 1, 1, 1, 0, 1, 1, 1, 1, 1, 1, 1, 0, 1, 1, 1, 1, 1, 0, 0, 0, 1, 1, 0, 0, 0, 1, 1, 1, 1, 1, 1, 1, 0, 1, 0, 0, 0, 0, 1, 0, 1, 0, 1, 1, 1, 0, 1, 0, 1, 0, 1, 1, 0, 0, 1, 1, 1, 0, 1, 1, 1, 1, 1, 1, 0, 1, 1, 1, 0, 1, 1, 1, 1, 0, 0, 0, 0, 1, 1, 1, 0, 1, 1, 0, 0, 0, 0, 0, 1, 0, 0, 1, 1, 1, 0, 1, 1, 1, 0, 0, 0, 1, 0, 0, 1, 1, 1, 1, 1, 0, 0, 1, 1, 1, 0, 1, 1, 0, 1, 0, 1, 0, 1, 1, 1, 0, 0, 1, 1, 1, 0, 1, 1, 0, 1, 1, 1, 1, 1, 1, 0, 0, 1, 0, 0, 1, 1, 0, 1, 1, 1, 0, 0, 1, 1, 0, 1, 1, 0, 0, 1, 1, 0, 1, 1, 0, 1, 1, 1, 1, 0, 0, 1, 1, 1, 1, 1, 1, 1, 1, 0, 1, 1, 1, 0, 1, 0)"
121.699387,200,894.846701,2,"(18536, 11747, 20764, 24566, 33497, 27856, 43885, 5444, 19206, 495, 48438, 28253, 21894, 46679, 427, 26919, 20442, 48422, 37871, 49423, 15406, 22816, 5730, 12373, 24217, 46291, 45706, 16549, 46319, 17331, 18745, 35733, 9414, 8890, 18202, 11576, 24277, 29346, 35430, 25347, 47636, 41291, 25971, 11009, 36758, 48212, 32659, 34410, 10671, 27842, 27960, 38888, 11128, 38286, 42537, 37340, 34265, 24166, 26183, 14457, 7380, 18309, 44915, 27188, 46862, 4934, 28117, 16200, 41261, 32697, 3378, 21272, 16036, 20767, 5718, 32937, 5944, 36833, 14795, 1139, 24769, 20695, 47985, 7083, 11880, 33383, 1858, 42929, 48824, 9219, 35252, 31915, 22414, 8864, 14031, 3338, 20646, 10458, 48767, 23567, 17382, 22448, 8940, 25390, 43305, 32434, 42877, 22834, 11083, 32328, 13134, 14987, 16712, 41728, 44289, 29001, 20316, 20891, 6789, 16769, 33198, 1243, 36504, 27963, 8402, 20182, 38094, 35198, 41517, 29697, 49742, 29230, 23370, 39944, 9399, 19930, 18258, 33198, 46975, 29801, 4065, 23491, 54, 26702, 17597, 10765, 32778, 2190, 39319, 14399, 19763, 26538, 20906, 24727, 14281, 1907, 3155, 19721, 43075, 38129, 35763, 15571, 26429, 7480, 12049, 13339, 26951, 37403, 9883, 2408, 27396, 44574, 7041, 3927, 24114, 29994, 27492, 3175, 40336, 43948, 4484, 42783, 49037, 13242, 38502, 27756, 27563, 19201, 13541, 23530, 15435, 16291, 11157, 42520, 39384, 13753, 18405, 45838, 38968, 27275)","(1, 1, 1, 1, 0, 1, 0, 1, 1, 1, 0, 0, 1, 1, 1, 0, 0, 0, 1, 1, 1, 0, 1, 1, 1, 1, 0, 1, 0, 1, 0, 1, 1, 1, 0, 1, 0, 1, 1, 1, 0, 0, 1, 1, 0, 0, 0, 0, 1, 1, 1, 1, 1, 0, 1, 1, 1, 1, 1, 1, 0, 1, 0, 1, 0, 1, 1, 1, 0, 0, 1, 1, 1, 1, 1, 1, 1, 1, 1, 1, 0, 1, 1, 1, 1, 0, 1, 0, 1, 1, 0, 1, 0, 1, 0, 1, 1, 0, 1, 1, 1, 0, 1, 1, 0, 0, 1, 0, 1, 1, 1, 1, 1, 1, 0, 1, 1, 1, 1, 1, 0, 1, 0, 1, 1, 1, 0, 0, 0, 1, 0, 1, 1, 0, 1, 0, 1, 0, 0, 1, 1, 1, 1, 1, 1, 1, 1, 1, 0, 1, 1, 1, 1, 1, 1, 1, 1, 1, 0, 1, 1, 1, 1, 1, 1, 1, 1, 1, 1, 1, 1, 0, 1, 1, 1, 0, 0, 1, 0, 0, 1, 0, 1, 1, 1, 0, 0, 1, 1, 1, 1, 1, 1, 0, 0, 0, 0, 0, 1, 1)"
57.21985,200,905.621984,7,"(11806, 26425, 24697, 29426, 41841, 49497, 45072, 19869, 17291, 31976, 12523, 42066, 32750, 9414, 12129, 44659, 32097, 32446, 27531, 2638, 24351, 17189, 43555, 4270, 43541, 35778, 33219, 44257, 32199, 17508, 28475, 3002, 19521, 32561, 4788, 10846, 16389, 38813, 12190, 29626, 23408, 33313, 41831, 33571, 8343, 21991, 13844, 36059, 10931, 14257, 11669, 48274, 42285, 36168, 24978, 23616, 8125, 8612, 27087, 113, 443, 16329, 11173, 44101, 26738, 878, 19744, 16818, 35251, 49657, 18237, 20541, 39377, 21510, 39900, 36024, 22765, 36293, 33045, 20201, 8207, 4912, 38668, 22478, 12334, 31521, 10899, 24205, 41783, 19788, 12216, 48236, 41079, 12739, 15563, 37173, 14815, 44917, 22222, 39474, 3201, 11782, 32578, 27167, 14318, 48601, 745, 45815, 12632, 39737, 33275, 39700, 7279, 7025, 27924, 13674, 20729, 13391, 448, 15168, 27793, 4675, 375, 21008, 48044, 5294, 34799, 4353, 18577, 46683, 21680, 28589, 15448, 8005, 10195, 14841, 38262, 34065, 28981, 26559, 11141, 38947, 30384, 31473, 23631, 25768, 46488, 17838, 17834, 40349, 18042, 38012, 39154, 27939, 20539, 45976, 37618, 22220, 38459, 20156, 7495, 26274, 45868, 19481, 39761, 12028, 26463, 23110, 43022, 13104, 23992, 33814, 38447, 29736, 17443, 10569, 8539, 12204, 26658, 7073, 19720, 43773, 8819, 15711, 13525, 4159, 31651, 8631, 3126, 28338, 26609, 16526, 14343, 10171, 25001, 26657, 41091, 21216, 12148, 5383)","(0, 1, 0, 0, 0, 1, 0, 0, 0, 0, 1, 0, 0, 1, 1, 0, 0, 0, 0, 1, 0, 1, 0, 1, 0, 1, 0, 0, 0, 1, 1, 1, 1, 0, 1, 1, 1, 0, 1, 1, 1, 0, 0, 0, 1, 1, 1, 1, 1, 0, 1, 0, 0, 1, 0, 0, 1, 1, 1, 1, 1, 1, 0, 0, 0, 1, 0, 1, 0, 0, 1, 1, 0, 1, 0, 0, 0, 0, 0, 1, 1, 1, 0, 0, 1, 0, 1, 1, 0, 1, 1, 0, 0, 1, 1, 1, 1, 0, 1, 0, 1, 1, 0, 1, 1, 0, 1, 0, 1, 0, 0, 0, 0, 1, 1, 1, 1, 1, 1, 1, 1, 1, 1, 1, 0, 1, 0, 1, 0, 0, 1, 0, 1, 1, 1, 1, 0, 0, 1, 1, 1, 0, 0, 1, 0, 0, 0, 0, 1, 0, 1, 0, 0, 0, 1, 0, 1, 1, 0, 1, 1, 1, 0, 1, 0, 1, 1, 0, 0, 1, 1, 0, 0, 1, 1, 1, 0, 0, 1, 0, 1, 0, 1, 0, 1, 1, 0, 1, 1, 0, 0, 0, 0, 1, 1, 1, 0, 1, 1, 1)"
34.911307,200,908.24652,7,"(42527, 13904, 23753, 17965, 2199, 27926, 25878, 37176, 37211, 301, 32075, 34728, 10272, 35013, 32659, 28699, 31555, 46347, 30648, 27132, 24454, 12647, 36146, 14954, 365, 29878, 2267, 36000, 2971, 46592, 35148, 27631, 32653, 40093, 11327, 15963, 36274, 13150, 27960, 23491, 11438, 27632, 16623, 33658, 43088, 28756, 15231, 29312, 22934, 2045, 42039, 49023, 21547, 32385, 44295, 11567, 3664, 20187, 25097, 5197, 47645, 17589, 33522, 33979, 21607, 10457, 6024, 40831, 19855, 9391, 7886, 1366, 39864, 49437, 33555, 11374, 46024, 7545, 7101, 5964, 993, 38654, 42633, 35079, 13956, 12866, 7684, 43830, 1596, 37880, 49840, 38848, 44710, 42587, 14701, 29703, 23037, 9044, 14611, 20098, 49355, 5455, 19627, 9116, 22987, 47723, 22840, 9129, 2690, 46468, 20185, 47216, 25588, 42731, 34980, 12298, 36744, 26217, 47181, 35447, 27978, 17272, 22185, 42151, 2260, 40530, 2032, 39362, 1194, 12960, 34839, 41330, 2436, 33798, 27064, 43213, 5820, 46715, 14543, 29909, 44044, 25508, 31234, 36981, 19526, 20776, 22551, 2694, 44242, 29896, 12479, 40779, 24834, 25187, 5509, 27876, 23898, 15332, 43722, 30272, 46097, 30043, 7314, 9717, 6112, 46411, 18451, 48150, 36650, 16123, 22634, 49689, 12118, 3391, 16766, 41696, 41893, 36959, 27987, 34422, 32034, 18962, 31489, 6865, 28163, 23817, 32395, 4810, 48687, 18177, 3651, 12094, 46044, 45075, 2612, 2989, 27474, 25315, 22009, 9679)","(0, 1, 1, 1, 1, 1, 0, 0, 0, 1, 0, 0, 1, 0, 0, 1, 0, 0, 0, 0, 1, 1, 0, 0, 1, 0, 0, 0, 1, 0, 0, 1, 0, 0, 1, 1, 0, 1, 1, 1, 1, 0, 0, 0, 0, 0, 1, 1, 0, 1, 0, 0, 1, 0, 0, 1, 1, 1, 1, 1, 0, 0, 0, 0, 0, 1, 1, 0, 1, 1, 1, 1, 0, 0, 0, 1, 0, 1, 1, 1, 1, 0, 0, 0, 1, 0, 1, 0, 0, 1, 0, 0, 0, 0, 0, 0, 0, 1, 1, 1, 0, 0, 1, 1, 0, 0, 0, 1, 1, 0, 1, 0, 1, 0, 0, 1, 0, 0, 0, 0, 1, 1, 1, 0, 1, 0, 1, 0, 1, 0, 0, 0, 1, 0, 1, 0, 1, 0, 1, 0, 0, 1, 1, 0, 1, 1, 0, 1, 0, 0, 1, 0, 0, 1, 0, 1, 1, 1, 0, 0, 0, 0, 0, 1, 1, 0, 0, 0, 0, 1, 0, 0, 1, 1, 1, 0, 0, 0, 1, 0, 0, 1, 1, 1, 0, 1, 0, 1, 0, 1, 1, 1, 0, 0, 1, 1, 0, 0, 1, 1)"
133.326386,200,910.742689,2,"(11809, 42241, 25889, 42578, 36592, 16446, 46706, 37039, 34552, 47651, 12265, 26554, 12762, 11935, 2796, 20856, 3509, 26045, 1616, 48824, 8074, 23106, 3405, 39159, 4101, 16637, 11175, 14986, 4920, 26190, 49415, 42972, 43816, 9726, 15562, 20629, 7101, 4449, 44452, 12576, 27773, 14183, 28814, 43121, 24849, 13002, 36356, 33340, 13150, 7650, 44561, 36510, 19790, 7208, 19240, 20992, 5432, 25223, 6607, 168, 9023, 46054, 35649, 2987, 28237, 24762, 787, 26251, 10687, 36976, 19133, 24281, 23632, 13989, 12396, 10182, 33356, 40576, 23591, 4095, 39473, 29306, 11197, 9846, 5178, 3307, 26547, 34982, 48560, 299, 32864, 20047, 4590, 49363, 11898, 41583, 21406, 48863, 7302, 11787, 31299, 31468, 48998, 48787, 32376, 41848, 16315, 38981, 9127, 43818, 29206, 47700, 35111, 45958, 26453, 10559, 43513, 18209, 6818, 4695, 34177, 38930, 25003, 8007, 41633, 49494, 29218, 42716, 13050, 38932, 37770, 12120, 10461, 47349, 39276, 25449, 27275, 27629, 22813, 48381, 1227, 5046, 37109, 28924, 35660, 23034, 10137, 12592, 49976, 31783, 26396, 12736, 32189, 41967, 45519, 10022, 14291, 22720, 11259, 46745, 23645, 9488, 3724, 35089, 36506, 4279, 27656, 6024, 4431, 5888, 36482, 27225, 15577, 5968, 20129, 3250, 49794, 40963, 37686, 20767, 26291, 27270, 28890, 4745, 19319, 20116, 5870, 41202, 19029, 4413, 13272, 4433, 1182, 9882, 49107, 16644, 13054, 2850, 36377, 39708)","(1, 1, 1, 1, 1, 1, 1, 1, 0, 1, 1, 0, 1, 1, 1, 1, 1, 1, 1, 1, 1, 0, 1, 0, 1, 1, 1, 1, 1, 1, 1, 1, 0, 1, 1, 1, 1, 1, 0, 1, 0, 1, 1, 0, 1, 1, 1, 0, 1, 1, 0, 1, 1, 1, 1, 1, 1, 0, 1, 1, 1, 0, 1, 1, 0, 0, 1, 1, 0, 1, 1, 0, 1, 1, 1, 1, 0, 0, 0, 1, 0, 1, 1, 1, 1, 0, 1, 0, 0, 1, 0, 1, 1, 1, 1, 1, 1, 0, 1, 1, 1, 1, 1, 0, 1, 1, 1, 1, 1, 1, 1, 1, 0, 0, 1, 1, 0, 1, 1, 1, 1, 1, 1, 1, 0, 1, 1, 0, 1, 0, 1, 1, 0, 0, 1, 1, 1, 1, 0, 0, 1, 1, 1, 1, 1, 0, 1, 1, 0, 0, 1, 1, 1, 0, 0, 1, 1, 0, 0, 1, 1, 1, 1, 0, 1, 1, 0, 1, 1, 1, 1, 1, 1, 1, 1, 1, 0, 0, 1, 1, 1, 1, 1, 1, 1, 1, 1, 0, 1, 0, 0, 1, 1, 1, 1, 1, 1, 1, 1, 0)"
121.331973,200,913.359769,2,"(30419, 17215, 38240, 37968, 35013, 554, 47255, 28490, 35027, 29007, 12853, 26692, 26585, 45611, 45991, 17060, 49527, 16966, 3836, 5276, 11691, 47881, 21138, 49105, 14670, 23764, 41648, 25280, 44554, 14939, 28978, 24414, 8380, 151, 26828, 42614, 35082, 40384, 23285, 2107, 42757, 16468, 13664, 19269, 39115, 726, 22324, 28154, 17238, 6886, 46777, 9179, 27080, 16875, 26556, 33886, 38269, 11906, 38615, 47772, 37765, 34845, 48700, 16892, 38878, 27249, 19167, 13483, 8083, 7882, 1466, 2215, 30198, 27833, 14062, 847, 43772, 26144, 21993, 39333, 21506, 30860, 47190, 46735, 40873, 5491, 24643, 44112, 13791, 6240, 7555, 33320, 49750, 43740, 17459, 39141, 10394, 6321, 5266, 50005, 4529, 21630, 17148, 11929, 25248, 450, 27577, 32486, 16393, 25581, 35590, 2482, 32999, 9843, 9785, 26464, 29341, 11469, 17169, 4964, 32540, 23678, 46759, 16584, 22265, 1274, 32658, 38540, 24691, 36868, 18748, 46242, 32884, 19814, 29120, 45784, 12127, 13867, 27369, 38483, 41601, 40908, 43452, 4827, 732, 38746, 39150, 8371, 4307, 45666, 34424, 32031, 21093, 21494, 10105, 27465, 8599, 22052, 39105, 10165, 49595, 33584, 18223, 26034, 3948, 14107, 6237, 13424, 8519, 45839, 9717, 4429, 35812, 45998, 2566, 3386, 29484, 10744, 21043, 27692, 8177, 28271, 41575, 32736, 25562, 23202, 48481, 31541, 43177, 21345, 40081, 14472, 46943, 2155, 14105, 8338, 45479, 45701, 13723, 29399)","(0, 1, 0, 1, 0, 1, 1, 1, 0, 1, 1, 1, 1, 0, 0, 0, 1, 1, 1, 1, 0, 0, 0, 1, 1, 1, 1, 1, 0, 0, 1, 1, 1, 1, 1, 0, 0, 0, 1, 1, 0, 1, 1, 1, 0, 1, 0, 0, 1, 1, 1, 1, 0, 1, 1, 1, 1, 1, 1, 0, 1, 0, 1, 1, 0, 1, 1, 1, 1, 1, 1, 1, 0, 0, 1, 1, 0, 1, 1, 0, 1, 0, 1, 1, 0, 1, 0, 0, 0, 1, 1, 0, 0, 0, 1, 0, 1, 1, 1, 1, 1, 1, 0, 1, 1, 1, 0, 1, 1, 1, 1, 1, 1, 1, 1, 1, 1, 1, 0, 1, 1, 1, 1, 1, 0, 1, 1, 1, 1, 1, 1, 1, 1, 1, 0, 1, 1, 1, 1, 1, 0, 0, 0, 1, 1, 1, 1, 1, 1, 1, 1, 1, 1, 1, 1, 0, 1, 0, 0, 1, 0, 1, 1, 1, 1, 1, 1, 1, 1, 1, 1, 1, 1, 0, 1, 1, 1, 1, 1, 1, 1, 0, 0, 0, 1, 0, 1, 0, 0, 1, 0, 1, 1, 1, 1, 1, 1, 1, 0, 1)"
69.950714,200,915.914936,4,"(21491, 46484, 32077, 4384, 24856, 13526, 17761, 36203, 19182, 9757, 20454, 22481, 20558, 17830, 5181, 10459, 24949, 14717, 17727, 6515, 38666, 8314, 10967, 20884, 17681, 28193, 41397, 4335, 5057, 24217, 35637, 44032, 10355, 20665, 1916, 49558, 10879, 17209, 23675, 24876, 16916, 21492, 34636, 17331, 26386, 35237, 28085, 38028, 17086, 27008, 30551, 41697, 39400, 2679, 26715, 5127, 15480, 43473, 7141, 34435, 28018, 43336, 472, 5200, 41194, 38352, 19186, 44731, 21964, 43314, 28292, 38233, 42214, 46154, 20687, 13703, 11128, 5432, 24674, 17321, 23441, 15627, 36419, 38346, 23624, 14615, 27239, 8903, 47192, 35030, 21782, 43947, 29773, 23013, 21313, 17873, 16748, 40107, 18147, 11730, 31776, 7623, 30924, 42544, 45880, 20603, 2720, 31428, 26882, 14564, 2713, 40327, 35824, 33493, 16983, 3723, 47163, 11452, 6809, 7765, 45630, 189, 39708, 25698, 188, 24343, 36154, 24752, 12416, 20987, 1641, 47204, 5890, 47732, 5246, 12277, 40860, 49216, 19171, 37721, 20172, 32304, 41752, 12297, 5823, 33529, 17859, 33080, 27070, 42202, 28953, 46066, 2905, 36371, 29847, 26802, 30335, 14013, 36465, 43891, 27681, 40621, 1170, 45346, 32311, 26475, 33410, 20425, 615, 24397, 35334, 319, 30277, 13433, 47072, 3962, 30726, 28578, 49135, 34518, 47632, 9296, 44873, 19962, 49907, 17900, 30794, 48380, 4956, 14311, 42510, 4821, 31244, 24367, 24853, 48490, 29138, 27350, 49486, 37412)","(1, 1, 1, 1, 1, 1, 1, 1, 0, 1, 1, 0, 1, 0, 1, 0, 1, 1, 1, 1, 0, 1, 1, 1, 1, 0, 1, 1, 1, 1, 0, 0, 1, 0, 1, 1, 1, 0, 1, 1, 1, 1, 0, 1, 0, 1, 0, 1, 1, 1, 0, 1, 1, 1, 0, 1, 1, 0, 1, 0, 1, 0, 1, 1, 1, 1, 1, 0, 1, 0, 0, 0, 0, 0, 1, 0, 1, 1, 1, 0, 1, 1, 1, 1, 1, 1, 1, 1, 0, 0, 1, 0, 0, 0, 1, 1, 1, 0, 0, 1, 1, 1, 0, 0, 1, 1, 1, 1, 1, 0, 0, 0, 1, 0, 1, 0, 0, 1, 1, 1, 0, 1, 0, 0, 1, 0, 0, 1, 1, 1, 1, 0, 1, 0, 1, 1, 1, 0, 1, 1, 0, 0, 1, 1, 0, 0, 0, 1, 1, 1, 1, 0, 1, 0, 0, 0, 0, 1, 0, 0, 1, 0, 1, 1, 0, 1, 1, 1, 1, 0, 0, 1, 0, 0, 1, 1, 0, 0, 0, 1, 0, 0, 0, 0, 1, 1, 0, 0, 0, 1, 0, 1, 1, 1, 0, 0, 0, 0, 0, 1)"
75.769392,200,918.317474,0,"(38773, 22254, 45014, 928, 32816, 979, 5323, 23212, 12387, 24815, 5717, 28976, 23502, 17762, 8225, 21730, 35875, 40777, 7555, 4076, 39513, 45019, 38226, 11916, 32901, 25577, 25799, 11507, 29935, 26951, 45851, 45234, 33203, 14215, 19605, 19790, 11193, 12965, 9986, 27929, 41406, 43302, 18438, 659, 19908, 23900, 42331, 35004, 20568, 40333, 22719, 19024, 38617, 38834, 21277, 45476, 36425, 5000, 10937, 6909, 38113, 47289, 24811, 47194, 15129, 1674, 25300, 44051, 46143, 13213, 34027, 45527, 20084, 4116, 4719, 10116, 27469, 25117, 26618, 25376, 38228, 49473, 24206, 24977, 1133, 10369, 12, 10954, 4266, 5453, 39599, 44484, 30803, 28853, 33495, 22959, 48500, 30687, 17586, 32567, 47851, 16366, 9364, 22609, 19402, 20175, 29362, 33688, 20979, 14405, 48561, 22403, 32865, 12804, 5246, 16092, 33342, 44596, 11585, 1320, 30310, 8397, 46045, 24994, 18245, 41430, 2350, 3900, 39092, 27255, 21333, 34793, 49661, 47420, 38944, 288, 2269, 9152, 118, 30640, 2275, 31993, 49194, 17393, 27628, 21689, 33237, 48545, 14714, 23773, 19859, 40175, 15542, 16169, 11944, 11458, 36935, 39293, 28753, 4422, 3539, 10664, 45509, 15496, 19484, 40264, 36186, 10974, 23709, 32506, 25444, 8878, 18112, 49699, 45219, 34936, 47052, 18883, 33319, 25898, 50006, 43692, 17356, 47089, 22361, 30603, 49444, 27168, 49381, 26902, 11174, 16704, 27257, 14663, 25391, 19069, 6551, 21366, 21031, 30328)","(0, 0, 0, 1, 0, 1, 1, 0, 1, 1, 1, 1, 1, 1, 1, 1, 0, 0, 1, 1, 0, 0, 0, 1, 0, 1, 0, 1, 0, 1, 1, 0, 0, 1, 1, 1, 1, 1, 1, 0, 0, 0, 1, 1, 1, 1, 0, 0, 0, 0, 0, 1, 1, 0, 0, 0, 0, 1, 0, 1, 0, 1, 1, 0, 1, 1, 1, 0, 0, 1, 0, 1, 1, 1, 1, 0, 0, 0, 0, 1, 0, 0, 0, 0, 1, 1, 1, 1, 1, 1, 0, 0, 0, 1, 1, 0, 0, 0, 0, 0, 0, 1, 1, 0, 1, 0, 1, 0, 1, 1, 0, 0, 1, 0, 1, 1, 0, 0, 1, 1, 0, 1, 0, 1, 1, 0, 1, 1, 1, 1, 0, 0, 0, 0, 0, 1, 1, 1, 1, 0, 1, 0, 1, 0, 1, 1, 0, 0, 1, 1, 0, 0, 1, 0, 1, 1, 1, 0, 1, 0, 1, 1, 1, 1, 1, 0, 0, 0, 0, 1, 1, 1, 1, 0, 0, 0, 1, 0, 0, 0, 0, 0, 1, 0, 0, 0, 0, 1, 0, 1, 1, 1, 0, 1, 1, 1, 1, 1, 1, 0)"
111.779777,200,920.759608,1,"(8888, 42847, 38565, 42882, 14347, 28846, 10459, 48208, 24390, 1183, 11841, 22392, 20445, 6727, 35423, 40465, 47154, 21859, 23915, 42178, 8814, 7495, 15138, 7709, 34379, 24313, 19920, 25107, 16717, 6103, 17466, 22652, 11889, 4741, 6421, 27786, 40810, 12280, 10783, 49737, 31031, 10467, 16379, 42454, 45337, 8101, 23612, 15324, 14112, 3279, 5270, 41308, 12604, 46879, 4247, 16085, 10733, 39024, 14882, 30471, 49536, 6320, 47288, 13496, 10868, 41049, 172, 39216, 47848, 11509, 11439, 42114, 10123, 42232, 47770, 20707, 16377, 31360, 9837, 6669, 4315, 26690, 11236, 34106, 44555, 30827, 42868, 41812, 18073, 22916, 26489, 4274, 31440, 217, 1499, 7516, 26510, 14292, 48324, 178, 1194, 24869, 15200, 2855, 22954, 24531, 30713, 3610, 4920, 39854, 27265, 25905, 20111, 24453, 18943, 45744, 40279, 9847, 6188, 18877, 15434, 34249, 47187, 35906, 7997, 16424, 47588, 27259, 13974, 23840, 2204, 49354, 36355, 5157, 34745, 3927, 17464, 15816, 19180, 44947, 15245, 7070, 22750, 38597, 20809, 41768, 16099, 9834, 8935, 43156, 20989, 10319, 47487, 12985, 33305, 11458, 13923, 35501, 20418, 23133, 44899, 26015, 38152, 9569, 12280, 21716, 1286, 30939, 26705, 35017, 33141, 37788, 12672, 32592, 33146, 32002, 49860, 38023, 4340, 39632, 27677, 39593, 15407, 47652, 34459, 41102, 19600, 2532, 10796, 37439, 12898, 15284, 45241, 36175, 43953, 41586, 29067, 30152, 20524, 17035)","(1, 0, 1, 1, 1, 1, 0, 1, 1, 1, 0, 0, 1, 1, 1, 1, 1, 1, 1, 0, 1, 1, 1, 1, 1, 0, 0, 1, 1, 1, 1, 0, 1, 0, 1, 1, 0, 0, 1, 0, 1, 1, 1, 0, 1, 1, 0, 1, 1, 1, 1, 1, 1, 1, 1, 0, 1, 1, 1, 0, 1, 1, 1, 1, 1, 1, 1, 0, 0, 1, 1, 0, 1, 0, 1, 1, 0, 1, 1, 1, 1, 1, 1, 0, 0, 0, 1, 0, 1, 0, 1, 1, 0, 1, 1, 1, 0, 1, 0, 1, 1, 0, 1, 1, 0, 1, 0, 1, 1, 0, 1, 0, 1, 1, 1, 1, 0, 0, 1, 1, 1, 1, 0, 1, 1, 1, 0, 1, 0, 1, 1, 1, 1, 1, 1, 1, 1, 1, 1, 0, 1, 0, 0, 0, 1, 1, 1, 1, 0, 1, 0, 1, 1, 1, 1, 1, 0, 1, 1, 0, 0, 0, 0, 1, 0, 1, 0, 0, 1, 0, 0, 1, 1, 1, 1, 0, 0, 1, 1, 1, 0, 0, 1, 1, 0, 0, 0, 1, 1, 0, 1, 1, 1, 1, 0, 1, 1, 0, 0, 1)"
50.373418,200,923.168494,7,"(30126, 35040, 10405, 21060, 36536, 48711, 20199, 39315, 7857, 2197, 7622, 3911, 23404, 22850, 30187, 7004, 48580, 15628, 32664, 40762, 16243, 22697, 43404, 11056, 6348, 25042, 12806, 24697, 3208, 33881, 1598, 36322, 45247, 19202, 26962, 3228, 2051, 10852, 17167, 15767, 30471, 29985, 2646, 46706, 42822, 2436, 16411, 26432, 49782, 43177, 2352, 27076, 39026, 11250, 26171, 26079, 22407, 46727, 8214, 9938, 41053, 8192, 23900, 49531, 45285, 9082, 38344, 21292, 22013, 2320, 1422, 17147, 21418, 44696, 26890, 12686, 30098, 22944, 6343, 6848, 19843, 35991, 7875, 46545, 17074, 13075, 8505, 46166, 49754, 35656, 43355, 44890, 2124, 24286, 18237, 22619, 21842, 18109, 47557, 30736, 49935, 45648, 45176, 6039, 11345, 27267, 3792, 8217, 12978, 26992, 47554, 24151, 12120, 23554, 17644, 10353, 36208, 2774, 39646, 44836, 10430, 35497, 6164, 29678, 20912, 38111, 31378, 13382, 34294, 34210, 40588, 45590, 19730, 41988, 26759, 5111, 13000, 3087, 10653, 12723, 48064, 27270, 33744, 36436, 4889, 30078, 1403, 24660, 1764, 35356, 20227, 27759, 28621, 2425, 24139, 18833, 13969, 7221, 9766, 27273, 25914, 45817, 25237, 5162, 43922, 9477, 2023, 24336, 26524, 38311, 27356, 46398, 7771, 42884, 1936, 12895, 3784, 14504, 16747, 15811, 33164, 13908, 10689, 28054, 11909, 2050, 46188, 24264, 14433, 12499, 29648, 20404, 17200, 38891, 19704, 16476, 16185, 18105, 15763, 39410)","(1, 0, 1, 1, 1, 0, 1, 0, 1, 1, 1, 1, 1, 0, 0, 1, 0, 1, 0, 0, 1, 0, 0, 1, 0, 0, 1, 0, 1, 0, 1, 0, 0, 1, 1, 1, 1, 1, 1, 1, 0, 0, 1, 0, 0, 1, 0, 1, 0, 0, 0, 1, 0, 1, 0, 1, 0, 0, 1, 1, 0, 0, 1, 0, 0, 1, 0, 1, 1, 1, 1, 0, 1, 0, 0, 1, 0, 0, 0, 1, 0, 0, 1, 0, 1, 1, 1, 0, 0, 0, 0, 0, 1, 1, 1, 0, 1, 0, 0, 0, 0, 0, 0, 1, 1, 1, 1, 0, 0, 1, 0, 1, 1, 1, 1, 1, 0, 1, 0, 0, 1, 0, 1, 0, 1, 0, 1, 1, 0, 0, 0, 0, 1, 0, 0, 1, 0, 1, 1, 1, 0, 1, 0, 0, 1, 0, 1, 1, 1, 0, 1, 0, 1, 0, 0, 1, 1, 0, 1, 1, 1, 0, 1, 1, 0, 1, 1, 1, 0, 1, 0, 0, 1, 0, 1, 0, 1, 0, 1, 1, 0, 1, 1, 0, 1, 1, 0, 0, 1, 1, 1, 1, 1, 0, 0, 0, 1, 0, 1, 0)"
62.853647,200,925.770672,3,"(32078, 35937, 49455, 19400, 13572, 9997, 29916, 33436, 42657, 3040, 14554, 45474, 42100, 14155, 48273, 18474, 33820, 6023, 12028, 35823, 23550, 3833, 1295, 3327, 13923, 47523, 4430, 20553, 28279, 3166, 40596, 33510, 37108, 37084, 28236, 20990, 14546, 36567, 34619, 5915, 42304, 30673, 23398, 8853, 23526, 2873, 13853, 16379, 4945, 49549, 37116, 36878, 8201, 5197, 29038, 40725, 13759, 34225, 44651, 36467, 28773, 15705, 40015, 5179, 13834, 24883, 10953, 18012, 26175, 31000, 23910, 6433, 26990, 6616, 23163, 39104, 5641, 28356, 39835, 16164, 21052, 40123, 16486, 40724, 1449, 23095, 40903, 46996, 4127, 2989, 6898, 42917, 4793, 35969, 2151, 20112, 13485, 2699, 22009, 46288, 8140, 10204, 41776, 25542, 11448, 41404, 26994, 32297, 45241, 49174, 24534, 11117, 18366, 44288, 42641, 48591, 6937, 37229, 44936, 13018, 32551, 7760, 35753, 14832, 1064, 37844, 715, 17889, 47201, 2129, 41125, 1368, 17586, 8241, 36248, 38800, 34133, 22377, 3509, 22515, 35211, 43415, 6262, 33528, 34791, 47448, 5208, 36748, 1389, 49400, 17789, 29625, 14818, 16733, 21537, 39427, 39869, 11474, 37404, 23706, 12471, 38394, 26022, 17913, 47983, 3682, 16484, 18062, 28310, 35894, 45325, 31878, 19122, 49907, 38612, 37800, 42852, 32662, 14028, 20362, 9418, 47307, 15460, 39239, 39747, 11745, 10977, 6758, 31554, 1088, 37301, 4542, 43324, 10609, 26823, 26261, 15975, 3917, 38227, 14260)","(0, 1, 0, 0, 1, 1, 0, 0, 1, 1, 1, 0, 0, 1, 0, 1, 0, 1, 1, 1, 1, 1, 1, 1, 0, 1, 1, 1, 0, 0, 0, 1, 1, 1, 0, 1, 0, 0, 0, 1, 0, 0, 1, 0, 1, 1, 1, 1, 1, 0, 0, 1, 0, 1, 1, 0, 0, 0, 0, 0, 1, 0, 0, 1, 1, 1, 1, 1, 1, 1, 1, 0, 1, 1, 0, 0, 1, 0, 0, 1, 1, 0, 1, 0, 1, 0, 0, 0, 0, 1, 1, 0, 1, 0, 1, 1, 1, 1, 1, 0, 1, 1, 1, 1, 1, 0, 0, 1, 0, 0, 1, 1, 1, 0, 1, 0, 1, 0, 0, 0, 0, 1, 0, 1, 1, 1, 1, 1, 0, 1, 0, 1, 0, 1, 0, 0, 0, 0, 1, 0, 0, 0, 1, 0, 0, 1, 1, 0, 1, 0, 0, 0, 1, 1, 1, 0, 0, 1, 1, 1, 1, 1, 0, 1, 1, 1, 1, 0, 0, 0, 0, 0, 1, 0, 0, 0, 0, 1, 1, 1, 1, 0, 1, 1, 0, 1, 1, 1, 0, 1, 0, 1, 0, 1, 0, 1, 1, 1, 0, 1)"
38.342909,200,928.581896,8,"(9465, 15858, 39006, 6977, 15080, 43021, 21735, 18429, 32197, 857, 25346, 29957, 12577, 48762, 30070, 35002, 48531, 40706, 43270, 26098, 36403, 38946, 39916, 10077, 31027, 42941, 41999, 2102, 8991, 23876, 48118, 7184, 3254, 17102, 5474, 15353, 527, 10302, 15351, 36431, 6730, 22647, 5629, 48946, 25038, 49717, 27123, 19115, 37151, 6991, 32311, 32594, 28356, 2317, 18213, 47726, 33248, 13016, 16719, 9588, 14846, 15205, 43492, 48102, 36637, 21177, 21125, 18977, 4, 23053, 38748, 980, 8564, 23981, 14119, 26643, 25375, 37542, 5207, 26934, 18705, 36905, 43136, 49909, 40075, 3038, 41217, 10850, 8603, 49191, 48792, 10336, 25522, 42074, 33169, 47037, 26072, 48288, 3020, 22089, 21286, 8361, 47900, 24262, 43692, 43599, 49158, 32258, 12792, 47789, 29303, 8203, 13691, 45499, 19251, 24807, 17012, 49370, 2406, 26553, 2916, 10903, 42765, 25745, 29258, 38480, 4660, 21803, 13737, 5766, 20295, 2225, 41928, 18932, 35305, 24798, 7983, 36283, 30609, 14458, 49034, 36417, 9982, 23614, 34494, 15897, 35564, 3064, 3335, 34938, 45365, 12819, 17189, 48754, 7471, 45565, 46822, 3929, 5126, 45631, 35467, 6911, 1942, 6212, 22750, 33525, 20815, 25019, 49903, 40466, 49938, 23716, 22782, 7914, 29535, 22571, 6732, 46908, 24064, 5407, 34672, 29682, 6094, 29387, 36147, 45929, 7584, 29217, 22192, 30553, 17348, 47861, 6389, 22420, 33067, 23197, 13042, 10089, 5196, 37524)","(1, 1, 0, 1, 1, 0, 1, 0, 0, 1, 1, 0, 1, 0, 0, 0, 0, 0, 0, 0, 0, 0, 0, 1, 0, 0, 0, 1, 1, 1, 0, 1, 1, 1, 1, 1, 1, 1, 1, 0, 1, 0, 1, 0, 1, 0, 0, 1, 0, 1, 0, 0, 0, 0, 0, 0, 0, 0, 1, 1, 1, 1, 0, 0, 0, 1, 1, 1, 1, 0, 0, 1, 1, 1, 1, 0, 1, 0, 1, 0, 0, 0, 0, 0, 0, 1, 0, 1, 1, 0, 0, 1, 0, 0, 0, 0, 1, 0, 1, 0, 0, 1, 0, 0, 0, 0, 0, 0, 1, 0, 1, 1, 0, 0, 1, 1, 1, 0, 0, 1, 1, 1, 0, 1, 1, 0, 1, 1, 0, 1, 1, 0, 0, 1, 0, 0, 1, 0, 0, 1, 0, 0, 1, 1, 0, 1, 0, 1, 1, 0, 0, 1, 0, 0, 1, 0, 0, 1, 1, 0, 0, 1, 1, 0, 0, 0, 1, 1, 0, 0, 0, 1, 0, 0, 0, 0, 1, 0, 1, 1, 0, 0, 1, 1, 0, 0, 1, 1, 1, 0, 0, 0, 1, 0, 0, 0, 0, 1, 1, 0)"
88.394776,200,939.703423,0,"(41028, 32775, 12755, 17642, 42069, 9894, 38299, 48626, 16308, 39592, 20831, 9414, 27033, 5595, 7494, 26780, 23649, 27875, 11803, 1977, 4012, 15644, 3051, 35279, 21522, 16252, 43088, 46491, 16654, 25192, 1068, 33157, 44318, 38881, 31936, 11261, 23293, 15920, 45343, 15201, 22568, 28267, 49876, 18419, 4773, 12689, 48744, 1785, 36923, 3550, 40644, 21229, 19328, 4866, 12595, 43780, 13049, 45831, 17227, 34778, 7944, 39800, 40489, 38546, 19650, 46399, 804, 8084, 5964, 40820, 1556, 37266, 20520, 31924, 45122, 37233, 40551, 49824, 12770, 31840, 48054, 15765, 22220, 11656, 953, 11559, 17440, 6217, 5918, 49360, 46064, 39015, 7405, 26357, 33678, 40556, 36513, 30386, 17054, 11972, 6283, 45872, 47556, 26222, 8408, 13241, 36211, 46522, 25414, 21093, 19217, 2300, 49437, 21433, 48118, 36404, 24566, 27434, 11516, 43412, 28932, 39960, 30043, 28814, 19026, 23209, 38039, 25820, 4208, 31960, 19332, 12520, 19065, 27496, 16817, 42149, 31757, 29004, 11717, 28102, 7295, 6152, 11229, 46987, 39414, 7708, 17659, 19315, 41505, 26153, 19465, 34970, 6951, 17995, 29825, 5307, 9514, 29485, 46297, 47789, 807, 44101, 11943, 49011, 38844, 23955, 31066, 37234, 45455, 28808, 24180, 21153, 39908, 5161, 35801, 24989, 49538, 41346, 40000, 24385, 9867, 18942, 14103, 34293, 47325, 35664, 49867, 397, 49616, 48054, 31782, 4199, 10638, 22594, 11777, 41198, 43328, 35121, 269, 23802)","(0, 1, 1, 0, 1, 0, 0, 0, 1, 0, 1, 1, 1, 1, 0, 0, 1, 1, 0, 1, 1, 1, 1, 0, 1, 1, 1, 0, 0, 1, 1, 0, 0, 1, 1, 0, 0, 0, 1, 1, 0, 0, 1, 0, 1, 1, 0, 1, 0, 1, 0, 0, 1, 1, 1, 0, 1, 0, 0, 1, 1, 1, 0, 1, 0, 0, 1, 1, 1, 1, 1, 0, 1, 0, 0, 0, 1, 0, 1, 0, 0, 1, 1, 1, 1, 1, 1, 1, 1, 1, 0, 0, 1, 0, 0, 0, 0, 0, 1, 1, 1, 1, 0, 1, 1, 1, 0, 1, 1, 1, 1, 1, 0, 1, 0, 0, 1, 0, 1, 0, 1, 0, 0, 0, 1, 0, 1, 0, 1, 1, 1, 1, 1, 0, 1, 0, 1, 1, 1, 1, 0, 1, 1, 0, 0, 1, 1, 0, 0, 1, 1, 0, 1, 1, 0, 1, 1, 0, 0, 0, 1, 0, 1, 0, 0, 1, 0, 0, 0, 0, 0, 1, 1, 1, 0, 1, 1, 1, 1, 1, 1, 1, 0, 0, 1, 0, 0, 1, 0, 0, 0, 1, 1, 0, 1, 1, 0, 0, 1, 1)"
79.285935,200,942.337095,7,"(49501, 20305, 440, 49955, 15315, 47014, 29292, 38812, 30073, 38891, 12083, 6280, 9553, 41612, 14299, 14178, 48250, 31009, 5308, 35277, 26216, 38425, 42143, 4034, 21617, 24994, 11278, 7977, 11243, 39155, 36573, 3991, 31942, 6841, 27372, 41527, 45626, 10852, 49134, 22214, 28684, 19804, 10161, 19742, 14866, 31235, 5400, 6838, 45927, 25553, 9098, 25243, 5621, 7854, 11596, 32545, 31183, 21990, 22300, 16620, 11208, 27731, 37003, 25716, 44384, 32245, 34857, 44023, 5948, 49021, 2204, 12441, 25665, 39992, 3429, 1896, 28347, 35367, 29470, 3072, 35358, 28395, 3783, 19321, 31489, 2097, 48646, 7813, 15892, 12494, 28058, 32204, 15080, 37011, 8023, 44752, 26696, 47601, 31834, 29717, 23907, 8847, 35189, 33646, 17235, 47090, 8068, 10828, 26412, 48858, 39003, 15358, 6970, 5465, 37306, 26166, 1024, 32394, 23337, 40253, 27201, 6001, 6905, 13927, 10322, 13077, 37714, 23634, 46882, 13974, 20884, 33272, 1473, 21981, 21523, 6973, 15574, 30248, 38762, 21337, 6985, 19515, 27490, 5802, 48049, 36601, 44208, 907, 44408, 4799, 44859, 34117, 41601, 18825, 39961, 39244, 16350, 15440, 6820, 10433, 2989, 7865, 5344, 2509, 40794, 17482, 19163, 38954, 36688, 34395, 12259, 19809, 9828, 26151, 10799, 20135, 47196, 44022, 25447, 36108, 46404, 10415, 33913, 25596, 5973, 12025, 17111, 49644, 10032, 49441, 7387, 3211, 16394, 18090, 18202, 45069, 4811, 34023, 1225, 1944)","(0, 1, 1, 0, 1, 0, 1, 0, 0, 0, 1, 1, 1, 0, 1, 1, 0, 1, 1, 0, 1, 0, 0, 1, 1, 1, 0, 0, 1, 0, 0, 1, 0, 1, 1, 0, 0, 1, 1, 0, 1, 0, 1, 1, 1, 1, 1, 1, 0, 1, 1, 1, 1, 1, 1, 0, 0, 1, 0, 0, 1, 1, 0, 0, 0, 0, 0, 0, 1, 1, 1, 1, 0, 0, 0, 1, 0, 0, 1, 1, 0, 0, 1, 1, 1, 1, 0, 1, 1, 1, 0, 0, 1, 0, 1, 0, 1, 0, 0, 0, 1, 1, 0, 0, 1, 0, 1, 1, 1, 1, 0, 1, 1, 1, 1, 1, 1, 0, 1, 0, 1, 1, 1, 1, 1, 1, 1, 1, 0, 0, 1, 0, 1, 1, 0, 1, 1, 0, 0, 1, 1, 1, 0, 1, 0, 0, 0, 1, 0, 1, 0, 0, 0, 1, 0, 0, 1, 0, 1, 1, 1, 1, 1, 1, 0, 0, 1, 0, 0, 0, 1, 1, 1, 1, 1, 1, 0, 0, 0, 1, 0, 1, 0, 0, 1, 1, 1, 0, 1, 0, 1, 1, 1, 1, 0, 0, 1, 0, 1, 1)"
65.99065,200,944.773092,3,"(40543, 46825, 48519, 40529, 48400, 35746, 12417, 21826, 14764, 35636, 15899, 33369, 41449, 7361, 15308, 31685, 6347, 3162, 17493, 47044, 1464, 4356, 23378, 1956, 23689, 10332, 7136, 39819, 8008, 15337, 32487, 15885, 33991, 5112, 9259, 28072, 12563, 35823, 21783, 31484, 15985, 16130, 1123, 1424, 28992, 42658, 6512, 8932, 47725, 36945, 20746, 30754, 25228, 6013, 21014, 36204, 4756, 23020, 49674, 24080, 15775, 15712, 33324, 33647, 5030, 1403, 36497, 8149, 25402, 3780, 46285, 42939, 1347, 15916, 32126, 7430, 42748, 2039, 4376, 35815, 2471, 40901, 28717, 37687, 45890, 32084, 42998, 1525, 30851, 3664, 24040, 45546, 41942, 27523, 43600, 27164, 2309, 48802, 40417, 46289, 13823, 42483, 31854, 33270, 5328, 30330, 712, 13242, 33941, 43277, 32264, 24505, 47319, 10196, 24242, 14513, 11835, 13843, 11877, 25341, 24588, 48488, 36731, 42473, 30055, 6972, 31373, 33241, 35887, 30846, 29092, 47341, 10379, 9259, 46483, 17758, 9620, 16800, 15763, 37484, 31068, 21844, 48646, 11088, 12401, 5848, 24494, 28191, 9754, 36307, 27488, 12351, 595, 38964, 27425, 10063, 17320, 21513, 41472, 38425, 38005, 7566, 38332, 20023, 35195, 21601, 40950, 38941, 9653, 5218, 28689, 47911, 48136, 30205, 46620, 28410, 8577, 43683, 1606, 27733, 22226, 31143, 28322, 19946, 49829, 45987, 1651, 35332, 41561, 28100, 27336, 18029, 37403, 26366, 13193, 48766, 24788, 3927, 48985, 8408)","(0, 0, 0, 0, 0, 0, 1, 1, 1, 1, 1, 0, 0, 1, 0, 0, 0, 0, 1, 0, 1, 1, 0, 1, 1, 1, 1, 0, 1, 1, 0, 1, 0, 1, 1, 0, 1, 1, 1, 1, 1, 1, 1, 1, 0, 0, 1, 1, 0, 0, 1, 0, 1, 1, 1, 1, 0, 0, 0, 1, 1, 0, 1, 1, 1, 1, 1, 1, 0, 1, 0, 0, 1, 0, 0, 1, 0, 1, 1, 1, 0, 0, 1, 1, 0, 1, 0, 1, 0, 1, 1, 0, 0, 0, 0, 1, 1, 1, 0, 0, 1, 0, 0, 0, 1, 0, 1, 1, 1, 0, 0, 1, 0, 1, 1, 1, 1, 1, 1, 0, 1, 0, 1, 0, 0, 1, 1, 1, 0, 0, 1, 0, 1, 0, 0, 0, 1, 1, 1, 0, 1, 1, 0, 1, 1, 1, 1, 0, 1, 1, 0, 0, 1, 1, 0, 1, 1, 1, 1, 1, 0, 1, 1, 1, 0, 0, 0, 0, 1, 1, 0, 0, 0, 0, 1, 0, 1, 0, 1, 0, 0, 0, 0, 1, 1, 0, 1, 0, 0, 1, 1, 1, 1, 1, 1, 1, 1, 1, 1, 1)"
83.61765,200,947.204374,1,"(18320, 33797, 17373, 46247, 35384, 18538, 47209, 36449, 48003, 33825, 14064, 12639, 6420, 19960, 46246, 27559, 48891, 4836, 31280, 39750, 8040, 15605, 39900, 4301, 1019, 6310, 16547, 7787, 46713, 48478, 27864, 29412, 26719, 40223, 25755, 15397, 28017, 7827, 2105, 47083, 14813, 13331, 32542, 36908, 24043, 38849, 25049, 22736, 185, 16264, 5408, 11058, 26552, 17035, 46391, 8424, 48091, 539, 18485, 4430, 11648, 20029, 32676, 42612, 40490, 15178, 15662, 49785, 37255, 32605, 47238, 34964, 38552, 1520, 19263, 1825, 30092, 35294, 42164, 16243, 42107, 4651, 19861, 13764, 45082, 40658, 3379, 41886, 29184, 5814, 20632, 13055, 33246, 35182, 46887, 47225, 9371, 23385, 45666, 48995, 10992, 16769, 21463, 29044, 12116, 35276, 13488, 37097, 6684, 2215, 21800, 19833, 8286, 32736, 2446, 46872, 29433, 25974, 43516, 28863, 47049, 10252, 37242, 18128, 37642, 11821, 27934, 42225, 18123, 39092, 37881, 39009, 3235, 12535, 20069, 46411, 12388, 2450, 30851, 48360, 41241, 2937, 24427, 42066, 6798, 32403, 38559, 19238, 27976, 33338, 46980, 10557, 36943, 36577, 3020, 1883, 8489, 3576, 34798, 49845, 48734, 20281, 48571, 47547, 15934, 45804, 45894, 27183, 13435, 44139, 13218, 12557, 17061, 17535, 1007, 31489, 40746, 13022, 10244, 12389, 35403, 28279, 47147, 11313, 3693, 6022, 25950, 46577, 15876, 8209, 49414, 5375, 2640, 21054, 2984, 18757, 7786, 40478, 8170, 37196)","(1, 0, 1, 0, 0, 1, 0, 1, 0, 0, 1, 1, 1, 1, 1, 0, 0, 1, 1, 0, 1, 0, 0, 1, 1, 1, 0, 0, 1, 0, 1, 0, 0, 0, 0, 1, 0, 1, 1, 1, 0, 1, 1, 1, 1, 1, 1, 0, 1, 1, 1, 1, 0, 1, 0, 1, 1, 1, 1, 1, 1, 1, 1, 0, 1, 1, 1, 0, 1, 1, 1, 0, 0, 1, 1, 1, 0, 0, 1, 1, 0, 1, 0, 0, 0, 0, 1, 0, 0, 1, 1, 1, 0, 0, 1, 0, 1, 1, 1, 0, 1, 1, 1, 0, 1, 0, 0, 0, 1, 1, 1, 1, 1, 0, 1, 0, 0, 1, 0, 0, 1, 1, 0, 1, 0, 1, 1, 0, 1, 1, 0, 1, 1, 1, 0, 1, 1, 1, 0, 1, 1, 1, 1, 0, 1, 1, 1, 1, 1, 0, 0, 1, 1, 0, 1, 1, 1, 1, 0, 0, 0, 1, 0, 0, 1, 1, 0, 0, 1, 0, 0, 1, 1, 0, 1, 1, 1, 1, 1, 1, 0, 0, 0, 1, 1, 1, 1, 1, 1, 1, 0, 1, 0, 1, 1, 1, 1, 0, 1, 1)"
73.050184,200,949.764972,4,"(26299, 11296, 36403, 10511, 13396, 10645, 47426, 25232, 37185, 17295, 9801, 18446, 46083, 39833, 2862, 6566, 33162, 9763, 38830, 9136, 37434, 16508, 21757, 38724, 24519, 27067, 31109, 29190, 42897, 15432, 30469, 35813, 27340, 3658, 32884, 4853, 28262, 26052, 38571, 29529, 5003, 43649, 35643, 5864, 5759, 36455, 31908, 13299, 20883, 38977, 3764, 41708, 18492, 45492, 32944, 23498, 13732, 2717, 49925, 32008, 40596, 28569, 17931, 18017, 44853, 4942, 919, 427, 43369, 28466, 30369, 24130, 10910, 22362, 48452, 23701, 42399, 38868, 27054, 18259, 17197, 21002, 37160, 12750, 1945, 22490, 45546, 2204, 43865, 27350, 25097, 37718, 9227, 16990, 23589, 9924, 4756, 39923, 22819, 26164, 24196, 9129, 19083, 20194, 48458, 12312, 10520, 30122, 27693, 47691, 41919, 33616, 7466, 27362, 925, 2549, 33214, 25631, 19903, 6366, 36140, 614, 4299, 955, 28798, 9511, 48561, 39220, 13779, 15763, 2605, 40482, 16328, 30166, 3440, 22350, 9471, 27645, 4565, 41772, 41625, 37898, 26515, 8864, 42333, 24511, 2983, 31943, 6323, 32148, 43880, 38582, 44294, 46778, 16579, 41943, 19523, 32191, 45977, 44004, 7514, 31412, 25153, 2890, 45343, 25883, 22393, 9723, 17507, 42577, 48961, 16487, 40512, 20213, 40384, 25861, 14843, 28662, 3241, 8563, 14845, 32264, 47976, 36713, 7299, 25595, 27095, 6676, 42472, 6392, 20278, 35089, 3743, 36890, 31303, 11303, 27439, 44027, 13593, 32464)","(1, 1, 0, 1, 1, 1, 0, 0, 1, 0, 1, 0, 0, 0, 1, 1, 0, 1, 1, 1, 1, 0, 1, 0, 0, 1, 0, 1, 0, 1, 0, 0, 1, 1, 1, 1, 0, 0, 1, 0, 1, 0, 1, 1, 1, 0, 1, 1, 1, 1, 1, 1, 1, 0, 0, 1, 0, 1, 0, 0, 0, 0, 1, 1, 0, 1, 0, 1, 1, 1, 0, 1, 1, 0, 1, 1, 0, 0, 0, 0, 1, 1, 0, 1, 1, 0, 0, 1, 0, 0, 1, 1, 1, 1, 1, 1, 0, 0, 0, 1, 1, 1, 1, 1, 0, 1, 1, 0, 0, 1, 0, 1, 1, 1, 1, 1, 0, 1, 1, 1, 0, 1, 1, 0, 1, 1, 0, 1, 0, 1, 0, 0, 1, 0, 1, 0, 1, 0, 1, 1, 0, 0, 0, 0, 0, 1, 1, 0, 1, 0, 0, 0, 0, 0, 0, 1, 1, 1, 0, 0, 1, 1, 1, 1, 1, 1, 0, 1, 0, 1, 1, 0, 0, 0, 0, 1, 1, 1, 1, 1, 1, 1, 1, 0, 1, 1, 0, 1, 0, 1, 1, 0, 1, 1, 1, 1, 1, 0, 1, 0)"
64.996753,200,952.830345,4,"(9439, 48754, 46755, 31450, 18905, 38377, 13875, 6693, 22904, 2255, 784, 31539, 46704, 2464, 13284, 33875, 26865, 36773, 35993, 5240, 19030, 41339, 15613, 49453, 11453, 36660, 20297, 36670, 15287, 7788, 27565, 40578, 3058, 7269, 32793, 40324, 36642, 16771, 17176, 36224, 30515, 38659, 4201, 12109, 1410, 5434, 20926, 35767, 49399, 11766, 42524, 39253, 18760, 21880, 11113, 42070, 18745, 7865, 29696, 37824, 27831, 48263, 36862, 34983, 16129, 18342, 15699, 40287, 5511, 20434, 21140, 32845, 21804, 4089, 23641, 784, 27438, 25636, 45830, 5800, 48406, 49239, 26429, 2021, 26710, 4541, 12773, 10476, 20622, 49741, 3721, 12383, 49309, 30828, 1050, 12192, 39601, 20049, 23754, 26429, 31388, 3972, 16487, 4656, 18742, 762, 49454, 38793, 34344, 13741, 11032, 17067, 32715, 41333, 3829, 20016, 21716, 26806, 31734, 12634, 15883, 7548, 40949, 47975, 38102, 4906, 45147, 30523, 41176, 25548, 48571, 44642, 7323, 23126, 45969, 10128, 48100, 700, 36619, 49811, 27833, 44962, 31388, 44389, 43774, 45516, 26909, 13148, 437, 7015, 42454, 23448, 40113, 37594, 38639, 38339, 47743, 4273, 30395, 48624, 39939, 24105, 48558, 9760, 31478, 46026, 29745, 37226, 15438, 29344, 3874, 43143, 5599, 34566, 31100, 19770, 29684, 23781, 18791, 21972, 24317, 33060, 19531, 48691, 42473, 43914, 37406, 8874, 5210, 30766, 17032, 10039, 41009, 44727, 10322, 41981, 27001, 46655, 28317, 29327)","(1, 1, 0, 0, 1, 0, 0, 1, 0, 0, 1, 0, 1, 1, 1, 0, 0, 0, 1, 1, 1, 0, 1, 1, 1, 0, 1, 0, 1, 1, 0, 0, 1, 1, 1, 0, 0, 1, 0, 1, 0, 0, 1, 1, 0, 1, 1, 0, 1, 1, 0, 0, 1, 1, 1, 1, 0, 1, 0, 1, 1, 1, 0, 0, 0, 1, 0, 0, 1, 1, 1, 1, 0, 1, 1, 0, 1, 1, 0, 1, 1, 0, 1, 1, 0, 1, 1, 1, 1, 0, 1, 0, 0, 0, 1, 0, 1, 0, 1, 0, 1, 1, 0, 1, 1, 1, 1, 0, 0, 0, 1, 1, 0, 0, 1, 1, 1, 0, 0, 1, 1, 1, 1, 1, 0, 1, 0, 0, 0, 1, 0, 0, 1, 0, 0, 1, 0, 0, 0, 0, 0, 0, 0, 0, 0, 0, 0, 1, 1, 1, 0, 1, 1, 0, 0, 1, 0, 1, 0, 0, 0, 0, 0, 1, 0, 1, 0, 1, 1, 1, 1, 1, 1, 0, 0, 1, 0, 0, 0, 1, 1, 1, 1, 1, 0, 0, 1, 1, 1, 0, 1, 1, 0, 0, 1, 1, 1, 1, 0, 1)"
23.393552,200,955.41148,8,"(25475, 31667, 42818, 21960, 9463, 25059, 26399, 45910, 39666, 5296, 27712, 34891, 17205, 22567, 18068, 37966, 31114, 3872, 21292, 49401, 26709, 35701, 32877, 49444, 10793, 47004, 18766, 12356, 24748, 23722, 15336, 77, 40360, 18295, 18618, 18819, 36446, 2726, 35250, 33958, 25504, 2228, 18981, 13717, 29528, 7470, 18536, 42527, 42796, 12379, 19548, 21325, 33379, 8160, 30399, 21576, 28211, 18870, 32203, 16987, 8267, 6855, 16204, 16678, 25232, 2939, 35289, 6259, 2155, 16808, 46286, 47762, 32420, 29718, 30835, 10169, 13973, 45527, 26567, 4844, 21611, 35940, 20262, 19765, 1129, 21424, 26854, 2303, 22877, 32160, 41456, 3488, 5898, 25780, 42637, 335, 34186, 15510, 8814, 46118, 33008, 49759, 43680, 16631, 28527, 11654, 32940, 29213, 44500, 36087, 2465, 16137, 10059, 17582, 3480, 38527, 20868, 4270, 16873, 14943, 44849, 27977, 41080, 42601, 8697, 16100, 1006, 21912, 13323, 23733, 4091, 13356, 24530, 318, 25525, 1617, 48098, 41840, 5211, 40241, 13942, 6767, 5233, 28887, 18877, 33145, 47461, 5555, 34094, 35050, 38103, 18007, 13828, 1822, 49855, 268, 28683, 10410, 10050, 40916, 44299, 4625, 27144, 46658, 18977, 23954, 41865, 26522, 1602, 47946, 34947, 26505, 19952, 14101, 26910, 13121, 15988, 27986, 4827, 24431, 36199, 32136, 35253, 43502, 45471, 5475, 20150, 43579, 23768, 2589, 29412, 5031, 37188, 47194, 20996, 26964, 3436, 32230, 38281, 36597)","(0, 0, 0, 1, 1, 0, 1, 0, 0, 1, 0, 0, 0, 0, 0, 0, 0, 1, 1, 0, 0, 0, 0, 0, 1, 0, 0, 1, 1, 1, 1, 1, 0, 0, 0, 0, 0, 1, 0, 0, 0, 0, 1, 0, 0, 1, 0, 0, 0, 1, 1, 1, 0, 1, 0, 1, 0, 1, 0, 1, 1, 1, 1, 1, 0, 1, 0, 0, 1, 1, 0, 0, 0, 0, 0, 1, 1, 0, 0, 1, 0, 0, 0, 1, 1, 0, 0, 0, 0, 0, 0, 1, 1, 0, 0, 1, 0, 1, 1, 0, 0, 0, 0, 1, 0, 1, 0, 1, 0, 0, 0, 1, 1, 0, 1, 0, 1, 1, 0, 0, 0, 0, 0, 0, 1, 0, 1, 0, 1, 1, 1, 1, 1, 1, 0, 0, 0, 0, 1, 0, 0, 1, 1, 1, 1, 0, 0, 1, 0, 0, 0, 0, 0, 1, 0, 1, 1, 1, 1, 0, 0, 1, 1, 0, 1, 1, 0, 1, 1, 0, 0, 1, 0, 1, 0, 1, 1, 0, 0, 1, 0, 0, 0, 0, 0, 1, 1, 0, 1, 1, 0, 1, 0, 0, 1, 0, 1, 0, 0, 0)"
72.260881,200,958.185757,4,"(19397, 17296, 44156, 26382, 8102, 26471, 30037, 31966, 446, 25747, 45090, 4714, 4961, 21960, 35762, 48424, 25603, 47492, 7858, 7025, 6385, 44062, 13880, 11142, 29747, 24153, 3085, 22218, 40189, 27020, 15114, 15475, 38529, 24013, 44354, 22605, 49199, 27907, 17434, 31951, 12959, 19790, 47799, 31052, 18095, 41317, 7308, 20200, 16466, 33895, 11017, 49849, 43775, 13, 8386, 38255, 7541, 16826, 1302, 7355, 31550, 10342, 27303, 28664, 38559, 46982, 5029, 45913, 13974, 42582, 2529, 27063, 34882, 29075, 40849, 23631, 23282, 42566, 4882, 8316, 46608, 215, 9806, 43335, 4212, 33981, 25275, 49261, 7333, 16063, 14966, 27676, 31041, 47417, 40159, 40297, 4710, 33488, 10978, 43020, 8910, 47142, 1602, 23108, 29629, 29625, 25831, 39859, 12875, 47110, 34708, 32047, 1990, 39274, 47117, 22797, 43790, 20631, 11520, 32435, 3363, 20054, 43899, 45179, 12186, 25317, 24607, 41607, 16357, 38053, 24902, 21034, 26633, 22972, 35852, 42648, 5229, 34445, 44280, 21397, 20203, 9778, 9859, 23395, 17820, 33852, 14091, 20531, 5998, 29200, 25871, 21095, 20500, 39606, 45898, 15807, 27900, 42371, 5452, 34072, 5656, 38945, 44526, 8843, 30515, 15896, 28383, 42378, 28131, 9574, 46651, 18812, 22908, 15383, 25791, 46588, 676, 19694, 33818, 45453, 21703, 24038, 45854, 26547, 21235, 30072, 2413, 32315, 6715, 13369, 44224, 41646, 45281, 40035, 5639, 24166, 12963, 28817, 45713, 986)","(1, 0, 0, 1, 1, 1, 0, 0, 1, 1, 0, 1, 1, 1, 0, 0, 1, 0, 1, 1, 1, 0, 1, 0, 0, 1, 1, 0, 0, 0, 1, 1, 1, 1, 0, 0, 0, 1, 1, 0, 1, 1, 0, 0, 1, 1, 1, 1, 1, 0, 1, 0, 0, 1, 1, 1, 1, 1, 1, 1, 1, 1, 0, 1, 1, 0, 0, 1, 0, 0, 1, 1, 0, 1, 1, 0, 1, 0, 1, 0, 1, 1, 0, 0, 1, 1, 1, 0, 0, 1, 1, 0, 1, 0, 1, 1, 1, 1, 1, 0, 1, 0, 1, 0, 0, 0, 0, 0, 1, 1, 0, 0, 1, 1, 0, 0, 0, 1, 1, 1, 0, 1, 0, 1, 1, 1, 1, 0, 1, 0, 0, 1, 1, 0, 1, 1, 1, 0, 0, 1, 1, 0, 0, 1, 1, 0, 1, 1, 1, 1, 1, 1, 1, 0, 1, 1, 1, 0, 1, 0, 1, 0, 0, 1, 0, 1, 0, 0, 1, 1, 1, 1, 0, 1, 0, 0, 1, 1, 0, 1, 1, 1, 0, 1, 1, 0, 0, 0, 1, 0, 0, 1, 0, 0, 0, 1, 1, 0, 0, 1)"
104.611323,200,960.623216,1,"(48873, 9525, 27070, 46073, 16657, 40956, 19149, 48192, 28966, 31890, 16131, 35826, 16002, 34703, 21365, 3818, 40615, 33379, 21127, 48760, 28760, 42321, 22610, 18428, 43087, 17799, 10898, 35564, 42103, 6809, 30301, 7495, 24817, 17437, 39939, 22814, 37380, 32883, 38701, 30893, 4967, 32170, 38731, 14543, 46454, 31601, 7991, 6904, 18907, 49955, 43914, 18566, 22806, 44567, 17655, 23637, 29026, 23538, 31599, 5509, 10344, 21037, 7131, 28684, 38554, 45830, 31702, 41983, 17369, 28803, 25390, 30373, 37144, 29103, 46059, 33957, 43056, 15114, 12056, 19298, 44099, 8113, 23134, 31965, 12601, 41915, 4420, 38993, 39451, 19005, 37245, 24451, 4777, 8380, 15827, 2592, 10421, 19016, 38868, 2330, 8178, 22968, 29561, 18729, 37483, 12305, 39393, 24774, 37782, 29236, 41494, 47275, 16673, 7612, 8943, 7425, 25977, 11592, 39270, 31936, 11573, 10883, 48471, 22010, 108, 21628, 15956, 29783, 712, 36090, 14637, 14269, 22908, 28562, 23585, 47, 6896, 32803, 22784, 33101, 47122, 27196, 29667, 15008, 19666, 28682, 41731, 37879, 12153, 46314, 45740, 10985, 48263, 16289, 16721, 4786, 5534, 35056, 33925, 26640, 33477, 49965, 24057, 22220, 43018, 28874, 32695, 26255, 17876, 43877, 26682, 5946, 31164, 36999, 2891, 49022, 45148, 9726, 9387, 16251, 20900, 38176, 45016, 9348, 43861, 46866, 49715, 18052, 24252, 7819, 32165, 15386, 3759, 27894, 33222, 38308, 47978, 33723, 42274, 5799)","(1, 1, 1, 0, 1, 1, 0, 0, 1, 1, 1, 0, 1, 0, 1, 1, 0, 1, 0, 1, 0, 0, 0, 0, 1, 1, 1, 0, 0, 1, 0, 1, 1, 0, 0, 0, 1, 1, 0, 0, 0, 0, 1, 1, 0, 1, 1, 1, 1, 0, 0, 1, 0, 0, 1, 1, 1, 1, 1, 0, 1, 1, 1, 1, 1, 0, 1, 1, 0, 1, 1, 0, 1, 0, 0, 1, 0, 1, 1, 1, 0, 1, 0, 1, 1, 0, 1, 0, 0, 1, 0, 1, 1, 1, 1, 1, 1, 1, 0, 1, 0, 0, 0, 1, 1, 0, 0, 1, 1, 0, 0, 1, 1, 1, 1, 1, 1, 1, 1, 1, 1, 1, 0, 1, 1, 1, 1, 1, 1, 0, 1, 1, 0, 1, 1, 1, 1, 1, 0, 1, 0, 0, 1, 0, 1, 1, 0, 1, 1, 1, 0, 1, 1, 1, 1, 1, 1, 0, 0, 0, 0, 1, 1, 1, 0, 1, 0, 1, 1, 0, 1, 1, 0, 1, 1, 1, 0, 1, 1, 1, 1, 1, 0, 1, 0, 1, 0, 1, 1, 1, 1, 1, 1, 0, 1, 1, 0, 1, 0, 1)"
41.53888,200,963.038133,8,"(36924, 41781, 3998, 25616, 33496, 41651, 48537, 23986, 6869, 49368, 16104, 11176, 28086, 3425, 12737, 47144, 11518, 46644, 22212, 45508, 31650, 9718, 37448, 29451, 25800, 12103, 23212, 25177, 38783, 23897, 20155, 21645, 49159, 28708, 48309, 3041, 16185, 40283, 30739, 20550, 28626, 40027, 24708, 6320, 30977, 18083, 11363, 25980, 11675, 3248, 8563, 27116, 31987, 4174, 12894, 33492, 31040, 33357, 19364, 48737, 37400, 32017, 12572, 45704, 8638, 37420, 38235, 17681, 24467, 47609, 30534, 10587, 28887, 47860, 35790, 19014, 14734, 27639, 47200, 12714, 4543, 20788, 31309, 13079, 9164, 23593, 42358, 12781, 2636, 8001, 29595, 49777, 14666, 6279, 19012, 10499, 38300, 6600, 38223, 23039, 23634, 28285, 39523, 20558, 37302, 1623, 41445, 41830, 4840, 968, 42869, 14958, 26210, 527, 33759, 32406, 3669, 43698, 1445, 35466, 33863, 11766, 20654, 20514, 29895, 29418, 10294, 17557, 22008, 31275, 3345, 19562, 3215, 26312, 27420, 34823, 31252, 10049, 41155, 31498, 25434, 34796, 29936, 9445, 8919, 26279, 28642, 1026, 46713, 27289, 26848, 9144, 24828, 41873, 45466, 4979, 16122, 43637, 4018, 25986, 34585, 30894, 15659, 8134, 31217, 20003, 10970, 45961, 3281, 9832, 16248, 3992, 8412, 2813, 20366, 1086, 39614, 30740, 84, 45579, 38438, 19766, 38072, 36900, 43190, 8580, 17439, 21322, 35632, 15319, 44102, 15870, 4448, 6419, 28830, 11060, 6578, 32823, 8050, 7175)","(0, 0, 1, 1, 0, 0, 0, 1, 1, 0, 1, 1, 0, 1, 1, 0, 1, 0, 1, 0, 0, 1, 0, 0, 0, 1, 0, 0, 0, 1, 1, 0, 0, 1, 0, 1, 1, 0, 0, 0, 1, 0, 1, 1, 0, 0, 1, 0, 1, 1, 1, 0, 0, 1, 1, 0, 0, 0, 1, 0, 0, 0, 1, 0, 1, 0, 0, 0, 1, 0, 0, 1, 1, 0, 0, 0, 1, 0, 0, 1, 1, 0, 1, 0, 1, 1, 0, 1, 1, 1, 0, 0, 1, 1, 0, 1, 0, 1, 0, 0, 1, 0, 0, 1, 0, 1, 0, 0, 1, 1, 0, 1, 1, 1, 0, 0, 0, 0, 1, 0, 0, 1, 1, 1, 0, 0, 0, 0, 0, 0, 1, 1, 1, 0, 1, 0, 1, 1, 0, 0, 0, 0, 0, 1, 1, 0, 1, 1, 0, 1, 0, 1, 1, 0, 0, 1, 1, 0, 1, 0, 0, 0, 1, 1, 0, 1, 1, 0, 1, 0, 1, 1, 1, 1, 1, 1, 0, 0, 1, 0, 0, 1, 0, 0, 0, 1, 0, 1, 0, 1, 0, 0, 1, 0, 1, 1, 1, 0, 1, 1)"
69.564892,200,974.720097,4,"(38760, 4329, 10054, 33180, 49082, 8762, 43884, 48838, 17536, 47564, 48698, 26017, 15312, 37794, 40499, 22328, 46590, 28074, 13158, 32699, 16090, 1818, 35061, 25011, 35063, 2138, 23575, 46184, 11548, 42650, 5082, 26224, 23920, 13957, 8000, 5438, 31059, 48047, 21431, 48207, 37979, 28221, 3520, 22875, 773, 1466, 47634, 12552, 48898, 48008, 19331, 43542, 28090, 19083, 30564, 23419, 40534, 43069, 27112, 47174, 38498, 29812, 8016, 48595, 37746, 49516, 5834, 9856, 9464, 47607, 30280, 24627, 41933, 22065, 33367, 47882, 10851, 32896, 20212, 43068, 28431, 16115, 27615, 11679, 34823, 12415, 8174, 9830, 30345, 5719, 17731, 31466, 40627, 12237, 26243, 26767, 26269, 19809, 45148, 36661, 34981, 24466, 29373, 38641, 11938, 10322, 49064, 35690, 32212, 17027, 17778, 49856, 6432, 38659, 39078, 6011, 41454, 27694, 2803, 23876, 221, 13647, 894, 27415, 35137, 11244, 39937, 32176, 2628, 49617, 22355, 6499, 16629, 11565, 18567, 390, 27789, 43660, 40694, 16932, 11955, 8832, 17154, 1868, 5427, 48241, 37224, 42329, 35640, 9728, 22528, 12707, 32648, 28206, 26216, 48690, 30809, 28968, 19242, 46677, 43159, 37351, 47889, 3058, 43191, 36550, 1024, 25980, 30433, 10652, 36338, 44185, 13667, 27980, 17423, 23272, 2139, 8506, 41114, 12945, 45940, 12869, 47792, 14247, 3600, 39972, 18964, 9565, 24080, 41606, 44556, 36158, 41504, 26047, 32397, 30903, 49585, 44110, 3499, 27060)","(0, 1, 1, 0, 0, 1, 0, 0, 0, 0, 1, 0, 1, 1, 0, 0, 0, 0, 1, 1, 0, 1, 1, 0, 0, 1, 0, 1, 1, 0, 1, 1, 1, 1, 1, 1, 1, 0, 1, 1, 0, 0, 1, 0, 1, 1, 0, 1, 1, 0, 1, 0, 1, 1, 0, 1, 0, 1, 1, 1, 0, 0, 1, 0, 0, 0, 1, 1, 1, 1, 0, 0, 0, 1, 0, 0, 1, 0, 1, 0, 0, 0, 0, 1, 0, 1, 1, 1, 0, 1, 0, 0, 0, 1, 1, 0, 0, 1, 0, 0, 0, 1, 1, 1, 1, 1, 0, 1, 1, 1, 1, 0, 1, 0, 1, 1, 0, 1, 1, 1, 1, 1, 0, 0, 1, 1, 0, 1, 0, 0, 0, 1, 1, 1, 1, 1, 1, 0, 0, 1, 0, 1, 1, 1, 1, 1, 1, 1, 1, 1, 0, 1, 1, 0, 1, 1, 0, 1, 1, 0, 0, 1, 0, 1, 0, 1, 1, 0, 0, 1, 0, 0, 1, 1, 0, 0, 0, 1, 1, 0, 0, 1, 0, 1, 1, 0, 1, 1, 1, 0, 0, 0, 1, 1, 1, 0, 0, 0, 1, 1)"
91.745145,200,977.261837,5,"(18822, 30761, 49012, 26298, 11605, 6194, 44497, 45423, 11019, 21584, 47573, 454, 19672, 30701, 48357, 6740, 24041, 15336, 24612, 27404, 9977, 3258, 46789, 49733, 7097, 839, 22898, 42556, 15055, 49259, 33677, 39470, 37385, 25469, 10433, 46168, 27459, 18134, 5270, 36322, 7584, 21951, 28407, 23540, 15010, 36870, 45538, 23694, 4666, 27039, 31200, 27809, 44691, 8231, 7588, 23037, 10271, 44945, 4410, 37937, 14219, 8446, 3667, 26920, 44000, 17920, 42163, 27055, 23115, 2361, 3420, 35286, 4108, 20228, 1965, 43043, 29594, 20086, 684, 12987, 35656, 15172, 18939, 29073, 48794, 44192, 26044, 13955, 7717, 459, 40959, 9577, 31889, 44536, 4663, 14922, 40084, 25185, 12047, 19010, 29139, 5164, 19716, 27812, 19789, 31464, 27058, 42073, 48453, 23731, 43098, 45682, 9702, 25563, 28383, 34008, 33401, 11761, 10341, 5572, 22566, 19820, 46973, 8538, 12709, 26379, 21472, 25034, 44695, 33838, 44813, 31052, 642, 28806, 14105, 30605, 19824, 13051, 39003, 48850, 36909, 18920, 41550, 29054, 35061, 19793, 2005, 8529, 37893, 13332, 2574, 25880, 8248, 39132, 44062, 39039, 40815, 39550, 16728, 47497, 26371, 37503, 23307, 35039, 28729, 26173, 36388, 30599, 14456, 23293, 48787, 15571, 35894, 9799, 19177, 13504, 32837, 23909, 35867, 18425, 32134, 20278, 6222, 19335, 34548, 23591, 28628, 33218, 13411, 14799, 28934, 7762, 35708, 36573, 31882, 1477, 40152, 19279, 22207, 47491)","(1, 0, 1, 1, 0, 1, 0, 0, 1, 1, 1, 1, 1, 0, 1, 1, 0, 1, 1, 0, 1, 1, 0, 1, 1, 1, 0, 0, 1, 0, 0, 0, 0, 0, 1, 1, 0, 1, 1, 0, 1, 1, 0, 1, 0, 1, 0, 1, 1, 1, 0, 0, 0, 1, 1, 0, 1, 0, 1, 0, 1, 1, 1, 0, 0, 1, 0, 0, 0, 0, 1, 0, 1, 0, 1, 0, 1, 1, 1, 1, 0, 1, 1, 1, 1, 0, 1, 1, 1, 1, 1, 1, 1, 0, 1, 0, 0, 0, 1, 1, 1, 1, 1, 1, 1, 0, 1, 0, 0, 1, 1, 0, 1, 1, 0, 0, 0, 1, 1, 1, 0, 1, 0, 1, 1, 1, 0, 1, 0, 0, 0, 0, 1, 1, 1, 0, 1, 1, 0, 1, 1, 1, 0, 1, 1, 1, 1, 1, 0, 1, 1, 0, 1, 0, 0, 0, 0, 0, 1, 0, 0, 1, 0, 0, 1, 1, 0, 0, 1, 1, 0, 1, 0, 1, 1, 1, 1, 1, 0, 0, 0, 1, 1, 1, 0, 0, 0, 0, 1, 1, 1, 1, 0, 0, 1, 1, 0, 1, 0, 0)"
65.389552,200,979.889372,4,"(30161, 43185, 7859, 6974, 18113, 27585, 30608, 37439, 890, 14578, 7101, 9515, 33626, 25092, 43925, 44457, 33820, 35651, 48734, 30709, 40931, 17695, 21014, 39111, 9131, 46641, 10707, 40456, 30860, 34332, 43047, 18140, 14814, 16438, 23284, 5850, 27723, 11732, 49689, 32425, 14232, 20076, 9726, 1384, 39800, 34346, 6210, 14785, 148, 18461, 44184, 6991, 28478, 38526, 8297, 37544, 74, 22637, 712, 40135, 10408, 36377, 21138, 23914, 25681, 33567, 17754, 500, 38925, 44225, 18212, 38071, 33165, 7991, 44999, 36135, 49776, 24895, 6932, 32722, 41490, 8877, 14719, 1549, 22645, 47089, 34811, 28473, 14146, 12648, 40222, 39135, 6432, 40835, 24635, 545, 10405, 14695, 41279, 10503, 17170, 2110, 24487, 48505, 40259, 17760, 36850, 42581, 34845, 37316, 16945, 28732, 44635, 9991, 41921, 19789, 23483, 36525, 34054, 14599, 47186, 17693, 18428, 28924, 28644, 20488, 17298, 24833, 46122, 3406, 20424, 37953, 29194, 33848, 22361, 46850, 5545, 41455, 43806, 25242, 24507, 48792, 45285, 35976, 37865, 17908, 42609, 32479, 35543, 18495, 1542, 21150, 32997, 2830, 5310, 40593, 7753, 12594, 18839, 22330, 1509, 9933, 46938, 731, 1545, 15806, 10122, 43443, 6721, 12254, 21597, 26765, 15192, 20425, 49775, 6787, 41599, 24440, 16997, 23444, 15959, 41401, 47372, 28443, 15240, 16858, 25982, 18662, 6018, 32888, 8045, 1645, 9176, 11455, 22489, 31264, 4764, 28749, 11697, 39855)","(0, 0, 1, 1, 1, 0, 0, 0, 1, 0, 1, 0, 1, 1, 0, 0, 0, 0, 0, 0, 1, 0, 1, 0, 1, 1, 1, 0, 0, 1, 0, 1, 1, 1, 0, 1, 0, 1, 0, 1, 1, 1, 1, 1, 1, 1, 1, 0, 1, 0, 0, 1, 1, 0, 0, 1, 1, 0, 1, 0, 1, 1, 0, 1, 1, 0, 1, 1, 0, 0, 1, 0, 0, 1, 0, 1, 0, 1, 1, 0, 0, 1, 1, 0, 0, 0, 0, 1, 1, 1, 0, 0, 1, 0, 1, 1, 1, 1, 1, 1, 0, 1, 1, 0, 0, 1, 1, 0, 0, 1, 1, 0, 0, 1, 1, 1, 1, 0, 1, 0, 0, 0, 0, 1, 1, 1, 0, 1, 1, 1, 0, 0, 1, 0, 0, 0, 0, 1, 0, 1, 1, 1, 0, 0, 0, 1, 1, 0, 0, 1, 1, 1, 1, 1, 1, 0, 1, 1, 1, 0, 1, 1, 0, 1, 1, 0, 1, 0, 1, 1, 0, 0, 1, 1, 1, 1, 0, 1, 1, 1, 0, 1, 0, 0, 1, 0, 1, 1, 1, 1, 1, 1, 1, 1, 0, 1, 1, 1, 1, 0)"
70.78353,200,982.660223,1,"(40142, 18645, 23678, 44183, 25606, 48767, 24771, 31500, 27705, 11955, 43593, 17575, 11217, 7742, 13083, 28727, 23359, 22948, 33792, 17191, 21521, 36114, 48362, 31343, 40425, 29202, 33540, 5440, 49842, 27981, 12142, 16568, 37257, 24491, 26436, 11286, 45891, 23513, 46645, 19348, 19579, 31784, 40730, 28507, 42142, 18267, 33685, 5194, 35855, 39500, 18995, 34808, 33158, 17126, 31729, 21141, 11652, 5159, 36392, 36248, 27007, 14685, 3884, 27426, 7690, 34819, 8144, 15775, 45716, 39800, 47996, 31133, 9822, 32265, 12254, 8355, 24118, 23304, 27918, 39004, 4266, 40217, 16577, 22760, 35485, 10077, 35538, 13, 15044, 30598, 48653, 13350, 31899, 12860, 36804, 21352, 8019, 20599, 4812, 38899, 30278, 43011, 33512, 24629, 17644, 2236, 45201, 6600, 10721, 4831, 38861, 37203, 6116, 38368, 30063, 4599, 3884, 46041, 25597, 35453, 2585, 36690, 30478, 16365, 33983, 15257, 17478, 4462, 20976, 5179, 22763, 41177, 28132, 27803, 31340, 747, 25822, 8355, 10880, 35143, 21588, 29177, 5530, 30962, 10618, 35054, 29086, 34453, 15934, 23934, 3424, 30273, 9298, 27199, 34186, 15792, 8716, 44608, 676, 15551, 39724, 39757, 4464, 8060, 31091, 49715, 24619, 18804, 2101, 10361, 3114, 29081, 12444, 13541, 40981, 9225, 5669, 47319, 44366, 12747, 15217, 37953, 23350, 33350, 39577, 2593, 7048, 39804, 9782, 45267, 30816, 44982, 20956, 27541, 18036, 44225, 2474, 22489, 15299, 16861)","(0, 1, 1, 0, 1, 1, 0, 0, 1, 0, 0, 1, 1, 1, 1, 0, 1, 0, 0, 1, 1, 1, 1, 1, 0, 0, 0, 1, 0, 1, 0, 0, 1, 0, 1, 0, 1, 1, 1, 0, 1, 0, 0, 1, 1, 0, 0, 1, 0, 1, 1, 0, 0, 1, 1, 1, 1, 1, 0, 0, 1, 1, 1, 1, 1, 0, 1, 1, 0, 1, 0, 1, 1, 0, 1, 1, 0, 1, 1, 1, 1, 0, 1, 0, 1, 1, 0, 1, 1, 0, 0, 1, 1, 1, 1, 1, 1, 1, 1, 0, 0, 0, 1, 1, 1, 1, 1, 1, 1, 1, 1, 1, 1, 0, 0, 1, 0, 0, 0, 0, 1, 0, 0, 0, 1, 0, 1, 1, 1, 1, 0, 1, 1, 0, 1, 1, 0, 0, 1, 0, 0, 1, 1, 0, 0, 1, 1, 0, 1, 0, 1, 0, 1, 1, 0, 1, 0, 0, 1, 1, 0, 0, 1, 1, 0, 0, 1, 1, 1, 1, 1, 1, 0, 1, 1, 1, 0, 0, 0, 1, 1, 0, 1, 0, 1, 1, 1, 1, 1, 1, 0, 0, 1, 0, 0, 0, 0, 0, 0, 1)"
44.465436,200,985.343945,7,"(21799, 32377, 39876, 18658, 37902, 21167, 16292, 36740, 3720, 858, 3334, 40744, 34230, 42455, 124, 29900, 23870, 41487, 8204, 32336, 48440, 27790, 39839, 44447, 37787, 24566, 782, 32888, 18584, 18197, 20641, 2612, 9427, 221, 6405, 30151, 37558, 27000, 29193, 17115, 30338, 40631, 22867, 30495, 35508, 13756, 45743, 15064, 33087, 29465, 16841, 3078, 12698, 46465, 9415, 10366, 47795, 20273, 48474, 47628, 22282, 38327, 44535, 42065, 41679, 353, 18243, 5024, 483, 7439, 1036, 4753, 37287, 21448, 21334, 32334, 37107, 37230, 29618, 43316, 9724, 21725, 47516, 33505, 44165, 2490, 42273, 39876, 40891, 42058, 26796, 8702, 21967, 6478, 1461, 44203, 7228, 47467, 49928, 6419, 6810, 16150, 47083, 19513, 49137, 43143, 4689, 693, 7580, 15317, 23818, 21318, 4129, 1230, 20665, 11835, 26586, 3166, 19949, 48274, 3989, 9125, 19738, 9755, 15635, 46868, 37844, 5805, 20563, 9841, 26807, 40945, 48301, 587, 27103, 6701, 48199, 6943, 15542, 4229, 27603, 13680, 16417, 9678, 27229, 4865, 31663, 9998, 13909, 49149, 19830, 12004, 47680, 38561, 35416, 37229, 45248, 36466, 36571, 14421, 46016, 5117, 43634, 47764, 19098, 8866, 19605, 26833, 8346, 33750, 27739, 33636, 37222, 15678, 34204, 31428, 19515, 26084, 30337, 36159, 20797, 13912, 7775, 48507, 32836, 16953, 8339, 2794, 23400, 46746, 22520, 7772, 8237, 25879, 30788, 35150, 5582, 33270, 35528, 3642)","(1, 0, 0, 1, 0, 1, 1, 0, 1, 1, 1, 0, 0, 0, 1, 0, 1, 0, 1, 0, 0, 1, 0, 0, 1, 1, 0, 0, 1, 1, 0, 1, 1, 1, 1, 1, 0, 1, 1, 0, 0, 0, 0, 0, 0, 0, 0, 1, 0, 0, 1, 1, 1, 0, 1, 1, 0, 1, 0, 0, 0, 1, 0, 0, 0, 0, 1, 1, 1, 1, 1, 1, 1, 1, 1, 0, 1, 0, 0, 0, 1, 1, 0, 0, 0, 0, 0, 0, 0, 0, 1, 0, 0, 1, 1, 0, 1, 0, 0, 0, 1, 1, 0, 1, 0, 0, 1, 1, 1, 1, 0, 1, 0, 1, 0, 1, 1, 0, 1, 0, 1, 1, 1, 1, 0, 0, 1, 1, 0, 0, 1, 0, 0, 1, 0, 1, 0, 1, 1, 1, 0, 0, 0, 1, 1, 1, 0, 1, 0, 1, 1, 1, 0, 0, 0, 0, 0, 0, 1, 1, 0, 1, 0, 0, 1, 1, 1, 1, 1, 0, 1, 0, 1, 1, 0, 1, 1, 1, 0, 1, 0, 0, 1, 0, 0, 1, 1, 1, 0, 0, 0, 1, 1, 0, 0, 0, 1, 0, 0, 1)"
34.056684,200,987.763519,7,"(46209, 34087, 21696, 22296, 6288, 35938, 44347, 30771, 43131, 43250, 27372, 26598, 25920, 25021, 15622, 46609, 18030, 10666, 33033, 31829, 23876, 11343, 27048, 27874, 31843, 38260, 23800, 36603, 35626, 11942, 4257, 44174, 32290, 42695, 4064, 13418, 42166, 31431, 41838, 6546, 9088, 10285, 42228, 16454, 1206, 3983, 15504, 26570, 6978, 7550, 15327, 1424, 44234, 25122, 29220, 25853, 46355, 14543, 7025, 23233, 24639, 16937, 37752, 44190, 32113, 24110, 10413, 10676, 44198, 36815, 48630, 16145, 29368, 15083, 10, 36122, 15429, 8602, 165, 14902, 17072, 48478, 16627, 30769, 42921, 38466, 42315, 10537, 36018, 25409, 19077, 18802, 34925, 23431, 14398, 20708, 39832, 42938, 44268, 17607, 25640, 12360, 37890, 35574, 20444, 1929, 11130, 28528, 30441, 25538, 14428, 39967, 37617, 48319, 15329, 33764, 27037, 23580, 4544, 18005, 28726, 10875, 1991, 7042, 19015, 23821, 46464, 314, 41836, 20734, 3192, 5297, 35254, 13899, 14630, 47106, 1414, 44142, 8945, 35628, 34574, 47277, 22832, 31250, 24643, 36833, 32251, 890, 20835, 24197, 45824, 2447, 33915, 31555, 9763, 25429, 35796, 48216, 2169, 47675, 39056, 7596, 36947, 16732, 40245, 38405, 33929, 9223, 36478, 44270, 11972, 48578, 17823, 33770, 23080, 5412, 18671, 36545, 17961, 21569, 48496, 10388, 38179, 34005, 43785, 8254, 20358, 38400, 32621, 34650, 43644, 31898, 43817, 5015, 27185, 7206, 6301, 47563, 27650, 26118)","(0, 0, 1, 0, 1, 0, 0, 0, 0, 0, 1, 1, 0, 1, 1, 0, 1, 0, 0, 0, 1, 1, 0, 1, 0, 0, 1, 0, 0, 1, 1, 0, 0, 0, 1, 1, 0, 1, 0, 1, 1, 1, 0, 1, 1, 1, 1, 0, 1, 1, 1, 1, 0, 1, 1, 1, 0, 1, 1, 0, 1, 1, 1, 0, 0, 0, 1, 1, 0, 1, 0, 1, 1, 1, 1, 1, 1, 1, 0, 1, 1, 0, 1, 0, 0, 0, 0, 1, 1, 1, 1, 1, 0, 1, 0, 1, 0, 0, 0, 1, 0, 1, 0, 1, 0, 1, 0, 1, 0, 1, 1, 0, 0, 0, 1, 0, 0, 1, 1, 1, 1, 1, 1, 1, 1, 0, 0, 1, 0, 1, 0, 1, 0, 1, 1, 0, 0, 0, 0, 0, 1, 0, 0, 1, 0, 1, 0, 1, 1, 1, 0, 0, 0, 0, 1, 0, 0, 0, 1, 0, 0, 1, 0, 1, 0, 0, 0, 1, 0, 0, 1, 0, 0, 0, 0, 1, 0, 0, 0, 0, 0, 1, 0, 0, 0, 1, 0, 0, 0, 0, 0, 0, 0, 1, 1, 1, 1, 0, 0, 1)"
73.912538,200,990.135678,0,"(48252, 46308, 7564, 36709, 29175, 21756, 24937, 7829, 1867, 3251, 32424, 45745, 2558, 33294, 8207, 17942, 33121, 47555, 1971, 45621, 16552, 15600, 35257, 38003, 1207, 30503, 8778, 23, 20634, 14786, 22578, 35747, 31283, 29652, 29969, 39709, 9590, 16582, 19044, 25900, 43256, 34676, 23530, 10940, 11842, 8487, 15853, 37299, 12349, 23050, 23272, 34883, 10931, 8041, 16004, 20170, 28089, 26889, 37768, 39433, 25998, 39862, 15341, 36786, 32908, 1030, 41774, 20232, 39304, 17077, 23228, 32273, 36072, 17447, 32692, 21682, 30478, 10362, 10464, 5440, 182, 11085, 15715, 17232, 11059, 14503, 2049, 31546, 33026, 3187, 20469, 30180, 46861, 36122, 41238, 35202, 10061, 7331, 11081, 6369, 6836, 44783, 25607, 43473, 47812, 2654, 23829, 15464, 21587, 12401, 14593, 3172, 23926, 17143, 39295, 23483, 9755, 21469, 14713, 44803, 35769, 17827, 151, 37863, 12605, 6376, 5170, 45972, 33240, 5073, 21351, 41896, 15703, 39770, 35198, 40504, 2318, 16074, 12361, 27474, 6392, 42250, 10449, 33265, 17665, 19241, 29713, 34527, 14427, 38710, 41897, 44843, 24468, 32382, 8177, 16800, 48739, 38791, 46860, 24466, 30070, 40978, 38394, 9804, 31854, 45565, 1242, 45963, 8465, 47400, 37240, 34837, 17565, 18794, 36724, 40530, 14276, 12535, 10921, 43482, 33639, 16120, 21274, 4843, 37986, 22855, 8526, 8921, 18031, 11685, 40100, 23311, 10876, 37624, 8290, 31594, 41605, 103, 46445, 44394)","(0, 1, 1, 0, 0, 1, 1, 1, 1, 1, 0, 0, 1, 0, 1, 1, 1, 0, 1, 0, 1, 0, 0, 0, 1, 0, 0, 1, 1, 1, 0, 1, 1, 0, 0, 0, 1, 0, 1, 1, 0, 1, 1, 1, 1, 1, 0, 0, 0, 0, 0, 0, 1, 1, 0, 0, 0, 1, 0, 0, 1, 0, 1, 0, 1, 1, 0, 0, 0, 1, 0, 1, 0, 1, 1, 0, 0, 1, 1, 1, 1, 1, 0, 1, 0, 0, 1, 0, 0, 1, 1, 0, 0, 1, 0, 0, 1, 1, 1, 1, 1, 0, 1, 0, 1, 1, 1, 1, 1, 1, 1, 1, 1, 0, 0, 1, 1, 1, 1, 0, 0, 0, 1, 0, 1, 0, 1, 0, 0, 1, 1, 0, 0, 0, 0, 0, 0, 1, 1, 0, 1, 0, 1, 0, 1, 1, 1, 0, 1, 0, 1, 0, 0, 1, 1, 0, 0, 1, 0, 1, 0, 0, 1, 1, 0, 0, 1, 1, 1, 0, 1, 0, 0, 0, 0, 1, 1, 1, 1, 0, 0, 0, 1, 1, 0, 0, 1, 0, 0, 1, 1, 1, 1, 0, 1, 1, 0, 1, 0, 0)"
68.622479,200,992.49678,5,"(33813, 57, 35563, 12359, 2739, 4812, 47679, 12716, 35382, 12378, 31009, 9932, 1065, 40092, 32602, 48113, 42956, 39081, 40944, 10077, 35487, 29456, 35718, 36946, 7269, 30245, 25243, 37856, 44068, 14567, 19353, 37054, 42470, 5954, 23898, 49373, 9540, 7447, 35767, 28297, 19173, 723, 18979, 14045, 25698, 9634, 13440, 24079, 14204, 44759, 22142, 33305, 19321, 31425, 22844, 6859, 3444, 49642, 33543, 3909, 15224, 40888, 8180, 47190, 43443, 24939, 19867, 31110, 12081, 21639, 28489, 37155, 46396, 28526, 37904, 44974, 43878, 15612, 37818, 9620, 22115, 43099, 32364, 42012, 39400, 564, 41624, 8230, 25511, 27123, 32700, 6355, 5981, 18855, 18209, 28889, 39344, 16020, 49108, 18931, 19428, 41155, 37401, 1725, 39298, 16767, 26730, 31435, 2588, 36630, 3677, 26820, 38113, 26701, 24382, 46753, 18487, 7136, 37227, 32282, 4881, 44586, 28901, 45114, 17014, 1193, 19331, 15166, 44060, 21267, 4001, 34629, 29451, 29173, 24600, 36802, 47397, 4767, 21026, 35507, 3040, 39204, 1617, 18051, 28216, 28539, 10913, 47441, 7290, 11449, 29304, 7530, 15618, 11647, 7117, 38514, 13103, 16868, 33512, 21443, 28374, 2249, 46306, 44526, 19649, 46972, 8576, 749, 35238, 40021, 6728, 44183, 35702, 43126, 12524, 20863, 28349, 35105, 30127, 18535, 49010, 34143, 35445, 11584, 33950, 1016, 658, 42335, 41352, 32876, 21726, 21383, 39021, 26644, 31168, 11551, 38139, 46685, 30903, 30079)","(0, 1, 0, 1, 1, 1, 0, 0, 1, 0, 1, 1, 1, 0, 1, 1, 0, 0, 1, 1, 1, 1, 0, 0, 1, 0, 1, 1, 0, 0, 1, 0, 1, 1, 1, 0, 1, 1, 0, 0, 1, 1, 1, 1, 0, 1, 1, 1, 1, 0, 0, 1, 1, 1, 0, 1, 1, 0, 0, 1, 1, 0, 1, 0, 0, 1, 0, 0, 0, 1, 0, 0, 0, 1, 0, 0, 0, 1, 0, 1, 1, 1, 1, 0, 1, 1, 0, 1, 1, 1, 0, 1, 1, 1, 1, 1, 0, 0, 0, 1, 1, 0, 0, 1, 0, 1, 1, 0, 1, 0, 1, 0, 0, 1, 1, 0, 0, 1, 1, 0, 0, 0, 1, 0, 1, 1, 1, 1, 0, 1, 0, 0, 1, 0, 1, 1, 1, 1, 1, 0, 1, 0, 0, 1, 0, 0, 1, 0, 1, 1, 1, 1, 1, 1, 0, 0, 0, 1, 1, 0, 0, 1, 1, 0, 1, 0, 1, 1, 0, 0, 1, 0, 1, 0, 1, 1, 0, 0, 0, 1, 0, 0, 1, 1, 1, 1, 1, 0, 1, 0, 1, 1, 0, 0, 1, 1, 0, 0, 0, 0)"
67.590711,200,994.864429,3,"(28737, 32898, 9108, 49539, 33913, 25452, 28080, 16064, 44465, 46077, 32958, 26665, 49799, 8174, 17249, 35697, 44202, 14763, 8938, 45189, 28016, 2849, 37187, 3150, 9965, 13850, 34552, 13983, 38174, 2205, 22932, 23774, 47132, 37690, 40458, 27519, 4049, 637, 40272, 22139, 6503, 18260, 33863, 8695, 31408, 49762, 3792, 19661, 3476, 20343, 44984, 39921, 8655, 2931, 33525, 20392, 19066, 9968, 3950, 39143, 12625, 34311, 7675, 45446, 3807, 16673, 15196, 41660, 49321, 38967, 29010, 34852, 508, 12603, 15353, 44920, 15887, 3230, 12205, 35073, 21211, 14195, 28589, 49043, 10637, 1173, 41618, 32503, 13325, 32125, 36700, 12542, 7945, 5309, 29080, 2061, 45891, 21443, 20306, 36139, 29649, 3679, 47088, 46031, 49681, 20333, 10980, 22179, 44815, 22476, 1944, 17526, 8732, 22293, 9645, 17677, 45217, 34006, 38312, 10339, 26485, 4702, 29114, 49441, 17285, 12172, 46121, 15583, 12292, 286, 2684, 36348, 35810, 9967, 24326, 42412, 49209, 26358, 10063, 48911, 45379, 14675, 38737, 36987, 46093, 20100, 28398, 8053, 48743, 4313, 19329, 32743, 22231, 48029, 33689, 27051, 23744, 35671, 15295, 27695, 14531, 3344, 12035, 25147, 17490, 27665, 11380, 2400, 35288, 4591, 44494, 16616, 19316, 21419, 19531, 41142, 22858, 15273, 40028, 47341, 22291, 26804, 33341, 43228, 48872, 16789, 15694, 17795, 39302, 15399, 5926, 28163, 10440, 28121, 26131, 29721, 31117, 33680, 17088, 23049)","(1, 0, 1, 1, 0, 0, 0, 1, 0, 0, 0, 1, 0, 1, 0, 1, 0, 1, 1, 0, 1, 0, 1, 1, 1, 1, 0, 1, 1, 1, 0, 0, 0, 0, 0, 0, 1, 1, 0, 1, 1, 1, 0, 1, 1, 0, 1, 1, 1, 1, 0, 1, 0, 1, 0, 1, 1, 1, 1, 1, 1, 1, 1, 0, 1, 1, 1, 0, 1, 0, 1, 0, 1, 1, 1, 0, 1, 0, 1, 0, 1, 1, 0, 1, 1, 1, 0, 0, 1, 0, 0, 1, 1, 1, 0, 1, 0, 0, 1, 0, 0, 1, 0, 0, 0, 1, 1, 1, 0, 0, 1, 1, 1, 0, 1, 0, 0, 0, 0, 1, 1, 1, 0, 0, 0, 1, 0, 1, 1, 1, 1, 1, 0, 1, 1, 0, 0, 1, 1, 0, 0, 1, 0, 1, 0, 1, 0, 1, 1, 1, 1, 0, 1, 0, 1, 1, 1, 0, 1, 1, 1, 1, 1, 1, 1, 0, 1, 1, 1, 1, 0, 1, 1, 1, 1, 0, 0, 1, 0, 0, 0, 1, 0, 0, 0, 0, 1, 1, 0, 1, 1, 0, 1, 0, 0, 0, 0, 0, 1, 0)"
74.104803,200,997.329149,4,"(31959, 696, 43569, 19506, 34082, 47826, 30956, 44807, 12396, 21178, 39846, 35851, 8101, 1612, 18327, 16271, 16036, 12046, 44103, 41484, 8075, 15, 1005, 49355, 16272, 48439, 18361, 7429, 15937, 49574, 27675, 12627, 18730, 26123, 47603, 34557, 11676, 46171, 3335, 6035, 13372, 16281, 38566, 17944, 17741, 14359, 16088, 10284, 45907, 48624, 17381, 10174, 6787, 46964, 1430, 45875, 5786, 1917, 5893, 3420, 36238, 38509, 12, 12200, 2145, 45218, 7648, 25939, 36177, 42044, 31779, 11868, 47315, 7601, 682, 29640, 34043, 17481, 6307, 44286, 24375, 9511, 34254, 23522, 40021, 14385, 26343, 39117, 8575, 12259, 35191, 17358, 32219, 35991, 17986, 44619, 4812, 19179, 339, 10959, 28692, 23377, 10817, 48253, 20618, 13399, 11382, 38620, 9274, 16779, 32617, 12285, 43722, 13785, 35438, 43771, 46868, 6130, 19537, 14613, 12438, 13167, 6425, 34895, 48219, 45272, 25012, 16876, 29302, 15573, 11952, 11170, 29825, 45010, 10293, 46593, 19620, 44995, 34719, 31466, 24326, 21938, 12976, 17752, 9757, 41279, 32005, 31553, 33514, 35804, 25806, 23480, 23192, 27595, 15485, 9460, 33977, 2947, 474, 48142, 9302, 23236, 20450, 10528, 26343, 33883, 29467, 13348, 15653, 35076, 3591, 37298, 44755, 40330, 11094, 20806, 5339, 4252, 2852, 23604, 34325, 25500, 13198, 15201, 32576, 37755, 14649, 7547, 25547, 34220, 35926, 35082, 4768, 36761, 35293, 36068, 20461, 18883, 11605, 36190)","(1, 1, 0, 1, 0, 1, 0, 0, 1, 1, 0, 0, 1, 1, 0, 1, 1, 1, 0, 1, 1, 1, 1, 0, 1, 0, 1, 1, 1, 1, 0, 1, 0, 1, 0, 0, 1, 1, 1, 1, 0, 1, 0, 1, 1, 1, 1, 1, 1, 0, 1, 1, 1, 0, 1, 0, 1, 1, 1, 1, 0, 1, 1, 0, 1, 0, 1, 0, 1, 0, 0, 1, 0, 1, 1, 0, 0, 1, 1, 0, 0, 1, 0, 0, 0, 1, 0, 1, 1, 1, 0, 1, 1, 1, 1, 0, 1, 1, 1, 1, 0, 1, 1, 0, 0, 1, 1, 1, 1, 1, 0, 0, 0, 0, 0, 0, 0, 0, 1, 1, 0, 1, 0, 0, 0, 0, 1, 1, 1, 1, 1, 1, 0, 0, 1, 1, 1, 0, 0, 0, 1, 0, 1, 1, 1, 1, 1, 1, 0, 0, 0, 1, 0, 1, 1, 1, 0, 1, 0, 1, 1, 0, 1, 0, 0, 0, 1, 1, 1, 0, 1, 1, 0, 0, 1, 0, 1, 1, 1, 0, 1, 1, 1, 1, 0, 1, 1, 1, 1, 0, 1, 0, 1, 0, 0, 0, 0, 1, 0, 0)"
74.657918,200,1008.823481,4,"(7694, 47631, 21866, 15086, 18024, 5748, 32501, 33954, 28720, 4894, 44016, 7528, 32475, 43891, 3089, 19232, 4169, 14214, 25981, 41982, 38144, 45514, 35459, 26984, 24052, 46074, 4129, 34005, 23375, 40730, 21528, 14918, 32324, 41168, 44556, 37819, 31384, 20124, 32647, 13528, 29707, 33123, 43307, 6553, 5121, 2563, 2924, 5219, 13182, 36416, 21215, 9954, 46269, 34794, 42508, 1378, 36930, 10352, 39199, 47872, 31958, 39124, 32753, 24528, 29136, 30790, 9815, 49941, 18303, 34369, 40809, 18897, 13367, 33915, 26227, 25503, 19894, 20387, 24247, 27685, 6452, 9688, 39881, 43569, 33789, 1519, 33372, 38184, 42075, 10338, 12592, 35261, 3792, 13173, 42213, 37234, 6258, 21673, 36795, 38710, 3485, 4655, 22152, 39290, 35649, 27184, 33250, 14369, 2679, 39849, 30073, 14918, 6208, 15879, 2639, 25028, 8045, 9391, 4914, 12129, 31294, 48619, 31755, 29830, 19047, 480, 40770, 45777, 48637, 39647, 2577, 11943, 24190, 20468, 15499, 24923, 28367, 7424, 38353, 24822, 17480, 38535, 5417, 28578, 49614, 1594, 9182, 21371, 48770, 48527, 5694, 36067, 13336, 41121, 42010, 41153, 44813, 31079, 8190, 29331, 7322, 25532, 22013, 25153, 20701, 1616, 21150, 48716, 42322, 3802, 45352, 41296, 12982, 46239, 3789, 49696, 30478, 20313, 2904, 10829, 32913, 35891, 36833, 31706, 15915, 25740, 34179, 11714, 18978, 5829, 35166, 12903, 9540, 3224, 18870, 30776, 12528, 37546, 7358, 16897)","(1, 0, 1, 1, 1, 1, 0, 1, 1, 1, 0, 1, 0, 0, 1, 1, 0, 1, 0, 0, 1, 1, 1, 0, 1, 0, 0, 0, 1, 0, 1, 1, 0, 0, 0, 0, 0, 1, 1, 0, 0, 0, 0, 1, 1, 1, 1, 1, 1, 0, 1, 1, 0, 0, 1, 1, 0, 1, 1, 0, 1, 1, 1, 1, 1, 0, 1, 1, 1, 0, 0, 0, 0, 0, 1, 0, 1, 1, 1, 1, 1, 1, 0, 0, 1, 1, 1, 0, 0, 1, 1, 0, 1, 1, 0, 1, 1, 1, 0, 0, 1, 1, 1, 0, 1, 1, 0, 1, 1, 1, 0, 0, 1, 1, 1, 1, 1, 1, 1, 1, 1, 0, 1, 0, 1, 0, 0, 0, 1, 0, 1, 1, 1, 1, 1, 1, 0, 1, 1, 0, 1, 0, 1, 0, 0, 1, 1, 1, 1, 1, 1, 0, 1, 0, 0, 0, 0, 1, 1, 1, 1, 1, 1, 1, 1, 1, 1, 0, 0, 1, 0, 0, 1, 0, 1, 0, 0, 0, 1, 1, 1, 0, 1, 1, 0, 0, 0, 1, 1, 1, 0, 1, 1, 1, 1, 0, 1, 0, 1, 1)"
48.787276,200,1011.729784,6,"(45565, 22700, 47026, 15702, 20443, 33011, 33727, 13914, 23092, 46886, 23897, 28946, 5199, 13543, 34771, 8866, 10767, 10641, 19520, 40788, 37089, 14697, 27574, 34118, 5071, 15075, 3942, 13767, 28851, 35838, 41354, 24628, 42042, 49455, 33294, 32882, 47105, 20228, 34845, 14717, 46525, 48286, 44947, 11554, 7358, 28554, 17468, 34307, 25859, 29446, 7449, 3477, 7706, 13686, 26125, 8959, 32231, 17618, 3784, 11629, 43353, 10225, 20979, 38493, 47852, 18117, 22507, 40198, 43306, 15984, 38862, 36023, 28579, 12385, 29402, 40123, 41354, 24071, 3005, 42118, 35919, 31245, 12598, 12754, 24178, 27926, 13425, 13499, 44814, 44722, 27764, 45132, 10326, 47127, 39680, 42342, 6212, 42537, 49881, 45260, 20689, 7830, 25541, 32804, 27603, 46236, 2091, 14957, 3288, 42153, 9287, 48296, 18323, 6040, 22753, 30787, 12632, 1776, 2730, 18240, 36272, 18493, 36942, 10100, 22219, 7743, 28094, 36470, 30879, 21781, 15915, 47600, 18346, 14069, 34343, 48556, 46950, 40208, 2743, 32956, 27711, 10664, 2648, 27773, 15294, 48776, 5570, 26347, 40320, 37310, 6834, 24960, 27656, 22266, 14507, 46555, 18406, 44176, 38627, 8213, 49311, 43129, 29296, 44840, 47085, 48921, 4121, 46938, 13071, 32469, 26511, 4390, 19167, 48004, 37350, 30357, 32448, 32740, 26027, 21890, 37328, 48296, 16822, 7989, 8010, 9743, 48162, 7405, 44114, 18762, 6620, 27111, 43439, 17174, 7987, 35246, 34499, 975, 4461, 22461)","(0, 0, 0, 0, 1, 0, 0, 1, 0, 0, 1, 1, 1, 1, 1, 1, 1, 1, 1, 0, 0, 1, 0, 0, 1, 1, 1, 0, 1, 1, 0, 0, 0, 0, 0, 0, 0, 0, 0, 1, 0, 0, 0, 1, 1, 1, 1, 1, 0, 0, 1, 1, 1, 0, 1, 0, 0, 0, 1, 1, 0, 0, 1, 0, 0, 0, 0, 0, 0, 1, 1, 0, 1, 1, 1, 0, 0, 1, 1, 1, 0, 0, 1, 1, 1, 1, 1, 1, 0, 0, 1, 0, 1, 1, 1, 0, 0, 1, 0, 0, 1, 1, 0, 0, 0, 1, 1, 0, 1, 1, 1, 0, 0, 1, 0, 0, 1, 1, 1, 1, 0, 1, 1, 1, 1, 1, 0, 0, 0, 0, 0, 0, 1, 1, 1, 0, 0, 0, 1, 1, 0, 1, 1, 0, 1, 1, 1, 1, 0, 1, 1, 1, 0, 0, 0, 1, 1, 0, 1, 1, 0, 0, 1, 0, 0, 1, 1, 0, 1, 1, 0, 1, 1, 0, 0, 0, 0, 0, 1, 1, 1, 0, 1, 1, 1, 1, 0, 1, 0, 1, 1, 0, 0, 0, 1, 0, 0, 1, 1, 0)"
54.516933,200,1015.072524,0,"(7495, 39487, 29803, 34004, 2673, 20479, 46464, 29965, 13313, 5191, 32016, 17736, 973, 18643, 8614, 25111, 7616, 27593, 12161, 44840, 14766, 25358, 29647, 3164, 10804, 32510, 31213, 34587, 7316, 14239, 2782, 22936, 18688, 20650, 10715, 11826, 3966, 29914, 12615, 12360, 4458, 23217, 25838, 45133, 40614, 35683, 27645, 6155, 6243, 30242, 20504, 48183, 2502, 33764, 39525, 36240, 11282, 39276, 39177, 28376, 37020, 13345, 25757, 26695, 13217, 31305, 35809, 26766, 28429, 35709, 45254, 29206, 37221, 15346, 33298, 39161, 33851, 1152, 10460, 17764, 8843, 30008, 14118, 15441, 23439, 20883, 42460, 25661, 13179, 2608, 39321, 34593, 41812, 37772, 8169, 24442, 40384, 17467, 42255, 45408, 10769, 2382, 32150, 39935, 49291, 2862, 20076, 47489, 28303, 30728, 49450, 15337, 25211, 34620, 12993, 27332, 33451, 38123, 1789, 44208, 47826, 45994, 3083, 9088, 18512, 13935, 3092, 27790, 8021, 25159, 5625, 40829, 43126, 1276, 27391, 20427, 15499, 46708, 43282, 44346, 48104, 23754, 5573, 10716, 30169, 32274, 35041, 26551, 8610, 24814, 11944, 31800, 32956, 27603, 6413, 24534, 14686, 32318, 2174, 41868, 17227, 10018, 43430, 7645, 5078, 41153, 45187, 16214, 10905, 42813, 49308, 33572, 46039, 38942, 33041, 49262, 45548, 17121, 46194, 7478, 35427, 32956, 50022, 42757, 34328, 49127, 4605, 46425, 11575, 36773, 5300, 39424, 21503, 21027, 39460, 27928, 20722, 11831, 21433, 47282)","(1, 1, 0, 0, 1, 0, 1, 0, 0, 1, 0, 1, 1, 1, 0, 1, 1, 1, 1, 0, 1, 1, 1, 0, 1, 1, 0, 1, 1, 1, 1, 0, 1, 1, 1, 1, 1, 0, 1, 1, 1, 0, 0, 0, 0, 0, 0, 1, 1, 0, 0, 0, 1, 0, 0, 0, 0, 1, 0, 0, 0, 0, 0, 1, 1, 0, 0, 0, 0, 1, 0, 1, 0, 0, 0, 0, 0, 1, 0, 1, 1, 0, 0, 1, 1, 1, 0, 1, 1, 1, 1, 0, 0, 0, 1, 1, 0, 0, 1, 1, 1, 1, 0, 0, 0, 1, 1, 0, 0, 0, 1, 1, 1, 0, 1, 1, 0, 0, 1, 0, 0, 0, 1, 1, 1, 0, 1, 1, 1, 1, 1, 0, 0, 1, 0, 0, 0, 0, 0, 0, 0, 1, 1, 1, 0, 0, 0, 0, 1, 0, 1, 0, 1, 0, 1, 1, 0, 0, 1, 1, 0, 1, 0, 1, 1, 0, 0, 1, 1, 0, 0, 0, 0, 0, 0, 0, 1, 1, 0, 1, 1, 0, 0, 0, 1, 0, 1, 0, 1, 0, 1, 0, 0, 0, 0, 0, 1, 1, 1, 0)"
79.851203,200,1017.722256,4,"(42474, 13635, 14451, 3731, 10292, 31085, 26743, 19393, 11818, 26479, 27718, 31016, 42431, 3621, 11893, 47705, 22081, 29225, 21093, 17672, 8189, 41480, 27286, 40690, 16623, 15135, 3262, 18495, 30709, 40565, 39088, 43966, 22846, 13521, 47969, 7793, 39800, 2897, 5304, 38883, 16294, 3850, 9207, 8115, 39083, 41598, 48426, 30688, 49089, 77, 4946, 42008, 47714, 13331, 6186, 33836, 9045, 7161, 39377, 26054, 41730, 32278, 22921, 21752, 22709, 7755, 37576, 33533, 23933, 9565, 3179, 18209, 34756, 17850, 9651, 7011, 9660, 1414, 30739, 32922, 10755, 44744, 33467, 34413, 35882, 21319, 26629, 29486, 27943, 33452, 12979, 38078, 15638, 19066, 49608, 38196, 20089, 36892, 35890, 6107, 8462, 37045, 25953, 36250, 8973, 12788, 13602, 9486, 9383, 29094, 12875, 33514, 8311, 6904, 17600, 30444, 24091, 33482, 24199, 28977, 10043, 12510, 11354, 10369, 5879, 37482, 47017, 8369, 38699, 39792, 36846, 21846, 35241, 10477, 10958, 39672, 37809, 48121, 44004, 41121, 4751, 34492, 6457, 44036, 44437, 37274, 36620, 21106, 3557, 22505, 688, 5915, 17093, 26397, 12513, 9924, 14399, 8887, 7113, 45109, 199, 33186, 1685, 19472, 3570, 37040, 27377, 11608, 42141, 29620, 46999, 21585, 4429, 30605, 14793, 9045, 18336, 47358, 10529, 33532, 37735, 22692, 10147, 32449, 27662, 21520, 44942, 31251, 44504, 12336, 9153, 34425, 34122, 36351, 26303, 6219, 5949, 26452, 8693, 20411)","(0, 1, 1, 1, 1, 1, 0, 1, 1, 0, 1, 1, 0, 1, 1, 0, 1, 1, 1, 1, 1, 0, 1, 0, 0, 1, 1, 1, 0, 0, 1, 0, 0, 0, 0, 1, 1, 1, 1, 1, 1, 1, 1, 1, 1, 0, 0, 0, 1, 1, 1, 1, 0, 1, 1, 1, 1, 1, 0, 1, 1, 0, 0, 0, 0, 1, 1, 0, 1, 1, 1, 1, 0, 1, 1, 1, 1, 0, 0, 0, 1, 0, 1, 0, 0, 1, 0, 0, 1, 0, 1, 0, 1, 1, 0, 0, 1, 1, 1, 1, 1, 1, 1, 0, 1, 1, 1, 1, 1, 1, 1, 0, 1, 1, 1, 0, 1, 1, 1, 1, 1, 1, 0, 1, 1, 1, 1, 1, 1, 1, 1, 1, 0, 1, 1, 1, 0, 0, 0, 0, 1, 0, 1, 0, 0, 1, 0, 1, 1, 0, 1, 1, 1, 1, 1, 1, 1, 1, 1, 0, 1, 1, 1, 0, 1, 1, 1, 1, 0, 0, 0, 0, 1, 0, 1, 0, 1, 0, 1, 0, 0, 0, 1, 0, 1, 0, 0, 1, 0, 1, 0, 0, 0, 0, 1, 1, 1, 1, 1, 1)"
72.385805,200,1020.229999,3,"(27450, 17978, 7591, 36115, 47760, 48029, 12093, 38866, 24229, 49289, 2346, 7530, 16981, 21067, 49546, 15254, 27055, 23304, 37213, 37878, 24717, 13985, 29122, 5546, 18745, 46359, 41677, 4023, 45245, 35586, 5344, 37352, 38070, 23011, 42128, 26292, 1524, 25271, 45161, 31188, 5095, 47533, 41861, 29691, 23617, 1784, 43946, 11767, 23436, 27820, 30119, 31397, 46157, 10747, 37012, 6070, 43563, 42704, 10018, 35504, 10419, 11546, 12337, 36500, 40533, 33283, 10853, 18044, 47198, 28458, 12815, 21053, 38192, 42059, 15911, 30787, 41740, 3587, 27164, 29325, 34451, 32119, 43108, 26175, 33738, 13757, 48933, 29681, 3734, 49801, 18292, 2965, 37173, 6401, 6793, 31304, 643, 9500, 11990, 16587, 9628, 5958, 12068, 17819, 28591, 685, 44911, 45019, 13296, 16995, 25362, 44845, 47430, 47826, 47649, 24878, 46157, 5059, 43566, 39431, 21467, 6951, 45066, 46124, 25209, 32076, 39690, 43505, 46733, 18361, 5050, 36585, 46219, 7853, 22641, 10314, 2981, 23917, 2487, 40199, 5907, 46306, 47635, 22135, 27674, 40955, 20436, 7131, 3752, 14289, 23446, 11847, 7596, 32468, 16479, 35019, 1206, 31949, 37531, 686, 39000, 14676, 15031, 8012, 12524, 28374, 3546, 27021, 33352, 42006, 39968, 26061, 33311, 36890, 39262, 23648, 46021, 43965, 44507, 41914, 26599, 3041, 25307, 14604, 21713, 2739, 38267, 21390, 15777, 41791, 42390, 43534, 31719, 28705, 16676, 21564, 31402, 20198, 17379, 34393)","(0, 1, 1, 1, 0, 0, 1, 1, 0, 0, 1, 1, 1, 1, 0, 1, 0, 1, 1, 0, 1, 1, 0, 1, 0, 0, 1, 1, 0, 0, 1, 0, 0, 0, 0, 1, 1, 1, 0, 1, 1, 0, 1, 1, 1, 1, 0, 1, 1, 0, 1, 0, 0, 1, 0, 1, 0, 0, 1, 0, 1, 1, 1, 1, 0, 0, 1, 1, 0, 1, 1, 1, 0, 0, 1, 0, 0, 1, 1, 1, 0, 1, 1, 1, 0, 0, 0, 1, 1, 1, 1, 1, 1, 1, 1, 1, 1, 1, 1, 0, 1, 1, 1, 1, 0, 1, 0, 0, 1, 1, 1, 0, 0, 1, 0, 0, 0, 1, 0, 0, 1, 1, 0, 0, 0, 0, 0, 0, 1, 1, 1, 0, 0, 1, 0, 1, 1, 1, 0, 0, 1, 1, 0, 1, 0, 0, 0, 1, 1, 1, 1, 1, 1, 0, 1, 0, 1, 1, 0, 1, 1, 1, 1, 1, 1, 0, 1, 1, 0, 0, 0, 1, 1, 1, 1, 1, 0, 0, 0, 0, 1, 1, 1, 1, 1, 1, 1, 1, 1, 1, 0, 0, 0, 1, 1, 1, 1, 1, 1, 0)"
98.631047,200,1022.588082,1,"(49885, 37733, 45855, 46691, 4425, 29301, 48577, 38096, 32828, 42325, 45642, 14046, 23272, 2, 1141, 46098, 8360, 38425, 6261, 31602, 30269, 5933, 10290, 35029, 20970, 39149, 11691, 5689, 11315, 4193, 4289, 37594, 27010, 24825, 5563, 30358, 17010, 15222, 33211, 10153, 32759, 42935, 15634, 39526, 30291, 13977, 20058, 39175, 23776, 44893, 37025, 19056, 805, 36431, 6482, 44161, 1829, 7456, 48477, 32152, 24668, 41378, 23591, 45646, 4719, 41655, 140, 24025, 24929, 520, 28490, 776, 33952, 44088, 30702, 48520, 29048, 16940, 21250, 2712, 34923, 38181, 14307, 45019, 11859, 39120, 43382, 48176, 18468, 26259, 8268, 15477, 47465, 6267, 36269, 41304, 8122, 42560, 47017, 3622, 35732, 15765, 42643, 5991, 22566, 42263, 11825, 29502, 17995, 38412, 46307, 44767, 31266, 39183, 30018, 42645, 21638, 18079, 12506, 30349, 46680, 16370, 33087, 7700, 17855, 32918, 34066, 10375, 14753, 31016, 18069, 16432, 20131, 22629, 27298, 30255, 14777, 49351, 14090, 13229, 48819, 33850, 41996, 27367, 46511, 6787, 33177, 3348, 46301, 2195, 11499, 3489, 12947, 7818, 16855, 6054, 9489, 47300, 23053, 7227, 1981, 24023, 13950, 27344, 45622, 9462, 29460, 20305, 47049, 39192, 34317, 45572, 6938, 31887, 1698, 894, 21114, 26482, 3842, 14168, 42672, 11944, 43184, 36996, 6421, 33162, 13677, 6942, 31111, 7720, 42348, 28662, 21422, 9242, 46381, 42547, 48652, 36416, 39114, 40594)","(0, 0, 1, 0, 1, 1, 1, 0, 0, 0, 1, 1, 0, 1, 1, 0, 1, 1, 1, 0, 0, 1, 1, 0, 0, 0, 0, 1, 1, 1, 1, 0, 1, 1, 1, 0, 1, 1, 1, 1, 0, 0, 1, 1, 0, 1, 1, 1, 1, 1, 0, 1, 1, 1, 0, 0, 1, 1, 0, 0, 1, 0, 0, 1, 1, 0, 1, 1, 1, 1, 1, 1, 1, 0, 0, 1, 1, 1, 1, 1, 0, 1, 1, 0, 1, 1, 0, 0, 0, 1, 1, 1, 1, 1, 1, 1, 1, 0, 1, 1, 1, 1, 1, 0, 0, 1, 1, 0, 1, 0, 0, 0, 1, 0, 0, 0, 1, 1, 1, 0, 1, 1, 1, 1, 0, 1, 0, 1, 1, 1, 1, 0, 1, 0, 0, 0, 1, 0, 0, 1, 1, 1, 0, 1, 1, 1, 0, 1, 0, 1, 1, 1, 1, 1, 1, 1, 1, 0, 0, 1, 1, 1, 1, 0, 0, 1, 1, 1, 1, 1, 1, 0, 1, 1, 0, 0, 1, 1, 0, 1, 0, 1, 0, 1, 1, 0, 1, 1, 1, 1, 0, 1, 0, 1, 1, 0, 1, 1, 0, 0)"
99.840662,200,1024.985637,2,"(30981, 7189, 8416, 38058, 38544, 20619, 29586, 9313, 5306, 30744, 30787, 30499, 10324, 24819, 34774, 41559, 6371, 4605, 24166, 23133, 22616, 8944, 45686, 24937, 49097, 40383, 8855, 44374, 35915, 21013, 1104, 2685, 36709, 33601, 45865, 8197, 20143, 47787, 22085, 2012, 15714, 11068, 26461, 1458, 47497, 20220, 18285, 32042, 18342, 38360, 15275, 9784, 28282, 1852, 41204, 30937, 25838, 6671, 44769, 42410, 34285, 14360, 1380, 37024, 42921, 21673, 34899, 49088, 32210, 23750, 34535, 23763, 605, 11650, 32884, 28238, 29248, 8893, 20279, 15697, 33735, 21989, 2376, 9174, 14534, 37874, 13708, 33538, 20178, 22038, 14725, 16200, 39788, 37446, 40976, 9791, 10014, 14596, 20528, 23481, 28393, 11516, 1994, 751, 20698, 17523, 5420, 36833, 17395, 18866, 12679, 24279, 25613, 2339, 15908, 4397, 15667, 6904, 1728, 32551, 8808, 5883, 1242, 31144, 29119, 49342, 13981, 40192, 9296, 44263, 13474, 40804, 38304, 27398, 1647, 27739, 30447, 7236, 13665, 3100, 8916, 26027, 25639, 30444, 7948, 47007, 35012, 38185, 33581, 40480, 39743, 30852, 37033, 36665, 36846, 30058, 25886, 22652, 6052, 25517, 8983, 38440, 39903, 31522, 39865, 13166, 9795, 14692, 38489, 29721, 12376, 16381, 22504, 5420, 18532, 24376, 19885, 9087, 9696, 25221, 47225, 46688, 40589, 45676, 9281, 7891, 6712, 948, 15506, 10971, 35028, 10697, 9330, 49618, 25019, 35496, 20179, 7765, 13929, 40124)","(1, 1, 1, 0, 1, 1, 0, 1, 1, 0, 0, 0, 1, 1, 0, 0, 1, 1, 1, 0, 0, 1, 1, 1, 0, 1, 1, 0, 0, 1, 1, 1, 0, 1, 0, 1, 1, 1, 1, 1, 0, 1, 1, 1, 0, 1, 1, 1, 1, 1, 1, 0, 0, 1, 0, 0, 0, 1, 0, 0, 1, 1, 1, 1, 0, 1, 0, 1, 1, 1, 0, 1, 1, 1, 1, 0, 1, 1, 1, 1, 1, 1, 1, 1, 1, 1, 0, 1, 1, 1, 1, 1, 0, 1, 1, 1, 1, 1, 0, 1, 0, 1, 1, 1, 1, 0, 1, 1, 1, 0, 1, 1, 1, 1, 0, 1, 1, 1, 1, 0, 0, 1, 1, 0, 1, 0, 1, 0, 0, 0, 1, 0, 1, 1, 1, 1, 0, 1, 1, 1, 1, 1, 1, 0, 1, 0, 0, 0, 1, 0, 0, 0, 1, 0, 1, 0, 0, 0, 1, 0, 1, 0, 0, 1, 0, 1, 1, 1, 1, 0, 1, 1, 0, 0, 1, 0, 0, 1, 1, 1, 1, 1, 0, 0, 1, 1, 1, 1, 1, 0, 0, 1, 1, 0, 1, 1, 1, 1, 1, 0)"
76.660421,200,1027.359106,0,"(24832, 50006, 32996, 44096, 9079, 11002, 29225, 27132, 36739, 3701, 36897, 3634, 12970, 49061, 8745, 38056, 42607, 47122, 40394, 20411, 26985, 11701, 4151, 36436, 10417, 17368, 35570, 10328, 9157, 1741, 1639, 19432, 34644, 26702, 20624, 44672, 5654, 14729, 21199, 18168, 30572, 24390, 49144, 2760, 15750, 47624, 18293, 38492, 45540, 42774, 24339, 22860, 9941, 41191, 21539, 45928, 16671, 798, 44489, 32356, 28420, 4833, 7084, 37712, 1956, 37887, 48404, 43071, 22158, 18849, 31647, 34792, 23028, 26764, 22806, 6848, 22038, 11397, 6342, 42118, 2485, 36423, 32072, 9702, 38023, 21282, 7458, 30337, 15014, 2118, 22828, 48352, 4189, 24001, 24121, 48318, 27546, 28477, 4683, 4693, 42988, 23477, 9254, 36566, 12909, 20272, 31958, 20279, 48313, 45874, 43832, 19319, 20755, 6856, 5380, 16372, 1818, 10549, 1192, 3513, 38873, 29136, 1696, 31242, 19852, 16269, 16046, 47745, 26150, 6704, 21196, 7742, 42559, 7606, 32149, 1087, 485, 33544, 47856, 7468, 42957, 40103, 40949, 28787, 18475, 7669, 3704, 37505, 30041, 9582, 14694, 42632, 5916, 44752, 25628, 46054, 868, 26129, 30824, 43770, 37981, 32043, 48762, 5717, 29104, 36252, 24450, 36563, 4911, 49338, 42090, 19785, 7858, 22981, 22016, 3666, 5076, 7695, 33563, 45960, 27114, 26613, 8003, 12678, 21688, 17906, 8408, 20106, 48113, 47418, 24146, 10988, 35551, 17206, 22854, 44210, 117, 18331, 31497, 16114)","(1, 0, 0, 0, 1, 1, 1, 0, 0, 1, 0, 1, 0, 0, 1, 0, 0, 0, 0, 1, 0, 1, 1, 0, 1, 0, 0, 1, 1, 1, 1, 0, 0, 0, 0, 0, 1, 1, 0, 1, 0, 1, 0, 0, 1, 0, 1, 0, 1, 0, 0, 0, 1, 0, 1, 1, 1, 1, 0, 0, 0, 1, 1, 0, 1, 0, 1, 1, 0, 1, 1, 0, 0, 1, 0, 1, 0, 1, 0, 1, 1, 0, 0, 1, 1, 0, 0, 0, 1, 1, 0, 0, 1, 1, 0, 1, 0, 1, 0, 1, 1, 1, 0, 0, 1, 1, 1, 1, 0, 0, 0, 1, 0, 1, 1, 0, 1, 0, 1, 1, 0, 1, 1, 1, 0, 1, 1, 1, 1, 1, 1, 1, 1, 1, 0, 1, 1, 0, 0, 1, 0, 1, 1, 1, 1, 1, 1, 0, 0, 1, 1, 1, 0, 0, 0, 0, 1, 1, 0, 0, 0, 0, 0, 1, 0, 0, 1, 0, 1, 0, 0, 1, 1, 0, 0, 1, 1, 1, 0, 0, 1, 1, 1, 1, 1, 1, 1, 1, 1, 0, 0, 1, 0, 1, 0, 0, 1, 0, 0, 0)"
77.858205,200,1029.821462,5,"(40227, 40847, 11264, 9311, 6348, 12593, 19661, 27335, 14772, 7793, 32220, 725, 13655, 49120, 9464, 11998, 3548, 24900, 35993, 46975, 14530, 36987, 285, 42672, 13839, 15446, 13906, 33877, 2556, 37603, 43669, 8300, 25985, 10549, 6563, 28578, 27114, 31416, 23409, 26877, 10203, 44681, 43065, 28172, 44613, 38090, 34968, 15475, 16889, 18134, 21149, 49425, 46767, 6187, 24517, 13589, 47004, 39203, 18751, 18587, 48391, 14053, 21531, 18771, 18961, 49535, 19704, 13597, 48893, 39572, 11412, 42985, 33899, 22740, 46743, 20696, 2785, 14166, 5508, 15029, 26191, 23126, 1049, 32694, 26844, 15188, 8205, 823, 16092, 12038, 30332, 25646, 20515, 19670, 9510, 10860, 39021, 24848, 17884, 32437, 38053, 41075, 15072, 7089, 32170, 32389, 12995, 9982, 34091, 37976, 7766, 20846, 11346, 19282, 23941, 1843, 38669, 19771, 29434, 17902, 45919, 29109, 48555, 31432, 32175, 40206, 39200, 943, 20409, 6089, 6791, 7489, 8394, 25162, 9759, 1858, 35830, 1391, 8434, 29452, 40118, 41882, 43147, 18298, 9260, 31768, 34462, 12032, 45442, 45778, 24226, 18132, 2209, 11462, 30051, 5873, 3361, 42718, 16332, 13534, 32113, 26239, 27375, 14561, 16864, 8119, 23116, 29053, 42165, 22736, 13509, 7180, 49053, 48870, 2730, 42912, 45039, 5468, 12528, 42803, 11135, 10355, 27337, 17617, 20373, 13724, 29012, 45148, 27381, 33300, 48271, 14184, 44840, 40221, 22268, 31631, 35342, 7303, 15178, 25421)","(0, 0, 0, 1, 0, 0, 1, 1, 1, 1, 1, 1, 1, 1, 1, 1, 1, 0, 1, 0, 1, 1, 1, 0, 1, 1, 1, 0, 1, 1, 0, 1, 0, 0, 1, 0, 1, 1, 0, 1, 1, 0, 1, 0, 0, 1, 0, 1, 1, 1, 1, 0, 1, 1, 1, 1, 0, 1, 0, 1, 0, 1, 0, 0, 1, 0, 0, 1, 0, 0, 1, 0, 1, 0, 0, 1, 1, 1, 0, 1, 1, 0, 1, 0, 1, 1, 1, 0, 1, 1, 0, 1, 0, 1, 1, 1, 0, 0, 1, 0, 0, 0, 1, 1, 0, 1, 0, 1, 0, 0, 1, 1, 0, 1, 1, 1, 1, 0, 0, 0, 0, 1, 0, 0, 0, 0, 0, 1, 1, 0, 0, 1, 1, 0, 1, 1, 0, 1, 1, 1, 0, 0, 0, 1, 1, 1, 0, 1, 0, 1, 0, 0, 1, 1, 0, 1, 1, 0, 1, 1, 0, 0, 1, 0, 0, 1, 0, 1, 1, 0, 1, 1, 1, 1, 1, 0, 0, 0, 1, 0, 1, 1, 0, 0, 0, 0, 1, 0, 1, 1, 0, 1, 0, 0, 0, 0, 0, 1, 1, 1)"
29.95484,200,1033.015295,8,"(18958, 34289, 5043, 21327, 31558, 7534, 36726, 8868, 7080, 38583, 15220, 6343, 32191, 10737, 23416, 37072, 1461, 10097, 27574, 36953, 30261, 28988, 46797, 40563, 11074, 35041, 24405, 6783, 40349, 28845, 46788, 35025, 49589, 45575, 3956, 12411, 33237, 8098, 36515, 46165, 19670, 41642, 19513, 38353, 4238, 27029, 23504, 4077, 26165, 43248, 47342, 8404, 5971, 26967, 16069, 32462, 21369, 13424, 8946, 42372, 286, 42293, 22384, 13233, 20831, 18652, 8208, 26583, 30480, 16637, 39590, 14194, 38144, 44859, 18496, 49651, 14190, 12937, 21937, 47081, 12761, 46588, 31352, 31046, 19362, 47975, 26576, 24550, 43220, 462, 39116, 3527, 22529, 49209, 27113, 11485, 6896, 17469, 44709, 13857, 40910, 8994, 24538, 45645, 43240, 24736, 5924, 31384, 36905, 23554, 12239, 46238, 40424, 42876, 47739, 35937, 39205, 43713, 11793, 41005, 16450, 20388, 12618, 15124, 6389, 17712, 9565, 47531, 13246, 5853, 16490, 49031, 22728, 16833, 11681, 38788, 23785, 11965, 3171, 4063, 5366, 7747, 49235, 27859, 13138, 1824, 13062, 11687, 1858, 45522, 49510, 49571, 25456, 33453, 20269, 32766, 14729, 30823, 26024, 39407, 22392, 24384, 46600, 35660, 9291, 46513, 42695, 40145, 7585, 32887, 14557, 49673, 34207, 12121, 29686, 12838, 6969, 30214, 26516, 22713, 11641, 40410, 24488, 2429, 48116, 42112, 14197, 46680, 17694, 23783, 30876, 1409, 11303, 14120, 18471, 47559, 13573, 25107, 47848, 10419)","(0, 1, 0, 1, 0, 1, 0, 0, 1, 0, 1, 0, 0, 1, 1, 0, 1, 1, 0, 0, 0, 1, 0, 0, 1, 0, 0, 1, 0, 0, 0, 0, 0, 0, 1, 1, 0, 1, 0, 0, 1, 0, 1, 0, 0, 0, 1, 1, 1, 0, 0, 1, 1, 0, 1, 0, 1, 1, 1, 0, 1, 0, 0, 1, 1, 0, 1, 0, 0, 1, 0, 1, 0, 0, 0, 0, 1, 1, 1, 0, 0, 0, 1, 0, 1, 0, 0, 1, 0, 1, 0, 1, 0, 0, 0, 1, 1, 0, 0, 1, 0, 1, 1, 0, 0, 0, 1, 0, 0, 1, 0, 0, 0, 0, 0, 0, 0, 0, 1, 0, 1, 1, 1, 1, 1, 0, 1, 0, 1, 1, 0, 0, 0, 1, 1, 0, 1, 1, 1, 1, 1, 1, 0, 1, 0, 0, 0, 1, 1, 0, 0, 0, 1, 0, 0, 0, 1, 0, 0, 0, 0, 1, 0, 0, 1, 0, 0, 0, 1, 0, 1, 0, 0, 1, 0, 1, 1, 0, 1, 0, 1, 0, 0, 0, 0, 0, 1, 0, 0, 1, 0, 0, 1, 1, 0, 0, 1, 1, 0, 1)"
26.293879,200,1044.430683,8,"(18113, 11366, 15113, 1130, 22448, 16980, 17450, 35214, 27806, 5878, 7218, 11285, 20701, 31882, 6423, 8571, 1272, 10394, 12030, 21093, 35077, 32439, 33747, 26182, 20029, 39017, 10164, 24814, 34634, 22483, 13705, 15712, 37194, 36948, 46845, 22839, 5973, 22494, 18225, 39084, 24744, 26503, 10292, 26794, 29165, 24382, 15672, 36013, 10887, 35912, 41586, 7132, 30289, 38031, 23043, 14100, 41072, 18723, 47137, 25641, 44813, 4547, 16753, 25622, 27839, 1073, 13471, 4102, 28358, 22115, 45548, 16887, 29397, 40022, 29750, 18881, 2834, 5902, 41956, 6513, 9301, 23689, 11415, 18732, 8587, 26335, 43463, 23751, 48045, 40866, 16482, 32278, 7626, 21914, 14218, 21532, 20800, 20723, 616, 5485, 413, 31829, 3588, 19996, 1955, 12526, 45249, 46792, 40865, 31060, 30912, 31498, 2944, 37884, 49960, 21921, 12118, 37242, 6243, 10378, 46341, 25866, 33423, 6617, 29814, 21484, 35480, 39154, 32267, 38170, 48483, 30054, 29497, 14139, 5319, 47219, 41531, 11754, 25449, 28227, 1181, 30946, 40624, 39004, 46892, 14913, 9032, 10768, 28927, 27030, 45153, 29457, 17492, 28464, 27007, 2137, 49269, 30219, 6902, 16947, 23398, 40866, 6681, 45298, 12645, 15726, 9507, 29960, 8183, 7970, 28456, 19440, 24980, 37825, 8781, 7812, 48853, 40675, 23530, 30447, 41746, 8258, 36896, 1485, 33887, 31425, 18020, 6542, 4531, 47465, 43977, 20518, 43018, 24259, 5657, 46916, 45402, 16468, 42435, 33202)","(0, 1, 1, 1, 0, 1, 0, 0, 0, 1, 1, 0, 1, 0, 1, 1, 1, 1, 1, 1, 0, 0, 0, 1, 1, 0, 0, 0, 0, 0, 0, 0, 0, 0, 0, 0, 1, 0, 0, 0, 0, 1, 1, 0, 1, 0, 1, 0, 1, 0, 0, 1, 0, 0, 0, 1, 0, 0, 0, 0, 0, 1, 1, 0, 0, 1, 1, 1, 0, 1, 0, 1, 0, 0, 0, 1, 1, 1, 0, 1, 1, 0, 1, 0, 1, 1, 0, 1, 0, 0, 1, 0, 1, 0, 1, 1, 1, 0, 1, 0, 1, 0, 1, 1, 1, 1, 0, 0, 0, 0, 0, 0, 1, 0, 0, 1, 1, 0, 1, 1, 0, 0, 0, 1, 0, 0, 0, 0, 0, 0, 0, 0, 0, 1, 1, 0, 0, 1, 1, 0, 1, 0, 0, 0, 0, 1, 1, 0, 1, 0, 0, 0, 0, 0, 0, 1, 0, 0, 1, 1, 0, 0, 0, 0, 1, 1, 1, 0, 1, 1, 0, 0, 1, 0, 1, 1, 0, 0, 0, 0, 0, 1, 0, 1, 0, 1, 0, 1, 1, 0, 0, 1, 0, 0, 1, 0, 0, 1, 0, 0)"
96.884633,200,1047.551546,2,"(7225, 8461, 34437, 46356, 16998, 39714, 23857, 30864, 6961, 42077, 41021, 44027, 32915, 36876, 33035, 33742, 603, 10582, 27159, 29375, 12053, 34669, 14867, 9429, 37995, 33219, 5749, 18274, 13732, 22783, 24970, 30269, 29190, 46734, 375, 26146, 20100, 2119, 10764, 3402, 7556, 48529, 37359, 31299, 49869, 31653, 31629, 34847, 49404, 48917, 23518, 1051, 8627, 21918, 33525, 31457, 30023, 17367, 20880, 22665, 33817, 43875, 34786, 26427, 9863, 42961, 28522, 626, 13349, 3089, 22642, 48576, 24178, 10203, 15725, 12800, 31799, 27170, 29363, 4830, 7677, 4953, 10360, 46464, 38485, 12696, 4119, 5176, 20703, 1222, 4522, 4843, 38134, 37135, 34119, 47870, 21747, 32837, 32445, 2568, 32045, 42345, 31830, 476, 23096, 30606, 6333, 35393, 36864, 12591, 30580, 7362, 28166, 17426, 38399, 45893, 19541, 41836, 43540, 32656, 19739, 40786, 18725, 18265, 31124, 6866, 4987, 21327, 47717, 23567, 14085, 6067, 47799, 34119, 23447, 4412, 46226, 12800, 24827, 35873, 7237, 38919, 40064, 17487, 34370, 44793, 35837, 9521, 3847, 20980, 15411, 9595, 38082, 29115, 20312, 37039, 40328, 43587, 41102, 7332, 19322, 29848, 29814, 40268, 21505, 37580, 29771, 6469, 48733, 9985, 13907, 3227, 49713, 4265, 4432, 36501, 27276, 22112, 46675, 7632, 29029, 28682, 19992, 16969, 4592, 13652, 21480, 29268, 6808, 26285, 43944, 14386, 41610, 42570, 2793, 41018, 33663, 34148, 34799, 32119)","(1, 1, 0, 0, 1, 0, 1, 0, 1, 0, 0, 0, 1, 1, 0, 0, 0, 1, 1, 1, 1, 1, 0, 1, 0, 1, 1, 1, 0, 0, 1, 0, 1, 1, 1, 1, 1, 1, 1, 1, 1, 1, 0, 1, 1, 0, 0, 0, 0, 0, 0, 1, 1, 1, 0, 0, 0, 1, 1, 0, 0, 0, 0, 1, 1, 0, 1, 1, 1, 1, 0, 0, 1, 1, 0, 1, 0, 0, 1, 1, 1, 1, 1, 1, 0, 1, 1, 1, 1, 1, 1, 1, 0, 1, 0, 1, 0, 1, 1, 1, 1, 0, 1, 1, 0, 0, 1, 1, 1, 1, 0, 1, 0, 1, 0, 1, 1, 1, 0, 1, 1, 1, 1, 1, 0, 1, 1, 1, 1, 1, 1, 1, 0, 0, 1, 0, 0, 0, 1, 1, 1, 0, 1, 1, 1, 0, 1, 1, 1, 1, 1, 1, 1, 1, 1, 1, 1, 0, 0, 1, 1, 0, 0, 1, 1, 1, 1, 1, 0, 0, 0, 1, 0, 1, 1, 1, 1, 1, 0, 0, 0, 1, 1, 1, 1, 1, 1, 1, 1, 1, 0, 1, 1, 1, 1, 1, 0, 0, 1, 1)"
92.856796,200,1050.418396,1,"(1466, 7333, 42886, 1408, 30600, 37417, 50008, 23972, 22766, 18162, 18117, 13122, 7614, 41466, 30080, 17062, 33070, 23119, 42150, 34397, 8525, 4179, 41326, 19253, 38750, 14635, 7265, 14478, 24069, 18101, 16037, 46095, 407, 44868, 20058, 33752, 25979, 12309, 16985, 2274, 30153, 42113, 5450, 7744, 46041, 27021, 26034, 30328, 45839, 11700, 21622, 44178, 2657, 26502, 38930, 37736, 1127, 42444, 29523, 34103, 4690, 48619, 28700, 31752, 49732, 25279, 47536, 9474, 40342, 13077, 22620, 12197, 40848, 19643, 26642, 44507, 35078, 18935, 46684, 6421, 14451, 14033, 23951, 29892, 25817, 3381, 45774, 33136, 25784, 29718, 45794, 18837, 3865, 3246, 27742, 31983, 41361, 35534, 18930, 32119, 48139, 4289, 36675, 34309, 26723, 9912, 4220, 3414, 3404, 32933, 30855, 46275, 39780, 9156, 15440, 33736, 34048, 12207, 2276, 25674, 15929, 4521, 44547, 44704, 7649, 3405, 28610, 13313, 38238, 41129, 22980, 21757, 20172, 32301, 30198, 8113, 257, 28544, 17902, 37208, 9013, 27979, 1043, 29373, 35529, 29750, 678, 39419, 18904, 40445, 30334, 11112, 4793, 33016, 35764, 31154, 3292, 35496, 29919, 14056, 35382, 19141, 2947, 34339, 23389, 44863, 31598, 1353, 35217, 4611, 36843, 15866, 41206, 12894, 26566, 46945, 20420, 33724, 44468, 22409, 26133, 24540, 13833, 35956, 36746, 6536, 14351, 43251, 17431, 36838, 46589, 1847, 21347, 7784, 37005, 9601, 29250, 34973, 7221, 10020)","(1, 0, 1, 1, 0, 1, 0, 1, 0, 1, 1, 0, 1, 1, 0, 0, 1, 0, 0, 0, 1, 0, 1, 1, 1, 0, 1, 1, 1, 0, 1, 0, 1, 1, 1, 0, 1, 1, 1, 1, 0, 1, 1, 1, 0, 1, 1, 0, 1, 1, 1, 0, 1, 1, 1, 1, 1, 0, 0, 0, 1, 0, 1, 1, 0, 0, 0, 1, 1, 1, 0, 1, 1, 1, 1, 0, 0, 1, 0, 1, 1, 1, 1, 0, 0, 1, 0, 1, 0, 1, 0, 1, 1, 1, 0, 1, 1, 1, 1, 1, 0, 1, 1, 1, 0, 0, 1, 1, 1, 1, 0, 1, 1, 1, 0, 0, 0, 1, 1, 1, 1, 0, 0, 0, 1, 1, 1, 0, 0, 1, 0, 1, 0, 1, 0, 1, 1, 1, 0, 0, 0, 1, 1, 1, 0, 0, 1, 1, 1, 0, 0, 1, 1, 0, 0, 0, 1, 0, 0, 1, 1, 1, 1, 1, 0, 0, 1, 1, 1, 1, 0, 1, 1, 1, 0, 0, 1, 0, 0, 0, 1, 1, 0, 1, 0, 1, 1, 0, 1, 1, 1, 1, 1, 1, 1, 1, 1, 0, 0, 1)"
54.173346,200,1053.721807,6,"(42292, 34115, 41343, 23145, 3279, 19872, 23071, 38045, 34831, 20143, 27346, 7867, 41340, 21695, 17281, 3901, 36096, 15730, 19735, 4640, 48857, 7512, 36239, 44029, 21719, 40043, 24056, 20104, 14027, 10738, 1841, 35141, 5526, 32184, 24630, 42942, 32953, 45138, 46511, 17455, 40661, 22742, 37198, 4257, 7452, 1765, 10131, 49188, 5902, 817, 4807, 37993, 27404, 13254, 20695, 3303, 14659, 25137, 30737, 24959, 29175, 23735, 40406, 13011, 24640, 11014, 29945, 44970, 36549, 48674, 19216, 44149, 5958, 25671, 38679, 4730, 9070, 33064, 7256, 43816, 49028, 43571, 2959, 36844, 32548, 40479, 24903, 24972, 33528, 3820, 27377, 42938, 27342, 19329, 16815, 40221, 21055, 13199, 46172, 2805, 4672, 2566, 4880, 28552, 23972, 16365, 23060, 20632, 43703, 32486, 33035, 19117, 11510, 20080, 18798, 8837, 11147, 44310, 35438, 16452, 41989, 39939, 30479, 9877, 9264, 17279, 963, 42032, 856, 5480, 24536, 31329, 47867, 20967, 31636, 17813, 1719, 4311, 44383, 29719, 18693, 44413, 22955, 12820, 35404, 43427, 42699, 15030, 34628, 8243, 3606, 6287, 21836, 46061, 25279, 28709, 49415, 2164, 35219, 32525, 27109, 46243, 41897, 15803, 34522, 23903, 4964, 47344, 1181, 4171, 44555, 28126, 5102, 42908, 24060, 35768, 16417, 50026, 17884, 43905, 49021, 34320, 23327, 34373, 41595, 10972, 47962, 30702, 23221, 43104, 38015, 32891, 22416, 33026, 22354, 24059, 48028, 46545, 38566, 30741)","(0, 0, 0, 0, 1, 0, 0, 1, 0, 1, 0, 1, 0, 1, 0, 1, 1, 1, 1, 1, 0, 1, 0, 0, 1, 1, 1, 1, 1, 0, 1, 0, 1, 1, 0, 0, 1, 0, 1, 1, 0, 0, 1, 1, 1, 1, 1, 1, 1, 1, 1, 0, 0, 0, 1, 0, 1, 1, 0, 1, 0, 0, 0, 1, 1, 1, 0, 0, 0, 1, 1, 0, 1, 1, 1, 0, 1, 0, 1, 0, 0, 0, 1, 0, 0, 0, 1, 1, 0, 1, 1, 0, 1, 1, 1, 0, 1, 1, 0, 1, 1, 1, 0, 1, 1, 0, 0, 1, 0, 0, 0, 1, 0, 1, 0, 0, 1, 0, 0, 1, 0, 0, 0, 1, 1, 1, 1, 1, 1, 1, 0, 1, 0, 1, 1, 1, 1, 1, 0, 0, 0, 0, 0, 1, 1, 0, 0, 1, 0, 1, 1, 1, 1, 0, 0, 1, 1, 0, 0, 0, 0, 0, 1, 1, 0, 1, 1, 0, 1, 1, 0, 1, 1, 0, 1, 1, 0, 0, 1, 0, 1, 1, 1, 0, 0, 1, 0, 0, 0, 0, 0, 1, 0, 0, 0, 1, 0, 0, 0, 0)"
73.626773,200,1057.592842,6,"(19339, 4233, 46130, 15571, 5701, 11731, 11320, 48421, 42394, 3796, 33097, 26992, 27828, 35007, 45313, 5480, 4391, 12495, 31383, 19577, 13889, 36235, 19746, 23852, 24503, 31769, 24811, 1540, 712, 21344, 818, 36149, 44674, 17376, 13352, 37687, 46415, 39792, 22703, 47143, 29072, 11185, 24573, 37660, 17107, 14539, 28115, 26314, 37757, 22143, 5244, 9952, 30818, 18107, 34357, 42507, 4877, 36537, 23472, 26079, 32597, 6304, 49776, 44730, 36773, 17, 34329, 15889, 910, 21273, 6534, 15621, 6704, 12348, 35852, 35340, 43175, 39001, 45048, 45090, 16618, 38045, 29418, 32232, 12518, 2712, 22247, 48596, 48955, 20599, 44497, 34251, 45914, 39512, 35727, 16611, 7120, 5484, 28222, 8836, 20200, 8880, 357, 48198, 48869, 4255, 8106, 18729, 36521, 13992, 26337, 7603, 33162, 45005, 27909, 48256, 32052, 10484, 28327, 39853, 32267, 43610, 2034, 16876, 42160, 48235, 13658, 9988, 19801, 22193, 8085, 32518, 22764, 42643, 31624, 10536, 24095, 20171, 7429, 21604, 23935, 37756, 673, 42601, 38910, 18980, 27121, 6254, 35900, 17821, 39477, 38572, 2138, 30281, 20920, 35888, 33523, 5475, 3708, 19086, 36838, 7143, 2410, 21100, 49982, 6316, 9081, 14035, 8873, 49876, 32217, 13358, 33922, 27459, 30651, 5622, 22097, 17679, 47941, 10243, 41202, 2424, 43954, 1692, 35587, 39768, 46279, 13093, 23885, 47616, 36841, 16823, 12933, 26050, 8884, 49332, 40345, 40419, 5616, 25496)","(1, 1, 0, 1, 1, 1, 1, 0, 0, 1, 0, 1, 0, 0, 0, 1, 1, 1, 1, 1, 1, 0, 0, 1, 1, 1, 1, 1, 1, 1, 1, 0, 0, 1, 1, 1, 0, 1, 0, 0, 1, 1, 1, 1, 1, 1, 0, 1, 1, 1, 1, 0, 0, 1, 0, 0, 0, 0, 1, 1, 0, 0, 0, 0, 0, 1, 1, 1, 1, 1, 1, 1, 1, 0, 1, 0, 0, 0, 0, 0, 1, 1, 0, 1, 1, 1, 0, 0, 1, 1, 0, 0, 0, 0, 1, 1, 1, 0, 0, 0, 1, 1, 1, 0, 0, 0, 1, 1, 1, 1, 1, 1, 0, 0, 0, 1, 0, 1, 0, 0, 1, 0, 1, 1, 0, 0, 1, 1, 1, 1, 1, 1, 0, 0, 1, 1, 1, 0, 1, 1, 1, 1, 1, 0, 1, 1, 0, 1, 0, 1, 0, 1, 1, 0, 1, 0, 0, 1, 1, 1, 1, 1, 1, 0, 0, 1, 0, 1, 1, 1, 0, 1, 0, 0, 0, 1, 1, 1, 0, 1, 0, 1, 0, 1, 0, 0, 0, 1, 0, 0, 1, 1, 1, 0, 1, 0, 0, 1, 1, 1)"
115.170741,200,1061.48361,2,"(8943, 30770, 19860, 3241, 41817, 28139, 13185, 29946, 49253, 44598, 32979, 22666, 27492, 49927, 33507, 33333, 9460, 466, 14079, 33231, 49612, 39745, 30601, 45901, 40017, 6624, 7583, 27228, 3065, 26558, 22509, 12101, 1216, 45463, 11213, 26272, 28590, 42539, 24337, 22670, 27394, 23004, 12827, 28607, 37950, 18222, 47067, 173, 19294, 25870, 2773, 19823, 23575, 37168, 44091, 49039, 34884, 33807, 8166, 12930, 12859, 1778, 27801, 9178, 8799, 42328, 37025, 21830, 43393, 18287, 31788, 2203, 24634, 26401, 33979, 44594, 36265, 1080, 28776, 45876, 10094, 37416, 42630, 29725, 3841, 32826, 7149, 40037, 26525, 25202, 38279, 19807, 10816, 15849, 35553, 21983, 8167, 14849, 12952, 46212, 24015, 42336, 26348, 2044, 38608, 44532, 25, 22312, 26959, 9962, 29737, 25002, 560, 22390, 40324, 481, 24237, 25924, 49697, 14723, 7046, 3680, 32595, 36197, 32265, 17099, 44172, 8292, 13900, 14093, 16148, 41119, 48026, 4538, 45676, 25072, 6942, 36933, 27292, 37699, 5669, 2785, 48154, 6193, 4350, 36263, 35236, 23378, 40585, 10614, 21859, 48551, 12819, 47703, 16874, 140, 13190, 9346, 3624, 48541, 43650, 19656, 1884, 37602, 36844, 23542, 1095, 236, 7243, 2388, 41617, 19035, 16666, 13220, 44804, 13003, 13593, 22577, 12258, 31076, 16066, 27451, 1770, 45718, 15946, 3935, 48336, 2005, 10730, 1012, 18699, 21739, 25299, 27221, 3426, 46304, 39019, 9057, 25267, 20735)","(1, 0, 1, 1, 0, 1, 1, 0, 1, 0, 1, 0, 0, 1, 1, 1, 1, 1, 1, 1, 0, 0, 0, 1, 0, 1, 1, 1, 0, 1, 1, 1, 1, 0, 1, 1, 0, 1, 0, 0, 1, 0, 1, 1, 1, 1, 1, 1, 1, 1, 1, 1, 0, 1, 0, 1, 1, 0, 1, 1, 1, 1, 1, 1, 1, 1, 1, 1, 0, 1, 0, 1, 1, 1, 0, 0, 1, 1, 1, 1, 1, 1, 0, 0, 1, 0, 1, 1, 1, 1, 1, 1, 1, 1, 1, 1, 1, 1, 1, 0, 1, 0, 1, 1, 1, 0, 1, 0, 1, 1, 1, 1, 1, 0, 0, 1, 1, 1, 0, 1, 1, 1, 1, 1, 0, 1, 0, 1, 1, 1, 1, 0, 0, 1, 0, 1, 1, 1, 1, 1, 0, 1, 1, 1, 1, 1, 1, 0, 0, 1, 1, 0, 1, 1, 1, 1, 1, 1, 1, 0, 0, 1, 1, 0, 1, 1, 1, 1, 1, 1, 0, 1, 1, 1, 0, 1, 1, 0, 1, 0, 1, 0, 1, 1, 1, 0, 1, 1, 1, 1, 1, 1, 1, 1, 1, 1, 1, 1, 1, 0)"
34.579212,200,1064.827545,7,"(19092, 35100, 1319, 39131, 11574, 43436, 15536, 1364, 38141, 11769, 30227, 3820, 10487, 29729, 21685, 6927, 14979, 19051, 14594, 10874, 22547, 46490, 11978, 36987, 32793, 28253, 12552, 26234, 42413, 30514, 36030, 48361, 46078, 45895, 25953, 2292, 45248, 39930, 8957, 41028, 29937, 22391, 39156, 581, 2890, 29029, 4498, 6791, 3688, 16651, 16688, 1526, 40842, 4209, 8654, 42140, 37873, 7966, 43880, 49536, 15788, 15625, 41422, 24210, 21126, 42945, 30855, 21997, 10488, 38522, 18231, 8196, 28982, 46975, 3440, 31832, 43662, 37500, 49653, 1975, 48766, 39734, 16393, 22673, 10783, 38151, 29360, 24277, 49299, 22608, 7997, 18680, 49399, 4607, 47227, 49374, 30537, 30240, 15752, 26978, 40816, 21655, 18205, 24703, 1610, 11094, 28760, 4636, 18169, 16894, 23597, 26409, 44305, 46073, 37838, 669, 12814, 9826, 21669, 13802, 37243, 27774, 31454, 49344, 35955, 26594, 20026, 30616, 3106, 960, 3347, 34045, 47342, 32284, 5637, 34501, 37130, 35348, 18828, 4956, 38906, 28262, 3228, 25069, 5807, 324, 34349, 22777, 10383, 17050, 33692, 462, 49711, 33635, 5203, 30512, 20379, 19358, 25276, 36676, 20353, 31599, 19467, 49990, 40003, 11437, 39539, 30013, 31805, 35279, 43167, 48887, 35136, 23476, 14129, 5808, 799, 16570, 36898, 5083, 39369, 20266, 6881, 42426, 362, 15479, 47015, 7803, 29301, 6697, 98, 49815, 36082, 5581, 7799, 36869, 24516, 8966, 31462, 248)","(0, 0, 1, 0, 1, 0, 1, 1, 0, 1, 0, 1, 1, 0, 1, 1, 1, 0, 1, 1, 0, 0, 0, 0, 0, 0, 1, 1, 0, 0, 1, 0, 0, 0, 0, 1, 0, 0, 1, 0, 0, 0, 0, 1, 1, 0, 1, 0, 1, 1, 0, 1, 0, 1, 1, 0, 1, 1, 0, 0, 1, 1, 0, 1, 0, 0, 0, 1, 1, 0, 1, 1, 1, 0, 1, 0, 0, 1, 0, 1, 0, 0, 1, 0, 0, 0, 1, 0, 0, 0, 1, 1, 0, 1, 0, 0, 0, 0, 1, 1, 0, 1, 1, 0, 1, 1, 0, 1, 0, 1, 1, 1, 0, 0, 1, 1, 1, 1, 1, 0, 0, 1, 0, 0, 0, 1, 1, 0, 1, 1, 1, 0, 0, 0, 1, 0, 1, 0, 0, 0, 0, 0, 1, 1, 1, 1, 0, 0, 1, 0, 0, 1, 0, 0, 1, 0, 0, 1, 1, 0, 0, 0, 1, 0, 0, 1, 0, 0, 0, 0, 0, 0, 0, 1, 1, 1, 1, 0, 0, 1, 0, 0, 1, 0, 1, 1, 0, 1, 1, 1, 1, 0, 0, 1, 0, 0, 0, 1, 0, 1)"
69.905021,200,1068.625913,0,"(20951, 11187, 14573, 12973, 37015, 17088, 42208, 48787, 8604, 48036, 16981, 15388, 41805, 38713, 28983, 20774, 23748, 49238, 31482, 41073, 7157, 15561, 46077, 15038, 24371, 29082, 47339, 7345, 25272, 6056, 371, 20182, 37087, 36573, 6386, 9440, 15513, 18449, 37418, 15458, 22276, 40630, 25459, 28786, 18790, 30489, 19909, 45231, 8114, 35677, 19345, 39211, 15631, 21377, 48482, 1377, 38877, 8412, 21319, 19256, 4596, 49188, 9240, 16033, 10264, 21172, 6410, 44346, 24726, 19173, 13014, 43943, 25786, 3443, 1007, 5916, 19308, 14356, 20332, 17612, 16450, 4077, 22617, 12916, 47867, 30632, 29792, 23966, 14117, 40149, 48915, 5979, 1723, 1465, 12665, 16928, 23728, 3704, 34542, 28852, 46595, 39516, 24760, 39981, 37644, 37723, 3122, 21866, 3333, 11152, 46266, 13652, 31728, 48148, 24859, 26952, 32892, 43605, 48247, 43029, 30176, 16919, 24427, 32749, 26295, 31669, 22180, 13935, 25535, 23671, 33206, 40869, 15207, 15521, 37601, 23651, 19857, 18744, 15020, 22894, 882, 15580, 45404, 41501, 30845, 42764, 48108, 94, 4291, 2110, 35532, 48964, 3049, 20211, 41856, 6739, 498, 36311, 33395, 1322, 20801, 43491, 26134, 31203, 49647, 24569, 34755, 15231, 16770, 12716, 30680, 45943, 46201, 1066, 41843, 34203, 38027, 14439, 10446, 11505, 40740, 48614, 31222, 47447, 13653, 27280, 4189, 15057, 33561, 33651, 30399, 44531, 33043, 21869, 41982, 13495, 13860, 46919, 39805, 35856)","(1, 1, 0, 0, 0, 1, 1, 0, 1, 0, 1, 1, 0, 0, 0, 1, 1, 0, 0, 0, 1, 1, 0, 0, 0, 0, 0, 1, 1, 1, 1, 1, 0, 0, 0, 1, 0, 1, 1, 1, 0, 0, 0, 0, 1, 0, 1, 0, 1, 1, 1, 0, 1, 1, 0, 1, 1, 1, 1, 0, 1, 0, 0, 0, 1, 1, 1, 0, 1, 1, 1, 0, 0, 1, 1, 0, 1, 1, 1, 0, 1, 1, 0, 1, 0, 0, 0, 1, 1, 0, 1, 1, 1, 1, 1, 1, 1, 1, 0, 1, 1, 0, 0, 1, 0, 1, 1, 0, 1, 1, 1, 1, 1, 0, 1, 1, 1, 0, 0, 0, 0, 1, 1, 0, 0, 0, 1, 0, 0, 1, 0, 0, 1, 1, 1, 1, 0, 0, 1, 0, 1, 0, 0, 1, 0, 0, 0, 1, 1, 1, 0, 1, 1, 0, 0, 1, 1, 0, 0, 0, 1, 0, 1, 0, 0, 1, 0, 1, 1, 1, 0, 0, 1, 1, 0, 0, 1, 1, 1, 1, 0, 1, 1, 0, 1, 1, 1, 1, 1, 0, 0, 0, 0, 1, 0, 1, 1, 0, 1, 0)"
86.24443,200,1073.329589,4,"(39667, 22362, 12827, 12318, 7618, 42993, 7738, 31826, 17910, 26994, 16777, 37229, 12191, 19889, 31467, 6762, 287, 47349, 49733, 9028, 49583, 45312, 860, 15982, 5384, 13061, 47305, 11911, 29344, 23535, 1177, 31226, 43735, 9864, 15651, 26721, 25259, 11628, 35283, 12050, 10899, 46571, 43271, 11909, 47997, 17676, 15034, 42619, 9987, 10297, 29584, 21578, 45311, 47561, 4513, 38375, 20529, 40447, 47862, 17973, 25782, 37791, 19725, 24207, 12314, 10457, 26455, 6226, 5875, 37278, 49027, 44998, 5938, 20669, 6807, 31716, 1982, 25162, 10387, 2394, 36909, 25757, 33311, 28716, 14204, 21304, 4860, 35497, 48586, 42895, 26058, 519, 17498, 7140, 42022, 40326, 49837, 45239, 42284, 32989, 9538, 35629, 28095, 19344, 42401, 30499, 1544, 25394, 10521, 34425, 40412, 26826, 8788, 44409, 21751, 21093, 13391, 17086, 10449, 7664, 6578, 13362, 33525, 30708, 47266, 22973, 6312, 8694, 11175, 34273, 2917, 13231, 44488, 28680, 6922, 20098, 28327, 45553, 16420, 29513, 45014, 17795, 27889, 19344, 20758, 38545, 1093, 1502, 49883, 33519, 23950, 34810, 44080, 18598, 19019, 14144, 30562, 47647, 18375, 25349, 48284, 940, 44831, 441, 42025, 42233, 10970, 18744, 14466, 44119, 15979, 8576, 37542, 13655, 20697, 14910, 6784, 21496, 45909, 1338, 48486, 5609, 40627, 3539, 43203, 44587, 35270, 39199, 30364, 18347, 31480, 41746, 32812, 16967, 25460, 23695, 35362, 4503, 29326, 12077)","(0, 0, 1, 0, 1, 1, 1, 1, 1, 0, 1, 0, 1, 0, 1, 1, 1, 0, 1, 1, 0, 0, 1, 1, 1, 1, 1, 1, 1, 1, 1, 1, 0, 1, 1, 0, 1, 1, 0, 1, 1, 0, 0, 1, 0, 1, 1, 1, 1, 1, 1, 1, 0, 0, 1, 0, 1, 0, 0, 1, 0, 1, 1, 1, 1, 1, 0, 1, 1, 1, 1, 0, 1, 0, 1, 1, 1, 0, 1, 1, 1, 0, 1, 1, 1, 0, 1, 0, 0, 0, 1, 1, 1, 1, 1, 0, 1, 0, 0, 0, 1, 1, 1, 1, 0, 0, 1, 1, 1, 0, 0, 1, 1, 0, 1, 1, 1, 1, 1, 1, 1, 1, 0, 0, 1, 0, 1, 1, 1, 0, 1, 1, 0, 1, 1, 1, 0, 0, 0, 1, 0, 1, 1, 0, 0, 1, 1, 1, 0, 0, 0, 0, 1, 1, 0, 1, 0, 1, 1, 1, 0, 1, 0, 1, 0, 0, 1, 0, 1, 0, 1, 1, 1, 1, 1, 1, 0, 0, 0, 1, 0, 1, 0, 1, 0, 0, 1, 1, 0, 0, 1, 0, 1, 1, 1, 0, 1, 1, 1, 1)"
47.602229,200,1076.943972,3,"(30343, 40919, 20262, 47730, 14004, 13197, 2935, 321, 30949, 2509, 31981, 1799, 32974, 43405, 21333, 44533, 43143, 47921, 23154, 36659, 16996, 26492, 14513, 25577, 5599, 33888, 32828, 39083, 3671, 45843, 14421, 24884, 28359, 40636, 5530, 46704, 6077, 22262, 4997, 1254, 44494, 44646, 328, 48763, 8938, 10324, 33596, 362, 29452, 20345, 16233, 14620, 504, 39559, 7280, 4398, 21330, 48604, 11280, 7370, 28250, 34091, 3743, 888, 28292, 11213, 46715, 49091, 38648, 42136, 38169, 29026, 28133, 45683, 37814, 12155, 49251, 16506, 33007, 45435, 17635, 22213, 16202, 39368, 8199, 31439, 42793, 1417, 32145, 1237, 4397, 19651, 12316, 42930, 25174, 12891, 19613, 35649, 29173, 12539, 13264, 11105, 20556, 11438, 25512, 15722, 1792, 9633, 36958, 35572, 24046, 49459, 12441, 48177, 49801, 23397, 43412, 40127, 41050, 38635, 47232, 43959, 29764, 49974, 43338, 33103, 42737, 47799, 1218, 8249, 43650, 33943, 38228, 42788, 4744, 30575, 12521, 9519, 47036, 20522, 9112, 6838, 21826, 17163, 20171, 22182, 44637, 3091, 14426, 995, 16216, 29738, 35372, 38540, 10312, 40065, 43142, 5872, 11365, 4454, 41115, 22897, 40975, 23790, 37748, 11085, 8862, 46889, 34167, 31939, 38483, 30780, 21990, 40835, 8695, 15785, 22919, 28941, 48290, 11311, 43928, 5959, 16578, 1673, 27632, 3578, 8403, 14294, 24523, 4995, 28702, 20453, 41862, 4104, 42046, 3516, 20122, 44360, 20646, 22709)","(0, 0, 0, 0, 0, 1, 1, 1, 0, 1, 0, 1, 1, 0, 0, 0, 0, 0, 0, 0, 1, 1, 1, 1, 1, 0, 0, 0, 1, 0, 1, 1, 0, 0, 1, 0, 1, 0, 1, 1, 0, 0, 1, 1, 1, 1, 1, 1, 1, 1, 1, 1, 1, 1, 1, 1, 1, 1, 0, 1, 0, 0, 1, 1, 0, 1, 1, 1, 0, 0, 1, 1, 1, 0, 0, 1, 0, 1, 1, 0, 1, 0, 1, 0, 1, 0, 0, 1, 1, 0, 1, 0, 1, 0, 1, 0, 1, 1, 0, 1, 0, 0, 1, 1, 1, 1, 1, 1, 1, 0, 1, 0, 1, 0, 1, 0, 0, 0, 0, 0, 0, 0, 0, 0, 0, 1, 0, 0, 1, 1, 0, 1, 0, 0, 1, 0, 1, 0, 0, 0, 1, 1, 1, 1, 0, 1, 0, 1, 1, 1, 1, 1, 1, 1, 1, 0, 0, 1, 1, 1, 0, 0, 1, 1, 1, 1, 0, 0, 0, 0, 1, 0, 1, 0, 1, 1, 0, 1, 0, 1, 0, 1, 1, 1, 0, 1, 1, 1, 1, 1, 0, 1, 0, 1, 0, 1, 1, 0, 1, 0)"
97.965492,200,1079.788386,5,"(35183, 29018, 16676, 3586, 48622, 8847, 17410, 7447, 45513, 10630, 2852, 10323, 23883, 15892, 37178, 19705, 15229, 2929, 49092, 22462, 11158, 40777, 32497, 46230, 2711, 20123, 61, 3600, 11806, 6786, 42568, 16846, 23565, 24120, 5194, 8986, 4359, 1484, 33432, 11959, 15707, 11750, 45747, 27394, 14735, 17933, 24524, 32669, 127, 33103, 11060, 29273, 39506, 18484, 31812, 45774, 19661, 43916, 38879, 38209, 30684, 24627, 7798, 31667, 15167, 3380, 39939, 22267, 31497, 17949, 11935, 6371, 19747, 19617, 45740, 2887, 140, 8892, 32922, 35332, 15653, 37462, 10310, 37179, 5757, 33138, 36355, 12049, 37490, 41691, 37067, 39894, 21155, 43623, 43550, 21176, 28852, 25519, 46079, 9911, 45030, 8485, 15216, 21902, 21501, 238, 21968, 25848, 18696, 3225, 2577, 4579, 4342, 7930, 14622, 41263, 18601, 23424, 3366, 22163, 47504, 437, 627, 33750, 45417, 42908, 5617, 21725, 18849, 15953, 1337, 7024, 21177, 37910, 32258, 13297, 24093, 10418, 1135, 33002, 25880, 49303, 34725, 9546, 29602, 27138, 29488, 20431, 39774, 2903, 26451, 28848, 41601, 43006, 2884, 18729, 990, 36572, 17883, 47679, 19587, 22058, 16691, 48556, 29968, 31450, 5311, 22986, 9294, 46006, 37061, 44371, 14664, 30884, 30038, 22134, 8981, 9197, 2110, 40447, 50019, 29893, 11998, 41080, 7256, 35267, 4083, 13694, 41500, 33532, 40164, 21398, 5102, 23204, 48956, 41514, 14768, 43710, 40482, 39031)","(0, 1, 1, 1, 0, 1, 0, 1, 0, 1, 1, 1, 1, 1, 1, 1, 1, 1, 0, 0, 1, 0, 0, 0, 1, 1, 1, 1, 0, 1, 0, 1, 1, 0, 1, 1, 1, 1, 0, 1, 0, 1, 0, 0, 1, 1, 1, 1, 1, 1, 1, 1, 0, 1, 1, 0, 1, 0, 1, 0, 0, 0, 1, 1, 1, 1, 0, 0, 0, 1, 1, 1, 1, 1, 0, 1, 1, 1, 0, 0, 1, 1, 1, 0, 1, 1, 1, 1, 1, 1, 0, 0, 1, 0, 1, 1, 1, 0, 0, 1, 0, 1, 1, 1, 1, 1, 1, 0, 0, 1, 1, 1, 1, 1, 1, 1, 1, 1, 1, 1, 1, 1, 1, 0, 1, 0, 1, 1, 1, 1, 1, 1, 1, 0, 0, 1, 1, 1, 0, 1, 0, 0, 0, 1, 1, 1, 1, 1, 1, 1, 1, 1, 0, 1, 1, 1, 1, 0, 0, 0, 1, 1, 1, 0, 0, 0, 1, 0, 0, 0, 1, 0, 1, 0, 0, 1, 1, 1, 1, 0, 0, 0, 1, 0, 1, 0, 1, 0, 1, 0, 0, 1, 1, 0, 1, 1, 1, 0, 0, 1)"
22.742957,200,1090.267363,8,"(38483, 7548, 42292, 41049, 45497, 49916, 25012, 18007, 46086, 19328, 6659, 8821, 9639, 31298, 40722, 5486, 4472, 18492, 34737, 10943, 21546, 6039, 26014, 40369, 25118, 34823, 12890, 49139, 40712, 32453, 44270, 20500, 16788, 30774, 19502, 22883, 15271, 35219, 33171, 10322, 46809, 17765, 16642, 3062, 22482, 8159, 15518, 35413, 7345, 9124, 14089, 46369, 40496, 28988, 36252, 44420, 7533, 45489, 14596, 7295, 3513, 47467, 30836, 38414, 26445, 41317, 23447, 24136, 17201, 39975, 37702, 1122, 45527, 31534, 8943, 6804, 20801, 16319, 10537, 47728, 27346, 40052, 31293, 29635, 4065, 13260, 1702, 12319, 35371, 18499, 9885, 8341, 23412, 11555, 36576, 34314, 40911, 5557, 10656, 48647, 19771, 33404, 2138, 26834, 33868, 24095, 21492, 40895, 20788, 16098, 14026, 1915, 18867, 18327, 28926, 6941, 2822, 44542, 15202, 1907, 29481, 47096, 24168, 14860, 25179, 46503, 27647, 41532, 16799, 7065, 9657, 30014, 26939, 43059, 35849, 24209, 9517, 15146, 12267, 12550, 24579, 44573, 26708, 19163, 30732, 10624, 43350, 19031, 25082, 7114, 18356, 10716, 25658, 19614, 21421, 11457, 34385, 29026, 2588, 22194, 12871, 48998, 17450, 18300, 6640, 12209, 36972, 14625, 9439, 31934, 38058, 29870, 7788, 49850, 7757, 1910, 21814, 36942, 17913, 11747, 47867, 28701, 2347, 39555, 9071, 33149, 40563, 24633, 35957, 7331, 36996, 13654, 34026, 1763, 21785, 23984, 40551, 39392, 290, 42636)","(0, 1, 0, 0, 0, 0, 1, 0, 0, 1, 1, 1, 1, 1, 0, 0, 1, 1, 0, 1, 0, 1, 0, 0, 1, 0, 1, 0, 0, 0, 0, 1, 1, 0, 0, 0, 1, 0, 0, 1, 0, 0, 1, 1, 0, 1, 1, 0, 1, 1, 1, 0, 0, 1, 0, 0, 0, 0, 1, 0, 1, 0, 0, 0, 0, 0, 1, 0, 0, 0, 0, 1, 0, 0, 1, 1, 1, 0, 1, 0, 0, 0, 1, 0, 1, 0, 1, 1, 0, 0, 1, 1, 1, 1, 0, 0, 0, 1, 1, 0, 0, 0, 1, 0, 0, 1, 1, 0, 0, 1, 1, 1, 1, 0, 1, 1, 1, 0, 1, 1, 0, 0, 0, 1, 1, 0, 0, 0, 1, 1, 1, 0, 0, 0, 0, 0, 1, 1, 0, 1, 1, 0, 0, 1, 0, 1, 0, 1, 0, 1, 0, 1, 1, 1, 0, 1, 0, 1, 1, 0, 0, 0, 0, 0, 1, 0, 0, 1, 1, 0, 0, 0, 1, 0, 1, 1, 0, 0, 0, 1, 0, 1, 0, 0, 0, 0, 0, 1, 0, 1, 0, 1, 0, 1, 0, 1, 0, 0, 1, 0)"
99.746676,200,1092.736386,5,"(4551, 8790, 31421, 20038, 37835, 37696, 3755, 45077, 24984, 26630, 49178, 18546, 23015, 33323, 14493, 29429, 9750, 21991, 23323, 18155, 7217, 43264, 36473, 19871, 3379, 25536, 38504, 45902, 47907, 3314, 27015, 24194, 23870, 5452, 17602, 30679, 47158, 29967, 28556, 44558, 1405, 43586, 18304, 21731, 42570, 45970, 5381, 41697, 14898, 35832, 25965, 22570, 7934, 927, 41160, 45678, 45664, 6081, 359, 8018, 35887, 36929, 18091, 49240, 23598, 25197, 10041, 16080, 17788, 31707, 16100, 30912, 30454, 14628, 8581, 43133, 19471, 25328, 16384, 4877, 21600, 25077, 8016, 45411, 6315, 29683, 6572, 34660, 17819, 4988, 23561, 29120, 38080, 21620, 954, 6213, 9174, 11797, 31373, 11053, 29147, 19850, 13325, 33150, 3672, 5677, 31710, 30124, 4825, 18054, 17888, 16981, 43215, 32437, 2278, 860, 11873, 31171, 45149, 18312, 22783, 20925, 27734, 39018, 6464, 31273, 15960, 15058, 9157, 25947, 21448, 40130, 34209, 21461, 38728, 9577, 17109, 22295, 43161, 28503, 37723, 7378, 19048, 16535, 28709, 20700, 19527, 45315, 6773, 36463, 19149, 37567, 41939, 386, 43728, 39521, 37178, 27256, 40629, 6942, 15073, 5636, 38444, 30827, 6174, 31371, 4337, 31002, 27125, 34846, 6903, 13537, 49426, 3858, 27682, 16677, 22630, 45235, 3464, 937, 40528, 35174, 22742, 29366, 22974, 7955, 35908, 2089, 21487, 39501, 36419, 47407, 18597, 42721, 19489, 9658, 33743, 30583, 32306, 12943)","(1, 1, 1, 1, 0, 1, 1, 0, 0, 0, 1, 1, 0, 0, 1, 0, 1, 1, 1, 1, 1, 0, 0, 0, 1, 1, 1, 1, 0, 0, 1, 1, 1, 1, 1, 0, 0, 0, 1, 0, 1, 0, 1, 1, 1, 1, 1, 1, 1, 1, 0, 0, 1, 1, 0, 0, 0, 1, 1, 0, 0, 1, 1, 0, 0, 1, 1, 1, 0, 0, 0, 0, 0, 1, 1, 1, 1, 1, 0, 0, 1, 0, 1, 0, 1, 0, 1, 0, 1, 0, 1, 0, 0, 1, 1, 1, 1, 1, 1, 1, 1, 1, 1, 0, 1, 1, 0, 1, 1, 1, 1, 1, 0, 0, 0, 1, 1, 1, 0, 1, 0, 1, 1, 1, 1, 1, 1, 1, 1, 0, 1, 0, 0, 1, 1, 1, 1, 0, 1, 0, 1, 1, 1, 0, 1, 1, 1, 1, 1, 0, 0, 0, 1, 0, 1, 0, 1, 0, 1, 1, 1, 1, 0, 0, 1, 1, 1, 0, 1, 0, 1, 1, 0, 1, 0, 1, 0, 1, 1, 1, 0, 0, 0, 1, 0, 1, 1, 1, 1, 0, 1, 1, 1, 1, 0, 1, 0, 0, 0, 1)"
72.508169,200,1095.185738,0,"(3855, 22108, 8770, 24782, 5875, 10706, 33876, 14255, 28120, 48738, 48223, 41127, 42437, 39386, 27422, 11352, 8175, 30956, 3251, 46634, 23102, 16057, 40515, 24316, 45943, 43522, 49462, 43532, 9204, 29747, 34132, 20111, 40954, 31335, 7175, 49088, 36928, 25554, 11758, 31885, 13833, 31512, 4438, 1518, 4552, 48672, 7370, 11053, 41218, 32421, 32848, 35234, 47443, 15834, 47208, 37220, 2989, 6228, 26700, 3856, 38261, 39871, 19734, 24568, 13063, 46171, 2463, 26442, 35485, 36294, 5221, 19043, 14667, 4264, 11993, 15336, 22192, 774, 22002, 9007, 41983, 6008, 2575, 1304, 6926, 41029, 20147, 41409, 35323, 15913, 26344, 23330, 23835, 37832, 27095, 21934, 9732, 15977, 40044, 39165, 48767, 40652, 758, 14996, 13389, 28487, 28844, 17425, 45308, 34727, 6727, 27285, 33194, 41522, 28612, 30617, 6486, 33156, 38274, 41509, 43819, 4975, 34413, 9831, 44612, 48675, 31338, 11726, 561, 22444, 24728, 34359, 5638, 46983, 17069, 12402, 21378, 494, 4309, 35234, 41839, 4669, 7144, 8381, 21020, 32361, 29869, 23244, 38996, 26882, 31685, 44908, 5261, 168, 43477, 21338, 49742, 31465, 8236, 17336, 17801, 28457, 10752, 4247, 6292, 46150, 39379, 47530, 2936, 28231, 28576, 1479, 27148, 12125, 43338, 21730, 37536, 13655, 4691, 38201, 36717, 1644, 8997, 32669, 20209, 46453, 14203, 26333, 40130, 26294, 2615, 19598, 18233, 5027, 29005, 38638, 20440, 13668, 32407, 2189)","(1, 1, 1, 0, 1, 1, 0, 0, 1, 1, 0, 1, 0, 0, 1, 1, 1, 0, 1, 1, 0, 1, 0, 0, 0, 0, 0, 0, 1, 0, 1, 1, 1, 1, 0, 0, 0, 0, 1, 1, 0, 0, 1, 1, 1, 0, 1, 1, 0, 1, 0, 0, 0, 1, 0, 0, 1, 1, 1, 1, 1, 1, 1, 1, 1, 1, 1, 1, 1, 1, 0, 1, 0, 0, 1, 1, 1, 1, 0, 1, 1, 1, 1, 1, 1, 0, 1, 0, 0, 0, 1, 1, 0, 1, 0, 0, 1, 1, 0, 0, 1, 0, 1, 1, 1, 1, 1, 0, 0, 0, 1, 1, 0, 1, 1, 0, 1, 0, 0, 1, 0, 1, 0, 1, 0, 0, 1, 1, 1, 0, 0, 0, 1, 0, 0, 1, 1, 1, 1, 0, 0, 1, 1, 1, 1, 0, 0, 0, 1, 1, 0, 0, 1, 1, 0, 1, 0, 0, 1, 1, 1, 0, 1, 1, 1, 0, 0, 0, 1, 0, 0, 0, 1, 1, 0, 1, 0, 1, 0, 1, 0, 1, 1, 1, 1, 1, 1, 1, 0, 1, 1, 1, 1, 1, 1, 1, 1, 1, 0, 1)"
27.054751,200,1097.605121,7,"(2418, 43743, 42996, 17297, 38440, 20151, 12992, 42739, 24659, 14736, 25109, 34014, 30459, 36193, 21282, 40129, 34099, 37032, 17921, 9387, 26840, 19947, 38297, 23865, 44304, 26900, 30890, 41275, 31743, 35055, 44673, 16418, 28115, 1613, 2799, 44833, 24104, 17512, 48398, 5748, 38955, 11773, 4680, 39994, 1274, 35671, 35622, 20733, 2538, 39703, 487, 44200, 45262, 30427, 47680, 10637, 6853, 29976, 12286, 47052, 14940, 16831, 18867, 11885, 41307, 46939, 25127, 3982, 11864, 27828, 45592, 35711, 34168, 41172, 29312, 11508, 43493, 5162, 27519, 34669, 26215, 13763, 45011, 18147, 25347, 46824, 1836, 11617, 14998, 43667, 20610, 46898, 13955, 10276, 9690, 15992, 17325, 48598, 23315, 44079, 21145, 29129, 46298, 33098, 15524, 2093, 27920, 11183, 22044, 1813, 22153, 41463, 35642, 15237, 19525, 13184, 12510, 38707, 28449, 2632, 32157, 7743, 46512, 22202, 29268, 25363, 44610, 44662, 49425, 13743, 22911, 48949, 31440, 43063, 20709, 20802, 8727, 40157, 19112, 31045, 15967, 28787, 23638, 16546, 35063, 5754, 3366, 22827, 13554, 20165, 5519, 2668, 21479, 30109, 10211, 14319, 45068, 26278, 23356, 33447, 29514, 19526, 24451, 46352, 49400, 15591, 37289, 15436, 598, 938, 41257, 23366, 43311, 15222, 25121, 29826, 33007, 3249, 29948, 38416, 35612, 8788, 34229, 31623, 10681, 33497, 13168, 19096, 45964, 19676, 21961, 16807, 47176, 39097, 32654, 11377, 46270, 9245, 43859, 40150)","(1, 0, 0, 1, 0, 1, 1, 0, 1, 1, 0, 0, 0, 0, 0, 0, 0, 0, 1, 1, 0, 1, 0, 1, 0, 0, 0, 0, 0, 0, 0, 0, 0, 1, 1, 0, 1, 0, 0, 1, 0, 1, 1, 0, 1, 0, 0, 1, 1, 0, 1, 0, 0, 0, 0, 1, 1, 0, 1, 1, 1, 1, 1, 1, 0, 0, 1, 1, 1, 0, 0, 0, 0, 0, 1, 1, 0, 1, 0, 0, 1, 0, 0, 0, 1, 0, 1, 1, 1, 0, 0, 0, 1, 1, 1, 1, 1, 0, 1, 0, 1, 1, 0, 0, 1, 1, 0, 1, 1, 1, 1, 0, 1, 1, 1, 1, 1, 0, 0, 1, 0, 1, 0, 1, 1, 0, 0, 0, 0, 0, 0, 0, 0, 0, 0, 1, 0, 0, 1, 0, 0, 1, 1, 1, 0, 1, 1, 0, 1, 1, 1, 1, 1, 0, 1, 1, 0, 0, 1, 0, 1, 1, 1, 0, 0, 1, 1, 1, 1, 1, 0, 1, 0, 1, 0, 0, 0, 1, 0, 0, 1, 1, 0, 0, 1, 0, 1, 0, 0, 1, 1, 1, 0, 0, 0, 0, 0, 1, 0, 0)"
50.662703,200,1100.488825,7,"(8679, 18326, 28895, 36840, 42099, 11472, 14476, 18214, 7344, 41323, 26034, 8018, 22721, 4241, 5363, 13336, 28341, 40249, 12514, 10755, 18804, 9940, 23678, 4538, 1997, 42382, 1783, 44747, 21979, 44886, 26154, 30464, 38842, 13296, 36823, 42253, 26436, 28546, 3023, 10570, 42232, 5907, 45598, 9077, 27573, 18408, 35959, 48785, 26161, 48110, 34015, 47587, 9932, 27529, 14065, 35066, 38000, 2877, 31983, 43119, 24701, 47992, 20037, 1647, 30264, 19396, 40477, 44782, 15313, 5634, 23215, 4430, 26290, 21299, 5274, 27283, 41108, 10156, 4869, 7860, 12693, 30171, 16952, 9984, 404, 37273, 35201, 44863, 17444, 8114, 20635, 25355, 777, 13680, 43919, 26868, 13279, 10890, 5588, 31598, 18304, 14195, 28256, 48099, 19236, 812, 43729, 38970, 35626, 16095, 46816, 38843, 47328, 30953, 21428, 14644, 16392, 23241, 28677, 28996, 48767, 3765, 49333, 39049, 43593, 941, 34729, 32408, 12515, 40134, 2697, 29518, 14307, 23579, 23968, 1028, 7681, 22837, 31591, 6685, 30403, 34770, 31473, 48964, 10343, 43490, 43953, 1225, 35544, 5849, 49275, 5134, 29830, 10350, 36216, 36747, 20945, 35936, 37586, 333, 7222, 6497, 32105, 32376, 48992, 31433, 40334, 1711, 14972, 10666, 36366, 34995, 31030, 1520, 27448, 40977, 33617, 16174, 24856, 514, 931, 615, 19742, 36945, 29970, 16188, 15371, 26500, 4549, 35890, 4481, 3838, 20115, 29868, 14513, 33148, 44612, 41547, 11982, 12539)","(1, 0, 1, 1, 0, 1, 1, 1, 1, 0, 1, 0, 0, 1, 1, 1, 0, 0, 0, 1, 1, 1, 1, 1, 1, 0, 1, 0, 1, 0, 1, 0, 0, 1, 1, 0, 1, 0, 1, 1, 0, 1, 0, 1, 0, 0, 1, 0, 1, 0, 0, 0, 1, 0, 1, 0, 0, 1, 0, 0, 0, 0, 1, 1, 0, 1, 0, 0, 1, 1, 0, 1, 1, 1, 1, 1, 0, 1, 1, 1, 1, 0, 1, 1, 1, 0, 0, 0, 0, 1, 1, 1, 1, 0, 0, 0, 1, 1, 1, 0, 1, 1, 0, 0, 1, 1, 0, 0, 0, 1, 0, 0, 0, 0, 1, 1, 0, 0, 1, 1, 0, 1, 1, 0, 0, 1, 0, 0, 1, 0, 1, 0, 1, 1, 1, 1, 0, 0, 0, 0, 0, 0, 1, 0, 0, 0, 0, 1, 1, 1, 0, 1, 0, 1, 1, 0, 1, 0, 1, 1, 1, 1, 0, 0, 1, 1, 0, 0, 1, 0, 1, 0, 0, 1, 0, 0, 0, 0, 1, 1, 1, 1, 1, 0, 0, 0, 1, 0, 1, 1, 1, 1, 1, 0, 1, 0, 0, 0, 1, 1)"
50.936338,200,1103.390433,0,"(8412, 20122, 12726, 38730, 28572, 21647, 25814, 4269, 47621, 33532, 15089, 44788, 15339, 6583, 10932, 5159, 47755, 47056, 43035, 27937, 25568, 1709, 26517, 15806, 18303, 25696, 10738, 3464, 25546, 31119, 18990, 25722, 11201, 18192, 23545, 23026, 26046, 43122, 41099, 16317, 14534, 24691, 29990, 5812, 30197, 9540, 33784, 29070, 42384, 38387, 36242, 18020, 22382, 24648, 35769, 24529, 43302, 35006, 31149, 17196, 42208, 2886, 23819, 29759, 28366, 5319, 1076, 38718, 21624, 47293, 28011, 23582, 11016, 10564, 32450, 33134, 17319, 6733, 49908, 25188, 49183, 14934, 49481, 49133, 14487, 22729, 331, 17340, 21557, 25077, 43921, 4597, 34537, 18333, 3121, 49089, 43013, 41113, 37035, 1667, 11890, 38840, 23164, 28972, 30564, 49047, 7228, 44585, 18669, 5087, 1315, 27405, 18033, 35294, 2144, 36252, 6650, 9640, 49628, 16904, 28224, 23004, 29341, 5018, 5056, 26721, 43328, 20854, 23815, 2559, 7523, 33523, 3706, 10879, 48197, 33426, 27734, 26153, 32375, 20672, 31054, 20735, 28894, 26065, 21730, 29724, 11271, 25056, 8052, 24114, 38497, 33656, 44715, 3109, 7086, 17432, 3667, 12262, 3006, 17978, 39430, 38403, 8102, 48085, 32460, 31580, 4464, 49737, 28424, 21742, 20716, 1150, 45916, 29895, 27492, 15073, 20334, 7492, 3953, 14656, 37271, 31642, 18161, 29810, 41670, 31442, 25950, 48438, 11953, 284, 21188, 13017, 47985, 37456, 15045, 25653, 39774, 47339, 28320, 24500)","(1, 1, 1, 0, 1, 0, 0, 1, 0, 0, 0, 0, 0, 1, 1, 1, 1, 0, 0, 0, 0, 1, 1, 0, 1, 0, 0, 1, 0, 0, 0, 1, 1, 0, 1, 0, 1, 0, 1, 1, 1, 1, 0, 1, 0, 1, 0, 1, 0, 1, 0, 1, 0, 1, 0, 1, 0, 0, 1, 1, 1, 1, 1, 0, 0, 1, 1, 0, 1, 1, 1, 1, 0, 1, 0, 0, 0, 1, 0, 1, 1, 0, 0, 0, 0, 0, 1, 0, 1, 0, 0, 1, 0, 1, 1, 1, 0, 1, 1, 1, 1, 0, 0, 1, 0, 1, 1, 0, 1, 1, 1, 0, 0, 0, 0, 0, 1, 1, 0, 1, 0, 0, 1, 1, 1, 0, 0, 0, 1, 1, 1, 0, 1, 1, 1, 0, 0, 1, 1, 1, 1, 0, 1, 1, 1, 0, 0, 1, 1, 1, 0, 0, 0, 1, 1, 1, 1, 1, 1, 1, 0, 1, 1, 1, 0, 0, 1, 0, 1, 1, 1, 1, 1, 0, 0, 1, 1, 1, 1, 1, 0, 0, 1, 0, 1, 0, 0, 0, 1, 1, 0, 0, 0, 0, 1, 0, 1, 0, 0, 1)"
81.89541,200,1106.733441,0,"(42024, 1099, 10278, 48018, 33887, 13669, 826, 41453, 5077, 22642, 16480, 20084, 10730, 9985, 24127, 2582, 31000, 28047, 23255, 41375, 10658, 7136, 39156, 26061, 31269, 45942, 39148, 3570, 24675, 32211, 15425, 41746, 14134, 38242, 10463, 24895, 9404, 42900, 43744, 46375, 35232, 2421, 15358, 7129, 6211, 47169, 31528, 20442, 8777, 27138, 27955, 15476, 5584, 8231, 11180, 36750, 22008, 5800, 43110, 32164, 1666, 34471, 34478, 7830, 13768, 41552, 41688, 13652, 7639, 9142, 35837, 27020, 20857, 12318, 11693, 34842, 35754, 30598, 44523, 24530, 14270, 15211, 47287, 14223, 2339, 30574, 27277, 8047, 22112, 5279, 32256, 3314, 11494, 48902, 40971, 38178, 36927, 5548, 31631, 6941, 47799, 48485, 11392, 17741, 21232, 26835, 20466, 24803, 44512, 10051, 14322, 12733, 13064, 48719, 27224, 18402, 21842, 31133, 36650, 11050, 11279, 1312, 41317, 5365, 25088, 25308, 12985, 3731, 17092, 18965, 3233, 10303, 25499, 31514, 39264, 785, 2291, 31748, 6272, 17192, 23589, 15853, 1198, 17507, 21505, 45731, 585, 35235, 21712, 14720, 27711, 20805, 17435, 35485, 24171, 47031, 8880, 23248, 39066, 1384, 45244, 15980, 18460, 9926, 22383, 29398, 1396, 25387, 7128, 38413, 14936, 35906, 36032, 31468, 13846, 34617, 8076, 1311, 14060, 9134, 44013, 6409, 39831, 46630, 48666, 6434, 16794, 33928, 20724, 12104, 24506, 34189, 5305, 13910, 33839, 20935, 43545, 13088, 433, 31953)","(0, 1, 1, 0, 1, 1, 1, 0, 1, 0, 1, 1, 1, 0, 0, 1, 1, 0, 0, 0, 1, 1, 0, 1, 0, 1, 0, 1, 1, 1, 0, 0, 1, 1, 0, 1, 1, 0, 0, 1, 0, 1, 1, 1, 1, 0, 0, 0, 0, 1, 0, 1, 0, 1, 1, 0, 0, 1, 0, 0, 1, 0, 0, 1, 0, 0, 0, 1, 1, 1, 0, 0, 1, 0, 1, 0, 0, 0, 0, 1, 1, 1, 0, 1, 1, 0, 1, 1, 0, 1, 0, 0, 1, 0, 1, 0, 0, 1, 0, 1, 0, 1, 1, 1, 1, 1, 1, 1, 0, 1, 1, 1, 1, 1, 1, 1, 0, 1, 0, 1, 0, 0, 1, 1, 1, 1, 1, 1, 1, 1, 1, 1, 1, 1, 0, 1, 0, 1, 1, 0, 1, 0, 1, 0, 0, 0, 1, 0, 0, 1, 0, 1, 0, 1, 1, 0, 1, 0, 0, 1, 0, 1, 0, 1, 0, 0, 1, 1, 1, 0, 1, 0, 1, 0, 1, 0, 1, 1, 1, 1, 0, 0, 0, 0, 1, 1, 0, 0, 1, 1, 1, 0, 1, 1, 0, 1, 0, 1, 1, 0)"
93.018394,200,1109.348153,1,"(37389, 23426, 25676, 33459, 933, 44046, 10460, 9750, 33984, 8456, 7610, 20110, 4230, 30520, 3378, 45970, 1826, 35922, 48507, 4044, 29554, 5262, 35722, 32792, 522, 2052, 18490, 21302, 44775, 12171, 18085, 23090, 10572, 606, 15061, 22472, 48010, 37058, 30938, 156, 29957, 7179, 2903, 6460, 384, 40934, 10246, 24514, 27857, 10427, 33855, 2604, 48866, 35498, 10058, 45642, 30995, 14476, 1969, 2287, 13587, 30786, 7373, 17495, 19790, 49813, 19979, 29775, 40639, 14373, 3727, 13163, 47631, 10117, 38432, 15284, 19361, 9569, 17848, 19596, 25952, 19125, 23975, 26079, 44800, 8579, 48147, 11776, 14126, 23935, 43632, 8316, 22394, 31133, 18072, 29008, 12961, 4020, 44689, 18911, 39418, 23898, 48639, 21926, 10802, 48859, 29296, 4566, 41717, 216, 39158, 40335, 27415, 633, 11301, 8623, 9519, 12984, 36415, 11435, 47755, 840, 6978, 25124, 19674, 44914, 26993, 23110, 13679, 15383, 45618, 39000, 28999, 33804, 2197, 18645, 38797, 36754, 35727, 21760, 34762, 9769, 13928, 29582, 2966, 34360, 28748, 22405, 31663, 44005, 17967, 19008, 33863, 48730, 43431, 6575, 8298, 36957, 38596, 44115, 1943, 5790, 4249, 20039, 7785, 40311, 41721, 36340, 25631, 32909, 24225, 27436, 37747, 22631, 34476, 35674, 9837, 33218, 28186, 31179, 38949, 296, 41215, 49649, 29275, 20596, 16018, 42186, 25924, 49140, 38997, 14614, 27538, 18945, 27830, 21505, 43646, 24971, 47332, 13867)","(1, 1, 1, 1, 1, 0, 0, 1, 1, 1, 1, 0, 1, 0, 1, 1, 1, 1, 1, 1, 0, 1, 0, 0, 0, 1, 1, 0, 0, 1, 1, 0, 1, 1, 1, 0, 0, 0, 0, 1, 0, 1, 1, 1, 1, 1, 1, 1, 1, 1, 0, 1, 0, 0, 1, 1, 1, 1, 1, 1, 1, 0, 1, 1, 1, 0, 1, 0, 0, 1, 1, 1, 0, 1, 0, 1, 1, 1, 0, 1, 0, 1, 1, 1, 0, 1, 0, 1, 1, 1, 0, 0, 0, 1, 0, 1, 1, 1, 0, 1, 0, 1, 0, 1, 1, 0, 1, 1, 0, 1, 1, 1, 0, 1, 1, 1, 0, 1, 1, 1, 1, 1, 1, 1, 1, 0, 1, 0, 0, 1, 0, 1, 1, 0, 1, 1, 1, 0, 1, 1, 0, 1, 0, 1, 1, 0, 1, 0, 1, 0, 1, 1, 0, 1, 0, 1, 1, 0, 0, 0, 0, 1, 1, 1, 1, 0, 1, 1, 1, 0, 0, 1, 1, 0, 0, 1, 1, 0, 0, 1, 1, 1, 1, 0, 1, 1, 1, 1, 1, 0, 0, 0, 0, 0, 1, 1, 0, 0, 1, 1)"
92.560027,200,1111.852452,6,"(13421, 38087, 28740, 43407, 36100, 37388, 12447, 4941, 4832, 13459, 48368, 25745, 7244, 3008, 17839, 27130, 46079, 35371, 48977, 12096, 11162, 10376, 47516, 2002, 29880, 39916, 24757, 29324, 49315, 28530, 26309, 44020, 22180, 844, 21164, 9203, 10193, 33239, 31823, 37629, 24231, 42570, 6386, 15401, 19827, 32651, 26123, 186, 42229, 276, 24765, 30278, 44362, 3571, 40665, 41888, 22280, 33271, 921, 23290, 11770, 46643, 35587, 16929, 39078, 47583, 19937, 46129, 17056, 25395, 43480, 11869, 23232, 36037, 16469, 40638, 42271, 48173, 19152, 14342, 43135, 49074, 46528, 32419, 19999, 25775, 36860, 3369, 37480, 38738, 29172, 38989, 28220, 25450, 11933, 11578, 18442, 4139, 19229, 1956, 20192, 5193, 31676, 19712, 18238, 6650, 37597, 18471, 9160, 3387, 29993, 31429, 33327, 25375, 7342, 18414, 21046, 47863, 45899, 30070, 6090, 15812, 40692, 49003, 27232, 32456, 7907, 45453, 21806, 40080, 39800, 20921, 21749, 6898, 7071, 11176, 39605, 618, 28594, 3449, 18252, 33506, 17424, 34039, 15000, 12122, 1396, 9313, 1140, 7990, 4433, 45790, 10268, 35222, 20443, 3376, 16268, 22000, 4489, 89, 7407, 14377, 31518, 17491, 47831, 24084, 49123, 23708, 2293, 25463, 7306, 11713, 27078, 32463, 34337, 15520, 13114, 49706, 20732, 6872, 41434, 31115, 19563, 1096, 25755, 20786, 10152, 6102, 9648, 27664, 13205, 39313, 21967, 11137, 36687, 36945, 33944, 37660, 9171, 8376)","(1, 0, 1, 0, 1, 1, 1, 1, 1, 1, 0, 1, 1, 1, 1, 1, 0, 0, 1, 1, 1, 1, 0, 1, 0, 0, 1, 1, 0, 1, 1, 0, 1, 1, 1, 1, 0, 0, 1, 1, 0, 0, 1, 1, 1, 0, 1, 1, 0, 1, 0, 0, 0, 0, 0, 1, 0, 0, 1, 0, 1, 1, 0, 1, 1, 1, 1, 0, 0, 0, 0, 1, 0, 1, 1, 0, 0, 0, 1, 0, 1, 1, 1, 1, 1, 0, 1, 1, 1, 0, 1, 1, 0, 1, 1, 1, 0, 1, 1, 1, 1, 1, 1, 1, 1, 1, 0, 1, 0, 1, 0, 1, 0, 1, 1, 1, 0, 1, 0, 0, 1, 1, 0, 1, 1, 0, 1, 0, 0, 0, 1, 1, 1, 1, 0, 1, 0, 1, 0, 1, 0, 0, 1, 0, 1, 1, 1, 1, 1, 1, 1, 0, 1, 0, 1, 1, 1, 1, 1, 1, 1, 1, 1, 1, 0, 1, 0, 0, 1, 1, 1, 1, 0, 0, 1, 1, 1, 0, 1, 1, 1, 1, 1, 1, 0, 1, 1, 1, 1, 1, 1, 0, 0, 1, 0, 0, 1, 1, 1, 1)"
103.863368,200,1114.421148,2,"(25016, 36917, 25386, 37136, 47212, 24646, 16053, 22882, 22881, 19468, 12641, 8938, 2033, 4119, 29797, 24347, 5918, 4347, 19535, 1928, 32319, 29183, 7771, 37010, 34429, 31353, 37403, 22322, 43519, 827, 5906, 35240, 663, 6642, 7113, 43042, 7522, 35973, 1169, 27744, 27971, 2665, 36152, 31573, 33776, 35799, 16123, 10671, 18528, 10829, 13227, 47290, 38094, 263, 36387, 9382, 38741, 40775, 48001, 30220, 33228, 1244, 31066, 30296, 1763, 32900, 23663, 40261, 14468, 45042, 41209, 34374, 36663, 45134, 36304, 23621, 38132, 30255, 16795, 11301, 45079, 49195, 15170, 2876, 1434, 19644, 6812, 28645, 10024, 48944, 30211, 39415, 10182, 18343, 17888, 10238, 33740, 27592, 32848, 11675, 46055, 21502, 19665, 24315, 29794, 21050, 31511, 4334, 12775, 33317, 15441, 30750, 26652, 11492, 12305, 2955, 32434, 43373, 4064, 7986, 43570, 25255, 1391, 41139, 7047, 44148, 38014, 46464, 33494, 43227, 24041, 14170, 14792, 2586, 11447, 44366, 2981, 24416, 46642, 37510, 8044, 3116, 28797, 15658, 2947, 23371, 47325, 33920, 6612, 47711, 27775, 34762, 43631, 1347, 9348, 49284, 20936, 22123, 27481, 23089, 39802, 15382, 35779, 48658, 14110, 32483, 8407, 41767, 440, 3548, 10695, 17440, 27349, 419, 39180, 7215, 48378, 26034, 11216, 10488, 2663, 36098, 42900, 3915, 25789, 31090, 31366, 2505, 17044, 34742, 15044, 36815, 29426, 13367, 18337, 48953, 11629, 37581, 21456, 24407)","(1, 1, 1, 0, 0, 1, 1, 0, 0, 1, 1, 1, 1, 1, 1, 1, 1, 1, 1, 1, 1, 1, 1, 1, 0, 1, 1, 0, 1, 0, 1, 0, 1, 1, 1, 0, 1, 1, 1, 1, 1, 1, 1, 0, 0, 1, 1, 1, 1, 1, 1, 1, 0, 1, 1, 1, 1, 0, 0, 0, 1, 1, 0, 0, 1, 0, 1, 0, 1, 0, 0, 0, 0, 1, 0, 1, 1, 0, 1, 1, 0, 0, 1, 1, 1, 1, 1, 1, 1, 1, 0, 0, 1, 1, 1, 1, 0, 0, 1, 1, 1, 1, 1, 1, 1, 1, 0, 1, 1, 0, 1, 0, 0, 1, 1, 1, 0, 0, 1, 1, 0, 0, 1, 1, 1, 1, 0, 1, 1, 0, 0, 1, 1, 1, 1, 0, 1, 1, 1, 1, 1, 1, 1, 1, 1, 1, 1, 0, 1, 1, 1, 0, 0, 1, 1, 1, 1, 1, 0, 0, 1, 1, 0, 1, 1, 0, 1, 1, 1, 1, 1, 1, 0, 1, 1, 1, 0, 1, 1, 1, 1, 1, 0, 0, 0, 0, 1, 1, 1, 0, 1, 1, 0, 0, 1, 0, 1, 1, 1, 1)"
65.761304,200,1124.542743,3,"(15315, 32024, 18342, 40466, 45045, 11029, 5770, 5829, 46646, 27315, 37298, 27034, 48750, 15873, 20560, 31442, 48532, 11418, 3439, 37713, 26501, 48050, 13187, 7387, 31549, 15044, 33342, 12258, 1044, 29370, 40634, 28291, 14012, 32717, 39251, 31383, 49363, 14429, 5179, 47571, 44977, 36444, 25719, 20210, 10264, 44365, 12423, 46442, 28223, 42989, 12732, 34515, 24754, 37035, 28632, 29282, 19731, 36315, 46452, 43251, 11440, 27188, 36673, 2853, 32000, 47739, 1092, 42409, 29348, 29642, 30442, 3916, 44925, 47804, 10504, 397, 19655, 12767, 33576, 17224, 43470, 24612, 27877, 8877, 24221, 24587, 6283, 26326, 23021, 42933, 2942, 24722, 3887, 1654, 26359, 30913, 43332, 22543, 8773, 23088, 379, 34451, 7188, 39037, 36276, 20689, 16886, 20558, 2238, 49569, 27881, 26480, 4944, 19443, 11455, 37118, 22825, 10460, 49897, 46063, 49681, 16695, 132, 29172, 5197, 6904, 45204, 1577, 49433, 40004, 16517, 30186, 20542, 1872, 9410, 36313, 31839, 15369, 10314, 20688, 22409, 38264, 13658, 37645, 35816, 38653, 25042, 9105, 4568, 5297, 29331, 47682, 26104, 1734, 27201, 10716, 26630, 18619, 45504, 21389, 43695, 21485, 10079, 31595, 21108, 38107, 25991, 29801, 14975, 1046, 22994, 12374, 20041, 1715, 21521, 23161, 25374, 39106, 37522, 18075, 28460, 15981, 19319, 37047, 40391, 43203, 9583, 33054, 48909, 9917, 46569, 31372, 44601, 8924, 38556, 24863, 49175, 35701, 5375, 42234)","(1, 0, 1, 0, 0, 1, 1, 1, 1, 0, 1, 1, 0, 0, 1, 0, 0, 1, 1, 0, 0, 0, 1, 1, 0, 0, 0, 1, 1, 1, 0, 0, 1, 1, 1, 1, 0, 1, 1, 0, 0, 1, 1, 1, 1, 0, 1, 0, 0, 0, 1, 0, 1, 1, 0, 0, 1, 1, 1, 0, 0, 1, 0, 1, 0, 0, 1, 0, 1, 0, 0, 1, 0, 0, 1, 1, 1, 1, 0, 1, 0, 1, 1, 1, 0, 1, 1, 1, 0, 0, 1, 1, 1, 0, 1, 0, 0, 0, 1, 0, 1, 0, 1, 0, 1, 1, 1, 1, 1, 1, 1, 1, 1, 1, 1, 1, 0, 0, 0, 0, 0, 1, 1, 1, 1, 1, 1, 1, 0, 1, 1, 0, 1, 1, 1, 1, 1, 1, 1, 1, 0, 0, 1, 1, 1, 0, 0, 1, 1, 1, 1, 0, 1, 1, 1, 1, 0, 1, 0, 0, 0, 1, 1, 1, 0, 0, 1, 0, 1, 1, 0, 1, 1, 1, 1, 0, 1, 0, 1, 0, 1, 1, 1, 0, 0, 0, 1, 0, 1, 0, 0, 1, 0, 1, 0, 1, 0, 1, 1, 0)"
88.423328,200,1127.080919,5,"(34801, 26412, 43616, 41473, 17216, 15443, 49610, 19928, 37594, 6287, 10686, 10510, 9814, 14614, 31570, 9898, 37667, 34341, 46406, 14672, 19342, 1767, 30386, 20064, 48600, 42191, 6868, 6287, 36132, 25810, 7435, 34976, 4655, 18128, 23598, 43154, 4582, 20431, 27584, 16200, 27578, 18417, 26014, 47653, 21044, 29365, 30864, 46130, 36376, 28529, 11503, 43696, 26738, 16024, 45336, 32848, 38588, 41111, 40558, 2005, 7903, 2696, 25438, 11307, 49714, 5678, 17406, 40722, 1387, 24809, 39340, 39416, 32228, 37806, 20305, 860, 18012, 7861, 24516, 6453, 41712, 13205, 21553, 27778, 10812, 19169, 16737, 22047, 5474, 22105, 35485, 18466, 1727, 49290, 16312, 9862, 2902, 20637, 43714, 978, 32039, 26084, 29688, 32007, 29281, 42564, 47114, 20776, 8062, 1120, 15706, 37417, 9021, 5936, 29133, 40020, 31743, 49052, 1593, 19880, 47731, 5290, 37850, 5449, 26319, 7125, 32541, 27860, 7325, 43587, 17888, 17999, 28464, 10058, 48227, 43663, 28759, 29728, 23691, 9468, 32413, 19545, 33123, 43520, 47972, 17691, 47081, 5443, 39549, 17809, 4386, 7696, 31999, 31465, 28134, 15978, 25804, 18263, 34905, 22507, 1052, 38836, 20167, 39751, 46637, 18155, 11882, 48532, 26170, 24345, 14790, 25700, 47782, 10269, 47189, 0, 20012, 33273, 17714, 20454, 43825, 40847, 25388, 13540, 26104, 44245, 536, 22471, 14581, 25242, 46342, 1998, 26405, 43442, 44254, 24848, 31855, 36140, 19535, 26013)","(0, 1, 1, 1, 0, 1, 0, 1, 0, 1, 1, 0, 1, 0, 0, 1, 0, 1, 1, 1, 1, 1, 0, 1, 0, 1, 1, 0, 0, 0, 1, 1, 1, 1, 0, 0, 1, 1, 1, 1, 0, 1, 0, 0, 1, 1, 0, 0, 1, 0, 1, 0, 0, 1, 1, 1, 0, 1, 0, 1, 1, 1, 1, 1, 0, 0, 1, 1, 1, 1, 1, 0, 1, 1, 1, 1, 1, 1, 0, 1, 1, 1, 1, 1, 1, 1, 1, 1, 1, 1, 1, 1, 1, 1, 1, 1, 1, 1, 0, 1, 0, 1, 1, 0, 1, 1, 0, 1, 1, 1, 0, 1, 1, 1, 0, 1, 1, 0, 1, 0, 0, 1, 1, 1, 1, 0, 1, 1, 1, 0, 1, 0, 1, 1, 0, 0, 1, 0, 0, 1, 0, 1, 0, 0, 0, 1, 0, 1, 0, 1, 1, 1, 0, 1, 1, 1, 0, 0, 0, 0, 1, 1, 1, 0, 1, 1, 1, 0, 1, 1, 1, 1, 0, 1, 1, 1, 1, 1, 0, 1, 0, 0, 1, 1, 1, 0, 1, 0, 0, 1, 0, 1, 0, 0, 0, 0, 1, 0, 1, 1)"
86.805608,200,1129.614081,1,"(35290, 20714, 14389, 6248, 5625, 31092, 266, 4811, 2916, 46627, 27268, 7211, 36854, 34143, 11785, 13672, 20126, 40198, 43909, 39586, 24665, 27358, 28492, 13434, 20639, 44069, 38073, 35614, 43815, 39355, 39873, 3828, 7810, 5613, 24014, 14815, 23342, 29198, 41904, 9055, 35633, 40343, 6253, 16846, 42989, 36229, 73, 29121, 11917, 23717, 49200, 3114, 25643, 15635, 18537, 19549, 25321, 11456, 28352, 21568, 6562, 21801, 32675, 39204, 38883, 15807, 16319, 37380, 48475, 4884, 47563, 28472, 14791, 7435, 3872, 32537, 41766, 20154, 16558, 3314, 35829, 7839, 1141, 44872, 1910, 96, 35799, 2273, 31157, 5677, 9059, 48454, 44506, 15530, 898, 16706, 11274, 18131, 6314, 40086, 6194, 12428, 41859, 43016, 38452, 30217, 17418, 43479, 5012, 12151, 18341, 4788, 17065, 7321, 49399, 20929, 35697, 23729, 33667, 21819, 41446, 17158, 19799, 12581, 44495, 29212, 2408, 37743, 5432, 750, 9131, 45770, 26422, 26838, 2568, 18707, 7683, 30754, 18200, 5852, 8758, 7068, 10403, 35145, 20552, 40896, 5823, 47100, 43530, 18689, 45242, 37596, 17519, 21619, 16866, 47115, 41436, 40024, 28148, 22665, 37801, 4949, 16175, 5450, 49424, 47085, 4495, 750, 3927, 4009, 44462, 17558, 45833, 19480, 21936, 17975, 48691, 14542, 26954, 37217, 11949, 16695, 39278, 10174, 27347, 45954, 26098, 25130, 1648, 49685, 28501, 656, 3497, 10650, 12455, 36738, 8346, 25584, 45889, 27953)","(0, 1, 1, 1, 1, 0, 1, 1, 1, 0, 0, 0, 0, 0, 1, 1, 1, 0, 0, 0, 1, 0, 1, 1, 1, 0, 0, 1, 0, 0, 0, 1, 1, 1, 1, 1, 0, 1, 1, 1, 1, 1, 1, 1, 1, 1, 1, 1, 1, 1, 0, 1, 0, 0, 1, 1, 0, 1, 0, 1, 1, 1, 1, 0, 1, 1, 0, 1, 1, 1, 1, 1, 0, 1, 1, 0, 1, 1, 0, 0, 0, 0, 1, 0, 1, 1, 0, 1, 0, 1, 1, 0, 0, 1, 1, 1, 0, 0, 1, 1, 1, 1, 0, 0, 0, 0, 1, 0, 1, 1, 1, 1, 1, 1, 1, 1, 1, 1, 0, 1, 1, 1, 1, 1, 0, 1, 0, 1, 1, 1, 1, 0, 1, 1, 1, 0, 1, 0, 1, 1, 1, 0, 1, 0, 1, 0, 0, 1, 0, 1, 1, 1, 0, 1, 1, 0, 1, 0, 1, 0, 0, 1, 1, 1, 1, 1, 1, 0, 1, 1, 1, 0, 1, 1, 0, 1, 1, 1, 0, 1, 1, 1, 0, 1, 0, 0, 1, 1, 1, 0, 1, 1, 1, 1, 1, 0, 1, 1, 1, 1)"
53.099744,200,1132.504021,0,"(1079, 36395, 36754, 19106, 15328, 38787, 23347, 9419, 10363, 47089, 42792, 5400, 16249, 23463, 26332, 5213, 47649, 28097, 26169, 11406, 3766, 40779, 5403, 12140, 5744, 7545, 8759, 11746, 48357, 46358, 14465, 23653, 44746, 35131, 47220, 4598, 12259, 2744, 8228, 15685, 18210, 40437, 37462, 22997, 11477, 8193, 32159, 24017, 16928, 9055, 5819, 49128, 21902, 31486, 27691, 33469, 46597, 319, 25552, 25122, 23015, 23762, 45230, 37582, 29193, 15095, 5391, 37082, 8131, 44429, 6519, 827, 48757, 23792, 35612, 36308, 33574, 22001, 5528, 28388, 41467, 13004, 14317, 19896, 49638, 7005, 35657, 35488, 23833, 28026, 155, 26712, 24743, 32160, 25102, 23619, 30581, 23100, 35919, 27945, 29039, 19627, 2401, 21293, 7533, 197, 9782, 19307, 42062, 29445, 14860, 1818, 3121, 5928, 20301, 14332, 10057, 36087, 18232, 36955, 42360, 42594, 38035, 2237, 26283, 39315, 40627, 18989, 45726, 39121, 17763, 23682, 28172, 36414, 23912, 43172, 49260, 5300, 48319, 40081, 14136, 2338, 21844, 14476, 25966, 32677, 239, 41130, 24465, 5230, 35503, 37802, 36078, 48465, 16928, 32710, 33389, 47216, 46963, 38628, 9738, 19944, 27370, 41214, 26494, 14381, 21125, 29098, 7042, 43458, 11568, 10292, 3040, 5074, 35082, 1329, 32224, 38612, 38557, 23071, 28299, 39072, 30812, 41239, 22559, 8612, 29704, 17295, 35927, 44178, 39488, 43860, 14017, 29678, 5350, 6798, 11708, 2501, 43603, 14288)","(1, 1, 0, 1, 1, 0, 1, 1, 1, 0, 0, 1, 0, 1, 1, 1, 0, 0, 1, 1, 1, 0, 1, 1, 1, 1, 1, 1, 1, 0, 1, 1, 0, 0, 0, 1, 1, 1, 0, 1, 1, 0, 1, 0, 1, 1, 0, 1, 1, 0, 1, 0, 1, 0, 0, 0, 0, 1, 0, 1, 0, 1, 0, 0, 1, 1, 1, 0, 1, 1, 1, 0, 1, 0, 1, 1, 1, 1, 1, 0, 1, 1, 1, 0, 0, 1, 0, 1, 1, 1, 1, 0, 1, 0, 1, 0, 0, 0, 0, 1, 0, 1, 0, 1, 0, 1, 1, 1, 0, 0, 1, 1, 1, 1, 1, 1, 1, 1, 0, 0, 0, 0, 1, 0, 0, 0, 0, 0, 0, 0, 0, 0, 0, 0, 1, 0, 0, 1, 0, 0, 1, 0, 1, 1, 0, 0, 1, 0, 1, 1, 0, 0, 0, 0, 0, 1, 0, 0, 1, 0, 1, 1, 1, 1, 1, 1, 1, 1, 1, 0, 1, 1, 1, 1, 0, 1, 0, 0, 0, 0, 0, 0, 0, 0, 0, 1, 0, 0, 0, 0, 0, 0, 1, 0, 1, 1, 1, 0, 0, 1)"
131.137245,200,1135.255927,2,"(36207, 39628, 12032, 43359, 3307, 43188, 31229, 26480, 36440, 20586, 10688, 12665, 31559, 13400, 14338, 23518, 32400, 38721, 23220, 27010, 24593, 16788, 34748, 22269, 44542, 2973, 33694, 24877, 10944, 5034, 49356, 6142, 42288, 11201, 803, 21898, 23703, 37548, 32850, 11103, 20797, 31598, 44537, 35394, 18873, 34507, 39053, 33326, 12937, 10841, 37779, 45400, 26682, 2399, 9105, 1693, 24517, 2809, 25393, 16328, 19644, 39844, 17011, 21606, 2172, 44738, 2584, 290, 30798, 41283, 46927, 4068, 20328, 17811, 33423, 13282, 3974, 13375, 26729, 49536, 15510, 5372, 45131, 16728, 44102, 2552, 2185, 15756, 29940, 5727, 4869, 15655, 16144, 13182, 5655, 18406, 1489, 31259, 16150, 10322, 21229, 6123, 28883, 37495, 11059, 18478, 34804, 16791, 25602, 38943, 15992, 10783, 47307, 1952, 3620, 20129, 35086, 8367, 40959, 42242, 18522, 33400, 19291, 26628, 4230, 20265, 36534, 8867, 26499, 4446, 20098, 1144, 45008, 42377, 21513, 36396, 31529, 34187, 31676, 31674, 27311, 43920, 7217, 38011, 26821, 48328, 20906, 3203, 17475, 15921, 22466, 9620, 37746, 21173, 8852, 23784, 13130, 27423, 46653, 42315, 25265, 47863, 38471, 15926, 11663, 45860, 49492, 19317, 46874, 48915, 31768, 31790, 43531, 34222, 5592, 41989, 5951, 31588, 44061, 33148, 23240, 38161, 13618, 6052, 6102, 35332, 16130, 626, 36997, 45953, 43027, 3117, 45932, 13888, 27674, 25808, 40066, 1011, 24114, 12038)","(1, 0, 1, 1, 0, 0, 1, 1, 1, 0, 1, 1, 1, 1, 1, 0, 1, 1, 0, 1, 1, 1, 0, 0, 1, 1, 1, 0, 1, 1, 0, 1, 0, 1, 1, 1, 1, 1, 1, 1, 0, 1, 0, 0, 0, 1, 0, 1, 1, 1, 1, 1, 1, 0, 1, 1, 1, 1, 1, 1, 1, 0, 1, 1, 1, 1, 1, 1, 0, 1, 1, 1, 1, 1, 1, 1, 1, 1, 0, 1, 1, 1, 0, 1, 0, 1, 1, 1, 0, 1, 1, 1, 1, 1, 1, 1, 1, 1, 1, 1, 1, 1, 1, 1, 1, 1, 1, 0, 1, 0, 1, 1, 1, 1, 1, 1, 1, 1, 1, 1, 0, 0, 1, 1, 1, 1, 1, 1, 1, 1, 1, 1, 0, 1, 1, 1, 0, 1, 1, 1, 0, 0, 1, 1, 1, 0, 1, 1, 0, 1, 0, 1, 0, 1, 1, 1, 1, 1, 1, 1, 1, 1, 0, 1, 1, 0, 1, 1, 1, 1, 1, 1, 0, 0, 0, 0, 1, 1, 0, 1, 0, 0, 1, 1, 1, 1, 1, 1, 1, 0, 0, 1, 0, 1, 1, 0, 1, 1, 1, 1)"
84.291062,200,1137.854657,4,"(27583, 1197, 40221, 12150, 995, 12863, 41855, 24255, 40410, 7527, 11535, 33055, 10316, 3841, 23666, 4504, 1068, 13668, 11423, 23346, 41467, 49147, 17211, 21974, 33274, 32824, 7438, 2082, 33627, 16883, 37981, 27369, 4424, 20928, 32191, 46001, 23488, 21864, 21392, 13489, 19273, 44772, 44077, 48883, 15579, 39797, 29902, 31191, 2388, 32884, 48293, 40935, 28420, 35095, 23672, 30462, 23378, 38937, 47013, 46957, 5794, 30741, 1376, 21486, 14399, 38202, 28291, 10483, 22840, 41796, 28115, 45262, 46053, 27892, 6809, 9434, 11070, 1810, 31304, 34817, 3977, 17998, 34878, 8479, 4061, 26671, 16732, 27203, 34011, 2912, 43258, 647, 8103, 45812, 2075, 6952, 29848, 49005, 24810, 12948, 38368, 14380, 48880, 35446, 13792, 27644, 8028, 20436, 43489, 48290, 44738, 41619, 42315, 37383, 45379, 27349, 27457, 47550, 35610, 49016, 30184, 3989, 22478, 33510, 39214, 9706, 31665, 45640, 37311, 37454, 9074, 37377, 15131, 4992, 24893, 15385, 37551, 7736, 38620, 43360, 25314, 36441, 21956, 7714, 49554, 3949, 31820, 39185, 37219, 19855, 24014, 3975, 19186, 11306, 30220, 48710, 32548, 12754, 390, 8035, 19970, 33034, 42690, 48533, 3969, 49702, 44811, 19601, 43913, 14560, 16806, 38831, 9479, 15224, 32850, 37790, 49558, 20671, 27974, 33459, 23858, 38068, 42673, 44623, 30737, 5507, 40332, 22595, 30105, 33533, 19422, 47335, 36734, 26499, 18274, 32126, 36122, 46201, 5570, 10709)","(0, 0, 0, 1, 1, 1, 1, 0, 0, 1, 1, 1, 1, 1, 1, 1, 1, 1, 1, 0, 1, 1, 0, 1, 0, 1, 1, 1, 1, 1, 0, 1, 1, 1, 1, 0, 1, 1, 1, 1, 0, 0, 0, 1, 1, 1, 0, 0, 1, 1, 0, 1, 0, 1, 1, 0, 0, 0, 0, 0, 1, 0, 1, 1, 1, 0, 0, 1, 0, 1, 0, 0, 0, 1, 1, 1, 1, 1, 1, 1, 1, 1, 1, 1, 1, 1, 1, 1, 1, 1, 1, 1, 1, 1, 1, 1, 0, 0, 1, 1, 0, 1, 0, 1, 0, 0, 1, 0, 0, 0, 1, 0, 1, 1, 0, 0, 0, 0, 0, 0, 0, 1, 0, 1, 0, 1, 0, 0, 0, 1, 1, 1, 1, 1, 0, 1, 1, 1, 1, 0, 1, 0, 1, 1, 1, 1, 1, 0, 1, 1, 1, 1, 1, 1, 0, 0, 0, 1, 1, 0, 1, 0, 0, 1, 1, 0, 0, 1, 0, 1, 1, 0, 1, 1, 1, 1, 1, 1, 1, 1, 1, 0, 1, 0, 0, 1, 0, 0, 1, 0, 0, 1, 1, 1, 1, 1, 1, 1, 1, 1)"
101.866477,200,1140.620705,2,"(20873, 42080, 48481, 38922, 38130, 24617, 36225, 23394, 49380, 2135, 15990, 47173, 49285, 32858, 20064, 13617, 3113, 47142, 11175, 44664, 2211, 11203, 47956, 13744, 13185, 7955, 7189, 35043, 5525, 42573, 28846, 16100, 22482, 2073, 12731, 49875, 32351, 17883, 31252, 11473, 35793, 33042, 29391, 5339, 43031, 5925, 21084, 20940, 12436, 15647, 13972, 29554, 5052, 17459, 7591, 858, 29905, 15493, 37060, 24800, 15383, 12432, 483, 30456, 10655, 3415, 9523, 45448, 34570, 46882, 2862, 1202, 36808, 3701, 46510, 16566, 21265, 8006, 11605, 26349, 60, 5558, 4174, 42521, 16122, 814, 26662, 21602, 743, 13843, 14971, 25761, 36694, 41432, 19033, 46298, 41162, 20533, 40037, 21469, 43031, 11231, 45517, 20696, 36513, 23297, 24720, 9261, 2063, 26851, 44605, 34927, 5926, 26092, 47088, 9480, 12396, 2246, 19917, 13885, 16598, 11463, 33408, 18662, 14694, 23408, 38263, 4657, 1631, 15719, 37185, 6688, 15946, 44209, 25713, 38757, 2594, 46531, 30505, 25986, 38179, 28486, 30191, 43689, 4818, 24262, 44531, 31961, 12717, 32351, 3846, 5406, 45867, 6924, 4999, 2556, 19847, 39894, 23834, 15565, 38880, 8787, 46548, 40613, 41989, 40153, 42590, 7311, 18648, 134, 49129, 24322, 28669, 49827, 1550, 3409, 1563, 6729, 24113, 20649, 20165, 19772, 46106, 45938, 7781, 45550, 7429, 11197, 9759, 45311, 24359, 30101, 35557, 27165, 37978, 7594, 27675, 9103, 33426, 31410)","(1, 0, 1, 0, 0, 1, 1, 1, 1, 1, 1, 0, 0, 1, 1, 1, 1, 0, 1, 0, 1, 1, 0, 0, 1, 1, 1, 1, 1, 0, 1, 0, 0, 1, 1, 0, 0, 0, 1, 1, 1, 0, 1, 1, 0, 1, 1, 1, 1, 1, 1, 0, 1, 1, 1, 1, 0, 1, 1, 1, 1, 1, 1, 0, 1, 1, 1, 1, 0, 0, 1, 1, 1, 1, 0, 0, 1, 1, 1, 1, 1, 1, 1, 1, 1, 1, 1, 1, 1, 1, 1, 0, 0, 0, 1, 0, 1, 1, 1, 1, 0, 1, 0, 1, 1, 1, 1, 1, 1, 0, 0, 0, 1, 1, 1, 1, 1, 1, 1, 0, 1, 1, 1, 1, 1, 1, 1, 1, 1, 0, 1, 1, 1, 0, 0, 1, 0, 1, 0, 0, 1, 0, 0, 0, 1, 1, 0, 1, 1, 0, 1, 1, 0, 1, 1, 1, 1, 1, 1, 1, 0, 0, 1, 1, 0, 0, 0, 1, 1, 1, 1, 1, 1, 0, 1, 1, 1, 1, 1, 1, 1, 1, 1, 0, 1, 1, 1, 1, 1, 1, 1, 1, 1, 1, 1, 0, 0, 1, 0, 1)"
104.632213,200,1143.386184,5,"(3420, 8685, 10940, 12513, 20506, 41829, 2570, 6063, 19857, 27074, 16460, 12577, 2855, 47675, 11057, 23480, 6578, 46265, 25931, 34610, 6796, 29352, 34332, 35638, 38706, 44745, 29298, 41270, 27582, 5906, 46922, 7380, 19581, 37481, 31404, 22581, 33513, 14592, 20558, 43483, 46420, 17328, 1650, 7850, 19421, 37321, 7560, 42957, 33872, 31666, 21191, 12944, 38143, 38447, 26538, 19533, 24418, 24324, 26406, 23335, 856, 3114, 35528, 40669, 32197, 40441, 46096, 48125, 43165, 42698, 20236, 31402, 39340, 11360, 8253, 14359, 33317, 23412, 14538, 27593, 304, 48437, 20765, 34565, 17811, 31506, 24668, 40951, 13371, 39284, 6532, 20338, 35891, 40804, 26715, 16445, 3946, 20457, 38260, 30090, 33405, 52, 48639, 29251, 20853, 3117, 35571, 38559, 11913, 23368, 25162, 6970, 17402, 39137, 10080, 44951, 4086, 12174, 19553, 36119, 3803, 22013, 17183, 9867, 13378, 23229, 1161, 19801, 4610, 20696, 36906, 45409, 7047, 37902, 21403, 46948, 9919, 47960, 414, 34527, 41485, 27504, 12723, 20865, 8204, 7497, 47923, 34130, 49555, 21416, 17794, 1323, 11453, 35154, 23787, 19661, 10073, 43648, 40340, 47532, 27751, 16875, 19162, 17886, 3348, 7765, 1862, 45680, 12948, 15324, 13193, 148, 32820, 26380, 14650, 25675, 38850, 49012, 9250, 39967, 20595, 39102, 24665, 48471, 7286, 20548, 17564, 42446, 13165, 9726, 9835, 7562, 34538, 49367, 142, 34701, 16755, 41116, 39603, 11366)","(1, 1, 1, 1, 0, 0, 1, 1, 0, 0, 1, 1, 1, 1, 1, 1, 1, 1, 1, 0, 1, 1, 1, 1, 1, 0, 1, 0, 0, 1, 0, 0, 0, 0, 1, 0, 1, 1, 1, 1, 0, 1, 1, 1, 1, 0, 1, 1, 0, 1, 0, 1, 1, 1, 1, 1, 1, 1, 0, 1, 1, 1, 0, 0, 0, 0, 0, 0, 0, 1, 1, 1, 1, 1, 1, 1, 0, 1, 1, 1, 1, 0, 1, 0, 1, 1, 1, 1, 1, 0, 1, 1, 0, 0, 0, 1, 1, 1, 1, 0, 1, 1, 0, 1, 1, 1, 0, 1, 0, 1, 0, 1, 1, 1, 1, 0, 1, 0, 1, 1, 1, 1, 1, 1, 1, 0, 0, 1, 1, 1, 0, 0, 1, 1, 1, 0, 1, 0, 1, 0, 0, 0, 1, 1, 1, 0, 1, 1, 0, 1, 1, 1, 1, 0, 1, 1, 1, 0, 0, 1, 0, 0, 1, 1, 1, 1, 1, 1, 1, 1, 1, 1, 0, 1, 1, 0, 0, 1, 1, 0, 1, 1, 1, 0, 1, 1, 1, 1, 1, 1, 0, 1, 0, 0, 1, 1, 1, 0, 0, 1)"
90.979753,200,1146.434022,1,"(37377, 45455, 23287, 35781, 328, 9, 23565, 48325, 16634, 30735, 7521, 2337, 47059, 27682, 10059, 45341, 40023, 24434, 33891, 47566, 5490, 30616, 24078, 42122, 20965, 12039, 47231, 40675, 3711, 31334, 11188, 41145, 5790, 32279, 9819, 2188, 7857, 3004, 14642, 5768, 8001, 23110, 17745, 1613, 42373, 6310, 24040, 39592, 17456, 10892, 18849, 7597, 41845, 34479, 29924, 40131, 28966, 5378, 11054, 25752, 36226, 17689, 18104, 45769, 1467, 12593, 11068, 43004, 10687, 20576, 32620, 30895, 38839, 25064, 46129, 24934, 34994, 20464, 13884, 24482, 11464, 10026, 37961, 47876, 17844, 7561, 17286, 47759, 34127, 2018, 26660, 35813, 4293, 38263, 22699, 18935, 34386, 19233, 10439, 3647, 31541, 25076, 49202, 42383, 14414, 44692, 23514, 32929, 8635, 17809, 43097, 27290, 11566, 46229, 39164, 19882, 2578, 909, 5910, 26420, 25345, 49386, 25548, 6671, 5848, 43536, 36728, 35518, 49441, 23422, 47025, 38718, 37569, 17136, 35912, 2407, 14202, 15834, 43539, 29121, 44259, 25761, 42570, 24671, 15024, 14021, 24267, 37266, 15361, 9176, 32915, 42159, 47832, 5158, 31233, 41942, 33927, 20106, 291, 17354, 4437, 46999, 33741, 32238, 27486, 1278, 20826, 45851, 14275, 40872, 30015, 29028, 35072, 6172, 45495, 228, 5182, 31599, 29934, 7998, 29495, 49558, 15954, 48444, 25321, 16604, 14474, 15666, 32375, 34667, 1451, 8125, 15677, 37169, 222, 2582, 24308, 28616, 43436, 42386)","(1, 0, 1, 0, 1, 1, 1, 1, 1, 0, 1, 1, 0, 0, 1, 0, 1, 0, 0, 0, 1, 0, 1, 1, 1, 0, 0, 0, 1, 0, 1, 0, 1, 1, 1, 1, 1, 0, 1, 1, 1, 0, 1, 1, 0, 1, 1, 1, 1, 1, 1, 1, 0, 0, 0, 1, 1, 1, 1, 1, 0, 1, 1, 0, 1, 0, 1, 0, 0, 0, 0, 0, 1, 0, 0, 1, 1, 1, 1, 1, 0, 1, 0, 0, 1, 1, 1, 1, 1, 1, 1, 0, 0, 0, 0, 1, 1, 1, 1, 1, 0, 1, 0, 0, 1, 0, 1, 0, 1, 1, 0, 1, 1, 0, 0, 0, 1, 1, 1, 1, 0, 0, 1, 1, 1, 0, 0, 1, 0, 1, 1, 0, 1, 0, 1, 1, 1, 1, 1, 1, 0, 0, 1, 1, 1, 0, 0, 0, 1, 1, 0, 0, 0, 1, 1, 1, 0, 1, 1, 1, 1, 0, 0, 1, 0, 1, 1, 1, 0, 0, 0, 1, 0, 1, 1, 1, 1, 1, 0, 1, 1, 1, 1, 0, 0, 0, 1, 1, 1, 0, 1, 1, 1, 1, 1, 1, 0, 1, 0, 1)"
51.533897,200,1149.338602,7,"(2479, 40708, 34012, 33634, 14042, 813, 34870, 20691, 23305, 26180, 24946, 32244, 5580, 13476, 15768, 14015, 8942, 12997, 49562, 45592, 16723, 3638, 34843, 18666, 1377, 23617, 10460, 39723, 42015, 14790, 4435, 13640, 28221, 26511, 42957, 30104, 19709, 234, 15623, 39259, 28282, 27890, 45163, 36284, 9862, 48841, 24108, 46476, 29822, 9184, 5649, 1087, 21223, 10970, 47648, 38393, 16810, 23968, 7555, 23816, 32349, 16996, 8377, 19502, 19708, 19644, 19327, 26586, 21832, 3562, 6504, 39564, 30336, 4502, 16630, 8859, 42002, 21301, 30397, 24286, 20673, 35412, 24210, 35345, 25272, 33477, 42479, 20582, 26779, 28647, 11438, 2869, 26663, 42548, 6641, 25254, 10705, 18067, 21607, 17946, 10938, 37569, 39243, 47631, 4195, 1310, 34217, 43608, 39741, 1141, 23687, 36035, 41054, 22558, 980, 35153, 39098, 5467, 5368, 21078, 9780, 12158, 19799, 7374, 46572, 7502, 38690, 5765, 17158, 28183, 4012, 39851, 40546, 37104, 29743, 34421, 27922, 4640, 27762, 16471, 12227, 48514, 41019, 21830, 9445, 38860, 20277, 28271, 28528, 36283, 24182, 28150, 40856, 40965, 20192, 48910, 6539, 10889, 49824, 30300, 27739, 36213, 31147, 13128, 5468, 1090, 43631, 11160, 401, 32270, 25246, 30433, 25495, 31363, 14207, 38372, 33631, 23118, 32242, 6918, 1693, 30304, 19543, 31770, 20028, 41053, 34903, 5410, 11565, 30801, 22781, 19262, 38870, 2972, 46742, 39285, 23131, 24367, 1007, 41813)","(1, 0, 0, 0, 1, 1, 0, 1, 1, 1, 1, 0, 1, 1, 1, 1, 1, 1, 0, 0, 1, 1, 0, 1, 1, 1, 0, 0, 0, 1, 1, 1, 0, 0, 0, 0, 1, 1, 1, 0, 0, 1, 0, 0, 1, 0, 0, 0, 0, 1, 1, 1, 1, 1, 0, 0, 1, 1, 1, 1, 0, 1, 1, 0, 1, 1, 1, 1, 1, 1, 1, 0, 0, 1, 1, 1, 0, 1, 0, 1, 1, 0, 1, 0, 1, 0, 0, 0, 0, 1, 1, 1, 1, 0, 1, 1, 1, 0, 0, 0, 1, 1, 0, 0, 1, 1, 0, 0, 0, 1, 1, 0, 0, 0, 1, 0, 0, 1, 1, 1, 1, 1, 1, 1, 0, 1, 0, 1, 1, 0, 1, 0, 0, 0, 0, 0, 0, 1, 0, 1, 0, 0, 0, 1, 1, 0, 1, 0, 1, 0, 1, 1, 0, 0, 1, 0, 1, 1, 0, 0, 1, 1, 0, 1, 0, 1, 0, 1, 1, 0, 1, 0, 1, 1, 1, 0, 0, 0, 0, 1, 1, 0, 1, 0, 1, 0, 0, 1, 1, 0, 0, 0, 0, 1, 0, 0, 0, 1, 1, 0)"
100.643028,200,1159.141694,2,"(46507, 19669, 24379, 29373, 43158, 15520, 21938, 11467, 40745, 17366, 41326, 26668, 20350, 3386, 37575, 20119, 28997, 41732, 33712, 42199, 2529, 49082, 47628, 46817, 22535, 43086, 42622, 2031, 4860, 24962, 14643, 19923, 19356, 22995, 18138, 7475, 22012, 1652, 11530, 4882, 33969, 46548, 3793, 24387, 18290, 18056, 15338, 17198, 12790, 2568, 13515, 22714, 1649, 33161, 27240, 48910, 35945, 42350, 12109, 6881, 34024, 20450, 15115, 11686, 9873, 36062, 32267, 10182, 40708, 21269, 37318, 15606, 28080, 13618, 15603, 33883, 28643, 17279, 48693, 27225, 21924, 5863, 37085, 5584, 41645, 29313, 11099, 10157, 19336, 26937, 34716, 924, 17455, 6885, 36095, 12551, 44801, 31397, 15183, 7836, 42011, 8702, 23675, 6269, 15786, 12355, 14155, 39292, 24645, 34818, 25407, 15693, 24427, 23880, 2229, 39852, 41266, 5956, 13856, 44194, 38215, 42, 47342, 35727, 30154, 10106, 37301, 32060, 47918, 31462, 34741, 42617, 9573, 32728, 13396, 21090, 23928, 28161, 1096, 10194, 31736, 18870, 17620, 14930, 660, 40768, 39626, 15121, 872, 49207, 32485, 5776, 23303, 11614, 11743, 7539, 43706, 7521, 3628, 13076, 19401, 36201, 1879, 42756, 47554, 46200, 46983, 2162, 33933, 29310, 4648, 23062, 27201, 36417, 1164, 40695, 28380, 18286, 48195, 45312, 41728, 31859, 15986, 30346, 2614, 36437, 31014, 37609, 37009, 34849, 16935, 22648, 25408, 48154, 13029, 7572, 47938, 40680, 45907, 4911)","(1, 1, 1, 1, 0, 1, 1, 1, 0, 1, 1, 0, 1, 1, 1, 0, 1, 0, 0, 0, 1, 1, 0, 1, 0, 1, 0, 1, 1, 1, 1, 0, 1, 0, 1, 1, 1, 1, 1, 1, 0, 1, 1, 1, 1, 1, 1, 1, 1, 1, 1, 0, 1, 1, 0, 0, 1, 0, 1, 1, 0, 1, 1, 1, 1, 1, 1, 1, 1, 1, 1, 1, 0, 1, 0, 0, 1, 1, 1, 1, 1, 1, 1, 1, 0, 1, 1, 0, 1, 1, 0, 1, 1, 1, 1, 1, 0, 0, 1, 0, 0, 0, 1, 1, 1, 1, 1, 0, 1, 1, 1, 1, 1, 1, 1, 1, 0, 1, 0, 0, 0, 1, 0, 1, 0, 0, 1, 1, 1, 0, 0, 0, 1, 1, 1, 1, 1, 1, 1, 1, 0, 1, 0, 1, 1, 0, 1, 1, 1, 0, 0, 1, 1, 1, 1, 1, 0, 1, 1, 1, 1, 1, 1, 0, 0, 0, 1, 1, 1, 1, 1, 0, 1, 0, 1, 0, 0, 1, 0, 0, 1, 1, 1, 0, 1, 1, 1, 1, 1, 0, 1, 0, 1, 1, 0, 1, 0, 0, 1, 1)"
25.837751,200,1161.639307,8,"(783, 25821, 1888, 30062, 13795, 11566, 9491, 3701, 15422, 10128, 11749, 20375, 17298, 44981, 46866, 11407, 33785, 9633, 46702, 34987, 24566, 5402, 6105, 46706, 12601, 3930, 24470, 9440, 34341, 44696, 40733, 19987, 17886, 1658, 28010, 12804, 21981, 44416, 27917, 30529, 26524, 20394, 11633, 41471, 12682, 7183, 8259, 2800, 30773, 19716, 11494, 24074, 43315, 44466, 14887, 44325, 15378, 39997, 1066, 19437, 11710, 45288, 31450, 8770, 39507, 39647, 4895, 7664, 11442, 6605, 1184, 29888, 32261, 17652, 3983, 34383, 32619, 46902, 48522, 4687, 14202, 45929, 21165, 41248, 10708, 1012, 37395, 38580, 44568, 3553, 17472, 33862, 40728, 1011, 25033, 1978, 13818, 40078, 35285, 2247, 21185, 16035, 2236, 19567, 45027, 45879, 12640, 5420, 11833, 27891, 34748, 23442, 2533, 22541, 22238, 15406, 10396, 23460, 37263, 46300, 47888, 27088, 29028, 48976, 33998, 48189, 678, 23761, 31553, 13823, 45593, 38276, 45203, 22412, 40643, 19329, 36819, 37959, 14416, 30886, 12718, 8606, 32844, 27833, 37841, 35003, 46821, 42254, 5633, 3078, 27316, 29690, 25484, 1753, 43945, 20848, 29606, 35526, 39163, 21808, 36669, 9407, 40184, 1634, 37669, 676, 1393, 6884, 20862, 18438, 16756, 11419, 35337, 12780, 16570, 38917, 13360, 7246, 32499, 14974, 28078, 38743, 42701, 25752, 21558, 30258, 45836, 15687, 12865, 18273, 39759, 38824, 17609, 40820, 25152, 15062, 37585, 24763, 27284, 46584)","(0, 0, 1, 0, 0, 1, 1, 1, 1, 1, 1, 0, 0, 0, 0, 1, 0, 1, 0, 0, 1, 1, 1, 0, 1, 1, 1, 1, 0, 0, 0, 1, 0, 1, 1, 0, 1, 0, 1, 0, 0, 0, 1, 0, 1, 1, 1, 1, 0, 1, 1, 1, 0, 0, 1, 0, 1, 0, 1, 1, 1, 0, 0, 1, 0, 0, 1, 1, 1, 0, 1, 0, 0, 0, 1, 0, 0, 0, 0, 1, 1, 0, 1, 0, 1, 1, 0, 0, 0, 1, 0, 0, 0, 1, 1, 1, 0, 0, 0, 0, 1, 1, 0, 0, 0, 0, 1, 1, 1, 1, 0, 1, 1, 0, 0, 1, 0, 1, 0, 0, 0, 0, 1, 0, 0, 0, 1, 1, 0, 1, 0, 0, 0, 0, 0, 1, 0, 0, 1, 0, 1, 1, 0, 0, 0, 0, 0, 0, 1, 1, 0, 0, 1, 1, 0, 0, 0, 0, 0, 1, 0, 1, 0, 1, 0, 1, 1, 1, 1, 0, 0, 1, 0, 1, 0, 0, 1, 0, 0, 1, 0, 0, 0, 1, 0, 0, 0, 1, 1, 0, 0, 0, 0, 0, 0, 1, 0, 0, 1, 0)"
59.302737,200,1164.04993,7,"(42283, 20832, 26023, 49564, 444, 25725, 34388, 47496, 29992, 12400, 15780, 12059, 47156, 43700, 20970, 12464, 12405, 15444, 10285, 2148, 34112, 9925, 17253, 32559, 10506, 35059, 12589, 47837, 39560, 36777, 23410, 42115, 16639, 12202, 37083, 18989, 31387, 20643, 9710, 43633, 20682, 30381, 11891, 43383, 44073, 9531, 756, 42368, 1724, 6598, 34307, 31504, 35960, 41380, 46416, 7122, 26194, 8454, 46587, 14832, 14816, 26542, 24001, 4594, 25386, 35435, 1440, 38544, 20661, 26733, 6280, 31678, 7305, 43722, 36526, 14018, 39260, 33218, 5788, 18798, 14431, 42751, 5217, 10915, 19586, 29898, 2937, 24513, 679, 42183, 3654, 14295, 12206, 3349, 7360, 12092, 37918, 28433, 47944, 31182, 13199, 23297, 15540, 15823, 3178, 6673, 572, 20454, 34916, 49629, 10367, 39732, 5877, 21923, 18056, 9565, 7018, 8924, 27271, 18822, 24156, 8436, 23501, 18484, 2732, 18348, 31459, 48588, 37794, 32377, 23428, 31810, 42638, 34796, 46538, 30140, 38421, 17293, 13417, 12241, 10655, 26096, 14090, 28199, 18753, 21446, 40667, 31197, 41966, 27272, 27238, 1706, 9853, 7758, 28733, 361, 12967, 40175, 7167, 43848, 38110, 18370, 15975, 957, 16963, 43496, 37710, 29111, 10916, 47614, 38239, 28110, 36469, 12343, 1097, 33043, 33104, 1284, 4874, 1383, 2524, 7927, 45494, 34007, 25696, 27224, 10421, 44464, 10081, 18991, 38729, 21090, 36417, 45272, 33218, 4010, 41103, 12352, 48304, 43159)","(0, 0, 0, 0, 1, 1, 0, 0, 0, 1, 1, 0, 0, 0, 0, 1, 1, 1, 1, 1, 0, 1, 1, 0, 1, 0, 1, 0, 0, 0, 1, 0, 1, 1, 0, 0, 0, 1, 1, 0, 1, 0, 1, 0, 0, 1, 1, 0, 0, 1, 0, 0, 0, 0, 0, 1, 1, 1, 0, 1, 1, 0, 1, 1, 1, 0, 1, 0, 1, 0, 1, 0, 1, 0, 1, 1, 0, 0, 1, 0, 1, 0, 1, 1, 1, 0, 1, 1, 1, 0, 1, 1, 1, 1, 1, 1, 0, 0, 0, 0, 1, 1, 1, 0, 1, 1, 1, 1, 0, 0, 1, 0, 1, 1, 1, 1, 0, 1, 1, 1, 0, 1, 0, 1, 1, 1, 1, 1, 1, 0, 1, 0, 0, 0, 0, 0, 0, 1, 1, 1, 1, 1, 0, 0, 1, 1, 0, 0, 0, 1, 1, 1, 1, 1, 1, 1, 1, 0, 1, 0, 0, 0, 1, 1, 1, 0, 0, 1, 1, 0, 0, 0, 1, 1, 0, 0, 0, 1, 1, 1, 1, 1, 0, 0, 0, 1, 1, 0, 1, 1, 0, 1, 0, 0, 0, 1, 0, 1, 0, 0)"
84.822874,200,1166.47777,3,"(38781, 2324, 13128, 35986, 16869, 45495, 32927, 22456, 24194, 33426, 36501, 19810, 24165, 9000, 17596, 10261, 37478, 13893, 27181, 16007, 8944, 6488, 26348, 12426, 17967, 38191, 14007, 36204, 18274, 17248, 49363, 13377, 40125, 45384, 13643, 625, 3154, 20392, 10596, 8105, 1243, 17450, 7967, 19239, 10624, 31271, 17053, 48278, 48246, 44335, 32919, 21565, 17417, 25166, 1616, 44604, 5037, 44816, 37920, 3746, 8101, 8152, 36409, 27897, 13462, 38891, 10669, 7574, 10417, 35541, 3558, 49014, 453, 1207, 38221, 26260, 25190, 10623, 46842, 38152, 7579, 42108, 49712, 43296, 28946, 38862, 33304, 17043, 34914, 40436, 46363, 13449, 49595, 5174, 36933, 12933, 26540, 4662, 16336, 26246, 34971, 22349, 41677, 1476, 47913, 29551, 28665, 18558, 36468, 28876, 28111, 12212, 29035, 35448, 32110, 13707, 80, 12823, 18856, 11717, 21368, 5907, 29754, 24957, 34134, 34216, 25536, 11133, 17381, 25725, 10346, 36803, 27777, 21098, 18928, 3873, 46733, 27423, 29554, 32865, 15897, 5302, 10319, 42938, 11136, 22627, 11790, 15747, 195, 13025, 32590, 41008, 48348, 15354, 25859, 14454, 46068, 3313, 21241, 3106, 47889, 11296, 16834, 7978, 37265, 16919, 304, 25385, 41146, 27518, 5499, 6342, 30115, 33037, 27067, 3971, 25641, 39528, 35026, 25960, 14116, 42721, 29060, 21515, 2868, 15931, 47449, 9156, 10015, 15123, 33177, 46025, 9487, 37983, 46628, 27381, 3469, 34254, 27224, 35678)","(0, 1, 1, 1, 1, 0, 0, 0, 1, 0, 0, 1, 1, 1, 0, 1, 1, 0, 1, 1, 1, 0, 1, 0, 1, 0, 1, 1, 1, 1, 0, 1, 0, 0, 0, 1, 0, 1, 1, 1, 1, 1, 1, 1, 1, 1, 0, 0, 0, 0, 0, 0, 0, 0, 1, 0, 1, 0, 0, 1, 1, 1, 1, 1, 1, 1, 1, 1, 1, 1, 1, 1, 1, 1, 1, 1, 1, 1, 0, 0, 1, 0, 1, 0, 1, 1, 1, 1, 0, 0, 1, 1, 0, 1, 1, 1, 1, 1, 1, 1, 0, 0, 1, 1, 0, 1, 1, 0, 1, 1, 1, 1, 1, 0, 0, 0, 1, 1, 0, 1, 1, 1, 1, 1, 0, 0, 1, 1, 1, 1, 1, 1, 1, 1, 1, 1, 1, 0, 0, 1, 1, 1, 1, 0, 1, 0, 1, 1, 1, 1, 0, 0, 0, 1, 0, 1, 0, 1, 0, 1, 0, 1, 0, 1, 0, 1, 1, 1, 0, 0, 1, 0, 1, 1, 1, 1, 0, 0, 1, 1, 1, 0, 0, 1, 1, 1, 0, 1, 1, 1, 0, 0, 1, 0, 1, 1, 1, 0, 1, 1)"
34.912806,200,1168.9859,7,"(3171, 8208, 24627, 31068, 22679, 33954, 760, 45306, 27898, 43102, 14637, 19861, 45363, 36485, 10364, 4733, 23434, 44738, 34262, 49806, 44188, 13199, 22337, 16733, 11639, 48938, 16743, 28999, 41573, 36105, 45049, 11993, 18892, 41110, 4673, 23274, 8021, 26705, 8502, 25757, 43362, 18419, 5821, 3200, 20251, 24050, 29310, 8834, 9407, 35417, 41915, 47539, 1648, 18890, 35042, 1862, 13015, 24353, 25942, 21864, 48679, 10794, 2508, 39986, 38738, 33021, 2440, 7418, 8329, 713, 29345, 9774, 32029, 13099, 10023, 42014, 20850, 23196, 35717, 15207, 5079, 7984, 29716, 44378, 43527, 40257, 111, 30788, 1884, 42640, 28661, 23599, 20355, 32661, 13770, 47388, 19830, 34972, 31784, 43457, 33017, 10609, 45794, 28490, 2883, 43625, 20454, 21525, 4708, 4061, 23635, 25069, 2484, 19112, 23090, 14131, 12482, 45253, 41940, 26306, 29778, 13766, 11113, 27056, 45790, 39878, 46887, 12947, 49419, 35612, 22491, 18402, 46786, 18152, 45569, 20737, 8628, 29943, 20296, 31670, 49758, 10942, 33723, 19712, 16696, 1014, 10200, 42944, 1413, 30726, 20934, 28063, 47170, 26456, 6580, 2811, 1058, 2316, 11848, 15961, 7875, 14674, 17969, 20344, 44804, 42232, 32354, 15983, 10195, 43705, 40952, 40791, 11362, 16414, 37651, 18139, 17791, 4247, 5530, 11457, 43354, 46114, 1730, 39345, 39340, 25497, 24332, 1086, 40863, 3905, 33404, 19457, 27263, 2748, 31872, 27019, 19953, 48304, 12178, 35589)","(1, 1, 0, 0, 0, 0, 1, 0, 1, 0, 1, 0, 0, 1, 1, 1, 1, 0, 0, 0, 0, 1, 0, 1, 1, 0, 1, 1, 0, 0, 0, 1, 0, 0, 1, 0, 1, 1, 1, 0, 0, 0, 1, 1, 1, 1, 1, 1, 1, 0, 0, 0, 1, 0, 0, 1, 1, 1, 0, 1, 0, 1, 0, 0, 0, 0, 1, 1, 1, 1, 1, 1, 0, 1, 1, 0, 1, 0, 1, 0, 1, 1, 0, 0, 0, 0, 1, 0, 1, 0, 1, 1, 0, 0, 0, 0, 1, 0, 0, 0, 0, 1, 0, 1, 1, 0, 1, 1, 0, 1, 1, 1, 1, 1, 0, 1, 1, 0, 0, 1, 1, 0, 1, 0, 0, 0, 0, 1, 0, 1, 0, 1, 0, 1, 0, 1, 1, 0, 1, 0, 0, 1, 0, 1, 1, 1, 1, 0, 0, 0, 1, 1, 0, 1, 1, 1, 1, 1, 1, 1, 1, 1, 1, 1, 0, 0, 0, 1, 1, 0, 0, 0, 1, 0, 0, 0, 0, 1, 1, 1, 0, 0, 1, 0, 0, 0, 1, 1, 0, 0, 0, 1, 0, 1, 0, 1, 0, 0, 1, 1)"
43.852794,200,1171.523153,8,"(29729, 4675, 20714, 287, 15079, 39491, 38350, 31794, 16580, 42976, 46536, 1742, 38961, 25030, 5236, 4315, 41627, 14823, 3556, 46785, 10223, 11174, 19084, 7938, 87, 6932, 34840, 18084, 15016, 24362, 19792, 47531, 49604, 13311, 38417, 27009, 9338, 35799, 4390, 47569, 25140, 18199, 9127, 25725, 35990, 29533, 22923, 32199, 2749, 24506, 5429, 47912, 32738, 39289, 1404, 33958, 21365, 29398, 18947, 16804, 34289, 7939, 29736, 6276, 16985, 25254, 31624, 21062, 1726, 20896, 16808, 20061, 35325, 49265, 11802, 9368, 16813, 8772, 49109, 42961, 32884, 22164, 41901, 18848, 33748, 6916, 21173, 6850, 21006, 41288, 40946, 29624, 25971, 48528, 4506, 43058, 18617, 7530, 39950, 28759, 40073, 21355, 24899, 20754, 15148, 611, 42633, 37249, 34042, 13740, 6262, 18127, 16998, 13476, 3097, 4491, 30200, 36814, 11932, 44661, 3013, 29098, 46093, 9449, 33882, 11907, 8936, 21343, 15292, 49896, 28500, 38883, 49714, 8699, 19721, 28217, 42321, 29800, 24896, 2465, 1157, 10494, 29552, 24080, 45002, 33533, 48463, 2081, 21486, 23879, 14173, 24196, 39209, 5599, 31352, 4675, 2478, 16651, 25288, 32163, 28758, 35229, 24671, 46306, 8625, 10148, 573, 44399, 7661, 26785, 15436, 28684, 5013, 40031, 46123, 29889, 26715, 40169, 21313, 41900, 4425, 173, 23984, 18488, 40534, 24515, 48014, 37285, 36282, 49369, 4363, 2630, 18326, 2527, 33329, 33596, 36087, 18374, 7851, 1930)","(0, 1, 1, 1, 1, 0, 0, 0, 1, 0, 0, 1, 0, 1, 1, 1, 0, 1, 1, 0, 1, 1, 1, 1, 1, 1, 0, 0, 1, 0, 1, 0, 0, 1, 0, 0, 1, 0, 1, 0, 1, 0, 1, 1, 0, 0, 0, 0, 1, 1, 1, 0, 0, 0, 0, 0, 1, 0, 0, 1, 1, 1, 0, 1, 1, 1, 0, 1, 1, 1, 1, 1, 0, 0, 1, 1, 1, 1, 0, 0, 0, 1, 0, 0, 0, 1, 1, 1, 0, 0, 0, 0, 0, 0, 1, 0, 0, 1, 0, 1, 0, 1, 0, 1, 1, 1, 0, 0, 0, 0, 0, 0, 1, 1, 1, 1, 0, 0, 1, 0, 1, 1, 0, 1, 0, 1, 1, 0, 1, 0, 0, 0, 0, 0, 1, 0, 0, 0, 0, 0, 1, 1, 0, 1, 0, 0, 0, 1, 1, 1, 1, 1, 0, 1, 1, 0, 0, 1, 1, 0, 0, 0, 1, 0, 1, 1, 1, 0, 1, 1, 1, 1, 0, 0, 0, 0, 0, 0, 1, 0, 1, 1, 1, 0, 0, 0, 0, 0, 0, 0, 1, 1, 0, 1, 0, 0, 0, 0, 1, 1)"
86.131281,200,1174.023103,1,"(9540, 11448, 4722, 14368, 20104, 20818, 26235, 45, 20209, 23506, 40620, 9540, 37317, 11920, 25900, 10817, 34809, 14118, 2873, 10246, 47461, 11905, 40358, 6061, 26084, 5511, 13011, 31175, 6749, 31991, 30581, 19935, 33716, 35540, 26765, 19681, 22953, 40700, 528, 42947, 25684, 828, 10221, 4895, 4590, 3174, 8871, 18078, 3516, 13480, 3148, 932, 40441, 26010, 11080, 13765, 40746, 47589, 18187, 41278, 3176, 41199, 23972, 47928, 33377, 26816, 32471, 1059, 13934, 12639, 36255, 18541, 14603, 27123, 791, 20861, 1085, 24540, 25277, 7780, 30973, 1065, 43197, 20183, 33354, 18418, 27144, 5437, 20383, 7086, 17373, 25604, 32525, 41827, 43861, 2188, 13585, 22056, 35851, 17085, 37372, 12542, 32481, 2751, 29251, 14360, 10387, 46403, 6750, 45342, 2767, 7311, 26528, 21322, 43017, 47689, 33869, 18320, 6108, 8664, 41131, 15918, 44793, 46658, 4820, 7278, 18916, 24705, 17383, 49578, 16923, 45187, 17644, 24819, 4073, 12752, 38904, 6857, 16793, 22636, 47386, 32592, 33747, 45903, 7136, 22067, 1069, 5753, 3363, 11113, 18976, 38978, 6778, 27095, 22388, 3277, 16854, 21678, 28914, 42241, 11681, 11725, 6748, 37995, 34236, 17652, 49223, 33108, 46484, 42283, 22136, 21409, 6517, 13667, 17348, 28220, 8274, 44411, 19680, 44317, 239, 36455, 33115, 37044, 19715, 23058, 25820, 44845, 32319, 13631, 30901, 35188, 34885, 17064, 38175, 44489, 37559, 8898, 27059, 49546)","(1, 1, 1, 1, 1, 1, 0, 1, 1, 1, 0, 0, 1, 1, 1, 1, 0, 0, 1, 1, 1, 1, 0, 0, 1, 1, 1, 1, 1, 1, 0, 1, 1, 1, 0, 1, 0, 0, 1, 1, 1, 1, 1, 1, 1, 1, 1, 1, 1, 1, 1, 1, 0, 0, 1, 0, 1, 0, 1, 0, 1, 0, 1, 0, 0, 0, 1, 1, 1, 1, 0, 0, 1, 1, 1, 1, 1, 1, 0, 1, 0, 1, 0, 1, 0, 1, 1, 1, 0, 1, 1, 0, 0, 0, 0, 1, 1, 1, 0, 1, 1, 1, 1, 1, 1, 1, 1, 0, 1, 0, 1, 1, 1, 1, 0, 1, 0, 1, 1, 1, 0, 1, 0, 1, 1, 1, 0, 1, 1, 0, 1, 0, 1, 1, 1, 1, 0, 1, 0, 0, 1, 1, 1, 1, 1, 0, 1, 1, 0, 1, 1, 0, 1, 0, 0, 0, 0, 1, 1, 1, 1, 0, 1, 0, 0, 1, 0, 0, 1, 0, 1, 1, 1, 1, 0, 0, 1, 0, 1, 0, 1, 1, 0, 0, 1, 0, 0, 0, 1, 1, 0, 0, 0, 1, 0, 0, 1, 1, 1, 0)"
50.653276,200,1176.478529,7,"(11644, 20487, 9357, 18495, 41359, 6866, 3217, 23391, 45862, 42585, 24977, 18008, 48916, 17184, 575, 47715, 24801, 11303, 46592, 36526, 48082, 42092, 12979, 49056, 14794, 9193, 39501, 49026, 34521, 43154, 11084, 15344, 27488, 38738, 11044, 2921, 46940, 7334, 32210, 37169, 27193, 19974, 5432, 26824, 21929, 47587, 32120, 7212, 778, 48537, 30510, 31170, 49212, 33365, 3812, 30039, 15545, 6480, 22764, 17642, 19889, 47829, 1199, 29646, 45915, 7253, 31390, 8991, 20635, 29045, 27484, 616, 23300, 13694, 9534, 13378, 35643, 17218, 1, 21562, 13051, 11085, 10044, 35061, 46579, 47074, 7793, 40534, 24812, 2742, 11168, 45507, 49878, 23070, 539, 28942, 13566, 23034, 24972, 17466, 42858, 25838, 31559, 9313, 8692, 10941, 42406, 30216, 33016, 13992, 451, 24597, 47870, 4704, 4580, 30899, 29219, 5646, 41039, 4198, 46627, 21377, 46427, 18581, 35284, 27856, 23084, 31071, 6086, 36837, 19504, 38008, 11118, 16367, 6242, 37878, 24639, 47081, 33149, 931, 6346, 6137, 35069, 45139, 33890, 2965, 9726, 17113, 42987, 34373, 5596, 46137, 46032, 32618, 8135, 23221, 46381, 37900, 1491, 8489, 28728, 39262, 46190, 31622, 21467, 4002, 26639, 31560, 13939, 4049, 47442, 10035, 32904, 2233, 30260, 3555, 40012, 42338, 47017, 28253, 35536, 8103, 3502, 23382, 3603, 29712, 18773, 49128, 28940, 2855, 7650, 8999, 23632, 35532, 16549, 13267, 3369, 8171, 28186, 34397)","(1, 1, 1, 1, 0, 1, 1, 1, 0, 0, 1, 1, 0, 1, 1, 0, 1, 1, 0, 1, 0, 0, 1, 0, 1, 1, 0, 1, 0, 0, 1, 1, 0, 0, 1, 1, 0, 1, 0, 1, 1, 1, 1, 1, 0, 0, 0, 0, 1, 0, 0, 0, 0, 0, 1, 0, 1, 0, 0, 1, 0, 0, 1, 0, 0, 1, 1, 1, 1, 0, 0, 1, 1, 0, 1, 1, 1, 1, 1, 1, 1, 1, 1, 0, 0, 0, 1, 0, 0, 1, 1, 0, 0, 0, 1, 1, 1, 0, 1, 1, 0, 0, 0, 1, 1, 1, 0, 0, 0, 1, 1, 1, 0, 1, 1, 0, 1, 1, 0, 1, 0, 1, 0, 0, 0, 1, 0, 1, 1, 1, 0, 0, 1, 1, 1, 0, 1, 0, 0, 1, 0, 1, 0, 0, 0, 1, 1, 0, 0, 0, 1, 0, 0, 0, 1, 0, 0, 0, 1, 1, 1, 0, 0, 0, 1, 1, 1, 0, 1, 1, 0, 1, 0, 1, 0, 1, 0, 0, 0, 0, 0, 1, 1, 0, 0, 0, 0, 0, 1, 1, 1, 1, 1, 1, 1, 1, 1, 1, 0, 0)"
83.40996,200,1178.943831,0,"(15925, 7053, 31601, 37643, 1490, 14536, 39327, 17814, 31658, 44935, 49186, 19197, 49302, 8205, 21433, 11657, 45511, 29279, 30991, 41219, 11198, 29304, 9790, 7863, 27047, 24775, 34345, 29286, 19125, 37453, 21261, 36130, 34021, 12444, 43002, 33948, 48798, 1901, 34225, 25762, 37258, 44276, 20241, 48348, 23965, 9463, 463, 25465, 4115, 33322, 19780, 25077, 7456, 10357, 19145, 3779, 19106, 1370, 17104, 43149, 20271, 48857, 5413, 34288, 34925, 15437, 2217, 30832, 41881, 9723, 41617, 48367, 49948, 37571, 6530, 34264, 14864, 27750, 2936, 42277, 27089, 19751, 33716, 18021, 20259, 44284, 36779, 11346, 4087, 1975, 3623, 15127, 39792, 4452, 39848, 17163, 46682, 32595, 10385, 37540, 29308, 28201, 6241, 33642, 21571, 25142, 29586, 23921, 9516, 324, 8300, 34423, 12292, 46338, 8089, 37686, 24194, 18306, 43381, 44783, 33921, 28211, 27277, 29920, 44671, 44259, 30891, 49047, 13459, 15093, 989, 44860, 12372, 9398, 40213, 7736, 42361, 13423, 10954, 14015, 19909, 1904, 12759, 25389, 78, 20142, 13846, 47040, 12831, 34534, 656, 10802, 43417, 26286, 4671, 10, 12789, 42409, 15656, 17335, 25740, 44364, 2623, 17349, 5286, 9542, 22486, 35438, 22227, 47392, 6763, 6333, 15294, 35525, 14920, 39529, 1224, 35895, 20468, 15926, 21747, 13086, 10216, 13527, 5556, 21622, 16190, 5872, 23999, 6459, 24260, 9189, 32931, 28318, 48319, 45913, 49437, 34018, 14034, 15982)","(1, 1, 1, 0, 1, 1, 0, 0, 1, 0, 0, 1, 0, 1, 1, 1, 0, 1, 0, 0, 1, 1, 1, 1, 1, 0, 1, 0, 1, 1, 0, 1, 1, 0, 0, 1, 1, 1, 0, 0, 0, 0, 1, 1, 1, 1, 1, 1, 1, 0, 1, 0, 1, 1, 1, 1, 1, 1, 0, 0, 1, 0, 1, 1, 0, 1, 1, 0, 0, 1, 0, 0, 0, 1, 0, 0, 0, 0, 1, 0, 1, 1, 1, 0, 1, 0, 0, 0, 0, 1, 1, 1, 1, 1, 0, 0, 0, 0, 1, 0, 1, 0, 1, 0, 1, 1, 0, 1, 1, 1, 1, 0, 1, 0, 1, 1, 1, 1, 0, 0, 0, 0, 1, 0, 0, 0, 0, 1, 1, 1, 1, 0, 1, 1, 1, 1, 0, 1, 1, 1, 1, 1, 1, 1, 1, 0, 1, 1, 1, 0, 1, 1, 0, 1, 1, 1, 1, 0, 1, 0, 0, 0, 1, 0, 1, 1, 0, 0, 0, 1, 1, 1, 1, 1, 0, 0, 0, 0, 0, 1, 0, 1, 1, 1, 1, 1, 0, 1, 0, 0, 0, 1, 0, 0, 0, 1, 0, 0, 1, 1)"
80.128171,200,1181.356465,4,"(24814, 2291, 11597, 6532, 13535, 33379, 45694, 14045, 37170, 2117, 11611, 12047, 23464, 13975, 10410, 17166, 43694, 1550, 32161, 1163, 20092, 560, 30514, 36723, 34909, 2569, 23227, 46834, 28935, 25139, 39634, 1087, 4702, 45856, 29399, 10189, 16858, 44924, 32051, 40342, 11031, 28454, 34381, 18814, 30309, 15665, 14175, 7726, 26488, 7854, 40002, 26989, 10515, 42755, 28477, 10542, 43080, 42472, 50014, 30740, 42657, 46181, 23093, 12509, 22427, 38849, 8724, 21768, 33278, 3602, 11532, 12025, 1388, 5382, 39890, 4224, 2949, 3899, 44441, 28532, 15500, 37410, 30013, 12550, 28769, 6295, 36039, 3592, 20818, 45313, 48609, 42381, 4013, 47610, 40175, 15458, 24079, 3068, 31569, 37403, 35623, 37814, 1009, 26145, 19589, 39497, 24889, 16000, 15557, 1052, 41094, 39858, 7488, 30282, 31105, 8755, 23324, 43377, 9944, 46574, 978, 10262, 5983, 46234, 18803, 17801, 18868, 25254, 44229, 28643, 28540, 49473, 6627, 27489, 9685, 42781, 26767, 16546, 25233, 8112, 33816, 17657, 49384, 8631, 8709, 23808, 1781, 5043, 47022, 49225, 22736, 47380, 3520, 26533, 42502, 31666, 36546, 8637, 3905, 21435, 29683, 32580, 26178, 32022, 9348, 30947, 15685, 26759, 47945, 48088, 13639, 46868, 31849, 10810, 47751, 36452, 2571, 17882, 14431, 40761, 28314, 12288, 44077, 3799, 11599, 37843, 28262, 41191, 452, 19646, 23696, 40232, 39920, 25412, 17206, 33473, 35176, 35176, 47226, 49005)","(0, 1, 1, 1, 1, 1, 0, 1, 0, 1, 1, 1, 1, 1, 1, 1, 0, 1, 0, 1, 1, 1, 0, 0, 1, 1, 0, 0, 1, 1, 0, 1, 1, 0, 1, 1, 0, 0, 1, 1, 1, 0, 0, 1, 0, 1, 1, 1, 1, 1, 0, 1, 0, 1, 1, 1, 1, 0, 0, 0, 1, 1, 0, 1, 0, 1, 0, 1, 0, 1, 1, 1, 1, 1, 0, 1, 1, 0, 0, 0, 1, 1, 0, 1, 1, 1, 1, 1, 1, 0, 1, 0, 1, 0, 0, 1, 1, 1, 1, 1, 1, 0, 1, 1, 1, 0, 1, 1, 1, 1, 0, 0, 1, 0, 1, 1, 1, 0, 1, 0, 1, 1, 0, 0, 1, 1, 1, 1, 0, 1, 1, 1, 1, 0, 1, 0, 0, 1, 1, 1, 1, 1, 0, 1, 0, 0, 1, 0, 0, 0, 0, 0, 1, 0, 0, 1, 0, 1, 0, 1, 0, 0, 1, 1, 1, 0, 1, 0, 0, 0, 1, 0, 1, 1, 1, 0, 1, 1, 1, 0, 0, 1, 0, 1, 1, 0, 0, 0, 1, 1, 1, 0, 0, 1, 1, 0, 0, 0, 0, 0)"
66.383327,200,1192.32184,3,"(8113, 35952, 36287, 756, 8464, 26384, 7184, 34402, 45541, 27678, 33172, 33568, 47167, 31321, 29195, 19119, 36989, 42413, 48293, 2793, 5292, 8181, 11103, 13562, 20614, 3446, 47736, 24081, 25037, 19775, 37226, 48896, 38109, 16842, 3927, 31965, 20459, 16513, 10450, 35509, 844, 19239, 24689, 30126, 14600, 36165, 43770, 34427, 36882, 3669, 8350, 5475, 23104, 28915, 14505, 43527, 37611, 4388, 29071, 40512, 20213, 21160, 37497, 45586, 14714, 17848, 22143, 35230, 37839, 32926, 26983, 22080, 49031, 37450, 44439, 40427, 8320, 37298, 34219, 49494, 5202, 46456, 25479, 56, 44718, 4283, 7341, 27702, 1610, 6476, 16485, 22797, 2828, 13050, 45469, 27394, 4286, 13506, 16103, 48153, 3447, 34213, 35006, 1847, 27428, 11997, 25977, 31635, 23256, 12491, 3669, 6585, 23458, 1402, 41907, 12714, 21827, 31737, 7465, 368, 40183, 41662, 28886, 16264, 32826, 42086, 14088, 11814, 9361, 18885, 41359, 12959, 13703, 35607, 36385, 46570, 10580, 29128, 34805, 4872, 35631, 7654, 31288, 43219, 8454, 10028, 3459, 24617, 26898, 1554, 17493, 19095, 31733, 3248, 16401, 4038, 18521, 21045, 42922, 34282, 43404, 43644, 44955, 25971, 42979, 36041, 6522, 26140, 49635, 6229, 30898, 25407, 32457, 34635, 6250, 36773, 21578, 2805, 13176, 30903, 42524, 15162, 32183, 43740, 38590, 31817, 27576, 11959, 10182, 33661, 37755, 15060, 5544, 24171, 44933, 35193, 33023, 39873, 43334, 43533)","(1, 1, 1, 1, 1, 1, 1, 0, 0, 0, 0, 0, 0, 1, 1, 1, 0, 0, 0, 1, 1, 1, 1, 1, 1, 1, 0, 0, 1, 1, 1, 0, 0, 1, 1, 1, 1, 1, 1, 1, 1, 1, 1, 1, 1, 0, 0, 0, 1, 0, 0, 1, 0, 1, 1, 0, 1, 1, 1, 0, 0, 1, 1, 0, 1, 0, 1, 0, 0, 0, 0, 1, 1, 1, 0, 0, 1, 1, 0, 1, 1, 0, 0, 1, 0, 1, 1, 0, 1, 1, 1, 0, 1, 1, 0, 0, 1, 1, 1, 0, 1, 0, 0, 1, 0, 1, 1, 1, 0, 1, 0, 0, 1, 1, 0, 1, 1, 0, 1, 1, 0, 0, 1, 1, 0, 0, 0, 1, 1, 1, 0, 1, 0, 0, 1, 1, 1, 1, 0, 0, 0, 1, 1, 0, 1, 1, 1, 1, 0, 1, 1, 0, 0, 1, 1, 1, 1, 1, 0, 1, 0, 0, 1, 1, 0, 0, 1, 1, 0, 1, 0, 1, 0, 0, 1, 0, 1, 1, 1, 0, 0, 1, 0, 0, 1, 1, 0, 1, 1, 0, 1, 0, 1, 1, 0, 0, 0, 0, 0, 0)"
94.630676,200,1195.565374,5,"(45513, 33375, 4248, 42330, 26190, 30716, 10873, 46810, 34266, 38589, 39138, 512, 31579, 35981, 31596, 38444, 18562, 39965, 48188, 6590, 46614, 44476, 24906, 31037, 20170, 34760, 18474, 14650, 7262, 25200, 23683, 19115, 24510, 24142, 20143, 9266, 11881, 27664, 45855, 48935, 9271, 38108, 40805, 2197, 10132, 17023, 14708, 29958, 47067, 34438, 44584, 38728, 34993, 6223, 6088, 1884, 29211, 3474, 9819, 41690, 32293, 18197, 4503, 43280, 25933, 32229, 33854, 48226, 21575, 16696, 5797, 26718, 16556, 12563, 27593, 1456, 24175, 34337, 25785, 12119, 27015, 2343, 21089, 18169, 33795, 10222, 21885, 35614, 26194, 7329, 2890, 23956, 1439, 34730, 2045, 48685, 45057, 40989, 8362, 21246, 9682, 24392, 24358, 29548, 5176, 6237, 42001, 47458, 7499, 38370, 12981, 5114, 36758, 8919, 41238, 43754, 5822, 39454, 1196, 2718, 22651, 40392, 29429, 23803, 16941, 21537, 40723, 13254, 1294, 805, 43718, 18330, 24505, 20201, 1141, 15052, 13483, 37264, 7620, 10606, 38288, 22970, 31097, 22395, 856, 13707, 22323, 25571, 12969, 27073, 30989, 16812, 15109, 49853, 32558, 47014, 44043, 7760, 49710, 32464, 30959, 49542, 13031, 47676, 6876, 49572, 15593, 9461, 44644, 25413, 38910, 16507, 29692, 2505, 40622, 4986, 34298, 26663, 46414, 41929, 6575, 43393, 24475, 12788, 36885, 34980, 14327, 32864, 33092, 38309, 3719, 31799, 31884, 41787, 29174, 9790, 26307, 43503, 32587, 19572)","(0, 1, 1, 0, 1, 0, 1, 0, 0, 0, 1, 1, 1, 0, 0, 0, 1, 0, 0, 1, 1, 0, 0, 1, 0, 0, 1, 1, 1, 0, 1, 1, 1, 0, 1, 1, 1, 1, 1, 0, 1, 0, 0, 1, 1, 1, 1, 0, 1, 0, 0, 1, 0, 1, 1, 1, 1, 1, 1, 1, 1, 1, 1, 0, 1, 0, 1, 0, 0, 1, 1, 0, 1, 1, 1, 1, 1, 1, 0, 1, 1, 1, 1, 0, 0, 1, 0, 1, 1, 1, 1, 1, 1, 1, 1, 1, 0, 0, 1, 1, 1, 0, 1, 0, 1, 1, 1, 0, 1, 1, 1, 1, 0, 1, 0, 0, 1, 0, 1, 1, 0, 0, 0, 1, 1, 1, 0, 0, 1, 1, 0, 0, 1, 1, 1, 1, 1, 0, 1, 1, 1, 0, 0, 0, 1, 0, 0, 1, 1, 1, 1, 1, 1, 0, 0, 0, 0, 1, 1, 0, 0, 1, 1, 1, 1, 1, 1, 1, 0, 1, 1, 1, 0, 1, 1, 1, 1, 1, 1, 0, 1, 0, 1, 1, 1, 0, 1, 0, 0, 1, 1, 0, 0, 1, 0, 1, 1, 0, 1, 1)"
94.921562,200,1198.269394,5,"(33413, 30727, 30589, 23490, 34350, 10310, 7271, 7492, 38548, 11729, 40466, 30422, 2327, 48111, 21469, 39781, 37582, 48111, 839, 49419, 24929, 42640, 10556, 46076, 8830, 48832, 19473, 45160, 38575, 14550, 4041, 40465, 28542, 16874, 7301, 3637, 37521, 30187, 43860, 6929, 35813, 48560, 14842, 39829, 9429, 40026, 46392, 16071, 42903, 42686, 8920, 15360, 11066, 13193, 22953, 38120, 47463, 9297, 14248, 47970, 2041, 35228, 48934, 10363, 18992, 46409, 9442, 22667, 33746, 21247, 38835, 33244, 42214, 12548, 31936, 14484, 8758, 27255, 13593, 7120, 35310, 10260, 41491, 6308, 49736, 17131, 42336, 29763, 41508, 46444, 12109, 48307, 18189, 25732, 32515, 46844, 10358, 7941, 41817, 11977, 31807, 39517, 19783, 6687, 5440, 9281, 49864, 12606, 14435, 748, 37971, 5454, 17551, 24591, 22826, 41956, 35490, 26186, 30559, 16057, 11005, 41525, 3578, 2635, 6117, 22211, 36555, 29699, 11371, 1600, 49064, 42381, 15414, 27885, 13779, 4061, 3964, 36578, 33506, 19453, 6022, 40486, 12728, 19283, 5176, 3314, 5294, 26625, 28121, 5621, 31314, 17278, 39552, 19313, 25777, 42226, 40771, 5699, 17209, 20519, 9300, 24606, 15445, 1555, 10200, 46876, 33175, 35403, 33745, 15238, 32679, 2628, 39543, 15999, 17679, 28960, 36577, 41359, 16449, 39735, 17868, 29755, 33833, 11809, 40301, 4460, 2205, 3995, 8638, 5530, 27848, 5482, 41798, 42240, 6683, 3607, 11399, 29316, 45578, 46991)","(1, 0, 0, 1, 0, 1, 0, 1, 0, 1, 0, 0, 1, 0, 1, 0, 1, 0, 1, 0, 1, 0, 1, 0, 1, 0, 1, 1, 0, 1, 1, 1, 0, 1, 1, 1, 1, 0, 0, 1, 0, 0, 0, 0, 1, 1, 0, 1, 0, 0, 1, 1, 1, 1, 0, 1, 1, 1, 1, 1, 1, 0, 1, 1, 1, 0, 1, 0, 0, 1, 1, 1, 0, 1, 1, 1, 1, 1, 1, 1, 0, 1, 0, 1, 0, 1, 0, 1, 1, 1, 1, 0, 0, 0, 1, 0, 1, 1, 0, 1, 0, 0, 0, 1, 1, 1, 0, 1, 1, 1, 1, 1, 0, 1, 0, 1, 0, 1, 0, 1, 1, 0, 1, 1, 1, 0, 0, 0, 0, 1, 0, 0, 0, 0, 0, 1, 1, 0, 0, 1, 1, 0, 1, 0, 1, 0, 1, 1, 1, 1, 1, 0, 0, 1, 0, 1, 0, 1, 0, 1, 1, 1, 1, 1, 1, 1, 1, 0, 0, 1, 1, 0, 1, 1, 1, 0, 0, 0, 1, 0, 1, 0, 0, 1, 0, 1, 1, 1, 1, 1, 1, 1, 1, 1, 1, 1, 1, 1, 0, 0)"
58.255407,200,1201.22737,3,"(44313, 16501, 12396, 21114, 34384, 43219, 22738, 32367, 46901, 6508, 27854, 43481, 33592, 36834, 10839, 44848, 40487, 19586, 2695, 17392, 11169, 30995, 45118, 36562, 37674, 40528, 18527, 44919, 23347, 17502, 42975, 1860, 18197, 34566, 35639, 44412, 48455, 33822, 36511, 32983, 46416, 27893, 14812, 18277, 9886, 11973, 37505, 26837, 45189, 25663, 42131, 18812, 29726, 20760, 8362, 5307, 6873, 24301, 12641, 46421, 26331, 17247, 36090, 15181, 49424, 48850, 40159, 30173, 28576, 28595, 29498, 22821, 2227, 36174, 41327, 49709, 11200, 23162, 17353, 37870, 36240, 24109, 5869, 32387, 18798, 19512, 20786, 3946, 22504, 49173, 30958, 30472, 14187, 34296, 7102, 13571, 3344, 40517, 30033, 20515, 10273, 32422, 45846, 33745, 39793, 33304, 11469, 47283, 45714, 18226, 43053, 38054, 14442, 20465, 20331, 25842, 2944, 13557, 4705, 47902, 42959, 5499, 10063, 44636, 38660, 41861, 46241, 40242, 38700, 38285, 20013, 24110, 5417, 12498, 23733, 45905, 47395, 7615, 24986, 3174, 48057, 47021, 39603, 34398, 31921, 21274, 23106, 3066, 20265, 36832, 17943, 15511, 9871, 10046, 22059, 25675, 31583, 4925, 19503, 48318, 2248, 15437, 24798, 14472, 9647, 49526, 28604, 26700, 12840, 49649, 35905, 19148, 11374, 995, 45981, 15842, 17860, 34975, 18399, 18923, 28417, 46531, 43661, 49577, 33015, 12869, 38796, 31303, 30114, 10693, 32357, 28120, 13200, 1186, 5888, 30478, 29320, 8086, 48189, 11158)","(0, 1, 1, 1, 0, 0, 0, 0, 0, 1, 1, 0, 1, 0, 1, 0, 0, 1, 1, 0, 1, 1, 0, 1, 1, 0, 1, 0, 1, 1, 0, 1, 1, 0, 1, 0, 0, 0, 0, 1, 1, 1, 1, 0, 1, 1, 0, 1, 0, 1, 1, 1, 1, 1, 1, 1, 1, 0, 1, 1, 0, 1, 0, 1, 1, 1, 1, 0, 0, 1, 0, 0, 1, 1, 0, 0, 1, 0, 0, 0, 0, 0, 1, 0, 0, 1, 1, 1, 0, 0, 0, 0, 1, 1, 1, 1, 1, 0, 0, 0, 1, 0, 0, 0, 1, 1, 1, 1, 0, 1, 0, 0, 1, 0, 1, 0, 1, 1, 1, 0, 0, 1, 1, 0, 0, 1, 0, 0, 0, 1, 1, 0, 1, 1, 1, 0, 0, 1, 1, 1, 0, 1, 0, 0, 1, 1, 0, 1, 1, 1, 0, 1, 1, 1, 0, 0, 1, 1, 1, 0, 1, 1, 0, 1, 1, 0, 1, 1, 1, 0, 1, 1, 1, 1, 0, 1, 0, 0, 1, 1, 0, 0, 0, 0, 1, 1, 0, 1, 1, 0, 0, 1, 1, 1, 1, 0, 1, 1, 0, 1)"
78.166732,200,1204.202342,1,"(2605, 40602, 9451, 214, 10085, 28479, 27953, 36463, 4653, 28251, 49186, 34061, 28240, 8817, 4446, 49929, 43708, 16373, 13888, 3654, 3813, 35740, 32442, 43462, 23880, 24167, 5547, 21613, 40820, 48197, 5943, 48679, 15115, 6874, 41911, 47842, 13884, 10678, 47272, 46183, 6590, 25273, 41348, 6832, 24131, 12569, 13427, 19900, 40485, 35648, 34586, 44433, 27446, 48726, 41652, 8394, 42236, 22715, 4389, 45928, 10373, 20675, 33951, 46995, 37454, 23178, 18733, 37198, 45953, 37716, 40049, 13838, 25156, 1520, 13465, 49671, 27421, 39520, 13629, 49631, 1580, 43139, 17354, 24006, 13604, 47072, 10991, 39432, 11618, 39887, 33324, 10254, 5833, 11152, 11989, 31468, 38923, 5853, 14364, 49856, 33626, 5914, 3489, 48897, 22222, 22061, 34145, 12824, 25673, 37062, 40914, 16467, 17753, 12177, 21959, 4215, 48796, 11918, 18470, 22264, 10806, 19546, 25250, 48492, 23682, 2981, 22995, 40661, 36491, 16787, 22635, 40136, 22776, 41375, 18323, 6700, 13105, 4699, 26149, 3377, 12184, 39849, 372, 43180, 32472, 17628, 2865, 24334, 14318, 21263, 22438, 15004, 1583, 8984, 32405, 18995, 106, 33891, 42454, 38171, 45755, 47805, 34179, 10344, 3979, 29240, 13842, 13655, 6628, 38891, 1785, 46226, 26413, 26569, 41364, 5117, 39993, 2066, 42211, 38658, 40815, 49821, 32849, 19220, 15723, 37625, 26908, 6353, 1774, 27296, 45859, 35282, 15973, 10118, 1058, 11959, 31241, 42717, 15012, 35026)","(0, 0, 1, 1, 1, 1, 1, 0, 1, 0, 0, 1, 0, 1, 1, 0, 0, 0, 1, 1, 1, 1, 1, 0, 1, 1, 0, 1, 1, 1, 1, 1, 1, 1, 0, 0, 1, 1, 0, 1, 1, 0, 1, 1, 0, 1, 1, 0, 1, 1, 0, 0, 0, 1, 1, 1, 1, 0, 1, 1, 1, 1, 1, 0, 1, 0, 1, 1, 0, 1, 0, 1, 1, 1, 1, 0, 1, 1, 1, 0, 1, 0, 1, 1, 0, 1, 1, 1, 1, 0, 1, 1, 1, 1, 1, 0, 0, 1, 1, 0, 1, 1, 1, 0, 1, 1, 1, 1, 1, 1, 0, 1, 0, 1, 1, 1, 1, 1, 0, 0, 0, 1, 0, 1, 0, 1, 0, 0, 1, 0, 0, 0, 0, 0, 0, 1, 1, 1, 1, 1, 1, 1, 1, 0, 0, 1, 1, 1, 1, 1, 0, 1, 1, 1, 1, 1, 1, 0, 0, 0, 0, 0, 0, 1, 1, 0, 1, 1, 1, 1, 1, 0, 1, 0, 0, 1, 0, 1, 0, 0, 0, 1, 1, 0, 1, 0, 0, 1, 1, 0, 0, 0, 0, 1, 1, 1, 1, 0, 1, 1)"
90.174557,200,1206.875047,4,"(18383, 25771, 21789, 18732, 49497, 20073, 16638, 18170, 34158, 6195, 3852, 15228, 32406, 47306, 2578, 27857, 5140, 10917, 49407, 45831, 15432, 26950, 48072, 34749, 26584, 4717, 24066, 46115, 22036, 20119, 49613, 38488, 3248, 25654, 18609, 20729, 4422, 27782, 40292, 4824, 17766, 28769, 14377, 33958, 15226, 5178, 22657, 1904, 47275, 24555, 47243, 9898, 46453, 34466, 12668, 20167, 39226, 22078, 19967, 6835, 30485, 167, 2776, 4487, 16283, 17347, 7516, 16551, 37070, 5209, 15753, 48842, 32287, 5461, 1656, 21266, 29991, 10454, 22576, 10854, 45995, 10268, 2533, 2126, 12245, 36808, 19906, 35830, 24188, 38225, 17627, 37072, 37909, 46625, 9750, 44421, 46227, 3449, 33139, 8617, 16239, 14902, 8693, 11430, 10562, 14584, 10307, 24937, 36633, 22114, 12408, 15381, 40170, 47223, 25926, 40930, 31799, 18408, 7750, 23620, 19321, 19679, 4886, 31244, 13025, 23551, 35292, 2485, 37100, 33825, 3751, 34205, 11697, 4422, 40532, 34952, 33255, 22489, 13479, 14851, 3439, 42308, 28583, 9998, 15188, 27147, 7408, 21429, 9624, 41075, 1531, 1611, 28111, 17967, 23499, 27124, 39080, 43615, 43758, 12016, 40329, 19141, 6480, 33169, 17343, 6198, 10209, 24923, 713, 30991, 33356, 29531, 31876, 20232, 3259, 47615, 24277, 11944, 33560, 22020, 14760, 34673, 5786, 21035, 46591, 3713, 12368, 44419, 19279, 40536, 47862, 25119, 35738, 43313, 49337, 2855, 2271, 17609, 1419, 6683)","(1, 0, 0, 1, 1, 1, 1, 0, 0, 1, 1, 1, 1, 0, 1, 1, 1, 1, 0, 0, 1, 1, 1, 0, 0, 1, 1, 0, 1, 0, 0, 1, 1, 1, 0, 1, 0, 1, 0, 0, 0, 1, 1, 1, 1, 1, 0, 1, 1, 1, 0, 1, 1, 0, 1, 1, 0, 0, 1, 1, 0, 1, 1, 1, 1, 1, 1, 1, 1, 1, 0, 1, 1, 1, 1, 1, 0, 0, 0, 1, 1, 1, 1, 1, 1, 1, 1, 0, 1, 0, 1, 1, 0, 0, 1, 0, 0, 1, 1, 1, 1, 1, 1, 1, 1, 0, 1, 1, 0, 1, 1, 1, 1, 0, 1, 1, 0, 0, 1, 1, 1, 1, 1, 1, 1, 0, 1, 1, 0, 0, 1, 0, 1, 0, 1, 0, 1, 0, 1, 1, 1, 0, 0, 1, 1, 1, 1, 0, 1, 0, 1, 1, 1, 1, 1, 0, 1, 0, 0, 1, 1, 1, 0, 1, 1, 1, 1, 1, 1, 1, 0, 1, 1, 1, 1, 0, 0, 1, 0, 1, 1, 0, 1, 1, 0, 1, 0, 0, 1, 1, 0, 1, 0, 0, 0, 1, 1, 1, 0, 1)"
93.285274,200,1209.363658,2,"(29432, 35271, 36139, 29826, 39259, 28638, 14842, 39836, 10554, 24278, 48108, 38531, 11841, 10125, 28220, 17578, 13104, 12439, 27599, 1215, 16408, 13256, 6069, 25627, 40233, 4936, 29791, 10303, 47073, 45801, 1154, 40889, 26129, 10118, 31079, 6983, 28028, 38410, 33532, 13916, 29532, 32271, 45650, 18873, 32699, 6992, 8552, 2800, 20216, 2090, 15404, 19285, 49883, 18796, 6487, 44624, 15251, 43749, 33578, 37472, 38291, 41884, 9360, 27355, 12166, 43616, 40215, 46488, 32069, 44255, 43556, 13288, 20486, 36496, 21899, 39276, 8782, 7656, 37227, 26261, 40733, 5788, 29632, 1212, 21147, 20100, 21082, 7757, 9642, 7580, 13357, 2174, 26798, 35145, 37722, 33760, 38808, 13027, 14313, 11057, 49379, 50023, 9410, 40351, 1010, 15392, 19581, 4792, 35343, 40629, 18762, 18624, 48355, 43990, 16954, 30943, 18964, 13123, 8353, 15717, 46610, 9913, 32903, 37124, 2604, 32118, 16937, 44089, 7757, 22634, 13443, 8243, 31493, 34985, 46707, 31916, 180, 12934, 38028, 37436, 23150, 48787, 46363, 16454, 48063, 9958, 46569, 10266, 13670, 23130, 16454, 21640, 12419, 23544, 23480, 40638, 3529, 43272, 37567, 43424, 9717, 45386, 11470, 29200, 7948, 23591, 14374, 34818, 16660, 43155, 42145, 4444, 44999, 19029, 45449, 36692, 30232, 12859, 41599, 43895, 13442, 26365, 6196, 48313, 18209, 4650, 12, 31896, 46717, 25138, 31268, 45502, 18045, 34468, 45320, 15240, 9623, 8244, 13193, 24815)","(0, 1, 1, 0, 0, 1, 0, 0, 1, 1, 0, 1, 0, 1, 0, 0, 1, 1, 0, 1, 0, 1, 1, 1, 1, 1, 0, 1, 1, 1, 1, 0, 1, 1, 1, 1, 0, 1, 1, 1, 1, 0, 0, 0, 1, 0, 1, 1, 1, 1, 1, 1, 0, 1, 1, 0, 1, 0, 0, 1, 0, 1, 1, 1, 1, 1, 0, 1, 0, 0, 0, 1, 1, 1, 1, 1, 1, 1, 1, 1, 0, 1, 1, 1, 1, 1, 1, 1, 1, 1, 1, 1, 0, 0, 1, 1, 1, 1, 1, 1, 1, 0, 1, 0, 1, 1, 1, 1, 1, 1, 1, 1, 0, 0, 1, 0, 1, 1, 1, 0, 0, 1, 1, 1, 1, 1, 1, 0, 0, 0, 1, 1, 0, 0, 0, 1, 1, 1, 1, 0, 0, 0, 1, 1, 1, 1, 0, 1, 1, 0, 0, 1, 1, 1, 1, 0, 1, 0, 1, 0, 1, 0, 1, 1, 1, 0, 1, 1, 1, 1, 0, 1, 0, 1, 0, 0, 0, 1, 0, 0, 1, 1, 1, 0, 1, 1, 1, 1, 1, 1, 1, 0, 1, 0, 1, 1, 1, 1, 1, 1)"
90.630416,200,1211.78338,6,"(37213, 19501, 36266, 19264, 23338, 21658, 32257, 14262, 34909, 12166, 16550, 1524, 8113, 21561, 40006, 8184, 11733, 26186, 48083, 12671, 4216, 30607, 17415, 22469, 34965, 27047, 27586, 17440, 8171, 14270, 22775, 5118, 45378, 21636, 4752, 49725, 30085, 12905, 26789, 7331, 18441, 21303, 43802, 9547, 9677, 22184, 46646, 45223, 14305, 23016, 36447, 21649, 15856, 13313, 23935, 19994, 15372, 16147, 18037, 22613, 29798, 12839, 35478, 27218, 10426, 27009, 31300, 28591, 10385, 14529, 46996, 17039, 18454, 10742, 45708, 39938, 9003, 4843, 48439, 29314, 28755, 31915, 22196, 603, 35784, 29450, 21332, 31578, 45977, 38641, 5520, 18319, 6396, 21998, 6689, 664, 9775, 1069, 19273, 20092, 309, 9623, 28705, 31692, 48800, 12543, 36978, 9239, 32713, 32079, 7071, 4434, 18168, 1863, 31815, 43429, 862, 45902, 12320, 39143, 1266, 10505, 19040, 990, 12028, 3377, 9958, 32195, 3374, 33177, 48763, 29247, 49461, 10952, 17626, 7493, 35089, 24125, 23028, 49536, 13453, 4441, 9977, 16091, 21332, 12575, 7631, 42490, 32393, 2300, 22846, 15769, 23845, 30342, 1508, 48270, 36883, 35773, 17736, 48539, 211, 48463, 12691, 5728, 3097, 27941, 44858, 11389, 25618, 27485, 7491, 17637, 33543, 38575, 14493, 1560, 16452, 44445, 14560, 35117, 33998, 9372, 25514, 22684, 16248, 26187, 20765, 2816, 13670, 43566, 28627, 2583, 2176, 29327, 24433, 2727, 39243, 6063, 49163, 16939)","(1, 1, 0, 1, 1, 1, 1, 0, 1, 1, 0, 1, 1, 1, 0, 1, 1, 1, 0, 1, 1, 0, 0, 0, 0, 1, 1, 1, 1, 1, 0, 1, 0, 1, 1, 0, 0, 1, 1, 1, 0, 1, 0, 1, 1, 0, 1, 1, 1, 0, 0, 0, 1, 0, 1, 0, 1, 1, 0, 0, 0, 1, 0, 1, 1, 1, 1, 0, 1, 1, 0, 1, 1, 1, 0, 0, 0, 1, 0, 1, 1, 1, 0, 0, 0, 0, 1, 0, 0, 1, 1, 1, 1, 1, 1, 1, 1, 1, 0, 1, 1, 1, 1, 1, 1, 1, 0, 0, 1, 1, 0, 1, 1, 1, 0, 0, 1, 0, 1, 1, 1, 1, 1, 1, 1, 1, 1, 1, 1, 0, 1, 0, 1, 1, 1, 1, 0, 0, 0, 1, 1, 1, 1, 1, 0, 1, 1, 0, 0, 1, 0, 0, 1, 0, 1, 0, 1, 1, 1, 0, 1, 0, 1, 1, 1, 1, 0, 1, 1, 0, 1, 1, 0, 0, 1, 1, 1, 0, 1, 0, 0, 1, 1, 0, 1, 1, 1, 1, 1, 0, 0, 1, 1, 1, 1, 1, 1, 1, 0, 1)"
94.630804,200,1214.171922,2,"(28572, 16906, 31376, 30394, 6832, 10683, 28043, 48307, 27962, 12459, 10937, 49031, 29501, 33603, 25344, 25208, 22491, 3185, 10933, 5290, 39571, 45814, 40239, 30570, 19145, 38597, 9723, 30187, 13913, 754, 22133, 5262, 12160, 43125, 33059, 13421, 44773, 1025, 21491, 31990, 2965, 19499, 30241, 15531, 30944, 34869, 24123, 42076, 40003, 19104, 27106, 44794, 36331, 28480, 13520, 17401, 36668, 31861, 7297, 17876, 7275, 49996, 4682, 28983, 10099, 2785, 14161, 20086, 13205, 14722, 24569, 6232, 14496, 38968, 24575, 44409, 24726, 36884, 29252, 13982, 3465, 48711, 10964, 46111, 12143, 3461, 24302, 25586, 19369, 42236, 10724, 26170, 29742, 12900, 12115, 10789, 40084, 11792, 30093, 32014, 27345, 27214, 25587, 28638, 29391, 38140, 46149, 17160, 4650, 18838, 38618, 41860, 48256, 3900, 22795, 24591, 29001, 48823, 19696, 1500, 39110, 24977, 5156, 12108, 26088, 49605, 12001, 45958, 37715, 16421, 20148, 39973, 23610, 33526, 2677, 23563, 7313, 17753, 42299, 38119, 32473, 27046, 19119, 45775, 5157, 25812, 10933, 33221, 32223, 30368, 19975, 5642, 3096, 32496, 18343, 25234, 16719, 39921, 24364, 21839, 17020, 4732, 34003, 1146, 41781, 43174, 32429, 46458, 33675, 17204, 47344, 34779, 30297, 5944, 2766, 36718, 46335, 22867, 5753, 27206, 35019, 41333, 2934, 4717, 36373, 20517, 18704, 39258, 41913, 14368, 3766, 19942, 36583, 35310, 40158, 15489, 48124, 31769, 21445, 23382)","(1, 1, 1, 0, 1, 1, 1, 0, 1, 1, 1, 1, 1, 1, 1, 0, 0, 1, 1, 1, 0, 0, 0, 0, 1, 0, 1, 0, 1, 1, 0, 1, 1, 0, 1, 1, 0, 1, 1, 0, 1, 1, 0, 1, 0, 1, 0, 0, 1, 1, 1, 0, 0, 1, 1, 1, 0, 1, 1, 1, 1, 0, 1, 0, 1, 1, 1, 1, 1, 1, 1, 1, 1, 1, 0, 0, 1, 1, 1, 1, 1, 1, 1, 0, 1, 1, 1, 1, 1, 1, 1, 1, 0, 1, 1, 0, 0, 1, 0, 1, 0, 1, 1, 1, 1, 0, 1, 1, 1, 1, 1, 1, 1, 1, 0, 1, 1, 0, 1, 1, 0, 1, 1, 1, 1, 0, 1, 0, 1, 1, 1, 0, 1, 0, 1, 1, 0, 1, 1, 0, 1, 1, 1, 0, 1, 0, 0, 0, 0, 0, 1, 1, 1, 1, 1, 1, 1, 1, 0, 1, 1, 1, 1, 1, 0, 1, 1, 0, 0, 1, 0, 1, 0, 1, 1, 0, 0, 0, 1, 1, 1, 0, 1, 1, 0, 1, 1, 1, 0, 1, 1, 1, 1, 0, 0, 1, 1, 1, 1, 0)"
23.995954,200,1216.862488,7,"(4013, 16322, 13071, 7540, 40006, 33437, 14802, 40945, 29170, 31700, 32228, 8403, 26951, 20358, 19377, 27740, 35745, 17063, 28712, 18418, 14175, 4964, 27583, 49561, 7767, 39628, 31031, 47273, 28162, 40342, 36527, 13744, 42802, 31492, 1498, 43698, 40926, 24952, 25682, 19974, 42150, 13610, 25001, 47163, 40950, 2640, 17541, 37833, 39534, 5732, 21053, 20737, 12394, 32279, 44685, 47746, 42300, 30235, 36292, 35748, 13892, 18696, 31641, 28851, 11990, 35872, 22844, 29936, 36038, 17630, 39724, 41661, 14803, 44774, 3682, 24098, 26025, 10087, 6166, 37502, 39368, 35081, 33644, 11647, 28621, 18035, 1723, 40311, 49627, 35432, 29758, 49516, 16279, 28387, 24970, 48183, 6127, 48908, 30658, 9724, 3829, 16702, 29855, 18462, 9291, 22654, 44862, 40145, 11487, 13130, 27529, 43051, 19256, 10185, 17626, 32214, 31482, 46385, 40060, 39792, 38633, 2927, 17344, 31345, 17774, 31193, 9436, 32785, 2868, 47249, 23644, 9153, 39745, 14379, 15594, 20243, 16892, 36619, 34502, 16217, 33018, 22536, 45889, 49166, 39128, 47262, 2691, 16314, 48673, 2507, 40011, 24571, 14369, 26994, 15703, 4501, 14391, 14733, 2588, 12984, 44024, 7294, 1226, 8003, 45833, 22131, 47637, 44755, 4432, 13039, 34071, 28479, 18509, 30269, 42985, 27472, 2009, 8406, 25234, 27997, 36752, 14479, 7046, 22494, 20240, 16580, 4450, 44338, 6196, 29192, 10488, 45213, 30502, 12406, 14325, 20339, 43143, 43116, 44011, 31766)","(1, 1, 1, 1, 0, 0, 1, 0, 0, 0, 0, 1, 1, 0, 0, 1, 0, 0, 1, 1, 1, 1, 0, 0, 1, 0, 0, 0, 1, 0, 1, 0, 0, 0, 1, 0, 0, 1, 1, 1, 0, 1, 1, 0, 0, 0, 1, 0, 0, 1, 1, 1, 1, 0, 0, 0, 0, 0, 0, 0, 1, 0, 0, 1, 1, 1, 0, 0, 0, 0, 0, 0, 1, 0, 1, 1, 0, 1, 1, 1, 0, 0, 0, 1, 1, 1, 1, 0, 0, 0, 0, 0, 1, 0, 1, 0, 1, 0, 0, 1, 1, 1, 0, 1, 1, 0, 0, 0, 1, 1, 0, 0, 0, 1, 1, 0, 0, 0, 0, 0, 0, 1, 1, 1, 1, 0, 0, 0, 1, 0, 1, 0, 0, 1, 1, 1, 1, 0, 0, 1, 0, 0, 0, 0, 0, 0, 1, 1, 0, 0, 0, 1, 1, 0, 0, 1, 0, 0, 1, 1, 0, 1, 1, 1, 0, 0, 0, 0, 1, 1, 0, 1, 1, 0, 0, 0, 1, 1, 1, 0, 0, 0, 1, 0, 1, 1, 1, 0, 1, 1, 1, 0, 0, 1, 0, 0, 0, 0, 0, 0)"
52.206905,200,1219.307976,7,"(41363, 33770, 14786, 38434, 4178, 14824, 42735, 45146, 13039, 31032, 41830, 2543, 41790, 36161, 37422, 40739, 38107, 16180, 2891, 8684, 46145, 38373, 13292, 2381, 36420, 20897, 30279, 19131, 21422, 37555, 38385, 30299, 34702, 40624, 39181, 24849, 33993, 27045, 606, 23312, 10405, 10347, 33751, 45475, 25227, 33, 4233, 48772, 46418, 21534, 31315, 27051, 19121, 20927, 16631, 7674, 17731, 18298, 20024, 27074, 47456, 21769, 7589, 25371, 9721, 179, 46799, 40237, 20926, 16702, 40644, 16292, 20424, 3438, 39003, 13547, 35876, 9366, 29701, 6651, 11164, 16317, 24666, 30805, 3015, 17228, 48404, 39474, 47072, 8206, 31660, 2642, 2775, 13160, 5001, 47944, 31719, 17934, 49847, 15971, 22863, 14265, 42794, 35888, 43208, 37922, 33695, 1660, 7424, 44276, 33957, 35775, 28651, 15737, 4613, 38117, 19678, 29423, 20719, 30417, 47470, 14054, 18601, 39693, 9029, 40152, 8214, 19166, 20215, 38275, 17642, 24046, 32983, 22964, 9330, 14893, 7902, 488, 16161, 33006, 47207, 21679, 41465, 12537, 5540, 46403, 9371, 44567, 8618, 21926, 7152, 38211, 38494, 22552, 17528, 11011, 15265, 12271, 41560, 1438, 18892, 34743, 19197, 30269, 15371, 30929, 1520, 6520, 9638, 38103, 10271, 28455, 33636, 3268, 9719, 15181, 47786, 3008, 40813, 36857, 24929, 19913, 8552, 11334, 25837, 46968, 37521, 40875, 11412, 19868, 39534, 17609, 27011, 36762, 38540, 5633, 49629, 24829, 11422, 20310)","(0, 0, 1, 0, 1, 1, 0, 0, 1, 0, 0, 1, 0, 1, 1, 0, 0, 1, 1, 1, 0, 0, 1, 1, 1, 1, 0, 1, 0, 0, 0, 0, 0, 0, 0, 1, 0, 1, 1, 0, 1, 1, 0, 0, 1, 1, 1, 0, 0, 1, 1, 1, 1, 1, 1, 1, 0, 1, 1, 0, 0, 1, 1, 1, 1, 1, 0, 0, 1, 1, 0, 1, 0, 1, 0, 1, 0, 1, 0, 1, 1, 1, 1, 0, 1, 1, 0, 0, 0, 1, 0, 1, 1, 0, 1, 0, 0, 1, 0, 1, 0, 1, 0, 0, 0, 0, 0, 1, 1, 0, 0, 1, 0, 0, 1, 0, 1, 0, 1, 0, 0, 1, 1, 0, 1, 0, 1, 1, 1, 0, 1, 1, 0, 0, 1, 0, 1, 1, 1, 0, 0, 1, 0, 1, 1, 0, 1, 0, 1, 1, 1, 0, 0, 0, 0, 1, 1, 1, 0, 1, 0, 0, 1, 0, 1, 0, 1, 1, 1, 0, 1, 1, 0, 1, 1, 1, 0, 1, 0, 1, 1, 1, 1, 0, 0, 0, 1, 0, 1, 0, 0, 1, 1, 0, 0, 1, 0, 1, 1, 0)"
66.075423,200,1231.299832,6,"(2573, 25830, 46522, 38554, 38505, 43674, 30052, 5798, 5041, 2524, 22390, 9683, 32754, 1692, 15266, 11505, 3286, 14643, 8367, 4798, 11207, 47782, 6066, 25006, 16332, 12761, 3378, 33468, 30364, 5817, 46798, 20687, 5343, 6098, 14476, 34711, 41728, 10730, 44545, 1578, 32957, 39677, 13389, 10000, 41796, 14958, 6151, 3423, 34273, 20087, 10592, 475, 32539, 7080, 42348, 41494, 26999, 23983, 10325, 8834, 30916, 40404, 35973, 29137, 1469, 27600, 13727, 6560, 46739, 1396, 5980, 10640, 42622, 21866, 22956, 41208, 33126, 21187, 8700, 26905, 14321, 45497, 24435, 31563, 49824, 27036, 34880, 49672, 9405, 45010, 48978, 17007, 37510, 1988, 14893, 27201, 42205, 43472, 3421, 17096, 24606, 29963, 44830, 21434, 24530, 37044, 1885, 35510, 5920, 23266, 4852, 39365, 18052, 22704, 33452, 21704, 606, 41009, 2004, 48923, 26320, 49998, 43358, 8957, 20151, 22806, 33565, 26638, 22852, 12444, 14182, 24985, 8110, 35335, 32151, 16212, 27089, 15585, 42587, 26391, 12339, 10000, 10924, 28855, 6327, 4882, 41628, 15944, 18095, 24166, 46718, 32464, 7070, 35609, 26591, 19371, 23191, 22914, 15175, 48492, 9963, 6289, 48373, 46053, 1026, 34614, 14661, 40681, 52, 3480, 29337, 2714, 26289, 10000, 46340, 16929, 28527, 37287, 2563, 40306, 28108, 14684, 43717, 22229, 8108, 35522, 48664, 39124, 42417, 30434, 22186, 25880, 13359, 17915, 42641, 37869, 2685, 40419, 6028, 15571)","(1, 0, 1, 0, 0, 0, 0, 1, 1, 1, 0, 1, 0, 1, 1, 1, 1, 1, 1, 1, 1, 0, 1, 1, 1, 0, 1, 1, 0, 1, 0, 1, 1, 1, 1, 0, 1, 1, 0, 1, 1, 0, 1, 1, 0, 1, 1, 1, 0, 1, 1, 1, 1, 1, 0, 0, 0, 1, 0, 1, 0, 0, 0, 1, 1, 1, 0, 1, 1, 1, 1, 1, 0, 1, 0, 0, 0, 1, 0, 0, 1, 0, 1, 0, 0, 1, 0, 0, 1, 0, 0, 1, 1, 1, 0, 1, 0, 0, 1, 1, 1, 0, 0, 1, 1, 0, 1, 1, 1, 0, 1, 1, 1, 0, 0, 1, 1, 0, 1, 1, 1, 1, 0, 1, 1, 0, 1, 0, 0, 0, 1, 1, 1, 1, 1, 1, 1, 1, 0, 0, 1, 0, 1, 1, 1, 1, 0, 1, 1, 1, 1, 0, 0, 1, 1, 1, 0, 0, 1, 1, 1, 1, 1, 0, 1, 0, 1, 0, 1, 1, 1, 1, 1, 0, 0, 1, 0, 1, 1, 0, 0, 1, 0, 0, 1, 1, 1, 1, 0, 0, 0, 0, 1, 0, 1, 1, 1, 1, 1, 1)"
101.45716,200,1234.188535,5,"(43877, 32176, 14697, 49776, 32241, 20660, 41260, 31736, 29847, 3724, 12387, 4120, 41686, 14885, 44231, 10616, 14826, 16649, 16514, 8631, 31365, 37686, 17412, 49089, 15301, 29755, 29899, 28009, 30033, 28977, 46983, 326, 44906, 19946, 9405, 4715, 36107, 34811, 15175, 32361, 3912, 33810, 28531, 8898, 2890, 25641, 21114, 46402, 48942, 37270, 33895, 25174, 48299, 7353, 22375, 16358, 49174, 11193, 27259, 23750, 37564, 23938, 13209, 4342, 2762, 29995, 44630, 34201, 2793, 37633, 21151, 28819, 30800, 10180, 45528, 37279, 43614, 3287, 13907, 25130, 22098, 29454, 2570, 38440, 37251, 10079, 9273, 31270, 46274, 45084, 12638, 25096, 28060, 32460, 25079, 11351, 23600, 32290, 40950, 20999, 32826, 42552, 43855, 3418, 13434, 30289, 41099, 6009, 28140, 5036, 33256, 23560, 47939, 660, 24736, 768, 5817, 23221, 29718, 14093, 1169, 15583, 36419, 2998, 23082, 6073, 10397, 17960, 46730, 24031, 24700, 45761, 8391, 48031, 44181, 20960, 40597, 5339, 40959, 18105, 27821, 3266, 49747, 328, 2857, 25314, 41412, 37713, 45134, 25198, 10748, 23856, 17022, 10183, 36123, 24338, 7521, 25777, 31866, 25291, 33765, 8152, 19113, 27187, 2822, 714, 23369, 41009, 3317, 30180, 15060, 1854, 21373, 20935, 7035, 43859, 6941, 32225, 16777, 38854, 44657, 4257, 46354, 43249, 41178, 29437, 22051, 28345, 23597, 11670, 38551, 3507, 48681, 32999, 14386, 37025, 47009, 3688, 18467, 27532)","(0, 1, 1, 0, 0, 1, 0, 0, 0, 1, 1, 1, 1, 1, 1, 1, 1, 0, 1, 1, 1, 1, 1, 1, 1, 0, 0, 1, 0, 1, 0, 1, 0, 1, 1, 1, 0, 0, 1, 0, 1, 1, 1, 1, 1, 0, 1, 0, 0, 0, 0, 1, 0, 1, 0, 1, 0, 1, 1, 1, 1, 1, 1, 1, 1, 0, 0, 1, 1, 0, 1, 1, 0, 1, 0, 1, 0, 1, 0, 1, 1, 0, 1, 0, 1, 1, 1, 0, 1, 0, 1, 0, 1, 0, 0, 1, 1, 1, 0, 0, 0, 1, 0, 1, 1, 0, 1, 1, 1, 1, 1, 1, 0, 1, 0, 1, 1, 0, 1, 1, 1, 1, 1, 1, 0, 1, 1, 1, 1, 0, 1, 0, 1, 0, 0, 1, 0, 1, 1, 0, 0, 1, 0, 1, 1, 1, 0, 0, 1, 0, 1, 1, 0, 1, 1, 1, 1, 0, 1, 1, 0, 1, 1, 1, 1, 1, 1, 0, 1, 0, 0, 1, 1, 1, 1, 0, 1, 1, 1, 1, 0, 1, 1, 0, 0, 0, 1, 0, 1, 1, 1, 1, 0, 0, 1, 0, 1, 1, 0, 0)"
25.094998,200,1236.829808,8,"(6203, 30423, 31186, 49557, 731, 5719, 18925, 9884, 5095, 39494, 5836, 49244, 9288, 27224, 31562, 568, 16811, 9636, 32698, 46887, 28597, 48064, 9586, 6120, 46017, 6041, 31005, 18035, 13188, 9187, 42084, 4503, 3570, 18854, 34928, 2390, 7614, 23589, 27297, 2561, 22038, 15909, 46719, 13466, 17520, 1078, 39439, 41867, 20808, 31976, 994, 25798, 8231, 48277, 28111, 22486, 5027, 5830, 19097, 8386, 14733, 23560, 2312, 42509, 49115, 19891, 7420, 46665, 6948, 22904, 27997, 36361, 38187, 7182, 8907, 49494, 23174, 24014, 14606, 16194, 1897, 9160, 37516, 37575, 41765, 11193, 30008, 24336, 45865, 42612, 48830, 20161, 31002, 21061, 20076, 41146, 7180, 1758, 3152, 3306, 44479, 706, 8559, 8395, 23005, 6737, 5728, 38064, 16921, 34949, 46311, 32924, 43697, 11429, 35452, 20493, 44625, 16144, 33843, 15962, 4650, 45023, 24245, 48573, 19771, 21225, 13092, 30255, 13023, 20572, 8215, 44085, 13436, 9261, 25155, 42221, 7601, 8462, 44272, 32171, 32759, 6261, 26051, 12507, 48986, 26527, 14899, 47953, 25678, 30386, 3708, 23022, 22316, 49392, 36660, 43783, 32697, 29433, 32572, 31998, 37416, 47373, 24170, 38602, 25209, 42556, 28569, 10540, 12535, 25606, 12860, 28946, 16798, 12621, 46825, 4373, 49702, 41389, 29376, 38112, 2173, 28320, 2199, 37693, 49018, 18711, 23321, 49283, 31004, 39271, 13127, 14696, 2357, 45914, 25477, 49485, 17122, 44365, 41216, 45525)","(1, 0, 0, 0, 1, 1, 0, 0, 1, 0, 1, 0, 1, 1, 0, 1, 1, 1, 0, 0, 0, 0, 1, 1, 0, 1, 0, 0, 1, 1, 0, 1, 1, 1, 0, 0, 1, 1, 1, 1, 0, 0, 0, 1, 0, 1, 0, 0, 1, 0, 1, 0, 1, 0, 1, 0, 1, 1, 1, 1, 0, 1, 0, 0, 0, 1, 0, 0, 1, 0, 0, 0, 0, 1, 1, 0, 0, 1, 1, 1, 1, 0, 0, 0, 0, 1, 0, 0, 0, 0, 0, 1, 0, 1, 1, 0, 1, 1, 1, 1, 0, 1, 1, 1, 0, 1, 1, 0, 1, 0, 0, 0, 0, 1, 0, 0, 0, 1, 0, 1, 1, 0, 0, 0, 0, 0, 1, 0, 0, 1, 1, 0, 1, 1, 1, 0, 1, 1, 0, 0, 0, 0, 0, 1, 0, 1, 0, 0, 0, 0, 1, 0, 0, 0, 0, 0, 0, 0, 0, 0, 0, 0, 0, 0, 0, 0, 0, 1, 1, 1, 1, 1, 1, 1, 0, 1, 0, 0, 1, 0, 1, 0, 1, 0, 0, 0, 1, 0, 0, 0, 1, 1, 0, 0, 1, 0, 1, 0, 0, 0)"
74.50785,200,1239.290006,3,"(20066, 9330, 32128, 11200, 29075, 15433, 33410, 24037, 10313, 29336, 13208, 18628, 45710, 19383, 43022, 29928, 23380, 23655, 23625, 11343, 5006, 24481, 4794, 40305, 16003, 33969, 15027, 14178, 8087, 31304, 13700, 30754, 32924, 25009, 14739, 15321, 38057, 17563, 29166, 26736, 36683, 27651, 12731, 27334, 26756, 32931, 37655, 3593, 20827, 49727, 21515, 40413, 39340, 31615, 28400, 9330, 8828, 44242, 464, 12741, 7870, 45754, 44219, 19380, 34402, 28332, 8709, 6436, 10303, 24783, 40029, 10626, 7628, 15044, 13604, 8316, 316, 19221, 32213, 1905, 20150, 6678, 37506, 26461, 22579, 13313, 39257, 16582, 1884, 26423, 26058, 36349, 30678, 5019, 5982, 31720, 13156, 6310, 32087, 16749, 21218, 47640, 9285, 3270, 15838, 2321, 39591, 4750, 10190, 28259, 18767, 2176, 1429, 29298, 8886, 13011, 2831, 5462, 14526, 48929, 46564, 8264, 36125, 2188, 7302, 21521, 32945, 46215, 47874, 8631, 15332, 44006, 34046, 36867, 32005, 21297, 24642, 35315, 27064, 35863, 49519, 10954, 42606, 5405, 22003, 8778, 5086, 29736, 30573, 14480, 9197, 23721, 6933, 38961, 22946, 9973, 9787, 15228, 48950, 16743, 12857, 26806, 16544, 3355, 38658, 21966, 28671, 28250, 1831, 17770, 22725, 26260, 14376, 30318, 36086, 9807, 18628, 15549, 11378, 44135, 50002, 1408, 21768, 2552, 13114, 24503, 29198, 34632, 22816, 2058, 32698, 24686, 47797, 46810, 22090, 178, 15960, 2720, 20765, 1951)","(1, 1, 0, 1, 1, 1, 1, 1, 1, 0, 1, 1, 0, 1, 0, 0, 0, 1, 1, 1, 1, 0, 1, 0, 1, 0, 0, 1, 1, 1, 0, 0, 0, 1, 1, 0, 0, 1, 0, 0, 1, 1, 1, 1, 0, 0, 1, 1, 1, 0, 1, 0, 1, 1, 0, 0, 1, 0, 1, 1, 1, 0, 0, 1, 0, 0, 0, 0, 1, 0, 0, 1, 1, 0, 0, 0, 1, 1, 1, 1, 1, 1, 1, 1, 0, 0, 0, 0, 1, 0, 1, 1, 0, 1, 1, 1, 0, 1, 0, 1, 1, 0, 1, 1, 1, 1, 0, 1, 1, 0, 0, 1, 1, 1, 1, 1, 1, 1, 0, 0, 0, 1, 1, 1, 1, 1, 0, 1, 0, 1, 1, 0, 0, 0, 1, 1, 0, 1, 1, 1, 1, 1, 0, 1, 1, 0, 1, 1, 0, 1, 1, 0, 1, 1, 0, 1, 1, 1, 1, 1, 1, 0, 1, 1, 0, 1, 0, 0, 1, 1, 0, 1, 1, 0, 0, 1, 0, 0, 0, 0, 0, 1, 1, 1, 1, 1, 1, 0, 0, 1, 0, 1, 1, 0, 0, 1, 1, 1, 1, 1)"
14.056988,200,1241.820062,8,"(42734, 30866, 37422, 23083, 33856, 31684, 33114, 15514, 41346, 14170, 29292, 17758, 15012, 17833, 120, 19905, 38477, 47790, 34336, 44135, 39874, 24884, 34549, 44181, 42274, 5407, 10159, 23433, 32426, 15242, 36243, 46727, 44368, 22686, 26618, 38953, 8580, 9317, 10463, 37944, 39486, 27789, 23144, 12698, 16955, 12760, 15693, 39395, 14322, 15515, 47383, 39453, 37118, 12025, 40043, 15200, 44274, 36584, 15306, 44337, 43500, 42801, 13421, 9882, 5451, 34221, 37424, 36351, 35956, 24108, 7730, 30528, 24483, 32152, 20968, 11112, 43841, 49274, 6867, 28653, 49538, 26222, 36628, 12211, 12088, 25172, 41522, 812, 27498, 14080, 8679, 43673, 28864, 39675, 8557, 34057, 42573, 46785, 25315, 1695, 34577, 35188, 13494, 14026, 31781, 45816, 948, 24230, 22550, 41310, 44635, 23627, 41063, 23286, 32226, 33297, 31042, 49027, 19412, 30481, 25660, 22073, 5902, 1225, 30691, 6994, 13878, 1929, 4240, 30168, 4105, 15692, 42815, 8513, 19173, 16775, 23026, 47790, 14172, 40197, 17037, 22518, 2198, 45639, 20427, 9023, 1504, 36177, 4541, 16129, 5907, 43096, 31321, 11664, 23729, 28012, 44176, 36637, 36988, 31794, 2853, 25988, 45161, 8949, 33180, 61, 34598, 3858, 45180, 34397, 27272, 26139, 30282, 45854, 26761, 39400, 157, 28085, 16031, 13715, 40781, 31968, 46149, 33765, 7908, 24655, 40567, 46133, 26962, 3798, 7707, 15359, 20036, 21286, 5384, 2735, 8907, 14931, 19155, 35017)","(0, 0, 0, 0, 0, 0, 0, 1, 0, 1, 1, 0, 1, 0, 1, 1, 0, 0, 0, 0, 0, 0, 0, 0, 0, 1, 1, 1, 0, 1, 0, 0, 0, 0, 0, 0, 1, 1, 0, 0, 0, 0, 0, 1, 1, 1, 1, 0, 1, 1, 0, 0, 0, 1, 0, 1, 0, 0, 1, 0, 0, 0, 1, 1, 1, 0, 0, 0, 0, 0, 1, 0, 1, 0, 0, 1, 0, 0, 1, 1, 0, 1, 0, 1, 1, 1, 0, 1, 0, 1, 1, 0, 1, 0, 0, 0, 0, 0, 0, 1, 0, 0, 0, 1, 0, 0, 1, 0, 0, 0, 0, 1, 0, 0, 0, 0, 0, 0, 1, 0, 1, 1, 1, 1, 0, 1, 1, 1, 1, 0, 1, 1, 0, 0, 1, 1, 0, 0, 1, 0, 1, 0, 1, 0, 0, 1, 1, 0, 1, 0, 1, 0, 1, 0, 1, 1, 0, 0, 0, 0, 1, 0, 0, 1, 0, 1, 0, 1, 0, 0, 1, 1, 0, 0, 0, 0, 1, 0, 1, 0, 0, 0, 0, 0, 1, 0, 0, 0, 0, 1, 1, 1, 1, 0, 1, 1, 1, 1, 1, 0)"
112.394262,200,1244.674442,1,"(23205, 1989, 43812, 2075, 25092, 14936, 4267, 26442, 29045, 27914, 27796, 9111, 10296, 320, 25404, 42683, 10260, 19018, 37091, 236, 46171, 13828, 22017, 11094, 160, 9269, 21234, 10378, 15222, 11308, 10598, 14203, 300, 33944, 30545, 17785, 5089, 25337, 16136, 46270, 46022, 49353, 33971, 14039, 34329, 17384, 48438, 6379, 3528, 42952, 49652, 4693, 6546, 32132, 34613, 8816, 2930, 12416, 23632, 9369, 11222, 42926, 46645, 48129, 48339, 23390, 35894, 43329, 26305, 43250, 27828, 22124, 645, 15880, 48872, 22670, 47457, 2664, 24576, 24999, 16671, 20819, 7510, 49464, 27335, 8595, 46684, 28574, 18974, 17767, 30494, 3083, 499, 37980, 39405, 20138, 8514, 6746, 27935, 31345, 41597, 18615, 10016, 31003, 44952, 43967, 27973, 22135, 41937, 3953, 10585, 17572, 14014, 39523, 10942, 31643, 14790, 3151, 29229, 3603, 14856, 19292, 8473, 39363, 43041, 18555, 16314, 4533, 27687, 18342, 48584, 31860, 25294, 48188, 27350, 1864, 39998, 36066, 38326, 24649, 16922, 26677, 38663, 36500, 17558, 23324, 19165, 26344, 28473, 30041, 25138, 37327, 26149, 8557, 41542, 34430, 7895, 14532, 32855, 21576, 20101, 28335, 7993, 49651, 12627, 15362, 43526, 44975, 9547, 14059, 2947, 20658, 42653, 27253, 40888, 25361, 37416, 27178, 26683, 29068, 1126, 4147, 20851, 40782, 32198, 8040, 48135, 21769, 14588, 47682, 8934, 2249, 33594, 5549, 40103, 19381, 11534, 38622, 16553, 34496)","(0, 1, 0, 1, 1, 1, 1, 1, 0, 1, 1, 1, 1, 1, 1, 1, 1, 1, 1, 1, 1, 0, 1, 1, 1, 1, 0, 1, 1, 1, 1, 1, 1, 1, 0, 1, 1, 1, 1, 0, 0, 0, 0, 1, 1, 0, 0, 1, 1, 1, 0, 1, 1, 0, 0, 1, 1, 1, 1, 1, 1, 0, 1, 0, 0, 0, 0, 0, 0, 0, 0, 0, 1, 1, 0, 0, 0, 1, 1, 1, 1, 0, 1, 0, 1, 1, 0, 1, 1, 1, 0, 1, 1, 0, 1, 1, 1, 1, 1, 1, 1, 1, 1, 0, 0, 0, 1, 1, 1, 1, 1, 1, 1, 0, 1, 1, 1, 1, 1, 0, 1, 1, 1, 1, 0, 1, 1, 1, 0, 1, 0, 0, 0, 0, 0, 1, 1, 1, 0, 1, 1, 0, 1, 1, 0, 1, 1, 1, 1, 0, 0, 1, 1, 0, 0, 0, 1, 0, 0, 1, 1, 0, 0, 0, 1, 1, 0, 0, 1, 1, 1, 1, 0, 1, 0, 1, 1, 1, 1, 1, 1, 1, 1, 0, 1, 1, 0, 1, 1, 1, 1, 1, 1, 1, 1, 1, 1, 0, 1, 0)"
37.151875,200,1247.335762,7,"(42894, 44628, 21045, 446, 25425, 27528, 1070, 45525, 22609, 18214, 42819, 41669, 6727, 26170, 17923, 12629, 48784, 49025, 39338, 34104, 47689, 449, 16954, 7778, 2903, 11919, 3402, 24030, 17302, 18854, 46273, 36023, 2910, 2548, 4548, 31837, 21353, 37139, 10127, 22556, 7384, 6168, 31306, 42986, 13664, 8050, 46696, 37088, 39481, 18657, 175, 34193, 42760, 4961, 18352, 26471, 8163, 47343, 30613, 42052, 14503, 9556, 30314, 45972, 36264, 22175, 26797, 46418, 42714, 47288, 4144, 12817, 1091, 2280, 10366, 7156, 30414, 24179, 8713, 17862, 37998, 45692, 3196, 49213, 21928, 39678, 17818, 11684, 16492, 7530, 40608, 6905, 35708, 21535, 30670, 11720, 37430, 11664, 15741, 33974, 41853, 27711, 40350, 31096, 37423, 48715, 975, 6834, 35498, 42183, 12474, 27334, 16153, 27512, 13388, 2909, 41577, 15935, 12915, 25906, 32043, 33660, 1309, 48510, 28495, 21763, 30057, 7870, 21816, 35237, 17700, 37005, 27352, 46250, 41955, 322, 15241, 48120, 27993, 24859, 35796, 29044, 44898, 5327, 9092, 13847, 39849, 36134, 43286, 6744, 20106, 49630, 26756, 2955, 37451, 26137, 5916, 5287, 18621, 34467, 1776, 48665, 35590, 350, 5604, 44915, 46631, 17683, 41157, 14103, 14941, 6276, 21862, 28147, 5346, 21846, 21049, 16145, 9763, 40042, 13416, 33234, 48302, 43708, 28782, 12150, 14436, 35121, 16232, 1642, 40613, 36158, 41197, 49725, 9809, 26860, 46804, 21394, 39880, 30425)","(0, 0, 1, 1, 1, 0, 1, 0, 0, 1, 0, 0, 1, 1, 1, 1, 0, 0, 0, 0, 0, 1, 0, 1, 1, 1, 1, 1, 1, 1, 0, 0, 1, 1, 1, 0, 1, 1, 1, 0, 1, 1, 1, 0, 1, 1, 0, 0, 0, 1, 1, 0, 0, 1, 0, 1, 1, 0, 0, 0, 0, 1, 0, 0, 1, 1, 0, 0, 0, 0, 1, 1, 1, 1, 1, 1, 0, 0, 0, 1, 0, 0, 1, 0, 1, 0, 1, 1, 0, 1, 0, 1, 0, 1, 0, 0, 0, 0, 1, 0, 0, 0, 0, 0, 1, 1, 1, 1, 0, 0, 1, 1, 1, 0, 1, 0, 0, 1, 1, 0, 0, 0, 1, 0, 0, 0, 0, 1, 1, 0, 1, 1, 0, 0, 0, 0, 1, 0, 0, 1, 0, 0, 0, 1, 1, 1, 0, 0, 0, 1, 1, 0, 0, 1, 1, 1, 0, 1, 1, 0, 1, 0, 1, 1, 1, 0, 0, 1, 0, 1, 0, 1, 1, 0, 1, 1, 1, 1, 1, 0, 1, 0, 0, 0, 1, 1, 1, 0, 0, 1, 0, 0, 1, 0, 1, 1, 0, 0, 0, 0)"
77.885189,200,1249.950919,4,"(46686, 11323, 1956, 7737, 6901, 10663, 25241, 28322, 47296, 35368, 29050, 49188, 3330, 11597, 38767, 21620, 21826, 19583, 43905, 48966, 6939, 47331, 23792, 44011, 18257, 8445, 3961, 46587, 38530, 22318, 45483, 29488, 34542, 4502, 27438, 33631, 49758, 19765, 24994, 8671, 7526, 28572, 28308, 37091, 34904, 3830, 8867, 26598, 1829, 21454, 33159, 23843, 15181, 43031, 15472, 21227, 15054, 1602, 11163, 22649, 37703, 1718, 23004, 663, 38357, 44677, 11251, 30902, 5140, 22946, 30867, 24521, 1832, 27000, 36092, 39185, 3872, 21886, 23525, 18402, 27738, 13078, 18841, 2795, 26244, 20166, 415, 44619, 49610, 12320, 2116, 23599, 16187, 23667, 42021, 40402, 1417, 17439, 8735, 35874, 37881, 39421, 34247, 37773, 49494, 49702, 20443, 23258, 32781, 9977, 14324, 2308, 47222, 17892, 35928, 48083, 3682, 37996, 22665, 34589, 8938, 34373, 14987, 23779, 46664, 16636, 28839, 6842, 20201, 3090, 18534, 21952, 12230, 21700, 10403, 14159, 28477, 34854, 42229, 19536, 2386, 46622, 42636, 15360, 40631, 26095, 20961, 28188, 5224, 28506, 13481, 33920, 18501, 3839, 43733, 32112, 25095, 40610, 13225, 2592, 40468, 29717, 4098, 5142, 34390, 17604, 758, 29508, 13237, 18887, 45727, 38814, 13005, 34820, 31350, 32075, 41671, 26244, 37994, 36971, 16290, 48071, 6139, 19882, 45103, 19845, 48586, 30091, 18206, 21912, 39243, 5616, 42523, 17008, 845, 14529, 32697, 49265, 46905, 28807)","(1, 1, 1, 1, 1, 1, 0, 0, 0, 0, 0, 1, 1, 1, 0, 1, 1, 0, 0, 0, 1, 1, 0, 0, 1, 1, 1, 0, 0, 0, 0, 1, 0, 1, 1, 0, 1, 1, 1, 1, 1, 1, 0, 1, 1, 1, 1, 1, 1, 0, 0, 1, 1, 0, 1, 1, 1, 1, 1, 0, 1, 1, 0, 1, 1, 0, 1, 0, 1, 0, 0, 1, 1, 1, 1, 0, 1, 1, 1, 1, 1, 1, 1, 1, 1, 1, 1, 0, 0, 1, 1, 1, 1, 1, 0, 1, 1, 0, 1, 1, 0, 1, 0, 0, 1, 0, 1, 0, 0, 1, 1, 1, 0, 1, 0, 0, 1, 0, 0, 0, 1, 0, 1, 0, 0, 1, 1, 1, 1, 0, 1, 1, 1, 1, 1, 1, 1, 0, 1, 1, 0, 1, 0, 1, 0, 1, 0, 0, 1, 0, 1, 0, 1, 1, 0, 1, 1, 0, 0, 1, 0, 0, 1, 0, 0, 1, 1, 0, 0, 1, 0, 0, 1, 0, 0, 1, 1, 0, 0, 1, 1, 1, 1, 0, 0, 1, 0, 0, 1, 0, 1, 1, 0, 1, 1, 1, 0, 1, 0, 0)"
106.559415,200,1252.753787,5,"(19526, 24677, 28563, 46132, 48615, 14322, 38682, 10525, 45659, 22391, 40804, 13182, 39019, 34557, 47518, 18894, 33362, 18750, 25499, 39108, 18915, 24742, 3842, 8476, 32864, 25202, 42634, 6857, 37243, 48356, 35931, 18357, 19880, 26286, 8428, 4443, 49545, 36774, 11301, 37093, 29256, 29966, 26959, 26298, 14808, 7865, 3473, 1675, 26539, 22728, 47032, 39360, 5040, 48737, 23965, 16266, 27180, 19583, 11379, 24953, 32048, 41214, 47985, 43316, 40986, 8022, 8653, 25283, 32601, 45456, 32697, 42329, 39837, 26932, 24062, 16537, 694, 46153, 24414, 6868, 35972, 3656, 4459, 50013, 5100, 5650, 40838, 25366, 40694, 4669, 15402, 46517, 22796, 3637, 35796, 10741, 321, 24047, 33661, 23851, 41579, 10754, 10375, 37558, 35942, 12114, 9865, 6093, 28962, 18275, 3360, 43142, 25526, 19032, 19624, 27518, 11399, 42622, 1077, 46018, 42883, 20880, 23434, 40496, 3681, 37703, 5410, 6051, 4001, 19805, 18158, 17738, 11597, 11917, 43006, 26162, 21275, 14889, 9584, 10859, 16258, 6231, 41762, 34061, 40087, 43264, 32171, 43868, 40660, 17832, 9600, 42222, 42891, 45705, 26102, 5518, 21236, 5176, 29207, 29454, 48950, 1914, 18429, 7944, 8664, 1888, 16176, 14932, 34334, 13764, 48000, 41760, 29760, 15570, 36822, 24487, 4821, 26601, 8600, 35586, 8843, 10511, 1638, 45889, 9562, 27546, 17530, 3687, 8312, 12361, 33550, 11515, 14990, 32458, 25555, 37274, 38859, 36694, 40446, 17422)","(1, 1, 0, 0, 1, 1, 0, 1, 1, 0, 0, 1, 1, 0, 0, 1, 0, 0, 1, 1, 0, 1, 0, 1, 0, 1, 0, 1, 0, 1, 0, 1, 0, 1, 1, 1, 1, 0, 1, 1, 1, 0, 0, 1, 1, 1, 1, 1, 1, 0, 1, 1, 1, 0, 1, 1, 0, 0, 1, 0, 0, 1, 0, 0, 1, 1, 1, 1, 0, 0, 0, 1, 0, 1, 1, 1, 1, 0, 1, 1, 0, 1, 1, 0, 1, 1, 0, 1, 0, 1, 1, 0, 0, 1, 1, 1, 1, 1, 1, 0, 1, 1, 1, 1, 0, 0, 1, 0, 1, 1, 1, 1, 0, 1, 1, 0, 1, 0, 1, 0, 1, 1, 1, 0, 1, 1, 1, 1, 0, 1, 0, 1, 1, 1, 1, 1, 0, 1, 1, 1, 1, 1, 1, 1, 1, 0, 0, 0, 0, 1, 1, 0, 0, 0, 1, 1, 1, 1, 1, 0, 1, 1, 1, 1, 1, 1, 1, 1, 1, 0, 1, 0, 1, 1, 1, 1, 1, 1, 1, 0, 1, 1, 1, 1, 1, 0, 1, 0, 0, 1, 1, 1, 1, 1, 1, 1, 0, 0, 0, 1)"
54.517007,200,1255.286478,6,"(38190, 30199, 39172, 38322, 34921, 28085, 1448, 48555, 44687, 42700, 31240, 15230, 44652, 9581, 13366, 49439, 37120, 44213, 42216, 43396, 11767, 25986, 35949, 7776, 15032, 17823, 37975, 38104, 22091, 32178, 38240, 32490, 34761, 29015, 608, 39803, 4285, 28265, 28063, 43149, 42056, 35363, 15375, 16475, 6778, 16737, 1759, 32964, 45210, 6409, 11710, 17782, 28708, 37581, 48381, 27514, 30063, 49069, 5286, 31586, 32986, 33624, 49892, 22948, 25800, 8239, 20837, 46412, 35426, 36736, 48393, 21666, 3394, 18328, 30508, 13073, 19506, 31173, 23637, 5874, 27047, 37950, 14882, 44922, 17201, 13281, 48792, 41660, 28372, 36925, 34963, 774, 47588, 19209, 39712, 20694, 15157, 14137, 17827, 159, 43478, 23200, 9087, 43189, 14183, 18761, 26397, 36441, 28000, 9425, 3781, 20649, 34490, 2545, 34835, 21087, 36496, 45000, 36385, 24784, 37993, 28573, 18004, 31876, 23572, 40971, 38299, 19275, 6741, 35209, 25600, 22638, 13647, 7741, 22162, 39250, 26270, 1040, 3839, 36412, 31042, 47691, 29744, 38389, 30080, 11686, 22421, 47439, 35588, 19021, 20951, 32175, 22556, 44453, 6061, 27526, 1508, 13731, 2506, 22605, 7188, 38272, 1486, 21197, 7757, 33789, 24830, 35547, 42833, 45113, 44984, 28563, 35789, 26740, 13088, 37335, 11028, 43921, 4869, 17297, 41952, 14976, 17821, 2178, 934, 6388, 17053, 43718, 20290, 12325, 23067, 10845, 43721, 21097, 16377, 14446, 45344, 47427, 11719, 11761)","(0, 0, 0, 0, 1, 0, 0, 0, 0, 0, 1, 1, 1, 1, 1, 0, 1, 0, 0, 0, 1, 0, 0, 1, 0, 0, 0, 1, 1, 1, 0, 0, 1, 1, 1, 1, 1, 0, 1, 0, 0, 0, 1, 1, 1, 1, 1, 0, 0, 1, 1, 1, 1, 1, 0, 0, 0, 1, 1, 0, 0, 1, 0, 0, 0, 1, 0, 1, 1, 0, 0, 0, 1, 1, 0, 1, 1, 0, 1, 1, 1, 1, 1, 0, 0, 1, 1, 0, 0, 1, 0, 1, 0, 1, 0, 1, 1, 1, 0, 1, 0, 0, 1, 0, 1, 1, 1, 0, 1, 1, 1, 1, 0, 1, 0, 1, 1, 0, 1, 1, 0, 1, 1, 1, 1, 0, 0, 1, 1, 0, 1, 0, 1, 1, 1, 0, 0, 1, 1, 0, 1, 1, 0, 0, 0, 1, 0, 0, 0, 0, 1, 0, 0, 0, 0, 0, 1, 0, 1, 0, 1, 0, 1, 1, 1, 1, 1, 0, 1, 0, 0, 0, 0, 1, 1, 1, 1, 0, 1, 1, 0, 0, 1, 1, 1, 1, 0, 0, 1, 1, 0, 1, 0, 0, 0, 1, 0, 0, 1, 1)"
53.574619,200,1265.995265,7,"(11718, 27408, 27978, 40696, 7218, 4508, 14141, 20194, 34726, 16361, 21169, 13863, 34879, 19738, 35250, 19372, 46608, 9299, 12125, 12101, 35108, 23782, 46372, 12324, 20235, 27387, 32745, 9265, 11398, 12974, 15904, 24664, 42490, 31120, 30458, 1516, 835, 8246, 6516, 47068, 12760, 1446, 43461, 45577, 48702, 49573, 49071, 40046, 9251, 43371, 20756, 49086, 43840, 25157, 15921, 47208, 27659, 12519, 4615, 6091, 38134, 21939, 34119, 45094, 24450, 30270, 40359, 46247, 2361, 12745, 38746, 33906, 2323, 9772, 16072, 38486, 26673, 23738, 35013, 21554, 43155, 22667, 32299, 14642, 10118, 5365, 7939, 2711, 18885, 450, 49793, 678, 3477, 27779, 22179, 32109, 10455, 7076, 30055, 43307, 464, 44779, 23592, 36795, 12226, 42599, 21061, 48528, 25538, 37377, 41665, 33997, 3802, 3867, 10721, 22224, 17164, 14788, 25492, 24663, 40763, 26668, 47150, 14241, 33336, 14998, 32829, 15912, 12144, 49697, 2857, 25502, 49843, 12343, 26986, 18359, 20674, 39771, 37642, 2538, 45724, 43716, 42566, 12684, 22882, 26532, 10356, 4448, 34201, 15431, 14366, 13610, 9407, 34407, 17125, 13330, 4274, 43023, 25013, 32229, 30700, 11194, 32732, 2994, 11249, 49332, 13949, 1287, 37721, 18373, 20035, 21853, 23394, 586, 21460, 35900, 20191, 32168, 37485, 2172, 32666, 1254, 23250, 28699, 43478, 45745, 13449, 39464, 28356, 41746, 8443, 49924, 1083, 8630, 4425, 31711, 44595, 10512, 10513, 10811)","(1, 0, 1, 0, 1, 1, 1, 1, 0, 1, 1, 1, 0, 1, 0, 1, 0, 1, 1, 1, 0, 1, 0, 1, 1, 0, 0, 1, 1, 1, 1, 1, 0, 0, 0, 1, 0, 1, 0, 0, 1, 1, 0, 0, 0, 0, 0, 1, 1, 0, 1, 0, 0, 1, 1, 0, 0, 1, 1, 1, 0, 1, 0, 0, 1, 0, 0, 0, 0, 1, 0, 0, 1, 1, 1, 0, 1, 1, 0, 1, 0, 0, 0, 1, 1, 1, 1, 1, 1, 1, 0, 1, 1, 1, 1, 0, 1, 0, 0, 0, 1, 0, 1, 0, 1, 0, 1, 0, 1, 1, 0, 0, 1, 1, 1, 0, 0, 1, 1, 1, 0, 0, 0, 1, 0, 1, 0, 1, 1, 0, 1, 0, 0, 1, 1, 0, 1, 0, 0, 1, 0, 0, 0, 1, 0, 1, 1, 1, 0, 0, 1, 1, 1, 0, 1, 1, 1, 0, 1, 0, 0, 1, 0, 1, 1, 0, 1, 1, 0, 0, 1, 0, 1, 1, 1, 0, 0, 0, 1, 1, 0, 1, 0, 1, 0, 0, 1, 0, 0, 0, 1, 0, 1, 1, 1, 0, 0, 1, 1, 1)"
46.529913,200,1268.426377,0,"(39733, 41092, 14006, 26915, 39224, 4544, 7142, 26075, 10700, 34781, 43166, 43217, 48375, 16186, 12680, 15626, 47242, 17548, 32039, 46910, 13888, 23188, 15831, 30034, 33769, 41973, 17131, 19200, 2556, 4838, 20618, 48240, 28857, 36056, 24835, 18727, 42307, 40763, 14252, 41558, 3316, 23220, 23009, 20843, 38706, 27446, 39831, 29139, 35005, 18019, 39984, 6899, 7361, 18511, 49603, 22340, 19203, 23405, 3600, 37885, 26246, 8523, 8117, 10690, 15143, 46648, 24157, 4433, 8123, 28163, 2696, 29488, 27237, 21626, 41397, 13488, 25683, 47647, 24340, 36161, 13866, 48221, 36267, 49953, 41533, 1008, 18288, 6228, 984, 47727, 45663, 6922, 3722, 11821, 19606, 22815, 37484, 15819, 43958, 21641, 25000, 29075, 29259, 23410, 7969, 12415, 19609, 11055, 22635, 47040, 11293, 42791, 24877, 21804, 28900, 20613, 26065, 46401, 9733, 14780, 19409, 24008, 24186, 14175, 3315, 36596, 2699, 15615, 49628, 32211, 24226, 41943, 47855, 19608, 17487, 41234, 9221, 34840, 28552, 48004, 21886, 3012, 3955, 40301, 32155, 48595, 25777, 34685, 2135, 38485, 30380, 49452, 5330, 43883, 7611, 4691, 13268, 11479, 19118, 2045, 39981, 14797, 36038, 4581, 19061, 22502, 11535, 14379, 13907, 4616, 33247, 1190, 13110, 43485, 45826, 42114, 46211, 13839, 16526, 3579, 10304, 1160, 21640, 18505, 40388, 47421, 40997, 37861, 25154, 38771, 42950, 40492, 45137, 41364, 14833, 29582, 13914, 12638, 18411, 23177)","(0, 0, 1, 0, 0, 0, 1, 1, 1, 0, 0, 0, 0, 1, 1, 1, 0, 1, 0, 0, 1, 0, 1, 0, 1, 0, 1, 1, 1, 1, 0, 0, 0, 0, 0, 0, 0, 0, 1, 0, 1, 0, 0, 1, 1, 0, 0, 1, 0, 1, 1, 1, 1, 1, 0, 0, 1, 1, 1, 0, 1, 1, 0, 1, 1, 0, 1, 1, 1, 1, 1, 0, 1, 0, 1, 0, 0, 0, 1, 1, 1, 0, 0, 0, 0, 1, 1, 1, 1, 0, 0, 1, 1, 1, 0, 0, 0, 1, 0, 0, 0, 1, 0, 1, 1, 1, 1, 1, 0, 1, 0, 0, 0, 0, 0, 1, 1, 0, 1, 1, 0, 0, 1, 1, 1, 0, 1, 1, 0, 1, 0, 1, 1, 1, 0, 0, 1, 0, 1, 0, 1, 1, 1, 0, 0, 0, 0, 0, 1, 0, 0, 0, 1, 0, 1, 0, 1, 1, 0, 1, 1, 0, 0, 1, 0, 0, 1, 1, 0, 1, 1, 1, 0, 0, 0, 0, 0, 1, 0, 1, 1, 0, 1, 0, 0, 0, 0, 0, 1, 0, 1, 0, 0, 0, 0, 1, 1, 1, 0, 0)"
101.290873,200,1270.891622,1,"(3629, 14906, 6881, 48538, 24233, 21387, 14109, 36421, 32192, 12090, 26474, 10842, 44730, 17596, 15981, 22677, 40217, 2286, 31745, 21411, 48924, 16184, 33662, 3910, 14924, 14506, 23335, 23151, 571, 879, 1191, 43387, 17955, 45166, 38053, 30991, 34926, 14286, 33399, 36059, 29574, 38070, 20355, 9037, 10322, 48189, 43140, 29802, 47468, 45351, 13633, 13684, 36631, 13245, 47983, 24049, 49136, 2275, 12172, 14368, 4196, 21943, 47677, 23711, 38452, 10629, 34224, 30117, 26660, 45214, 31113, 37379, 39387, 14490, 19397, 23465, 40156, 1950, 22946, 43218, 961, 45024, 9459, 18062, 29774, 48699, 6202, 47646, 30126, 14060, 24610, 8362, 36689, 8372, 6077, 46479, 42266, 49835, 45068, 35751, 23133, 39946, 33229, 6038, 28347, 17712, 36214, 1734, 27345, 27935, 46126, 49253, 45257, 19131, 11608, 34862, 21010, 19932, 18630, 5978, 7339, 22044, 35641, 48703, 15860, 7492, 23976, 17801, 1762, 3130, 2599, 40297, 35395, 43056, 10730, 18564, 38670, 12810, 2832, 4668, 16399, 5679, 37224, 42392, 49230, 9481, 19396, 8428, 47632, 2209, 40622, 35348, 23733, 22784, 8559, 36469, 22714, 17840, 39026, 5062, 40996, 35695, 21618, 36721, 43893, 19632, 21060, 37767, 2877, 24935, 23994, 9633, 9502, 40898, 43838, 38722, 27691, 24146, 41828, 19690, 23620, 37549, 36492, 23285, 21947, 17392, 17614, 23727, 31968, 41629, 188, 20167, 32638, 35071, 9613, 16937, 14534, 28790, 27453, 583)","(1, 1, 1, 0, 1, 1, 1, 1, 1, 1, 1, 1, 0, 0, 1, 0, 0, 1, 0, 1, 1, 1, 0, 1, 1, 0, 1, 0, 1, 1, 1, 0, 0, 0, 0, 1, 1, 1, 0, 1, 1, 1, 0, 1, 1, 1, 1, 0, 0, 0, 1, 0, 0, 1, 1, 1, 0, 1, 1, 1, 1, 1, 0, 1, 0, 1, 0, 0, 1, 0, 0, 1, 0, 1, 1, 1, 0, 1, 0, 0, 1, 0, 1, 0, 0, 0, 1, 0, 1, 1, 0, 1, 0, 1, 1, 1, 0, 0, 0, 1, 0, 0, 0, 1, 0, 1, 1, 1, 0, 1, 0, 1, 0, 1, 1, 1, 1, 1, 1, 1, 1, 1, 1, 0, 1, 1, 1, 1, 1, 0, 0, 1, 0, 0, 1, 0, 1, 1, 1, 1, 0, 1, 1, 0, 0, 1, 1, 1, 1, 1, 1, 0, 1, 0, 1, 1, 0, 1, 1, 1, 0, 1, 0, 0, 0, 1, 1, 1, 1, 1, 1, 1, 1, 1, 0, 0, 0, 0, 1, 1, 1, 1, 1, 1, 1, 0, 1, 1, 0, 1, 1, 1, 1, 0, 1, 1, 1, 1, 0, 1)"
87.111953,200,1273.84001,5,"(36044, 18914, 15606, 48203, 25650, 2888, 13148, 21189, 30721, 24166, 22965, 21859, 6513, 20321, 39026, 12935, 36285, 14365, 39873, 44605, 30938, 3783, 25804, 8065, 34032, 31035, 39634, 38035, 46181, 47128, 5607, 6506, 32133, 45824, 44777, 6446, 20144, 9551, 4533, 42800, 2126, 23141, 39746, 32054, 4656, 49076, 10023, 6172, 8085, 13655, 38175, 14656, 4315, 49092, 21251, 24951, 7738, 25101, 42913, 18419, 46834, 8384, 28023, 2431, 39410, 11814, 4990, 49500, 42325, 36481, 18894, 9428, 36483, 34299, 27582, 608, 7066, 11628, 23110, 33400, 47954, 11079, 5763, 37842, 44043, 47817, 24513, 40376, 48792, 5104, 28922, 7224, 46026, 14230, 25694, 12723, 45414, 4259, 13445, 36352, 45900, 28905, 3978, 40201, 36796, 23284, 7815, 1920, 19394, 45983, 1949, 31877, 29897, 49287, 46546, 11456, 6920, 34154, 26347, 33962, 40512, 38480, 43316, 24565, 46511, 5757, 8095, 26466, 46862, 1517, 48001, 44735, 31323, 2142, 2631, 10436, 9744, 1731, 19122, 23713, 18957, 12369, 28455, 28934, 1887, 20425, 6239, 16890, 6471, 29999, 39084, 41679, 20245, 28866, 13786, 19090, 32449, 1178, 40189, 26540, 43179, 27849, 19329, 17202, 32606, 18263, 14560, 38732, 40295, 41469, 42662, 11175, 35781, 38983, 35697, 21951, 31612, 3202, 28875, 15226, 40895, 32428, 22674, 3211, 16504, 6725, 2075, 4926, 20751, 49882, 43224, 49640, 17584, 26468, 16422, 4617, 29573, 25264, 40084, 1271)","(1, 1, 1, 0, 1, 1, 1, 1, 0, 1, 0, 1, 1, 0, 1, 1, 1, 1, 0, 0, 0, 1, 0, 1, 0, 1, 0, 1, 1, 1, 1, 0, 0, 0, 0, 1, 1, 1, 1, 1, 1, 0, 0, 1, 1, 1, 1, 1, 1, 1, 0, 1, 1, 0, 1, 1, 1, 0, 1, 0, 0, 1, 0, 0, 1, 1, 1, 1, 0, 0, 1, 1, 0, 0, 0, 1, 0, 1, 0, 0, 0, 1, 1, 1, 0, 0, 1, 0, 1, 1, 1, 1, 1, 1, 0, 1, 1, 0, 1, 0, 1, 0, 1, 0, 1, 0, 1, 1, 0, 1, 1, 1, 0, 0, 0, 1, 1, 0, 1, 1, 0, 0, 0, 1, 1, 1, 1, 1, 0, 1, 0, 1, 0, 1, 1, 1, 1, 1, 1, 1, 1, 1, 1, 1, 1, 1, 1, 1, 1, 0, 0, 0, 0, 1, 0, 1, 0, 1, 0, 1, 0, 0, 1, 1, 0, 0, 1, 0, 0, 1, 1, 1, 0, 1, 1, 1, 1, 1, 1, 1, 0, 0, 0, 1, 1, 1, 1, 1, 1, 0, 0, 0, 0, 1, 0, 1, 1, 1, 0, 1)"
81.54784,200,1276.773557,6,"(8633, 32912, 48560, 45132, 9862, 31028, 109, 45478, 17249, 28508, 12504, 24633, 36151, 7766, 6434, 35870, 12549, 42316, 4990, 37837, 18477, 43801, 34883, 24160, 17857, 49452, 33672, 20822, 36301, 22490, 9747, 8681, 19423, 35059, 35882, 2690, 19631, 7158, 21854, 18933, 22450, 20340, 47067, 6403, 31457, 3043, 28267, 16540, 40296, 29066, 7244, 31037, 6197, 43205, 48304, 3980, 28908, 31226, 10758, 21899, 45745, 6672, 38457, 22803, 16117, 17753, 27202, 45512, 1140, 38035, 44648, 48426, 45382, 36139, 43734, 39091, 49481, 18282, 4958, 44073, 5290, 20874, 39043, 14292, 22056, 16139, 15754, 43768, 46162, 43605, 41095, 23680, 46639, 27007, 3578, 31276, 19254, 4237, 16666, 5358, 17420, 48600, 18911, 38202, 1988, 11503, 35205, 1463, 8541, 6177, 26316, 17708, 19922, 40940, 48059, 5304, 48560, 15658, 6114, 10460, 27288, 9812, 17931, 36368, 22189, 16926, 19824, 15197, 23796, 11982, 39992, 22285, 9738, 41698, 26499, 26552, 49322, 14327, 18974, 45448, 16541, 19072, 14469, 39310, 29611, 1660, 33328, 45761, 22116, 36934, 37699, 13647, 14583, 21766, 4791, 33666, 19328, 35769, 22757, 27592, 38672, 33977, 38566, 41681, 47947, 13294, 14423, 46625, 9367, 9429, 25126, 29329, 15255, 9152, 42482, 25705, 46247, 2744, 41637, 29230, 20442, 8463, 33663, 210, 19632, 46218, 17924, 23340, 18517, 7676, 23395, 4774, 18124, 8711, 8930, 31509, 46615, 17020, 19125, 20090)","(1, 0, 0, 0, 1, 0, 0, 0, 0, 1, 1, 1, 0, 1, 1, 0, 1, 0, 1, 1, 1, 0, 0, 1, 0, 0, 0, 0, 0, 0, 1, 1, 1, 0, 0, 1, 1, 1, 0, 1, 0, 1, 1, 1, 0, 1, 0, 1, 0, 1, 1, 1, 1, 0, 0, 1, 1, 1, 1, 1, 0, 1, 0, 0, 1, 0, 1, 1, 1, 1, 0, 0, 0, 0, 0, 0, 0, 1, 1, 0, 1, 1, 0, 1, 1, 1, 0, 0, 1, 0, 0, 1, 1, 1, 1, 1, 1, 1, 1, 1, 0, 0, 1, 0, 1, 1, 1, 1, 0, 1, 1, 1, 0, 1, 0, 1, 0, 1, 1, 0, 1, 1, 1, 1, 1, 1, 1, 1, 1, 1, 1, 0, 1, 0, 1, 0, 0, 1, 1, 0, 1, 0, 1, 0, 1, 1, 1, 0, 1, 1, 1, 1, 0, 1, 1, 0, 1, 0, 0, 0, 0, 0, 0, 0, 0, 1, 1, 0, 1, 1, 1, 1, 1, 1, 0, 1, 0, 1, 0, 1, 0, 1, 0, 1, 1, 0, 1, 0, 1, 1, 0, 1, 1, 0, 1, 1, 0, 1, 1, 1)"
107.866455,200,1279.764375,4,"(14492, 6129, 7565, 43690, 46286, 6555, 20317, 38947, 14922, 30172, 17065, 16341, 35437, 17503, 5035, 1314, 46657, 9521, 4259, 37688, 7982, 23839, 29509, 47502, 49485, 34688, 8448, 3662, 48985, 10816, 45616, 9073, 15145, 14150, 26392, 29327, 14659, 35845, 38104, 4257, 45979, 2709, 46352, 10899, 17413, 8499, 42166, 37024, 27429, 14335, 39555, 36678, 5164, 4853, 37013, 2302, 17408, 5593, 2611, 38606, 15502, 23468, 36571, 49507, 37033, 4486, 40940, 24849, 23612, 13268, 12937, 37561, 29057, 1778, 36051, 7743, 474, 38917, 47289, 13822, 11852, 50025, 25351, 1021, 30213, 47623, 44153, 7461, 10272, 1521, 22958, 26684, 40877, 16715, 37329, 5980, 4347, 38329, 16932, 32656, 4409, 28127, 43408, 27153, 33960, 529, 31721, 49511, 27472, 13191, 20314, 21391, 9478, 7424, 10545, 48236, 43517, 25910, 14897, 47734, 41235, 35900, 5519, 9401, 39964, 34088, 28729, 20346, 8552, 14760, 36213, 21757, 23097, 44370, 44169, 11066, 32210, 6640, 10345, 26908, 48541, 20932, 15435, 8943, 41947, 17993, 11182, 25888, 15913, 159, 3666, 7929, 14925, 29064, 19853, 17431, 22476, 5822, 15877, 49997, 45427, 12950, 45088, 9114, 25390, 7800, 10460, 17187, 44836, 32971, 25438, 48280, 15556, 39682, 41159, 26352, 16642, 32041, 1539, 18968, 33594, 40813, 9093, 31313, 42464, 16464, 19757, 35137, 22514, 28485, 19203, 49243, 18795, 39197, 25266, 41006, 1783, 26323, 17133, 13135)","(1, 1, 1, 0, 1, 1, 1, 1, 0, 0, 1, 1, 0, 0, 1, 1, 0, 1, 0, 1, 1, 1, 1, 0, 0, 1, 1, 1, 1, 1, 0, 1, 1, 1, 1, 1, 1, 0, 1, 1, 0, 1, 0, 1, 1, 1, 1, 1, 0, 1, 0, 0, 1, 1, 0, 1, 1, 1, 1, 0, 1, 1, 1, 1, 1, 1, 1, 1, 0, 1, 1, 1, 1, 1, 1, 1, 0, 1, 1, 1, 1, 0, 0, 1, 0, 0, 0, 1, 1, 1, 0, 1, 0, 1, 1, 1, 1, 0, 1, 1, 1, 1, 0, 1, 1, 1, 1, 1, 0, 1, 0, 1, 1, 1, 1, 1, 0, 1, 0, 0, 0, 0, 1, 1, 0, 1, 1, 1, 1, 1, 1, 1, 0, 0, 0, 1, 0, 1, 1, 0, 0, 1, 1, 1, 1, 1, 1, 0, 0, 1, 1, 1, 1, 0, 1, 1, 0, 1, 1, 0, 0, 1, 0, 1, 1, 0, 0, 1, 0, 1, 1, 0, 1, 1, 1, 1, 1, 1, 1, 1, 1, 1, 1, 1, 1, 0, 1, 1, 0, 1, 1, 0, 0, 1, 0, 1, 1, 0, 0, 1)"
78.197276,200,1282.828203,4,"(48564, 8603, 18978, 23264, 15633, 15397, 20984, 37694, 220, 24560, 20762, 18155, 23042, 31678, 48649, 32595, 35760, 40358, 36313, 18915, 2954, 2492, 27830, 23831, 5184, 15842, 44119, 42529, 8890, 11708, 13662, 11890, 34957, 3761, 20938, 4256, 17037, 8313, 5731, 49730, 21741, 48419, 42030, 43228, 42390, 26722, 29764, 8021, 11254, 40587, 11412, 30642, 312, 13677, 441, 25095, 23714, 26575, 39289, 5784, 9355, 36274, 19051, 9774, 43095, 40453, 28252, 46304, 33324, 25087, 39466, 44237, 4209, 22220, 3575, 15870, 48865, 4106, 21000, 24964, 31876, 4374, 20602, 13652, 279, 5782, 12403, 11384, 39052, 46962, 46832, 2808, 9236, 21466, 45186, 47417, 19010, 47154, 8299, 12980, 29170, 22923, 15015, 32995, 4793, 48148, 13391, 19436, 29437, 10130, 28695, 218, 45352, 12778, 28698, 24541, 16011, 8053, 3672, 12914, 40357, 23257, 32591, 16766, 27219, 9930, 1818, 16920, 543, 34324, 14618, 37688, 4822, 20147, 19739, 26051, 23812, 44898, 5153, 11802, 42040, 15532, 9211, 29430, 19865, 38967, 39687, 43129, 40629, 28709, 49824, 45166, 27814, 41672, 33131, 45027, 3687, 26286, 37533, 43009, 37387, 41432, 46493, 5895, 11431, 36180, 21430, 8606, 34017, 43421, 16485, 23741, 33885, 17641, 2904, 2833, 25710, 42627, 41626, 42890, 9015, 6962, 25927, 37770, 14377, 42643, 9949, 2891, 35909, 10903, 15679, 1764, 15949, 817, 30220, 26557, 38544, 12950, 22859, 35654)","(0, 1, 1, 0, 0, 1, 1, 1, 1, 1, 1, 1, 0, 0, 0, 0, 0, 0, 1, 0, 1, 0, 1, 1, 1, 1, 0, 0, 1, 1, 1, 1, 1, 1, 1, 1, 1, 1, 1, 0, 1, 1, 0, 0, 0, 1, 0, 1, 1, 1, 1, 0, 1, 1, 1, 1, 0, 0, 1, 1, 1, 0, 0, 1, 1, 0, 0, 1, 1, 1, 1, 0, 1, 1, 1, 1, 0, 1, 1, 0, 1, 1, 1, 1, 1, 1, 1, 1, 0, 1, 0, 1, 1, 0, 1, 0, 1, 0, 1, 1, 0, 0, 1, 0, 1, 0, 1, 1, 0, 1, 1, 1, 0, 1, 1, 0, 1, 1, 1, 1, 1, 0, 0, 1, 1, 1, 1, 1, 1, 1, 1, 1, 1, 1, 1, 0, 1, 0, 1, 1, 0, 1, 1, 0, 1, 0, 1, 0, 1, 1, 0, 0, 0, 0, 0, 0, 0, 1, 1, 0, 1, 0, 0, 1, 1, 0, 0, 1, 1, 0, 1, 1, 1, 1, 1, 1, 0, 1, 0, 0, 1, 1, 1, 1, 1, 0, 1, 1, 0, 1, 1, 1, 1, 1, 0, 1, 1, 1, 0, 0)"
108.996396,200,1285.389747,2,"(27240, 48869, 13273, 24660, 12735, 21996, 34265, 16746, 16361, 2224, 44742, 34360, 18406, 970, 8664, 5292, 20380, 3192, 15519, 10344, 2156, 23428, 43078, 106, 23029, 36921, 22822, 48957, 5335, 18667, 29673, 41159, 24342, 43945, 25968, 22655, 29463, 31317, 49337, 27019, 19371, 45947, 10447, 10674, 19931, 13452, 43133, 21141, 33136, 48926, 14631, 27992, 44919, 3916, 9542, 46201, 16688, 26131, 14298, 44263, 10209, 27421, 5732, 18770, 16215, 33671, 12583, 48553, 49417, 35733, 26955, 31593, 8683, 40223, 21109, 44232, 1498, 16898, 24949, 43114, 20970, 32853, 19227, 32441, 19835, 36805, 1298, 1485, 46106, 47699, 43767, 32918, 21729, 5359, 18422, 33998, 43034, 49274, 11977, 27417, 12968, 23114, 18887, 44451, 4685, 6113, 37241, 44197, 11178, 9437, 41677, 14042, 11156, 1734, 47386, 11263, 8187, 156, 32417, 6762, 22798, 46752, 47117, 28998, 36776, 33931, 16562, 1763, 11481, 23859, 26103, 43181, 13480, 21787, 39089, 29602, 2645, 32371, 13755, 5798, 21017, 12140, 24603, 36056, 10806, 3969, 1269, 17522, 21715, 17106, 47162, 21247, 31838, 43080, 9730, 8136, 18144, 26959, 39187, 10563, 31529, 24689, 25202, 48041, 5196, 31899, 26488, 9156, 36483, 10519, 27885, 30614, 43544, 46250, 6928, 19089, 36044, 19716, 7330, 20493, 42756, 1166, 6435, 39246, 30506, 40413, 30410, 11717, 2045, 29394, 24577, 45826, 18186, 45438, 13182, 2688, 11782, 10194, 20129, 34486)","(0, 1, 1, 1, 1, 1, 1, 1, 1, 1, 0, 0, 1, 1, 1, 1, 0, 0, 1, 1, 1, 1, 1, 1, 0, 1, 0, 1, 1, 1, 0, 1, 0, 0, 0, 0, 1, 1, 0, 1, 1, 1, 1, 0, 1, 1, 1, 1, 1, 0, 1, 1, 0, 1, 1, 1, 1, 1, 1, 0, 1, 1, 1, 0, 1, 1, 1, 0, 0, 1, 0, 1, 1, 0, 1, 0, 1, 1, 1, 1, 1, 0, 1, 1, 1, 1, 1, 1, 1, 0, 0, 1, 1, 1, 1, 0, 0, 1, 1, 0, 1, 0, 1, 0, 1, 1, 0, 0, 1, 1, 1, 1, 0, 1, 1, 0, 1, 1, 1, 1, 0, 0, 0, 1, 0, 0, 1, 1, 1, 1, 1, 0, 1, 0, 1, 1, 1, 1, 0, 1, 1, 1, 1, 1, 0, 1, 1, 1, 1, 1, 1, 1, 1, 1, 1, 1, 1, 1, 1, 1, 0, 1, 1, 1, 1, 1, 1, 1, 1, 1, 1, 0, 0, 0, 1, 1, 1, 1, 1, 1, 0, 1, 1, 1, 0, 0, 0, 1, 1, 0, 1, 0, 0, 0, 1, 1, 1, 1, 1, 0)"
58.584294,200,1288.107676,3,"(38210, 6718, 47588, 7876, 14074, 48950, 2196, 3901, 6898, 41770, 30506, 15028, 42087, 48641, 3209, 25047, 31221, 34546, 1716, 26935, 40166, 20206, 14307, 20039, 5343, 1658, 28210, 17806, 26950, 47496, 18510, 6699, 11374, 43295, 19310, 27219, 31741, 5315, 28226, 27226, 4921, 9217, 21807, 29677, 659, 36822, 45747, 38239, 41863, 14784, 24786, 6188, 3622, 7686, 42711, 39063, 17562, 47530, 7137, 31212, 37843, 43103, 9756, 5961, 19422, 6315, 27227, 42433, 44448, 18303, 18760, 34708, 13520, 12099, 28871, 26484, 29491, 46334, 49448, 29740, 17691, 1887, 16144, 7212, 29040, 3980, 2060, 39287, 41020, 18389, 36763, 33233, 41343, 23699, 27885, 42688, 48318, 2524, 20968, 2426, 38316, 37331, 37536, 25536, 48362, 3095, 40523, 20767, 45172, 18785, 44279, 1150, 1730, 27849, 47812, 40422, 283, 12645, 26776, 22748, 32593, 46965, 39023, 44481, 41766, 22790, 32629, 45346, 48346, 49779, 198, 47589, 36203, 19940, 9691, 25251, 6850, 44842, 35342, 42444, 38096, 21626, 23347, 40974, 19377, 7353, 117, 1168, 44227, 48487, 7111, 48747, 36400, 41471, 44128, 42166, 10111, 33427, 22680, 5288, 27403, 2369, 48745, 42024, 8346, 859, 45985, 20598, 32743, 21216, 34944, 16219, 12955, 3003, 17361, 49450, 38093, 40669, 11440, 45437, 35034, 31410, 5838, 37104, 30387, 5648, 23222, 42580, 44435, 23100, 40847, 47064, 22109, 16462, 17281, 45112, 41920, 26574, 39660, 29260)","(0, 1, 0, 1, 1, 1, 1, 1, 1, 0, 0, 1, 0, 0, 1, 1, 1, 0, 1, 0, 0, 1, 1, 1, 1, 1, 0, 1, 1, 0, 1, 1, 1, 0, 0, 1, 0, 1, 0, 1, 1, 1, 1, 1, 1, 1, 0, 0, 1, 1, 1, 1, 1, 1, 0, 0, 0, 0, 1, 1, 0, 1, 1, 1, 0, 1, 1, 0, 0, 1, 1, 0, 1, 1, 1, 1, 0, 0, 0, 0, 1, 1, 1, 0, 1, 1, 1, 0, 0, 0, 1, 1, 0, 0, 0, 0, 0, 1, 0, 0, 0, 1, 1, 1, 1, 1, 0, 1, 1, 0, 0, 1, 1, 0, 0, 0, 1, 1, 0, 0, 0, 0, 1, 0, 0, 0, 1, 0, 1, 0, 1, 0, 1, 0, 1, 1, 1, 0, 0, 0, 0, 0, 1, 0, 0, 1, 1, 1, 0, 0, 0, 1, 1, 0, 0, 1, 1, 1, 0, 1, 1, 1, 1, 0, 1, 1, 0, 1, 0, 1, 0, 1, 1, 1, 1, 1, 1, 0, 0, 0, 0, 1, 1, 1, 0, 1, 0, 0, 0, 0, 0, 0, 1, 1, 0, 0, 0, 1, 0, 1)"
88.356423,200,1290.908504,2,"(4255, 19224, 14456, 46061, 38928, 1570, 24008, 47490, 32610, 6636, 13187, 1273, 19253, 49724, 15317, 16948, 6039, 14763, 42593, 45372, 32653, 6479, 38125, 27920, 38348, 41161, 2823, 11852, 6126, 43665, 42178, 32613, 19975, 48105, 11307, 47749, 38929, 41917, 15244, 10253, 29789, 10969, 39108, 22073, 42114, 8115, 34641, 19967, 27109, 31056, 43738, 26799, 4735, 39651, 47053, 23338, 44994, 41010, 27326, 26752, 47280, 31825, 44654, 45389, 4782, 29770, 1858, 37179, 17391, 31656, 26899, 20815, 2649, 8031, 24467, 2695, 41223, 22085, 12120, 18447, 7212, 27537, 24838, 12198, 21344, 48850, 15064, 7959, 10314, 43597, 5792, 25454, 45153, 18831, 32310, 26288, 5004, 34628, 11191, 46353, 29597, 8472, 15920, 43280, 21152, 25, 14753, 28071, 37361, 39680, 14838, 42647, 20885, 19275, 4039, 11457, 42509, 29832, 46583, 22793, 28148, 34073, 41496, 37556, 23394, 49057, 48121, 4076, 16460, 34007, 15869, 42955, 25247, 16911, 47, 9160, 47367, 34642, 18910, 31350, 42830, 1010, 3448, 47886, 12839, 10579, 9402, 21266, 20965, 41342, 44049, 14518, 5099, 44776, 31026, 3977, 7995, 1579, 16943, 46769, 15075, 34717, 47337, 48403, 8703, 2304, 5075, 21366, 34150, 30258, 16909, 32220, 33955, 42328, 5707, 37489, 43519, 21236, 14643, 45370, 20382, 49304, 21486, 7942, 29310, 31190, 20245, 42123, 43687, 46531, 13001, 24247, 30318, 47590, 41482, 33394, 1378, 49728, 31007, 25567)","(1, 1, 1, 0, 0, 1, 0, 1, 0, 1, 1, 1, 1, 1, 1, 1, 1, 1, 0, 0, 1, 1, 0, 0, 0, 0, 1, 1, 1, 1, 0, 1, 1, 1, 1, 0, 1, 1, 1, 1, 1, 1, 1, 1, 0, 1, 1, 1, 0, 1, 0, 1, 1, 1, 1, 1, 0, 0, 1, 0, 0, 1, 0, 0, 1, 0, 1, 1, 1, 1, 1, 1, 1, 1, 1, 1, 1, 1, 1, 1, 0, 0, 0, 1, 1, 1, 1, 1, 1, 0, 1, 1, 0, 0, 1, 1, 1, 0, 1, 1, 1, 1, 1, 0, 1, 1, 1, 0, 1, 1, 1, 0, 1, 1, 1, 1, 0, 0, 1, 0, 1, 0, 0, 1, 1, 1, 1, 1, 1, 0, 1, 0, 1, 1, 1, 0, 0, 1, 1, 0, 0, 1, 1, 1, 1, 1, 1, 1, 1, 1, 0, 1, 1, 0, 1, 1, 1, 1, 1, 1, 1, 0, 1, 1, 0, 0, 1, 1, 0, 0, 1, 1, 1, 1, 1, 0, 1, 1, 1, 0, 0, 1, 1, 1, 1, 1, 0, 1, 1, 1, 0, 1, 0, 0, 0, 1, 1, 0, 1, 1)"
42.129994,200,1301.237084,3,"(4141, 1366, 32719, 40099, 46727, 25366, 10632, 43449, 6953, 32336, 27128, 15447, 7464, 22269, 21766, 24818, 16980, 25633, 26519, 36779, 11051, 48101, 36416, 9220, 40937, 2516, 29810, 2458, 45644, 32241, 20905, 28787, 29738, 49788, 27971, 12167, 33219, 7331, 44148, 38580, 21815, 1729, 14560, 33264, 1479, 41709, 290, 8495, 9796, 19969, 47905, 48596, 38849, 43124, 24982, 36887, 26585, 34279, 24684, 30430, 32047, 44738, 6358, 11375, 17858, 46734, 16547, 27118, 20918, 27084, 4120, 24046, 14815, 49621, 24600, 25596, 29058, 46734, 6554, 43373, 38494, 20895, 11115, 15209, 8055, 32843, 17502, 45970, 16769, 32130, 35856, 36441, 37885, 28269, 35306, 48926, 17375, 1833, 21574, 21319, 9566, 20354, 21745, 29963, 27030, 8975, 42489, 12911, 4116, 32324, 48335, 25367, 15172, 12516, 39066, 45034, 26406, 45761, 49295, 30862, 24822, 37676, 41672, 38666, 30854, 38278, 15295, 30796, 45496, 27927, 23566, 45947, 45117, 42314, 23913, 827, 22692, 11292, 38283, 38228, 38931, 28529, 295, 34485, 23526, 24518, 32451, 37370, 22145, 10494, 7105, 26708, 34154, 39026, 18288, 16135, 16439, 38360, 23419, 17762, 11433, 20846, 7588, 24001, 32668, 9588, 10520, 28688, 44795, 4707, 4047, 602, 19491, 29876, 1192, 30654, 21613, 13289, 19814, 13661, 44837, 12600, 47254, 18205, 20472, 24494, 32560, 2482, 4935, 41966, 22889, 5370, 36808, 44117, 18935, 49164, 2708, 25446, 31806, 16305)","(1, 1, 0, 0, 0, 1, 1, 0, 0, 0, 0, 1, 1, 0, 1, 1, 1, 0, 0, 0, 0, 1, 0, 0, 1, 1, 0, 0, 0, 0, 1, 1, 1, 1, 1, 1, 0, 1, 0, 1, 0, 1, 1, 0, 0, 0, 1, 1, 1, 1, 0, 0, 0, 0, 1, 0, 1, 0, 0, 0, 0, 0, 1, 1, 0, 1, 0, 1, 0, 1, 1, 1, 1, 0, 1, 0, 0, 0, 1, 0, 1, 1, 1, 1, 1, 0, 1, 0, 1, 0, 0, 0, 0, 0, 0, 0, 1, 1, 1, 1, 1, 1, 1, 0, 1, 1, 0, 1, 1, 0, 0, 1, 1, 1, 0, 0, 0, 0, 0, 0, 0, 1, 0, 0, 0, 1, 1, 0, 0, 1, 1, 0, 0, 0, 1, 0, 0, 0, 0, 0, 1, 0, 1, 0, 1, 1, 0, 1, 1, 1, 1, 0, 0, 0, 1, 1, 1, 1, 1, 1, 1, 1, 1, 1, 1, 1, 1, 0, 0, 1, 1, 1, 1, 0, 1, 0, 1, 1, 1, 1, 0, 1, 1, 1, 0, 1, 0, 1, 1, 0, 0, 1, 1, 0, 1, 0, 1, 1, 0, 1)"
12.605424,200,1303.729847,8,"(20327, 12400, 37331, 43649, 7734, 12624, 5728, 11935, 14177, 45204, 42635, 18792, 24879, 29735, 15974, 27041, 23363, 1885, 46542, 42851, 10631, 22730, 24843, 16071, 6399, 24328, 16889, 30209, 43825, 14800, 24639, 34934, 29873, 43361, 41370, 19320, 10124, 38888, 20679, 12236, 22205, 40125, 7573, 1803, 24148, 32373, 19692, 46520, 35976, 21981, 30672, 19779, 42917, 10174, 48632, 16379, 27752, 27360, 9315, 17278, 43376, 27131, 38877, 6044, 4386, 28960, 9228, 37773, 16433, 23518, 4294, 31191, 46526, 40833, 10457, 48018, 11092, 34535, 40430, 16656, 8275, 20244, 34524, 46946, 47387, 15984, 49996, 22747, 29899, 15595, 32275, 32965, 24649, 16223, 42495, 11496, 46054, 30842, 13922, 43772, 11444, 34866, 660, 39797, 4277, 12303, 4732, 7771, 47024, 47558, 3522, 14451, 49286, 33390, 49339, 24768, 46487, 8542, 20596, 25361, 26311, 42828, 37077, 2446, 13503, 47689, 48552, 23769, 32722, 31237, 16955, 33813, 5690, 29501, 38385, 29192, 35151, 13416, 37274, 28846, 28175, 19586, 36740, 18330, 14289, 3301, 32483, 3207, 26023, 46326, 42326, 43230, 15397, 2887, 44696, 1907, 13287, 37427, 36448, 41059, 41111, 37482, 35614, 28073, 8539, 35322, 15937, 21420, 39525, 8487, 7190, 24852, 35837, 9580, 7792, 23847, 37284, 20809, 49425, 8884, 38950, 4659, 31182, 25481, 23342, 16394, 11341, 28987, 22237, 17049, 26397, 31889, 46863, 18960, 12714, 24119, 29794, 19500, 18488, 28630)","(1, 1, 0, 0, 1, 1, 1, 1, 1, 0, 0, 1, 1, 0, 1, 0, 0, 1, 0, 0, 1, 0, 0, 1, 1, 0, 1, 0, 0, 1, 1, 0, 0, 0, 0, 1, 1, 0, 1, 1, 1, 0, 1, 1, 0, 0, 1, 0, 0, 1, 0, 1, 0, 1, 0, 1, 0, 0, 1, 0, 0, 0, 0, 1, 1, 0, 1, 0, 0, 0, 1, 0, 0, 0, 1, 0, 1, 0, 0, 1, 1, 1, 0, 0, 0, 1, 0, 0, 0, 0, 0, 0, 1, 1, 0, 1, 0, 0, 1, 0, 1, 0, 1, 0, 1, 1, 0, 1, 0, 0, 1, 1, 0, 0, 0, 0, 0, 1, 1, 1, 0, 0, 0, 0, 0, 0, 0, 1, 0, 1, 1, 0, 1, 0, 0, 1, 0, 1, 0, 1, 0, 1, 0, 0, 1, 1, 0, 1, 0, 0, 0, 0, 1, 1, 0, 1, 1, 0, 0, 0, 0, 0, 0, 0, 0, 0, 1, 1, 0, 1, 1, 0, 0, 1, 1, 0, 0, 1, 0, 1, 0, 1, 0, 1, 0, 1, 0, 1, 0, 0, 1, 0, 0, 0, 1, 0, 0, 1, 0, 0)"
76.249991,200,1306.538516,4,"(37924, 42647, 15665, 10858, 21075, 26926, 17628, 390, 39880, 37181, 8871, 37442, 6097, 2890, 3628, 11256, 7555, 19988, 17697, 20111, 21373, 31120, 325, 22030, 31236, 35612, 13473, 9554, 48378, 10765, 2258, 21952, 4467, 28795, 166, 22047, 44833, 23721, 1655, 24157, 45876, 7267, 15452, 3096, 24295, 42335, 20949, 12288, 41698, 47999, 26831, 33171, 30004, 46495, 2323, 41912, 8131, 29299, 42337, 15442, 12847, 19516, 37873, 16659, 20818, 5498, 37482, 39353, 27175, 43244, 30412, 9985, 44827, 47374, 27829, 34658, 10149, 10352, 39052, 34120, 25787, 40766, 14754, 10954, 47812, 36893, 34386, 14210, 15307, 7824, 7468, 20279, 20704, 10614, 19947, 21993, 6855, 43086, 42038, 21369, 7032, 9698, 34518, 13126, 36938, 5537, 4892, 16283, 38620, 26822, 49244, 36484, 12509, 11771, 47273, 41468, 27592, 18603, 10726, 23018, 47474, 42470, 12837, 19675, 28111, 5086, 41417, 1391, 7969, 20952, 1212, 27960, 2881, 2976, 45280, 15244, 31439, 17637, 39102, 10844, 749, 49425, 38990, 21563, 46382, 11410, 12852, 1962, 31097, 38911, 1223, 42223, 8237, 12257, 517, 18099, 45270, 21750, 36411, 399, 15817, 23955, 39355, 44265, 41339, 10462, 22052, 15208, 25749, 19566, 44038, 16300, 5863, 11756, 47812, 5651, 32615, 24223, 3880, 42467, 7711, 45029, 4654, 20662, 19824, 7558, 564, 18146, 2433, 8889, 15889, 6039, 39170, 13515, 4306, 12948, 13911, 9882, 3902, 7988)","(0, 0, 1, 1, 0, 0, 1, 1, 0, 1, 1, 0, 1, 1, 1, 0, 1, 0, 1, 1, 1, 0, 1, 1, 0, 1, 1, 1, 0, 1, 0, 1, 1, 0, 1, 1, 0, 0, 1, 1, 1, 1, 1, 1, 0, 0, 1, 1, 0, 0, 1, 0, 0, 0, 1, 1, 1, 1, 0, 1, 1, 0, 1, 1, 1, 1, 1, 0, 0, 0, 0, 0, 0, 0, 1, 0, 1, 1, 0, 1, 0, 1, 1, 1, 0, 1, 1, 1, 0, 1, 1, 1, 1, 1, 1, 1, 1, 1, 0, 1, 1, 1, 1, 1, 1, 1, 1, 1, 1, 1, 0, 0, 1, 1, 0, 0, 0, 0, 1, 0, 0, 1, 1, 0, 1, 1, 0, 1, 1, 1, 1, 1, 1, 1, 0, 1, 0, 1, 1, 1, 1, 0, 1, 0, 1, 1, 1, 1, 0, 1, 0, 0, 1, 1, 1, 0, 0, 1, 0, 1, 0, 1, 0, 0, 0, 0, 0, 1, 1, 1, 1, 0, 1, 1, 0, 0, 1, 0, 1, 0, 1, 0, 1, 0, 1, 1, 1, 0, 1, 1, 1, 1, 0, 1, 1, 1, 1, 1, 1, 1)"
24.037283,200,1309.256848,7,"(48666, 17967, 7476, 16112, 39458, 492, 39175, 15761, 17188, 40224, 32482, 15800, 39577, 49057, 18300, 17657, 27487, 1584, 39807, 38573, 14035, 37212, 32896, 41195, 41701, 36295, 4220, 14473, 1746, 33952, 25233, 3598, 36963, 42241, 19923, 41139, 40671, 32364, 30131, 45502, 10765, 26166, 21428, 2525, 47938, 48365, 26504, 4413, 47326, 14600, 35148, 5620, 22830, 15905, 34140, 6470, 50002, 38523, 36207, 163, 20859, 38434, 48349, 45789, 39181, 13323, 36187, 28492, 7643, 36752, 48022, 8810, 2411, 33638, 29837, 41904, 16394, 46578, 10950, 28805, 14306, 4424, 5675, 35194, 31044, 47948, 15452, 43596, 45265, 25991, 17725, 25614, 8442, 44413, 21335, 20626, 34376, 3984, 7867, 1037, 5537, 18863, 45501, 2908, 20493, 34009, 3606, 5527, 39211, 24707, 14352, 22876, 11414, 31066, 42068, 13785, 36945, 19740, 4733, 49721, 28455, 4077, 16117, 43296, 2503, 28990, 22368, 8929, 38880, 48260, 45784, 33738, 3625, 8651, 46358, 17760, 10449, 17062, 12843, 10123, 11723, 1628, 33177, 10205, 4648, 2634, 24551, 9093, 43768, 8062, 5818, 13280, 17693, 39045, 39065, 31807, 29119, 24342, 43311, 27700, 22167, 7795, 5518, 31576, 40993, 39089, 1446, 324, 49650, 49121, 18103, 7884, 46017, 43212, 41796, 36678, 9883, 15612, 33356, 26881, 7795, 24474, 36417, 17461, 13653, 29674, 23960, 46901, 189, 21912, 40215, 47687, 16432, 39198, 18140, 4981, 40006, 17108, 12186, 945)","(1, 1, 1, 1, 0, 1, 0, 1, 1, 0, 0, 1, 0, 1, 0, 1, 0, 0, 0, 0, 1, 0, 0, 0, 0, 0, 1, 1, 1, 0, 1, 1, 0, 0, 0, 0, 0, 0, 0, 0, 1, 1, 1, 1, 0, 0, 0, 0, 0, 1, 0, 1, 0, 0, 0, 1, 0, 0, 0, 1, 1, 0, 0, 0, 0, 1, 1, 0, 1, 0, 0, 1, 1, 0, 0, 0, 1, 0, 1, 0, 1, 1, 1, 0, 1, 0, 1, 0, 0, 0, 1, 1, 1, 0, 1, 1, 0, 1, 1, 1, 1, 0, 0, 1, 1, 0, 1, 1, 0, 1, 1, 0, 1, 0, 0, 0, 0, 1, 1, 0, 1, 1, 1, 0, 1, 1, 0, 1, 0, 0, 0, 0, 1, 1, 0, 1, 1, 0, 1, 1, 1, 1, 0, 1, 1, 1, 1, 1, 0, 1, 0, 1, 0, 0, 0, 0, 1, 0, 0, 0, 1, 1, 1, 0, 0, 0, 1, 1, 0, 0, 0, 1, 0, 0, 0, 0, 1, 1, 0, 0, 0, 1, 0, 1, 1, 0, 1, 0, 1, 0, 0, 0, 0, 0, 1, 1, 0, 1, 1, 1)"
89.951166,200,1312.164926,5,"(48463, 24573, 35724, 25779, 11945, 7878, 20676, 11201, 16843, 30, 37185, 26650, 32874, 33612, 7711, 33019, 1466, 43591, 47028, 45302, 33480, 41650, 49876, 25437, 4878, 40432, 3490, 5463, 2504, 37426, 36148, 22153, 42684, 35316, 28233, 29535, 13654, 48485, 49396, 47806, 16609, 4156, 14013, 20194, 17515, 42065, 20479, 15066, 35078, 42151, 3073, 18700, 32428, 21105, 44596, 28474, 16106, 30419, 24665, 35097, 11472, 42466, 46799, 303, 58, 21848, 12061, 1063, 32277, 17, 28811, 47680, 39205, 40066, 17939, 17517, 118, 46188, 18323, 19777, 35302, 12117, 5507, 13093, 4309, 13246, 417, 18542, 27369, 26252, 15238, 42827, 28260, 24619, 43585, 20571, 25013, 47555, 1782, 13421, 7278, 29102, 34090, 5583, 36137, 9562, 49597, 20289, 47759, 18153, 23132, 25596, 23916, 30595, 43537, 43241, 48843, 17621, 42528, 25042, 1683, 28907, 38640, 16966, 449, 14544, 4214, 24821, 15643, 35370, 44721, 18947, 45176, 31748, 47384, 2553, 34331, 49951, 1506, 15536, 17132, 46265, 29138, 30932, 26166, 45442, 5369, 3220, 40223, 49684, 34795, 7161, 7662, 8269, 18642, 8141, 3021, 13283, 21648, 3283, 30344, 48156, 23648, 11329, 30425, 22844, 26652, 4997, 22267, 33293, 33204, 29333, 10213, 3594, 5174, 46428, 23694, 16743, 5659, 27312, 14892, 39839, 13508, 49482, 29820, 25045, 32900, 43782, 34122, 32203, 5448, 2653, 21660, 17210, 33993, 37781, 37134, 19886, 37403, 6589)","(0, 1, 1, 0, 1, 1, 1, 1, 1, 1, 1, 1, 0, 0, 1, 0, 1, 0, 0, 0, 0, 1, 1, 1, 1, 0, 1, 1, 1, 1, 0, 1, 0, 0, 0, 1, 1, 1, 0, 0, 1, 1, 1, 1, 0, 0, 0, 1, 0, 1, 1, 0, 0, 0, 0, 1, 1, 0, 1, 0, 1, 0, 0, 0, 1, 1, 1, 1, 0, 1, 1, 0, 0, 1, 1, 0, 1, 1, 0, 1, 0, 1, 1, 1, 1, 1, 1, 1, 1, 1, 1, 1, 0, 1, 0, 1, 1, 0, 1, 1, 1, 1, 1, 1, 1, 1, 0, 1, 1, 1, 0, 0, 1, 0, 0, 0, 0, 0, 0, 0, 1, 1, 0, 1, 1, 1, 1, 0, 1, 1, 0, 0, 1, 1, 0, 1, 0, 0, 1, 1, 1, 1, 0, 0, 1, 0, 1, 1, 0, 1, 0, 1, 1, 1, 0, 1, 1, 1, 1, 1, 0, 0, 1, 1, 0, 0, 0, 1, 0, 1, 0, 1, 1, 1, 1, 1, 1, 1, 1, 1, 1, 0, 1, 0, 0, 1, 0, 0, 0, 1, 1, 1, 1, 1, 1, 1, 1, 0, 1, 1)"
56.385934,200,1314.983613,7,"(25380, 41793, 19625, 32771, 47067, 42422, 35056, 15722, 44097, 6642, 10105, 27399, 27385, 47750, 5028, 8502, 20419, 44285, 24813, 17760, 19142, 43000, 5037, 37231, 26061, 25750, 28978, 18917, 45400, 12870, 48516, 30667, 8317, 14307, 34093, 22896, 21513, 23387, 5878, 19501, 4886, 34268, 19353, 23169, 29564, 29097, 44667, 45426, 35602, 2069, 43145, 4791, 28977, 45774, 3846, 37247, 22749, 17039, 45060, 21675, 17434, 22553, 238, 17648, 23307, 27669, 19492, 11068, 4328, 38045, 13725, 43401, 18161, 36278, 31562, 12872, 31160, 9952, 24488, 32494, 7737, 7142, 4700, 23960, 3125, 22372, 32901, 6317, 48155, 29073, 46229, 14824, 4139, 49856, 411, 23057, 12682, 213, 27377, 30941, 44494, 28446, 2992, 41654, 521, 45009, 33477, 45974, 32927, 10579, 4344, 1685, 31406, 10324, 49332, 9201, 32673, 21197, 10187, 20718, 11158, 24179, 32814, 3883, 9263, 15911, 3410, 1396, 1107, 1311, 41425, 16843, 21848, 1596, 22747, 27394, 10641, 41918, 6581, 12281, 16824, 4055, 45224, 7344, 10350, 37548, 28276, 38964, 9667, 28986, 27946, 28570, 17731, 49062, 45562, 6596, 28729, 4193, 4928, 3415, 677, 26562, 28264, 3344, 9635, 2335, 41257, 7545, 25651, 43138, 42118, 2534, 12844, 3095, 19824, 23752, 7385, 4721, 43107, 43791, 46426, 49068, 14306, 45400, 48221, 7445, 37955, 25444, 29305, 44865, 46304, 48998, 18553, 17818, 8023, 6273, 45358, 46968, 7613, 29191)","(1, 0, 1, 0, 0, 0, 0, 1, 0, 1, 1, 0, 1, 0, 1, 1, 1, 0, 1, 1, 1, 0, 1, 0, 1, 1, 1, 1, 0, 1, 0, 0, 1, 1, 0, 0, 1, 0, 1, 1, 1, 0, 1, 0, 1, 1, 0, 0, 1, 1, 0, 1, 1, 0, 1, 0, 0, 1, 0, 1, 1, 0, 1, 1, 0, 0, 1, 1, 1, 0, 0, 0, 1, 1, 0, 1, 0, 0, 0, 0, 1, 1, 1, 1, 1, 0, 0, 1, 0, 1, 0, 1, 1, 0, 1, 0, 1, 1, 1, 0, 0, 1, 1, 0, 1, 0, 0, 0, 0, 1, 1, 1, 0, 1, 0, 1, 0, 1, 1, 1, 1, 0, 0, 1, 1, 1, 1, 1, 1, 1, 0, 1, 1, 0, 0, 0, 1, 0, 1, 1, 1, 1, 0, 1, 1, 1, 0, 0, 1, 1, 1, 0, 0, 1, 0, 1, 1, 1, 0, 1, 1, 1, 0, 1, 1, 0, 0, 1, 1, 0, 0, 1, 1, 1, 1, 0, 1, 1, 0, 0, 0, 0, 1, 0, 0, 1, 0, 1, 1, 0, 0, 0, 1, 1, 1, 1, 0, 0, 0, 1)"
64.316208,200,1317.706856,0,"(4800, 14164, 19304, 30035, 49518, 45167, 11718, 13925, 28589, 31356, 18212, 30368, 48244, 15785, 1322, 34379, 46657, 14017, 18513, 28956, 48345, 515, 46337, 31039, 16006, 47913, 27414, 24458, 30807, 8225, 18182, 26578, 1708, 48795, 39705, 46224, 29688, 10378, 18245, 22756, 43753, 37149, 41089, 7223, 28511, 47316, 9429, 35158, 46414, 36907, 15610, 6567, 29040, 32729, 46171, 19171, 32735, 1564, 34981, 37855, 23841, 29450, 26872, 15102, 37958, 1709, 48549, 37782, 417, 22122, 38792, 21094, 17905, 47924, 27056, 37815, 45501, 8207, 41824, 33489, 29479, 45777, 18532, 35104, 14599, 12275, 4747, 20533, 11488, 29267, 13662, 41135, 30941, 17009, 41040, 40649, 13575, 43834, 10102, 16388, 22393, 4193, 29284, 12504, 27907, 385, 33560, 26189, 49723, 26425, 29178, 34809, 27696, 44653, 34018, 16786, 23936, 24089, 15652, 6563, 6084, 28754, 12819, 26780, 18592, 46011, 38554, 36810, 5934, 46946, 38262, 35186, 13240, 33177, 42136, 47676, 46192, 5730, 49432, 16805, 14592, 30820, 43199, 15598, 47130, 39833, 27914, 29563, 20160, 15991, 6495, 37391, 44341, 37960, 1689, 24505, 4837, 7249, 16836, 13855, 35726, 20058, 39893, 29142, 39894, 18697, 11259, 13446, 36114, 10456, 37219, 35244, 44609, 32308, 11250, 15428, 46373, 32064, 11936, 17004, 40543, 14493, 6043, 35443, 7208, 10066, 17496, 20263, 41938, 28718, 46876, 33603, 6980, 6295, 3715, 34861, 16701, 23058, 45874, 30124)","(1, 1, 1, 0, 1, 0, 1, 1, 0, 1, 1, 0, 0, 1, 0, 1, 0, 1, 1, 1, 0, 1, 1, 1, 1, 0, 1, 1, 0, 1, 0, 1, 0, 0, 0, 0, 1, 1, 1, 0, 0, 1, 0, 1, 0, 1, 1, 0, 1, 0, 1, 1, 1, 1, 1, 1, 1, 1, 0, 0, 1, 0, 0, 1, 0, 1, 0, 1, 1, 0, 0, 1, 1, 0, 0, 0, 0, 1, 0, 0, 1, 0, 0, 0, 0, 1, 1, 0, 0, 1, 1, 0, 0, 1, 0, 0, 1, 0, 1, 0, 0, 1, 1, 1, 1, 1, 0, 1, 0, 1, 0, 0, 0, 0, 0, 0, 0, 1, 1, 1, 1, 0, 1, 0, 0, 0, 0, 0, 1, 1, 0, 0, 1, 0, 0, 0, 1, 1, 0, 1, 1, 0, 0, 0, 0, 0, 1, 0, 1, 1, 1, 1, 0, 0, 1, 1, 1, 0, 1, 1, 0, 1, 0, 1, 0, 0, 0, 1, 0, 0, 1, 0, 0, 0, 0, 1, 0, 0, 1, 1, 0, 1, 1, 1, 1, 1, 1, 1, 1, 1, 1, 0, 1, 1, 1, 0, 1, 0, 0, 1)"
69.549512,200,1320.2446,5,"(8867, 5403, 24824, 33850, 26875, 13995, 12898, 31576, 34526, 17652, 37209, 11574, 10691, 16978, 44986, 14583, 47715, 40512, 4513, 14181, 21366, 31945, 43894, 32662, 25077, 41889, 2906, 25313, 38419, 1386, 48704, 14107, 41147, 31806, 33185, 13180, 5119, 16022, 49744, 44757, 19958, 18014, 47663, 5687, 19428, 34225, 16104, 37401, 11860, 32340, 21749, 14193, 10821, 43292, 47663, 2423, 9227, 41413, 26954, 24857, 25804, 48133, 7746, 6660, 46594, 5946, 27174, 17771, 13193, 27879, 9853, 10323, 29341, 43060, 5508, 183, 26837, 27218, 6659, 22271, 28814, 7294, 13716, 47465, 21502, 14506, 32116, 32542, 25838, 14823, 14795, 34574, 33651, 23127, 253, 47670, 7576, 23755, 35409, 9204, 33223, 40358, 34870, 34692, 19631, 30033, 38641, 22671, 48001, 1448, 20434, 6693, 17568, 46271, 21118, 29836, 12624, 7330, 11105, 29780, 11291, 33601, 46890, 11364, 28453, 44836, 10605, 25030, 24797, 19366, 7894, 44484, 28766, 27999, 8990, 5677, 47771, 3243, 48470, 3538, 44569, 7265, 16606, 15988, 19469, 3854, 13255, 44731, 16454, 19131, 7296, 43967, 10457, 31202, 8868, 33690, 49253, 34090, 8324, 46362, 47023, 35365, 28826, 32017, 28356, 24069, 39937, 47027, 47921, 27732, 45330, 14406, 42695, 44865, 27663, 19656, 9156, 42124, 18768, 45314, 40300, 5323, 36490, 10760, 31004, 42041, 2728, 45517, 32974, 49716, 5141, 33974, 42886, 34899, 43379, 40331, 43259, 16574, 1466, 10186)","(1, 1, 1, 0, 0, 1, 1, 0, 0, 1, 1, 1, 1, 1, 1, 0, 1, 0, 1, 1, 1, 1, 0, 1, 0, 0, 1, 0, 0, 1, 1, 1, 0, 1, 0, 1, 1, 1, 0, 0, 0, 1, 0, 1, 1, 1, 1, 0, 1, 0, 1, 1, 1, 0, 0, 0, 1, 0, 0, 1, 0, 0, 1, 1, 0, 1, 1, 1, 1, 1, 1, 1, 1, 1, 0, 1, 1, 1, 1, 0, 1, 1, 0, 1, 1, 0, 1, 1, 0, 1, 1, 1, 1, 0, 1, 0, 0, 0, 1, 1, 0, 0, 0, 0, 1, 0, 1, 0, 0, 0, 1, 1, 0, 1, 0, 0, 1, 1, 0, 0, 0, 0, 0, 1, 0, 0, 0, 1, 1, 1, 1, 0, 1, 1, 1, 1, 1, 1, 0, 1, 0, 1, 1, 1, 1, 1, 1, 0, 1, 1, 0, 0, 1, 0, 0, 0, 1, 1, 1, 1, 0, 1, 1, 1, 0, 1, 0, 1, 0, 1, 0, 1, 0, 0, 0, 1, 1, 1, 0, 0, 0, 1, 0, 0, 1, 0, 1, 0, 1, 0, 1, 0, 1, 0, 0, 0, 0, 1, 1, 1)"
63.691052,200,1322.656405,0,"(9118, 43324, 40582, 38082, 23669, 16401, 46779, 42385, 25076, 32565, 29741, 24006, 36904, 26751, 5485, 22326, 864, 47873, 36795, 48473, 11145, 5719, 14359, 29580, 29817, 45404, 47167, 8798, 22716, 16801, 16210, 43700, 323, 18196, 5099, 11169, 32951, 46286, 30340, 20489, 47327, 35439, 15444, 31508, 38218, 23766, 11644, 972, 40854, 6369, 13680, 2249, 26580, 32909, 18196, 29101, 16984, 3899, 12916, 597, 38613, 612, 18061, 13323, 26036, 30577, 9723, 2621, 28617, 14338, 19394, 35435, 17381, 48658, 42351, 46628, 7876, 17021, 7103, 34343, 39024, 14758, 35921, 3932, 29837, 31635, 40162, 9265, 13003, 19314, 35610, 15984, 8873, 7059, 34889, 23369, 751, 3805, 21406, 41738, 24652, 31647, 43326, 1405, 802, 41898, 5011, 2984, 43534, 19802, 13537, 4843, 29266, 38881, 48232, 7589, 13401, 10469, 4977, 26186, 28937, 47519, 37553, 1771, 47110, 35221, 4767, 27205, 14695, 49474, 46975, 9680, 46982, 12455, 11179, 5225, 35080, 14982, 27059, 6796, 11824, 31070, 26826, 24305, 13341, 20207, 45951, 15911, 16087, 26054, 21621, 11217, 18943, 45891, 23240, 34037, 36361, 33269, 49718, 40786, 23072, 3895, 10787, 14938, 43742, 38908, 33549, 3403, 21836, 8946, 19549, 16827, 39013, 7097, 21207, 47320, 15095, 42178, 35415, 43294, 30146, 39494, 6700, 37058, 20924, 533, 20698, 34894, 28580, 48611, 13919, 15025, 30391, 16828, 41626, 17573, 17643, 24168, 7180, 23281)","(1, 0, 0, 0, 1, 1, 1, 0, 1, 0, 1, 1, 0, 0, 1, 0, 1, 0, 0, 1, 1, 1, 1, 1, 0, 0, 0, 1, 0, 1, 1, 0, 1, 0, 1, 1, 0, 1, 0, 1, 0, 0, 1, 0, 0, 1, 1, 1, 0, 1, 0, 1, 0, 0, 0, 1, 0, 0, 1, 1, 0, 1, 1, 1, 1, 0, 1, 1, 1, 1, 0, 0, 0, 0, 0, 1, 1, 1, 0, 1, 1, 1, 1, 0, 0, 1, 0, 1, 0, 0, 0, 1, 1, 1, 0, 0, 0, 1, 1, 0, 0, 1, 0, 1, 1, 1, 1, 1, 0, 1, 1, 1, 1, 1, 0, 1, 0, 1, 1, 0, 1, 0, 0, 1, 1, 0, 1, 0, 1, 0, 0, 1, 0, 1, 1, 1, 1, 1, 1, 1, 1, 0, 1, 1, 1, 1, 0, 1, 1, 1, 0, 1, 1, 1, 0, 0, 0, 0, 0, 1, 0, 1, 0, 0, 0, 0, 0, 1, 1, 1, 0, 0, 1, 1, 1, 0, 1, 0, 1, 0, 0, 0, 1, 0, 1, 0, 1, 0, 1, 1, 1, 1, 0, 1, 0, 0, 1, 0, 1, 1)"
69.700876,200,1325.206241,6,"(5656, 29129, 20895, 24307, 16145, 11390, 804, 1101, 41922, 16932, 3429, 33988, 26841, 8638, 20594, 42679, 17123, 49003, 27644, 38795, 1589, 3489, 20714, 41007, 22294, 28993, 42350, 20123, 31512, 1086, 43362, 28603, 42633, 37155, 11344, 22769, 13106, 21579, 29466, 3669, 8481, 21260, 16028, 37434, 3553, 17032, 17032, 18721, 18450, 41894, 20675, 10074, 25013, 48802, 35060, 36218, 14612, 48801, 26554, 42743, 9913, 1275, 35293, 27862, 6077, 13232, 39774, 41342, 20843, 45858, 12558, 29325, 22887, 10281, 6251, 22096, 26929, 20984, 14988, 36354, 33778, 14078, 17179, 40360, 2440, 3047, 2072, 18402, 11558, 24848, 7642, 43650, 49877, 4079, 9134, 39702, 21001, 14925, 20701, 7827, 37523, 4085, 3945, 3016, 2697, 44850, 48873, 24787, 23439, 4026, 5878, 8681, 49312, 23773, 41155, 40254, 43877, 35612, 33738, 4390, 28344, 42606, 11072, 42130, 19383, 14982, 2632, 44638, 25818, 4648, 19264, 34671, 46507, 42102, 10840, 37205, 46179, 22434, 31624, 49536, 12851, 37284, 11395, 28384, 39669, 17166, 8201, 27, 36388, 37504, 33986, 20917, 44022, 37545, 48278, 31252, 6812, 27904, 6154, 43477, 12739, 21789, 28808, 21532, 5914, 28144, 25245, 20217, 45567, 11141, 35733, 38929, 6775, 12322, 37688, 42167, 47276, 1113, 2167, 35272, 13580, 40898, 11072, 5027, 5654, 8691, 30114, 22923, 32071, 37108, 3771, 32425, 39640, 24287, 37299, 30504, 49047, 16193, 37329, 46324)","(1, 1, 1, 1, 1, 1, 1, 1, 1, 1, 0, 0, 1, 1, 1, 0, 1, 1, 0, 0, 1, 1, 1, 0, 0, 1, 0, 1, 0, 1, 0, 1, 0, 0, 1, 0, 1, 1, 1, 0, 0, 0, 1, 1, 1, 1, 0, 1, 0, 0, 1, 0, 1, 1, 0, 1, 1, 1, 0, 0, 1, 1, 0, 1, 1, 1, 1, 0, 1, 0, 1, 1, 0, 1, 1, 1, 1, 1, 1, 0, 0, 1, 0, 0, 1, 1, 1, 1, 1, 0, 1, 0, 1, 1, 1, 0, 1, 1, 1, 1, 1, 1, 1, 1, 1, 0, 1, 1, 1, 1, 1, 1, 0, 1, 0, 0, 0, 1, 0, 1, 0, 0, 1, 0, 1, 1, 1, 0, 0, 1, 1, 0, 1, 0, 1, 0, 1, 0, 1, 1, 1, 1, 0, 0, 0, 1, 0, 1, 0, 1, 1, 0, 0, 0, 0, 1, 1, 0, 0, 0, 1, 0, 0, 1, 1, 1, 1, 1, 0, 1, 1, 1, 1, 1, 1, 0, 1, 1, 0, 0, 1, 0, 0, 1, 1, 1, 1, 0, 0, 1, 1, 1, 0, 1, 1, 0, 1, 1, 1, 0)"
39.498821,200,1335.022252,7,"(42408, 24358, 3655, 32245, 36629, 6148, 34492, 43516, 27164, 35268, 33092, 10041, 15206, 34530, 10004, 7504, 24880, 21649, 2558, 27996, 7755, 45491, 19643, 8786, 23808, 23720, 48013, 2213, 41355, 12191, 34020, 22659, 17232, 48205, 23233, 7623, 10089, 12996, 35154, 21700, 49378, 38303, 35792, 29143, 8789, 16467, 21691, 7164, 15355, 6083, 16046, 30069, 42161, 36146, 30974, 10961, 24226, 4165, 42540, 47083, 21842, 29185, 8377, 35389, 9567, 18676, 35552, 7300, 22027, 22876, 41420, 41202, 45904, 4028, 49999, 22360, 16568, 33396, 24680, 11034, 29308, 1737, 29466, 37305, 36944, 10116, 41054, 29419, 45378, 27223, 41308, 20486, 48463, 12967, 37331, 17148, 1749, 20205, 1577, 6836, 39956, 12612, 9100, 34278, 1601, 38583, 14270, 24358, 49296, 14209, 23247, 31184, 9473, 19515, 44167, 8479, 36805, 11453, 17844, 3953, 27344, 42166, 46610, 29784, 9564, 41268, 28537, 2071, 331, 9199, 31264, 16578, 32634, 4533, 182, 3355, 49066, 30367, 26992, 10355, 32094, 39603, 38226, 32701, 35891, 42975, 4790, 2560, 46809, 29682, 17281, 40189, 25490, 46206, 99, 21071, 47359, 14375, 28755, 3437, 4965, 34041, 1884, 4386, 38565, 36952, 23476, 19086, 16876, 7125, 33231, 16833, 3960, 20948, 4487, 23297, 23061, 38218, 7590, 47210, 235, 20526, 30103, 31775, 21876, 5258, 31058, 14048, 46420, 10967, 15694, 40269, 45900, 2245, 30145, 13647, 4272, 12577, 31281, 35571)","(0, 1, 1, 0, 0, 1, 0, 0, 1, 0, 0, 1, 1, 0, 1, 1, 0, 0, 1, 1, 1, 0, 1, 1, 0, 1, 0, 1, 0, 1, 0, 0, 1, 0, 0, 1, 1, 0, 0, 1, 0, 0, 0, 1, 1, 1, 1, 1, 1, 1, 1, 0, 0, 0, 0, 1, 0, 1, 0, 0, 1, 1, 1, 0, 1, 1, 1, 1, 0, 0, 0, 0, 0, 1, 0, 0, 0, 0, 1, 1, 1, 1, 0, 0, 0, 1, 0, 0, 0, 0, 0, 1, 0, 1, 1, 0, 1, 1, 1, 1, 0, 1, 1, 0, 1, 0, 1, 0, 0, 1, 0, 0, 1, 1, 0, 1, 1, 1, 1, 1, 0, 0, 0, 0, 1, 0, 1, 1, 1, 1, 1, 1, 0, 1, 1, 1, 0, 0, 1, 1, 0, 0, 0, 0, 0, 0, 1, 1, 0, 1, 0, 0, 0, 0, 1, 0, 0, 1, 1, 1, 1, 0, 1, 1, 0, 0, 1, 1, 1, 0, 0, 1, 1, 0, 1, 1, 0, 0, 1, 0, 1, 1, 0, 0, 1, 1, 0, 1, 0, 1, 1, 0, 0, 1, 0, 1, 1, 1, 1, 0)"
81.149447,200,1337.622721,2,"(35890, 36924, 44610, 46863, 8531, 1324, 1956, 45928, 40723, 28267, 21880, 1044, 27606, 42815, 19992, 17877, 42029, 21919, 38815, 36379, 49263, 32791, 42256, 36092, 12106, 24959, 28567, 39137, 14196, 49226, 34481, 22510, 35336, 29522, 33799, 48860, 20053, 41085, 11842, 42245, 30302, 10866, 31129, 35515, 21649, 20498, 44242, 48702, 36505, 24881, 32266, 31501, 23237, 40595, 31693, 11091, 14517, 40660, 42424, 35093, 30070, 16158, 46060, 34567, 41375, 25178, 18402, 23981, 29635, 23149, 48773, 49131, 39092, 26742, 44247, 41447, 27019, 23336, 20479, 34718, 2899, 7822, 35746, 14505, 9477, 10533, 32842, 33725, 4875, 15295, 44096, 24286, 2, 21951, 19965, 8291, 10189, 45515, 21636, 41179, 32058, 34816, 13037, 14392, 33018, 36031, 25239, 20340, 32799, 30343, 35398, 2343, 24242, 14051, 35518, 48125, 40479, 28629, 21795, 13807, 47074, 47072, 44639, 12365, 1792, 46555, 46470, 29520, 29916, 38251, 10458, 31556, 6913, 1667, 1087, 16819, 3421, 11207, 1873, 1258, 9365, 19904, 11354, 25231, 18359, 10670, 1795, 38550, 42605, 20766, 30866, 47181, 290, 36144, 37104, 13772, 44796, 19735, 1919, 39903, 19133, 37422, 8504, 896, 32928, 49281, 8265, 41017, 390, 15046, 5100, 13588, 9114, 49056, 18658, 29130, 24570, 44045, 25459, 5948, 2890, 6517, 16281, 20875, 12921, 26781, 13815, 12025, 5720, 3784, 4591, 5707, 38309, 26813, 11290, 41450, 22573, 45980, 3411, 33183)","(1, 1, 0, 1, 1, 1, 1, 1, 0, 0, 1, 1, 1, 0, 1, 0, 1, 0, 1, 1, 1, 0, 0, 1, 1, 1, 0, 1, 1, 0, 1, 0, 0, 0, 0, 0, 1, 0, 1, 0, 0, 1, 0, 1, 0, 1, 0, 1, 1, 1, 1, 0, 0, 0, 1, 1, 1, 0, 0, 0, 0, 1, 0, 0, 0, 0, 1, 1, 1, 0, 0, 0, 1, 0, 1, 0, 1, 0, 0, 1, 1, 1, 1, 1, 1, 1, 0, 0, 1, 1, 0, 1, 1, 1, 0, 1, 1, 1, 1, 0, 1, 0, 1, 1, 1, 1, 0, 1, 1, 0, 0, 1, 1, 1, 1, 0, 0, 1, 1, 0, 0, 1, 0, 0, 1, 1, 1, 0, 0, 1, 0, 0, 1, 1, 1, 1, 1, 1, 1, 1, 1, 1, 1, 1, 1, 1, 1, 0, 0, 1, 0, 1, 1, 1, 1, 0, 0, 1, 1, 0, 1, 1, 1, 1, 1, 1, 1, 0, 1, 1, 1, 0, 1, 1, 1, 1, 1, 0, 0, 1, 1, 1, 1, 1, 1, 1, 0, 1, 1, 1, 1, 1, 1, 0, 0, 0, 0, 0, 1, 1)"
37.242162,200,1340.155846,7,"(13876, 11576, 12385, 43493, 4317, 38822, 38713, 11222, 38829, 15726, 12189, 44189, 14603, 27446, 9333, 29921, 24517, 48016, 10905, 9930, 48918, 35774, 9632, 15040, 25030, 45802, 5857, 7788, 49862, 12206, 41498, 20352, 49514, 21713, 44209, 30029, 24773, 26704, 44263, 16609, 21531, 4843, 7687, 33580, 17203, 30837, 25553, 43078, 21975, 48428, 43363, 15780, 23002, 49447, 22837, 24827, 27480, 47181, 44390, 4468, 18673, 39156, 46351, 33608, 11880, 44647, 8869, 4012, 9150, 17493, 5982, 34141, 16897, 9387, 25008, 697, 5699, 41630, 41892, 36012, 20119, 19293, 44288, 8422, 6527, 38688, 29872, 32745, 43349, 49432, 30653, 23469, 3079, 8464, 23663, 44374, 12651, 46603, 48685, 22075, 45007, 4738, 33103, 48618, 24338, 1006, 22283, 23941, 35465, 32478, 49341, 37138, 39637, 42743, 39521, 10415, 13051, 10730, 16332, 13489, 39827, 36275, 29241, 608, 1121, 36856, 6608, 46243, 22871, 6105, 35479, 27483, 34040, 15048, 43856, 24375, 49586, 16817, 27078, 23829, 13818, 25939, 8478, 9462, 24003, 14247, 21882, 38077, 35650, 18686, 23581, 34817, 43866, 49657, 411, 32562, 21057, 37014, 16254, 47545, 42602, 21034, 34548, 14554, 3415, 2384, 34896, 37217, 3612, 12346, 39509, 5621, 20771, 31257, 2889, 49543, 25883, 36286, 20385, 28219, 7038, 11353, 13523, 43188, 14706, 36123, 33881, 7323, 24262, 13781, 24089, 41291, 419, 7217, 10685, 411, 37527, 41362, 19417, 45778)","(1, 1, 1, 0, 1, 0, 0, 1, 0, 1, 1, 0, 1, 0, 1, 0, 1, 0, 1, 1, 0, 1, 1, 0, 1, 0, 1, 1, 0, 1, 0, 1, 0, 1, 0, 0, 1, 1, 0, 1, 0, 1, 1, 0, 1, 0, 1, 0, 1, 0, 0, 1, 0, 1, 0, 1, 0, 0, 0, 0, 0, 0, 0, 0, 1, 0, 0, 1, 1, 1, 1, 0, 1, 1, 1, 1, 1, 0, 0, 0, 0, 1, 0, 1, 1, 0, 0, 0, 0, 0, 0, 1, 1, 1, 1, 0, 1, 0, 0, 1, 0, 0, 0, 1, 0, 1, 0, 1, 0, 0, 0, 1, 0, 0, 0, 1, 1, 1, 1, 1, 0, 1, 1, 1, 1, 1, 1, 0, 0, 1, 1, 0, 0, 1, 0, 0, 0, 1, 0, 1, 0, 0, 1, 1, 1, 1, 1, 0, 1, 1, 1, 0, 0, 0, 1, 0, 1, 0, 1, 0, 0, 1, 0, 1, 1, 0, 0, 1, 1, 1, 0, 1, 1, 1, 1, 0, 0, 1, 0, 0, 1, 1, 1, 0, 1, 1, 0, 1, 1, 0, 1, 0, 1, 1, 1, 0, 1, 0, 0, 0)"
26.754936,200,1342.558295,7,"(7940, 32486, 48090, 11542, 11753, 44053, 33710, 40168, 17561, 4920, 45478, 16180, 44642, 49218, 9468, 31447, 35409, 5096, 2631, 16361, 35771, 15308, 560, 16363, 1865, 6913, 17342, 12549, 48086, 27705, 2832, 45244, 899, 45261, 28195, 49953, 19228, 41114, 14064, 9706, 5213, 31390, 19645, 7608, 35948, 9296, 27934, 26383, 20831, 23935, 16869, 11681, 41614, 31653, 42949, 23840, 26174, 42589, 42611, 41025, 14801, 42531, 44083, 18474, 2902, 45242, 14459, 7634, 39202, 42735, 30368, 3146, 26542, 9412, 6897, 2374, 2996, 9075, 32009, 3173, 29221, 11233, 1645, 27940, 15787, 45128, 40337, 46954, 23612, 41604, 2256, 48195, 13391, 23663, 27408, 32367, 8258, 9223, 43469, 26886, 11338, 26991, 19631, 35674, 44398, 31594, 11876, 44176, 18712, 29484, 32069, 6512, 33407, 23985, 21431, 889, 47752, 1326, 5071, 43645, 33224, 36797, 7973, 34678, 4732, 4, 48213, 11675, 15531, 30903, 35830, 21662, 7167, 47112, 13838, 22881, 20228, 48938, 9977, 34130, 13193, 15015, 41264, 6196, 48016, 23604, 22238, 35996, 35141, 48627, 9532, 47578, 565, 29232, 36545, 1087, 9822, 44629, 18430, 48683, 33132, 18605, 30451, 20429, 13936, 47428, 40547, 5232, 2238, 47681, 37554, 8972, 18881, 49802, 583, 10571, 40936, 9021, 12182, 49366, 47143, 40925, 8334, 23612, 2011, 41329, 1162, 40512, 43347, 38811, 45822, 21632, 20063, 47991, 48447, 19955, 28886, 40956, 44340, 20414)","(1, 0, 0, 1, 1, 0, 0, 0, 1, 1, 0, 1, 0, 1, 1, 1, 0, 1, 1, 1, 1, 0, 1, 1, 1, 1, 0, 1, 0, 0, 1, 0, 1, 0, 0, 0, 1, 0, 1, 1, 1, 1, 1, 1, 0, 0, 1, 0, 1, 1, 1, 1, 0, 0, 0, 1, 1, 0, 0, 0, 1, 0, 0, 1, 1, 0, 1, 0, 0, 0, 0, 0, 0, 1, 1, 1, 1, 1, 0, 1, 0, 1, 1, 1, 1, 0, 0, 0, 0, 0, 1, 0, 1, 1, 0, 0, 1, 1, 0, 0, 1, 1, 1, 0, 0, 0, 1, 0, 0, 0, 0, 1, 0, 1, 1, 0, 0, 1, 1, 0, 0, 1, 1, 0, 1, 1, 0, 1, 1, 0, 0, 1, 1, 0, 1, 0, 0, 0, 1, 0, 1, 1, 0, 1, 0, 0, 0, 1, 0, 1, 1, 0, 1, 0, 0, 1, 1, 0, 1, 0, 0, 1, 0, 0, 1, 0, 0, 1, 1, 0, 0, 1, 1, 0, 1, 1, 0, 1, 1, 0, 0, 0, 1, 0, 1, 0, 1, 0, 0, 0, 0, 1, 1, 0, 0, 1, 1, 0, 0, 1)"
34.223296,200,1345.020185,7,"(30460, 6596, 29139, 24454, 45730, 29791, 49548, 40325, 28656, 1763, 3019, 33224, 39556, 16209, 44449, 8086, 2544, 5201, 14336, 908, 35005, 16752, 28892, 12379, 9000, 44686, 12102, 7633, 23764, 45635, 12635, 46634, 28864, 42250, 38853, 125, 21258, 36755, 22150, 49746, 3618, 13125, 21655, 38311, 41244, 24127, 27894, 11734, 21683, 28819, 6432, 33139, 8103, 9738, 35904, 6574, 7270, 34591, 39761, 42430, 382, 45590, 19672, 43321, 46130, 24811, 30319, 5116, 36919, 7727, 36214, 30255, 40552, 25440, 5150, 260, 30053, 42880, 7805, 789, 21857, 31522, 32666, 12416, 25948, 32094, 3007, 40201, 23963, 23966, 28265, 47719, 46676, 31109, 43886, 2325, 35261, 28735, 20205, 44730, 28111, 28991, 13770, 21846, 42963, 3314, 7444, 49476, 10274, 33980, 3329, 37045, 3672, 20025, 17203, 9777, 305, 32348, 44646, 42432, 36561, 5747, 18125, 8883, 22504, 33766, 27821, 36170, 7214, 29006, 14289, 18944, 33433, 12622, 35097, 15952, 19413, 47120, 17654, 36551, 10031, 49817, 42658, 25269, 16947, 34135, 10873, 32357, 25147, 46201, 6743, 935, 44395, 41081, 43338, 49297, 18962, 98, 30316, 19210, 15482, 26271, 1753, 35875, 3697, 16590, 16699, 3710, 7615, 6126, 16556, 26160, 34396, 26482, 426, 11636, 9135, 48671, 9129, 19035, 49005, 45200, 1844, 46304, 31215, 22411, 23125, 19058, 7855, 12054, 26597, 40213, 6487, 16272, 39500, 34269, 30302, 19937, 7757, 7914)","(0, 1, 1, 1, 0, 0, 0, 0, 0, 1, 1, 0, 0, 1, 0, 1, 1, 1, 1, 1, 0, 1, 0, 1, 1, 0, 1, 1, 0, 0, 1, 0, 1, 0, 0, 0, 0, 0, 1, 0, 1, 1, 1, 1, 0, 0, 0, 1, 1, 1, 1, 0, 1, 1, 0, 1, 1, 0, 0, 0, 1, 0, 1, 0, 0, 1, 0, 1, 1, 1, 1, 0, 0, 1, 1, 1, 0, 0, 1, 1, 1, 0, 0, 1, 1, 0, 1, 0, 1, 1, 0, 0, 0, 0, 0, 0, 0, 1, 1, 0, 1, 0, 0, 1, 0, 0, 1, 0, 0, 0, 1, 1, 1, 1, 1, 1, 1, 0, 0, 0, 1, 1, 1, 1, 0, 0, 0, 0, 0, 1, 1, 0, 0, 1, 0, 1, 0, 0, 1, 0, 1, 0, 0, 0, 1, 0, 1, 0, 1, 0, 1, 1, 0, 0, 0, 0, 1, 1, 0, 1, 1, 1, 1, 0, 1, 1, 0, 1, 1, 1, 1, 0, 0, 1, 1, 1, 1, 0, 1, 0, 0, 0, 1, 0, 1, 0, 0, 1, 0, 1, 1, 0, 1, 1, 0, 0, 0, 1, 1, 0)"
26.604693,200,1347.562847,7,"(17661, 42923, 32727, 653, 31679, 29637, 34664, 14902, 49929, 3683, 44845, 43427, 28572, 43845, 6805, 6722, 5883, 43641, 22271, 17708, 8332, 21127, 6428, 19438, 41758, 4093, 40406, 17731, 22041, 33738, 32855, 33175, 24103, 6308, 36137, 41514, 43218, 605, 1686, 15510, 21489, 33910, 16016, 14382, 43070, 46793, 41238, 14732, 16134, 10755, 21262, 18101, 6607, 14229, 19393, 6350, 22936, 49736, 17012, 43868, 37058, 27721, 42613, 13584, 1059, 11160, 38404, 17023, 37035, 22266, 11033, 19422, 4058, 28762, 37778, 43332, 17980, 31640, 7961, 11214, 42433, 25430, 13485, 21036, 12924, 29363, 28312, 49137, 1436, 13080, 16150, 1520, 39029, 43452, 16802, 15187, 47952, 33538, 37699, 27614, 27027, 27230, 8757, 26730, 29680, 6221, 38863, 28088, 11129, 10993, 36910, 5030, 6089, 25481, 42857, 6592, 16874, 33029, 32076, 21202, 30989, 1935, 38893, 38799, 34824, 24480, 48985, 40130, 24155, 45400, 21021, 2397, 49856, 21622, 12871, 10794, 43598, 49587, 21695, 31149, 8302, 12504, 22581, 31828, 40647, 2408, 25639, 27028, 41110, 16514, 21959, 23410, 22680, 34203, 4146, 33900, 39509, 15846, 11416, 29545, 37890, 2651, 32340, 11735, 34887, 2357, 18832, 19605, 29425, 15589, 27871, 32331, 45207, 6397, 6230, 18167, 24131, 11904, 38338, 35273, 17493, 21424, 2806, 28547, 38987, 14563, 21181, 16164, 40127, 43210, 43517, 28684, 14100, 22498, 35138, 21226, 40340, 9253, 30168, 21632)","(0, 0, 0, 1, 0, 0, 0, 1, 0, 1, 0, 0, 1, 0, 1, 1, 1, 0, 0, 1, 1, 0, 1, 0, 0, 1, 0, 0, 1, 0, 0, 0, 0, 1, 1, 0, 0, 1, 1, 1, 1, 0, 1, 1, 0, 0, 0, 1, 1, 1, 0, 0, 1, 1, 1, 0, 0, 0, 1, 0, 0, 0, 0, 0, 1, 1, 0, 1, 1, 0, 1, 0, 0, 1, 0, 0, 1, 0, 1, 1, 0, 1, 1, 1, 1, 1, 0, 0, 1, 1, 1, 1, 0, 0, 1, 1, 0, 0, 0, 0, 1, 1, 1, 1, 0, 1, 0, 0, 1, 1, 0, 1, 0, 1, 0, 1, 1, 0, 0, 0, 1, 1, 0, 0, 0, 1, 1, 0, 1, 0, 1, 1, 0, 1, 0, 1, 0, 0, 1, 0, 1, 1, 0, 0, 0, 0, 1, 0, 0, 1, 1, 1, 0, 0, 1, 0, 0, 1, 1, 0, 0, 1, 0, 1, 0, 0, 0, 1, 0, 0, 1, 0, 0, 1, 1, 1, 0, 1, 1, 0, 1, 0, 1, 0, 0, 0, 1, 1, 0, 0, 0, 1, 1, 0, 0, 1, 0, 1, 0, 1)"
105.767174,200,1350.453134,2,"(12190, 25404, 47517, 22606, 14696, 42123, 15443, 25252, 5894, 14885, 39053, 46844, 11362, 30020, 4185, 30345, 1971, 41219, 47787, 33977, 45196, 28047, 39000, 9943, 27259, 7321, 8052, 21999, 38576, 17313, 39368, 47281, 7022, 27358, 451, 36496, 18346, 2624, 19976, 6457, 6603, 41504, 29785, 21588, 18244, 19608, 19264, 13876, 810, 20884, 24506, 42879, 48662, 1414, 17920, 18528, 45465, 35494, 22883, 36210, 46126, 34606, 4402, 25252, 32373, 34011, 7219, 31464, 21654, 8854, 33519, 28610, 49468, 29111, 24726, 16184, 8808, 40711, 20843, 17436, 32736, 26351, 25146, 7752, 12527, 34705, 15912, 35689, 28060, 36289, 2748, 12193, 2112, 19146, 19275, 38183, 3225, 32198, 9246, 41049, 33015, 43670, 40087, 5753, 45210, 30391, 12351, 42605, 42555, 19738, 39746, 26767, 45635, 8788, 34965, 7292, 21008, 21340, 3800, 5851, 5601, 28874, 12352, 42103, 11890, 48591, 43806, 3181, 4493, 40165, 41379, 14356, 20388, 11102, 304, 28122, 12667, 7171, 39005, 41668, 18145, 12671, 38458, 27842, 25214, 44917, 9750, 21482, 29163, 38038, 26256, 13609, 28385, 18946, 20173, 10448, 20637, 26266, 21751, 3208, 24869, 45997, 4823, 19398, 49416, 2984, 27510, 10504, 40365, 21756, 15113, 44005, 6178, 3635, 7457, 7772, 34619, 49519, 11513, 30705, 31742, 47097, 11657, 24856, 375, 18614, 23181, 7752, 49233, 48267, 31726, 18844, 19946, 15034, 44728, 33524, 32959, 7937, 15925, 17089)","(1, 1, 0, 0, 1, 1, 1, 1, 1, 1, 0, 0, 1, 0, 1, 0, 1, 1, 1, 0, 1, 0, 1, 1, 1, 1, 1, 1, 1, 1, 1, 0, 1, 0, 1, 1, 1, 1, 1, 1, 1, 1, 1, 0, 1, 1, 1, 1, 1, 1, 1, 1, 1, 1, 1, 1, 0, 1, 0, 0, 0, 0, 1, 0, 1, 1, 1, 1, 1, 1, 0, 1, 0, 1, 1, 1, 0, 0, 1, 1, 0, 0, 1, 1, 1, 0, 1, 1, 1, 1, 1, 1, 1, 1, 1, 1, 1, 1, 1, 1, 1, 0, 1, 1, 0, 0, 1, 0, 0, 1, 0, 0, 0, 1, 1, 1, 1, 1, 1, 1, 1, 1, 1, 0, 1, 0, 0, 1, 1, 0, 0, 1, 1, 1, 1, 1, 1, 1, 0, 1, 1, 1, 0, 1, 1, 0, 1, 1, 0, 1, 1, 1, 0, 1, 1, 1, 1, 1, 1, 1, 0, 0, 1, 1, 1, 1, 0, 1, 0, 1, 1, 0, 1, 1, 1, 1, 0, 1, 1, 0, 1, 1, 1, 1, 1, 1, 0, 0, 0, 0, 1, 1, 1, 1, 0, 1, 1, 1, 1, 1)"
90.510229,200,1354.100283,1,"(31351, 29106, 15571, 33540, 23284, 16649, 6764, 12716, 15686, 22220, 11652, 17876, 48006, 17956, 3664, 12100, 18475, 35373, 47333, 13075, 35942, 37922, 20213, 30208, 5973, 33335, 41914, 16615, 47465, 35188, 21365, 13677, 396, 16068, 34284, 28490, 6442, 44534, 16123, 32456, 15277, 10572, 25056, 40249, 30638, 26039, 44343, 26769, 23577, 48735, 19375, 15591, 38181, 35906, 39462, 1835, 45917, 36198, 49701, 49149, 12435, 37325, 17309, 39118, 10988, 12641, 43497, 10547, 4262, 1705, 11512, 4545, 4706, 16327, 9485, 1692, 8236, 5199, 5832, 22793, 34826, 7417, 37971, 23944, 35893, 39492, 21658, 43352, 9116, 31621, 29790, 24641, 13917, 49354, 13647, 25345, 10462, 26647, 33892, 41043, 12762, 1960, 13137, 4382, 7376, 16661, 42760, 42807, 11564, 10077, 7135, 4050, 6018, 20373, 27147, 6981, 31479, 1982, 4493, 35139, 3884, 4823, 38092, 1406, 49284, 8100, 31252, 26764, 20853, 41147, 25165, 36461, 2009, 770, 11839, 5384, 20814, 24090, 12347, 12026, 143, 480, 17147, 1560, 1271, 33055, 43441, 43864, 41807, 31074, 44733, 39053, 5796, 41313, 3488, 48504, 33232, 29124, 12626, 18585, 14755, 4439, 21365, 32997, 13215, 40243, 24856, 26874, 25876, 15734, 32934, 21816, 29177, 46369, 4824, 46796, 41291, 30761, 5385, 46778, 39480, 27783, 28436, 20671, 32846, 18514, 3870, 3987, 45231, 837, 30893, 41627, 9898, 24958, 4168, 6062, 43957, 1052, 36439, 1149)","(1, 0, 1, 0, 0, 0, 1, 1, 1, 1, 1, 1, 1, 0, 1, 1, 1, 1, 0, 1, 0, 1, 0, 0, 1, 1, 0, 0, 1, 0, 1, 1, 1, 1, 0, 1, 1, 0, 1, 0, 1, 1, 1, 1, 0, 1, 0, 1, 1, 1, 1, 1, 1, 1, 0, 1, 0, 0, 0, 1, 1, 1, 0, 1, 1, 1, 0, 1, 1, 1, 1, 1, 1, 1, 1, 1, 1, 1, 1, 0, 1, 1, 1, 1, 1, 0, 1, 0, 1, 0, 0, 1, 1, 1, 1, 0, 0, 0, 0, 0, 1, 1, 1, 1, 0, 1, 0, 0, 1, 1, 1, 1, 1, 0, 1, 1, 1, 1, 1, 1, 1, 1, 0, 0, 1, 1, 1, 1, 1, 0, 1, 0, 1, 1, 1, 1, 1, 1, 1, 1, 1, 0, 0, 1, 1, 1, 1, 0, 0, 1, 0, 0, 1, 0, 1, 1, 1, 1, 1, 1, 1, 1, 0, 1, 1, 0, 1, 1, 0, 1, 1, 1, 1, 0, 0, 0, 0, 0, 1, 0, 0, 1, 1, 1, 0, 1, 1, 1, 0, 1, 0, 0, 1, 1, 1, 1, 0, 1, 1, 1)"
48.464651,200,1356.817545,4,"(43506, 18130, 20017, 30833, 25112, 35344, 40480, 18298, 39831, 10123, 1038, 8053, 3109, 17239, 14158, 40358, 19345, 10796, 6033, 4032, 1387, 33027, 30707, 37103, 24810, 19377, 20694, 15679, 11476, 28356, 27656, 5146, 16291, 44598, 2199, 942, 13414, 13767, 5377, 33782, 22666, 20707, 35290, 10950, 1912, 3975, 26876, 44887, 744, 887, 33031, 7332, 14597, 29055, 36139, 31353, 32737, 4014, 49705, 35202, 3734, 22318, 39113, 4781, 17923, 42070, 2987, 21967, 12401, 8640, 7574, 42628, 15648, 23124, 27441, 47843, 31800, 33254, 25382, 35596, 22831, 47345, 20178, 32205, 32379, 33283, 33083, 20007, 6798, 12525, 38266, 19358, 16143, 10070, 19871, 3585, 17328, 44790, 35272, 33433, 28591, 14295, 48878, 46201, 12887, 29033, 49594, 21285, 45061, 41281, 22762, 22689, 28714, 33915, 49597, 18401, 34344, 19006, 46487, 1888, 24644, 35681, 15290, 45345, 5801, 42382, 26886, 43726, 36941, 3909, 921, 296, 20052, 42371, 8852, 44103, 32995, 29823, 46475, 6984, 26409, 6450, 2704, 8977, 32018, 30536, 30527, 30224, 45743, 40630, 47087, 41268, 17513, 43930, 9117, 35007, 42089, 13362, 36146, 26598, 31090, 4505, 3809, 41918, 39923, 7825, 49373, 6698, 8151, 1243, 43514, 15058, 32934, 48985, 46541, 7465, 31853, 5902, 35227, 40780, 23110, 1928, 39517, 9006, 19466, 17817, 21570, 49392, 27272, 36694, 27673, 26412, 43216, 41046, 10343, 8350, 41336, 35415, 11994, 13506)","(0, 0, 1, 0, 1, 1, 0, 1, 0, 1, 1, 1, 1, 0, 1, 0, 1, 1, 1, 1, 1, 1, 0, 1, 1, 0, 1, 1, 1, 0, 0, 1, 1, 0, 1, 1, 1, 0, 1, 0, 0, 1, 0, 1, 1, 1, 0, 0, 1, 1, 0, 1, 1, 0, 0, 1, 0, 0, 0, 0, 1, 0, 0, 1, 1, 1, 1, 0, 1, 1, 1, 0, 1, 0, 0, 1, 0, 0, 1, 0, 0, 1, 1, 1, 1, 0, 0, 1, 1, 0, 0, 1, 1, 1, 0, 1, 1, 0, 0, 1, 0, 1, 1, 1, 0, 1, 0, 0, 0, 1, 0, 0, 1, 0, 0, 0, 0, 1, 1, 1, 1, 0, 1, 1, 1, 0, 1, 0, 1, 1, 1, 1, 1, 0, 1, 0, 0, 0, 0, 1, 1, 0, 1, 1, 1, 0, 0, 0, 0, 0, 0, 0, 0, 0, 1, 0, 1, 1, 0, 1, 0, 1, 1, 1, 0, 0, 0, 1, 1, 1, 0, 1, 1, 1, 0, 1, 0, 1, 0, 0, 0, 1, 0, 1, 0, 1, 1, 0, 1, 0, 0, 1, 0, 0, 0, 0, 0, 1, 1, 1)"
36.187229,200,1359.409295,8,"(18155, 2046, 49275, 16716, 4773, 41736, 39053, 10898, 25972, 3964, 25284, 31239, 30134, 35258, 48439, 21406, 15063, 18921, 15677, 29607, 34198, 12721, 10971, 30371, 11994, 2148, 3265, 7848, 28150, 25206, 8350, 5841, 37925, 7713, 42879, 1013, 20844, 7270, 25105, 46856, 14682, 10318, 37358, 31994, 47799, 2824, 24907, 13330, 4525, 3492, 43880, 38854, 45515, 32592, 27858, 41290, 33194, 3516, 4500, 12591, 35549, 13145, 24694, 25668, 10630, 42959, 27020, 20568, 3859, 28663, 45602, 37973, 9256, 13129, 19173, 49004, 44197, 320, 9929, 41179, 19857, 29574, 38563, 13506, 3655, 14000, 7345, 10224, 43634, 25166, 6491, 48407, 48104, 32651, 31052, 28420, 31528, 17461, 34051, 35237, 33289, 18309, 36054, 17260, 15422, 7951, 45494, 36404, 30277, 18906, 28478, 16588, 47203, 4062, 24838, 42907, 47015, 12209, 16421, 20533, 15100, 14044, 34138, 9687, 43351, 47233, 16095, 27868, 49587, 18238, 5934, 8505, 27514, 21752, 23494, 2268, 42657, 19944, 27996, 38170, 7499, 6070, 716, 8458, 24146, 9140, 32596, 13199, 30328, 14183, 20374, 21939, 18465, 2673, 12347, 11162, 8123, 45432, 34388, 30503, 20322, 25440, 30717, 32330, 256, 24942, 22424, 34396, 40374, 27655, 23501, 4466, 6201, 28342, 40865, 49891, 29136, 29902, 44455, 19224, 22349, 11791, 44237, 11049, 48527, 10264, 7056, 37753, 19017, 2812, 48828, 12845, 45110, 39231, 36475, 1079, 9693, 18354, 1227, 1029)","(0, 1, 0, 1, 1, 0, 0, 1, 0, 1, 1, 1, 0, 0, 0, 1, 1, 1, 1, 0, 0, 1, 0, 0, 1, 1, 0, 1, 1, 1, 0, 1, 0, 1, 0, 1, 1, 1, 1, 0, 1, 1, 0, 0, 0, 1, 0, 1, 1, 1, 0, 0, 0, 0, 0, 0, 0, 1, 1, 1, 0, 0, 1, 0, 1, 0, 0, 0, 1, 1, 0, 0, 1, 1, 1, 0, 0, 1, 0, 0, 0, 0, 0, 1, 1, 1, 1, 1, 0, 0, 0, 0, 0, 0, 0, 0, 0, 0, 0, 0, 0, 0, 0, 0, 1, 1, 0, 0, 0, 1, 0, 0, 0, 1, 0, 0, 0, 0, 1, 0, 1, 1, 0, 1, 0, 0, 1, 0, 0, 0, 1, 1, 0, 0, 1, 0, 0, 1, 1, 0, 1, 1, 1, 1, 0, 1, 0, 1, 0, 1, 0, 1, 0, 1, 1, 1, 1, 0, 0, 0, 0, 1, 0, 0, 1, 1, 0, 0, 0, 0, 0, 0, 1, 0, 0, 0, 1, 0, 0, 1, 0, 1, 0, 1, 0, 1, 1, 0, 1, 1, 0, 1, 0, 0, 0, 1, 1, 0, 1, 1)"
40.461971,200,1361.872321,8,"(8750, 42696, 32694, 22880, 9095, 32145, 12623, 38569, 16514, 49834, 17472, 16683, 29404, 14168, 48705, 19353, 38483, 9692, 22674, 42926, 43065, 5317, 46067, 26990, 39723, 45718, 40934, 25627, 37692, 48129, 10044, 7521, 34287, 2057, 27020, 3292, 14766, 44413, 9921, 380, 38821, 49690, 10349, 34220, 19910, 1163, 17730, 28308, 16107, 10507, 48704, 16307, 13378, 44815, 28418, 6441, 13190, 3421, 6658, 30201, 2209, 9949, 1113, 34782, 4833, 19159, 34464, 38512, 40150, 24079, 20694, 47666, 26478, 49388, 9079, 43735, 11809, 27551, 35041, 46008, 22134, 37362, 17742, 32300, 40293, 21113, 9443, 29524, 6745, 33809, 22292, 24421, 39851, 23650, 3204, 24645, 29554, 16929, 34827, 39767, 24449, 35545, 46986, 19260, 35551, 6181, 17713, 49386, 23137, 38458, 4219, 26231, 9840, 42103, 13975, 8389, 14831, 32691, 20739, 25015, 40428, 16957, 31659, 49981, 11551, 6195, 27156, 36388, 12080, 35561, 46651, 2162, 46204, 21168, 14452, 14507, 9560, 35441, 40487, 2794, 18386, 13273, 27145, 2539, 31692, 22274, 17605, 26397, 21260, 6823, 32323, 49456, 10446, 15912, 20749, 21959, 27679, 35106, 10096, 42523, 25328, 9456, 7366, 20343, 22545, 28634, 19805, 13907, 20745, 28594, 6602, 14044, 46291, 14409, 19321, 6089, 48011, 6496, 813, 15599, 2588, 32650, 5593, 33038, 21671, 28952, 28882, 11935, 44917, 828, 13553, 35911, 30667, 43207, 19250, 8561, 10890, 34463, 21530, 2052)","(1, 0, 0, 0, 1, 0, 1, 0, 1, 0, 0, 0, 0, 1, 0, 1, 0, 1, 0, 0, 0, 1, 0, 0, 0, 0, 0, 1, 0, 0, 1, 1, 0, 1, 0, 1, 1, 0, 0, 1, 0, 0, 1, 0, 0, 1, 0, 0, 1, 1, 0, 0, 1, 0, 0, 0, 1, 1, 1, 0, 1, 1, 1, 0, 1, 1, 0, 0, 0, 1, 1, 0, 1, 0, 1, 0, 1, 0, 0, 0, 1, 0, 0, 0, 0, 1, 1, 0, 1, 0, 0, 1, 0, 0, 1, 1, 0, 1, 0, 0, 1, 0, 0, 0, 0, 1, 0, 0, 0, 0, 1, 1, 1, 0, 1, 1, 1, 0, 1, 1, 0, 1, 0, 0, 1, 1, 1, 0, 1, 0, 0, 1, 0, 0, 1, 0, 1, 0, 0, 1, 0, 1, 1, 1, 0, 0, 0, 1, 0, 1, 0, 0, 1, 1, 1, 1, 0, 0, 1, 0, 1, 1, 1, 0, 0, 0, 1, 0, 1, 0, 1, 1, 0, 1, 1, 0, 0, 1, 1, 1, 1, 0, 1, 0, 1, 1, 1, 1, 0, 1, 1, 0, 0, 0, 1, 1, 1, 0, 0, 1)"
98.7205,200,1372.823196,5,"(23533, 29992, 36727, 7374, 24334, 46781, 43080, 21322, 27097, 16732, 7387, 6394, 29161, 47514, 7685, 2973, 46748, 2604, 15872, 12927, 27225, 24326, 4847, 37245, 29377, 35579, 27961, 8854, 30618, 26408, 47585, 23276, 39792, 10915, 26165, 13649, 7752, 21130, 15118, 34196, 47359, 4222, 28747, 16772, 25008, 33554, 24121, 883, 9412, 39101, 13836, 15412, 29640, 43279, 21775, 42460, 31399, 11501, 43555, 16040, 26074, 42551, 32494, 41202, 41684, 17223, 43944, 41671, 15753, 9461, 21952, 15999, 14887, 14152, 8095, 14790, 45360, 42832, 11156, 25646, 16824, 20419, 44764, 907, 15165, 21740, 15798, 9152, 2037, 44073, 33148, 36818, 36965, 4438, 22517, 35605, 35373, 40524, 11981, 45445, 6234, 15704, 47976, 19276, 12311, 9169, 36216, 14458, 29348, 43759, 42167, 19709, 29340, 38820, 9255, 4954, 37217, 11588, 47577, 24243, 14880, 12025, 16155, 44097, 37452, 8943, 8590, 42976, 42226, 48915, 24894, 23231, 3794, 41933, 28541, 17676, 47843, 12323, 22492, 33504, 7629, 16476, 33119, 41811, 17528, 46466, 1177, 7463, 32156, 37390, 37161, 20439, 49882, 39656, 31383, 24795, 30253, 13100, 986, 13958, 20263, 28410, 10443, 23359, 33118, 28018, 9504, 16767, 43937, 24771, 40164, 7943, 32418, 26411, 48643, 22312, 10899, 37871, 41285, 32971, 43997, 8148, 25960, 6396, 40854, 29427, 20289, 9525, 46803, 49894, 2578, 31052, 44805, 41294, 45711, 42397, 20844, 31468, 18243, 30610)","(1, 0, 0, 1, 1, 1, 1, 1, 0, 1, 1, 1, 0, 0, 1, 1, 1, 1, 1, 1, 1, 1, 1, 0, 0, 1, 1, 1, 0, 0, 0, 0, 1, 1, 1, 1, 1, 1, 1, 0, 1, 1, 0, 1, 1, 1, 0, 1, 1, 1, 0, 0, 0, 0, 0, 0, 1, 1, 0, 1, 0, 1, 1, 0, 1, 1, 0, 1, 0, 1, 1, 1, 1, 1, 1, 1, 0, 0, 0, 1, 1, 1, 0, 1, 1, 1, 0, 1, 1, 0, 1, 1, 0, 1, 0, 0, 1, 0, 0, 0, 1, 0, 1, 1, 1, 0, 1, 1, 1, 0, 0, 1, 0, 1, 1, 1, 1, 1, 1, 1, 1, 1, 1, 0, 1, 1, 1, 0, 1, 1, 1, 0, 1, 0, 1, 1, 1, 1, 0, 1, 1, 0, 1, 0, 0, 1, 1, 1, 1, 1, 1, 1, 0, 0, 1, 1, 0, 1, 1, 1, 1, 0, 1, 1, 1, 1, 1, 1, 0, 0, 0, 1, 1, 0, 0, 0, 1, 0, 0, 1, 1, 1, 1, 1, 0, 0, 1, 1, 0, 1, 1, 0, 0, 0, 1, 1, 1, 0, 1, 0)"
25.324067,200,1376.004889,8,"(17806, 46359, 18833, 19721, 33392, 22012, 33330, 31293, 9147, 43096, 7771, 48565, 19184, 5751, 15993, 17160, 17557, 42847, 3308, 14389, 15402, 14011, 49338, 15921, 47972, 25043, 22563, 12467, 48579, 701, 25693, 9962, 29948, 25247, 24706, 420, 28003, 15418, 10898, 18399, 14306, 18781, 17865, 31390, 37953, 44357, 18365, 6559, 13227, 1, 14354, 35639, 1082, 23316, 46538, 49561, 13242, 26024, 1750, 22822, 26874, 47113, 2545, 4615, 3378, 17929, 31727, 42840, 42969, 3341, 43882, 15317, 11767, 25120, 16828, 46691, 7345, 14583, 42779, 11339, 36704, 13552, 9111, 17443, 19872, 22606, 23278, 21829, 7027, 46872, 15247, 7418, 27554, 8905, 23854, 44277, 3262, 8223, 38839, 25622, 10931, 31445, 23930, 49109, 29350, 23604, 7642, 34659, 37201, 40958, 31885, 44598, 121, 25124, 33475, 13763, 48253, 10542, 25963, 27029, 5439, 40125, 30274, 47532, 18408, 15815, 12234, 36336, 9048, 3238, 44976, 14451, 39800, 38999, 20104, 7494, 34283, 8587, 14570, 16853, 46376, 45622, 49396, 7699, 38533, 15499, 40816, 43771, 49374, 25510, 7026, 24740, 6362, 18886, 45525, 1231, 7882, 38991, 17701, 49356, 31510, 30875, 9519, 37959, 11626, 1211, 6485, 17296, 43019, 34906, 44289, 22044, 23976, 19184, 15525, 2731, 5794, 9095, 19970, 40143, 26734, 47155, 1371, 11570, 1565, 15739, 11366, 40516, 37292, 3367, 25276, 12237, 2947, 13868, 31727, 29093, 16252, 14567, 8530, 46878)","(0, 0, 1, 1, 0, 1, 0, 1, 1, 0, 1, 0, 1, 1, 1, 0, 0, 0, 1, 1, 1, 0, 0, 1, 0, 1, 0, 1, 0, 1, 0, 0, 0, 1, 0, 1, 1, 1, 1, 0, 1, 0, 0, 1, 0, 0, 0, 1, 1, 1, 1, 0, 1, 1, 0, 0, 1, 0, 1, 0, 0, 0, 1, 1, 1, 0, 0, 0, 0, 1, 0, 1, 1, 1, 1, 0, 1, 0, 0, 1, 0, 1, 1, 0, 0, 0, 1, 0, 1, 0, 1, 1, 0, 1, 0, 0, 1, 1, 0, 0, 1, 0, 1, 0, 1, 0, 1, 0, 0, 0, 0, 0, 1, 1, 0, 0, 0, 1, 0, 0, 1, 0, 0, 0, 0, 0, 1, 0, 1, 1, 0, 1, 0, 0, 1, 1, 0, 1, 0, 1, 0, 0, 0, 1, 0, 1, 0, 0, 0, 0, 1, 0, 1, 1, 0, 1, 1, 0, 0, 0, 0, 0, 0, 0, 1, 1, 1, 0, 0, 0, 0, 1, 1, 0, 0, 1, 1, 1, 1, 0, 0, 0, 1, 1, 1, 1, 1, 0, 0, 1, 1, 1, 1, 1, 0, 1, 1, 0, 1, 0)"
80.842323,200,1378.67892,4,"(29975, 18258, 41574, 39382, 20140, 45002, 5978, 22054, 40032, 49728, 9194, 1295, 22279, 22851, 17331, 42716, 14489, 13549, 34181, 14753, 25609, 35939, 49595, 23906, 22678, 15563, 40775, 11174, 7616, 35692, 27508, 24580, 9751, 31462, 30675, 11340, 30955, 46548, 4192, 10844, 27960, 44903, 2270, 5108, 17652, 33514, 34226, 24740, 2121, 18428, 36570, 14478, 43993, 985, 37223, 25043, 43486, 4278, 4468, 44693, 7884, 43331, 8744, 15044, 44293, 15993, 46844, 39623, 15329, 14916, 16478, 15194, 9729, 29000, 48465, 26793, 12173, 24540, 21765, 21314, 7152, 32086, 3508, 4344, 36517, 49064, 48220, 13863, 44588, 26615, 10084, 10308, 44083, 41599, 10811, 34005, 36153, 20484, 32699, 17327, 37961, 24357, 19026, 42866, 49617, 12482, 47279, 24605, 8980, 23804, 12077, 22175, 25285, 238, 13052, 9988, 37173, 20403, 21107, 27903, 6151, 25857, 11482, 24123, 21457, 43524, 31739, 43913, 40708, 13976, 226, 40362, 32016, 4670, 31850, 1877, 40110, 10886, 19720, 14845, 1886, 43426, 23166, 31169, 4689, 38113, 42722, 12752, 45828, 37585, 19105, 49194, 438, 36424, 47351, 4617, 23677, 5950, 5635, 46453, 47125, 17442, 19889, 4844, 38258, 33340, 11728, 42272, 35308, 42068, 31464, 39357, 37389, 38525, 16160, 17004, 24639, 16920, 24880, 10537, 23225, 6405, 47172, 49053, 8653, 28455, 24789, 1989, 37663, 8856, 11750, 26043, 29682, 2404, 2248, 37727, 21058, 30796, 32191, 47392)","(0, 1, 1, 1, 0, 0, 1, 1, 1, 0, 1, 1, 0, 0, 1, 0, 1, 1, 1, 1, 1, 0, 0, 1, 0, 1, 0, 1, 1, 0, 0, 1, 1, 0, 0, 1, 0, 0, 1, 1, 1, 0, 1, 1, 1, 0, 0, 0, 1, 0, 1, 1, 0, 1, 1, 1, 0, 1, 0, 0, 1, 0, 1, 0, 0, 1, 0, 0, 1, 1, 0, 1, 1, 0, 0, 0, 1, 1, 1, 1, 1, 1, 1, 1, 0, 0, 0, 1, 0, 0, 1, 1, 0, 0, 1, 0, 1, 1, 1, 1, 0, 1, 1, 1, 0, 1, 1, 1, 1, 1, 1, 1, 0, 1, 1, 1, 1, 1, 0, 1, 1, 1, 1, 0, 1, 0, 1, 0, 1, 1, 1, 0, 0, 1, 1, 1, 1, 1, 1, 1, 1, 0, 0, 0, 1, 0, 0, 1, 0, 1, 1, 1, 1, 1, 1, 1, 1, 1, 1, 1, 0, 1, 0, 1, 0, 0, 1, 0, 0, 0, 0, 0, 1, 0, 1, 1, 1, 1, 0, 1, 0, 1, 0, 1, 1, 1, 1, 1, 1, 1, 1, 1, 1, 1, 1, 1, 1, 0, 1, 1)"
86.569348,200,1381.292312,6,"(43267, 1311, 22056, 27212, 37389, 11456, 41188, 5380, 4333, 23077, 14841, 39286, 43686, 15026, 16284, 32326, 9505, 40303, 11252, 17522, 31427, 17440, 21480, 23006, 24406, 25535, 195, 13469, 7333, 21522, 2123, 29463, 45553, 10602, 48517, 30361, 46754, 47788, 17628, 6646, 8179, 1000, 37156, 32418, 21360, 5731, 43283, 32960, 28735, 37253, 39852, 22719, 1244, 646, 43669, 31889, 1667, 39166, 27519, 21250, 37186, 18928, 12865, 38477, 136, 25178, 25322, 41802, 36730, 33520, 10092, 25391, 19618, 44590, 29013, 24089, 11699, 26765, 49909, 31387, 38591, 18873, 10308, 20593, 5312, 15520, 37229, 19371, 2545, 48612, 43286, 7887, 920, 36229, 17541, 31050, 3907, 5777, 27757, 7685, 5011, 39057, 30796, 21698, 25733, 23785, 4285, 12865, 2588, 23265, 5833, 10118, 32009, 11951, 31772, 6949, 20241, 28613, 12638, 39910, 16962, 9994, 48328, 15729, 28666, 33005, 34904, 27848, 5224, 36399, 48703, 46539, 43677, 31583, 31804, 39260, 940, 6721, 3707, 3724, 22115, 7182, 8081, 11984, 28811, 49377, 9264, 8815, 23359, 5759, 1144, 11073, 42523, 46453, 5775, 19353, 47094, 49284, 12177, 46611, 31331, 6361, 18791, 11657, 20539, 3509, 7903, 1044, 38439, 7925, 6079, 16876, 29092, 47556, 633, 22572, 27379, 3599, 32545, 7100, 40739, 4712, 8900, 1357, 6275, 456, 29452, 20209, 24758, 4032, 41094, 12909, 12874, 3102, 35614, 2625, 39569, 30001, 30687, 42913)","(0, 1, 1, 0, 1, 1, 0, 1, 1, 0, 1, 0, 0, 1, 1, 1, 1, 0, 1, 1, 1, 1, 1, 0, 1, 0, 1, 1, 0, 1, 0, 0, 0, 1, 0, 0, 1, 0, 1, 1, 1, 1, 1, 1, 1, 1, 0, 0, 1, 0, 0, 0, 1, 1, 0, 1, 1, 0, 0, 1, 1, 1, 1, 0, 1, 0, 1, 0, 0, 0, 1, 1, 0, 0, 1, 1, 1, 0, 1, 0, 0, 0, 1, 1, 1, 1, 0, 1, 1, 1, 0, 1, 1, 1, 1, 0, 1, 1, 0, 1, 1, 0, 0, 1, 0, 1, 1, 0, 1, 0, 1, 1, 0, 1, 1, 1, 1, 1, 1, 1, 1, 1, 0, 1, 1, 0, 1, 1, 1, 0, 0, 1, 0, 1, 1, 0, 1, 1, 1, 1, 1, 1, 1, 1, 1, 0, 1, 1, 1, 1, 1, 1, 0, 1, 1, 1, 0, 1, 1, 0, 1, 1, 0, 1, 1, 1, 1, 1, 0, 0, 1, 1, 1, 0, 1, 0, 0, 1, 1, 1, 0, 1, 1, 1, 1, 1, 1, 1, 0, 1, 0, 1, 1, 1, 1, 1, 0, 0, 0, 0)"
78.332388,200,1383.668384,5,"(13378, 46169, 33591, 22304, 68, 46598, 32807, 9607, 2495, 20716, 6322, 29312, 43293, 31907, 34937, 20125, 23396, 45879, 35746, 43754, 20183, 42765, 8360, 43254, 5956, 39989, 40805, 11256, 18294, 25002, 18919, 12641, 2688, 25440, 39665, 23362, 45063, 23767, 20784, 37733, 21549, 19801, 40610, 45665, 46555, 1336, 20347, 42816, 9004, 3441, 32558, 24775, 15234, 45062, 39846, 19716, 42232, 13868, 12231, 741, 39615, 28124, 37111, 4944, 37021, 22688, 1651, 4196, 12624, 41953, 30676, 23883, 13258, 36492, 46522, 544, 31801, 9358, 6114, 22374, 28710, 42887, 42743, 13386, 23457, 29557, 18235, 13158, 3900, 17041, 23512, 29431, 41018, 41982, 42411, 31084, 13217, 21477, 8268, 26769, 20148, 29782, 2228, 19972, 49877, 6821, 34564, 4874, 39098, 33849, 11604, 12127, 18968, 2952, 10397, 15459, 5420, 36121, 13838, 47433, 31784, 40284, 31930, 18579, 1177, 4238, 47124, 19005, 13584, 46174, 21280, 23986, 45102, 19212, 32736, 40065, 28087, 14182, 10491, 35858, 30310, 7088, 29715, 20573, 42757, 15045, 36770, 9584, 7412, 40363, 37126, 40158, 41116, 11009, 28113, 22903, 43737, 7586, 39131, 49623, 49629, 10059, 11276, 17970, 38417, 5852, 14706, 18676, 9791, 3749, 41993, 22747, 45610, 13659, 16267, 45409, 18991, 24901, 27884, 40321, 6388, 15794, 42428, 48238, 45956, 31229, 19683, 1906, 33131, 4682, 9561, 3798, 36222, 27590, 3144, 14737, 4415, 33862, 40553, 22132)","(1, 0, 1, 0, 1, 0, 0, 1, 1, 1, 1, 1, 0, 1, 0, 1, 1, 1, 0, 0, 1, 0, 1, 0, 1, 1, 0, 0, 1, 1, 1, 1, 1, 1, 0, 1, 0, 1, 1, 0, 1, 1, 0, 0, 1, 0, 1, 1, 1, 1, 0, 0, 1, 0, 0, 1, 0, 1, 1, 1, 0, 1, 1, 1, 1, 0, 1, 1, 1, 1, 0, 1, 1, 1, 1, 1, 1, 1, 1, 0, 1, 1, 0, 1, 1, 0, 1, 1, 1, 0, 1, 0, 1, 0, 0, 1, 1, 1, 1, 1, 1, 0, 0, 1, 1, 1, 0, 1, 0, 0, 1, 1, 1, 1, 1, 1, 1, 0, 1, 0, 0, 0, 1, 0, 1, 0, 0, 1, 0, 1, 1, 1, 0, 1, 0, 0, 0, 1, 1, 1, 0, 1, 1, 1, 0, 1, 0, 1, 1, 0, 1, 0, 0, 1, 0, 0, 0, 1, 0, 0, 0, 1, 0, 0, 0, 1, 1, 1, 1, 1, 0, 0, 1, 0, 1, 0, 1, 0, 1, 0, 1, 1, 0, 0, 0, 1, 1, 0, 0, 1, 1, 1, 1, 1, 1, 0, 1, 1, 0, 0)"
67.301663,200,1386.072465,6,"(14472, 1292, 19273, 23605, 14054, 33634, 26876, 5870, 23829, 23122, 27873, 39267, 10765, 36248, 20579, 16340, 39839, 23632, 13646, 16439, 34881, 40427, 8303, 25147, 33708, 36757, 12970, 972, 34771, 8548, 31872, 35596, 20098, 31925, 44087, 10262, 28921, 32072, 15890, 4949, 29517, 33881, 2625, 40297, 43310, 48132, 37139, 14297, 3724, 20950, 46244, 7867, 4439, 10714, 24326, 12046, 9204, 18655, 5692, 47473, 10794, 14776, 37678, 24889, 42051, 47355, 14306, 43513, 41340, 31408, 32188, 4429, 7685, 28939, 27950, 2782, 23555, 27793, 5199, 33003, 36794, 19489, 2272, 34083, 25421, 48666, 31980, 15123, 21668, 12904, 32848, 14796, 29511, 6203, 46361, 7163, 47041, 25705, 49608, 5830, 14721, 46492, 16576, 24416, 49679, 27466, 34775, 22306, 6033, 11009, 44600, 47190, 6141, 1342, 36930, 43522, 42032, 4765, 22588, 32792, 4006, 9769, 37195, 24167, 13764, 15139, 1052, 2975, 23352, 34354, 21821, 20404, 1870, 26321, 6614, 36824, 36417, 37093, 11542, 48843, 39448, 16449, 9006, 42793, 21410, 846, 6508, 13561, 23538, 25527, 28859, 2898, 18025, 33385, 29761, 46312, 33599, 40619, 33382, 11065, 27406, 28822, 17440, 12958, 25949, 18104, 5884, 36927, 12276, 35934, 7778, 29616, 35510, 8174, 40892, 4514, 9200, 46582, 35542, 12749, 7668, 45749, 49403, 42625, 30598, 41742, 48948, 12117, 15521, 22856, 27211, 17257, 35738, 8898, 40546, 865, 29598, 29434, 13697, 11264)","(1, 1, 0, 1, 1, 0, 0, 1, 1, 0, 1, 1, 1, 0, 1, 1, 0, 1, 1, 1, 0, 0, 1, 1, 1, 0, 0, 1, 1, 0, 1, 0, 1, 0, 0, 1, 1, 1, 1, 1, 1, 0, 1, 0, 0, 1, 1, 1, 1, 1, 0, 1, 1, 1, 1, 1, 1, 1, 1, 0, 1, 1, 0, 1, 0, 1, 1, 0, 0, 1, 1, 1, 1, 1, 1, 1, 1, 1, 1, 1, 0, 0, 1, 1, 1, 1, 1, 1, 1, 1, 1, 1, 0, 1, 0, 1, 0, 1, 0, 1, 1, 0, 0, 1, 0, 0, 0, 0, 1, 1, 0, 0, 1, 1, 0, 0, 1, 1, 0, 0, 1, 1, 1, 1, 0, 1, 1, 1, 0, 0, 1, 1, 1, 1, 1, 1, 0, 1, 1, 0, 0, 1, 1, 0, 1, 0, 1, 1, 1, 0, 1, 1, 0, 1, 1, 0, 0, 0, 0, 1, 0, 1, 1, 1, 1, 1, 1, 0, 1, 0, 1, 1, 1, 1, 0, 1, 1, 1, 0, 1, 1, 0, 1, 0, 0, 1, 0, 1, 1, 0, 1, 1, 0, 1, 0, 1, 1, 0, 0, 0)"
61.636102,200,1388.594093,0,"(6443, 41624, 7570, 26914, 10703, 1490, 22294, 26401, 12575, 10429, 34909, 4196, 2763, 34285, 47197, 24190, 30729, 9050, 27183, 12722, 42772, 39166, 31240, 23399, 34137, 7233, 17113, 20369, 18724, 24789, 38227, 40872, 35837, 23797, 29462, 14497, 1293, 34259, 18871, 15733, 49383, 20543, 28378, 17056, 25759, 24080, 19690, 38969, 27694, 23310, 36719, 15092, 9268, 48231, 8035, 35628, 42408, 27273, 45168, 35394, 17583, 27493, 24483, 11935, 42347, 20551, 40620, 8502, 49953, 17120, 16738, 16121, 22732, 1340, 23539, 17486, 8669, 2071, 46454, 3439, 28570, 7640, 36655, 32086, 10863, 37719, 5072, 46172, 34085, 25971, 40433, 10255, 41829, 27224, 14689, 4535, 18878, 13073, 1183, 44308, 35795, 12921, 49498, 42073, 8249, 43088, 17332, 7697, 28687, 2799, 49170, 157, 27098, 46678, 21597, 31936, 15291, 14094, 32226, 41870, 3164, 25972, 12713, 42750, 44429, 45857, 19720, 49837, 18959, 26755, 39865, 6763, 3569, 29453, 32414, 416, 20347, 15449, 9532, 22604, 7894, 43507, 48822, 5748, 11955, 1330, 44462, 25181, 40141, 45713, 40174, 28475, 38838, 30078, 8256, 19485, 41689, 31015, 35629, 35834, 37537, 11107, 29359, 20851, 10173, 1400, 30172, 41775, 4596, 37311, 19109, 19227, 26825, 47221, 31524, 39253, 31750, 7378, 24509, 16950, 41324, 4980, 47777, 43135, 30651, 34993, 18186, 27883, 32075, 49228, 37207, 21254, 5107, 7372, 22067, 28066, 10256, 20251, 25713, 25495)","(1, 0, 1, 1, 1, 1, 0, 1, 0, 1, 1, 1, 1, 1, 0, 1, 0, 1, 0, 1, 0, 0, 1, 0, 0, 1, 0, 1, 0, 1, 0, 0, 0, 1, 1, 1, 1, 0, 0, 0, 0, 1, 0, 0, 0, 1, 0, 1, 1, 0, 0, 0, 1, 0, 0, 0, 0, 1, 1, 0, 1, 0, 1, 1, 0, 1, 0, 1, 0, 1, 0, 1, 0, 0, 1, 1, 1, 1, 0, 1, 0, 1, 0, 1, 1, 1, 0, 0, 0, 1, 0, 1, 0, 1, 1, 1, 1, 1, 1, 1, 0, 1, 1, 0, 1, 1, 1, 1, 1, 1, 0, 1, 1, 1, 0, 1, 1, 1, 0, 0, 0, 1, 1, 0, 1, 0, 1, 0, 1, 0, 0, 1, 1, 1, 0, 1, 0, 1, 1, 0, 1, 0, 0, 1, 0, 1, 1, 1, 0, 0, 0, 1, 0, 0, 1, 1, 1, 1, 0, 0, 1, 0, 1, 1, 1, 0, 0, 0, 1, 0, 1, 1, 0, 0, 0, 0, 1, 1, 0, 1, 1, 1, 0, 1, 0, 0, 0, 1, 0, 0, 1, 0, 1, 1, 0, 0, 1, 1, 0, 1)"
100.59589,200,1391.17911,5,"(10652, 14135, 47928, 6133, 16745, 35976, 46749, 19151, 3473, 18124, 25313, 41940, 4912, 20531, 23312, 9174, 15203, 33875, 5580, 8048, 46769, 35957, 26385, 45903, 27812, 2703, 47495, 3445, 43449, 16368, 24680, 31819, 19430, 6246, 11064, 2336, 18238, 17214, 35518, 31402, 49454, 37067, 32499, 17336, 31259, 30255, 11894, 1832, 12702, 35528, 46074, 42300, 9250, 49708, 24804, 20554, 33497, 4945, 37272, 18897, 37449, 4688, 15123, 15059, 1300, 7282, 20893, 15715, 10236, 28576, 47974, 34035, 41661, 8163, 7131, 16829, 47445, 45002, 20249, 1441, 19039, 30073, 32764, 49757, 23331, 18033, 49114, 12968, 15273, 25014, 30496, 48945, 46962, 10844, 31050, 46856, 1477, 1522, 4215, 12713, 6890, 48033, 44156, 48683, 1129, 11061, 42844, 25107, 5487, 7000, 14273, 15805, 15941, 3385, 16580, 10614, 8368, 49747, 43648, 49932, 25197, 41835, 39405, 16788, 16203, 26474, 32257, 656, 15477, 23675, 23673, 43428, 25174, 15138, 26034, 24807, 21511, 31558, 20376, 7887, 5500, 29955, 18220, 7969, 26074, 20203, 9581, 27901, 1111, 46506, 12446, 41206, 16119, 44042, 25470, 26363, 26722, 17321, 8881, 29721, 386, 25072, 2936, 14166, 867, 4513, 10027, 26776, 32172, 29178, 21587, 17460, 7744, 42207, 12971, 27147, 44350, 46947, 14725, 10728, 3993, 47569, 1757, 30909, 12608, 27081, 4128, 8100, 43775, 31871, 21854, 2974, 648, 6481, 28880, 46274, 9061, 23953, 2189, 23919)","(1, 1, 0, 1, 0, 0, 0, 1, 1, 1, 0, 0, 1, 1, 0, 1, 1, 0, 1, 1, 0, 1, 1, 1, 1, 1, 0, 1, 0, 1, 1, 1, 1, 1, 1, 1, 1, 0, 1, 1, 1, 0, 0, 1, 1, 0, 1, 1, 1, 0, 0, 0, 1, 0, 1, 1, 0, 1, 1, 0, 1, 1, 1, 1, 1, 1, 1, 0, 1, 1, 0, 0, 0, 1, 1, 0, 1, 0, 1, 1, 1, 0, 0, 0, 1, 1, 1, 1, 1, 1, 0, 1, 1, 1, 0, 1, 1, 1, 1, 1, 1, 1, 0, 1, 1, 1, 0, 1, 0, 1, 1, 1, 1, 1, 1, 1, 1, 0, 0, 0, 1, 1, 1, 1, 1, 1, 1, 1, 1, 1, 1, 1, 1, 1, 1, 1, 0, 1, 0, 1, 1, 0, 1, 1, 0, 1, 1, 1, 0, 1, 0, 1, 1, 0, 1, 1, 1, 0, 1, 0, 0, 1, 1, 1, 1, 1, 1, 0, 0, 0, 1, 1, 1, 1, 1, 1, 1, 0, 1, 1, 1, 0, 1, 0, 1, 0, 1, 1, 0, 1, 0, 1, 0, 1, 1, 1, 1, 0, 1, 1)"
70.264968,200,1393.819818,4,"(47436, 33304, 9860, 15071, 30179, 16266, 9768, 7237, 6814, 1262, 39822, 6644, 803, 44186, 31696, 45801, 24904, 47936, 20152, 46201, 4907, 49156, 4396, 20598, 36407, 33565, 26042, 8527, 44467, 17058, 49441, 42620, 7708, 36061, 19808, 17075, 37978, 5100, 6863, 48000, 31016, 42464, 24358, 49142, 39258, 39630, 1275, 9596, 46391, 20743, 27229, 46550, 6723, 3003, 13172, 32984, 10973, 12066, 35106, 28849, 13462, 46746, 3757, 21587, 46734, 7969, 3701, 29647, 1227, 14063, 4167, 42450, 44264, 10299, 2620, 41311, 9768, 2916, 22086, 32850, 4877, 23907, 40019, 48460, 21636, 2931, 9543, 21719, 35950, 38614, 38602, 44304, 42198, 3520, 8167, 46374, 3586, 43553, 47578, 24358, 16658, 1049, 32210, 9683, 13774, 30732, 4533, 34203, 43704, 8175, 8711, 32732, 12717, 16152, 35513, 18428, 9271, 2078, 18392, 24527, 24145, 9926, 25652, 27981, 29325, 31953, 42461, 41141, 33486, 14824, 3852, 9318, 7741, 21994, 14372, 49706, 2541, 6016, 35474, 16777, 46456, 43944, 34945, 34978, 38328, 15665, 26000, 25874, 37392, 16540, 43654, 15875, 5066, 42527, 16624, 39563, 27457, 3291, 26144, 35362, 11900, 27343, 1183, 25506, 43566, 17870, 12512, 44978, 12864, 40603, 11521, 16534, 9712, 3541, 13501, 45242, 44542, 6550, 40840, 39156, 12080, 408, 16615, 15831, 37791, 39008, 28146, 46023, 29675, 7839, 19656, 44002, 44177, 33908, 13456, 42803, 21984, 19818, 7939, 49453)","(0, 1, 1, 1, 0, 1, 1, 1, 1, 1, 1, 1, 1, 0, 1, 1, 1, 1, 1, 1, 1, 0, 1, 1, 0, 1, 0, 1, 0, 0, 0, 0, 1, 1, 1, 1, 0, 1, 1, 1, 1, 1, 1, 0, 1, 0, 1, 0, 0, 1, 1, 0, 1, 1, 0, 0, 1, 0, 0, 1, 1, 0, 1, 1, 1, 1, 1, 0, 1, 1, 1, 0, 0, 1, 1, 0, 0, 1, 1, 1, 0, 1, 0, 0, 1, 1, 1, 1, 1, 1, 1, 0, 0, 1, 1, 0, 1, 0, 0, 0, 0, 1, 0, 1, 0, 0, 1, 0, 1, 1, 0, 1, 1, 0, 1, 0, 1, 1, 1, 0, 0, 1, 0, 1, 1, 0, 0, 0, 1, 1, 1, 1, 1, 1, 1, 0, 1, 1, 1, 1, 1, 0, 0, 0, 0, 1, 0, 0, 1, 1, 0, 1, 1, 1, 1, 0, 0, 1, 1, 1, 1, 0, 1, 1, 0, 1, 1, 0, 1, 0, 1, 1, 1, 1, 1, 1, 1, 1, 1, 0, 1, 1, 0, 1, 1, 1, 1, 0, 0, 0, 1, 0, 0, 0, 1, 0, 1, 1, 1, 1)"
30.602227,200,1396.345466,8,"(37350, 19020, 19329, 37418, 15529, 34674, 26662, 9500, 8700, 2420, 12551, 20602, 14280, 39789, 31255, 30572, 28178, 29689, 30282, 26585, 14515, 32427, 44942, 7744, 30183, 31113, 44998, 26598, 38917, 39941, 44745, 48519, 19683, 46080, 20368, 36256, 35369, 28654, 6099, 3177, 1959, 8518, 17310, 44690, 20536, 2047, 3251, 16847, 25612, 35502, 35386, 21102, 45953, 6922, 28706, 6756, 27047, 1202, 16696, 2921, 31542, 15998, 49902, 44144, 29700, 44243, 21605, 9562, 2704, 27300, 46545, 46362, 23313, 30346, 49014, 3127, 33332, 30898, 42710, 43753, 18350, 13418, 15583, 46242, 43938, 11960, 46446, 23395, 30404, 21267, 3945, 2052, 39455, 48184, 10245, 38288, 35775, 6140, 42693, 2037, 34630, 49074, 16540, 26665, 10910, 2844, 45855, 30792, 41175, 27486, 529, 39681, 26828, 16671, 27846, 22466, 18547, 14700, 44795, 29259, 19735, 21770, 46644, 22248, 24357, 7676, 4508, 511, 10796, 8188, 36902, 10130, 17454, 33427, 41328, 19281, 44802, 4426, 41508, 235, 48912, 18660, 28324, 40967, 36351, 37461, 795, 3473, 19094, 13845, 6976, 22317, 44785, 49481, 46003, 20601, 30029, 28233, 40537, 8770, 5884, 15681, 526, 48330, 6368, 1968, 48858, 22140, 3800, 31459, 5674, 14987, 45605, 36347, 13246, 7050, 20555, 22665, 1615, 29581, 5752, 6836, 11472, 34312, 38985, 26563, 3404, 33614, 27254, 8615, 14829, 27067, 33860, 44242, 44611, 25590, 21902, 2521, 38380, 33883)","(0, 0, 1, 0, 1, 0, 0, 1, 0, 0, 1, 1, 1, 0, 1, 0, 0, 0, 0, 1, 1, 0, 0, 1, 0, 0, 0, 1, 0, 0, 0, 0, 1, 0, 0, 0, 0, 1, 1, 1, 1, 1, 0, 0, 0, 1, 1, 1, 1, 0, 0, 1, 0, 1, 1, 1, 0, 1, 1, 1, 0, 1, 0, 0, 0, 0, 1, 1, 1, 0, 0, 0, 0, 0, 0, 1, 0, 0, 0, 0, 0, 1, 1, 0, 0, 1, 0, 0, 0, 1, 1, 1, 0, 0, 1, 0, 0, 1, 0, 1, 0, 0, 1, 0, 1, 1, 0, 0, 0, 0, 1, 0, 0, 1, 0, 0, 0, 1, 0, 0, 1, 0, 0, 0, 0, 1, 1, 1, 1, 1, 0, 1, 0, 0, 0, 1, 0, 1, 0, 1, 0, 0, 0, 0, 0, 0, 1, 1, 1, 1, 1, 0, 0, 0, 0, 1, 0, 0, 0, 1, 1, 1, 1, 0, 1, 1, 0, 1, 1, 1, 1, 1, 0, 0, 1, 1, 1, 0, 1, 0, 1, 1, 1, 0, 0, 1, 1, 0, 1, 1, 1, 0, 0, 0, 0, 1, 1, 1, 0, 0)"
8.77964,200,1406.616319,8,"(2534, 26737, 19919, 573, 12474, 42655, 17626, 38019, 44956, 14874, 33260, 38816, 47808, 49291, 14389, 8734, 29235, 49481, 38301, 21873, 15833, 7361, 16001, 4741, 20677, 31993, 3600, 31508, 31255, 8622, 42992, 40509, 43856, 41706, 21908, 15232, 26808, 5922, 18494, 31577, 4397, 1818, 45040, 25385, 47494, 30784, 48566, 21695, 41938, 45328, 11955, 43127, 38804, 44409, 11476, 47926, 49633, 9370, 3378, 26924, 31208, 33232, 8349, 17817, 4460, 33192, 14103, 38314, 34470, 17616, 1029, 8068, 33297, 34197, 7369, 47492, 27857, 16283, 8545, 21636, 5818, 36010, 25686, 2249, 22631, 3935, 40975, 13026, 16966, 33967, 45865, 4594, 5278, 41394, 26325, 35923, 13789, 20553, 43162, 13603, 26758, 40924, 25185, 27885, 22987, 44946, 34423, 42775, 48281, 45760, 22597, 46857, 20831, 37817, 49104, 26526, 3566, 15372, 20793, 7702, 37924, 7723, 36138, 3856, 4342, 17324, 33468, 27273, 40513, 38992, 22619, 10258, 2795, 23310, 20646, 17144, 36964, 28331, 3300, 5274, 7599, 2945, 3775, 36059, 47662, 16787, 43971, 21203, 3059, 40383, 8695, 23868, 15783, 11331, 2212, 30443, 4383, 40790, 48471, 27531, 39160, 32875, 33436, 21516, 35661, 36065, 8334, 32909, 24332, 9865, 28879, 22221, 16107, 29064, 21445, 33993, 8204, 36504, 17234, 35376, 29704, 31899, 38635, 40525, 23069, 27015, 49529, 18999, 44479, 14064, 28474, 17142, 43051, 9545, 7973, 46492, 2616, 14049, 11516, 41785)","(1, 0, 1, 1, 1, 0, 0, 0, 0, 0, 0, 0, 0, 0, 1, 1, 1, 0, 0, 0, 0, 1, 1, 0, 1, 0, 1, 0, 1, 1, 0, 0, 0, 0, 1, 1, 0, 1, 0, 0, 1, 1, 0, 1, 0, 0, 0, 1, 0, 0, 0, 0, 0, 0, 1, 0, 0, 1, 1, 0, 0, 0, 1, 0, 1, 0, 1, 0, 0, 0, 1, 1, 0, 0, 1, 0, 1, 1, 1, 1, 0, 0, 1, 0, 0, 0, 0, 1, 1, 0, 0, 1, 1, 0, 1, 0, 0, 0, 0, 1, 0, 0, 0, 0, 0, 0, 0, 0, 0, 0, 0, 0, 1, 0, 0, 1, 1, 1, 1, 1, 0, 1, 0, 1, 1, 0, 0, 1, 0, 0, 0, 1, 1, 0, 1, 0, 0, 0, 1, 1, 1, 1, 1, 0, 0, 0, 0, 1, 1, 0, 1, 1, 1, 1, 1, 0, 1, 0, 0, 0, 0, 0, 0, 1, 0, 0, 1, 0, 0, 1, 1, 0, 1, 0, 1, 0, 1, 0, 0, 0, 0, 0, 0, 0, 0, 0, 0, 1, 0, 1, 0, 0, 0, 1, 1, 0, 1, 1, 1, 0)"
104.127997,200,1408.99759,2,"(30715, 37861, 7540, 40687, 25202, 18478, 32767, 26075, 7667, 5076, 15747, 34270, 27019, 20011, 16384, 17449, 19396, 21461, 10874, 22127, 34690, 46845, 29805, 42106, 42437, 3352, 12109, 15477, 40135, 14544, 20124, 32038, 31070, 46552, 5062, 7258, 14120, 22854, 12106, 219, 35613, 2526, 21584, 49038, 14770, 1945, 27496, 9110, 14031, 40339, 10043, 27751, 11896, 16539, 24430, 15003, 21319, 42809, 25856, 37406, 28806, 38063, 24578, 7920, 5405, 23792, 20341, 43182, 33178, 8147, 16611, 17531, 25223, 9180, 36492, 7676, 41002, 16550, 48525, 23039, 17066, 15772, 9595, 30713, 21946, 25248, 15375, 4191, 31869, 16186, 5404, 15575, 12222, 31539, 15912, 42470, 21178, 28483, 10291, 43977, 10445, 1928, 42089, 42434, 45657, 15738, 12937, 27340, 42760, 17309, 2847, 2492, 4421, 10651, 38517, 17005, 20821, 41689, 12709, 10350, 46757, 3961, 4702, 15398, 17339, 9197, 15020, 41661, 27705, 32788, 44879, 6649, 11803, 11588, 20223, 46538, 3820, 37244, 16382, 29712, 21001, 14914, 39285, 5841, 33560, 32212, 27271, 41772, 27206, 33021, 34317, 8026, 42772, 44859, 8205, 4598, 8553, 6836, 49268, 22088, 8397, 36092, 24991, 42283, 8063, 41255, 10390, 26446, 2708, 29771, 29744, 3800, 32678, 17045, 8577, 48195, 48934, 41248, 9285, 21350, 13352, 38964, 15242, 22727, 5797, 10173, 47604, 44601, 28351, 42595, 332, 43399, 16533, 43942, 4199, 5098, 11098, 20038, 43317, 3509)","(0, 1, 1, 0, 1, 1, 0, 1, 1, 1, 1, 0, 1, 1, 0, 0, 1, 1, 1, 1, 0, 0, 1, 0, 0, 1, 1, 1, 0, 1, 1, 1, 1, 1, 1, 1, 1, 0, 1, 1, 1, 1, 1, 1, 1, 1, 0, 1, 0, 0, 1, 0, 1, 1, 1, 0, 1, 0, 1, 1, 1, 0, 1, 0, 1, 0, 1, 0, 0, 1, 1, 1, 0, 1, 1, 1, 1, 0, 0, 0, 1, 1, 1, 0, 1, 1, 1, 1, 1, 1, 1, 1, 1, 0, 1, 1, 1, 1, 1, 0, 1, 1, 1, 0, 0, 1, 1, 1, 0, 1, 1, 0, 1, 1, 1, 1, 1, 1, 1, 1, 0, 1, 1, 1, 1, 1, 1, 0, 1, 1, 0, 1, 1, 1, 1, 1, 1, 0, 1, 0, 1, 1, 1, 1, 0, 1, 1, 1, 1, 1, 1, 1, 1, 1, 1, 1, 1, 1, 1, 1, 1, 1, 1, 0, 0, 0, 1, 1, 1, 1, 0, 1, 1, 1, 1, 0, 1, 1, 1, 1, 1, 1, 1, 0, 1, 1, 1, 0, 0, 0, 1, 0, 1, 0, 1, 1, 1, 1, 0, 1)"
79.315363,200,1411.41898,5,"(13022, 9998, 20431, 12537, 41986, 39975, 46078, 12728, 15157, 1258, 16628, 24174, 12490, 37173, 17510, 49415, 8247, 30639, 32960, 24549, 12470, 49907, 86, 24807, 48706, 35403, 6024, 5687, 5041, 7036, 33767, 32722, 4236, 9416, 39168, 14624, 29703, 42944, 38187, 25522, 42800, 25965, 27114, 45310, 21547, 14699, 39617, 13191, 6445, 44794, 4602, 48752, 7096, 28883, 18023, 8651, 3388, 45236, 16822, 49686, 12626, 41434, 28765, 37298, 29876, 5499, 48076, 39530, 46803, 17844, 8253, 32914, 7564, 32298, 33971, 2872, 39392, 6833, 37900, 5597, 17154, 42827, 630, 47294, 48127, 3407, 16044, 6874, 17416, 2999, 37312, 17383, 7056, 32756, 34847, 28370, 45639, 42500, 31364, 3904, 10073, 41549, 16956, 33310, 2327, 9194, 47609, 5009, 24855, 11577, 4107, 43416, 13497, 16315, 36453, 27742, 7762, 45203, 30569, 35398, 25875, 45018, 35096, 16899, 2914, 38360, 34126, 46543, 29262, 17086, 25901, 31888, 24218, 8789, 19756, 160, 1826, 44397, 6449, 24712, 28791, 18527, 6954, 4611, 6048, 4214, 29211, 4223, 42011, 35766, 41721, 20541, 15880, 11366, 39700, 20513, 15971, 8230, 35448, 2195, 5843, 10849, 18227, 21940, 46330, 28755, 44957, 4928, 37775, 39601, 32293, 47580, 29564, 44121, 15657, 39967, 31365, 37635, 19342, 33162, 41925, 19665, 29272, 24820, 32012, 15298, 17016, 20697, 26405, 18136, 40961, 37642, 42087, 8321, 28594, 14948, 25887, 45116, 5712, 3761)","(1, 1, 1, 1, 0, 0, 0, 1, 1, 1, 1, 1, 1, 1, 0, 1, 1, 0, 0, 1, 1, 1, 1, 1, 1, 0, 1, 1, 1, 1, 0, 0, 1, 1, 1, 1, 1, 0, 1, 0, 1, 0, 1, 0, 1, 1, 0, 1, 0, 0, 1, 1, 1, 1, 1, 1, 0, 0, 1, 0, 1, 1, 0, 1, 0, 1, 1, 1, 0, 1, 1, 1, 1, 1, 0, 1, 1, 1, 0, 1, 1, 1, 1, 1, 0, 1, 1, 1, 0, 1, 1, 1, 1, 0, 0, 0, 0, 0, 1, 1, 1, 0, 1, 1, 1, 1, 0, 1, 0, 1, 1, 0, 1, 1, 0, 0, 1, 1, 0, 0, 1, 0, 0, 1, 0, 1, 1, 0, 0, 1, 1, 1, 0, 1, 1, 1, 1, 0, 0, 0, 1, 1, 1, 1, 1, 1, 1, 0, 0, 1, 1, 1, 1, 1, 0, 0, 1, 1, 0, 1, 1, 1, 0, 1, 0, 1, 0, 0, 0, 1, 1, 0, 1, 0, 1, 0, 1, 0, 1, 0, 1, 1, 1, 1, 0, 1, 1, 1, 0, 1, 0, 0, 0, 1, 0, 1, 1, 0, 1, 1)"
98.313043,200,1413.92971,1,"(1388, 35937, 40430, 38942, 30810, 21139, 17688, 2836, 997, 19806, 357, 36988, 7861, 22099, 2764, 31421, 23988, 1447, 35129, 32234, 4279, 32860, 31723, 7980, 11229, 5527, 8249, 15016, 7476, 8020, 6251, 29780, 22229, 31862, 24532, 28238, 48684, 15478, 30212, 16418, 1308, 22881, 49450, 12251, 25666, 19538, 40191, 23735, 41700, 19580, 11531, 34719, 13816, 23347, 23516, 39247, 33329, 361, 7673, 32603, 16720, 27265, 33027, 9465, 25994, 38517, 10328, 18373, 23414, 22045, 15043, 16591, 29050, 45280, 4023, 20800, 23037, 9465, 48613, 30536, 14248, 670, 28993, 13686, 7112, 33107, 26847, 15722, 23431, 2913, 16989, 10021, 35388, 42670, 18335, 4748, 15225, 14029, 14470, 22263, 30248, 21128, 48308, 20358, 36670, 33656, 33403, 5560, 13537, 10778, 42303, 26154, 13227, 6158, 6190, 17372, 716, 48236, 27865, 44519, 23823, 10222, 28938, 12250, 12471, 46367, 44388, 9389, 11276, 29279, 7943, 46364, 347, 28000, 11478, 40898, 22372, 9276, 14107, 42291, 29229, 41547, 21931, 11095, 33727, 30778, 48715, 6607, 9660, 15126, 23387, 20315, 14633, 3570, 26556, 5724, 45808, 27248, 9489, 15668, 48668, 31693, 15181, 5339, 31100, 32970, 37433, 22282, 31890, 1533, 39293, 6035, 23475, 3216, 41776, 29663, 18373, 9638, 28599, 12821, 13279, 22310, 48802, 13216, 25560, 13515, 35400, 28289, 31105, 21320, 523, 19763, 39589, 27746, 3261, 32668, 23571, 17909, 31284, 32873)","(1, 1, 0, 0, 0, 0, 1, 1, 1, 1, 1, 0, 1, 1, 1, 1, 1, 1, 1, 1, 1, 0, 0, 1, 1, 1, 1, 1, 1, 1, 1, 0, 0, 1, 1, 0, 0, 1, 0, 0, 1, 0, 1, 1, 1, 1, 1, 0, 0, 0, 1, 0, 1, 1, 1, 1, 0, 1, 1, 0, 1, 1, 1, 1, 1, 1, 1, 0, 1, 0, 1, 1, 0, 0, 1, 1, 0, 0, 1, 0, 1, 1, 1, 0, 1, 0, 0, 1, 1, 1, 1, 1, 0, 0, 1, 1, 1, 1, 1, 0, 0, 1, 0, 0, 0, 0, 1, 1, 1, 1, 0, 1, 1, 1, 1, 0, 1, 1, 1, 0, 0, 1, 1, 1, 1, 0, 0, 1, 0, 1, 1, 0, 1, 1, 0, 1, 0, 1, 1, 0, 1, 0, 1, 1, 0, 0, 1, 1, 1, 1, 0, 0, 1, 1, 1, 1, 0, 1, 1, 1, 1, 1, 1, 1, 0, 0, 1, 0, 1, 1, 0, 1, 0, 1, 1, 1, 0, 1, 0, 1, 1, 0, 1, 1, 1, 1, 1, 0, 1, 1, 1, 1, 0, 1, 0, 1, 1, 1, 1, 1)"
82.536853,200,1416.462031,5,"(30324, 13343, 40341, 4999, 20760, 31578, 28194, 43815, 20673, 20474, 23710, 36776, 35908, 10713, 30848, 13013, 42686, 11154, 18298, 2987, 19246, 4186, 28719, 48654, 14746, 14003, 48430, 6075, 2780, 3976, 47976, 2372, 2857, 29730, 18628, 29431, 36274, 22351, 42965, 44357, 36520, 26424, 24107, 22911, 18959, 45487, 1071, 39351, 26316, 14443, 45572, 16988, 35823, 394, 25063, 34594, 25329, 44791, 4383, 7663, 12075, 193, 40046, 40317, 21659, 47079, 5404, 32835, 47493, 23999, 135, 38947, 21064, 1934, 24759, 9890, 11229, 48204, 13918, 26789, 28385, 39339, 31868, 10758, 35448, 12389, 13550, 11140, 24418, 38389, 30753, 24063, 18703, 36189, 38304, 8881, 46306, 45572, 25745, 19752, 10691, 25018, 39047, 5414, 17157, 40286, 14092, 20574, 39966, 666, 33883, 47045, 20456, 32618, 48308, 13182, 17308, 43887, 37123, 42799, 46061, 9092, 12449, 38437, 21708, 37089, 5912, 48531, 35675, 9943, 9847, 32585, 33614, 28637, 5382, 23915, 25172, 42706, 38447, 27146, 11872, 35441, 2506, 28772, 14941, 4835, 36907, 42433, 35122, 45394, 36519, 18861, 28882, 13999, 48015, 13021, 11324, 14878, 16126, 14063, 14729, 650, 24663, 43002, 38418, 2082, 21159, 25277, 1365, 13496, 30756, 707, 34636, 956, 446, 3898, 43901, 3268, 33285, 31125, 45406, 38759, 22392, 6108, 48751, 16661, 14382, 47329, 40556, 14483, 41318, 36832, 33434, 32280, 49507, 27376, 8824, 20051, 35536, 39544)","(0, 1, 0, 1, 1, 1, 0, 0, 1, 1, 1, 0, 1, 1, 0, 1, 0, 1, 1, 1, 1, 1, 1, 0, 1, 1, 0, 1, 1, 1, 1, 0, 1, 0, 1, 0, 0, 0, 0, 0, 0, 1, 1, 0, 1, 0, 1, 1, 1, 1, 0, 1, 1, 1, 1, 0, 1, 0, 1, 1, 1, 1, 1, 1, 1, 1, 1, 1, 0, 0, 1, 1, 1, 1, 0, 1, 1, 0, 1, 1, 0, 1, 0, 1, 0, 1, 1, 1, 1, 0, 0, 0, 1, 0, 1, 1, 1, 0, 1, 1, 1, 1, 0, 1, 1, 0, 1, 1, 0, 1, 0, 0, 1, 0, 0, 1, 0, 0, 0, 1, 0, 1, 1, 0, 1, 0, 1, 0, 1, 1, 0, 0, 0, 1, 1, 1, 1, 1, 1, 1, 1, 0, 1, 1, 0, 1, 0, 0, 0, 1, 0, 0, 1, 1, 0, 1, 1, 1, 0, 1, 1, 1, 1, 0, 1, 1, 1, 0, 1, 1, 0, 1, 0, 1, 1, 1, 0, 1, 0, 0, 0, 1, 0, 1, 1, 1, 1, 0, 0, 1, 0, 1, 0, 0, 1, 1, 1, 1, 0, 0)"
53.570204,200,1418.943979,7,"(15223, 4786, 8971, 45983, 5505, 17921, 22432, 11751, 44427, 8849, 40920, 33648, 6899, 26996, 42935, 46836, 32681, 6018, 24392, 43501, 32923, 22315, 24338, 37654, 3675, 29295, 38966, 2443, 8521, 48057, 32483, 46481, 19268, 11071, 19489, 27600, 5338, 31394, 31228, 615, 17141, 35759, 15978, 1778, 1126, 23910, 42006, 48019, 31099, 28100, 5797, 34704, 14177, 39737, 46043, 23223, 1858, 32184, 43437, 17683, 44002, 26342, 45218, 13076, 28806, 30865, 44090, 32284, 3329, 14920, 49106, 25978, 34746, 34781, 34341, 6769, 25298, 6145, 10944, 43588, 45360, 4367, 10468, 5486, 17669, 45531, 12104, 1942, 20593, 25680, 23795, 10686, 39150, 8852, 3174, 1094, 9978, 7271, 15975, 15096, 13557, 34408, 1656, 40141, 27539, 46815, 21610, 8381, 26312, 41176, 23526, 14513, 49323, 5571, 33371, 7746, 44412, 29770, 46095, 29551, 15673, 24818, 19881, 34850, 32556, 15956, 2207, 1522, 17528, 7329, 14557, 48902, 29328, 24876, 33250, 1969, 37614, 25845, 41993, 26171, 42982, 37263, 9783, 27156, 16709, 2894, 34978, 15867, 15511, 8962, 18665, 19058, 40897, 18330, 8274, 17244, 44343, 8810, 4147, 13825, 14992, 11192, 3915, 10496, 37767, 10478, 9712, 19602, 22772, 48184, 14391, 9551, 7726, 29203, 14421, 12323, 21707, 21442, 28604, 16437, 15677, 25573, 34246, 14985, 44308, 33134, 14962, 48631, 28776, 13996, 4430, 3182, 12013, 12016, 24441, 26270, 14111, 19707, 30097, 24170)","(1, 1, 1, 0, 1, 1, 0, 1, 0, 1, 0, 0, 1, 1, 0, 0, 0, 1, 0, 0, 0, 0, 0, 0, 1, 1, 0, 0, 1, 0, 0, 0, 0, 1, 0, 0, 1, 1, 1, 1, 0, 1, 1, 1, 1, 1, 0, 0, 0, 0, 1, 0, 1, 0, 0, 0, 1, 0, 0, 1, 0, 1, 0, 1, 1, 0, 0, 0, 1, 0, 1, 0, 0, 0, 0, 1, 1, 1, 1, 0, 0, 1, 1, 0, 1, 0, 1, 1, 1, 0, 0, 1, 0, 1, 1, 1, 1, 0, 1, 1, 1, 0, 1, 0, 0, 0, 0, 1, 1, 0, 1, 1, 0, 1, 0, 1, 0, 0, 0, 0, 1, 1, 0, 0, 0, 1, 1, 1, 0, 1, 1, 0, 1, 1, 0, 1, 0, 0, 0, 0, 0, 1, 1, 1, 1, 1, 0, 0, 1, 1, 1, 1, 0, 0, 1, 1, 0, 1, 1, 1, 1, 1, 0, 1, 0, 1, 1, 1, 0, 0, 0, 1, 1, 1, 1, 1, 1, 1, 1, 1, 1, 1, 0, 1, 0, 0, 1, 0, 1, 1, 1, 1, 1, 1, 1, 0, 1, 1, 0, 0)"
84.4401,200,1421.355714,0,"(28594, 48883, 11884, 47554, 16964, 43659, 39929, 10217, 49913, 13352, 6040, 5412, 45767, 44366, 29116, 3419, 23008, 28464, 12236, 34587, 18098, 42778, 14195, 19130, 41182, 3085, 8811, 15117, 27045, 46439, 23344, 8842, 4909, 39254, 28924, 4877, 4882, 45876, 3270, 1364, 39361, 7598, 39420, 25146, 14430, 22935, 5320, 17323, 5909, 43211, 4931, 39101, 4944, 21248, 25950, 22374, 15219, 2232, 21218, 29854, 6815, 26586, 6400, 11779, 38474, 28271, 45916, 133, 34239, 6249, 27967, 5739, 21696, 13659, 26265, 12455, 13391, 19230, 6851, 26999, 20086, 24903, 746, 37336, 31252, 12893, 12524, 43809, 44660, 573, 22838, 33980, 17071, 25870, 41034, 8379, 42242, 41282, 32302, 43658, 21281, 31996, 22548, 20753, 7763, 26906, 47957, 22382, 7979, 25637, 20024, 37546, 17347, 12309, 36093, 46909, 4108, 22018, 1642, 38945, 31986, 33349, 15486, 45069, 16088, 47634, 21608, 13485, 40045, 42589, 10028, 21859, 46803, 7002, 23731, 29857, 48123, 11557, 35612, 48285, 24051, 10755, 28303, 48223, 25995, 20649, 13634, 26176, 22357, 36634, 35205, 4521, 42931, 16711, 32030, 21605, 2005, 14174, 13946, 1208, 10276, 12452, 17147, 37687, 50002, 36141, 42578, 25094, 9565, 41615, 14611, 2548, 15266, 33459, 42638, 2778, 15406, 25988, 9585, 41712, 38155, 26943, 5644, 37096, 42012, 13288, 29609, 15496, 9955, 8529, 21161, 30748, 6755, 28921, 18168, 15899, 8406, 18501, 1830, 36978)","(0, 1, 1, 0, 1, 0, 0, 1, 0, 1, 1, 1, 1, 0, 1, 1, 0, 0, 1, 1, 1, 0, 1, 0, 0, 1, 1, 1, 1, 1, 0, 1, 1, 0, 1, 0, 1, 1, 1, 1, 0, 1, 1, 1, 1, 0, 1, 0, 1, 0, 1, 0, 1, 1, 0, 0, 1, 1, 1, 0, 0, 1, 1, 1, 0, 0, 1, 0, 1, 1, 1, 1, 1, 0, 1, 1, 1, 0, 1, 0, 1, 1, 1, 1, 1, 1, 1, 0, 0, 1, 0, 1, 1, 0, 0, 1, 1, 0, 0, 0, 1, 0, 0, 0, 1, 1, 0, 0, 0, 0, 1, 0, 1, 1, 0, 0, 1, 1, 1, 0, 1, 0, 1, 0, 1, 0, 1, 1, 0, 1, 1, 0, 0, 1, 1, 0, 0, 1, 1, 0, 1, 1, 0, 0, 1, 1, 1, 1, 0, 0, 1, 0, 0, 1, 0, 1, 1, 1, 1, 1, 1, 0, 0, 0, 0, 1, 0, 1, 1, 1, 1, 1, 1, 1, 0, 1, 1, 0, 1, 1, 0, 1, 1, 1, 0, 1, 0, 1, 1, 1, 0, 0, 0, 1, 1, 1, 1, 1, 1, 0)"
68.566372,200,1423.734679,5,"(7105, 2875, 34414, 1581, 185, 24223, 45054, 13179, 44813, 17338, 35307, 30730, 13084, 36701, 33263, 6058, 28968, 14570, 14423, 23608, 30616, 4683, 18036, 39847, 36787, 3638, 21521, 3780, 36141, 20935, 24150, 18757, 10334, 19734, 32016, 18298, 4230, 44321, 36105, 14248, 238, 19145, 15076, 7977, 19422, 33847, 30030, 3719, 15832, 12399, 32576, 18573, 26764, 49344, 10411, 20570, 5613, 30715, 15164, 46560, 18764, 46392, 37016, 36855, 17696, 10367, 6208, 11672, 22440, 33363, 6795, 43669, 31496, 19211, 652, 4895, 28436, 5992, 7855, 12569, 35508, 38350, 27463, 35414, 13163, 2752, 43308, 34591, 8554, 9488, 41068, 5393, 40157, 40316, 48913, 18354, 4564, 8845, 4533, 45631, 22065, 27949, 46425, 13181, 429, 1907, 7753, 39960, 17440, 3262, 141, 37972, 27127, 30670, 20345, 48263, 48918, 16135, 10383, 47424, 634, 46210, 6670, 11660, 4803, 49443, 3276, 34011, 2148, 46709, 6487, 18784, 1602, 17416, 33877, 40645, 42911, 2090, 1153, 7203, 27628, 41704, 5222, 8071, 44334, 8824, 28099, 259, 23713, 23971, 31719, 27778, 24550, 16287, 14776, 31371, 4931, 2903, 33420, 45032, 40254, 42897, 18838, 27560, 27552, 47646, 40970, 48653, 5389, 15811, 5653, 49939, 11992, 6604, 21585, 5292, 18473, 11201, 19229, 49163, 32328, 12241, 14154, 49955, 11872, 13486, 15540, 21449, 14567, 18778, 24196, 2440, 45069, 42559, 49737, 7351, 37870, 18845, 12152, 12703)","(1, 1, 0, 1, 1, 0, 0, 1, 0, 0, 0, 0, 0, 0, 0, 1, 1, 0, 1, 1, 0, 1, 0, 0, 0, 1, 1, 1, 1, 1, 0, 1, 1, 1, 0, 1, 1, 0, 0, 1, 1, 1, 1, 0, 0, 0, 0, 1, 1, 1, 0, 1, 1, 1, 1, 1, 1, 0, 1, 1, 0, 0, 0, 1, 0, 1, 1, 1, 0, 1, 1, 0, 1, 1, 1, 1, 1, 1, 0, 1, 1, 0, 0, 0, 1, 1, 0, 0, 1, 1, 0, 1, 0, 0, 0, 1, 1, 1, 1, 0, 1, 0, 0, 1, 1, 1, 1, 0, 1, 1, 1, 0, 0, 0, 1, 1, 1, 1, 1, 0, 1, 1, 1, 1, 1, 0, 1, 1, 1, 0, 1, 0, 1, 0, 0, 0, 0, 1, 1, 1, 1, 0, 1, 1, 0, 1, 0, 1, 1, 1, 0, 1, 1, 1, 1, 1, 1, 1, 0, 0, 0, 0, 1, 0, 0, 0, 1, 0, 1, 1, 1, 0, 1, 1, 0, 1, 1, 1, 1, 0, 1, 1, 1, 0, 1, 1, 1, 1, 0, 0, 1, 1, 1, 1, 0, 1, 0, 1, 1, 1)"
103.775495,200,1426.216353,5,"(22985, 3748, 27370, 3260, 30322, 12211, 45920, 1900, 5535, 43649, 23089, 30419, 9381, 60, 35005, 36404, 42645, 47592, 29097, 18882, 11535, 16154, 45662, 49085, 24273, 22315, 39210, 46491, 44785, 44203, 9415, 4321, 5079, 6515, 20751, 33782, 30880, 24403, 3516, 23163, 2640, 12828, 3396, 33956, 9913, 2696, 17448, 13075, 27079, 6980, 47585, 40421, 9471, 562, 30694, 23135, 29292, 49698, 453, 9573, 35078, 11894, 15381, 10709, 13283, 45535, 19904, 41521, 21109, 23386, 28901, 10945, 1393, 23733, 1418, 24666, 26947, 27101, 6567, 48700, 21344, 31409, 5013, 18601, 36907, 1155, 7685, 16263, 38014, 29519, 37144, 9509, 209, 42344, 47819, 9349, 7456, 25968, 10588, 33231, 22844, 5695, 33594, 7993, 1101, 1697, 13849, 10740, 31791, 17927, 21022, 3821, 33193, 26893, 41551, 30125, 30185, 32254, 46118, 294, 3867, 15984, 8005, 31857, 44669, 2839, 10093, 37532, 29573, 5378, 37059, 9742, 40801, 26236, 26737, 12379, 21456, 19353, 44201, 49099, 45738, 39801, 48393, 8982, 34611, 42328, 6327, 37730, 27932, 2881, 37971, 18356, 32005, 45771, 27513, 17923, 48451, 18291, 36356, 33545, 42193, 15026, 41366, 27229, 4367, 43081, 11647, 16124, 8047, 10857, 17447, 536, 11479, 48051, 36071, 31007, 31416, 32899, 1554, 10751, 24811, 16325, 44746, 45737, 4503, 5752, 4752, 32690, 26240, 25861, 32390, 3109, 28345, 11352, 11610, 8997, 576, 45626, 13389, 37667)","(0, 1, 1, 1, 0, 1, 1, 1, 1, 0, 0, 0, 1, 1, 0, 1, 0, 0, 1, 1, 1, 1, 1, 0, 1, 0, 1, 0, 0, 0, 1, 1, 1, 1, 1, 0, 0, 0, 1, 0, 0, 1, 1, 0, 1, 1, 1, 1, 1, 1, 0, 1, 1, 1, 0, 0, 1, 0, 1, 1, 0, 1, 1, 1, 1, 1, 1, 1, 1, 1, 1, 1, 1, 1, 1, 1, 0, 1, 1, 1, 1, 1, 0, 1, 0, 1, 1, 1, 0, 1, 1, 1, 1, 1, 0, 1, 1, 0, 1, 1, 0, 1, 1, 0, 1, 1, 1, 1, 0, 1, 0, 0, 0, 1, 0, 1, 0, 1, 1, 1, 1, 1, 1, 1, 0, 1, 1, 1, 1, 1, 0, 1, 1, 1, 0, 1, 1, 1, 0, 0, 1, 1, 1, 1, 1, 1, 1, 0, 0, 1, 1, 1, 1, 0, 0, 1, 1, 0, 1, 0, 0, 1, 1, 1, 1, 1, 1, 1, 1, 1, 1, 1, 1, 0, 1, 1, 1, 0, 1, 1, 1, 1, 0, 0, 1, 1, 1, 1, 1, 1, 1, 1, 0, 1, 1, 1, 1, 0, 1, 0)"
83.368656,200,1428.703755,2,"(37412, 28136, 20206, 16355, 29734, 43497, 26311, 8116, 33506, 22856, 18278, 14715, 37117, 14435, 35906, 23216, 34594, 34534, 15313, 6318, 1448, 31501, 13105, 14010, 2436, 45675, 35314, 19221, 45684, 18708, 22272, 19108, 32814, 1992, 25335, 10977, 25327, 35211, 40959, 27471, 8962, 16048, 44197, 27156, 25327, 13450, 47746, 39290, 38000, 28579, 47796, 21364, 16682, 2343, 48214, 2772, 14193, 17713, 44385, 49423, 4441, 34812, 33440, 10352, 10789, 32422, 27250, 34476, 9415, 36127, 10415, 2825, 14090, 38373, 48215, 9093, 4401, 23612, 18398, 49753, 3818, 46016, 18238, 22717, 32030, 28841, 5512, 31388, 46800, 6364, 23538, 31824, 10946, 40325, 41802, 33680, 1911, 28165, 46482, 36168, 18798, 39759, 43897, 48260, 47992, 34240, 10944, 22381, 45737, 2180, 22454, 22081, 32177, 10655, 37608, 9549, 596, 183, 48344, 4615, 27178, 3564, 14199, 47157, 20200, 17866, 40283, 13213, 15798, 9, 33745, 15130, 19454, 8491, 37277, 5546, 38879, 48480, 7010, 16966, 42960, 44214, 30076, 13435, 12795, 6356, 35337, 11320, 24179, 5028, 37989, 290, 43982, 31599, 25569, 19208, 35016, 35206, 28482, 19644, 15486, 7303, 41711, 9726, 23234, 47627, 34377, 34291, 4832, 8798, 27310, 31187, 20628, 41160, 294, 44445, 8181, 25675, 37606, 46922, 2903, 38033, 3300, 15670, 7520, 13856, 9802, 30830, 27834, 15602, 9640, 33152, 15135, 39130, 803, 35334, 25897, 208, 2991, 25878)","(1, 0, 1, 1, 1, 0, 1, 1, 0, 0, 1, 1, 1, 1, 1, 0, 0, 0, 1, 1, 1, 0, 1, 1, 1, 1, 0, 1, 0, 1, 0, 1, 1, 0, 0, 1, 1, 1, 1, 0, 1, 1, 0, 1, 0, 1, 1, 1, 1, 1, 0, 1, 1, 1, 0, 1, 1, 0, 0, 1, 1, 0, 0, 1, 0, 1, 1, 0, 1, 1, 1, 1, 0, 0, 0, 1, 0, 1, 1, 0, 1, 0, 1, 0, 1, 1, 1, 1, 0, 1, 1, 1, 1, 0, 1, 0, 1, 0, 1, 1, 1, 0, 0, 1, 1, 0, 1, 0, 0, 1, 0, 1, 1, 1, 0, 1, 1, 1, 0, 1, 1, 1, 1, 1, 1, 1, 0, 1, 0, 1, 0, 1, 1, 1, 1, 1, 1, 0, 1, 1, 0, 0, 0, 1, 1, 1, 1, 1, 1, 1, 1, 1, 0, 1, 1, 1, 0, 0, 1, 1, 1, 1, 0, 1, 0, 1, 1, 0, 1, 1, 1, 1, 1, 1, 1, 0, 1, 0, 1, 0, 1, 1, 1, 1, 1, 0, 1, 0, 1, 1, 1, 1, 1, 0, 1, 1, 1, 1, 1, 0)"
87.712517,200,1439.529372,1,"(3543, 5016, 30784, 13851, 36964, 2400, 3779, 17369, 8524, 12783, 8245, 32077, 42729, 21676, 39161, 3060, 676, 575, 16766, 19695, 7476, 15246, 8596, 27792, 34108, 12646, 10956, 43248, 3689, 34325, 49964, 36279, 37801, 46438, 35434, 44359, 22090, 10040, 45478, 37633, 2111, 30147, 40103, 42869, 21797, 23632, 10481, 11583, 17641, 6850, 20528, 27572, 9740, 31788, 23752, 35256, 2967, 41353, 8518, 13954, 13046, 3977, 48692, 43772, 9254, 25255, 44613, 44220, 31192, 46418, 42128, 27166, 13450, 16056, 5073, 2156, 6088, 37607, 21800, 11068, 16883, 10042, 31903, 15591, 15461, 45940, 36604, 40723, 35396, 40457, 33522, 50014, 34136, 16851, 37874, 14463, 16159, 26268, 2955, 37752, 40088, 6592, 37205, 28493, 30048, 37410, 14804, 38230, 21956, 29104, 24056, 35428, 6104, 11167, 22525, 38613, 4758, 645, 14233, 10022, 29340, 32471, 41368, 19822, 46666, 24186, 47139, 20146, 34880, 45743, 31552, 11916, 32713, 6016, 8553, 45589, 33821, 25252, 46291, 21346, 23880, 3160, 18481, 41444, 42055, 36874, 29788, 31625, 2238, 7025, 39510, 8814, 17592, 38012, 9821, 31176, 41619, 27277, 36258, 31401, 5021, 24552, 38810, 14109, 11090, 4499, 42096, 41664, 18596, 11065, 48683, 9312, 42628, 22040, 35100, 561, 11110, 27212, 19739, 3841, 49157, 30493, 31316, 13485, 43988, 16029, 27684, 44175, 34331, 27682, 12694, 23195, 16610, 22059, 8818, 21200, 46336, 30157, 33148, 33527)","(1, 1, 0, 1, 1, 1, 1, 0, 1, 1, 1, 1, 1, 1, 1, 1, 1, 1, 1, 1, 1, 1, 0, 1, 1, 1, 1, 0, 1, 1, 0, 0, 0, 1, 1, 0, 1, 1, 1, 0, 1, 1, 1, 1, 1, 1, 1, 1, 1, 1, 0, 0, 1, 0, 0, 1, 1, 0, 1, 1, 1, 1, 1, 0, 0, 0, 0, 0, 0, 0, 0, 1, 1, 1, 1, 1, 1, 1, 1, 1, 1, 1, 0, 1, 1, 0, 0, 0, 1, 0, 1, 0, 1, 1, 1, 1, 1, 0, 1, 1, 1, 1, 0, 1, 0, 1, 0, 0, 1, 1, 1, 0, 1, 0, 0, 0, 1, 1, 1, 1, 0, 1, 1, 1, 0, 1, 1, 1, 0, 0, 1, 1, 1, 1, 1, 1, 0, 1, 1, 1, 1, 0, 0, 0, 0, 1, 0, 0, 1, 1, 1, 1, 1, 0, 1, 1, 0, 1, 0, 0, 1, 1, 1, 1, 1, 1, 0, 0, 1, 1, 1, 1, 0, 1, 0, 1, 1, 0, 1, 1, 1, 0, 1, 1, 0, 1, 0, 0, 0, 0, 1, 0, 1, 0, 1, 1, 1, 0, 1, 0)"
123.32468,200,1442.337538,5,"(18436, 1536, 5391, 4044, 2194, 14441, 14542, 24285, 5109, 38294, 14555, 29615, 45490, 45164, 15629, 35687, 35128, 40489, 36793, 16223, 3018, 30211, 40698, 5972, 41103, 36290, 14202, 44799, 15065, 34302, 11082, 49066, 23367, 35434, 40521, 6614, 27662, 9761, 47619, 15834, 8204, 48012, 5308, 15506, 32001, 10202, 24811, 5565, 3798, 25806, 5627, 47188, 22151, 3316, 24694, 47281, 45965, 30206, 1668, 6048, 25658, 37227, 7970, 15500, 30385, 23141, 32369, 38571, 5080, 32554, 1753, 22336, 7725, 1356, 1661, 3891, 31535, 37106, 7864, 20594, 35934, 37539, 3711, 17605, 29946, 12491, 49362, 15704, 23738, 22345, 47218, 19444, 23876, 41518, 18363, 5810, 38580, 7455, 23600, 28472, 17725, 11026, 49088, 17272, 15024, 2845, 32560, 30697, 7852, 12588, 30938, 48242, 28115, 12620, 17893, 11725, 19854, 21340, 32799, 21771, 24754, 18479, 7532, 18103, 41208, 4100, 43684, 43513, 19427, 47674, 3438, 43216, 42969, 20550, 10281, 17715, 32998, 34024, 31185, 17960, 40338, 39492, 32740, 25489, 11196, 4596, 48689, 15949, 22252, 34814, 30558, 31544, 31089, 31023, 4887, 10534, 41771, 7856, 8000, 3797, 9951, 26115, 2344, 36835, 5974, 4763, 29005, 13963, 22647, 761, 13674, 33399, 5343, 43526, 25649, 22810, 36447, 18412, 49644, 1807, 40514, 12385, 13175, 23463, 6079, 48840, 35469, 7156, 44752, 37355, 9925, 9621, 32916, 16884, 37681, 18812, 34025, 3463, 20771, 20518)","(1, 1, 1, 1, 1, 0, 1, 1, 1, 1, 1, 1, 0, 1, 1, 1, 0, 0, 0, 1, 1, 0, 1, 1, 1, 1, 1, 0, 1, 1, 1, 0, 0, 1, 0, 1, 1, 1, 1, 1, 1, 0, 1, 0, 1, 1, 1, 1, 1, 0, 1, 0, 1, 1, 1, 0, 0, 0, 1, 1, 1, 1, 1, 1, 0, 0, 0, 1, 1, 0, 1, 0, 1, 1, 1, 1, 1, 1, 1, 1, 0, 1, 1, 1, 0, 1, 0, 0, 1, 0, 0, 1, 1, 0, 0, 1, 1, 1, 1, 1, 1, 1, 1, 1, 1, 1, 0, 0, 1, 1, 0, 1, 0, 1, 1, 0, 0, 1, 1, 1, 1, 0, 0, 0, 0, 1, 0, 0, 0, 0, 1, 1, 1, 0, 1, 1, 0, 0, 1, 1, 1, 0, 0, 1, 1, 1, 1, 1, 0, 1, 0, 0, 0, 1, 1, 1, 1, 1, 1, 1, 1, 1, 1, 1, 1, 1, 1, 1, 0, 1, 1, 0, 1, 0, 1, 0, 0, 1, 0, 1, 0, 1, 1, 1, 1, 1, 1, 1, 0, 1, 1, 1, 0, 1, 1, 1, 0, 1, 1, 1)"
69.307104,200,1445.223507,0,"(39723, 14962, 39667, 18859, 17460, 4086, 1929, 3404, 8293, 36670, 13045, 2839, 25805, 14837, 35747, 10422, 48846, 15336, 44827, 8191, 11328, 14456, 11874, 10684, 14197, 3104, 15883, 40102, 49582, 16174, 16288, 11554, 34289, 26451, 44512, 28450, 42680, 2376, 37716, 13791, 29991, 16846, 5156, 27755, 44954, 24379, 17189, 39051, 46947, 33398, 2910, 32768, 35036, 47389, 46120, 7590, 36433, 41977, 31647, 6690, 13819, 45504, 1884, 13813, 43099, 48427, 38237, 27150, 47648, 44257, 33125, 22062, 25658, 48708, 5132, 10518, 48641, 1943, 8514, 3483, 31927, 44946, 43057, 4321, 19617, 33676, 13687, 11031, 19798, 20796, 22908, 41761, 36217, 29313, 20206, 40171, 48384, 19115, 4326, 20566, 43773, 38707, 16477, 43967, 20682, 21746, 3606, 23880, 3488, 20446, 18278, 22861, 20241, 45737, 35329, 36441, 8140, 41016, 8233, 43876, 20401, 46324, 44669, 28568, 14746, 37201, 28162, 42973, 28874, 12872, 7326, 13137, 37829, 40777, 10367, 954, 16235, 19349, 8404, 2289, 33568, 18736, 23236, 30802, 47947, 46781, 30192, 17094, 4234, 39568, 38199, 22300, 18403, 11014, 47920, 45038, 39861, 12214, 10684, 49846, 7805, 31098, 12885, 15144, 40370, 42816, 19321, 4672, 9652, 35490, 28835, 32710, 44288, 31602, 13844, 30188, 26394, 48211, 17316, 8897, 47179, 10504, 28295, 34084, 28573, 33613, 45881, 15155, 11890, 5304, 2656, 6185, 3109, 8287, 32394, 5977, 41244, 28476, 5654, 47856)","(0, 0, 0, 0, 1, 1, 1, 1, 1, 0, 1, 1, 0, 0, 1, 1, 1, 1, 0, 1, 1, 1, 0, 1, 1, 1, 1, 0, 1, 0, 1, 1, 1, 0, 0, 1, 0, 0, 1, 0, 0, 1, 1, 0, 0, 1, 0, 0, 0, 1, 1, 0, 0, 0, 1, 0, 0, 1, 1, 1, 1, 0, 1, 1, 1, 0, 1, 1, 1, 0, 1, 1, 1, 0, 1, 1, 0, 0, 1, 1, 0, 0, 1, 1, 1, 0, 0, 0, 0, 0, 0, 0, 1, 1, 0, 0, 1, 1, 1, 1, 0, 0, 1, 0, 1, 1, 1, 1, 1, 1, 1, 0, 1, 0, 0, 1, 1, 1, 1, 0, 0, 0, 0, 1, 1, 0, 1, 0, 0, 1, 1, 1, 1, 0, 1, 1, 1, 1, 1, 1, 0, 1, 0, 0, 0, 1, 0, 1, 1, 0, 0, 0, 1, 1, 1, 0, 0, 1, 0, 0, 1, 0, 0, 1, 1, 0, 0, 1, 1, 0, 0, 1, 0, 0, 1, 0, 1, 1, 0, 1, 0, 1, 0, 0, 1, 0, 0, 0, 1, 1, 1, 1, 1, 1, 1, 1, 0, 1, 1, 0)"
106.398943,200,1447.666289,5,"(49955, 44979, 26405, 17110, 25553, 31106, 30981, 5867, 19283, 25348, 39113, 26978, 27300, 11676, 43035, 29031, 9775, 14319, 18807, 32915, 30147, 27051, 19864, 36553, 10643, 9571, 7674, 47892, 33273, 22685, 19919, 32074, 49467, 34395, 5742, 25663, 43362, 49009, 10433, 20453, 17821, 36989, 38376, 7168, 25770, 45798, 44027, 24110, 45933, 45761, 29885, 16772, 35643, 12351, 14045, 1281, 41828, 24251, 32937, 20415, 10234, 10052, 38812, 4690, 6073, 16438, 26914, 23464, 26482, 12789, 26189, 18235, 15752, 21951, 20699, 783, 7797, 20211, 35377, 34964, 37060, 3610, 14306, 34681, 10388, 11270, 14356, 48799, 25307, 17571, 37913, 6538, 13553, 11516, 8232, 1627, 46202, 660, 1287, 20643, 29199, 41922, 37115, 30465, 25465, 3055, 7009, 23394, 36318, 34554, 7465, 20302, 26988, 2811, 5010, 47379, 11912, 10433, 46303, 2210, 15715, 31715, 3419, 5790, 3102, 26423, 17998, 19462, 10667, 520, 36362, 50007, 34189, 34964, 26462, 44589, 41434, 29516, 9054, 108, 48153, 26311, 169, 30276, 11718, 32705, 1494, 11933, 5878, 36450, 5103, 2073, 25884, 43442, 3733, 22148, 18238, 6501, 27154, 46104, 10577, 8120, 3786, 46263, 13074, 26572, 4038, 7938, 39082, 36672, 299, 38543, 26531, 31529, 20484, 41981, 500, 22420, 38166, 29186, 2488, 42118, 36473, 47506, 14518, 40372, 30796, 2731, 2738, 37608, 1067, 7073, 9629, 10200, 49086, 1311, 16855, 44846, 5394, 21030)","(0, 0, 0, 0, 1, 0, 1, 1, 0, 1, 0, 1, 0, 1, 0, 1, 1, 1, 1, 0, 1, 1, 1, 0, 1, 1, 1, 1, 1, 0, 1, 0, 0, 1, 1, 1, 0, 1, 1, 1, 1, 0, 1, 1, 0, 0, 0, 0, 0, 0, 0, 1, 1, 0, 1, 1, 1, 1, 1, 1, 1, 1, 1, 1, 1, 1, 1, 1, 1, 1, 1, 1, 1, 1, 1, 0, 1, 1, 1, 0, 1, 1, 1, 0, 1, 0, 1, 1, 1, 1, 0, 1, 1, 1, 1, 1, 0, 1, 1, 1, 1, 1, 1, 0, 1, 1, 1, 1, 1, 0, 1, 1, 1, 1, 1, 0, 1, 0, 1, 1, 0, 0, 1, 1, 1, 0, 1, 1, 1, 1, 1, 1, 0, 0, 1, 0, 1, 0, 1, 1, 0, 0, 1, 0, 1, 1, 1, 1, 1, 0, 1, 1, 1, 0, 1, 1, 1, 1, 1, 0, 0, 1, 1, 0, 1, 1, 1, 1, 0, 1, 1, 1, 1, 0, 1, 1, 1, 0, 0, 1, 1, 1, 0, 1, 1, 0, 0, 1, 1, 0, 1, 0, 1, 1, 1, 1, 1, 0, 1, 1)"
77.214107,200,1450.224236,6,"(33921, 45055, 4654, 44326, 2070, 29286, 20030, 32662, 28062, 26448, 22436, 26537, 38048, 30233, 39632, 9299, 42132, 45179, 41810, 35429, 42354, 36070, 48958, 21638, 13924, 10019, 4266, 2982, 132, 35574, 36709, 32167, 17959, 8283, 18363, 17792, 14563, 11406, 48536, 39449, 34360, 46098, 23414, 33094, 16907, 16517, 42568, 3124, 31726, 12930, 3463, 1372, 21899, 11754, 34490, 9399, 33617, 27386, 44566, 40313, 21642, 30466, 21407, 31533, 7535, 43168, 39697, 46642, 12373, 8843, 17202, 23804, 17646, 3798, 15779, 28109, 39302, 6425, 37159, 4163, 42860, 23023, 24537, 7515, 44434, 4884, 17382, 12044, 18234, 12728, 25817, 6249, 49239, 5522, 9833, 3505, 48406, 44616, 19020, 23342, 9198, 30578, 21585, 16431, 49138, 33003, 28885, 18108, 35069, 48721, 8249, 45740, 19484, 10870, 20953, 40620, 11566, 37285, 25367, 9861, 34469, 42405, 40008, 9819, 45151, 38864, 49387, 43498, 22064, 118, 49322, 36727, 48610, 10682, 27882, 13189, 48125, 34401, 49627, 26488, 3091, 3064, 27938, 1331, 30939, 39849, 19592, 7303, 42175, 44295, 46942, 6100, 5125, 25118, 20476, 32761, 35327, 8687, 24677, 20718, 21417, 33528, 10104, 35781, 10266, 7757, 43634, 17865, 38085, 23790, 13855, 8032, 48872, 36344, 39144, 723, 17018, 48405, 13663, 20173, 47057, 31747, 25377, 23981, 38345, 15972, 2516, 39752, 21297, 13657, 35661, 24859, 722, 25207, 3951, 48133, 5792, 9545, 8242, 16130)","(0, 0, 1, 0, 1, 1, 0, 1, 1, 0, 0, 0, 1, 0, 0, 1, 0, 1, 0, 1, 0, 1, 1, 1, 1, 1, 1, 1, 1, 1, 0, 1, 0, 1, 0, 0, 0, 1, 0, 0, 0, 0, 1, 1, 1, 1, 0, 1, 1, 1, 1, 1, 1, 1, 0, 1, 0, 1, 0, 0, 1, 0, 1, 0, 1, 0, 1, 0, 1, 1, 1, 1, 0, 1, 1, 0, 0, 0, 1, 0, 1, 0, 1, 1, 0, 1, 1, 1, 1, 1, 0, 1, 0, 0, 1, 1, 1, 0, 0, 0, 1, 0, 0, 1, 1, 1, 1, 0, 0, 1, 1, 0, 1, 1, 1, 0, 1, 1, 1, 1, 0, 0, 0, 1, 0, 0, 0, 0, 0, 1, 0, 0, 1, 1, 1, 1, 0, 0, 0, 1, 1, 1, 1, 1, 0, 0, 0, 1, 0, 0, 1, 1, 1, 1, 0, 1, 0, 1, 1, 1, 1, 0, 1, 0, 1, 1, 0, 1, 0, 1, 1, 1, 0, 1, 1, 1, 1, 1, 1, 1, 1, 0, 1, 1, 1, 1, 1, 0, 1, 1, 0, 1, 1, 1, 1, 0, 1, 1, 1, 1)"
82.542204,200,1452.684162,1,"(32380, 20574, 3499, 23217, 6356, 30489, 31395, 44147, 12178, 10123, 11734, 24124, 38024, 2081, 16997, 9828, 46291, 42442, 15463, 38399, 7128, 25399, 46807, 31374, 17579, 18865, 1627, 30942, 2532, 40698, 23364, 28199, 30066, 23976, 7487, 27875, 4822, 41628, 12521, 42254, 36168, 37590, 11721, 15052, 43472, 1599, 20105, 35790, 27097, 11738, 44218, 16494, 2264, 3145, 7784, 48829, 23311, 39827, 23859, 18285, 4953, 8967, 6740, 27138, 19124, 19933, 5572, 37927, 38350, 8704, 19245, 27355, 25129, 14036, 7111, 36690, 39394, 10890, 17705, 10434, 12476, 21093, 31538, 19877, 47025, 8170, 10533, 1919, 11620, 21461, 26071, 26834, 23047, 21672, 44593, 34871, 28111, 2002, 5221, 3237, 27831, 14359, 11121, 46413, 36799, 5688, 30496, 24584, 8499, 36477, 39953, 7540, 17609, 9743, 45403, 33948, 21131, 40882, 35287, 15170, 19890, 1108, 15386, 34481, 49312, 19552, 37387, 3092, 339, 9195, 3926, 17458, 18073, 13669, 4891, 24440, 35364, 18671, 14414, 18921, 13601, 16393, 33877, 3736, 5265, 11904, 17037, 31856, 31664, 1502, 11418, 47225, 19842, 10205, 9185, 43123, 16512, 43481, 45560, 10830, 25810, 17448, 7399, 40840, 20925, 21580, 48337, 10405, 24152, 35570, 43827, 11901, 33741, 14134, 25877, 34577, 2014, 24252, 25410, 49341, 2575, 31410, 22015, 42900, 35855, 18892, 43415, 13657, 31683, 36873, 11159, 32917, 47116, 35761, 18561, 46054, 3853, 14927, 31295, 11988)","(0, 1, 1, 0, 1, 0, 1, 0, 1, 1, 1, 0, 0, 1, 1, 1, 1, 0, 1, 0, 1, 1, 0, 1, 1, 1, 1, 0, 1, 1, 1, 0, 0, 1, 1, 1, 1, 1, 1, 0, 1, 1, 1, 1, 0, 1, 1, 1, 0, 1, 0, 0, 0, 0, 1, 0, 1, 0, 1, 1, 1, 1, 1, 1, 1, 1, 1, 0, 0, 0, 1, 0, 0, 0, 0, 0, 0, 1, 1, 1, 1, 1, 1, 0, 1, 1, 1, 1, 1, 1, 1, 0, 0, 1, 0, 0, 1, 1, 0, 1, 1, 1, 1, 0, 1, 0, 0, 1, 1, 1, 0, 1, 1, 1, 0, 1, 1, 0, 0, 1, 0, 1, 1, 0, 0, 0, 1, 1, 1, 0, 1, 0, 1, 1, 1, 1, 0, 0, 1, 1, 1, 1, 0, 1, 1, 1, 1, 0, 1, 1, 1, 0, 1, 1, 1, 0, 0, 0, 0, 1, 0, 1, 1, 1, 1, 1, 0, 1, 1, 0, 0, 1, 0, 1, 1, 0, 1, 1, 1, 0, 1, 1, 1, 0, 0, 0, 0, 1, 0, 1, 1, 1, 0, 1, 1, 0, 1, 1, 1, 1)"
79.425991,200,1455.070399,5,"(3230, 12655, 4629, 49341, 9997, 32068, 36590, 10202, 37278, 47075, 18844, 29554, 9705, 3881, 22636, 13888, 40705, 39097, 29223, 35788, 32581, 21985, 28641, 36917, 35101, 25230, 558, 37621, 2851, 19729, 40065, 28355, 4297, 26250, 26383, 11523, 9890, 48131, 34774, 25502, 46590, 20232, 42752, 7530, 25511, 28526, 37461, 18905, 43143, 27509, 738, 8429, 16776, 37562, 17395, 49668, 41674, 36737, 49992, 2855, 46936, 14227, 13942, 46683, 30180, 25969, 44815, 31701, 45491, 5936, 37371, 3514, 36711, 28665, 8666, 46348, 712, 21060, 21730, 36933, 21685, 11533, 1461, 20729, 1956, 11456, 5704, 24289, 45189, 17762, 41806, 16514, 12067, 17015, 28507, 7722, 1295, 15003, 13485, 26503, 17399, 39208, 49810, 26260, 32328, 14986, 28868, 31944, 1070, 49834, 7295, 36976, 21300, 28331, 40039, 43319, 34120, 7868, 12759, 40077, 23906, 6182, 24364, 27786, 25933, 28333, 15412, 27934, 47326, 8471, 46816, 5510, 31831, 47129, 29459, 12768, 33937, 32290, 3498, 15198, 18587, 33141, 25326, 33293, 28792, 27829, 28073, 19075, 25836, 17093, 1691, 9011, 24624, 33767, 28422, 16475, 29320, 33586, 15862, 47033, 18519, 23636, 847, 16251, 39728, 6100, 156, 19742, 27117, 26097, 46352, 38261, 5558, 44473, 4811, 38642, 40265, 46770, 8078, 42279, 6490, 6759, 20843, 20819, 28989, 27296, 21287, 30748, 40575, 49667, 22680, 2233, 32575, 11417, 31257, 6405, 42137, 41479, 7761, 47925)","(0, 1, 1, 0, 1, 0, 0, 1, 1, 0, 1, 0, 1, 1, 0, 1, 1, 0, 1, 0, 0, 1, 1, 1, 0, 1, 1, 1, 1, 1, 0, 0, 1, 1, 0, 1, 1, 0, 0, 0, 0, 1, 0, 1, 1, 1, 1, 1, 1, 0, 1, 1, 0, 1, 1, 1, 0, 0, 0, 1, 1, 1, 1, 1, 0, 0, 0, 0, 0, 1, 0, 1, 0, 1, 1, 0, 1, 1, 1, 1, 1, 1, 1, 1, 1, 1, 1, 1, 1, 1, 1, 1, 1, 0, 1, 0, 1, 0, 1, 1, 0, 1, 0, 1, 1, 1, 1, 0, 1, 0, 0, 0, 1, 0, 1, 0, 1, 1, 1, 0, 1, 1, 0, 1, 1, 0, 0, 1, 1, 1, 0, 0, 0, 0, 1, 1, 1, 1, 1, 1, 1, 0, 0, 1, 1, 1, 0, 1, 0, 1, 1, 1, 1, 0, 1, 1, 1, 0, 1, 1, 0, 1, 1, 1, 1, 1, 1, 1, 1, 1, 0, 1, 1, 0, 1, 0, 1, 1, 0, 0, 1, 1, 1, 0, 1, 0, 0, 0, 0, 0, 0, 1, 0, 0, 1, 1, 0, 1, 1, 0)"
83.509072,200,1457.504416,2,"(23260, 45004, 41206, 24564, 19316, 10625, 26053, 8673, 4333, 32272, 35858, 41295, 31394, 13611, 1080, 3204, 3729, 3392, 47780, 20861, 32641, 10209, 42160, 424, 9397, 531, 47419, 46207, 43457, 47863, 5965, 48369, 31314, 1967, 22285, 2499, 39477, 47823, 21962, 3678, 1664, 17253, 3306, 15718, 33362, 8481, 5400, 20753, 40122, 43937, 39560, 37536, 34208, 39767, 44859, 3662, 3411, 34040, 20216, 29804, 18349, 19785, 46453, 30796, 30717, 37053, 33785, 19683, 41393, 48304, 36101, 43420, 48047, 37853, 1385, 36965, 7419, 44455, 18700, 49884, 18888, 1254, 42072, 32412, 7427, 6434, 38907, 14534, 12681, 11319, 6123, 10081, 13190, 14162, 15921, 38470, 28230, 7573, 2855, 25140, 49710, 44577, 1172, 2010, 11543, 1404, 6086, 11284, 16530, 46820, 657, 1458, 227, 1453, 10334, 1841, 37930, 46884, 15384, 26976, 2752, 21073, 21629, 26380, 2276, 38278, 39429, 26119, 585, 20937, 6870, 32163, 31093, 18738, 5209, 28992, 31009, 18285, 13902, 24455, 39392, 27471, 9961, 21601, 23085, 6147, 45181, 10303, 16044, 32236, 6628, 41189, 23773, 29212, 25247, 46865, 11808, 25869, 43448, 40537, 11150, 24819, 13649, 49597, 18321, 42287, 28568, 8943, 39870, 17814, 16263, 16601, 4998, 36460, 21794, 26791, 29161, 13615, 18105, 42368, 45618, 3893, 5875, 46372, 2816, 30611, 25967, 15806, 32518, 31496, 15273, 9501, 11442, 18731, 18603, 50022, 1910, 12362, 49436, 17025)","(0, 0, 1, 1, 1, 1, 0, 1, 1, 0, 1, 1, 1, 1, 1, 1, 1, 1, 1, 1, 1, 1, 0, 1, 1, 1, 0, 1, 0, 1, 1, 0, 1, 1, 0, 1, 1, 1, 1, 1, 1, 1, 1, 0, 0, 0, 1, 0, 0, 0, 0, 1, 0, 0, 1, 1, 1, 1, 1, 0, 1, 1, 1, 0, 0, 1, 0, 1, 1, 0, 1, 0, 1, 1, 1, 1, 1, 0, 1, 1, 1, 1, 1, 0, 1, 1, 1, 1, 1, 1, 1, 1, 1, 0, 1, 0, 0, 1, 1, 1, 1, 0, 1, 1, 1, 1, 1, 0, 0, 0, 1, 1, 1, 0, 1, 1, 1, 1, 1, 0, 1, 0, 1, 1, 1, 1, 1, 1, 1, 1, 1, 1, 1, 1, 1, 0, 1, 1, 1, 0, 1, 0, 1, 0, 0, 1, 0, 1, 1, 1, 1, 1, 1, 1, 1, 0, 1, 1, 0, 0, 1, 1, 1, 0, 1, 0, 1, 1, 0, 0, 1, 0, 1, 1, 1, 0, 0, 1, 0, 0, 0, 1, 1, 0, 1, 0, 0, 0, 1, 1, 1, 1, 1, 0, 1, 1, 1, 1, 1, 1)"
39.981191,200,1460.233849,8,"(14977, 14128, 18090, 3429, 19055, 39477, 34551, 32085, 3713, 8669, 13951, 25733, 38101, 27214, 49319, 14498, 18097, 12985, 4546, 29991, 28365, 41322, 16075, 46061, 15343, 11791, 7291, 25616, 12687, 28692, 15923, 7644, 29167, 37758, 5592, 18108, 1210, 43545, 7518, 8763, 13577, 11710, 49323, 26368, 4720, 4227, 1259, 41517, 35229, 7785, 25629, 34641, 34155, 44930, 28465, 19531, 20510, 11873, 48530, 7122, 48910, 3892, 7138, 26372, 41971, 16710, 30309, 33646, 22149, 34463, 45485, 19313, 874, 39269, 24252, 34594, 49287, 7051, 47903, 42649, 17886, 38354, 3169, 19166, 23302, 4271, 3377, 2734, 10330, 1735, 46059, 24259, 4885, 12406, 34365, 25581, 8157, 45840, 12760, 8786, 22767, 10398, 28649, 42932, 48479, 24144, 10234, 32890, 5040, 27691, 5745, 46464, 1203, 5106, 18268, 37531, 18935, 39724, 40963, 9250, 5720, 34279, 46912, 24726, 301, 41872, 41009, 14860, 15471, 9103, 45079, 47781, 4725, 3809, 8626, 48792, 31936, 15282, 4902, 44746, 34101, 33125, 4796, 25161, 23689, 38778, 2069, 1464, 19541, 1936, 37756, 20106, 32714, 21103, 30238, 42585, 7904, 2624, 40402, 38954, 8012, 11810, 33996, 9762, 46152, 16079, 35887, 9892, 23593, 33927, 8207, 38949, 30331, 6944, 16213, 30175, 26723, 35535, 39518, 34777, 46404, 30570, 34239, 13703, 24233, 24475, 45387, 46566, 19862, 19290, 47698, 8035, 1375, 24995, 16528, 17029, 47072, 1013, 4992, 22998)","(1, 1, 0, 0, 1, 0, 0, 0, 1, 1, 1, 0, 0, 1, 0, 0, 0, 1, 1, 0, 0, 0, 1, 0, 1, 1, 0, 1, 1, 0, 1, 1, 1, 0, 0, 0, 1, 0, 1, 1, 1, 1, 0, 1, 1, 1, 1, 0, 0, 1, 1, 0, 0, 0, 0, 1, 1, 1, 0, 1, 0, 1, 1, 0, 0, 1, 0, 0, 1, 0, 0, 1, 1, 0, 0, 0, 0, 1, 0, 0, 0, 0, 1, 1, 1, 1, 1, 1, 1, 1, 0, 0, 1, 1, 0, 1, 1, 0, 1, 1, 0, 1, 1, 0, 0, 0, 1, 0, 1, 0, 1, 0, 1, 1, 0, 0, 0, 0, 0, 1, 1, 0, 0, 1, 1, 0, 0, 1, 1, 1, 0, 0, 1, 1, 1, 0, 0, 1, 1, 0, 0, 0, 1, 0, 0, 0, 1, 1, 1, 1, 0, 1, 0, 1, 0, 0, 0, 1, 0, 0, 1, 1, 0, 0, 0, 0, 0, 1, 1, 0, 1, 0, 0, 1, 1, 0, 0, 0, 0, 0, 0, 0, 0, 0, 0, 1, 0, 0, 1, 1, 0, 0, 1, 1, 0, 1, 0, 1, 1, 0)"
46.09397,200,1462.958182,7,"(5227, 16726, 20252, 31726, 6218, 37380, 35962, 31521, 39460, 21923, 12882, 12377, 37404, 36760, 20756, 37017, 49214, 19185, 13994, 18729, 47633, 49377, 31384, 3492, 42336, 40000, 28521, 29525, 29675, 37752, 38720, 38329, 15344, 33874, 801, 34609, 47323, 37324, 19576, 14396, 14018, 34000, 32150, 43568, 31479, 34643, 37480, 13194, 41929, 31433, 2154, 42157, 40948, 24417, 6907, 28617, 37968, 36141, 38985, 8584, 44590, 6188, 14462, 27216, 25179, 48755, 36930, 20017, 31136, 17976, 20764, 19685, 26416, 13497, 12133, 2350, 18309, 23503, 49084, 48765, 45415, 24071, 19984, 4280, 45956, 30566, 15633, 41769, 1032, 25107, 15740, 32430, 19017, 20292, 36449, 8723, 16971, 30207, 38040, 15186, 5297, 13524, 41342, 10336, 22884, 16929, 26257, 15256, 726, 18369, 43586, 40571, 21226, 27158, 30209, 12073, 13162, 35225, 38410, 48497, 35617, 16461, 3784, 30442, 13602, 42186, 374, 45011, 2994, 38889, 13623, 44265, 1842, 45465, 328, 22090, 44747, 24273, 23211, 3156, 1688, 31990, 36313, 3166, 2681, 31905, 32841, 16171, 37411, 34120, 8098, 33851, 4484, 11656, 4713, 7670, 15800, 20145, 32661, 46194, 23793, 25602, 13315, 21246, 18543, 4911, 6418, 36831, 28129, 14542, 39476, 45114, 19442, 3738, 48864, 44778, 11269, 921, 24557, 12744, 11549, 28146, 42922, 43078, 36302, 15203, 46373, 9840, 32504, 34784, 18971, 48625, 46290, 19891, 44050, 6675, 28931, 38918, 8739, 33293)","(1, 1, 1, 0, 1, 1, 1, 0, 0, 1, 0, 1, 1, 1, 1, 0, 0, 1, 1, 1, 0, 0, 0, 1, 0, 0, 0, 0, 0, 1, 0, 0, 1, 0, 1, 0, 0, 0, 1, 1, 1, 0, 0, 0, 1, 0, 1, 1, 0, 1, 1, 0, 0, 0, 1, 1, 0, 1, 0, 1, 0, 1, 1, 1, 1, 0, 0, 1, 0, 1, 1, 1, 0, 1, 1, 1, 1, 1, 0, 0, 0, 1, 1, 1, 0, 0, 0, 0, 1, 1, 1, 0, 1, 1, 1, 0, 1, 0, 0, 0, 1, 1, 0, 1, 0, 1, 0, 1, 1, 0, 0, 0, 1, 0, 0, 1, 1, 0, 0, 0, 0, 0, 1, 0, 1, 0, 1, 0, 1, 0, 1, 0, 1, 0, 1, 0, 0, 1, 0, 1, 1, 0, 1, 0, 1, 0, 0, 1, 1, 0, 1, 0, 1, 1, 1, 1, 1, 0, 0, 0, 1, 1, 1, 1, 1, 1, 1, 1, 1, 1, 0, 0, 1, 1, 0, 0, 0, 1, 1, 1, 1, 1, 0, 0, 0, 1, 0, 1, 0, 0, 1, 0, 0, 1, 0, 1, 0, 0, 1, 0)"
36.024647,200,1473.425126,6,"(18780, 38028, 30504, 35474, 19888, 34202, 20699, 9975, 46799, 4798, 41497, 22805, 35136, 47436, 5734, 470, 34096, 1638, 17273, 46467, 22864, 24946, 25128, 26539, 11066, 8775, 37250, 4742, 19938, 39947, 27251, 34105, 30194, 46580, 22114, 35927, 3433, 19442, 5323, 24633, 15512, 5081, 5304, 14466, 48574, 9620, 40630, 48696, 6160, 34080, 30963, 49252, 18312, 45343, 26213, 9372, 9020, 10127, 10972, 44496, 48619, 33889, 39393, 47789, 17193, 3255, 45737, 20771, 23257, 41349, 26765, 3733, 31688, 8866, 24623, 43180, 24457, 26104, 5577, 2731, 26451, 16359, 2970, 13702, 24335, 3124, 39293, 9295, 40046, 18332, 14937, 27216, 17897, 25992, 30612, 35481, 12369, 30006, 36619, 44243, 13300, 47698, 35141, 29971, 11066, 17760, 14529, 12495, 34811, 25137, 25633, 29019, 36987, 9306, 45097, 12056, 28951, 32024, 26982, 43121, 46518, 37916, 21784, 4295, 23798, 28356, 14632, 42966, 3373, 11174, 7759, 32355, 26779, 3612, 24906, 5674, 4494, 905, 31006, 40096, 47268, 35843, 15735, 15860, 48135, 6883, 2877, 7006, 26100, 49436, 3855, 42481, 8425, 36564, 4865, 23679, 45762, 992, 16478, 22623, 30208, 29835, 31725, 5930, 12827, 48341, 23717, 11528, 13696, 33266, 38455, 31821, 2199, 2563, 36336, 2669, 35177, 18461, 35863, 42488, 33094, 25719, 47780, 29678, 25689, 13218, 2102, 33295, 39063, 30071, 24353, 41723, 39250, 39088, 39246, 33252, 10722, 29205, 28239, 8131)","(0, 1, 0, 1, 0, 0, 1, 0, 0, 1, 0, 0, 0, 0, 1, 1, 0, 1, 0, 1, 0, 1, 1, 1, 1, 1, 0, 1, 1, 0, 1, 0, 0, 0, 1, 0, 1, 1, 1, 1, 1, 1, 1, 1, 0, 1, 0, 0, 1, 1, 0, 1, 1, 0, 1, 1, 1, 1, 1, 0, 0, 0, 0, 0, 0, 1, 0, 1, 0, 0, 0, 1, 0, 1, 1, 0, 0, 1, 0, 1, 1, 0, 1, 0, 0, 1, 0, 1, 1, 0, 0, 1, 1, 0, 0, 1, 1, 0, 0, 0, 1, 0, 0, 0, 0, 1, 1, 1, 0, 1, 0, 1, 1, 1, 0, 1, 0, 0, 0, 0, 0, 0, 1, 1, 0, 0, 1, 0, 1, 1, 1, 1, 0, 1, 0, 1, 1, 1, 1, 0, 0, 0, 0, 1, 0, 0, 1, 1, 0, 0, 1, 0, 1, 0, 1, 1, 0, 1, 0, 0, 0, 0, 1, 1, 1, 0, 1, 1, 0, 1, 0, 0, 1, 1, 0, 1, 0, 0, 1, 0, 1, 1, 1, 0, 0, 0, 1, 1, 1, 0, 1, 0, 0, 1, 1, 0, 1, 1, 0, 1)"
64.177336,200,1475.944129,3,"(18041, 40513, 5440, 40213, 12520, 7561, 37369, 27040, 10261, 47114, 35339, 6854, 27396, 26154, 33311, 17962, 8224, 37873, 38787, 26348, 23280, 34007, 8723, 26472, 39571, 36938, 46236, 43146, 35694, 37608, 36263, 40967, 32866, 12655, 40750, 2016, 27815, 816, 40320, 15778, 42938, 23579, 19665, 2500, 33183, 43323, 35816, 29998, 30945, 817, 41326, 27804, 46657, 37814, 10729, 4124, 46053, 34922, 42927, 26782, 32171, 17828, 15280, 7818, 39697, 45888, 4107, 7241, 28375, 8074, 4747, 29594, 25508, 129, 44618, 39770, 49569, 40283, 3709, 6208, 30364, 28188, 6033, 39751, 43266, 23525, 27842, 46081, 42066, 19711, 19804, 4727, 5883, 1518, 30137, 41812, 23699, 43510, 24023, 3008, 26634, 31906, 34571, 8205, 24782, 44218, 43756, 834, 36225, 8676, 41364, 49032, 37173, 35564, 20305, 23421, 49152, 24796, 9715, 16006, 27396, 21700, 6477, 40001, 31248, 34284, 38915, 47236, 44143, 7238, 1833, 30951, 16963, 3247, 12872, 39080, 40172, 5376, 46564, 45394, 36074, 48840, 10282, 25875, 24999, 609, 10390, 14270, 4582, 31215, 29998, 390, 26438, 1329, 13827, 45974, 49185, 16960, 45176, 18572, 28859, 365, 19190, 22792, 44087, 21414, 17636, 49385, 6584, 48718, 44512, 4871, 3562, 28556, 24311, 17028, 44203, 11290, 28497, 37294, 18058, 18978, 12543, 20950, 16483, 12406, 1012, 46128, 33251, 43103, 18153, 14496, 788, 34111, 49098, 19900, 49894, 16074, 13995, 33758)","(0, 0, 1, 1, 1, 1, 1, 1, 1, 0, 0, 1, 1, 1, 1, 1, 1, 1, 0, 1, 1, 0, 0, 1, 0, 1, 1, 0, 1, 0, 1, 1, 0, 1, 0, 1, 1, 1, 0, 1, 0, 1, 1, 1, 1, 0, 1, 0, 0, 1, 0, 1, 0, 0, 1, 1, 0, 0, 0, 1, 0, 0, 1, 1, 1, 0, 1, 1, 0, 1, 1, 1, 1, 1, 0, 0, 1, 0, 1, 1, 0, 0, 1, 0, 0, 1, 1, 0, 0, 1, 0, 1, 1, 1, 1, 0, 0, 0, 1, 1, 0, 0, 1, 1, 0, 0, 0, 1, 1, 1, 0, 1, 1, 0, 1, 0, 0, 1, 1, 1, 0, 1, 1, 1, 1, 0, 0, 0, 0, 1, 1, 0, 1, 0, 1, 0, 0, 1, 0, 0, 0, 1, 0, 1, 1, 1, 1, 1, 1, 1, 0, 1, 0, 1, 0, 0, 1, 1, 1, 1, 1, 1, 1, 0, 0, 1, 1, 0, 1, 1, 0, 1, 1, 1, 0, 1, 0, 0, 0, 1, 1, 1, 1, 1, 1, 1, 1, 0, 0, 1, 1, 1, 1, 0, 1, 0, 1, 1, 1, 0)"
41.98471,200,1478.844998,8,"(1209, 9875, 29345, 20800, 28124, 5909, 25227, 42993, 4576, 1989, 19436, 43491, 16980, 14082, 24292, 4685, 224, 10248, 38947, 30665, 20461, 16329, 42071, 15296, 13581, 31420, 26344, 9139, 1716, 38517, 35654, 23297, 5371, 43691, 30847, 47673, 19585, 17908, 37096, 43142, 48293, 24144, 1357, 664, 15872, 5997, 16052, 813, 7799, 29418, 7193, 33107, 10048, 40760, 13871, 41897, 12300, 46736, 13146, 43992, 48706, 4186, 33502, 46330, 28248, 17126, 28808, 26213, 44590, 12046, 1881, 12680, 33599, 19347, 35710, 12102, 227, 39233, 47771, 37451, 41137, 42754, 5449, 6536, 21862, 12901, 48019, 46876, 45610, 27839, 3098, 989, 42024, 21980, 9632, 8225, 10779, 17437, 12427, 24668, 11930, 17935, 39115, 28252, 7520, 19393, 37925, 18086, 38021, 15165, 142, 14488, 5898, 13392, 24550, 5571, 1595, 44905, 48487, 33940, 6473, 16797, 48971, 16475, 5362, 8790, 3104, 37269, 5281, 32222, 10158, 23855, 39097, 731, 26530, 4035, 34604, 41360, 11520, 33758, 31440, 44128, 42017, 25974, 17498, 20171, 29566, 16627, 18136, 45675, 3820, 14218, 22154, 12148, 36538, 47749, 35542, 33121, 28972, 37417, 46582, 13975, 43964, 27512, 3798, 31927, 17814, 12037, 41182, 33043, 39376, 30147, 44056, 22889, 14691, 42357, 16091, 4658, 19827, 10053, 12019, 34227, 35271, 9164, 14738, 3232, 30134, 24237, 33324, 24265, 8950, 34301, 14430, 3355, 237, 1756, 33733, 32270, 35471, 3917)","(1, 0, 1, 1, 1, 1, 1, 0, 1, 1, 1, 0, 1, 1, 1, 1, 1, 1, 0, 0, 0, 1, 0, 1, 1, 1, 0, 1, 1, 0, 0, 1, 1, 0, 0, 0, 1, 0, 0, 0, 0, 0, 1, 1, 1, 1, 1, 1, 0, 0, 1, 0, 1, 0, 1, 0, 1, 0, 1, 0, 0, 1, 0, 0, 0, 1, 0, 1, 0, 1, 1, 1, 0, 1, 0, 1, 1, 0, 0, 0, 0, 0, 1, 1, 1, 1, 0, 0, 0, 0, 0, 1, 0, 1, 1, 1, 1, 0, 0, 1, 1, 0, 0, 0, 1, 1, 0, 0, 0, 1, 1, 1, 1, 1, 1, 1, 1, 0, 0, 0, 1, 0, 0, 0, 1, 1, 1, 0, 1, 0, 1, 1, 0, 1, 0, 1, 0, 0, 1, 0, 0, 0, 0, 0, 0, 0, 0, 1, 0, 0, 1, 1, 0, 1, 0, 0, 0, 0, 1, 0, 0, 1, 0, 0, 1, 0, 0, 1, 0, 0, 0, 0, 0, 0, 1, 0, 1, 1, 1, 1, 1, 0, 0, 1, 1, 1, 0, 0, 0, 1, 0, 1, 1, 1, 1, 1, 0, 0, 0, 1)"
35.124483,200,1481.435319,7,"(25531, 32632, 17055, 43167, 29796, 100, 42395, 43948, 30114, 29994, 41135, 8047, 25971, 3421, 3513, 1531, 48720, 35554, 37250, 38524, 8404, 45201, 49302, 9975, 29390, 10208, 1953, 42176, 30056, 34521, 36602, 6035, 31219, 25514, 18919, 23914, 21491, 18073, 4088, 22136, 5081, 17102, 6538, 24818, 16171, 41324, 14659, 22911, 23297, 36171, 12057, 28635, 17796, 19732, 6637, 218, 34442, 18294, 30601, 38170, 19907, 17293, 26032, 245, 38783, 2981, 26471, 9140, 18084, 13366, 18543, 5524, 1716, 45803, 42700, 48602, 17163, 23014, 35211, 49185, 26358, 4797, 13580, 38431, 3021, 13448, 20736, 12989, 16414, 10407, 5478, 39743, 11628, 34740, 28759, 8583, 18204, 11707, 30521, 29736, 7276, 20989, 37079, 33993, 18178, 47777, 28606, 37938, 11511, 34024, 36672, 2190, 39685, 22030, 44108, 23839, 4112, 19095, 17769, 33322, 18773, 16002, 19839, 26791, 37796, 42689, 3405, 3831, 20957, 26180, 47533, 28207, 28703, 41281, 35996, 28832, 41166, 20522, 121, 28978, 23810, 10238, 44524, 47544, 48188, 6990, 41584, 40103, 25590, 45418, 49980, 18648, 38438, 2776, 34631, 45153, 41756, 19948, 10154, 5633, 33818, 11999, 9534, 17320, 18307, 2446, 1109, 29744, 20759, 36868, 12080, 14757, 5188, 17134, 12071, 14404, 4250, 28656, 21887, 31058, 11030, 32453, 23062, 27748, 20523, 28077, 28261, 15390, 40233, 13229, 23501, 1678, 6282, 21091, 18150, 855, 23883, 19205, 33183, 7327)","(1, 0, 0, 0, 0, 1, 0, 0, 1, 0, 0, 1, 0, 1, 1, 1, 0, 0, 0, 0, 1, 0, 0, 0, 1, 1, 1, 0, 0, 0, 0, 1, 1, 1, 1, 1, 1, 1, 1, 1, 1, 1, 1, 1, 1, 0, 1, 0, 1, 1, 0, 1, 1, 0, 0, 1, 0, 1, 0, 1, 1, 1, 0, 1, 0, 1, 1, 1, 0, 1, 1, 1, 1, 0, 0, 0, 1, 0, 0, 1, 1, 0, 1, 0, 1, 1, 1, 1, 0, 0, 1, 0, 1, 0, 1, 1, 1, 1, 0, 1, 1, 0, 0, 0, 0, 0, 1, 0, 1, 0, 0, 1, 0, 1, 0, 1, 1, 0, 1, 0, 0, 1, 1, 0, 1, 0, 1, 1, 1, 1, 0, 0, 1, 0, 1, 1, 0, 0, 1, 1, 1, 1, 0, 0, 0, 0, 0, 0, 1, 0, 0, 1, 0, 1, 0, 0, 0, 1, 1, 1, 0, 1, 1, 0, 0, 1, 1, 0, 1, 1, 1, 1, 1, 0, 1, 1, 1, 0, 0, 0, 1, 0, 0, 1, 0, 0, 0, 1, 0, 1, 0, 1, 1, 0, 0, 1, 1, 0, 0, 1)"
95.614624,200,1484.21784,2,"(16862, 33508, 17071, 32212, 38842, 28254, 27520, 43543, 8933, 3085, 38622, 33201, 17678, 20883, 27391, 20840, 35225, 42509, 29236, 20274, 25887, 3854, 4206, 20676, 45441, 16096, 13084, 46339, 36159, 23768, 19763, 46596, 49337, 19064, 6097, 37505, 24336, 37345, 16728, 27176, 32937, 32774, 43892, 20296, 29274, 12941, 32140, 13715, 22299, 33224, 23253, 30761, 32126, 41224, 1757, 1473, 32610, 25829, 5262, 19513, 19274, 3378, 27325, 49823, 37690, 36924, 48640, 3396, 5917, 24966, 42887, 26508, 2105, 474, 40777, 24478, 13948, 19251, 39301, 32295, 27242, 42062, 13984, 37926, 2758, 14662, 19786, 38416, 40989, 30239, 23378, 28940, 45509, 37227, 15615, 9654, 14350, 30502, 16944, 13233, 10828, 32807, 9641, 41154, 21372, 38616, 41922, 22489, 41935, 23212, 45323, 43349, 43290, 34496, 24550, 34918, 17795, 234, 34668, 291, 43060, 11434, 6998, 28621, 36797, 37910, 1584, 25291, 19254, 37574, 48953, 26564, 7223, 31464, 8567, 41656, 23949, 11659, 4396, 1314, 43123, 37178, 5379, 3207, 22152, 39463, 23070, 657, 10026, 44125, 13778, 25772, 15570, 13015, 48914, 4593, 35544, 23464, 20007, 20743, 31619, 41083, 40835, 18361, 24363, 34735, 18768, 41873, 5335, 48271, 15119, 20387, 10753, 40981, 6029, 22193, 13152, 25086, 13709, 26508, 30747, 8918, 45759, 46922, 45769, 20958, 34530, 10523, 5870, 49266, 29158, 21230, 20019, 35145, 34302, 12413, 1057, 11305, 30641, 31055)","(1, 0, 1, 1, 0, 0, 0, 0, 1, 1, 0, 0, 1, 1, 1, 1, 0, 0, 1, 1, 1, 1, 1, 1, 0, 1, 1, 1, 1, 1, 1, 1, 0, 1, 1, 0, 1, 1, 1, 1, 1, 1, 0, 1, 1, 1, 0, 0, 0, 1, 0, 0, 1, 0, 1, 1, 0, 0, 1, 1, 1, 1, 1, 1, 0, 1, 1, 1, 1, 1, 1, 1, 1, 0, 0, 1, 1, 1, 0, 1, 1, 1, 1, 1, 1, 1, 1, 1, 1, 0, 0, 1, 1, 1, 1, 1, 1, 0, 1, 1, 1, 0, 1, 0, 1, 0, 1, 0, 1, 0, 0, 0, 0, 1, 1, 1, 1, 1, 1, 1, 1, 1, 1, 1, 1, 1, 1, 1, 1, 1, 0, 1, 1, 1, 1, 1, 0, 1, 1, 1, 0, 1, 1, 1, 1, 0, 0, 1, 1, 0, 0, 0, 1, 1, 1, 1, 1, 1, 1, 1, 0, 1, 1, 1, 0, 0, 0, 1, 1, 0, 1, 1, 1, 1, 1, 1, 1, 1, 0, 0, 0, 1, 1, 0, 0, 1, 1, 1, 1, 1, 1, 1, 1, 0, 1, 1, 1, 1, 0, 0)"
73.470935,200,1486.774248,1,"(37412, 36373, 6298, 41048, 15318, 23727, 47573, 45703, 1515, 27444, 44750, 4329, 31724, 20268, 35797, 19562, 25966, 4551, 13326, 31128, 21481, 20849, 63, 10450, 6562, 40959, 13121, 13278, 6574, 13027, 19527, 8202, 33179, 42106, 32858, 36899, 10029, 34613, 13051, 41400, 36556, 32619, 25809, 7005, 33785, 24638, 18085, 5587, 33433, 12553, 601, 28185, 3173, 25282, 20086, 23661, 20965, 11914, 12406, 36357, 19694, 36182, 31194, 22317, 13399, 17304, 27867, 43784, 17533, 26712, 32762, 41561, 23852, 34301, 7443, 41370, 42300, 22300, 47771, 29741, 30442, 30672, 6294, 19946, 19551, 48010, 25543, 29756, 48732, 23523, 24638, 45271, 10222, 15616, 25176, 41196, 28244, 15256, 42669, 24521, 6170, 31581, 43740, 30334, 23718, 30196, 5865, 26313, 38922, 45114, 42192, 44569, 21839, 31291, 15694, 20092, 43139, 2673, 38320, 47070, 10886, 30738, 7047, 17031, 32146, 37779, 32513, 30300, 45404, 14738, 24544, 5685, 26633, 41886, 15825, 45866, 2189, 30695, 49843, 2188, 13992, 30375, 27436, 39802, 45385, 44986, 33312, 6805, 26754, 26123, 10011, 26252, 38510, 858, 30353, 809, 36071, 275, 14105, 4773, 7180, 40887, 12470, 25657, 45722, 21244, 23284, 10455, 24625, 40144, 42324, 6508, 49126, 48861, 39068, 5291, 37194, 20175, 37179, 36673, 17800, 5636, 44273, 34273, 10200, 21853, 30798, 49011, 36824, 31408, 20792, 36451, 25000, 8097, 29294, 33906, 10844, 12776, 38433, 41317)","(1, 0, 1, 0, 1, 1, 1, 0, 1, 0, 0, 1, 1, 1, 0, 1, 0, 1, 1, 0, 1, 1, 1, 1, 1, 1, 1, 1, 1, 1, 1, 1, 0, 0, 1, 1, 1, 0, 1, 0, 0, 0, 0, 1, 0, 1, 1, 1, 1, 1, 1, 0, 1, 1, 1, 1, 1, 1, 1, 0, 1, 1, 0, 0, 1, 0, 0, 0, 0, 0, 0, 1, 1, 1, 1, 0, 0, 0, 1, 1, 0, 0, 1, 1, 1, 0, 1, 0, 1, 0, 0, 0, 1, 1, 1, 1, 0, 1, 0, 1, 1, 1, 0, 0, 1, 0, 1, 1, 0, 0, 1, 0, 1, 1, 1, 1, 0, 1, 0, 1, 1, 0, 1, 1, 0, 1, 1, 0, 0, 1, 1, 1, 1, 0, 1, 1, 1, 0, 0, 1, 1, 0, 1, 1, 0, 1, 0, 1, 0, 1, 1, 0, 0, 1, 0, 1, 1, 1, 1, 1, 1, 0, 1, 1, 1, 1, 0, 1, 1, 0, 0, 1, 0, 1, 0, 1, 0, 0, 0, 0, 1, 1, 0, 0, 1, 1, 0, 1, 1, 1, 1, 1, 0, 1, 1, 0, 1, 1, 0, 1)"
61.285846,200,1489.521788,0,"(33430, 41981, 526, 47557, 10454, 20253, 28356, 22174, 23190, 14225, 6283, 10920, 49276, 49353, 43072, 33144, 12544, 18689, 23209, 27111, 979, 3867, 1549, 28726, 48857, 43182, 33194, 8431, 17710, 6467, 19032, 449, 18994, 4267, 25893, 23739, 31850, 31009, 18648, 36951, 41697, 18653, 8713, 18259, 23811, 39856, 40601, 20350, 42298, 8046, 13602, 20359, 12367, 35308, 4883, 28861, 44661, 793, 26397, 22529, 43619, 10543, 46503, 14984, 3964, 23851, 42063, 43097, 656, 14047, 6388, 44244, 28977, 9078, 10584, 15246, 47209, 22972, 6532, 11465, 45201, 19336, 36323, 49284, 21390, 33090, 10939, 45047, 35290, 7964, 28899, 25944, 18551, 32167, 2294, 4510, 2765, 10199, 25593, 35902, 13608, 32462, 34705, 42044, 31309, 18067, 45844, 15696, 18299, 37433, 23903, 32492, 24377, 26196, 31515, 49822, 29016, 37606, 12026, 39399, 23681, 48869, 48087, 25315, 47222, 31649, 34014, 42433, 1450, 11126, 38643, 42042, 24224, 18062, 43866, 49426, 3947, 20837, 9863, 4764, 33163, 28789, 15882, 19211, 15813, 12231, 1058, 13333, 36141, 34043, 6847, 15960, 27402, 4096, 13228, 44122, 11009, 17389, 47852, 12040, 17192, 31955, 47376, 24551, 47765, 49488, 46348, 12259, 27570, 20492, 11281, 19352, 43611, 18415, 20226, 46002, 38147, 6877, 21575, 15549, 24805, 17766, 39788, 1821, 26087, 10844, 26940, 48149, 37971, 38345, 30927, 897, 46422, 26240, 35921, 47067, 28048, 36824, 1841, 23883)","(0, 1, 1, 0, 0, 1, 0, 0, 0, 1, 1, 1, 0, 0, 0, 1, 1, 1, 0, 0, 1, 1, 0, 1, 0, 0, 0, 1, 1, 1, 1, 1, 1, 1, 0, 1, 1, 1, 1, 0, 1, 1, 0, 0, 1, 1, 0, 1, 0, 1, 1, 0, 1, 0, 1, 0, 0, 1, 1, 0, 0, 0, 0, 1, 1, 0, 0, 0, 1, 0, 1, 0, 1, 1, 1, 0, 0, 0, 1, 1, 1, 0, 1, 0, 1, 0, 1, 0, 0, 0, 0, 1, 1, 1, 0, 1, 1, 1, 1, 1, 1, 1, 0, 0, 1, 0, 1, 1, 0, 1, 1, 0, 1, 1, 0, 0, 1, 0, 1, 0, 1, 0, 0, 0, 0, 0, 1, 0, 1, 1, 0, 0, 1, 0, 0, 0, 1, 0, 1, 1, 0, 1, 1, 1, 1, 1, 1, 1, 1, 0, 1, 1, 0, 0, 1, 0, 1, 0, 0, 1, 0, 0, 0, 1, 0, 0, 0, 1, 0, 1, 0, 1, 0, 1, 1, 0, 0, 1, 0, 0, 1, 0, 0, 1, 1, 1, 0, 1, 0, 1, 0, 1, 0, 1, 1, 0, 0, 1, 1, 1)"
16.750267,200,1492.135683,8,"(14935, 47707, 4685, 4317, 10307, 44333, 37819, 2832, 34447, 20516, 45199, 37749, 17602, 1169, 1555, 19978, 4054, 45504, 38337, 19436, 26764, 22553, 38895, 42422, 26084, 49715, 26253, 13700, 43260, 31142, 13010, 42171, 23733, 29065, 28766, 31364, 14236, 35968, 47736, 32742, 41509, 11501, 8313, 40320, 23472, 19439, 22694, 34074, 33330, 12227, 45234, 21648, 17616, 19913, 15590, 16398, 6807, 11983, 23154, 13156, 40609, 9561, 49245, 15046, 12689, 3864, 6523, 13225, 29341, 3522, 38241, 5329, 22083, 33426, 16594, 37178, 47995, 12425, 16939, 40653, 16153, 12971, 2577, 32278, 21370, 40516, 18262, 34182, 13473, 36261, 14175, 42167, 12945, 49119, 13356, 24246, 13328, 24032, 7446, 25575, 3318, 20204, 33601, 33101, 22708, 26556, 28692, 9645, 22456, 48541, 45990, 6001, 17977, 25877, 36061, 8386, 44864, 22026, 37317, 7547, 42828, 42502, 44879, 22754, 39214, 13627, 17526, 46142, 10078, 48666, 37368, 13150, 1608, 11174, 36106, 22581, 34689, 21197, 8846, 21617, 37400, 22150, 20540, 48356, 48728, 11438, 29803, 41514, 25574, 35892, 850, 22475, 40948, 16929, 25290, 46896, 13689, 32797, 17791, 3935, 10751, 36764, 15980, 7935, 39081, 12056, 31838, 4723, 31410, 4736, 17230, 46352, 39880, 22444, 22593, 33389, 30760, 14619, 28673, 41684, 34970, 7108, 15114, 4880, 5709, 41959, 10450, 44817, 16786, 26915, 4351, 26475, 23272, 2809, 5822, 12007, 6038, 37301, 6891, 5151)","(1, 0, 1, 1, 1, 0, 0, 1, 0, 1, 0, 0, 0, 1, 1, 1, 1, 0, 0, 1, 1, 0, 0, 0, 1, 0, 0, 0, 0, 0, 1, 0, 1, 1, 1, 1, 1, 0, 0, 0, 0, 1, 1, 0, 1, 1, 0, 0, 0, 0, 0, 1, 0, 1, 1, 0, 1, 1, 0, 0, 0, 1, 0, 1, 1, 1, 1, 0, 1, 1, 0, 1, 1, 0, 1, 0, 0, 1, 1, 0, 1, 1, 1, 0, 1, 0, 0, 0, 1, 0, 1, 0, 0, 0, 1, 0, 1, 1, 1, 1, 1, 1, 0, 0, 0, 0, 0, 1, 0, 0, 0, 1, 0, 0, 0, 1, 0, 1, 0, 1, 0, 0, 0, 0, 0, 1, 0, 0, 1, 0, 0, 1, 1, 1, 0, 0, 0, 1, 1, 1, 0, 1, 0, 0, 0, 1, 0, 0, 0, 0, 0, 0, 0, 1, 1, 0, 0, 0, 0, 0, 1, 0, 1, 1, 0, 1, 0, 1, 1, 0, 0, 0, 0, 0, 0, 0, 0, 1, 0, 0, 0, 0, 1, 0, 1, 0, 1, 0, 0, 0, 1, 1, 0, 1, 1, 1, 1, 0, 1, 1)"
52.28331,200,1494.540304,5,"(35403, 37461, 2791, 35167, 29449, 37030, 20565, 8944, 32352, 7388, 43043, 34440, 31884, 40234, 34873, 18262, 9971, 15498, 14534, 48247, 23475, 1234, 554, 41928, 2226, 27862, 11595, 1912, 45098, 31980, 23754, 14931, 38444, 41989, 24229, 33015, 35450, 35551, 20558, 46092, 31921, 18048, 41464, 16505, 18973, 37488, 16179, 42700, 8142, 31548, 27404, 46967, 22353, 41657, 38797, 7103, 27173, 31218, 41106, 9481, 14751, 7338, 15717, 16224, 38863, 42102, 32441, 8583, 17310, 30695, 42183, 40233, 10476, 26153, 8699, 22284, 20560, 12664, 38881, 32717, 19393, 20646, 24243, 6678, 23896, 7186, 39764, 533, 38004, 30255, 7611, 14539, 11277, 10525, 30972, 42051, 1006, 46065, 35071, 33974, 4558, 25017, 16846, 34988, 21602, 25412, 27811, 1881, 38212, 7133, 29996, 27934, 7806, 3771, 44214, 8329, 31706, 30810, 11166, 28354, 29425, 47312, 36441, 34762, 44786, 25961, 14572, 5250, 14956, 43631, 20536, 40384, 49327, 17279, 27175, 486, 35142, 23030, 38699, 13227, 7696, 33627, 26102, 49388, 34646, 34248, 3555, 34763, 4666, 48862, 17498, 37920, 39669, 34902, 39236, 22887, 29669, 21387, 29955, 22141, 35650, 43850, 33934, 43029, 43992, 48558, 15731, 43785, 45348, 22603, 33615, 43470, 32748, 1497, 24114, 1174, 5728, 14470, 9529, 21853, 8571, 26879, 41540, 16708, 6584, 36677, 39517, 28273, 8522, 14641, 41033, 12303, 31446, 851, 14274, 36679, 28492, 36398, 28341, 13389)","(0, 1, 1, 0, 0, 1, 1, 1, 0, 1, 0, 0, 0, 0, 0, 0, 1, 1, 1, 0, 0, 1, 1, 1, 1, 1, 0, 1, 0, 1, 1, 1, 0, 0, 0, 1, 1, 0, 1, 0, 1, 1, 0, 0, 1, 0, 1, 0, 1, 0, 0, 0, 0, 0, 1, 0, 1, 1, 0, 1, 0, 1, 0, 1, 0, 0, 1, 1, 1, 0, 0, 1, 1, 1, 1, 0, 1, 1, 1, 1, 1, 1, 1, 1, 1, 0, 1, 0, 0, 0, 1, 1, 0, 1, 0, 0, 1, 0, 0, 0, 1, 1, 1, 0, 1, 1, 1, 1, 0, 0, 0, 1, 1, 1, 0, 1, 1, 0, 1, 0, 0, 1, 0, 0, 0, 1, 0, 1, 1, 0, 0, 0, 1, 1, 0, 1, 1, 0, 1, 1, 1, 1, 1, 0, 0, 1, 1, 1, 1, 0, 1, 0, 0, 1, 0, 0, 1, 1, 0, 0, 1, 0, 0, 0, 0, 0, 1, 0, 0, 0, 0, 0, 0, 1, 1, 1, 1, 1, 1, 0, 1, 1, 1, 1, 1, 0, 0, 0, 1, 1, 0, 1, 1, 1, 1, 0, 1, 0, 0, 1)"
50.231641,200,1497.062374,4,"(26412, 1900, 40182, 10648, 19806, 46428, 42069, 19057, 38863, 10889, 38166, 36362, 12260, 18296, 33896, 29882, 27840, 13957, 20302, 11978, 24673, 35443, 38159, 7278, 31328, 21055, 49584, 9386, 40874, 4569, 10812, 35008, 12548, 463, 19434, 42598, 5034, 43469, 7707, 28578, 42455, 34844, 17178, 15059, 34965, 10796, 9034, 47226, 41630, 8862, 4136, 42631, 30686, 41301, 25491, 27508, 30201, 41735, 15862, 43419, 21688, 36268, 9334, 45295, 46989, 48727, 41604, 19396, 37489, 18714, 11832, 27768, 26007, 39858, 32529, 15767, 42165, 22577, 1658, 2916, 29019, 10881, 42110, 11466, 48109, 18559, 28659, 4682, 12146, 42838, 14606, 11261, 10569, 27011, 16214, 9387, 44141, 48416, 36210, 48025, 15595, 3785, 42245, 17029, 41943, 45396, 48492, 12980, 5925, 34016, 14247, 979, 26800, 47657, 49026, 9383, 31059, 32436, 15237, 44069, 26403, 40892, 44850, 38176, 32766, 25205, 47915, 29369, 48119, 49780, 13888, 25081, 50017, 41410, 38404, 23024, 38805, 27147, 17669, 12104, 19852, 48644, 25401, 17493, 22670, 20194, 45683, 39142, 27399, 29747, 13828, 28977, 45395, 16706, 14851, 773, 24807, 45813, 7466, 40651, 49974, 119, 38325, 4332, 30893, 28774, 37196, 13853, 3457, 37543, 10, 12868, 14616, 1382, 40395, 29729, 15983, 30118, 27103, 30842, 5634, 23916, 6033, 29953, 44810, 7390, 34993, 33821, 48541, 11162, 22741, 7278, 4885, 2588, 46482, 15920, 32159, 26563, 16187, 10891)","(1, 1, 0, 1, 1, 1, 1, 1, 0, 1, 0, 1, 1, 1, 0, 0, 1, 1, 1, 0, 1, 1, 0, 1, 0, 1, 0, 1, 0, 1, 1, 0, 1, 1, 1, 0, 1, 0, 1, 0, 1, 0, 1, 1, 0, 1, 1, 0, 0, 0, 1, 0, 0, 0, 1, 0, 0, 0, 1, 0, 1, 1, 1, 1, 1, 0, 0, 1, 0, 0, 1, 1, 0, 0, 0, 1, 1, 0, 1, 1, 1, 1, 0, 1, 0, 1, 1, 1, 1, 0, 1, 0, 1, 1, 1, 1, 0, 0, 0, 1, 0, 1, 0, 1, 1, 0, 1, 1, 1, 0, 1, 1, 1, 0, 1, 1, 1, 0, 1, 0, 1, 0, 0, 1, 1, 0, 0, 1, 1, 0, 1, 0, 0, 0, 0, 0, 0, 1, 1, 1, 0, 1, 1, 1, 0, 1, 1, 0, 0, 0, 0, 1, 0, 1, 1, 1, 1, 0, 1, 0, 0, 1, 1, 1, 0, 1, 1, 1, 0, 1, 1, 1, 1, 1, 0, 1, 1, 1, 0, 0, 1, 1, 1, 0, 0, 1, 0, 0, 0, 1, 0, 0, 1, 1, 1, 1, 0, 1, 1, 1)"
16.505509,200,1499.62795,7,"(33258, 1173, 45748, 12229, 10401, 49636, 33178, 31937, 4377, 8157, 24379, 1085, 6002, 21166, 44175, 32211, 37287, 29494, 37679, 35738, 26724, 30033, 21168, 11017, 27336, 35605, 48270, 24745, 18019, 26042, 21343, 11254, 37506, 23978, 35767, 35049, 1445, 42702, 13506, 16502, 19635, 2509, 1855, 19331, 30857, 43256, 43988, 30800, 45419, 44863, 2948, 5839, 4439, 25360, 19536, 41555, 24978, 37985, 41403, 43292, 23681, 12635, 23739, 35107, 37461, 13557, 40666, 23779, 33367, 28021, 42382, 4366, 27784, 4705, 35599, 10661, 38162, 28434, 7380, 42523, 3352, 35011, 8018, 1648, 25510, 30322, 18421, 45839, 16878, 3285, 29863, 3677, 21190, 5744, 9184, 5623, 31980, 49285, 11563, 11324, 20974, 7518, 20900, 9927, 27029, 4674, 36967, 5442, 27652, 30655, 42476, 17805, 21035, 2990, 45235, 25813, 33400, 46832, 30241, 47365, 168, 33578, 19569, 38327, 26175, 32095, 35590, 6303, 32779, 10025, 19358, 33697, 7169, 26572, 44593, 32653, 42814, 20339, 46384, 28291, 9195, 3784, 9441, 32673, 44392, 24704, 30598, 27945, 39243, 25312, 13702, 11840, 45107, 8753, 42877, 29939, 19451, 2935, 43626, 20927, 24652, 36020, 36605, 16269, 5391, 19826, 16901, 16374, 1051, 3984, 38805, 3501, 16871, 16397, 14686, 6538, 9174, 33766, 26278, 49257, 47095, 27190, 4772, 44484, 36135, 4897, 40866, 3463, 15496, 47652, 14864, 25924, 43581, 47379, 35622, 45866, 38753, 8670, 45206, 3918)","(0, 1, 0, 1, 1, 0, 0, 0, 1, 1, 1, 1, 1, 0, 0, 0, 1, 0, 1, 0, 0, 0, 0, 1, 1, 0, 0, 0, 1, 0, 0, 1, 1, 1, 0, 0, 1, 0, 1, 1, 1, 1, 1, 1, 0, 0, 0, 0, 0, 0, 1, 1, 1, 0, 1, 0, 0, 0, 0, 0, 1, 1, 1, 0, 1, 1, 0, 0, 0, 0, 0, 1, 0, 1, 1, 1, 0, 0, 0, 0, 1, 0, 0, 1, 0, 0, 1, 0, 1, 1, 0, 1, 0, 1, 1, 1, 0, 0, 1, 1, 1, 1, 1, 1, 1, 1, 1, 1, 0, 0, 0, 1, 1, 1, 0, 0, 0, 0, 0, 0, 1, 0, 0, 1, 1, 0, 1, 1, 0, 1, 1, 0, 1, 0, 0, 0, 0, 0, 0, 0, 0, 1, 1, 0, 0, 0, 0, 1, 0, 1, 0, 1, 0, 0, 1, 0, 0, 1, 0, 1, 0, 0, 0, 1, 1, 1, 0, 1, 1, 1, 0, 1, 1, 0, 1, 1, 1, 0, 0, 1, 0, 1, 1, 0, 1, 1, 0, 1, 1, 0, 0, 1, 0, 0, 0, 0, 0, 1, 0, 1)"
89.191474,200,1509.865738,5,"(69, 4983, 11350, 19722, 7274, 1465, 5797, 44450, 13061, 7694, 29232, 39906, 15272, 10504, 35365, 18732, 25041, 1326, 12522, 11102, 18057, 30949, 23298, 46812, 32685, 5790, 9631, 27984, 12420, 42646, 30645, 25581, 34423, 47957, 42521, 12101, 22426, 19104, 28297, 47981, 22409, 40802, 15172, 30456, 33797, 48770, 10154, 2781, 14271, 46567, 10744, 40903, 29507, 45137, 11191, 43052, 23126, 19398, 20899, 20689, 39491, 862, 31340, 9124, 46185, 37158, 22127, 3121, 20347, 34259, 45966, 22102, 28064, 32227, 32473, 41005, 13322, 43484, 30112, 4274, 38554, 36633, 31915, 10394, 27473, 46126, 33690, 47808, 15585, 49633, 39937, 40186, 16453, 23510, 16832, 41083, 23305, 7393, 987, 44445, 31605, 37209, 45365, 34332, 23288, 12868, 38317, 28357, 27500, 17026, 12248, 7565, 663, 3724, 16459, 39028, 48492, 4482, 23726, 15397, 4203, 8962, 33663, 4138, 21218, 23887, 2056, 43928, 28799, 3109, 1181, 2171, 31016, 9206, 34346, 8529, 15238, 16628, 3217, 24126, 20740, 33175, 35600, 27219, 13522, 12275, 32356, 48885, 4617, 27007, 28830, 28133, 38702, 12773, 33689, 7402, 42133, 47711, 33677, 20039, 42452, 190, 47048, 28173, 10143, 2713, 6891, 28338, 38166, 11846, 5939, 13880, 15568, 27616, 29733, 13945, 4533, 34584, 44313, 9193, 24174, 23, 36273, 28194, 2788, 34212, 4626, 29326, 7505, 15699, 41403, 23445, 3417, 13376, 7584, 20885, 3710, 12169, 4759, 24682)","(1, 1, 1, 1, 1, 1, 1, 0, 1, 1, 0, 0, 1, 1, 1, 1, 1, 1, 0, 1, 1, 0, 1, 0, 1, 1, 1, 1, 1, 1, 0, 1, 1, 1, 1, 1, 0, 1, 0, 0, 0, 0, 1, 0, 0, 1, 1, 1, 1, 1, 1, 0, 1, 0, 1, 0, 0, 1, 1, 1, 1, 1, 1, 1, 0, 0, 1, 1, 1, 0, 1, 1, 1, 0, 1, 0, 1, 1, 0, 1, 1, 0, 1, 1, 0, 0, 0, 0, 1, 0, 0, 0, 1, 1, 1, 1, 1, 1, 1, 0, 1, 1, 0, 1, 0, 1, 0, 0, 0, 1, 1, 1, 1, 1, 0, 1, 1, 1, 1, 1, 1, 1, 0, 1, 1, 0, 1, 0, 0, 1, 1, 1, 1, 1, 1, 1, 1, 1, 1, 0, 1, 1, 1, 1, 1, 1, 0, 0, 1, 1, 1, 1, 0, 1, 1, 1, 0, 1, 0, 1, 1, 0, 0, 1, 1, 0, 1, 0, 0, 1, 1, 1, 1, 1, 0, 1, 1, 0, 0, 1, 1, 1, 1, 0, 1, 0, 1, 1, 1, 0, 0, 1, 1, 1, 1, 1, 1, 1, 1, 0)"
100.964435,200,1512.563385,2,"(47289, 19695, 24304, 6742, 44689, 7953, 12492, 6245, 28258, 47525, 19454, 47993, 3378, 22178, 6311, 22330, 33995, 11133, 6421, 22057, 4272, 50026, 48017, 3157, 41987, 41344, 24054, 2900, 44141, 4787, 15534, 22088, 19867, 35307, 10791, 36053, 582, 9036, 15748, 16731, 7526, 2752, 7624, 10159, 30970, 19390, 5902, 8323, 45785, 47625, 7421, 28980, 20810, 15031, 12607, 30693, 12654, 31286, 17031, 12335, 14831, 43727, 16108, 30375, 3661, 12930, 21729, 48345, 48019, 1107, 17360, 14982, 30451, 24590, 30267, 49417, 16163, 43872, 29452, 16534, 6530, 31663, 761, 35381, 47968, 28572, 15306, 18219, 21356, 18759, 38040, 1651, 25184, 42252, 35110, 18010, 4574, 39057, 40, 8204, 49436, 31535, 40869, 7182, 44706, 37477, 22095, 37898, 26591, 2718, 37531, 8955, 46307, 22053, 7592, 26635, 29464, 13941, 5085, 21036, 12389, 28939, 272, 31629, 30998, 23247, 8495, 20369, 44401, 42588, 38873, 6247, 31828, 13850, 49836, 37839, 49615, 27159, 49733, 39348, 12609, 44651, 983, 39185, 48414, 21789, 28144, 24856, 33650, 10173, 344, 17301, 4597, 29442, 28554, 31099, 31986, 49110, 23098, 46279, 43877, 7028, 18911, 13400, 12040, 5624, 17822, 47024, 41999, 47057, 2044, 9911, 26372, 34002, 47970, 4649, 39544, 41026, 19343, 28179, 24257, 46083, 32531, 23429, 18399, 48252, 42611, 48380, 4489, 12979, 33898, 43127, 38862, 25676, 11703, 2477, 29598, 42305, 28493, 32099)","(1, 1, 1, 1, 0, 1, 1, 1, 0, 1, 1, 1, 1, 1, 1, 0, 0, 1, 1, 1, 1, 0, 1, 1, 0, 0, 1, 1, 0, 1, 1, 1, 0, 0, 1, 1, 1, 1, 1, 1, 1, 1, 1, 1, 0, 1, 1, 1, 1, 0, 1, 0, 1, 1, 1, 0, 1, 1, 1, 1, 1, 0, 1, 0, 1, 1, 1, 0, 0, 1, 1, 1, 0, 1, 1, 0, 1, 0, 1, 1, 1, 1, 1, 1, 1, 1, 1, 1, 1, 1, 0, 1, 1, 1, 0, 1, 1, 0, 1, 1, 1, 1, 0, 1, 0, 1, 1, 0, 1, 1, 1, 1, 0, 1, 1, 0, 1, 1, 1, 1, 1, 1, 1, 0, 1, 0, 1, 1, 0, 0, 0, 1, 0, 1, 0, 1, 0, 1, 1, 1, 1, 0, 1, 0, 1, 0, 1, 1, 1, 1, 1, 1, 1, 0, 1, 0, 1, 0, 0, 1, 0, 1, 1, 1, 1, 0, 1, 1, 1, 1, 1, 1, 1, 1, 1, 1, 0, 0, 1, 0, 1, 0, 0, 1, 1, 1, 0, 0, 1, 1, 0, 0, 1, 1, 1, 0, 1, 0, 1, 1)"
66.810686,200,1515.254901,3,"(49862, 17715, 14199, 17066, 10571, 31831, 35287, 39315, 42544, 10864, 49493, 37874, 80, 20062, 23301, 18077, 35290, 7363, 16298, 43658, 37682, 41417, 28798, 24265, 27780, 32447, 45149, 43851, 562, 12672, 31733, 15620, 31974, 47607, 4375, 36617, 20695, 39976, 12155, 15439, 1647, 48441, 31310, 14534, 31985, 34324, 34153, 46093, 14576, 28585, 37434, 43234, 7518, 24146, 5241, 32883, 41380, 36954, 91, 26851, 31915, 6507, 3770, 41162, 11142, 24793, 49737, 11491, 10836, 9565, 3481, 35408, 32806, 44282, 2972, 41292, 46091, 25675, 8147, 32703, 24566, 19284, 13459, 22391, 43840, 7868, 25386, 561, 18693, 25632, 14765, 31555, 49054, 36758, 9524, 6326, 3936, 427, 25220, 18343, 421, 16892, 5309, 38786, 8521, 27228, 43863, 1940, 24329, 1739, 19756, 47890, 37799, 46456, 47077, 17419, 35994, 33266, 30496, 47541, 31885, 35413, 44878, 16262, 45422, 17, 7755, 25860, 28660, 18067, 17615, 46260, 43374, 15627, 19112, 39925, 3479, 5320, 14105, 30149, 46830, 35816, 17931, 3838, 19159, 37289, 48845, 28455, 48134, 22471, 34354, 24589, 15080, 42312, 10241, 45316, 38813, 20206, 23275, 2858, 22303, 32395, 22783, 41114, 5120, 46975, 30889, 6059, 8323, 42942, 37208, 3853, 29337, 10742, 29122, 28381, 8389, 18326, 48043, 38184, 3418, 16501, 20696, 9328, 23484, 20407, 19521, 26072, 19821, 1888, 20280, 42477, 22736, 31421, 38176, 1752, 46325, 16925, 3055, 2449)","(0, 1, 1, 1, 1, 0, 0, 0, 0, 1, 1, 1, 1, 1, 0, 1, 0, 1, 1, 0, 0, 0, 1, 1, 1, 1, 0, 0, 1, 1, 0, 1, 1, 1, 1, 1, 1, 0, 1, 0, 1, 1, 1, 1, 1, 0, 0, 0, 1, 1, 1, 0, 1, 0, 1, 1, 0, 1, 1, 0, 1, 1, 1, 1, 0, 1, 0, 1, 1, 1, 1, 0, 1, 0, 1, 0, 0, 0, 1, 0, 1, 1, 1, 0, 0, 1, 1, 1, 0, 0, 0, 0, 1, 0, 1, 1, 0, 1, 1, 1, 1, 1, 1, 1, 1, 1, 0, 1, 1, 1, 1, 0, 1, 0, 0, 1, 0, 1, 0, 1, 1, 1, 0, 1, 0, 1, 1, 1, 1, 0, 1, 0, 0, 1, 1, 0, 1, 1, 1, 0, 0, 1, 1, 1, 1, 1, 0, 1, 0, 0, 0, 1, 1, 0, 1, 0, 0, 1, 0, 1, 0, 1, 0, 0, 1, 0, 0, 1, 1, 0, 0, 1, 1, 1, 0, 0, 1, 0, 1, 0, 1, 1, 1, 0, 1, 1, 1, 1, 1, 1, 1, 1, 0, 1, 1, 1, 1, 1, 1, 1)"
72.99781,200,1517.794332,5,"(38333, 42760, 18579, 48350, 49042, 20306, 2045, 32668, 39772, 45199, 26127, 48270, 43513, 29075, 43072, 19430, 33014, 31095, 45566, 6778, 13464, 21119, 24873, 7116, 19906, 26402, 35171, 13813, 6439, 11377, 12897, 15365, 11170, 28139, 31384, 23666, 35898, 19327, 4723, 9369, 38949, 49255, 39228, 40370, 17283, 22836, 9453, 17765, 11280, 29277, 45611, 34450, 16529, 49688, 9902, 36411, 29833, 2896, 41495, 44067, 16648, 36914, 23365, 20136, 27599, 5906, 16676, 44605, 46382, 15520, 33679, 23424, 1184, 38257, 22070, 5877, 26666, 36745, 48060, 3418, 16699, 48500, 47160, 44557, 4773, 27028, 38957, 28020, 17822, 45700, 7681, 13387, 32219, 41091, 13231, 29676, 18571, 32691, 15195, 29718, 40106, 6815, 46568, 13711, 13657, 26602, 3220, 4070, 27610, 15606, 3733, 32871, 32764, 83, 4275, 35649, 33917, 34637, 41197, 15722, 34952, 6765, 41848, 10443, 2081, 12601, 1423, 48244, 35533, 13849, 35274, 37142, 31848, 8047, 18137, 1032, 30451, 6008, 30555, 4272, 41246, 27882, 44552, 12046, 2421, 7307, 11959, 19878, 10178, 3800, 29057, 42397, 4502, 5530, 22168, 33048, 47674, 5269, 10821, 28117, 8404, 17054, 1678, 4018, 34834, 16966, 37475, 2452, 49595, 49065, 28573, 12921, 10721, 8689, 39533, 27732, 25793, 26403, 47873, 32728, 15247, 35679, 13305, 7303, 30156, 4965, 12496, 21456, 39632, 46012, 49384, 4828, 45143, 35678, 5024, 22349, 11286, 2354, 429, 32026)","(1, 0, 0, 0, 0, 1, 1, 1, 1, 1, 1, 0, 0, 1, 0, 1, 0, 1, 1, 1, 1, 0, 0, 0, 1, 0, 1, 1, 1, 0, 1, 1, 1, 1, 0, 1, 1, 1, 1, 1, 1, 0, 1, 1, 1, 0, 1, 1, 0, 1, 0, 1, 0, 0, 1, 0, 0, 1, 1, 1, 1, 1, 1, 1, 0, 1, 1, 0, 1, 1, 0, 1, 1, 1, 1, 1, 1, 0, 0, 1, 0, 0, 0, 0, 1, 1, 0, 1, 1, 0, 0, 1, 1, 1, 1, 1, 0, 0, 1, 1, 0, 0, 1, 0, 1, 0, 1, 1, 1, 1, 1, 1, 0, 1, 1, 1, 0, 1, 1, 1, 0, 1, 1, 1, 1, 1, 0, 0, 1, 1, 0, 1, 1, 1, 1, 1, 0, 1, 0, 1, 1, 1, 0, 1, 1, 1, 1, 0, 1, 1, 1, 1, 1, 1, 1, 1, 0, 1, 1, 0, 1, 1, 1, 1, 0, 1, 0, 0, 0, 1, 1, 1, 1, 1, 0, 1, 0, 1, 0, 1, 1, 0, 1, 1, 1, 1, 1, 1, 1, 0, 0, 1, 0, 1, 1, 0, 0, 1, 1, 1)"
102.616561,200,1520.643064,2,"(20411, 9871, 18925, 34955, 33941, 6355, 6912, 49536, 2221, 15683, 138, 32986, 41710, 1859, 44171, 46820, 2955, 8942, 33320, 41644, 1982, 26912, 38675, 16407, 22945, 14873, 27, 6445, 13919, 11763, 3095, 39049, 29708, 687, 43852, 49704, 4554, 8747, 42920, 24815, 20766, 7961, 159, 19818, 13597, 26169, 37564, 9798, 2162, 46192, 47374, 48421, 41712, 27997, 11084, 40702, 2019, 20847, 6426, 16549, 48565, 9714, 9665, 46151, 290, 7567, 12755, 733, 8380, 31034, 46541, 37545, 23861, 22803, 14262, 37394, 32913, 21022, 15155, 20584, 22021, 47375, 24485, 44366, 49589, 9251, 18132, 4347, 8401, 28570, 10284, 48406, 21532, 7568, 41638, 11670, 10091, 14309, 11050, 11951, 12406, 8753, 13525, 39907, 48200, 3405, 6480, 9242, 8918, 2151, 25388, 11187, 29511, 41874, 3543, 47873, 49092, 3721, 16444, 18160, 48626, 49655, 45234, 15145, 26485, 10587, 47307, 36980, 37303, 48778, 32685, 29980, 13851, 35853, 20234, 19330, 41182, 7814, 26388, 5350, 14136, 3026, 34925, 36075, 11615, 18406, 43178, 47312, 46888, 15386, 39628, 27142, 34200, 18582, 32530, 26508, 41194, 9764, 21109, 9977, 17199, 10704, 18891, 2704, 31170, 16936, 22528, 20704, 27757, 8362, 20074, 47891, 34419, 17310, 19665, 44587, 3874, 31125, 29554, 23259, 7515, 45808, 38771, 21182, 42664, 40252, 48672, 38648, 42014, 46647, 10900, 42003, 49817, 23161, 36306, 4407, 15511, 7623, 12443, 14064)","(1, 1, 0, 0, 1, 1, 1, 1, 1, 1, 1, 1, 1, 1, 0, 0, 1, 1, 0, 1, 1, 0, 1, 0, 0, 1, 1, 0, 1, 1, 1, 1, 0, 0, 0, 0, 0, 1, 1, 1, 1, 1, 1, 1, 1, 1, 1, 1, 1, 1, 0, 0, 1, 0, 1, 0, 1, 1, 0, 1, 0, 1, 1, 1, 1, 1, 1, 1, 1, 1, 1, 1, 1, 0, 1, 1, 1, 0, 0, 1, 1, 1, 1, 0, 0, 1, 0, 1, 1, 0, 1, 1, 1, 1, 0, 1, 1, 1, 1, 1, 1, 0, 1, 1, 1, 1, 0, 1, 1, 1, 1, 1, 0, 1, 1, 1, 1, 1, 1, 1, 1, 0, 1, 1, 1, 1, 1, 1, 1, 1, 1, 0, 1, 0, 1, 1, 0, 1, 1, 1, 1, 1, 0, 1, 1, 1, 0, 1, 0, 1, 0, 1, 0, 1, 1, 1, 1, 1, 1, 1, 1, 1, 1, 1, 0, 1, 0, 1, 0, 1, 1, 1, 1, 1, 1, 0, 1, 0, 0, 0, 1, 0, 0, 1, 0, 0, 0, 1, 0, 1, 1, 0, 1, 0, 1, 1, 1, 1, 1, 1)"
79.896341,200,1523.250446,5,"(19067, 9541, 429, 7328, 4333, 33346, 7829, 5968, 46257, 39762, 20933, 47662, 2991, 3125, 10441, 3188, 47033, 4090, 11110, 4705, 11578, 6614, 3286, 45114, 7867, 9758, 34202, 49695, 15700, 23405, 26252, 29884, 17401, 5723, 48813, 29112, 39466, 37124, 41972, 8470, 2550, 30391, 41811, 30934, 33728, 39634, 19681, 32218, 18339, 39341, 22983, 38720, 21876, 7557, 33203, 41847, 11894, 10980, 26334, 21561, 49697, 45179, 34186, 6637, 3054, 14712, 29358, 11510, 34438, 14887, 39704, 12148, 25651, 14670, 40807, 5273, 21598, 6080, 33753, 8360, 33832, 9618, 26327, 40628, 34575, 17195, 16079, 26851, 19713, 2476, 19180, 7350, 2134, 43527, 4800, 11305, 18803, 20333, 18501, 4860, 21019, 29339, 47559, 49749, 10994, 29017, 24838, 17403, 26348, 8180, 49275, 44260, 13328, 41335, 1016, 38570, 39050, 40088, 19052, 15024, 23415, 44952, 33356, 31793, 33623, 9630, 5331, 11235, 21482, 8718, 10200, 42133, 44472, 39334, 45524, 43182, 36855, 34428, 35610, 9489, 4408, 49917, 2375, 13168, 2138, 22380, 23055, 31934, 16891, 38846, 18984, 5569, 16065, 15830, 46947, 44678, 6678, 17138, 7049, 26386, 17517, 25072, 2405, 11723, 3671, 23719, 16285, 8826, 42310, 1770, 22972, 22624, 20485, 13775, 2027, 26603, 32660, 1791, 30737, 45286, 9239, 2233, 48553, 41564, 22516, 14212, 41928, 36998, 13269, 23093, 24061, 29065, 31148, 29017, 12715, 7479, 36728, 32972, 27705, 28124)","(1, 1, 1, 1, 1, 0, 0, 1, 0, 0, 1, 0, 1, 1, 1, 1, 1, 1, 1, 1, 1, 1, 1, 0, 1, 1, 0, 0, 0, 1, 1, 0, 1, 1, 0, 1, 1, 1, 0, 1, 1, 0, 0, 0, 1, 0, 1, 0, 1, 0, 0, 1, 1, 1, 0, 0, 1, 1, 1, 1, 0, 1, 0, 0, 1, 1, 1, 0, 0, 1, 0, 1, 1, 1, 0, 1, 1, 1, 0, 1, 0, 1, 1, 1, 1, 1, 0, 0, 1, 1, 1, 1, 1, 0, 1, 1, 1, 1, 1, 1, 0, 0, 0, 0, 1, 1, 0, 1, 1, 1, 0, 0, 1, 0, 1, 0, 0, 1, 1, 1, 1, 0, 0, 1, 1, 1, 1, 1, 1, 0, 1, 0, 0, 1, 1, 0, 1, 1, 0, 1, 1, 0, 1, 1, 1, 0, 0, 1, 1, 1, 1, 1, 1, 0, 0, 0, 1, 0, 1, 0, 0, 1, 0, 1, 1, 0, 1, 1, 0, 1, 0, 0, 0, 0, 1, 1, 1, 0, 0, 0, 0, 1, 0, 1, 0, 1, 1, 1, 1, 0, 1, 1, 1, 0, 1, 1, 0, 0, 1, 1)"
48.966822,200,1525.890153,4,"(14173, 35908, 38537, 25201, 7370, 48835, 26759, 40079, 4567, 43198, 48458, 40304, 16566, 43755, 3176, 3829, 44045, 2451, 32441, 45833, 29387, 49886, 48758, 46253, 21012, 9581, 48794, 36070, 47355, 22161, 18349, 17623, 32127, 18915, 30385, 16361, 3200, 11859, 46727, 32460, 10124, 42459, 27241, 19649, 18319, 56, 3570, 44724, 32044, 49993, 25622, 31635, 36791, 14853, 36877, 13015, 48162, 33733, 15841, 28572, 17045, 6378, 10739, 22782, 49926, 18975, 35534, 1346, 10827, 44067, 49104, 3041, 11444, 8836, 44374, 22410, 15118, 26860, 42997, 5109, 12596, 42569, 15980, 25919, 38545, 43280, 23055, 18840, 7318, 35018, 6655, 5250, 6248, 35020, 9300, 32716, 44938, 10333, 35277, 13417, 38877, 16466, 1607, 35826, 27150, 45455, 4044, 32517, 40007, 15017, 522, 33193, 7703, 3828, 17293, 998, 38007, 43965, 38947, 35410, 46567, 24984, 16608, 8540, 46957, 25803, 12586, 27126, 14576, 46345, 19867, 44896, 36579, 31928, 17518, 11203, 29619, 219, 1175, 32087, 45069, 42350, 11071, 16519, 46844, 3850, 32311, 27681, 36625, 38039, 12314, 12588, 33891, 37300, 10196, 47058, 3716, 18507, 1535, 11244, 545, 18694, 10635, 1211, 38272, 9559, 34556, 17367, 13771, 7986, 40487, 16232, 17949, 45896, 15596, 11510, 27954, 9421, 43832, 3182, 5949, 1225, 6151, 43989, 46006, 17224, 22616, 7187, 47425, 41027, 12179, 32667, 8568, 6522, 42998, 8815, 7476, 12287, 7847, 13110)","(1, 1, 0, 1, 1, 0, 0, 1, 1, 0, 0, 1, 0, 0, 1, 1, 0, 1, 1, 0, 1, 0, 0, 1, 1, 1, 1, 1, 1, 1, 0, 0, 0, 0, 0, 1, 1, 0, 0, 0, 1, 0, 0, 1, 1, 1, 1, 0, 1, 1, 1, 1, 0, 1, 0, 1, 0, 0, 1, 1, 1, 1, 1, 0, 0, 1, 1, 1, 1, 0, 1, 1, 1, 0, 0, 0, 1, 1, 0, 1, 1, 0, 1, 1, 1, 0, 0, 1, 0, 0, 1, 1, 1, 0, 1, 0, 0, 0, 1, 1, 1, 1, 1, 0, 1, 0, 1, 0, 1, 1, 0, 0, 1, 1, 1, 1, 0, 0, 1, 0, 1, 0, 0, 1, 0, 0, 1, 0, 1, 0, 0, 0, 0, 0, 0, 1, 1, 1, 1, 1, 0, 0, 1, 1, 0, 1, 0, 1, 0, 1, 1, 1, 0, 0, 1, 1, 1, 1, 1, 1, 1, 1, 1, 1, 0, 1, 0, 0, 0, 1, 0, 0, 1, 1, 1, 0, 1, 1, 0, 1, 1, 1, 1, 0, 0, 1, 0, 1, 0, 0, 1, 1, 1, 1, 0, 1, 1, 1, 1, 1)"
62.315749,200,1528.583184,0,"(47894, 8288, 24117, 8982, 5930, 7816, 15101, 18919, 49794, 43145, 13022, 20890, 47778, 22035, 20899, 21473, 2199, 7474, 34757, 45779, 48902, 33864, 26752, 4262, 6592, 15048, 11814, 4355, 22605, 5834, 42301, 35065, 35794, 27966, 28954, 46119, 17775, 4485, 2810, 2112, 21775, 36554, 23036, 13798, 41291, 45665, 30190, 26752, 7709, 12913, 45347, 1317, 28571, 33389, 5152, 42552, 31265, 24394, 20817, 47478, 28251, 21854, 859, 25287, 46250, 34892, 9121, 3855, 3915, 39011, 4056, 17045, 23949, 49742, 21905, 49804, 39629, 7111, 47347, 30829, 45527, 8808, 45128, 16567, 20162, 13156, 28612, 34376, 1204, 5643, 10945, 37276, 12061, 14122, 16577, 26912, 35794, 32021, 39694, 41626, 42709, 46215, 10926, 47644, 21367, 42269, 35799, 39775, 5265, 23415, 25314, 25006, 46666, 24183, 17338, 5697, 49353, 35766, 34397, 1395, 43686, 6440, 45440, 13550, 37236, 43628, 19801, 6968, 8370, 32410, 23688, 14661, 12170, 43135, 2598, 23251, 49638, 13186, 13516, 4437, 32546, 15008, 42931, 10917, 3603, 41105, 9528, 44370, 45964, 49488, 34456, 8262, 43863, 3829, 46755, 42116, 31816, 33668, 17203, 32354, 8492, 44703, 17387, 11732, 39176, 4549, 26854, 7419, 10012, 21301, 44222, 40946, 46608, 37665, 27090, 43845, 19736, 25731, 7870, 17597, 43608, 14103, 3987, 21414, 9036, 10836, 6170, 21246, 18498, 11391, 27335, 2989, 5417, 8791, 13384, 39123, 10196, 26570, 37288, 9387)","(0, 1, 0, 1, 1, 1, 1, 1, 0, 1, 1, 1, 0, 1, 1, 1, 1, 1, 0, 1, 0, 1, 0, 1, 1, 1, 1, 1, 0, 1, 1, 0, 0, 1, 1, 0, 0, 1, 1, 1, 0, 0, 0, 0, 0, 0, 0, 0, 1, 1, 0, 1, 0, 0, 1, 0, 0, 1, 1, 0, 0, 0, 1, 1, 0, 0, 0, 1, 0, 1, 1, 1, 0, 0, 1, 0, 0, 0, 0, 0, 1, 0, 0, 1, 1, 0, 1, 0, 1, 1, 1, 1, 0, 1, 1, 0, 0, 0, 0, 0, 0, 0, 1, 0, 1, 0, 0, 0, 1, 0, 1, 1, 0, 0, 0, 1, 0, 1, 0, 1, 0, 1, 0, 1, 1, 0, 1, 1, 1, 1, 0, 1, 1, 1, 1, 0, 0, 1, 1, 1, 0, 0, 0, 1, 0, 0, 1, 0, 1, 0, 0, 1, 0, 1, 0, 0, 0, 0, 1, 1, 1, 0, 0, 1, 1, 1, 1, 1, 1, 1, 0, 1, 0, 1, 0, 0, 1, 1, 1, 1, 0, 0, 1, 1, 1, 1, 1, 1, 0, 1, 1, 1, 1, 1, 1, 0, 1, 0, 0, 1)"
58.827931,200,1531.271191,0,"(21760, 6449, 2079, 5586, 39026, 6639, 31185, 40896, 46364, 18803, 15217, 43666, 27853, 21454, 46127, 22615, 33132, 16596, 38681, 34326, 25456, 31243, 28251, 2579, 3632, 1526, 8950, 9774, 41942, 11050, 2348, 25242, 127, 29101, 44940, 36907, 46926, 40866, 7650, 11262, 16409, 32471, 12046, 40975, 48029, 26672, 11307, 23378, 27558, 46259, 45205, 1187, 1695, 31924, 27055, 33399, 10253, 14209, 17218, 21213, 46221, 42391, 28798, 23117, 2812, 19863, 34176, 42439, 32725, 15362, 18177, 9883, 26339, 46159, 45637, 38340, 47700, 4153, 20650, 33605, 3619, 23557, 44377, 8142, 26271, 21857, 43100, 41514, 38880, 36847, 19587, 48707, 22689, 13479, 10059, 28849, 32077, 9403, 3429, 15803, 45506, 39784, 24849, 9255, 29070, 48254, 10337, 7136, 12401, 6614, 34845, 25487, 18754, 38933, 39485, 21012, 21372, 713, 28117, 33694, 39982, 33399, 4502, 42132, 34478, 21559, 6806, 17889, 8933, 43028, 38764, 14247, 39062, 20390, 49449, 10080, 20795, 27359, 47303, 1205, 44064, 38131, 13607, 19706, 44889, 24598, 41019, 38667, 37026, 41776, 15203, 18657, 8493, 23352, 38193, 4552, 45635, 3510, 35654, 18415, 21916, 22619, 19523, 25887, 33604, 32178, 42719, 44345, 11951, 16816, 39960, 43960, 1779, 46598, 23621, 14435, 34348, 21468, 540, 7925, 47730, 29997, 11847, 40622, 13680, 47287, 23924, 12958, 37162, 19492, 42013, 6733, 45912, 34966, 14552, 22735, 20421, 43177, 27081, 29208)","(1, 0, 1, 1, 1, 1, 1, 0, 0, 1, 1, 0, 1, 0, 0, 0, 0, 1, 0, 0, 1, 1, 0, 1, 1, 1, 0, 1, 0, 1, 0, 1, 1, 1, 0, 0, 0, 1, 1, 0, 0, 0, 1, 1, 0, 0, 1, 0, 0, 0, 0, 1, 1, 0, 0, 0, 1, 1, 1, 1, 0, 0, 1, 0, 1, 0, 0, 0, 0, 1, 0, 1, 1, 1, 0, 1, 1, 1, 1, 0, 1, 1, 0, 1, 1, 1, 1, 1, 0, 1, 1, 0, 0, 1, 1, 1, 0, 1, 0, 1, 0, 0, 1, 0, 1, 0, 1, 1, 1, 1, 0, 1, 0, 1, 0, 1, 1, 1, 0, 1, 1, 0, 1, 0, 0, 0, 1, 1, 1, 0, 1, 1, 0, 1, 0, 1, 1, 1, 0, 1, 0, 0, 1, 1, 0, 0, 0, 0, 0, 1, 1, 1, 1, 0, 0, 1, 0, 1, 0, 1, 1, 0, 1, 1, 0, 1, 1, 0, 1, 1, 0, 0, 1, 0, 1, 0, 1, 1, 1, 0, 0, 0, 1, 1, 0, 0, 1, 1, 0, 1, 0, 1, 0, 0, 1, 0, 0, 0, 0, 1)"
55.045525,200,1534.161488,4,"(25671, 49879, 11425, 22972, 35275, 36544, 4590, 2529, 19742, 36742, 12544, 31643, 5918, 40899, 28799, 14844, 41647, 13914, 34453, 40906, 3091, 26461, 17849, 18371, 46696, 21027, 41642, 32412, 10156, 13785, 5730, 27996, 42154, 37902, 7120, 32215, 20388, 31304, 20541, 36748, 21065, 30185, 24456, 4359, 39326, 49664, 44976, 38919, 6798, 13202, 45933, 44613, 24354, 20280, 8108, 34972, 18736, 11485, 20146, 1372, 24645, 32522, 27918, 37482, 42524, 33967, 44603, 39952, 34526, 42193, 31282, 47093, 20790, 28360, 46483, 44606, 4519, 34140, 2197, 26110, 38804, 12010, 25599, 43899, 5589, 43902, 36657, 4098, 49039, 20492, 25167, 7169, 26536, 39905, 24435, 44829, 33660, 46432, 47185, 34662, 27159, 12210, 45657, 21082, 18701, 264, 12455, 29803, 10724, 11560, 3904, 28498, 34360, 38635, 44987, 17325, 15277, 14061, 18103, 36319, 7034, 14539, 28343, 34463, 5975, 12038, 995, 5443, 27662, 21978, 33449, 12552, 31738, 20302, 9832, 15027, 49881, 30446, 41355, 14561, 14724, 20184, 22632, 46518, 19846, 11295, 16666, 4534, 2437, 47868, 18786, 22383, 7106, 8025, 5472, 13488, 46663, 9006, 29286, 8434, 25090, 32227, 38704, 16361, 49299, 16627, 35467, 10965, 13273, 36118, 46560, 43676, 49473, 47748, 41657, 49292, 15073, 21563, 40190, 23525, 42819, 16193, 3528, 37403, 34564, 793, 5687, 24570, 17222, 24844, 24619, 46609, 9578, 16050, 19468, 22310, 49395, 41800, 26017, 48564)","(1, 0, 1, 0, 1, 1, 1, 1, 1, 0, 1, 1, 1, 0, 0, 1, 0, 1, 0, 0, 1, 1, 1, 1, 1, 0, 0, 0, 1, 0, 1, 1, 0, 1, 1, 1, 1, 1, 1, 0, 1, 0, 1, 1, 0, 0, 1, 0, 1, 1, 0, 0, 1, 1, 1, 0, 1, 1, 1, 1, 1, 0, 1, 1, 0, 1, 0, 1, 0, 0, 1, 0, 1, 0, 0, 0, 1, 0, 1, 1, 0, 1, 0, 0, 1, 0, 0, 1, 1, 1, 1, 1, 1, 1, 1, 0, 0, 0, 0, 0, 1, 1, 0, 1, 0, 1, 1, 0, 1, 1, 1, 1, 0, 1, 0, 1, 1, 0, 0, 1, 1, 1, 0, 0, 1, 1, 1, 1, 1, 1, 0, 1, 1, 1, 0, 0, 0, 0, 0, 0, 1, 0, 0, 0, 1, 0, 1, 1, 1, 0, 1, 0, 1, 1, 1, 0, 0, 1, 1, 1, 1, 0, 0, 1, 0, 1, 0, 1, 1, 1, 1, 1, 1, 0, 0, 0, 1, 0, 0, 1, 0, 1, 1, 1, 0, 1, 1, 1, 0, 1, 1, 1, 0, 1, 1, 0, 0, 1, 0, 0)"
54.400289,200,1545.183966,3,"(22275, 13156, 19140, 35422, 26998, 42723, 45765, 48734, 9747, 11666, 3135, 47926, 39190, 30224, 20303, 19510, 37307, 1869, 43942, 12380, 40990, 8244, 9799, 37056, 13919, 1695, 43505, 3531, 39090, 17456, 27315, 9182, 16612, 49923, 18669, 45119, 18615, 27504, 38885, 44438, 46748, 25714, 8504, 22779, 7573, 34802, 10625, 3158, 22989, 8078, 9341, 44987, 46018, 3701, 8159, 20543, 2984, 42144, 3581, 9173, 386, 14903, 34132, 21665, 34144, 6530, 46534, 46014, 43512, 36464, 35486, 27471, 30962, 14855, 32255, 16312, 4585, 26582, 34873, 47415, 33595, 22205, 31086, 8745, 45084, 3000, 42789, 46628, 35992, 22050, 7353, 26073, 39292, 15047, 45971, 27812, 21048, 35750, 16899, 6631, 6311, 49332, 614, 14043, 23851, 4996, 39759, 7070, 46817, 33819, 15235, 33178, 20853, 2497, 18509, 4538, 622, 8953, 3619, 8357, 8157, 46586, 6162, 9184, 27708, 8240, 14894, 44105, 8991, 34745, 30166, 19259, 2965, 6572, 36328, 10432, 16274, 25218, 19220, 32183, 36558, 5468, 9531, 1301, 12715, 22696, 48654, 29281, 16639, 27259, 40449, 12046, 40613, 35412, 11221, 39320, 36346, 23009, 15860, 42504, 19166, 14942, 24027, 6860, 1512, 45052, 13152, 48284, 17603, 24144, 48155, 28243, 2682, 3820, 9358, 35836, 30145, 7430, 37225, 15941, 42430, 26097, 18082, 20585, 30872, 20139, 13850, 10574, 43691, 48714, 3665, 19107, 16024, 35935, 1835, 28357, 24046, 34943, 43621, 46280)","(0, 0, 1, 1, 0, 0, 0, 0, 1, 1, 1, 0, 0, 0, 1, 1, 0, 1, 0, 1, 0, 1, 1, 1, 1, 1, 0, 1, 0, 1, 0, 1, 1, 1, 1, 0, 1, 0, 0, 0, 1, 1, 1, 0, 1, 0, 1, 0, 0, 0, 1, 0, 0, 1, 1, 1, 1, 0, 1, 1, 0, 1, 1, 0, 0, 1, 0, 1, 0, 1, 1, 0, 0, 1, 0, 1, 1, 0, 0, 0, 0, 1, 1, 1, 0, 1, 0, 1, 1, 1, 1, 0, 0, 0, 0, 1, 1, 1, 1, 1, 1, 0, 1, 1, 0, 1, 0, 0, 0, 0, 1, 0, 1, 0, 1, 1, 1, 1, 1, 1, 1, 1, 1, 1, 1, 1, 1, 0, 1, 1, 0, 1, 1, 1, 1, 1, 1, 1, 0, 0, 1, 0, 1, 1, 1, 0, 0, 1, 1, 1, 0, 1, 0, 1, 1, 0, 0, 0, 1, 0, 1, 0, 1, 1, 1, 0, 1, 0, 1, 0, 0, 0, 1, 1, 1, 1, 0, 1, 0, 1, 0, 1, 0, 0, 0, 0, 1, 1, 0, 0, 1, 1, 1, 1, 1, 0, 1, 0, 0, 0)"
66.040486,200,1547.86508,6,"(10551, 19342, 47155, 46535, 13727, 49212, 30868, 2190, 16677, 36722, 45265, 11629, 25030, 29341, 4932, 7061, 44455, 30497, 11597, 21617, 15773, 4614, 15337, 43757, 40860, 48797, 43145, 26034, 19840, 47512, 3088, 6212, 28162, 10203, 25735, 162, 47225, 29440, 22201, 31483, 47066, 19564, 13653, 29684, 45931, 34788, 36345, 39646, 40429, 8408, 10269, 15074, 11101, 21887, 7456, 17379, 29504, 89, 5659, 24849, 22614, 23998, 21283, 32292, 185, 49387, 29009, 9855, 13758, 34425, 1768, 37141, 6165, 13923, 25135, 49793, 19209, 7126, 37273, 15178, 24021, 50026, 29061, 37960, 22827, 28228, 25822, 26449, 9486, 28698, 43421, 25902, 12080, 9577, 3740, 24522, 43639, 2201, 43402, 31596, 19565, 36270, 15009, 21197, 14027, 25255, 36022, 239, 33827, 10349, 14699, 35613, 2756, 38591, 3554, 98, 16479, 43396, 29501, 140, 2627, 24187, 43727, 44138, 29605, 29176, 14625, 10572, 32234, 34366, 39970, 13025, 36560, 22579, 20357, 33143, 13182, 15353, 5326, 22119, 35675, 19087, 7027, 1560, 1852, 41827, 35859, 6746, 36426, 6306, 29939, 20143, 18479, 49823, 32792, 1919, 23083, 12223, 18626, 26613, 434, 47392, 12650, 47559, 18539, 31810, 30665, 38653, 8089, 30570, 11951, 2838, 13402, 42043, 42654, 477, 40442, 520, 14212, 41209, 30988, 36176, 31350, 38960, 16296, 12044, 29471, 30016, 5997, 22379, 18962, 20821, 37440, 18007, 8482, 32406, 6131, 40923, 12878, 39138)","(1, 1, 0, 0, 0, 0, 0, 1, 1, 0, 0, 1, 1, 1, 1, 1, 0, 0, 1, 1, 1, 1, 1, 0, 1, 1, 1, 1, 1, 0, 1, 0, 1, 1, 0, 1, 0, 0, 1, 1, 1, 1, 1, 0, 0, 0, 1, 0, 0, 1, 1, 1, 1, 0, 1, 1, 0, 1, 1, 1, 0, 0, 1, 1, 1, 0, 0, 1, 0, 0, 1, 1, 1, 0, 1, 1, 1, 0, 0, 1, 1, 0, 1, 0, 0, 0, 0, 0, 1, 1, 0, 0, 1, 1, 1, 1, 0, 1, 0, 0, 0, 1, 1, 1, 1, 0, 0, 1, 1, 1, 1, 1, 1, 0, 1, 1, 1, 0, 1, 1, 1, 1, 0, 0, 1, 1, 1, 1, 0, 0, 0, 1, 0, 0, 1, 0, 1, 1, 1, 1, 1, 0, 1, 1, 1, 0, 0, 1, 1, 0, 0, 1, 0, 1, 0, 1, 0, 1, 1, 1, 1, 1, 1, 0, 0, 0, 0, 0, 1, 0, 1, 1, 1, 1, 0, 1, 0, 1, 1, 0, 1, 1, 0, 0, 1, 1, 1, 0, 1, 0, 1, 1, 0, 1, 1, 1, 1, 0, 0, 1)"
52.954459,200,1550.268268,6,"(17611, 24965, 25027, 25647, 38575, 8817, 19203, 31612, 22514, 4363, 22873, 36214, 31291, 13442, 28513, 32295, 21572, 2215, 43234, 25861, 19199, 945, 36919, 31975, 19396, 34372, 46782, 7528, 2776, 46901, 90, 42153, 10159, 7051, 2612, 39146, 22971, 28876, 47386, 11789, 19531, 46316, 8773, 7106, 10744, 725, 16907, 49518, 113, 11369, 11191, 21719, 24278, 45528, 44312, 49692, 20938, 49733, 46766, 31249, 2478, 42064, 45879, 31518, 33020, 25955, 23405, 4130, 34387, 39467, 14433, 25404, 2457, 45222, 32836, 2080, 25012, 1786, 46952, 3726, 37689, 37056, 39959, 12848, 21997, 30133, 4647, 38203, 44671, 483, 20097, 36773, 48509, 20054, 7179, 33122, 37720, 40771, 5920, 46045, 17677, 21891, 24985, 1226, 22611, 5355, 6013, 11082, 32281, 5727, 1789, 20593, 48914, 7510, 38762, 17660, 35089, 42944, 44912, 47039, 47356, 22451, 37741, 31911, 2267, 22632, 26074, 40687, 27508, 17096, 30045, 33385, 32467, 46888, 5879, 47243, 44161, 28726, 3939, 37855, 14456, 38636, 14096, 34866, 38878, 5177, 15862, 41075, 47042, 20994, 31488, 44379, 31073, 20905, 12065, 9229, 29049, 7374, 41207, 35766, 20624, 36, 49992, 17993, 1635, 3008, 40153, 21297, 30385, 47457, 40403, 9100, 3310, 44582, 2444, 8069, 35757, 32151, 8754, 34075, 35335, 30534, 2944, 42086, 39846, 11866, 13714, 2574, 41202, 8245, 2997, 5075, 12244, 18052, 11265, 25525, 10419, 686, 12075, 38037)","(1, 1, 0, 0, 0, 1, 1, 1, 0, 1, 0, 1, 1, 1, 1, 0, 1, 1, 0, 1, 1, 1, 1, 0, 1, 0, 1, 1, 1, 0, 1, 1, 1, 1, 1, 0, 0, 1, 1, 1, 1, 0, 1, 1, 1, 1, 1, 1, 1, 0, 1, 1, 1, 0, 0, 0, 1, 1, 0, 1, 1, 0, 0, 1, 1, 0, 1, 1, 1, 1, 1, 1, 0, 0, 1, 1, 1, 1, 0, 1, 0, 1, 0, 1, 1, 0, 1, 0, 0, 1, 1, 0, 0, 1, 1, 1, 0, 0, 1, 0, 0, 0, 1, 1, 0, 1, 1, 1, 1, 1, 1, 1, 1, 1, 1, 0, 0, 0, 0, 0, 0, 0, 1, 1, 0, 0, 0, 0, 0, 1, 0, 1, 1, 0, 1, 0, 0, 1, 0, 1, 1, 1, 1, 0, 0, 1, 1, 0, 1, 1, 1, 0, 0, 1, 0, 1, 1, 1, 0, 1, 0, 1, 0, 1, 1, 1, 0, 1, 0, 0, 0, 1, 1, 0, 1, 1, 0, 1, 1, 0, 1, 0, 1, 0, 0, 1, 0, 1, 0, 1, 1, 1, 1, 1, 0, 1, 1, 1, 1, 0)"
89.227606,200,1553.139361,1,"(44549, 37766, 6527, 20909, 1552, 33280, 19386, 15071, 22105, 23907, 41339, 35433, 1999, 8779, 7895, 16732, 11900, 46069, 28690, 6739, 26516, 23331, 29630, 40549, 47627, 36489, 16248, 3123, 29341, 37440, 1208, 33205, 30140, 36588, 37396, 15317, 4962, 44162, 39088, 48085, 16308, 42062, 38899, 21335, 6004, 37876, 32146, 30115, 24675, 20441, 112, 22222, 6324, 29592, 6816, 4278, 14376, 28757, 48769, 19575, 5329, 1169, 2869, 34760, 48913, 25736, 16059, 7760, 23370, 46184, 24495, 8586, 27101, 14424, 42082, 20968, 9612, 12142, 35530, 32884, 10468, 27244, 6138, 30500, 26777, 25624, 6617, 6748, 39884, 32274, 37165, 43559, 36513, 26032, 45625, 12761, 27337, 41410, 14164, 47531, 31960, 44314, 40663, 22090, 27864, 15862, 976, 35268, 4348, 39952, 48463, 46163, 48791, 20527, 1183, 8488, 39487, 1227, 43911, 35222, 15042, 41256, 3080, 14383, 33787, 31760, 9007, 12241, 6379, 16294, 40486, 6504, 13640, 44989, 31233, 33375, 11636, 22860, 8532, 22628, 37422, 49244, 29637, 7539, 48636, 40177, 31189, 12051, 28516, 4630, 49545, 18128, 18478, 23945, 46339, 2202, 6405, 41863, 1577, 24383, 19035, 23727, 14241, 16285, 39499, 6975, 9676, 29412, 35426, 17065, 12554, 35950, 6156, 19307, 26776, 24758, 32832, 39165, 11368, 12326, 26032, 31681, 3325, 39003, 28145, 23515, 26976, 3899, 4691, 46778, 16714, 41567, 10398, 8388, 11357, 27598, 43684, 44643, 21248, 46629)","(1, 1, 1, 1, 1, 0, 1, 1, 1, 1, 0, 0, 1, 1, 1, 1, 1, 0, 1, 1, 1, 1, 1, 0, 1, 1, 1, 1, 1, 0, 1, 1, 0, 0, 1, 1, 1, 0, 1, 1, 1, 1, 0, 1, 1, 0, 0, 1, 1, 1, 1, 1, 1, 0, 1, 1, 1, 1, 1, 1, 1, 1, 1, 0, 0, 0, 0, 1, 1, 1, 1, 1, 1, 0, 1, 1, 1, 0, 0, 1, 1, 0, 1, 0, 0, 1, 1, 1, 0, 1, 1, 0, 0, 1, 1, 0, 0, 0, 1, 1, 1, 0, 0, 1, 1, 1, 1, 0, 1, 1, 0, 0, 0, 1, 1, 1, 1, 1, 0, 1, 1, 0, 1, 1, 0, 0, 1, 1, 1, 1, 0, 1, 1, 0, 1, 1, 1, 0, 1, 0, 1, 0, 0, 1, 1, 0, 0, 1, 0, 1, 1, 1, 1, 0, 1, 1, 1, 1, 1, 1, 0, 1, 1, 1, 0, 1, 1, 0, 1, 1, 1, 1, 1, 1, 0, 0, 1, 0, 1, 1, 0, 1, 1, 1, 0, 1, 0, 0, 0, 0, 1, 0, 1, 1, 0, 0, 0, 1, 1, 0)"
51.222244,200,1555.920446,0,"(32503, 48330, 15426, 4036, 38471, 25962, 21573, 35744, 14683, 35159, 1945, 3623, 18880, 25398, 23586, 25687, 10646, 41021, 31387, 4046, 35077, 40120, 36080, 4108, 13253, 7441, 28837, 30708, 18064, 27369, 9891, 30743, 37119, 17434, 34585, 17184, 45047, 4886, 19170, 21963, 20885, 16194, 49314, 1536, 17592, 29898, 44548, 7977, 9756, 11154, 6120, 24041, 38984, 4873, 16323, 42090, 31530, 17534, 11919, 5221, 35630, 6063, 2448, 12805, 8595, 40954, 30792, 43720, 49051, 30999, 45831, 42586, 45820, 6582, 44644, 40260, 22494, 34004, 1163, 22091, 13422, 25751, 39047, 37161, 4377, 48646, 23589, 11788, 49393, 14789, 13999, 48869, 11321, 43973, 13528, 28972, 48950, 25307, 12165, 41817, 34771, 10807, 21996, 37378, 27887, 7485, 38787, 4949, 3899, 17508, 44015, 19396, 31107, 10800, 10454, 9307, 20545, 4988, 45631, 1135, 43963, 289, 38484, 21688, 27899, 13116, 16512, 3341, 35019, 1490, 38404, 7760, 14633, 25143, 35671, 16217, 39523, 49810, 9411, 4101, 45331, 29136, 8150, 24830, 23791, 27915, 33607, 39042, 23370, 9240, 9023, 39367, 24928, 14661, 13607, 49917, 41148, 6740, 32195, 33736, 1017, 29058, 40694, 4660, 39710, 27157, 27651, 43575, 17327, 25151, 5517, 24579, 26300, 49264, 25876, 11600, 39378, 23158, 32220, 48529, 40667, 22198, 37881, 19649, 5153, 23754, 40185, 45, 2819, 8609, 45731, 33579, 3838, 29519, 4429, 8110, 7406, 1306, 10009, 10159)","(0, 0, 1, 1, 0, 1, 1, 1, 1, 0, 1, 1, 1, 1, 1, 0, 1, 0, 0, 1, 0, 0, 0, 1, 1, 1, 0, 0, 1, 1, 0, 0, 1, 1, 0, 0, 0, 1, 1, 1, 1, 1, 0, 1, 0, 0, 0, 0, 1, 1, 1, 0, 0, 1, 1, 0, 1, 0, 1, 0, 0, 1, 0, 1, 1, 1, 0, 1, 0, 1, 0, 0, 0, 1, 0, 0, 0, 0, 1, 1, 1, 0, 0, 0, 1, 0, 1, 0, 0, 0, 1, 0, 1, 0, 0, 1, 1, 1, 1, 0, 0, 1, 1, 1, 1, 1, 0, 1, 0, 1, 0, 1, 0, 1, 0, 1, 1, 0, 0, 0, 0, 1, 0, 1, 0, 1, 0, 1, 0, 1, 0, 1, 1, 1, 0, 1, 0, 0, 1, 1, 0, 1, 0, 0, 1, 1, 1, 0, 1, 0, 1, 0, 1, 1, 1, 0, 0, 1, 0, 0, 1, 0, 0, 1, 0, 0, 0, 0, 1, 0, 1, 1, 1, 0, 0, 1, 0, 0, 1, 1, 0, 1, 0, 1, 1, 1, 0, 1, 1, 1, 0, 1, 1, 1, 1, 1, 0, 1, 1, 1)"
14.66843,200,1558.648726,8,"(9051, 23339, 2843, 12406, 18076, 43775, 16774, 33697, 7832, 40297, 28467, 16032, 35601, 5389, 4318, 22590, 27025, 11368, 40194, 35227, 11805, 26334, 12329, 14306, 13856, 15835, 44915, 3122, 36367, 49324, 4027, 18117, 40879, 9939, 41474, 8369, 42193, 3864, 40537, 4665, 7248, 6679, 5441, 45287, 15926, 34894, 4193, 29518, 25247, 45818, 37155, 10363, 11841, 4624, 16598, 33268, 5644, 9969, 4637, 44840, 29103, 43538, 19010, 15181, 35145, 21703, 6196, 33738, 13309, 13143, 32571, 37961, 17587, 49172, 41214, 35010, 38418, 42491, 3150, 4631, 31187, 13828, 1741, 17604, 14681, 26135, 29685, 45475, 21065, 20017, 21227, 42787, 39121, 35335, 22670, 29519, 47983, 18680, 24281, 26284, 13353, 11284, 47566, 10266, 4910, 19094, 6480, 12450, 33093, 6836, 40120, 21811, 40253, 25111, 1396, 45489, 36059, 23546, 38811, 9192, 26266, 17974, 2682, 46122, 47054, 23920, 28772, 17272, 30719, 36241, 15100, 46624, 6041, 27568, 28387, 3670, 26597, 1485, 3392, 44729, 16136, 5886, 35033, 19320, 5623, 29698, 22719, 4323, 37039, 34836, 15579, 14446, 37328, 4453, 48885, 1924, 25997, 11255, 12036, 48209, 13548, 23883, 42055, 19519, 18384, 11516, 1941, 39566, 7867, 36289, 33582, 15653, 22405, 40298, 11898, 1763, 29851, 4493, 19404, 36216, 38825, 251, 18238, 49796, 41129, 41516, 18345, 32408, 2237, 1746, 35169, 1633, 44969, 25034, 30755, 40954, 33893, 48363, 12755, 40926)","(1, 1, 1, 1, 0, 0, 1, 0, 0, 0, 0, 1, 0, 1, 1, 0, 0, 1, 0, 0, 1, 0, 1, 1, 0, 1, 0, 1, 0, 0, 1, 0, 0, 1, 0, 1, 0, 1, 0, 1, 1, 1, 1, 0, 1, 0, 1, 0, 1, 0, 0, 1, 0, 1, 0, 0, 1, 1, 1, 0, 0, 0, 1, 1, 0, 1, 1, 0, 1, 1, 0, 0, 0, 0, 0, 0, 0, 0, 1, 1, 0, 0, 1, 0, 1, 1, 0, 0, 1, 1, 1, 0, 0, 0, 0, 0, 0, 0, 0, 0, 1, 0, 0, 1, 0, 1, 0, 1, 0, 1, 0, 1, 0, 1, 1, 0, 0, 1, 0, 1, 0, 0, 1, 0, 0, 1, 1, 0, 0, 0, 1, 0, 1, 0, 0, 1, 0, 1, 1, 0, 1, 1, 0, 1, 1, 0, 0, 1, 0, 0, 1, 1, 0, 1, 0, 1, 0, 1, 1, 0, 1, 1, 0, 1, 0, 1, 1, 0, 1, 0, 0, 1, 0, 0, 1, 1, 0, 1, 1, 0, 0, 1, 0, 0, 0, 0, 0, 0, 0, 1, 0, 1, 0, 1, 0, 0, 0, 0, 1, 0)"
11.06034,200,1561.687338,8,"(9606, 48409, 2074, 28085, 42825, 35298, 37058, 31978, 11132, 32980, 39668, 35968, 44923, 26574, 34144, 738, 28284, 24071, 21988, 16649, 14738, 36260, 49566, 30249, 2103, 25964, 9667, 48064, 10504, 22700, 28708, 39637, 40321, 24065, 15586, 17406, 49875, 5523, 7334, 7292, 21429, 10641, 21086, 14943, 20280, 25127, 30775, 38481, 10946, 32289, 14469, 10711, 20989, 21385, 7096, 38551, 848, 12346, 42099, 26170, 15488, 32126, 27288, 37510, 23297, 36301, 14884, 264, 31429, 17280, 47260, 22228, 25295, 3569, 14826, 13904, 24109, 17550, 10754, 48448, 31570, 35890, 892, 27901, 23085, 20146, 7210, 46875, 8478, 24899, 31337, 2417, 29164, 24310, 45201, 41460, 42390, 45418, 19407, 5390, 38050, 36592, 48706, 19014, 30558, 41858, 13607, 6946, 32846, 12506, 14588, 13393, 9285, 16307, 48923, 44820, 30431, 46037, 19165, 32039, 23079, 35263, 28023, 3847, 25721, 19419, 28448, 32149, 13434, 23575, 4398, 40163, 44155, 15777, 24996, 26131, 3019, 46639, 10197, 23646, 29153, 23173, 44831, 854, 21214, 5879, 25909, 11908, 20380, 13691, 48043, 25341, 287, 34985, 9257, 2879, 22433, 35995, 49192, 38326, 35113, 1813, 39701, 7049, 28644, 13315, 45564, 21221, 6940, 29429, 22193, 31831, 16481, 5976, 39396, 46521, 3065, 14070, 10895, 23426, 42111, 23278, 20348, 13900, 33809, 5616, 36157, 4235, 4890, 28236, 24147, 33673, 7297, 3574, 18075, 42735, 28160, 48896, 24317, 28015)","(0, 0, 1, 0, 0, 0, 0, 0, 1, 0, 0, 0, 0, 0, 0, 1, 0, 1, 1, 0, 1, 0, 0, 0, 1, 0, 1, 0, 1, 0, 1, 0, 0, 0, 1, 0, 0, 1, 1, 1, 0, 1, 0, 0, 1, 1, 0, 0, 1, 0, 1, 1, 0, 0, 1, 0, 1, 1, 0, 1, 1, 0, 1, 0, 1, 0, 0, 1, 1, 0, 0, 0, 1, 1, 1, 1, 0, 0, 1, 0, 0, 0, 1, 0, 0, 1, 1, 0, 1, 0, 1, 0, 0, 1, 0, 0, 0, 0, 1, 1, 0, 0, 0, 0, 0, 0, 1, 1, 0, 1, 0, 1, 1, 0, 0, 0, 0, 0, 1, 0, 0, 0, 0, 1, 1, 1, 0, 0, 1, 0, 1, 0, 0, 0, 1, 0, 1, 0, 1, 1, 1, 0, 0, 1, 1, 1, 1, 1, 0, 0, 0, 0, 1, 0, 1, 1, 0, 0, 0, 0, 0, 1, 0, 1, 1, 1, 0, 1, 1, 0, 1, 0, 1, 1, 0, 0, 0, 1, 1, 1, 0, 1, 0, 1, 0, 1, 0, 1, 1, 0, 0, 0, 1, 1, 0, 0, 0, 0, 0, 1)"
15.449,200,1564.480181,8,"(29020, 17773, 15552, 48372, 1695, 45225, 25448, 28791, 5279, 12055, 42082, 49161, 43983, 47432, 41430, 41031, 15204, 37144, 41989, 28415, 48062, 20452, 22236, 41822, 31176, 21620, 13216, 18578, 15576, 25249, 44973, 46691, 44098, 46319, 45150, 5862, 44264, 49500, 8013, 32634, 36803, 15434, 33918, 4367, 43958, 21305, 10331, 32325, 17392, 32206, 3649, 26539, 42625, 3645, 17370, 40687, 5271, 9731, 43952, 22011, 26370, 37352, 31225, 5314, 21058, 6148, 40194, 35473, 16518, 18949, 21798, 39118, 2177, 36231, 15964, 47856, 48835, 16478, 23233, 32239, 2374, 46662, 41169, 7876, 14635, 7931, 34265, 44047, 25479, 17668, 10768, 47467, 41761, 48953, 39121, 41551, 40855, 16301, 34151, 10979, 34771, 4939, 6478, 47176, 48163, 32284, 2417, 23329, 30077, 47268, 956, 14884, 44437, 6061, 9777, 7620, 16967, 42936, 25550, 25801, 23649, 16537, 13136, 48727, 40240, 33428, 410, 47609, 3405, 25581, 24050, 28138, 25693, 18729, 40258, 10382, 24588, 13562, 21810, 17132, 19257, 21791, 13126, 27979, 26242, 10059, 46755, 111, 14223, 10532, 26717, 46965, 28713, 16038, 39062, 39600, 13322, 35339, 10180, 27022, 2403, 18581, 49189, 29171, 25960, 7391, 40887, 49473, 29904, 31313, 17296, 10562, 18858, 30990, 26184, 47995, 31458, 12263, 22328, 33778, 5703, 10937, 25006, 24927, 25630, 6403, 41490, 48970, 19282, 44011, 6319, 7892, 14613, 15016, 12237, 37220, 13790, 12743, 28582, 48993)","(1, 0, 1, 0, 1, 0, 0, 1, 1, 1, 0, 0, 0, 0, 0, 0, 1, 0, 0, 0, 0, 1, 0, 0, 0, 1, 1, 0, 1, 1, 0, 0, 0, 0, 0, 1, 0, 0, 1, 0, 0, 1, 0, 1, 0, 0, 1, 0, 0, 0, 0, 1, 0, 1, 0, 0, 1, 1, 0, 1, 0, 0, 1, 1, 1, 1, 0, 0, 1, 1, 1, 0, 1, 0, 1, 0, 0, 0, 0, 0, 0, 0, 0, 1, 0, 1, 0, 0, 0, 0, 0, 0, 0, 0, 0, 0, 0, 1, 0, 1, 0, 1, 1, 0, 0, 0, 0, 0, 0, 0, 1, 0, 0, 0, 1, 1, 1, 0, 0, 0, 1, 1, 1, 0, 0, 0, 1, 0, 1, 1, 1, 1, 0, 0, 0, 0, 1, 1, 1, 0, 1, 1, 1, 1, 1, 1, 0, 1, 1, 0, 0, 0, 1, 1, 0, 0, 1, 0, 1, 0, 0, 0, 0, 0, 0, 1, 0, 0, 0, 1, 0, 1, 0, 0, 1, 0, 0, 1, 0, 0, 1, 0, 1, 1, 1, 1, 0, 0, 1, 0, 1, 1, 1, 1, 1, 0, 0, 1, 1, 0)"
97.842172,200,1567.05801,1,"(47087, 47665, 30400, 35496, 31027, 506, 38764, 9600, 1449, 10684, 7150, 34619, 25151, 15813, 35543, 43550, 35560, 4128, 10084, 30501, 26193, 12183, 12579, 8203, 9099, 42808, 10436, 28297, 10301, 4057, 2035, 39226, 30432, 37167, 13015, 24605, 18583, 26378, 23011, 43687, 14169, 41249, 16277, 6047, 31726, 31631, 31265, 31494, 5394, 34941, 10140, 39522, 23225, 37727, 6797, 29019, 4131, 16744, 24569, 2954, 4342, 35747, 24747, 27875, 17728, 42940, 27123, 17575, 330, 47645, 10940, 1071, 15607, 35790, 13158, 10328, 33521, 14218, 10319, 25308, 39212, 13464, 28700, 12569, 2777, 3122, 34966, 17353, 2042, 18403, 28511, 8568, 34161, 985, 23079, 2744, 4564, 37757, 8020, 9862, 34195, 10484, 27450, 23644, 34238, 15808, 23920, 14102, 4226, 16438, 3608, 2765, 18000, 44633, 34564, 664, 13755, 19317, 37019, 14523, 41210, 35375, 16489, 24123, 38070, 38830, 48084, 14195, 29728, 14632, 5258, 5763, 37930, 39112, 43565, 4870, 19605, 8815, 43008, 5538, 25, 37809, 21496, 7158, 35516, 14868, 10964, 14856, 13014, 2998, 30249, 24798, 17585, 30724, 13215, 7866, 24628, 19500, 14476, 8878, 19427, 45131, 29913, 16698, 37564, 4945, 19795, 25418, 18824, 3777, 39733, 39235, 45300, 25001, 38889, 16704, 45149, 13816, 46285, 49010, 14398, 11673, 6035, 23491, 32272, 26733, 18161, 48670, 20449, 34684, 6278, 40306, 20737, 24212, 23656, 29165, 25321, 6117, 2025, 7950)","(0, 1, 0, 0, 1, 1, 1, 1, 1, 1, 0, 0, 1, 1, 0, 1, 0, 1, 1, 0, 1, 1, 1, 1, 1, 0, 1, 0, 1, 1, 1, 0, 0, 1, 1, 1, 1, 1, 0, 1, 1, 1, 1, 1, 1, 0, 0, 1, 1, 1, 1, 0, 0, 1, 1, 1, 1, 1, 1, 1, 1, 1, 1, 1, 1, 0, 1, 1, 1, 1, 1, 1, 0, 1, 1, 1, 0, 1, 1, 1, 1, 1, 1, 1, 0, 1, 0, 0, 1, 1, 1, 1, 0, 1, 0, 1, 1, 1, 1, 1, 0, 1, 0, 1, 0, 1, 1, 1, 1, 1, 1, 1, 1, 0, 0, 1, 0, 1, 0, 1, 1, 1, 1, 0, 1, 1, 0, 1, 0, 1, 1, 1, 0, 1, 0, 1, 1, 1, 1, 1, 1, 0, 0, 1, 1, 1, 1, 1, 1, 1, 0, 1, 1, 0, 1, 1, 0, 1, 1, 1, 0, 0, 0, 1, 1, 1, 1, 0, 1, 1, 1, 0, 0, 1, 0, 1, 0, 1, 1, 0, 0, 1, 1, 1, 0, 0, 1, 1, 0, 0, 1, 0, 1, 0, 1, 1, 0, 1, 1, 1)"
53.476013,200,1569.596068,3,"(7557, 8960, 10332, 18900, 32864, 10441, 13756, 7417, 48401, 13603, 1154, 12251, 1886, 46022, 6646, 35110, 4707, 6618, 14660, 17100, 23975, 43453, 15724, 22316, 31201, 48898, 767, 1827, 2442, 15402, 47712, 7203, 22484, 8096, 18822, 19860, 11468, 17114, 27453, 25040, 47354, 1846, 23521, 13386, 29960, 8056, 7821, 6546, 1644, 42114, 49149, 28662, 34530, 46648, 18852, 42682, 40166, 22379, 14200, 40840, 33355, 24583, 22242, 2700, 13638, 2071, 10200, 9909, 30870, 32683, 15914, 25706, 42481, 3846, 34609, 49405, 20345, 39338, 30959, 31347, 10571, 23037, 16580, 218, 6555, 14547, 45430, 30732, 29340, 4683, 24261, 27150, 16610, 41103, 35321, 7841, 37288, 35411, 37863, 797, 44551, 31588, 49346, 27244, 49615, 4287, 4827, 6988, 10199, 27524, 7934, 28306, 8338, 38277, 31928, 19792, 45493, 21988, 16145, 29424, 31792, 39185, 24350, 20116, 15680, 21794, 3208, 6970, 35961, 19793, 6532, 27844, 30631, 30596, 36183, 44339, 46050, 27314, 33705, 1573, 35708, 4579, 23942, 40505, 5501, 13896, 822, 41675, 43399, 40682, 1512, 18257, 36756, 43972, 8591, 49165, 8033, 43477, 323, 3212, 49098, 19665, 43872, 21970, 24166, 663, 11349, 48393, 48414, 39420, 44731, 4802, 29066, 40799, 19957, 34197, 7565, 35752, 16842, 30976, 7468, 47349, 17516, 36761, 49438, 49913, 12756, 14893, 39598, 45496, 26374, 3221, 33698, 30956, 5929, 11701, 40252, 5368, 35391, 30563)","(1, 1, 1, 1, 0, 1, 0, 1, 0, 1, 1, 1, 1, 0, 1, 0, 1, 1, 1, 1, 1, 0, 0, 0, 0, 1, 1, 1, 1, 1, 0, 1, 0, 1, 1, 1, 1, 1, 0, 0, 0, 1, 1, 1, 0, 1, 1, 1, 1, 0, 1, 1, 1, 0, 0, 0, 0, 0, 1, 1, 0, 0, 0, 1, 1, 1, 1, 1, 0, 1, 0, 1, 0, 1, 0, 0, 1, 0, 0, 1, 1, 0, 1, 1, 1, 1, 0, 0, 0, 0, 1, 1, 1, 0, 0, 1, 0, 1, 0, 1, 0, 0, 1, 0, 0, 1, 0, 0, 1, 0, 1, 0, 1, 1, 0, 1, 0, 1, 1, 0, 1, 0, 0, 1, 1, 1, 1, 1, 1, 1, 1, 1, 0, 0, 1, 0, 0, 1, 0, 1, 0, 1, 1, 0, 1, 1, 0, 0, 0, 0, 1, 1, 0, 0, 1, 0, 0, 0, 1, 1, 1, 1, 0, 0, 1, 1, 1, 0, 1, 1, 0, 1, 1, 0, 1, 0, 1, 1, 1, 0, 1, 0, 1, 0, 1, 0, 1, 0, 0, 0, 1, 1, 0, 0, 1, 1, 0, 1, 0, 0)"
